# Blender 4.4.0
# www.blender.org
#mtllib sentence01.000019.mtl
#o sentence01.000019
v 0.052092 -0.029445 -0.021321
v 0.055328 -0.027838 -0.020065
v 0.056136 -0.027406 -0.021610
v 0.052917 -0.029095 -0.022327
v 0.065930 -0.035030 -0.021233
v 0.067191 -0.030988 -0.024807
v 0.066689 -0.030210 -0.027468
v 0.066427 -0.032788 -0.027530
v 0.022134 -0.085474 0.016216
v 0.008644 -0.090824 0.014794
v 0.007601 -0.085378 0.024765
v 0.019131 -0.076972 0.028825
v 0.032619 -0.053955 0.050847
v 0.028056 -0.060689 0.042943
v 0.028423 -0.061660 0.055716
v 0.035484 -0.053030 0.058966
v 0.021507 0.052761 -0.077703
v 0.029134 0.047655 -0.076623
v 0.028381 0.052300 -0.070943
v -0.071308 -0.040322 -0.026542
v -0.075020 -0.039162 -0.025553
v -0.075626 -0.038929 -0.026997
v -0.071838 -0.040156 -0.027591
v -0.082323 -0.048695 -0.026618
v -0.083628 -0.044611 -0.030182
v -0.083029 -0.043663 -0.032499
v -0.082394 -0.046377 -0.032560
v 0.021389 0.056615 -0.072018
v 0.084093 -0.042242 -0.042235
v 0.084500 -0.043555 -0.039616
v 0.085182 -0.042025 -0.037663
v 0.084625 -0.040486 -0.039879
v 0.079876 -0.043461 -0.025173
v 0.079863 -0.043956 -0.032460
v 0.081453 -0.044187 -0.034903
v 0.081897 -0.043808 -0.032524
v 0.080494 -0.039850 -0.014839
v 0.079140 -0.039800 -0.015569
v 0.080649 -0.041915 -0.019902
v 0.082542 -0.042278 -0.019345
v 0.063193 -0.014139 0.006320
v 0.066641 -0.017015 0.002800
v 0.066857 -0.018093 0.006236
v 0.061775 -0.016349 0.007801
v 0.058362 -0.017822 0.005153
v 0.063453 -0.022090 0.005498
v 0.063061 -0.023643 0.001228
v 0.058866 -0.020598 0.001198
v 0.078564 -0.030035 -0.051762
v 0.079580 -0.028724 -0.048302
v 0.078355 -0.026430 -0.047418
v 0.076953 -0.027826 -0.050766
v 0.062280 -0.040027 -0.022215
v 0.060316 -0.038295 -0.016258
v 0.066292 -0.040482 -0.020742
v 0.066839 -0.041096 -0.023194
v 0.077390 -0.035548 -0.042665
v 0.078132 -0.038483 -0.043100
v 0.078681 -0.039918 -0.040884
v 0.077321 -0.037783 -0.039757
v 0.080796 -0.043257 -0.044112
v 0.081253 -0.044638 -0.041181
v 0.061313 -0.015216 -0.004326
v 0.060573 -0.014864 -0.007942
v 0.060922 -0.016407 -0.009222
v 0.061223 -0.017711 -0.008052
v 0.064995 -0.032627 -0.021204
v 0.066781 -0.029927 -0.025931
v 0.076506 -0.034112 -0.004134
v 0.076307 -0.033166 -0.006291
v 0.078873 -0.036503 -0.010406
v 0.078910 -0.037846 -0.008949
v 0.073848 -0.030815 -0.008544
v 0.076169 -0.034192 -0.011445
v 0.076942 -0.036430 -0.012201
v 0.076192 -0.034184 -0.009976
v 0.080209 -0.036479 -0.044849
v 0.078784 -0.031498 -0.047251
v 0.080313 -0.030320 -0.045959
v 0.081930 -0.034549 -0.043679
v 0.069297 -0.040672 -0.034179
v 0.067728 -0.038926 -0.038963
v 0.066576 -0.039098 -0.038420
v 0.067649 -0.040674 -0.034333
v 0.080473 -0.041267 -0.041951
v 0.080879 -0.042686 -0.039677
v 0.079020 -0.041567 -0.038479
v 0.068237 -0.025225 -0.040803
v 0.069880 -0.027078 -0.041862
v 0.070018 -0.028021 -0.040315
v 0.069777 -0.027280 -0.039178
v 0.066763 -0.021807 0.006687
v 0.058846 -0.031857 -0.008376
v 0.060556 -0.033499 -0.008733
v 0.063378 -0.036187 -0.012573
v 0.061705 -0.036600 -0.013781
v 0.057763 -0.012234 0.003353
v 0.061221 -0.012242 0.003637
v 0.061996 -0.013490 0.004950
v 0.058853 -0.013177 0.006333
v 0.070998 -0.027049 -0.044976
v 0.073059 -0.028681 -0.044078
v 0.071221 -0.028380 -0.043482
v 0.069908 -0.027107 -0.044053
v 0.078124 -0.042438 -0.030743
v 0.077585 -0.039812 -0.037068
v 0.077966 -0.036226 -0.021752
v 0.077747 -0.039729 -0.022092
v 0.078194 -0.037563 -0.017938
v -0.031083 -0.086887 0.013491
v -0.016941 -0.091615 0.012988
v -0.017251 -0.086136 0.022286
v -0.029138 -0.079137 0.026611
v 0.077446 -0.034526 -0.017848
v 0.077419 -0.036213 -0.029698
v 0.077493 -0.040156 -0.029733
v 0.082617 -0.041122 -0.037287
v 0.082805 -0.042647 -0.031511
v 0.081869 -0.041932 -0.038192
v 0.065843 -0.037652 -0.041924
v 0.068079 -0.042655 -0.044997
v 0.066492 -0.044474 -0.039248
v 0.066022 -0.039314 -0.039672
v 0.060834 -0.017505 -0.013188
v 0.061571 -0.019259 -0.015552
v 0.059355 -0.021368 -0.013168
v 0.058742 -0.020424 -0.010445
v 0.064299 -0.035012 -0.010339
v 0.061564 -0.032673 -0.007646
v 0.062307 -0.031996 -0.006805
v 0.065071 -0.033572 -0.008563
v 0.075418 -0.030306 -0.044485
v 0.075258 -0.031791 -0.040274
v 0.073673 -0.030662 -0.040523
v 0.067599 -0.024627 -0.008743
v 0.068053 -0.026911 -0.009903
v 0.070460 -0.027212 -0.007667
v 0.069727 -0.025241 -0.005707
v 0.072015 -0.028263 0.002506
v 0.068828 -0.029084 0.002252
v 0.066080 -0.025431 0.004359
v 0.069471 -0.025056 0.004944
v 0.060444 -0.019033 -0.009312
v 0.060748 -0.017017 -0.010654
v 0.072060 -0.042009 -0.034287
v 0.070726 -0.039531 -0.040045
v 0.076623 -0.035660 -0.038447
v 0.077043 -0.037348 -0.036000
v 0.063817 -0.023157 -0.026766
v 0.062429 -0.025081 -0.027356
v 0.062422 -0.025070 -0.026385
v 0.064171 -0.022959 -0.025146
v 0.063450 -0.021607 -0.026288
v 0.063720 -0.021506 -0.024557
v 0.062916 -0.020704 -0.024509
v 0.062614 -0.020534 -0.025412
v 0.061760 -0.025772 -0.027544
v 0.062067 -0.025429 -0.027263
v 0.062424 -0.025399 -0.027852
v 0.067974 -0.033607 -0.030411
v 0.067304 -0.034809 -0.022827
v 0.067048 -0.035852 -0.021476
v 0.069115 -0.033271 -0.027291
v 0.078188 -0.041974 -0.023011
v 0.074347 -0.023790 -0.047675
v 0.072565 -0.024837 -0.050318
v 0.075294 -0.028304 -0.052817
v 0.060167 -0.031287 -0.011552
v 0.064013 -0.028022 -0.011457
v 0.062644 -0.026709 -0.011423
v 0.060092 -0.029638 -0.011277
v 0.060360 -0.024584 -0.017584
v 0.057538 -0.024631 -0.014286
v 0.061553 -0.022133 -0.015855
v 0.064628 -0.020577 -0.032301
v 0.063983 -0.023926 -0.028520
v 0.063419 -0.022702 -0.027549
v 0.063247 -0.021286 -0.027883
v 0.080461 -0.040779 -0.014295
v 0.082260 -0.043422 -0.019251
v 0.079955 -0.044626 -0.019567
v 0.078426 -0.042020 -0.014160
v 0.059223 -0.012188 -0.000947
v 0.054385 -0.016200 0.000041
v 0.058154 -0.013429 -0.004488
v 0.082149 -0.037490 -0.048965
v 0.079685 -0.038133 -0.050906
v 0.080105 -0.040141 -0.048945
v 0.082943 -0.039373 -0.047013
v 0.066184 -0.027592 -0.033813
v 0.065713 -0.027853 -0.031695
v 0.066016 -0.026449 -0.032922
v 0.065808 -0.026241 -0.035277
v 0.046545 -0.069945 0.002399
v 0.055165 -0.049326 0.002432
v 0.059206 -0.060273 -0.011691
v 0.051030 -0.077638 -0.011371
v 0.072624 -0.027646 -0.000694
v 0.071662 -0.024677 0.001606
v 0.066838 -0.018397 -0.039918
v 0.065412 -0.018206 -0.041445
v 0.065851 -0.021592 -0.046651
v 0.067923 -0.019618 -0.043805
v 0.082127 -0.046588 -0.033674
v 0.084968 -0.045419 -0.032641
v 0.070837 -0.025335 -0.045053
v 0.073318 -0.027898 -0.047471
v 0.071480 -0.027154 -0.045534
v 0.070037 -0.025790 -0.044403
v 0.070360 -0.022781 -0.037018
v 0.071086 -0.022528 -0.038242
v 0.069307 -0.022831 -0.039241
v 0.068277 -0.023243 -0.038042
v 0.063532 -0.019525 -0.046280
v 0.064882 -0.024625 -0.051283
v 0.057280 -0.031557 -0.007577
v 0.069368 -0.020013 -0.038841
v 0.070248 -0.020049 -0.041308
v 0.071787 -0.022154 -0.039868
v -0.046682 -0.058798 0.048675
v -0.042309 -0.065323 0.040504
v -0.040215 -0.067499 0.053890
v -0.048122 -0.058450 0.056548
v 0.059571 -0.013245 -0.009278
v 0.060961 -0.015052 -0.010536
v 0.069482 -0.025675 -0.044159
v 0.068697 -0.025689 -0.043103
v 0.067539 -0.024228 -0.039292
v 0.068487 -0.026346 -0.038334
v 0.072412 -0.031504 -0.030972
v 0.073470 -0.032539 -0.022542
v 0.060002 -0.046218 -0.012647
v 0.055627 -0.031637 0.000144
v 0.068127 -0.023207 -0.039742
v 0.068219 -0.023402 -0.040279
v 0.067571 -0.023322 -0.039573
v 0.067223 -0.023734 -0.038763
v 0.070225 -0.021698 0.003685
v 0.072022 -0.030838 -0.037389
v 0.069590 -0.028827 -0.035704
v 0.070948 -0.029131 -0.037650
v 0.082756 -0.042593 -0.023782
v 0.084293 -0.042424 -0.031089
v 0.085835 -0.043384 -0.031174
v 0.084258 -0.043443 -0.023575
v 0.056160 -0.016637 0.003672
v 0.065755 -0.029276 -0.030856
v 0.066625 -0.028923 -0.029482
v 0.067246 -0.026808 -0.036877
v 0.066468 -0.024280 -0.037962
v 0.061054 -0.014938 -0.013535
v 0.079339 -0.038256 -0.045740
v 0.080053 -0.039707 -0.044002
v 0.077987 -0.037169 -0.044736
v 0.077823 -0.035618 -0.045844
v 0.077327 -0.033947 -0.048168
v 0.076927 -0.033436 -0.048846
v 0.078661 -0.036528 -0.047370
v 0.069276 -0.027402 -0.037359
v 0.070323 -0.028213 -0.038268
v 0.067630 -0.022325 -0.007865
v 0.068664 -0.022022 -0.002478
v 0.077568 -0.034992 -0.014349
v 0.076046 -0.032239 -0.014983
v 0.076891 -0.045362 -0.025471
v 0.077117 -0.045270 -0.033964
v 0.074633 -0.043226 -0.034100
v 0.074940 -0.043795 -0.026015
v 0.067102 -0.041394 -0.028572
v 0.064078 -0.041863 -0.029452
v 0.062264 -0.019969 -0.026312
v 0.061798 -0.017794 -0.030211
v 0.066109 -0.026170 -0.036092
v 0.066161 -0.024716 -0.037754
v 0.068535 -0.037484 -0.012366
v 0.064780 -0.030057 -0.005504
v 0.069089 -0.035641 -0.010007
v 0.060271 -0.028106 -0.005813
v 0.059908 -0.025668 -0.004706
v 0.062844 -0.027205 -0.003971
v 0.073490 -0.029799 -0.010311
v 0.075877 -0.032077 -0.011693
v 0.062414 -0.026374 -0.027037
v 0.061451 -0.028269 -0.025478
v 0.060392 -0.026392 -0.027044
v 0.075718 -0.033522 -0.030043
v 0.076586 -0.034092 -0.022082
v 0.070933 -0.023017 -0.040417
v 0.067485 -0.023988 -0.030931
v 0.068151 -0.021605 -0.034348
v 0.074242 -0.022804 -0.042974
v 0.072924 -0.023275 -0.041729
v 0.072025 -0.023106 -0.040961
v 0.072828 -0.022156 -0.041352
v 0.054245 -0.028956 -0.017849
v 0.056027 -0.026933 -0.015897
v 0.058052 -0.026052 -0.018985
v 0.076191 -0.030983 -0.048099
v 0.076475 -0.032118 -0.046347
v 0.073266 -0.040678 -0.040405
v 0.070497 -0.027886 -0.042079
v 0.070512 -0.029022 -0.040711
v 0.071225 -0.038678 -0.053067
v 0.069730 -0.034412 -0.051000
v 0.069019 -0.033094 -0.051351
v 0.070592 -0.034128 -0.055706
v 0.059221 -0.022050 -0.001226
v 0.062272 -0.024775 -0.001120
v 0.061847 -0.025442 -0.002861
v 0.059677 -0.023520 -0.003266
v 0.061420 -0.026385 -0.011411
v 0.059578 -0.028697 -0.011163
v 0.077959 -0.039103 -0.015797
v 0.077611 -0.037465 -0.014911
v 0.078228 -0.040060 -0.018897
v 0.078495 -0.041762 -0.020244
v 0.066766 -0.030602 -0.034761
v 0.066981 -0.029103 -0.033423
v 0.067495 -0.033899 -0.046001
v 0.070313 -0.035009 -0.047657
v 0.070019 -0.032560 -0.049813
v 0.067929 -0.032715 -0.048459
v 0.075805 -0.042438 -0.040882
v 0.070493 -0.029050 -0.039230
v 0.070784 -0.029859 -0.039293
v 0.070348 -0.028497 -0.039667
v 0.067483 -0.023734 -0.037213
v 0.069582 -0.023763 -0.035877
v 0.074299 -0.024080 -0.043299
v 0.077536 -0.026389 -0.046186
v 0.076458 -0.027723 -0.046966
v 0.073675 -0.024371 -0.044225
v 0.068777 -0.023964 -0.041879
v 0.009739 -0.100440 0.004647
v 0.013199 -0.111965 -0.002819
v -0.051712 0.047651 -0.081519
v -0.058399 0.041559 -0.080465
v -0.058747 0.046120 -0.075092
v -0.052045 0.050940 -0.075532
v 0.070463 -0.025507 -0.050276
v 0.070623 -0.028940 -0.051762
v 0.072217 -0.028666 -0.052450
v 0.071303 -0.025628 -0.050932
v 0.077597 -0.035275 -0.044754
v 0.081204 -0.040629 -0.040788
v 0.067103 -0.028090 -0.027452
v 0.063881 -0.029292 -0.024535
v 0.053013 -0.029652 -0.024077
v 0.053533 -0.029294 -0.025281
v 0.054273 -0.030376 -0.024954
v 0.054113 -0.030904 -0.024040
v 0.056663 -0.031472 -0.018363
v 0.058563 -0.030422 -0.017254
v 0.057077 -0.029046 -0.015703
v 0.055657 -0.030795 -0.016965
v 0.052129 -0.030201 -0.021254
v 0.052597 -0.029906 -0.022805
v 0.053525 -0.031423 -0.022372
v 0.052895 -0.032075 -0.020728
v 0.075490 -0.029274 -0.048781
v 0.077471 -0.031343 -0.048362
v 0.083339 -0.039408 -0.038981
v 0.083955 -0.040796 -0.036800
v 0.080599 -0.037499 -0.044814
v 0.081043 -0.038990 -0.042876
v 0.061863 -0.019145 -0.018505
v 0.062693 -0.020887 -0.018614
v 0.062308 -0.020867 -0.016907
v 0.084341 -0.038847 -0.041505
v 0.083544 -0.040713 -0.044548
v 0.062021 -0.013728 -0.001011
v 0.060698 -0.012187 0.000885
v 0.030887 0.002758 0.063626
v 0.042487 -0.005803 0.059422
v 0.042304 -0.003818 0.069892
v 0.031435 0.004923 0.074654
v 0.072892 -0.022230 -0.045991
v 0.070556 -0.023761 -0.048650
v 0.051814 -0.030497 -0.019201
v 0.051857 -0.030624 -0.019062
v 0.054182 -0.030140 -0.017078
v 0.056904 -0.027276 -0.023153
v 0.053430 -0.028791 -0.023734
v 0.057784 -0.031388 -0.019977
v 0.057913 -0.029485 -0.025400
v 0.057520 -0.028178 -0.026588
v 0.055870 -0.025617 -0.012187
v 0.057026 -0.027554 -0.011163
v 0.058972 -0.023890 -0.010578
v 0.052966 -0.032131 -0.018482
v 0.067402 -0.028988 -0.036329
v 0.060880 -0.030719 -0.020258
v 0.062028 -0.032331 -0.017839
v 0.060642 -0.031619 -0.015693
v 0.059733 -0.030774 -0.018320
v 0.071923 -0.028261 -0.007577
v 0.071657 -0.028425 -0.009179
v 0.060710 -0.033275 -0.012858
v 0.064437 -0.030868 -0.011828
v 0.067611 -0.027692 -0.030392
v 0.068784 -0.025000 -0.033261
v 0.063346 -0.026738 -0.027158
v 0.061245 -0.029704 -0.022561
v 0.063229 -0.031561 -0.020073
v 0.057313 -0.027351 -0.024395
v 0.060422 -0.025655 -0.024614
v 0.060366 -0.025981 -0.025720
v 0.057520 -0.027564 -0.025429
v 0.072197 -0.030138 -0.040724
v 0.068995 -0.021869 -0.046745
v 0.071699 -0.020912 -0.043697
v 0.074611 -0.051441 -0.056952
v 0.073015 -0.055483 -0.049022
v 0.070734 -0.041750 -0.049913
v 0.058881 -0.031064 -0.021720
v 0.054004 -0.029297 -0.025859
v 0.054411 -0.028911 -0.025252
v 0.077937 -0.036603 -0.011612
v 0.060347 -0.022840 -0.009829
v 0.066552 -0.024427 -0.035328
v 0.075882 -0.043909 -0.020698
v 0.074721 -0.041797 -0.015471
v 0.066219 -0.024537 -0.036839
v 0.066379 -0.024462 -0.037868
v 0.058411 -0.028399 -0.011038
v 0.060532 -0.025248 -0.010914
v 0.066645 -0.024149 -0.038109
v 0.062699 -0.022405 -0.018083
v 0.076636 -0.034454 -0.039946
v 0.067063 -0.029769 -0.001034
v 0.064781 -0.026627 0.000394
v 0.054051 -0.028556 -0.024763
v 0.055895 -0.028445 -0.016031
v 0.058062 -0.030056 -0.023685
v 0.062094 -0.024433 -0.022187
v 0.061376 -0.024248 -0.019876
v 0.063114 -0.022200 -0.020508
v 0.066021 -0.031868 -0.013041
v 0.062006 -0.034679 -0.015375
v 0.063806 -0.035882 -0.016601
v 0.068342 -0.032326 -0.014515
v 0.073381 -0.039381 -0.010421
v 0.071404 -0.036017 -0.005945
v 0.074137 -0.035823 -0.003483
v 0.076889 -0.039215 -0.008412
v 0.076132 -0.061878 -0.072934
v 0.075294 -0.044024 -0.062265
v 0.076325 -0.048079 -0.077629
v 0.074483 -0.038560 -0.048736
v 0.074477 -0.039836 -0.046450
v 0.080457 -0.041751 -0.046712
v 0.067935 -0.029419 -0.054093
v 0.068463 -0.031858 -0.051394
v 0.070109 -0.029604 -0.051097
v 0.081004 -0.046269 -0.024546
v 0.066043 -0.018802 -0.036268
v 0.068510 -0.020514 -0.036508
v 0.067190 -0.038438 -0.013785
v 0.071049 -0.029188 -0.012240
v 0.073792 -0.030323 -0.013195
v 0.080959 -0.031123 -0.048143
v 0.078929 -0.028345 -0.046451
v -0.006312 0.032438 0.073864
v -0.006057 0.030654 0.083675
v -0.008354 0.073787 -0.027530
v -0.007090 0.072550 -0.027334
v -0.008441 0.071379 -0.028927
v -0.008908 0.071990 -0.028961
v -0.008398 0.073229 -0.018863
v -0.008697 0.072326 -0.020226
v -0.007114 0.071271 -0.020183
v -0.006620 0.072419 -0.019311
v -0.009953 0.071597 -0.028971
v -0.011354 0.074250 -0.027053
v -0.010422 0.074972 -0.027146
v -0.009596 0.071905 -0.028924
v 0.080771 -0.032163 -0.051102
v -0.004514 0.073174 -0.019894
v -0.005060 0.072350 -0.021468
v -0.005136 0.074151 -0.022034
v -0.003560 0.074936 -0.021030
v -0.013266 0.081701 -0.019742
v -0.011859 0.081480 -0.022103
v -0.012678 0.079173 -0.021194
v -0.013150 0.079048 -0.018998
v -0.009597 0.080610 -0.022763
v -0.007976 0.082614 -0.022801
v -0.005937 0.080577 -0.023058
v -0.007819 0.078838 -0.022623
v -0.011527 0.074341 -0.023170
v -0.010986 0.075675 -0.021029
v -0.012618 0.077531 -0.023795
v -0.004910 0.072623 -0.023976
v -0.004797 0.071193 -0.023075
v -0.006618 0.071131 -0.026379
v -0.006578 0.071185 -0.026751
v 0.032065 -0.000153 0.046895
v 0.043376 -0.009930 0.046596
v 0.016440 0.049751 -0.039059
v 0.015596 0.051128 -0.036525
v 0.011691 0.051585 -0.037998
v 0.012696 0.050279 -0.040116
v 0.063602 -0.021224 -0.022643
v 0.062797 -0.020277 -0.023479
v 0.074753 -0.041077 -0.043803
v 0.079333 -0.036968 -0.046244
v 0.074641 -0.036921 -0.050313
v 0.073781 -0.032570 -0.051845
v 0.071688 -0.032440 -0.050760
v 0.072196 -0.035932 -0.049005
v 0.082898 -0.035646 -0.045461
v 0.062504 -0.021664 -0.008463
v 0.073870 -0.032249 -0.036217
v 0.072984 -0.030482 -0.052360
v 0.076799 -0.030189 -0.053320
v 0.080689 -0.042620 -0.024413
v 0.083473 -0.037401 -0.043928
v 0.082281 -0.036331 -0.042490
v 0.075824 -0.023386 -0.044757
v 0.066502 -0.035793 -0.019567
v 0.072353 -0.032614 -0.019099
v 0.070614 -0.032490 -0.016268
v -0.101650 -0.057072 -0.048653
v -0.102858 -0.058765 -0.045913
v -0.103894 -0.057708 -0.044004
v -0.102637 -0.055812 -0.046252
v -0.097262 -0.057751 -0.031360
v -0.096458 -0.058725 -0.038435
v -0.097820 -0.059288 -0.041043
v -0.098920 -0.058676 -0.038712
v 0.065702 -0.035940 -0.017444
v 0.066560 -0.029258 -0.032160
v 0.061298 -0.012510 -0.014505
v 0.070611 -0.025731 -0.003059
v -0.099721 -0.054224 -0.021030
v -0.097987 -0.053686 -0.021914
v -0.099333 -0.056084 -0.026229
v -0.101683 -0.057080 -0.025566
v 0.072146 -0.028094 -0.004461
v 0.025328 -0.093882 0.003733
v 0.031231 -0.104631 -0.005247
v 0.083597 -0.044873 -0.023904
v 0.075826 -0.030770 -0.048989
v 0.065556 -0.021770 -0.008161
v 0.066339 -0.018535 -0.003185
v 0.063970 -0.017570 -0.003996
v 0.070636 -0.029701 -0.039838
v 0.066224 -0.038302 -0.015252
v 0.066004 -0.039521 -0.017423
v 0.054575 -0.030025 -0.025613
v 0.070012 -0.035656 -0.008144
v 0.066116 -0.029825 -0.003393
v 0.048259 -0.022101 0.045264
v 0.044788 -0.035935 0.043073
v -0.087650 -0.025064 0.002100
v -0.089882 -0.028414 -0.001475
v -0.090683 -0.029457 0.002140
v -0.085859 -0.027465 0.003616
v 0.044817 -0.031891 0.054434
v 0.047810 -0.018700 0.057368
v 0.059682 -0.015266 -0.028424
v 0.060872 -0.017179 -0.021320
v 0.061424 -0.015017 -0.020158
v 0.007594 0.023212 0.064127
v 0.006543 0.023867 0.078195
v 0.058364 -0.010319 -0.015790
v 0.054792 -0.001164 -0.016227
v 0.056211 -0.001623 -0.030979
v 0.057507 -0.010792 -0.025525
v 0.042515 0.031558 -0.061581
v 0.043458 0.026936 -0.062360
v 0.044712 0.027488 -0.053073
v 0.043243 0.031336 -0.054267
v 0.006146 0.041084 -0.116881
v -0.004255 0.041957 -0.117668
v -0.003164 0.037097 -0.125352
v 0.007329 0.035681 -0.124226
v 0.034349 -0.110392 -0.012823
v 0.036247 -0.115029 -0.024272
v 0.017413 -0.123039 -0.021084
v 0.015631 -0.117740 -0.010729
v 0.010006 0.016579 -0.143480
v -0.000436 0.018948 -0.145064
v 0.000240 0.008723 -0.150609
v -0.082077 -0.028546 0.001613
v -0.085955 -0.033314 0.002027
v -0.084937 -0.034751 -0.001887
v -0.081853 -0.031175 -0.001818
v 0.010890 0.006588 -0.148884
v 0.034466 0.043486 -0.035632
v 0.035953 0.044410 -0.030228
v 0.032133 0.047036 -0.029929
v 0.030937 0.045429 -0.035551
v 0.065223 -0.015801 0.001680
v 0.063865 -0.014739 0.000297
v -0.094819 -0.043284 -0.056968
v -0.095995 -0.042666 -0.053251
v -0.094657 -0.040812 -0.051806
v -0.092996 -0.041137 -0.055478
v -0.078363 -0.049366 -0.026580
v -0.078448 -0.048004 -0.020118
v -0.083430 -0.050884 -0.025135
v -0.082859 -0.050913 -0.027935
v 0.001770 -0.001612 -0.158197
v 0.012839 -0.003019 -0.156720
v -0.004132 0.057508 -0.048594
v -0.092970 -0.050383 -0.047972
v -0.093829 -0.053332 -0.048608
v -0.094684 -0.054811 -0.046616
v -0.093434 -0.052500 -0.045261
v -0.097633 -0.057207 -0.050213
v -0.098768 -0.058876 -0.047211
v -0.085540 -0.026347 -0.008971
v -0.084421 -0.026371 -0.012589
v -0.084578 -0.028134 -0.014351
v -0.085197 -0.028981 -0.013345
v -0.081491 -0.046001 -0.026728
v -0.083391 -0.043331 -0.031137
v -0.095755 -0.047461 -0.009921
v -0.095392 -0.046678 -0.012314
v -0.097925 -0.050433 -0.016646
v -0.097501 -0.051699 -0.014952
v -0.003618 0.054476 -0.050123
v -0.000278 0.053175 -0.046455
v -0.000773 0.055833 -0.044944
v -0.008103 0.053673 -0.091380
v -0.006781 0.050758 -0.098274
v 0.002164 0.050113 -0.097879
v 0.000350 0.053809 -0.090990
v 0.003778 0.051667 -0.043408
v 0.002907 0.053700 -0.041935
v -0.002206 0.031239 -0.131714
v 0.008145 0.029476 -0.130478
v 0.015334 -0.050974 -0.162688
v -0.093200 -0.044573 -0.014597
v -0.095183 -0.048373 -0.017491
v -0.095827 -0.050450 -0.018363
v -0.095380 -0.048082 -0.016157
v 0.016066 -0.042145 -0.162397
v 0.004870 -0.042871 -0.164837
v -0.096094 -0.051118 -0.050431
v -0.094753 -0.046096 -0.052425
v -0.096736 -0.044677 -0.051281
v -0.098450 -0.049104 -0.049580
v 0.005711 -0.056076 -0.165755
v 0.065407 -0.072654 -0.030308
v 0.064458 -0.054836 -0.029600
v 0.070386 -0.057661 -0.040811
v 0.070528 -0.076163 -0.047053
v 0.017956 0.010132 0.058979
v 0.017378 0.011648 0.071196
v -0.085302 -0.051191 -0.039312
v -0.083584 -0.049289 -0.044066
v -0.082111 -0.048581 -0.043447
v -0.083028 -0.050262 -0.039379
v -0.096503 -0.056286 -0.047881
v -0.097006 -0.057789 -0.045718
v -0.095051 -0.056488 -0.044329
v -0.085476 -0.038889 -0.044757
v -0.087119 -0.040935 -0.045875
v -0.086871 -0.041913 -0.044459
v -0.086739 -0.041215 -0.043220
v -0.089780 -0.033371 0.002469
v -0.079238 -0.041403 -0.011745
v -0.080570 -0.043544 -0.012223
v -0.082644 -0.046738 -0.016432
v -0.080912 -0.046687 -0.017544
v 0.036969 0.037107 -0.083479
v 0.040195 0.032355 -0.089018
v 0.042277 0.029500 -0.081656
v 0.039170 0.034520 -0.077335
v -0.010276 0.058805 -0.080431
v -0.003060 0.060523 -0.080028
v -0.005123 0.061225 -0.074244
v -0.011105 0.059682 -0.074653
v -0.082280 -0.022910 -0.000346
v -0.085706 -0.023224 -0.000458
v -0.086359 -0.024416 0.000749
v -0.083321 -0.024333 0.002114
v 0.043167 0.031872 -0.046980
v 0.045038 0.029066 -0.044119
v 0.043595 0.033898 -0.036280
v 0.041301 0.035737 -0.040035
v 0.037442 0.041106 -0.036421
v -0.087865 -0.041083 -0.049197
v -0.089480 -0.043064 -0.048641
v -0.087810 -0.042474 -0.047827
v -0.086949 -0.040963 -0.048129
v 0.039058 0.041286 -0.031336
v -0.095035 -0.056853 -0.036560
v -0.093940 -0.054446 -0.042789
v 0.004108 0.046928 -0.107919
v -0.005636 0.047804 -0.108230
v 0.043562 0.027752 -0.072176
v 0.040890 0.032562 -0.069855
v -0.006751 0.059945 -0.052013
v -0.005900 0.056109 -0.053199
v -0.008325 0.057992 -0.057153
v -0.096272 -0.050937 -0.027548
v -0.095782 -0.054165 -0.027975
v -0.096520 -0.052144 -0.023907
v -0.095972 -0.049319 -0.023632
v -0.011944 0.064499 -0.057651
v -0.012148 0.061600 -0.060498
v -0.009427 0.057809 -0.059868
v 0.018229 0.049485 -0.090708
v 0.020127 0.045511 -0.098037
v 0.027681 0.040790 -0.096847
v 0.025395 0.045138 -0.089880
v 0.009211 0.023942 -0.137154
v -0.094965 -0.050881 -0.035300
v -0.094883 -0.054564 -0.035466
v -0.001470 0.025586 -0.138000
v -0.011987 0.059378 -0.068060
v -0.007816 0.058241 -0.067914
v -0.008909 0.057158 -0.064835
v -0.099936 -0.056247 -0.043572
v -0.100656 -0.057543 -0.037806
v -0.098561 -0.057019 -0.044409
v -0.080828 -0.047034 -0.047008
v -0.080487 -0.050957 -0.050299
v -0.079707 -0.051868 -0.044331
v -0.080868 -0.048053 -0.044758
v -0.012178 0.059334 -0.065205
v 0.007186 0.052429 -0.039683
v 0.008010 0.050860 -0.041435
v 0.055210 -0.022752 -0.002202
v 0.057033 -0.020548 0.000431
v 0.060267 -0.014412 -0.046400
v 0.057502 -0.011889 -0.035783
v 0.055788 -0.003393 -0.043197
v 0.059657 -0.006354 -0.056716
v 0.063394 -0.010177 -0.069703
v 0.069770 -0.014217 -0.077650
v 0.067107 -0.022123 -0.061638
v 0.063979 -0.017586 -0.055674
v 0.038030 -0.042937 0.051999
v 0.035248 -0.047748 0.041984
v -0.011897 0.068267 -0.055132
v -0.011931 0.071604 -0.052712
v 0.020144 -0.132884 -0.068047
v -0.083360 -0.029903 -0.018655
v -0.083364 -0.031880 -0.021020
v -0.081662 -0.033420 -0.018889
v -0.081933 -0.032144 -0.015981
v 0.020326 -0.132090 -0.052607
v 0.040697 -0.123947 -0.056671
v 0.040105 -0.124289 -0.070164
v 0.059629 -0.066070 -0.020187
v -0.083964 -0.045619 -0.014416
v -0.081772 -0.042759 -0.011349
v -0.082729 -0.042168 -0.010695
v -0.085042 -0.044119 -0.012917
v 0.062690 -0.050856 -0.020287
v -0.006214 0.074506 -0.024771
v -0.008459 0.070557 -0.029086
v -0.007885 0.071592 -0.026000
v -0.008297 0.070555 -0.029070
v -0.006259 0.076629 -0.022459
v -0.004139 0.078111 -0.022533
v -0.007522 0.070672 -0.021901
v -0.008789 0.071226 -0.021903
v -0.008750 0.071885 -0.026187
v -0.008165 0.070693 -0.029165
v -0.016969 0.084522 -0.016908
v -0.016368 0.087596 -0.018402
v -0.012068 0.086372 -0.020742
v -0.013753 0.084166 -0.019099
v -0.009670 0.071581 -0.029065
v -0.010845 0.073009 -0.026477
v -0.012010 0.079060 -0.024428
v -0.009476 0.074699 -0.027417
v -0.009278 0.071993 -0.028988
v -0.009860 0.078137 -0.024933
v -0.011531 0.076287 -0.018857
v -0.008073 0.076517 -0.025023
v -0.091245 -0.045029 -0.049435
v -0.091558 -0.046474 -0.045308
v -0.090086 -0.045099 -0.045270
v -0.088401 -0.037010 -0.014480
v -0.088353 -0.039656 -0.015688
v -0.090147 -0.040411 -0.013319
v -0.090070 -0.037912 -0.011134
v 0.069190 -0.028290 -0.011076
v 0.042370 -0.010375 0.029406
v 0.048461 -0.017466 0.015720
v 0.049254 -0.021705 0.017358
v -0.092902 -0.040753 -0.002720
v -0.090066 -0.041186 -0.002200
v -0.088431 -0.037036 0.000193
v -0.091653 -0.037087 0.000144
v -0.084107 -0.030624 -0.014779
v -0.083947 -0.029078 -0.015899
v -0.088488 -0.053639 -0.039566
v -0.087064 -0.050876 -0.045256
v 0.046066 -0.016559 0.031958
v 0.072096 -0.030718 -0.039160
v 0.052885 0.012334 -0.088704
v 0.057597 0.004064 -0.099088
v 0.065677 -0.005411 -0.088338
v -0.092831 -0.050350 -0.043817
v -0.093704 -0.051891 -0.041584
v 0.061146 -0.002205 -0.079108
v 0.057477 -0.003087 -0.107394
v 0.064584 -0.012486 -0.097527
v 0.070877 -0.021421 -0.085260
v 0.074430 -0.035076 -0.065365
v 0.026346 0.047434 -0.049065
v 0.026392 0.047328 -0.048966
v 0.024695 0.048488 -0.048742
v -0.082590 -0.035980 -0.031616
v -0.080861 -0.037692 -0.032122
v -0.081133 -0.037603 -0.031400
v -0.083343 -0.035776 -0.030242
v 0.024828 0.048540 -0.048800
v 0.026031 0.047030 -0.049158
v 0.024323 0.047916 -0.048876
v -0.082588 -0.034479 -0.031034
v -0.083248 -0.034369 -0.029581
v -0.082624 -0.033508 -0.029454
v -0.082148 -0.033343 -0.030181
v 0.027109 0.046192 -0.049344
v 0.027480 0.046521 -0.049284
v 0.027580 0.046391 -0.049139
v 0.008547 0.049491 -0.050649
v 0.009326 0.049316 -0.050872
v 0.011905 0.049660 -0.049766
v 0.011147 0.050299 -0.049794
v 0.008267 0.049588 -0.050526
v 0.010996 0.050418 -0.049680
v -0.080066 -0.038283 -0.032517
v -0.080502 -0.037960 -0.032159
v -0.080706 -0.038025 -0.032633
v -0.083569 -0.048512 -0.035354
v -0.084473 -0.049474 -0.027705
v -0.083701 -0.049982 -0.026566
v -0.084484 -0.048058 -0.032471
v 0.012929 0.044165 -0.052724
v 0.012458 0.043996 -0.053059
v -0.095822 -0.056225 -0.029022
v 0.013703 0.044371 -0.052320
v 0.007038 0.047474 -0.052587
v 0.007140 0.047349 -0.053707
v -0.090948 -0.037481 -0.051654
v -0.089082 -0.037255 -0.054420
v -0.091341 -0.040870 -0.057389
v 0.012282 0.043837 -0.053840
v 0.012221 0.043844 -0.053292
v 0.007241 0.047843 -0.052238
v -0.080258 -0.043132 -0.017293
v -0.084882 -0.040072 -0.017543
v -0.083925 -0.038548 -0.017619
v -0.080817 -0.041290 -0.017255
v -0.081236 -0.036765 -0.023251
v -0.079249 -0.036358 -0.019990
v -0.083083 -0.034575 -0.021551
v -0.082993 -0.033767 -0.036256
v -0.082073 -0.036829 -0.033199
v -0.082135 -0.035560 -0.032159
v -0.082152 -0.034203 -0.032236
v -0.099503 -0.055386 -0.020097
v -0.101590 -0.058784 -0.025109
v -0.099063 -0.059236 -0.025102
v -0.096918 -0.055896 -0.019720
v 0.005673 0.047481 -0.052033
v 0.004821 0.046830 -0.052353
v -0.083563 -0.022915 -0.004722
v -0.078073 -0.026305 -0.002894
v -0.082470 -0.024288 -0.008331
v -0.098550 -0.051266 -0.055036
v -0.095418 -0.051328 -0.056572
v -0.096168 -0.053535 -0.054859
v -0.099710 -0.053492 -0.053349
v -0.082544 -0.041439 -0.038049
v -0.082192 -0.041470 -0.036182
v -0.082758 -0.040066 -0.037026
v -0.082621 -0.039911 -0.039133
v 0.004954 0.046918 -0.053971
v 0.016220 0.050576 -0.048607
v 0.016349 0.050408 -0.047891
v 0.011568 0.050279 -0.048425
v 0.011229 0.050379 -0.049212
v 0.016094 0.050591 -0.048986
v 0.019556 0.049969 -0.048937
v 0.019589 0.049847 -0.048548
v 0.019587 0.049711 -0.047797
v -0.058856 -0.075513 -0.001500
v -0.071541 -0.058893 -0.001046
v -0.073153 -0.068818 -0.015809
v -0.062090 -0.082369 -0.016332
v -0.092937 -0.040501 -0.006114
v -0.093152 -0.037158 -0.003479
v -0.084925 -0.032121 -0.043190
v -0.083712 -0.030982 -0.044738
v -0.083624 -0.032924 -0.050223
v -0.085384 -0.032918 -0.047204
v 0.008284 0.049780 -0.049453
v 0.008240 0.049733 -0.050256
v 0.019487 0.049572 -0.047138
v 0.016472 0.050148 -0.047278
v -0.100620 -0.061237 -0.039664
v -0.104135 -0.061178 -0.038822
v 0.011734 0.049960 -0.047879
v 0.008241 0.049775 -0.049133
v 0.005573 0.049105 -0.050635
v 0.006708 0.049357 -0.050582
v 0.016328 0.049839 -0.046501
v 0.016151 0.049313 -0.045849
v 0.011298 0.049294 -0.046624
v 0.011586 0.049664 -0.047254
v -0.087710 -0.039401 -0.049257
v -0.089339 -0.042304 -0.052066
v -0.087952 -0.041312 -0.049946
v -0.087056 -0.039706 -0.048541
v -0.087672 -0.037060 -0.040807
v -0.088296 -0.037027 -0.041999
v -0.086483 -0.037042 -0.042919
v -0.085502 -0.037267 -0.041662
v 0.019401 0.049179 -0.046328
v 0.019205 0.048747 -0.045514
v -0.082302 -0.030229 -0.049688
v -0.082475 -0.033909 -0.054954
v 0.028697 0.044623 -0.049093
v 0.029358 0.043881 -0.049452
v 0.029159 0.043770 -0.048953
v -0.077370 -0.040670 -0.010651
v 0.028704 0.044079 -0.048635
v 0.030934 0.040901 -0.046495
v 0.032229 0.040521 -0.047805
v 0.033836 0.039584 -0.047385
v -0.086942 -0.034287 -0.042389
v -0.087527 -0.034526 -0.044779
v -0.088802 -0.036860 -0.043584
v -0.082960 -0.024950 -0.013399
v -0.084175 -0.027163 -0.015297
v -0.086653 -0.039510 -0.048189
v -0.086033 -0.039389 -0.047018
v -0.084846 -0.037908 -0.043083
v -0.085445 -0.040189 -0.042171
v 0.032201 0.040182 -0.045892
v -0.089290 -0.046221 -0.035976
v -0.091297 -0.047414 -0.027837
v 0.039789 0.038285 -0.037764
v 0.034410 0.040159 -0.043179
v 0.036300 0.038730 -0.044621
v 0.028135 0.045326 -0.049001
v 0.027443 0.046188 -0.048777
v 0.028242 0.045577 -0.049238
v 0.028793 0.044745 -0.049420
v 0.028135 0.044820 -0.048325
v 0.027373 0.045763 -0.048135
v 0.026308 0.047104 -0.048668
v 0.026237 0.046768 -0.047984
v 0.024541 0.047967 -0.047775
v 0.024553 0.048237 -0.048484
v 0.022448 0.049140 -0.048460
v -0.075913 -0.055089 -0.017009
v -0.075378 -0.040220 -0.003056
v 0.022787 0.049279 -0.048804
v 0.022426 0.048916 -0.047691
v 0.024564 0.047603 -0.047084
v 0.022446 0.048692 -0.047011
v 0.026163 0.046252 -0.047267
v 0.027353 0.045160 -0.047530
v 0.028185 0.044180 -0.047842
v 0.028953 0.043528 -0.048155
v 0.029548 0.043167 -0.048682
v 0.028415 0.043486 -0.047274
v 0.028918 0.042637 -0.046546
v 0.027576 0.043775 -0.046113
v 0.027430 0.044536 -0.046907
v 0.029394 0.042770 -0.047701
v 0.030087 0.041793 -0.047101
v -0.085324 -0.037191 -0.043402
v -0.085464 -0.037301 -0.044041
v -0.084913 -0.037079 -0.043276
v -0.084430 -0.037575 -0.042335
v 0.026278 0.045674 -0.046620
v 0.026207 0.045079 -0.045856
v 0.024325 0.046529 -0.045563
v 0.024491 0.047107 -0.046364
v -0.093100 -0.033661 -0.001114
v -0.088404 -0.044990 -0.042147
v -0.086284 -0.042788 -0.040003
v -0.087637 -0.043115 -0.042007
v 0.022372 0.048220 -0.046294
v 0.022251 0.047646 -0.045408
v -0.101386 -0.057323 -0.030117
v -0.102969 -0.057591 -0.037371
v -0.105128 -0.059378 -0.037390
v -0.103357 -0.059008 -0.029785
v 0.016048 0.050680 -0.048871
v 0.015784 0.049919 -0.049045
v 0.019265 0.049526 -0.048835
v 0.019564 0.050069 -0.048824
v 0.022882 0.049395 -0.048723
v -0.080012 -0.027138 0.000279
v -0.081879 -0.042796 -0.035605
v -0.083092 -0.042374 -0.034291
v 0.022223 0.048909 -0.048766
v 0.019129 0.048586 -0.048727
v 0.017834 0.044418 -0.051253
v 0.019182 0.044129 -0.051218
v 0.021941 0.048035 -0.048644
v -0.084216 -0.040547 -0.040443
v -0.083738 -0.037886 -0.041550
v 0.015998 0.048921 -0.049116
v 0.016300 0.044626 -0.051432
v 0.012741 0.048763 -0.050034
v -0.083895 -0.027470 -0.018513
v 0.014825 0.044539 -0.051868
v 0.010054 0.048832 -0.050913
v 0.018209 0.050180 -0.062773
v 0.017974 0.050541 -0.063111
v 0.022993 0.050283 -0.061657
v 0.022857 0.049898 -0.061341
v 0.048215 -0.104677 -0.028656
v 0.051681 -0.111697 -0.045558
v 0.038890 -0.120458 -0.040118
v 0.025209 0.049985 -0.057298
v 0.025163 0.049342 -0.058959
v 0.027499 0.047798 -0.057471
v 0.027463 0.048267 -0.055893
v 0.025313 0.050774 -0.055499
v -0.094904 -0.053126 -0.051280
v -0.095846 -0.054671 -0.049767
v -0.093593 -0.051958 -0.050076
v -0.093505 -0.050369 -0.051104
v -0.092979 -0.048544 -0.053336
v -0.092615 -0.048021 -0.053993
v -0.094153 -0.051338 -0.052729
v -0.086024 -0.041340 -0.041417
v -0.087075 -0.042173 -0.042441
v 0.027385 0.048814 -0.054131
v 0.022547 0.052454 -0.057072
v -0.089138 -0.034501 -0.013303
v -0.090268 -0.034133 -0.007386
v -0.096242 -0.049613 -0.020299
v -0.095127 -0.047001 -0.020583
v -0.095177 -0.058570 -0.030940
v -0.095388 -0.058555 -0.039443
v -0.092026 -0.055708 -0.039450
v -0.092422 -0.056302 -0.031382
v 0.022525 0.051477 -0.058902
v 0.022597 0.050640 -0.060418
v 0.026697 0.044814 -0.053595
v 0.025927 0.045499 -0.054391
v -0.082466 -0.050858 -0.033509
v -0.078290 -0.050177 -0.034298
v -0.081825 -0.032765 -0.030871
v -0.081086 -0.030444 -0.034153
v -0.083079 -0.039833 -0.039756
v -0.083330 -0.038338 -0.041287
v -0.087661 -0.048710 -0.016955
v -0.085490 -0.040856 -0.009700
v -0.088687 -0.047123 -0.014772
v -0.081555 -0.038207 -0.009069
v -0.081853 -0.035913 -0.007711
v -0.084272 -0.037925 -0.007651
v 0.026448 0.046922 -0.053690
v 0.027526 0.045677 -0.053129
v 0.027465 0.044226 -0.053032
v 0.028261 0.044797 -0.052681
v 0.022152 0.042300 -0.053301
v 0.021776 0.042594 -0.053569
v 0.021252 0.043001 -0.053938
v -0.092802 -0.043932 -0.016007
v -0.094849 -0.046516 -0.017603
v 0.022370 0.042112 -0.053020
v -0.080639 -0.039015 -0.032179
v -0.079291 -0.040872 -0.030822
v -0.078759 -0.038693 -0.032163
v -0.092811 -0.048272 -0.035396
v -0.094676 -0.048961 -0.027666
v -0.087875 -0.037545 -0.044165
v 0.022466 0.042010 -0.052698
v -0.085066 -0.037567 -0.035337
v -0.085911 -0.035430 -0.038307
v -0.091098 -0.037729 -0.046763
v -0.089836 -0.038093 -0.045530
v -0.088817 -0.037844 -0.044741
v -0.089620 -0.037033 -0.045116
v -0.074099 -0.040050 -0.023426
v -0.076466 -0.038304 -0.021553
v -0.078224 -0.037877 -0.024595
v 0.022446 0.041980 -0.052367
v 0.022355 0.042112 -0.052145
v 0.040353 0.038968 -0.023750
v 0.041560 0.037774 -0.033100
v -0.091962 -0.045616 -0.053112
v -0.092242 -0.046798 -0.051433
v -0.089797 -0.052910 -0.045815
v 0.043114 0.034909 -0.025787
v 0.028109 0.045632 -0.049415
v -0.087570 -0.041839 -0.046193
v -0.087208 -0.042969 -0.044980
v 0.028695 0.044817 -0.049638
v -0.081967 -0.047370 -0.058379
v -0.082435 -0.043738 -0.055645
v -0.082555 -0.042605 -0.055630
v -0.082368 -0.043318 -0.060463
v 0.027724 0.045442 -0.049514
v -0.081817 -0.032509 -0.003980
v -0.084443 -0.035670 -0.004586
v -0.083786 -0.036123 -0.006260
v -0.081922 -0.033876 -0.005944
v -0.083022 -0.038137 -0.017549
v -0.080806 -0.040261 -0.017126
v 0.028263 0.044766 -0.049803
v -0.096550 -0.053140 -0.021950
v -0.096256 -0.051750 -0.020954
v -0.096392 -0.054322 -0.024979
v -0.096687 -0.055716 -0.026408
v 0.029317 0.044055 -0.050064
v 0.029568 0.043811 -0.049947
v 0.025455 0.046457 -0.049147
v 0.021091 0.043381 -0.051407
v 0.021627 0.043002 -0.051503
v -0.082767 -0.044660 -0.038897
v -0.082665 -0.043441 -0.037902
v -0.083128 -0.044685 -0.050577
v -0.085706 -0.046249 -0.052346
v -0.085147 -0.043423 -0.054228
v -0.083147 -0.043141 -0.052795
v -0.092930 -0.055439 -0.046454
v 0.026333 0.045640 -0.049555
v 0.023853 0.047208 -0.048904
v 0.020239 0.043769 -0.051296
v 0.021936 0.042734 -0.051708
v 0.022186 0.042369 -0.051893
v -0.087187 -0.042954 -0.043519
v -0.087430 -0.043761 -0.043708
v 0.026731 0.045063 -0.049862
v -0.087107 -0.042418 -0.043880
v 0.027264 0.044386 -0.050238
v 0.028687 0.044276 -0.050400
v -0.084671 -0.037595 -0.040874
v -0.086831 -0.037838 -0.039803
v -0.091001 -0.038913 -0.047360
v -0.093579 -0.041255 -0.050762
v -0.092356 -0.042573 -0.051509
v -0.090425 -0.038988 -0.048416
v 0.027798 0.043556 -0.051213
v 0.027886 0.043631 -0.051791
v 0.028808 0.044027 -0.050859
v -0.086010 -0.037795 -0.045785
v 0.028897 0.044035 -0.051397
v 0.027631 0.043819 -0.050767
v -0.017667 -0.100983 0.002093
v -0.019696 -0.112947 -0.005418
v 0.027768 0.043828 -0.052405
v 0.028717 0.044330 -0.051909
v 0.029653 0.043481 -0.049498
v 0.029905 0.043520 -0.050274
v 0.030394 0.043035 -0.051178
v 0.030090 0.042988 -0.049453
v -0.086858 -0.037029 -0.054137
v -0.086328 -0.040128 -0.055783
v -0.088056 -0.040493 -0.056696
v -0.087611 -0.037356 -0.054977
v -0.093136 -0.050061 -0.050029
v 0.030731 0.042294 -0.049480
v 0.030068 0.042317 -0.048375
v 0.031382 0.042621 -0.051971
v 0.032686 0.041816 -0.052801
v -0.097705 -0.055645 -0.046883
v -0.084148 -0.041470 -0.032302
v -0.081158 -0.042313 -0.029800
v 0.031883 0.041326 -0.049610
v 0.030922 0.041366 -0.048173
v 0.029748 0.043716 -0.050722
v -0.071496 -0.040775 -0.029237
v -0.071822 -0.040593 -0.030348
v -0.072409 -0.041736 -0.030125
v -0.072325 -0.042130 -0.029294
v 0.029815 0.043581 -0.051035
v 0.030843 0.043984 -0.052800
v -0.075716 -0.042706 -0.024115
v -0.078052 -0.041900 -0.023163
v -0.077195 -0.040378 -0.021534
v -0.075259 -0.041881 -0.022728
v 0.031501 0.043550 -0.054130
v 0.030211 0.044265 -0.052022
v 0.029623 0.045555 -0.052549
v 0.029996 0.045256 -0.053695
v -0.071043 -0.040980 -0.026644
v -0.071273 -0.040870 -0.028077
v -0.071950 -0.042413 -0.027724
v -0.071625 -0.042715 -0.026151
v 0.030359 0.044689 -0.054970
v 0.028925 0.046651 -0.054583
v -0.091285 -0.043865 -0.053610
v -0.093157 -0.046038 -0.053455
v 0.029143 0.046175 -0.056088
v 0.028735 0.047041 -0.053175
v 0.029632 0.044344 -0.051666
v -0.100977 -0.054607 -0.045329
v -0.102122 -0.056237 -0.043127
v -0.096535 -0.052369 -0.050574
v -0.097271 -0.053925 -0.048831
v 0.029083 0.045340 -0.052190
v 0.028362 0.046746 -0.052529
v 0.027127 0.048640 -0.052990
v -0.082959 -0.031904 -0.023635
v -0.083548 -0.033630 -0.023989
v -0.083561 -0.033556 -0.022380
v -0.101923 -0.053885 -0.047967
v -0.100669 -0.055205 -0.051001
v -0.086029 -0.024909 -0.005251
v -0.084985 -0.023065 -0.003074
v -0.054509 -0.005250 0.063231
v -0.065249 -0.015636 0.058847
v -0.064182 -0.012803 0.069299
v -0.054517 -0.002277 0.074720
v -0.089679 -0.036313 -0.049699
v -0.087311 -0.036272 -0.052353
v 0.025152 0.050655 -0.054018
v 0.024442 0.048644 -0.054571
v 0.022200 0.052402 -0.055129
v -0.071218 -0.041284 -0.024538
v -0.071202 -0.041293 -0.024463
v -0.073905 -0.041169 -0.022771
v -0.076063 -0.038956 -0.028414
v -0.072327 -0.039999 -0.028801
v 0.021674 0.050081 -0.055516
v 0.018202 0.051634 -0.063824
v 0.023687 0.051153 -0.062610
v 0.021276 0.048248 -0.056092
v 0.019008 0.044239 -0.054767
v 0.017408 0.044680 -0.055036
v 0.018105 0.049012 -0.056367
v -0.076285 -0.042935 -0.025676
v 0.007663 0.048032 -0.054548
v 0.008570 0.048843 -0.055288
v -0.075849 -0.041621 -0.030735
v -0.075769 -0.040161 -0.031686
v -0.078592 -0.036962 -0.017861
v -0.079147 -0.038904 -0.016840
v -0.081845 -0.035498 -0.016369
v -0.072062 -0.042678 -0.024123
v -0.083949 -0.042846 -0.040097
v 0.012969 0.044531 -0.054413
v 0.012524 0.044173 -0.054166
v 0.006200 0.048228 -0.054732
v 0.007488 0.049300 -0.055483
v -0.078998 -0.043100 -0.026054
v -0.080140 -0.044880 -0.023623
v -0.079703 -0.043637 -0.021624
v -0.078450 -0.042688 -0.024213
v -0.091535 -0.041531 -0.013489
v -0.091034 -0.042172 -0.014835
v -0.079680 -0.045495 -0.018542
v -0.084166 -0.043358 -0.017833
v -0.084416 -0.041369 -0.034920
v -0.085960 -0.038899 -0.037465
v -0.081366 -0.039558 -0.032185
v -0.079171 -0.042257 -0.028133
v -0.080742 -0.044462 -0.025735
v -0.076117 -0.039134 -0.029524
v -0.079376 -0.037850 -0.029873
v -0.079067 -0.038205 -0.030951
v -0.076038 -0.039454 -0.030490
v -0.088719 -0.044305 -0.045217
v -0.085963 -0.034461 -0.050387
v -0.088368 -0.035252 -0.047356
v -0.084043 -0.059164 -0.062872
v -0.081605 -0.062109 -0.054605
v -0.081423 -0.050195 -0.055398
v -0.077079 -0.043198 -0.027425
v -0.072104 -0.040756 -0.030864
v -0.072867 -0.040398 -0.030173
v -0.096933 -0.050463 -0.017943
v -0.083367 -0.034442 -0.015549
v -0.083663 -0.038105 -0.039128
v -0.094227 -0.057029 -0.025982
v -0.093232 -0.054811 -0.020643
v -0.083323 -0.038225 -0.040487
v -0.083489 -0.038179 -0.041426
v -0.079929 -0.039872 -0.016747
v -0.082697 -0.036934 -0.016991
v -0.083811 -0.037900 -0.041650
v -0.083585 -0.035020 -0.023686
v -0.092724 -0.049245 -0.045224
v 0.012215 0.049509 -0.056204
v 0.014546 0.044973 -0.054788
v -0.087965 -0.041573 -0.005288
v -0.086545 -0.038035 -0.003518
v 0.013603 0.044808 -0.054614
v -0.072754 -0.039906 -0.029751
v 0.010432 0.049123 -0.055763
v -0.076012 -0.039699 -0.021813
v -0.076186 -0.042000 -0.029116
v 0.011529 0.051186 -0.056656
v 0.009137 0.050208 -0.056043
v 0.018341 0.050939 -0.056308
v -0.081827 -0.036861 -0.027563
v -0.081665 -0.036606 -0.025381
v -0.083450 -0.034879 -0.025944
v 0.021324 -0.125992 -0.105347
v 0.021008 -0.129542 -0.088413
v -0.085329 -0.045045 -0.018596
v -0.080780 -0.047228 -0.020836
v -0.082298 -0.049045 -0.021643
v -0.087310 -0.046234 -0.019831
v -0.092298 -0.052284 -0.015469
v -0.091017 -0.048503 -0.010784
v -0.093602 -0.048726 -0.008530
v -0.095551 -0.052728 -0.013877
v 0.039841 -0.121185 -0.089346
v 0.039508 -0.118285 -0.104365
v -0.087026 -0.068198 -0.078859
v -0.084966 -0.053023 -0.068765
v -0.088985 -0.057523 -0.085636
v -0.090317 -0.050905 -0.054026
v -0.090656 -0.052310 -0.051905
v -0.096771 -0.055446 -0.052796
v -0.082799 -0.038586 -0.057829
v -0.082766 -0.041478 -0.055366
v -0.085535 -0.040150 -0.054977
v -0.100122 -0.060812 -0.030291
v 0.023786 0.047000 -0.055297
v 0.020267 0.043637 -0.054378
v 0.048374 -0.111606 -0.105347
v 0.047572 -0.109661 -0.115540
v 0.039950 -0.114616 -0.117798
v 0.026589 -0.067215 0.030382
v 0.018536 -0.071397 0.041845
v -0.084262 -0.032395 -0.039739
v -0.086242 -0.034532 -0.040191
v 0.004193 0.048981 -0.054924
v -0.085982 -0.049383 -0.018118
v 0.005996 0.049653 -0.055845
v -0.090320 -0.043145 -0.017652
v -0.092827 -0.044806 -0.018795
v -0.097740 -0.044939 -0.053746
v -0.095028 -0.042878 -0.051317
v 0.002964 0.048496 -0.053969
v 0.002336 0.048234 -0.054350
v 0.003493 0.048562 -0.055610
v 0.005062 0.049087 -0.056711
v 0.008102 0.050540 -0.056536
v 0.007479 0.050252 -0.057405
v 0.010815 0.052088 -0.058153
v 0.010958 0.052165 -0.057097
v 0.018272 0.053436 -0.056770
v 0.018323 0.052994 -0.058477
v 0.010386 0.050791 -0.059874
v 0.006958 0.049090 -0.058945
v 0.009762 0.049662 -0.061821
v 0.006749 0.048321 -0.060623
v 0.018337 0.051127 -0.061592
v 0.018377 0.052188 -0.060035
v 0.005559 0.048983 -0.051360
v 0.003370 0.048532 -0.052086
v 0.006120 0.049164 -0.051467
v 0.003745 0.048697 -0.052066
v 0.007291 0.048646 -0.051670
v 0.003036 0.048339 -0.052695
v 0.002324 0.048225 -0.052924
v -0.026493 0.033749 0.074102
v -0.026343 0.032159 0.084236
v 0.008102 0.048462 -0.051688
v 0.002814 0.047910 -0.056204
v 0.001459 0.047917 -0.054730
v 0.001716 0.046787 -0.057378
v 0.000824 0.047342 -0.055333
v 0.004003 0.046956 -0.059634
v 0.004425 0.047904 -0.057784
v 0.001347 0.047995 -0.053214
v 0.001786 0.048172 -0.052447
v 0.000707 0.047788 -0.053579
v 0.001097 0.048106 -0.052685
v 0.007935 0.049614 -0.048680
v 0.007550 0.049245 -0.048328
v 0.004760 0.048976 -0.050425
v 0.004129 0.048711 -0.050366
v 0.015727 0.048703 -0.045211
v 0.018847 0.048223 -0.044851
v 0.015170 0.048393 -0.044355
v -0.027545 0.073446 -0.027265
v -0.028699 0.072060 -0.027122
v -0.027141 0.071077 -0.028612
v -0.026713 0.071741 -0.028621
v 0.018431 0.047686 -0.043993
v 0.010255 0.048873 -0.045240
v 0.010922 0.049078 -0.045921
v 0.018141 0.012852 0.080740
v 0.029488 0.041965 -0.045709
v 0.030228 0.041463 -0.044823
v 0.028373 0.042635 -0.044064
v 0.027888 0.043111 -0.045267
v 0.026148 0.044396 -0.044969
v -0.028591 0.073091 -0.018545
v -0.027942 0.072280 -0.019881
v -0.029234 0.071035 -0.019941
v -0.030115 0.072008 -0.019111
v 0.026215 0.044163 -0.043658
v 0.023783 0.045526 -0.043572
v 0.024075 0.045952 -0.044637
v 0.022017 0.047063 -0.044670
v 0.021461 0.046548 -0.043621
v 0.033515 0.040241 -0.049313
v 0.035025 0.040301 -0.052731
v 0.035281 0.039260 -0.048696
v 0.037335 0.038846 -0.052234
v -0.000087 0.046634 -0.058930
v -0.025645 0.071483 -0.028627
v -0.024784 0.074333 -0.026610
v -0.025662 0.074867 -0.026824
v -0.026014 0.071725 -0.028593
v -0.000316 0.046805 -0.056046
v -0.001843 0.047609 -0.059757
v -0.001809 0.047448 -0.056956
v -0.000743 0.048586 -0.062409
v 0.001396 0.047159 -0.061710
v 0.000033 0.047803 -0.054100
v 0.000496 0.047832 -0.052801
v -0.000866 0.048281 -0.054477
v -0.000140 0.048359 -0.052815
v 0.006965 0.048962 -0.047893
v 0.006401 0.048878 -0.047306
v 0.003499 0.048926 -0.050188
v 0.002679 0.048928 -0.049754
v 0.046382 -0.098879 -0.016120
v 0.054387 -0.114469 -0.060134
v 0.030850 0.049775 -0.064812
v 0.028430 0.049936 -0.062914
v 0.025093 0.052229 -0.064413
v 0.026825 0.053121 -0.066855
v 0.033793 0.047975 -0.068663
v 0.036276 0.045705 -0.065316
v 0.033709 0.047035 -0.062695
v 0.031139 0.047627 -0.061164
v 0.035995 0.041205 -0.055580
v 0.033995 0.042271 -0.055721
v 0.033876 0.043482 -0.057506
v 0.035821 0.042554 -0.057914
v 0.038229 0.039601 -0.055410
v 0.038354 0.041092 -0.058599
v 0.035011 0.044536 -0.060266
v 0.032709 0.045373 -0.059280
v 0.037708 0.043437 -0.061586
v 0.007415 0.052060 -0.066525
v 0.008136 0.049615 -0.066003
v 0.005278 0.047923 -0.063856
v 0.003667 0.048978 -0.064489
v 0.006415 0.053439 -0.067411
v 0.001554 0.050206 -0.064850
v 0.020335 0.055909 -0.067921
v 0.019234 0.053758 -0.065880
v 0.009386 0.048889 -0.062923
v 0.007359 0.048486 -0.061817
v 0.009098 0.048487 -0.063631
v 0.006791 0.048058 -0.062171
v 0.054592 -0.091973 -0.127585
v 0.055767 -0.078422 -0.133497
v 0.041659 -0.085532 -0.145674
v 0.040524 -0.098331 -0.137286
v 0.025246 0.049317 -0.059725
v 0.025638 0.049169 -0.060244
v 0.027941 0.047548 -0.058917
v 0.027568 0.047733 -0.058386
v 0.029390 0.045896 -0.057150
v 0.029869 0.045758 -0.057875
v 0.031270 0.044331 -0.056664
v 0.030698 0.044437 -0.056118
v 0.031527 0.043464 -0.055245
v 0.032135 0.043180 -0.055419
v 0.006804 0.048159 -0.063412
v 0.008836 0.048973 -0.064356
v 0.051197 -0.113271 -0.092024
v 0.029715 0.034775 -0.104038
v 0.037437 0.029953 -0.100554
v 0.035230 0.035877 -0.094359
v 0.026447 0.049689 -0.061306
v 0.029012 0.047730 -0.059970
v 0.030967 0.045750 -0.058605
v 0.032328 0.044143 -0.057174
v 0.032914 0.043072 -0.056120
v 0.061983 -0.014381 -0.017226
v 0.061221 -0.016623 -0.017097
v 0.068929 -0.041458 -0.027779
v 0.066855 -0.040679 -0.034290
v 0.065755 -0.039836 -0.037652
v 0.071690 -0.024774 -0.045213
v 0.074037 -0.027355 -0.048154
v 0.076066 -0.033031 -0.008437
v 0.072701 -0.029128 -0.006451
v -0.097133 -0.045652 -0.056757
v 0.076003 -0.033666 -0.009260
v 0.081509 -0.036589 -0.043115
v 0.081892 -0.038104 -0.041337
v 0.082826 -0.037765 -0.040774
v 0.036637 -0.083342 0.002675
v 0.043262 -0.092794 -0.008155
v 0.082164 -0.039659 -0.039444
v 0.062142 -0.019568 -0.021895
v 0.070486 -0.041430 -0.027213
v 0.072824 -0.042983 -0.026522
v 0.074202 -0.042862 -0.021495
v 0.072853 -0.042335 -0.022129
v 0.073371 -0.041023 -0.016550
v 0.072069 -0.040590 -0.017580
v 0.077361 -0.036879 -0.012032
v 0.077302 -0.040423 -0.016379
v 0.075301 -0.028669 -0.048425
v 0.075327 -0.027835 -0.047664
v 0.076372 -0.028972 -0.048296
v 0.062961 -0.020919 -0.020639
v 0.069431 -0.025254 -0.043239
v 0.069544 -0.023280 -0.041414
v 0.069032 -0.023902 -0.041906
v 0.061694 -0.025423 -0.026001
v 0.061677 -0.025544 -0.026904
v 0.062549 -0.024847 -0.024358
v 0.063989 -0.022565 -0.022910
v 0.057082 -0.025544 -0.015030
v 0.056601 -0.027290 -0.014193
v 0.055668 -0.026542 -0.013294
v 0.078052 -0.032882 -0.053274
v 0.069645 -0.022875 -0.040447
v 0.071040 -0.023029 -0.041313
v 0.071788 -0.023261 -0.042343
v 0.077456 -0.029031 -0.047460
v 0.072390 -0.023434 -0.043147
v 0.071088 -0.023825 -0.043375
v 0.072677 -0.024483 -0.044803
v 0.070179 -0.024394 -0.043561
v 0.066022 -0.036438 -0.018226
v 0.064412 -0.035339 -0.017954
v 0.061676 -0.015873 -0.037743
v 0.063626 -0.016911 -0.035866
v 0.071321 -0.026920 -0.005564
v 0.065994 -0.034750 -0.043124
v 0.068009 -0.037564 -0.046307
v 0.079260 -0.042041 -0.020317
v 0.071135 -0.030896 -0.014044
v 0.068699 -0.030321 -0.012754
v 0.073466 -0.031732 -0.015654
v 0.075384 -0.032955 -0.018355
v 0.066520 -0.027592 -0.034900
v 0.075005 -0.032788 -0.038141
v 0.075687 -0.033705 -0.035733
v 0.073462 -0.031623 -0.038601
v 0.069261 -0.037099 -0.049844
v 0.068636 -0.034082 -0.049671
v 0.065133 -0.033994 -0.046530
v 0.068051 -0.032766 -0.047720
v 0.059530 -0.024947 -0.018546
v 0.056366 -0.029149 -0.012480
v 0.059213 -0.030419 -0.013794
v 0.058258 -0.029853 -0.011402
v 0.060536 -0.031192 -0.012418
v 0.061446 -0.032316 -0.013879
v 0.062440 -0.033263 -0.016080
v 0.064295 -0.033164 -0.018440
v 0.060041 -0.025567 -0.022958
v 0.067417 -0.025233 -0.049756
v 0.059207 -0.025720 -0.021020
v 0.061707 -0.025123 -0.024603
v 0.061366 -0.024838 -0.022756
v 0.060574 -0.024729 -0.020756
v 0.065725 -0.024570 -0.009463
v 0.066110 -0.027357 -0.010832
v 0.063789 -0.024357 -0.010133
v 0.067033 -0.029394 -0.011502
v 0.061834 -0.024553 -0.010577
v 0.067494 -0.034184 -0.044164
v 0.068593 -0.034845 -0.047244
v 0.061011 -0.013184 -0.020875
v 0.046020 0.029963 -0.029915
v 0.047887 0.024449 -0.038595
v 0.008567 0.050879 0.017741
v 0.007884 0.051143 0.021148
v 0.036895 0.042568 -0.021603
v 0.032081 0.046271 -0.019393
v 0.005493 0.062278 0.011125
v 0.004774 0.062367 0.012792
v 0.003852 0.062517 0.012673
v 0.004644 0.062220 0.011612
v 0.003106 0.060820 0.012244
v 0.004118 0.060115 0.011901
v 0.004048 0.061323 0.012062
v 0.003047 0.061953 0.012448
v 0.008302 0.061948 -0.006147
v 0.010878 0.058316 -0.009895
v 0.013312 0.057195 -0.005557
v 0.010902 0.060568 -0.002170
v 0.006304 0.053238 0.013903
v 0.006116 0.053782 0.011879
v 0.005163 0.056562 0.011342
v 0.005133 0.056159 0.012427
v 0.006324 0.053129 0.015433
v 0.005010 0.056025 0.013262
v 0.008427 0.050910 0.015570
v 0.008049 0.051241 0.012508
v 0.013271 0.056850 0.017265
v 0.010514 0.059425 0.015293
v 0.011156 0.059901 0.011529
v 0.014039 0.057488 0.012085
v 0.005738 0.059990 -0.017973
v 0.008494 0.059198 -0.014158
v 0.006011 0.061683 -0.010037
v 0.002787 0.061925 -0.014700
v -0.000155 0.062511 -0.019304
v 0.002772 0.060705 -0.022252
v -0.000358 0.066246 -0.027212
v 0.000810 0.068340 -0.023574
v 0.000598 0.071964 -0.022682
v 0.001044 0.070580 -0.024642
v -0.001910 0.070437 -0.018881
v 0.000776 0.066943 -0.021553
v -0.006349 0.071395 -0.017440
v -0.032205 0.072334 -0.019876
v -0.031269 0.071725 -0.021344
v -0.031283 0.073412 -0.021958
v -0.033121 0.073783 -0.021263
v -0.006480 0.072126 -0.018161
v -0.002145 0.068952 -0.018138
v -0.024020 0.081501 -0.019700
v -0.025068 0.081213 -0.022057
v -0.024577 0.079294 -0.020872
v -0.024316 0.079079 -0.018742
v -0.002611 0.066681 -0.017045
v -0.005976 0.070429 -0.016503
v -0.006503 0.072635 -0.018755
v -0.003656 0.072653 -0.019276
v -0.027151 0.080126 -0.022784
v -0.028966 0.081771 -0.022998
v -0.030923 0.079654 -0.023239
v -0.028824 0.078232 -0.022631
v -0.025138 0.074543 -0.022704
v -0.026396 0.075954 -0.020642
v -0.024258 0.077747 -0.023329
v -0.031090 0.071971 -0.023864
v -0.031002 0.070788 -0.022865
v -0.029020 0.070857 -0.026110
v -0.029040 0.070716 -0.026523
v -0.002256 0.074156 -0.021520
v -0.014394 0.081618 -0.018276
v -0.012735 0.083570 -0.019987
v -0.007066 0.063444 -0.050047
v -0.004344 0.060498 -0.046470
v -0.007273 0.066362 -0.047717
v -0.004702 0.063004 -0.044238
v -0.003171 0.077708 -0.023594
v -0.000817 0.076271 -0.025436
v -0.005996 0.081597 -0.024441
v -0.004804 0.081453 -0.027198
v -0.012378 0.059970 -0.062866
v -0.016675 0.077631 -0.015003
v -0.016269 0.077310 -0.014866
v -0.017045 0.079372 -0.015733
v 0.023269 -0.118168 -0.131190
v 0.021606 -0.105837 -0.145005
v 0.018055 -0.082770 -0.157114
v 0.014112 -0.070976 -0.161174
v -0.013776 0.078478 -0.000430
v -0.013899 0.078542 -0.001905
v -0.006227 0.061772 0.005416
v -0.011570 0.063082 0.004661
v -0.011828 0.066028 0.005143
v -0.006517 0.064926 0.006321
v -0.002904 0.063198 0.007298
v -0.002084 0.059977 0.006392
v -0.005870 0.059181 0.004353
v -0.011364 0.060100 0.003502
v -0.007476 0.070515 0.006843
v -0.012627 0.072316 0.005606
v -0.013073 0.074957 0.003858
v -0.007844 0.072696 0.004949
v -0.000797 0.065231 -0.012848
v -0.004230 0.068489 -0.013248
v -0.007949 0.072814 -0.013324
v -0.011326 0.075552 -0.013120
v -0.011990 0.075683 -0.015237
v -0.009182 0.073428 -0.015975
v -0.012472 0.075700 -0.015959
v -0.009699 0.073606 -0.016801
v -0.009829 0.073842 -0.017343
v -0.008703 0.073458 -0.018220
v -0.010947 0.074908 -0.017981
v -0.010012 0.074575 -0.018773
v -0.012607 0.075876 -0.016316
v -0.012777 0.081161 -0.043009
v -0.012504 0.077930 -0.046670
v -0.009169 0.076938 -0.002984
v -0.013838 0.077789 -0.003309
v -0.014478 0.076314 -0.007352
v -0.010004 0.075616 -0.007051
v -0.005722 0.073065 -0.006306
v -0.004294 0.074296 -0.001428
v -0.015819 0.077030 -0.014449
v -0.008991 0.077094 -0.001540
v -0.008717 0.076535 0.000244
v -0.003887 0.074384 0.000423
v -0.003724 0.073665 0.002308
v 0.000274 0.070888 0.001110
v -0.000657 0.069893 -0.004718
v 0.004793 0.066418 -0.002759
v 0.003863 0.067346 0.003887
v 0.010921 0.061142 0.008130
v 0.006775 0.061948 0.011057
v 0.006739 0.062581 0.009553
v 0.006400 0.063628 0.007880
v 0.010109 0.062344 0.004742
v 0.013677 0.058964 0.007281
v 0.012616 0.059773 0.002289
v 0.008361 0.063727 0.000943
v 0.005645 0.065054 0.005986
v 0.005530 0.062887 0.009765
v 0.004720 0.062586 0.010610
v 0.005182 0.063772 0.008643
v 0.004447 0.063347 0.009640
v 0.004582 0.064917 0.007412
v 0.003824 0.064352 0.008602
v 0.002809 0.065984 0.007257
v 0.003443 0.066939 0.005781
v 0.003214 0.061646 0.010516
v 0.002020 0.062706 0.009974
v 0.001884 0.063907 0.009540
v 0.003013 0.062597 0.010427
v 0.004066 0.060748 0.011044
v 0.003666 0.061816 0.011006
v 0.004659 0.057328 0.010500
v 0.003831 0.058123 0.009501
v -0.057291 -0.008293 0.046717
v -0.066411 -0.020376 0.045154
v 0.004597 0.060183 0.011428
v 0.004443 0.061059 0.011534
v 0.004082 0.062101 0.011671
v 0.003856 0.062667 0.010457
v 0.003258 0.063544 0.009605
v 0.002238 0.064903 0.008602
v -0.003818 0.072113 0.004291
v -0.000175 0.070060 0.004792
v -0.000542 0.068449 0.006654
v -0.003934 0.070028 0.006639
v -0.000789 0.066867 0.008270
v -0.001217 0.057288 0.005391
v -0.003880 0.067984 0.008149
v 0.001921 0.057313 0.007591
v 0.003166 0.054796 0.006808
v 0.000735 0.060506 0.008406
v 0.005635 0.054634 0.010373
v 0.004875 0.055186 0.009058
v 0.007349 0.051889 0.010255
v 0.006308 0.052781 0.008458
v -0.000666 0.065224 0.009179
v 0.000176 0.070822 0.003062
v -0.008347 0.074954 0.002424
v -0.013443 0.077008 0.001496
v -0.048650 0.045427 -0.042035
v -0.048249 0.046695 -0.039436
v -0.044297 0.047676 -0.040674
v -0.044802 0.046382 -0.042886
v -0.012924 0.088700 -0.034373
v -0.012634 0.084749 -0.039208
v 0.003236 0.062515 0.012559
v -0.004670 0.028538 0.091383
v -0.083586 -0.034080 -0.027796
v -0.082693 -0.033099 -0.028371
v -0.091320 -0.053801 -0.049348
v 0.006125 0.061910 0.013062
v 0.005881 0.053152 0.018039
v 0.004349 0.056221 0.014857
v 0.011194 0.057562 0.022589
v 0.007535 0.060632 0.027154
v 0.005688 0.062667 0.023186
v 0.008851 0.060145 0.019473
v 0.002428 0.065105 0.017920
v 0.004783 0.063033 0.015121
v -0.094918 -0.051760 -0.051689
v 0.003366 0.063585 0.014452
v 0.000817 0.065671 0.016452
v -0.000355 0.065817 0.015310
v 0.002325 0.063657 0.013868
v -0.001811 0.064835 0.013374
v -0.006332 0.066401 0.013950
v -0.006139 0.061554 0.017303
v -0.001430 0.059976 0.016685
v 0.003094 0.057417 0.015734
v 0.001855 0.061759 0.012827
v -0.090238 -0.049203 -0.055422
v -0.089651 -0.044712 -0.056654
v -0.087115 -0.043984 -0.055407
v -0.087616 -0.047686 -0.053845
v -0.001456 0.065447 0.013784
v 0.001723 0.062993 0.013302
v -0.006001 0.067697 0.014219
v 0.006667 0.021822 0.087066
v 0.001903 0.063515 0.013314
v -0.001027 0.065731 0.014148
v -0.005491 0.068600 0.015159
v -0.004657 0.069159 0.016879
v -0.003458 0.069466 0.018758
v -0.002018 0.068901 0.021213
v 0.000619 0.065361 0.027545
v 0.001968 0.063625 0.032140
v -0.005763 0.067256 0.030723
v -0.004922 0.066091 0.035292
v -0.007437 0.071845 0.023464
v -0.008613 0.073019 0.020472
v -0.009498 0.072246 0.018299
v -0.010044 0.070746 0.016264
v -0.015014 0.076528 -0.012855
v -0.012694 0.076403 -0.017691
v -0.014200 0.078891 -0.017665
v -0.010289 0.084391 -0.021755
v -0.017140 0.081718 -0.016170
v -0.007614 0.083681 -0.023755
v -0.009463 0.085389 -0.022924
v -0.009070 0.086301 -0.024736
v -0.007701 0.084990 -0.025681
v -0.011209 0.086997 -0.021836
v -0.009942 0.087585 -0.024112
v -0.015710 0.089047 -0.019639
v -0.014658 0.091095 -0.023370
v -0.013415 0.090888 -0.029986
v -0.014176 0.091655 -0.025901
v -0.008574 0.087113 -0.026277
v -0.007100 0.085191 -0.028624
v -0.099891 -0.049905 -0.051653
v -0.006817 0.082569 -0.031888
v -0.003841 0.078638 -0.029947
v 0.004714 -0.026959 -0.164508
v -0.010612 0.069423 0.014875
v -0.011217 0.067698 0.014382
v -0.085789 -0.033178 -0.014139
v -0.090296 -0.046675 -0.041326
v -0.005352 0.054850 0.026729
v -0.005578 0.057162 0.022515
v -0.010555 0.057987 0.023547
v -0.088829 -0.042441 -0.056895
v -0.092791 -0.042988 -0.058227
v -0.010349 0.055960 0.027681
v -0.015182 0.068144 0.014480
v -0.098831 -0.056812 -0.030697
v -0.100711 -0.052044 -0.050298
v -0.099191 -0.051054 -0.048657
v -0.092399 -0.038228 -0.048727
v -0.084319 -0.049783 -0.024475
v -0.090621 -0.047412 -0.024452
v -0.089314 -0.046929 -0.021577
v -0.083915 -0.049653 -0.022437
v -0.082557 -0.043216 -0.036841
v -0.014782 0.062544 0.018414
v -0.011023 0.062401 0.017840
v -0.015162 0.069629 0.015249
v -0.014833 0.070742 0.017129
v -0.014340 0.073062 0.019522
v -0.014310 0.058104 0.024274
v -0.014011 0.056141 0.028722
v -0.084322 -0.025060 -0.018979
v 0.004272 0.054053 0.019943
v -0.090967 -0.038340 -0.008290
v -0.091961 -0.040990 -0.010159
v -0.033418 -0.095359 -0.000032
v -0.037437 -0.105861 -0.009712
v -0.103237 -0.060939 -0.029719
v 0.005241 0.051910 0.023677
v -0.000510 0.056077 0.021981
v 0.000090 0.053849 0.025152
v -0.011865 0.068065 0.036569
v -0.012432 0.067917 0.032123
v -0.013822 0.074200 0.021765
v -0.013453 0.073042 0.024957
v 0.020997 -0.094252 -0.152805
v 0.050800 0.010057 -0.105041
v 0.047595 0.017323 -0.098754
v -0.091465 -0.045346 -0.053897
v 0.040858 0.023298 -0.105909
v 0.042619 0.016205 -0.110574
v 0.052364 0.003203 -0.112518
v 0.044974 0.010305 -0.117283
v 0.034986 -0.045037 -0.156496
v 0.034655 -0.031696 -0.155014
v 0.015780 -0.028009 -0.161752
v 0.029151 -0.058641 -0.155974
v 0.042268 -0.067572 -0.147519
v 0.043515 -0.047790 -0.149247
v 0.043727 -0.033830 -0.150068
v -0.088023 -0.033591 -0.013679
v -0.089001 -0.030413 -0.007999
v -0.087763 -0.029057 -0.009183
v -0.087313 -0.043601 -0.044171
v 0.018469 -0.069372 0.055598
v 0.052519 -0.113815 -0.073499
v 0.040012 -0.021424 -0.147827
v 0.032350 -0.018872 -0.153434
v 0.030283 -0.006848 -0.148802
v 0.037455 -0.009676 -0.144550
v 0.015143 -0.013760 -0.162585
v 0.003929 -0.012570 -0.164555
v 0.018346 -0.128054 -0.036054
v -0.012242 0.074686 -0.050019
v 0.039114 -0.060913 0.018015
v 0.049567 -0.043866 0.018218
v 0.047429 -0.016558 0.067353
v 0.059240 -0.029149 -0.006519
v 0.058777 -0.029786 -0.007310
v 0.049204 -0.026940 0.031873
v 0.051159 -0.029564 0.018711
v 0.031080 -0.073878 0.017289
v 0.067900 -0.039752 -0.016669
v 0.068628 -0.040957 -0.020066
v 0.069810 -0.039354 -0.015520
v 0.070454 -0.040716 -0.019314
v 0.070710 -0.041410 -0.023342
v 0.070980 -0.038458 -0.013533
v 0.068218 -0.032517 -0.049469
v 0.069973 -0.031038 -0.050714
v -0.084763 -0.049126 -0.019446
v -0.084021 -0.050169 -0.021643
v 0.058282 -0.024717 -0.005109
v 0.058178 -0.026552 -0.005996
v -0.072601 -0.041529 -0.030731
v 0.057206 -0.025798 -0.005960
v 0.057124 -0.024348 -0.005149
v 0.058141 -0.022985 -0.003794
v 0.057029 -0.023186 -0.004282
v 0.073003 -0.026361 -0.065771
v 0.056698 -0.027303 -0.004555
v 0.057954 -0.029543 -0.006793
v 0.057929 -0.027997 -0.006488
v 0.056969 -0.026617 -0.006043
v 0.056799 -0.024484 -0.004845
v 0.056775 -0.022728 -0.003591
v 0.057388 -0.021988 -0.002160
v -0.089721 -0.047594 -0.012930
v -0.086920 -0.041267 -0.007572
v -0.068953 -0.032698 0.042853
v -0.063379 -0.043947 0.040351
v -0.063151 -0.040505 0.052251
v -0.068276 -0.028970 0.055456
v -0.080485 -0.027367 -0.032255
v -0.081757 -0.029831 -0.025897
v -0.083072 -0.027833 -0.024627
v 0.071947 -0.038736 -0.012094
v 0.064006 -0.027089 -0.002069
v -0.037988 0.020864 0.064472
v -0.036272 0.021900 0.078698
v 0.067268 -0.035803 -0.042722
v 0.067255 -0.037349 -0.040824
v 0.070171 -0.038188 -0.042194
v 0.070134 -0.036982 -0.044328
v 0.055386 -0.084400 -0.018414
v 0.058597 -0.090832 -0.031034
v 0.006935 -0.074758 0.052195
v 0.006495 -0.078098 0.038361
v 0.074087 -0.078850 -0.063895
v 0.067232 -0.034688 -0.044350
v 0.070227 -0.035942 -0.046078
v 0.069080 -0.041519 -0.023915
v 0.064978 -0.035146 -0.044325
v 0.065361 -0.036453 -0.042473
v 0.072085 -0.037326 -0.047511
v 0.071983 -0.038476 -0.045538
v 0.071970 -0.039552 -0.043190
v 0.065728 -0.037790 -0.040569
v -0.081350 -0.021731 -0.019405
v -0.079814 -0.010973 -0.019030
v -0.080713 -0.011386 -0.034576
v -0.079819 -0.021594 -0.028992
v 0.069301 -0.038412 -0.048137
v 0.073147 -0.051325 -0.092083
v 0.073940 -0.067002 -0.087088
v 0.068601 -0.054717 -0.110289
v 0.069805 -0.070532 -0.105313
v 0.067252 -0.088031 -0.100115
v 0.071954 -0.085257 -0.081100
v 0.068360 -0.032832 -0.049639
v 0.071277 -0.030610 -0.051513
v 0.051531 -0.005002 -0.118628
v 0.056758 -0.011756 -0.113790
v 0.044719 0.002997 -0.123152
v 0.044522 -0.003890 -0.129293
v 0.050865 -0.012443 -0.125514
v 0.058278 -0.023339 -0.118750
v 0.074237 -0.035224 -0.082394
v 0.070013 -0.036826 -0.097573
v 0.065825 -0.023313 -0.101940
v -0.071390 0.023201 -0.066103
v -0.071402 0.018139 -0.067092
v -0.073266 0.018588 -0.057696
v -0.072462 0.022729 -0.058657
v 0.064277 -0.039435 -0.114889
v 0.055309 -0.029268 -0.129932
v 0.059134 -0.043532 -0.126530
v 0.050819 -0.033089 -0.141012
v 0.052909 -0.047144 -0.138404
v 0.054140 -0.063080 -0.136647
v 0.062264 -0.057964 -0.122600
v 0.050472 -0.018535 -0.132582
v 0.043842 -0.009209 -0.135291
v 0.047197 -0.021876 -0.140634
v 0.042733 -0.013952 -0.140270
v 0.063167 -0.016646 -0.103645
v 0.051648 -0.024272 0.001430
v 0.052771 -0.019308 0.001809
v -0.032660 0.038549 -0.118052
v -0.023067 0.040544 -0.118422
v -0.022339 0.035682 -0.125853
v -0.031959 0.032889 -0.125550
v 0.057069 -0.011185 -0.007457
v -0.040309 -0.110979 -0.016318
v -0.041290 -0.115579 -0.027702
v -0.020237 -0.122173 -0.023574
v -0.020333 -0.117522 -0.012826
v 0.051384 0.018355 -0.032025
v 0.050272 0.015658 -0.043495
v 0.054812 0.006257 -0.036183
v 0.054311 0.008178 -0.023096
v -0.029894 0.014817 -0.147348
v -0.019778 0.017736 -0.146914
v -0.019159 0.009490 -0.154032
v -0.029581 0.006587 -0.153715
v -0.065969 0.036648 -0.039426
v -0.068070 0.037469 -0.033902
v -0.064521 0.040657 -0.033584
v -0.062830 0.039374 -0.039202
v 0.049387 0.013975 -0.057505
v 0.053748 0.004288 -0.049224
v 0.056814 0.001677 -0.065481
v 0.051582 0.012698 -0.073034
v 0.060422 -0.102422 -0.095682
v 0.063845 -0.101250 -0.077691
v -0.088525 -0.027176 -0.002632
v -0.087555 -0.026041 -0.004015
v 0.065234 -0.100902 -0.063937
v 0.032905 0.040541 -0.088335
v -0.018139 -0.002799 -0.158340
v -0.028326 -0.005371 -0.157139
v 0.022713 -0.122274 -0.120716
v 0.032920 0.028571 -0.111002
v 0.051902 -0.103555 -0.119886
v -0.005195 -0.083225 0.035962
v 0.040667 -0.109908 -0.126703
v 0.063072 -0.073066 -0.118747
v 0.061669 -0.087922 -0.114176
v 0.055846 -0.102910 -0.108153
v 0.063132 -0.098209 -0.049984
v 0.036572 -0.002731 -0.139738
v 0.040678 0.036990 -0.055193
v 0.039945 0.036191 -0.050909
v 0.040775 0.038229 -0.059804
v 0.037710 0.037568 -0.046335
v -0.001442 0.058004 -0.042897
v -0.001964 0.060198 -0.040852
v -0.002737 0.062099 -0.038306
v 0.000825 0.057640 -0.037699
v -0.000094 0.059462 -0.034814
v -0.005738 0.068603 -0.039143
v -0.005153 0.065550 -0.041661
v -0.003181 0.064550 -0.036103
v -0.003263 0.066879 -0.033354
v -0.005629 0.071065 -0.036313
v 0.000320 0.064052 -0.021290
v 0.001001 0.061513 -0.025718
v -0.000975 0.063427 -0.029705
v 0.003254 0.057845 -0.031773
v 0.002286 0.059700 -0.028995
v -0.000643 0.061382 -0.032549
v 0.004724 0.055929 -0.034820
v -0.001761 0.070081 -0.030069
v 0.000107 0.073810 -0.027258
v -0.005119 0.074766 -0.032976
v -0.007172 0.078720 -0.035204
v -0.007493 0.075155 -0.038758
v 0.001792 0.055775 -0.039947
v 0.006143 0.054294 -0.037304
v 0.005300 0.059014 -0.025618
v 0.008849 0.058171 -0.022346
v 0.007437 0.056953 -0.029276
v 0.011027 0.056366 -0.026630
v 0.008921 0.055284 -0.032438
v 0.012733 0.054647 -0.029954
v 0.011870 0.057250 -0.018337
v 0.014427 0.056033 -0.014466
v 0.016814 0.054199 -0.009186
v 0.017935 0.054411 -0.019005
v 0.020749 0.052339 -0.013964
v 0.020727 0.053037 -0.023677
v 0.024452 0.051272 -0.018622
v -0.028441 0.055708 -0.049761
v -0.028190 0.052526 -0.051275
v -0.031881 0.050906 -0.047972
v -0.032151 0.053666 -0.046463
v -0.022704 0.052536 -0.091729
v -0.023303 0.049427 -0.098842
v -0.031384 0.047709 -0.099253
v -0.030606 0.051597 -0.092216
v 0.014815 0.055569 -0.023261
v 0.017021 0.053809 -0.026875
v 0.014352 0.052703 -0.033119
v 0.010464 0.053333 -0.035259
v 0.023180 0.049911 -0.033640
v 0.022358 0.051438 -0.028548
v 0.018381 0.052049 -0.030965
v 0.019526 0.050555 -0.035097
v 0.027107 0.049959 -0.024752
v 0.027471 0.048698 -0.031865
v 0.027098 0.047060 -0.036167
v 0.014154 0.048590 -0.042737
v 0.009440 0.049193 -0.043800
v 0.017549 0.047937 -0.042194
v 0.023367 0.048183 -0.037032
v 0.020111 0.048950 -0.037962
v 0.031846 0.041749 -0.042100
v 0.029301 0.043202 -0.041330
v 0.023566 0.045986 -0.041313
v 0.020749 0.046973 -0.041671
v 0.026545 0.044640 -0.041119
v 0.005345 0.049491 -0.045859
v 0.001159 0.049893 -0.048434
v 0.046120 -0.040727 0.030864
v -0.007935 0.072448 -0.041941
v -0.007721 0.069369 -0.044926
v -0.001323 0.051778 -0.064911
v -0.003471 0.050815 -0.062324
v -0.009593 0.057230 -0.062366
v 0.002807 0.055589 -0.068028
v -0.001477 0.050280 -0.051625
v -0.035941 0.048900 -0.045349
v -0.035689 0.051017 -0.043744
v -0.003011 0.050214 -0.054417
v -0.004178 0.049761 -0.057011
v -0.004564 0.050135 -0.059923
v -0.021279 0.029817 -0.132199
v -0.030630 0.026606 -0.131633
v -0.024708 -0.051366 -0.164672
v -0.026397 -0.042194 -0.163554
v -0.015830 -0.043057 -0.165885
v -0.015809 -0.056288 -0.165828
v 0.013289 0.057290 -0.078655
v 0.010419 0.060408 -0.073020
v 0.043814 0.025684 -0.093407
v 0.046601 0.022424 -0.085185
v 0.034102 0.044176 -0.074046
v 0.037344 0.042112 -0.070004
v 0.039565 0.040014 -0.064951
v 0.046820 0.020633 -0.073705
v 0.046031 0.020371 -0.061200
v 0.047131 0.021777 -0.049310
v -0.073064 -0.076051 -0.035315
v -0.077480 -0.061322 -0.034293
v -0.078618 -0.062953 -0.046317
v -0.079080 -0.079247 -0.050370
v 0.035669 0.016559 -0.121950
v -0.045004 0.004036 0.059984
v -0.043441 0.005622 0.071688
v -0.005202 -0.078495 0.050014
v 0.036135 0.010541 -0.127709
v 0.034099 0.022319 -0.115631
v 0.028713 0.001774 -0.143906
v 0.027528 0.009534 -0.137826
v 0.036697 0.003947 -0.133860
v 0.027248 0.016456 -0.132001
v 0.026718 0.022119 -0.125584
v 0.025714 0.028039 -0.119690
v 0.024597 0.033768 -0.114696
v 0.021765 0.040557 -0.106154
v 0.033820 -0.055838 0.029520
v -0.008505 0.070880 -0.029216
v -0.009100 0.071401 -0.029097
v -0.063778 0.029539 -0.087541
v -0.065573 0.024584 -0.092853
v -0.068159 0.021237 -0.085927
v -0.066305 0.026617 -0.081719
v -0.008773 0.070684 -0.029162
v -0.009463 0.071244 -0.029088
v -0.009067 0.071288 -0.028712
v -0.009865 0.073719 -0.020456
v -0.010568 0.072680 -0.022474
v -0.009891 0.072114 -0.026235
v 0.057371 -0.012922 -0.000989
v -0.021696 0.058088 -0.080618
v -0.028900 0.058339 -0.080796
v -0.027031 0.059067 -0.075188
v -0.020992 0.058595 -0.075088
v -0.072553 0.023135 -0.051286
v -0.074056 0.020209 -0.048509
v -0.073692 0.025468 -0.040591
v -0.071514 0.027238 -0.044180
v -0.068669 0.033551 -0.040284
v -0.070912 0.033658 -0.035021
v -0.032376 0.044062 -0.108873
v -0.023585 0.046173 -0.108981
v -0.070017 0.018874 -0.076925
v -0.068769 0.024292 -0.074349
v -0.025468 0.058469 -0.052807
v -0.025723 0.054479 -0.054073
v -0.023290 0.056654 -0.057835
v -0.020328 0.063625 -0.058005
v -0.019987 0.060700 -0.060905
v -0.022330 0.056434 -0.060563
v -0.046638 0.044466 -0.093439
v -0.047189 0.039734 -0.100237
v -0.054166 0.034641 -0.099936
v -0.053151 0.039236 -0.093233
v -0.030036 0.021246 -0.138736
v -0.020339 0.024176 -0.138734
v -0.019792 0.058107 -0.068713
v -0.024005 0.056558 -0.068935
v -0.022725 0.055481 -0.065793
v -0.019678 0.058202 -0.065822
v -0.039958 0.049049 -0.041837
v -0.040382 0.047585 -0.043800
v -0.077256 -0.032391 -0.004281
v -0.080065 -0.030867 -0.002481
v -0.080607 -0.024070 -0.050015
v -0.079125 -0.022389 -0.039357
v -0.078750 -0.011947 -0.047943
v -0.079877 -0.014807 -0.061373
v -0.082328 -0.018924 -0.073936
v -0.082575 -0.024864 -0.082716
v -0.083105 -0.031442 -0.065705
v -0.082085 -0.027029 -0.059407
v -0.054659 -0.050063 0.049632
v -0.053533 -0.054164 0.038808
v -0.020604 0.067375 -0.055512
v -0.020709 0.070771 -0.052994
v -0.021826 -0.132694 -0.069262
v -0.021117 -0.133205 -0.054839
v -0.043052 -0.124879 -0.060370
v -0.042890 -0.123839 -0.074156
v -0.072838 -0.072267 -0.025050
v -0.076298 -0.058650 -0.025129
v -0.029941 0.073896 -0.024639
v -0.027046 0.070326 -0.028733
v -0.028038 0.071385 -0.025723
v -0.027211 0.070370 -0.028724
v -0.030288 0.075913 -0.022454
v -0.032588 0.076962 -0.022823
v -0.028545 0.070534 -0.021601
v -0.027506 0.071198 -0.021593
v -0.027257 0.071737 -0.025886
v -0.027289 0.070414 -0.028822
v -0.020934 0.084304 -0.017209
v -0.021596 0.087184 -0.018766
v -0.025388 0.085442 -0.021143
v -0.023828 0.083629 -0.019312
v -0.025983 0.071441 -0.028722
v -0.025285 0.073087 -0.026042
v -0.024666 0.079049 -0.024139
v -0.026525 0.074476 -0.027128
v -0.026316 0.071780 -0.028648
v -0.026627 0.077870 -0.024737
v -0.026053 0.076473 -0.018426
v -0.028261 0.076073 -0.024863
v -0.088628 -0.041685 -0.016635
v -0.067292 -0.019634 0.028166
v -0.072970 -0.027325 0.014522
v -0.071657 -0.031054 0.015057
v -0.068579 -0.026339 0.029847
v -0.088659 -0.044841 -0.043732
v -0.075179 0.004016 -0.093162
v -0.075327 -0.006024 -0.104537
v -0.080833 -0.016615 -0.094109
v -0.080498 -0.010995 -0.083469
v -0.075504 -0.013203 -0.114837
v -0.082483 -0.024100 -0.105032
v -0.087418 -0.032742 -0.093484
v -0.085248 -0.045057 -0.072044
v -0.057052 0.042029 -0.053046
v -0.057135 0.041984 -0.052885
v -0.055589 0.043268 -0.052512
v -0.055741 0.043283 -0.052619
v -0.056716 0.041536 -0.052933
v -0.055292 0.042603 -0.052340
v -0.057633 0.040568 -0.053362
v -0.058053 0.040993 -0.053319
v -0.058155 0.040919 -0.053143
v -0.039655 0.046001 -0.053133
v -0.040369 0.045695 -0.053226
v -0.043104 0.045681 -0.052496
v -0.042342 0.046550 -0.052524
v -0.039270 0.046182 -0.052914
v -0.042140 0.046822 -0.052290
v -0.043256 0.040064 -0.055217
v -0.042687 0.039992 -0.055548
v -0.044093 0.040114 -0.054910
v -0.037606 0.044142 -0.055194
v -0.037836 0.044135 -0.056282
v -0.042467 0.039965 -0.056550
v -0.042322 0.039886 -0.055914
v -0.037980 0.044495 -0.054507
v -0.036301 0.044337 -0.054455
v -0.035286 0.043729 -0.054937
v -0.035421 0.043905 -0.056535
v -0.047378 0.046389 -0.051514
v -0.047523 0.046251 -0.050843
v -0.042775 0.046748 -0.051012
v -0.042388 0.046862 -0.051782
v -0.047266 0.046376 -0.051921
v -0.050616 0.045356 -0.052128
v -0.050616 0.045251 -0.051740
v -0.050641 0.045101 -0.051038
v -0.039375 0.046706 -0.051802
v -0.039284 0.046543 -0.052624
v -0.050542 0.044973 -0.050426
v -0.047627 0.045988 -0.050297
v -0.042901 0.046535 -0.050490
v -0.039362 0.046623 -0.051469
v -0.036548 0.046092 -0.052747
v -0.037650 0.046230 -0.052755
v -0.047494 0.045698 -0.049579
v -0.047344 0.045277 -0.048914
v -0.042486 0.045984 -0.049264
v -0.042745 0.046265 -0.049904
v -0.050449 0.044592 -0.049691
v -0.050327 0.044287 -0.048846
v -0.059156 0.039120 -0.053069
v -0.059689 0.038271 -0.053483
v -0.059566 0.038271 -0.052910
v -0.059193 0.038676 -0.052555
v -0.061588 0.035205 -0.050324
v -0.062652 0.034411 -0.051653
v -0.064150 0.032719 -0.051208
v -0.062859 0.034040 -0.049686
v -0.070589 0.030251 -0.041749
v -0.065151 0.033225 -0.046958
v -0.066694 0.031137 -0.048482
v -0.058637 0.039861 -0.052973
v -0.057989 0.040749 -0.052753
v -0.058757 0.040039 -0.053255
v -0.059210 0.039143 -0.053472
v -0.058712 0.039432 -0.052240
v -0.057868 0.040356 -0.052108
v -0.057026 0.041786 -0.052540
v -0.056922 0.041442 -0.051850
v -0.055348 0.042758 -0.051514
v -0.055396 0.043040 -0.052206
v -0.053426 0.044171 -0.051909
v -0.053802 0.044212 -0.052339
v -0.053391 0.043925 -0.051200
v -0.055362 0.042443 -0.050855
v -0.053347 0.043674 -0.050608
v -0.056865 0.041048 -0.051122
v -0.057944 0.039911 -0.051423
v -0.058775 0.038886 -0.051719
v -0.059478 0.038164 -0.052055
v -0.059971 0.037677 -0.052618
v -0.059052 0.038253 -0.051129
v -0.059624 0.037381 -0.050397
v -0.058347 0.038656 -0.049937
v -0.058100 0.039398 -0.050755
v -0.059943 0.037407 -0.051591
v -0.060665 0.036348 -0.050984
v -0.056964 0.040556 -0.050468
v -0.056983 0.040052 -0.049677
v -0.055222 0.041649 -0.049284
v -0.055313 0.042097 -0.050115
v -0.052878 0.043282 -0.049977
v -0.052865 0.042890 -0.049021
v -0.047317 0.046382 -0.051902
v -0.047116 0.045310 -0.052049
v -0.050505 0.044467 -0.051912
v -0.050764 0.045339 -0.052100
v -0.053968 0.044277 -0.052312
v -0.053373 0.043657 -0.051915
v -0.050276 0.043585 -0.051703
v -0.048221 0.039661 -0.054177
v -0.049384 0.039219 -0.054230
v -0.052981 0.042724 -0.051779
v -0.047197 0.044282 -0.051942
v -0.046766 0.040053 -0.054248
v -0.043862 0.044543 -0.052650
v -0.045262 0.040134 -0.054577
v -0.041127 0.045013 -0.053248
v -0.048090 0.045426 -0.066678
v -0.047863 0.046167 -0.066504
v -0.052975 0.045087 -0.065210
v -0.052942 0.044588 -0.065236
v -0.055189 -0.106846 -0.031880
v -0.055662 -0.111999 -0.048536
v -0.041448 -0.120936 -0.043420
v -0.055493 0.044070 -0.060854
v -0.055416 0.043643 -0.062540
v -0.057794 0.042006 -0.061093
v -0.057833 0.042400 -0.059631
v -0.055801 0.044837 -0.059251
v -0.057846 0.042959 -0.057999
v -0.053087 0.046736 -0.060769
v -0.052974 0.045971 -0.062536
v -0.052968 0.045304 -0.064187
v -0.056942 0.039124 -0.057495
v -0.056239 0.039905 -0.058299
v -0.056953 0.041210 -0.057723
v -0.057910 0.039878 -0.057183
v -0.057592 0.038459 -0.056947
v -0.058483 0.038968 -0.056691
v -0.052097 0.037181 -0.056733
v -0.051773 0.037511 -0.057014
v -0.051285 0.038004 -0.057366
v -0.052274 0.036991 -0.056442
v -0.052364 0.036899 -0.056096
v -0.052398 0.036912 -0.055804
v -0.052308 0.037055 -0.055538
v -0.072210 0.031206 -0.027006
v -0.072655 0.029734 -0.037019
v -0.074150 0.026744 -0.029306
v -0.058597 0.040031 -0.053477
v -0.059078 0.039149 -0.053747
v -0.058122 0.039731 -0.053610
v -0.058577 0.039040 -0.053874
v -0.059576 0.038284 -0.054159
v -0.059833 0.038107 -0.054025
v -0.056097 0.040917 -0.052759
v -0.051263 0.038307 -0.054571
v -0.051691 0.037934 -0.054826
v -0.056768 0.040021 -0.053423
v -0.054815 0.041729 -0.052133
v -0.050533 0.038749 -0.054343
v -0.051968 0.037643 -0.055067
v -0.052143 0.037310 -0.055298
v -0.057093 0.039386 -0.053745
v -0.057531 0.038719 -0.054114
v -0.058964 0.038510 -0.054384
v -0.058034 0.037828 -0.055161
v -0.057995 0.037850 -0.055694
v -0.059105 0.038244 -0.054861
v -0.059154 0.038178 -0.055471
v -0.057902 0.038114 -0.054611
v -0.057842 0.038058 -0.056325
v -0.058882 0.038482 -0.055952
v -0.059960 0.037860 -0.053510
v -0.060037 0.037789 -0.054328
v -0.060574 0.037262 -0.055201
v -0.060394 0.037322 -0.053440
v -0.061015 0.036517 -0.053430
v -0.060513 0.036794 -0.052285
v -0.061489 0.036647 -0.055917
v -0.062491 0.035467 -0.056636
v -0.062147 0.035274 -0.053514
v -0.061404 0.035693 -0.052042
v -0.059793 0.037945 -0.054795
v -0.060005 0.037755 -0.055140
v -0.060974 0.037964 -0.056764
v -0.061519 0.037474 -0.057971
v -0.060417 0.038315 -0.056068
v -0.059954 0.039608 -0.056573
v -0.060233 0.039312 -0.057597
v -0.060603 0.038808 -0.058759
v -0.059253 0.040788 -0.058433
v -0.059458 0.040379 -0.059797
v -0.059136 0.041129 -0.057149
v -0.059844 0.038396 -0.055812
v -0.059396 0.039416 -0.056325
v -0.058680 0.040784 -0.056759
v -0.057743 0.042860 -0.056952
v -0.055763 0.045046 -0.057635
v -0.055053 0.043162 -0.058426
v -0.052967 0.046767 -0.059196
v -0.052407 0.045197 -0.059267
v -0.048056 0.047027 -0.067083
v -0.053700 0.045680 -0.066038
v -0.051845 0.043330 -0.059620
v -0.049140 0.039608 -0.057968
v -0.047578 0.040250 -0.058056
v -0.048732 0.044612 -0.059632
v -0.038511 0.044779 -0.056967
v -0.039379 0.045448 -0.057739
v -0.043205 0.040545 -0.057108
v -0.042762 0.040263 -0.056833
v -0.036932 0.045117 -0.057103
v -0.038338 0.045974 -0.057954
v -0.042955 0.045710 -0.059017
v -0.044790 0.040852 -0.057597
v -0.043844 0.040757 -0.057352
v -0.041159 0.045496 -0.058412
v -0.042453 0.047416 -0.059557
v -0.039977 0.046728 -0.058633
v -0.049161 0.046583 -0.059912
v -0.022378 -0.129025 -0.107861
v -0.022750 -0.130099 -0.090633
v -0.040801 -0.122161 -0.093265
v -0.039081 -0.121022 -0.108373
v -0.054233 0.041692 -0.059052
v -0.050364 0.038813 -0.057702
v -0.047901 -0.113732 -0.108492
v -0.045196 -0.110311 -0.116845
v -0.037142 -0.116314 -0.119741
v -0.039930 -0.071738 0.028052
v -0.029320 -0.075824 0.039693
v -0.034877 0.045983 -0.057018
v -0.036636 0.046460 -0.058251
v -0.033578 0.045618 -0.056118
v -0.032910 0.045516 -0.056416
v -0.034130 0.045683 -0.057810
v -0.035641 0.046062 -0.059076
v -0.038785 0.047096 -0.059231
v -0.037959 0.046977 -0.060212
v -0.041493 0.048313 -0.061313
v -0.041806 0.048363 -0.060058
v -0.049057 0.048034 -0.060398
v -0.048999 0.047927 -0.061990
v -0.040625 0.047112 -0.063320
v -0.037259 0.045942 -0.061697
v -0.039702 0.046051 -0.065182
v -0.036841 0.045314 -0.063318
v -0.048697 0.046241 -0.065529
v -0.048967 0.047227 -0.063657
v -0.036450 0.045849 -0.053485
v -0.034167 0.045730 -0.054073
v -0.037074 0.045964 -0.053706
v -0.034568 0.045724 -0.054069
v -0.038212 0.045338 -0.053871
v -0.033711 0.045456 -0.054723
v -0.032979 0.045544 -0.054887
v -0.039065 0.044997 -0.053838
v -0.033336 0.045153 -0.058338
v -0.031955 0.045342 -0.056684
v -0.032081 0.044212 -0.059351
v -0.031216 0.044895 -0.057175
v -0.034295 0.044192 -0.061896
v -0.034890 0.044966 -0.060107
v -0.031948 0.045448 -0.055144
v -0.032503 0.045659 -0.054354
v -0.031257 0.045319 -0.055486
v -0.031804 0.045549 -0.054539
v -0.039058 0.046587 -0.051025
v -0.038657 0.046392 -0.050657
v -0.035753 0.046221 -0.052517
v -0.035092 0.046110 -0.052411
v -0.046966 0.044780 -0.048208
v -0.050031 0.043898 -0.048099
v -0.046392 0.044500 -0.047314
v -0.049679 0.043459 -0.047107
v -0.041638 0.045736 -0.047832
v -0.042176 0.045794 -0.048563
v -0.043225 0.008406 0.081330
v -0.060282 0.036568 -0.049556
v -0.061190 0.035834 -0.048621
v -0.059383 0.037415 -0.047881
v -0.058772 0.037964 -0.049076
v -0.057129 0.039461 -0.048696
v -0.057332 0.039174 -0.047330
v -0.054960 0.040818 -0.047090
v -0.055071 0.041192 -0.048269
v -0.052703 0.042387 -0.048206
v -0.052683 0.042101 -0.046976
v -0.063732 0.033710 -0.053206
v -0.064748 0.033299 -0.056626
v -0.065539 0.032099 -0.052617
v -0.067309 0.031341 -0.056258
v -0.030297 0.044627 -0.060527
v -0.030040 0.044602 -0.057673
v -0.028833 0.045961 -0.061021
v -0.028642 0.045631 -0.058290
v -0.030208 0.046784 -0.063527
v -0.031956 0.044959 -0.063367
v -0.030558 0.045426 -0.055916
v -0.031188 0.045488 -0.054632
v -0.029597 0.045905 -0.056049
v -0.030546 0.046068 -0.054539
v -0.038161 0.046178 -0.050182
v -0.037665 0.046201 -0.049581
v -0.034559 0.046282 -0.052216
v -0.033883 0.046519 -0.051790
v -0.053940 -0.100963 -0.020180
v -0.057045 -0.115748 -0.065263
v -0.061304 0.043564 -0.068759
v -0.058643 0.043960 -0.066397
v -0.055263 0.046242 -0.068001
v -0.057299 0.047003 -0.070522
v -0.063577 0.041176 -0.072852
v -0.066314 0.038572 -0.069695
v -0.063817 0.040354 -0.066717
v -0.061253 0.041413 -0.064724
v -0.065488 0.034101 -0.059501
v -0.063584 0.035684 -0.059452
v -0.063468 0.036932 -0.061165
v -0.065344 0.035534 -0.061803
v -0.067931 0.032099 -0.059494
v -0.067968 0.033637 -0.062702
v -0.064684 0.037686 -0.064091
v -0.062554 0.038972 -0.062856
v -0.067309 0.035978 -0.065810
v -0.037734 0.048542 -0.068352
v -0.038213 0.046721 -0.067588
v -0.035553 0.045326 -0.065648
v -0.034353 0.046472 -0.065790
v -0.036914 0.049860 -0.069259
v -0.032523 0.047798 -0.065897
v -0.050557 0.050254 -0.071391
v -0.049318 0.048464 -0.069314
v -0.039360 0.045533 -0.066108
v -0.037365 0.045405 -0.064571
v -0.039016 0.045434 -0.066219
v -0.036886 0.045184 -0.064574
v -0.054527 -0.096231 -0.127071
v -0.058460 -0.084534 -0.132496
v -0.041513 -0.089869 -0.144143
v -0.039022 -0.100569 -0.138152
v -0.055428 0.043767 -0.063419
v -0.055743 0.043670 -0.063752
v -0.058148 0.041854 -0.062406
v -0.057764 0.041965 -0.061973
v -0.059646 0.040116 -0.060744
v -0.060088 0.039980 -0.061298
v -0.061296 0.038385 -0.060175
v -0.060851 0.038569 -0.059772
v -0.061540 0.037454 -0.058965
v -0.062025 0.037045 -0.059083
v -0.036873 0.045450 -0.065431
v -0.038742 0.046114 -0.066505
v -0.051591 -0.115262 -0.096285
v -0.054867 0.029170 -0.107504
v -0.061779 0.023121 -0.104670
v -0.060655 0.029005 -0.097976
v -0.056672 0.044126 -0.064639
v -0.059166 0.041826 -0.063377
v -0.061000 0.039700 -0.062030
v -0.062129 0.037926 -0.060701
v -0.062658 0.036804 -0.059713
v -0.084344 -0.027295 -0.021875
v -0.083185 -0.029356 -0.022046
v -0.084937 -0.051672 -0.032856
v -0.081683 -0.049662 -0.039257
v -0.080619 -0.048390 -0.042607
v -0.088462 -0.039000 -0.049431
v -0.089910 -0.041859 -0.052718
v -0.095293 -0.046490 -0.014772
v -0.092471 -0.042221 -0.012558
v -0.095227 -0.047301 -0.015565
v -0.097937 -0.051397 -0.049038
v -0.098676 -0.053056 -0.047459
v -0.100118 -0.052730 -0.047084
v -0.046125 -0.086005 -0.000633
v -0.050199 -0.094038 -0.013562
v -0.099242 -0.054738 -0.045664
v -0.082548 -0.032313 -0.026829
v -0.087071 -0.052398 -0.032348
v -0.089943 -0.054770 -0.031764
v -0.092038 -0.055273 -0.026740
v -0.090411 -0.054214 -0.027296
v -0.091900 -0.053482 -0.021629
v -0.090351 -0.052530 -0.022543
v -0.096306 -0.050731 -0.018287
v -0.095902 -0.054155 -0.022513
v -0.091044 -0.043305 -0.053115
v -0.091238 -0.042536 -0.052201
v -0.092098 -0.043695 -0.053081
v -0.083451 -0.033714 -0.025887
v -0.086598 -0.039121 -0.047236
v -0.086554 -0.037467 -0.045229
v -0.086102 -0.037867 -0.045813
v -0.080430 -0.037836 -0.031187
v -0.080190 -0.037998 -0.031944
v -0.081736 -0.037339 -0.029580
v -0.083697 -0.035341 -0.028205
v -0.078101 -0.037180 -0.020674
v -0.077385 -0.038691 -0.019897
v -0.077250 -0.037858 -0.019002
v -0.093862 -0.045806 -0.058574
v -0.086711 -0.037152 -0.044177
v -0.087925 -0.037556 -0.045115
v -0.088787 -0.037815 -0.046212
v -0.093250 -0.043751 -0.052317
v -0.089331 -0.037964 -0.047190
v -0.088081 -0.038114 -0.047372
v -0.089436 -0.038915 -0.049019
v -0.087245 -0.038441 -0.047592
v -0.083526 -0.050102 -0.023385
v -0.082339 -0.048447 -0.023340
v -0.081341 -0.027940 -0.041099
v -0.082610 -0.029927 -0.039214
v -0.091038 -0.039931 -0.011256
v -0.081410 -0.044952 -0.048233
v -0.081496 -0.047085 -0.051472
v -0.097600 -0.055823 -0.026631
v -0.090122 -0.045200 -0.019407
v -0.087905 -0.043989 -0.018170
v -0.092439 -0.046481 -0.021028
v -0.093895 -0.047903 -0.023901
v -0.083045 -0.041499 -0.038886
v -0.091479 -0.047365 -0.043269
v -0.092180 -0.048329 -0.041138
v -0.089948 -0.045991 -0.043445
v -0.081664 -0.046269 -0.054729
v -0.082359 -0.043842 -0.054267
v -0.080586 -0.044572 -0.051020
v -0.082953 -0.043212 -0.052299
v -0.079933 -0.037001 -0.024124
v -0.077475 -0.040464 -0.017892
v -0.079177 -0.042075 -0.019767
v -0.079032 -0.041380 -0.017244
v -0.080344 -0.043039 -0.018484
v -0.080657 -0.044473 -0.019824
v -0.080876 -0.045848 -0.021845
v -0.081794 -0.046264 -0.024113
v -0.079368 -0.037655 -0.028333
v -0.084191 -0.035943 -0.053376
v -0.079004 -0.037734 -0.026538
v -0.080780 -0.037497 -0.029857
v -0.080824 -0.037082 -0.028105
v -0.080500 -0.036917 -0.026213
v -0.087233 -0.036525 -0.015415
v -0.086689 -0.039698 -0.016811
v -0.085611 -0.036146 -0.016168
v -0.086664 -0.042288 -0.017346
v -0.083979 -0.036232 -0.016635
v -0.082738 -0.044714 -0.049098
v -0.082798 -0.044878 -0.052072
v -0.083205 -0.025737 -0.025015
v -0.075951 0.021457 -0.033750
v -0.076594 0.015412 -0.043033
v -0.044894 0.047079 0.018696
v -0.044138 0.047294 0.022039
v -0.069254 0.035264 -0.024984
v -0.065162 0.039498 -0.022822
v -0.043678 0.059866 0.011367
v -0.043021 0.059897 0.012837
v -0.042219 0.060125 0.012702
v -0.042870 0.059854 0.011702
v -0.041376 0.057901 0.012937
v -0.042187 0.057255 0.012653
v -0.042218 0.058519 0.012552
v -0.041413 0.059196 0.012915
v -0.045606 0.059246 -0.007469
v -0.047543 0.055293 -0.011701
v -0.049724 0.054149 -0.007026
v -0.048087 0.057918 -0.003324
v -0.043445 0.050088 0.014718
v -0.043391 0.050800 0.012523
v -0.042808 0.053740 0.011993
v -0.042797 0.053212 0.013270
v -0.043322 0.049848 0.016304
v -0.042604 0.052997 0.014119
v -0.044879 0.047278 0.016397
v -0.044698 0.047878 0.013175
v -0.049945 0.053143 0.017600
v -0.047828 0.056069 0.015605
v -0.048734 0.056870 0.011717
v -0.050924 0.054109 0.012244
v -0.042185 0.057105 -0.019527
v -0.045103 0.056223 -0.015988
v -0.043205 0.059157 -0.011630
v -0.039896 0.059776 -0.016195
v -0.036781 0.060827 -0.020478
v -0.038651 0.058069 -0.023479
v -0.034785 0.064247 -0.027798
v -0.036750 0.066249 -0.024286
v -0.037185 0.069905 -0.023628
v -0.036696 0.068326 -0.025525
v -0.035379 0.069047 -0.019357
v -0.037386 0.064998 -0.022152
v -0.031389 0.070532 -0.017919
v -0.031064 0.071367 -0.018412
v -0.035555 0.067523 -0.018625
v -0.035118 0.065439 -0.017894
v -0.031909 0.069511 -0.017265
v -0.030456 0.072016 -0.018808
v -0.033140 0.071498 -0.019624
v -0.034424 0.072559 -0.022107
v -0.023257 0.081385 -0.018371
v -0.024471 0.083137 -0.020132
v -0.025786 0.062015 -0.050850
v -0.028899 0.058829 -0.047674
v -0.026151 0.064996 -0.048479
v -0.029051 0.061406 -0.045375
v -0.033442 0.076058 -0.024405
v -0.035829 0.074200 -0.026718
v -0.030881 0.080356 -0.024815
v -0.031924 0.079628 -0.028281
v -0.019594 0.059003 -0.063339
v -0.021620 0.077733 -0.014868
v -0.022121 0.077273 -0.014896
v -0.020923 0.079249 -0.015888
v -0.019316 -0.117982 -0.132654
v -0.019469 -0.107783 -0.144255
v -0.021860 -0.084245 -0.157991
v -0.021360 -0.072438 -0.160642
v -0.024761 0.077832 -0.000231
v -0.024594 0.078039 -0.001955
v -0.031345 0.060498 0.005180
v -0.025995 0.062309 0.004460
v -0.025856 0.065227 0.005023
v -0.031232 0.063605 0.006143
v -0.034923 0.061517 0.007183
v -0.035509 0.058245 0.006191
v -0.031306 0.058013 0.004204
v -0.025807 0.059487 0.003348
v -0.030771 0.069244 0.006931
v -0.025671 0.071548 0.005586
v -0.025457 0.074241 0.003900
v -0.030666 0.071692 0.005217
v -0.036907 0.063633 -0.014059
v -0.033796 0.067348 -0.014287
v -0.030361 0.072059 -0.014291
v -0.027167 0.075199 -0.013926
v -0.026273 0.075336 -0.015831
v -0.028972 0.072823 -0.016708
v -0.025712 0.075453 -0.016161
v -0.028234 0.073117 -0.017164
v -0.027957 0.073483 -0.017401
v -0.028498 0.073248 -0.018001
v -0.026673 0.074970 -0.017614
v -0.027324 0.074623 -0.018382
v -0.025547 0.075797 -0.016233
v -0.021868 0.080462 -0.043142
v -0.021248 0.077208 -0.046805
v -0.029133 0.075535 -0.003230
v -0.024631 0.077127 -0.003632
v -0.024116 0.075939 -0.007746
v -0.028304 0.074485 -0.007845
v -0.032397 0.071426 -0.007284
v -0.034074 0.072707 -0.001684
v -0.022681 0.076964 -0.014655
v -0.029468 0.075960 -0.001398
v -0.029869 0.075691 0.000497
v -0.034686 0.073103 0.000466
v -0.034951 0.072652 0.002540
v -0.038693 0.069362 0.000911
v -0.037411 0.067983 -0.005728
v -0.042696 0.064189 -0.003811
v -0.042270 0.065646 0.003857
v -0.048801 0.058362 0.008193
v -0.044873 0.059447 0.011353
v -0.044814 0.060170 0.009732
v -0.044557 0.061438 0.008029
v -0.048085 0.059758 0.004319
v -0.050968 0.055869 0.007108
v -0.049980 0.057047 0.001584
v -0.046531 0.061490 0.000091
v -0.043900 0.063090 0.006079
v -0.043741 0.060626 0.010013
v -0.042944 0.060292 0.010833
v -0.043447 0.061679 0.008907
v -0.042644 0.061241 0.009869
v -0.042987 0.063045 0.007726
v -0.042160 0.062439 0.008942
v -0.041278 0.064312 0.007676
v -0.041908 0.065244 0.006105
v -0.041405 0.059334 0.010822
v -0.040216 0.060560 0.010164
v -0.039989 0.061906 0.009906
v -0.041068 0.060385 0.010600
v -0.042244 0.058144 0.011565
v -0.041793 0.059411 0.011296
v -0.042291 0.054699 0.010955
v -0.041516 0.055632 0.009778
v -0.042761 0.057325 0.012128
v -0.042585 0.058281 0.012071
v -0.042280 0.059652 0.011833
v -0.042035 0.060423 0.010743
v -0.041439 0.061502 0.009966
v -0.040517 0.063094 0.009052
v -0.034821 0.071172 0.004679
v -0.038491 0.068858 0.005165
v -0.037964 0.067127 0.007015
v -0.034450 0.068760 0.006984
v -0.037462 0.065282 0.008610
v -0.036039 0.055568 0.005202
v -0.034333 0.066447 0.008210
v -0.039349 0.055135 0.007598
v -0.040282 0.052486 0.006844
v -0.038543 0.058408 0.008392
v -0.042880 0.051822 0.010932
v -0.042151 0.052554 0.009330
v -0.044138 0.048775 0.010762
v -0.043223 0.049921 0.008747
v -0.037563 0.063402 0.009240
v -0.038818 0.069510 0.003211
v -0.030296 0.074147 0.002648
v -0.025118 0.076269 0.001520
v -0.023561 0.087278 -0.034600
v -0.022873 0.083731 -0.039367
v -0.041689 0.059996 0.012754
v -0.025606 0.029008 0.092210
v -0.044198 0.059266 0.013287
v -0.042752 0.049793 0.018933
v -0.041885 0.053118 0.015692
v -0.047594 0.053481 0.022823
v -0.044183 0.056581 0.027472
v -0.043016 0.058987 0.023585
v -0.045945 0.056328 0.019907
v -0.040986 0.062283 0.018012
v -0.043008 0.060268 0.015198
v -0.041899 0.061064 0.014380
v -0.039759 0.063203 0.016300
v -0.038810 0.063528 0.015139
v -0.041020 0.061250 0.013785
v -0.037424 0.062258 0.013719
v -0.033268 0.064340 0.014074
v -0.032288 0.059575 0.017730
v -0.036706 0.057372 0.017380
v -0.040812 0.054257 0.016428
v -0.040365 0.058819 0.013326
v -0.037743 0.062927 0.013897
v -0.040329 0.060175 0.013596
v -0.033723 0.065782 0.014104
v -0.034820 0.021309 0.087820
v -0.040637 0.060947 0.013450
v -0.038190 0.063302 0.014151
v -0.034294 0.066634 0.014848
v -0.035121 0.067223 0.016601
v -0.036136 0.067463 0.018561
v -0.037045 0.066408 0.021169
v -0.038424 0.062377 0.027704
v -0.039611 0.060816 0.032186
v -0.032760 0.065283 0.030804
v -0.033478 0.064393 0.035123
v -0.032342 0.070146 0.023686
v -0.031786 0.071437 0.020301
v -0.030875 0.070771 0.017934
v -0.030283 0.069428 0.015802
v -0.023493 0.076665 -0.013291
v -0.025234 0.076615 -0.017265
v -0.023657 0.078909 -0.017551
v -0.026795 0.083659 -0.022020
v -0.020734 0.081573 -0.016512
v -0.029401 0.082473 -0.024117
v -0.027744 0.084329 -0.023177
v -0.028201 0.084881 -0.025237
v -0.029402 0.083430 -0.026362
v -0.026232 0.085978 -0.022163
v -0.027490 0.086224 -0.024720
v -0.022089 0.088477 -0.020047
v -0.023137 0.090286 -0.023809
v -0.023890 0.089534 -0.030644
v -0.023621 0.090584 -0.026544
v -0.028460 0.085389 -0.027169
v -0.029309 0.083223 -0.029514
v -0.029199 0.080642 -0.032457
v -0.032257 0.076713 -0.030717
v -0.017185 -0.027398 -0.165491
v -0.029670 0.068218 0.014547
v -0.028709 0.066318 0.014315
v -0.031398 0.053039 0.027397
v -0.031736 0.055234 0.023154
v -0.026906 0.056770 0.023899
v -0.026546 0.054846 0.028077
v -0.024654 0.067359 0.014437
v -0.023851 0.061857 0.018427
v -0.027599 0.061169 0.017989
v -0.025052 0.069079 0.014952
v -0.025596 0.070415 0.016563
v -0.026154 0.072393 0.018951
v -0.023195 0.057432 0.024430
v -0.022825 0.055593 0.028844
v -0.041279 0.050718 0.020649
v -0.041534 0.048493 0.024781
v -0.036673 0.053267 0.022525
v -0.036752 0.051226 0.025981
v -0.027076 0.067180 0.036540
v -0.026510 0.067009 0.032315
v -0.026678 0.073470 0.021467
v -0.026783 0.072070 0.025029
v -0.020687 -0.095780 -0.151128
v -0.069919 0.000939 -0.111239
v -0.069918 0.009151 -0.104671
v -0.063567 0.015309 -0.111292
v -0.063735 0.007933 -0.116259
v -0.070894 -0.005407 -0.119932
v -0.064327 0.002858 -0.123727
v -0.043073 -0.048095 -0.157886
v -0.046342 -0.032974 -0.158718
v -0.028075 -0.028921 -0.164997
v -0.036286 -0.062180 -0.157233
v -0.046835 -0.072299 -0.148337
v -0.050467 -0.053934 -0.152352
v -0.052351 -0.037588 -0.151742
v -0.028891 -0.074507 0.053991
v -0.056048 -0.116200 -0.078792
v -0.052261 -0.025597 -0.150143
v -0.044687 -0.022175 -0.156228
v -0.043686 -0.011917 -0.151468
v -0.050724 -0.015741 -0.147702
v -0.028176 -0.016633 -0.163309
v -0.017675 -0.014512 -0.165228
v -0.020940 -0.128567 -0.037477
v -0.020812 0.073814 -0.050151
v -0.053160 -0.066157 0.014243
v -0.067807 -0.051520 0.015146
v -0.067770 -0.026356 0.065713
v -0.080204 -0.038905 -0.009807
v -0.079485 -0.039471 -0.010584
v -0.069864 -0.036687 0.029051
v -0.071838 -0.038268 0.015840
v -0.043086 -0.078022 0.014738
v -0.085935 -0.050633 -0.021174
v -0.085887 -0.051551 -0.024788
v -0.088250 -0.050742 -0.020259
v -0.088306 -0.052011 -0.024160
v -0.087776 -0.052560 -0.028378
v -0.089851 -0.050312 -0.018416
v -0.083003 -0.042476 -0.053569
v -0.085209 -0.041619 -0.054808
v -0.080679 -0.034703 -0.007402
v -0.080284 -0.036385 -0.008516
v -0.079695 -0.035544 -0.007804
v -0.079754 -0.034210 -0.007164
v -0.080644 -0.033113 -0.006105
v -0.079578 -0.033109 -0.006348
v -0.083703 -0.036581 -0.071126
v -0.077495 -0.036548 -0.007403
v -0.078920 -0.038978 -0.009884
v -0.079411 -0.037599 -0.009165
v -0.079244 -0.036217 -0.007894
v -0.078728 -0.034178 -0.006519
v -0.078881 -0.032636 -0.005342
v -0.080070 -0.032129 -0.004559
v -0.090955 -0.051006 -0.017085
v -0.085514 -0.038229 -0.005884
v -0.083340 -0.046465 -0.047680
v -0.083230 -0.047703 -0.045876
v -0.085953 -0.049346 -0.047467
v -0.085948 -0.048331 -0.049439
v -0.062529 -0.086202 -0.023928
v -0.067437 -0.093666 -0.033423
v -0.017110 -0.077752 0.051505
v -0.016921 -0.080473 0.036924
v -0.081714 -0.081156 -0.068266
v -0.083186 -0.045548 -0.049120
v -0.085829 -0.047332 -0.051018
v -0.085465 -0.051875 -0.028900
v -0.080705 -0.045506 -0.049077
v -0.081119 -0.046484 -0.047442
v -0.087560 -0.049121 -0.052529
v -0.087726 -0.050330 -0.050728
v -0.088354 -0.051422 -0.048433
v -0.081347 -0.047433 -0.045602
v -0.081927 -0.047684 -0.053222
v -0.086255 -0.059870 -0.098730
v -0.083401 -0.072568 -0.093298
v -0.077993 -0.062863 -0.113931
v -0.076040 -0.076813 -0.109318
v -0.071466 -0.092181 -0.104660
v -0.077427 -0.088115 -0.086775
v -0.082567 -0.042740 -0.054013
v -0.086935 -0.041937 -0.055793
v -0.070606 -0.012191 -0.126435
v -0.075830 -0.020081 -0.121397
v -0.064869 -0.003208 -0.131532
v -0.063677 -0.009461 -0.137649
v -0.069454 -0.018685 -0.132693
v -0.075904 -0.030332 -0.124332
v -0.088919 -0.045239 -0.090462
v -0.085624 -0.045873 -0.103905
v -0.083763 -0.033301 -0.108672
v -0.077605 -0.047234 -0.119556
v -0.068308 -0.035847 -0.132565
v -0.070218 -0.050596 -0.128911
v -0.060605 -0.038928 -0.141990
v -0.060776 -0.053778 -0.139852
v -0.059356 -0.069737 -0.137744
v -0.070256 -0.065634 -0.124802
v -0.065267 -0.024041 -0.136573
v -0.060957 -0.014681 -0.141300
v -0.059421 -0.026734 -0.142843
v -0.056904 -0.019123 -0.143724
v -0.081468 -0.026892 -0.110735
v -0.073415 -0.033292 -0.001219
v -0.075739 -0.028899 -0.000541
v -0.081195 -0.022044 -0.010751
v -0.079122 0.009294 -0.035766
v -0.077017 0.006386 -0.048492
v -0.080316 -0.002724 -0.040230
v -0.080005 -0.001148 -0.025976
v -0.075201 0.004485 -0.062924
v -0.078179 -0.004416 -0.054657
v -0.078892 -0.007056 -0.070090
v -0.075953 0.004156 -0.077380
v -0.062880 -0.105858 -0.100034
v -0.067198 -0.105351 -0.083568
v -0.068967 -0.103477 -0.070325
v -0.059560 0.033600 -0.092088
v -0.020841 -0.123480 -0.122437
v -0.056378 0.022072 -0.115449
v -0.050405 -0.104540 -0.120174
v -0.036964 -0.110863 -0.127580
v -0.068487 -0.080354 -0.120317
v -0.065143 -0.093243 -0.116599
v -0.057516 -0.105386 -0.111361
v -0.068692 -0.099076 -0.052735
v -0.054375 -0.007319 -0.145778
v -0.070299 0.029125 -0.059416
v -0.069706 0.028173 -0.055095
v -0.070194 0.030360 -0.064120
v -0.067923 0.029715 -0.050334
v -0.032158 0.056006 -0.044460
v -0.031982 0.058317 -0.042324
v -0.031687 0.060354 -0.039605
v -0.034960 0.055325 -0.039524
v -0.034456 0.057334 -0.036382
v -0.028626 0.067133 -0.039706
v -0.029075 0.064056 -0.042602
v -0.031276 0.062888 -0.036958
v -0.031193 0.065251 -0.033713
v -0.029076 0.069558 -0.036578
v -0.036600 0.062098 -0.022028
v -0.036143 0.059103 -0.026605
v -0.033586 0.061484 -0.030360
v -0.037706 0.055074 -0.033488
v -0.037044 0.057149 -0.030308
v -0.033962 0.059447 -0.033627
v -0.038634 0.052845 -0.036858
v -0.033057 0.068177 -0.030695
v -0.035732 0.071751 -0.028118
v -0.030174 0.073144 -0.033294
v -0.028302 0.077101 -0.035498
v -0.027213 0.073692 -0.038979
v -0.035406 0.053281 -0.041803
v -0.039472 0.050972 -0.039384
v -0.040337 0.055982 -0.027140
v -0.044490 0.054933 -0.024153
v -0.041773 0.053476 -0.031175
v -0.045595 0.052596 -0.028780
v -0.042628 0.051370 -0.034594
v -0.046567 0.050379 -0.032385
v -0.047700 0.053720 -0.020386
v -0.050156 0.052103 -0.016594
v -0.052350 0.050345 -0.011055
v -0.052885 0.049920 -0.021564
v -0.055717 0.047633 -0.016294
v -0.054890 0.048067 -0.026616
v -0.058798 0.045861 -0.021638
v -0.049657 0.051484 -0.025668
v -0.051098 0.049307 -0.029639
v -0.047579 0.048339 -0.035888
v -0.043633 0.049413 -0.037735
v -0.055954 0.044941 -0.037012
v -0.055806 0.046476 -0.031816
v -0.051774 0.047419 -0.033995
v -0.052270 0.045846 -0.038264
v -0.060450 0.044284 -0.028249
v -0.060022 0.043167 -0.035344
v -0.059163 0.041702 -0.039773
v -0.045688 0.044914 -0.045633
v -0.041048 0.046084 -0.046267
v -0.049127 0.043892 -0.045258
v -0.055529 0.043339 -0.040467
v -0.052302 0.044368 -0.041183
v -0.062933 0.035470 -0.045783
v -0.060487 0.037616 -0.045073
v -0.055077 0.041307 -0.044780
v -0.052306 0.042659 -0.044945
v -0.057916 0.039540 -0.044800
v -0.036896 0.046843 -0.048100
v -0.032642 0.047707 -0.050377
v -0.065061 -0.047506 0.027301
v -0.026272 0.071145 -0.042268
v -0.026144 0.068109 -0.045439
v -0.029979 0.049757 -0.065892
v -0.027676 0.049098 -0.063397
v -0.022130 0.055775 -0.063210
v -0.034097 0.052477 -0.069564
v -0.029534 0.048113 -0.053175
v -0.027669 0.048157 -0.055683
v -0.026617 0.048190 -0.058020
v -0.026408 0.048655 -0.060889
v -0.044029 0.052735 -0.081680
v -0.041826 0.055842 -0.075197
v -0.067909 0.017816 -0.097836
v -0.071423 0.014561 -0.089471
v -0.063015 0.037257 -0.077954
v -0.066454 0.034667 -0.074233
v -0.068962 0.032313 -0.069343
v -0.072585 0.012312 -0.078303
v -0.072580 0.011510 -0.066295
v -0.074705 0.012623 -0.054085
v -0.055534 0.010619 -0.125950
v -0.056629 0.005498 -0.135431
v -0.056166 0.015635 -0.120209
v -0.046489 -0.001349 -0.148977
v -0.048437 0.006985 -0.145356
v -0.056863 -0.000060 -0.142653
v -0.048221 0.011900 -0.137357
v -0.047754 0.016763 -0.128326
v -0.048672 0.022603 -0.123191
v -0.048779 0.029065 -0.117868
v -0.048185 0.035402 -0.108821
v -0.051153 -0.061456 0.025638
v -0.027034 0.070600 -0.028891
v -0.026495 0.071164 -0.028760
v -0.026755 0.070436 -0.028838
v -0.026138 0.071064 -0.028750
v -0.026663 0.071088 -0.028389
v -0.027052 0.073810 -0.020090
v -0.025922 0.072793 -0.022060
v -0.026153 0.072069 -0.025859
v -0.081486 -0.023598 -0.004014
v -0.063333 -0.038448 0.062234
v -0.055065 -0.048899 0.059004
v 0.045438 -0.029924 0.064955
v 0.040272 -0.042273 0.061649
v 0.007669 0.020491 0.095218
v 0.019655 0.013776 0.089570
v 0.022297 0.013495 0.100652
v 0.009434 0.018895 0.106432
v 0.053528 -0.032161 0.081733
v 0.047606 -0.030602 0.073992
v 0.044273 -0.043234 0.071528
v 0.051662 -0.045846 0.080113
v 0.037491 -0.053711 0.071025
v 0.043369 -0.055797 0.082333
v 0.032404 -0.064342 0.082999
v 0.029039 -0.061863 0.070900
v 0.018421 -0.067886 0.070975
v 0.020379 -0.070948 0.084820
v 0.032499 0.006106 0.083551
v 0.042726 -0.003629 0.079048
v 0.044060 -0.005478 0.090091
v 0.034618 0.005617 0.093761
v 0.048004 -0.016747 0.076333
v 0.050457 -0.019414 0.085602
v 0.008907 -0.074775 0.084578
v 0.007557 -0.071940 0.069116
v 0.014123 0.013754 0.127440
v 0.001350 0.016783 0.132762
v 0.000737 0.019120 0.122510
v 0.011659 0.016290 0.118006
v 0.048223 0.005142 0.124110
v 0.063797 -0.002575 0.113820
v 0.072575 0.004836 0.120621
v 0.054689 0.014055 0.132263
v 0.097499 -0.002874 0.115136
v 0.109540 -0.023201 0.102249
v 0.032008 0.013542 0.129349
v 0.035956 0.022068 0.141531
v -0.000896 -0.089592 0.091119
v -0.003766 -0.075682 0.082594
v 0.098867 -0.028154 0.097583
v 0.098199 -0.053773 0.101628
v 0.112687 -0.049494 0.106613
v 0.057803 -0.102757 0.132918
v 0.058900 -0.106242 0.140975
v 0.074718 -0.101435 0.135504
v 0.069422 -0.097982 0.127827
v 0.073955 -0.054698 0.091748
v 0.064343 -0.072696 0.089948
v 0.072189 -0.075325 0.101587
v 0.085971 -0.057010 0.095186
v 0.037062 -0.096408 0.113658
v 0.054825 -0.087266 0.107487
v 0.047304 -0.083018 0.092555
v 0.031706 -0.090574 0.098613
v 0.086349 -0.033043 0.096527
v 0.074070 -0.034317 0.093409
v 0.075840 -0.016086 0.105019
v 0.065636 -0.019238 0.101180
v 0.054786 -0.008746 0.110059
v 0.052424 -0.062154 0.089520
v 0.039990 -0.073151 0.090193
v 0.027253 -0.085218 0.088838
v 0.014350 -0.090007 0.089995
v -0.000186 -0.111160 0.145651
v -0.000665 -0.107689 0.132626
v 0.017507 -0.100056 0.115691
v 0.016406 -0.095010 0.101293
v 0.086705 -0.010972 0.109297
v 0.057807 -0.020649 0.095091
v 0.047316 -0.008481 0.100541
v 0.062055 0.027749 0.141884
v 0.082325 0.014795 0.131219
v 0.041249 0.033763 0.153720
v 0.022243 0.038439 0.160391
v 0.020389 -0.105092 0.130598
v 0.019880 -0.107862 0.144088
v 0.041025 -0.107721 0.141427
v 0.043900 -0.102458 0.127712
v 0.041783 0.003641 0.115668
v 0.027835 0.008254 0.120443
v 0.016719 0.020378 0.133929
v 0.059871 -0.048817 0.087984
v 0.060024 -0.033915 0.090130
v 0.037322 0.003136 0.106799
v 0.024539 0.010249 0.113350
v -0.002043 0.023421 0.110757
v 0.019277 0.027951 0.147991
v 0.102464 -0.075249 0.116977
v 0.089591 -0.092018 0.127148
v 0.080943 -0.091740 0.122961
v -0.001588 -0.102822 0.116862
v -0.010329 0.019513 0.124286
v -0.008593 0.014319 0.134395
v -0.012224 0.024352 0.112375
v 0.084379 -0.079974 0.111857
v 0.063279 -0.093591 0.118104
v -0.013901 0.027636 0.102444
v -0.004878 -0.075325 0.066992
v -0.007477 0.017368 0.142103
v -0.007932 0.029009 0.153495
v -0.008327 0.037890 0.167688
v -0.003370 0.027012 0.100232
v 0.005484 0.029194 0.151513
v 0.004245 0.019546 0.139466
v 0.006316 0.039823 0.163636
v 0.001204 -0.097302 0.099800
v -0.033667 0.020167 0.095891
v -0.042625 0.009814 0.089632
v -0.043246 0.009683 0.099927
v -0.032837 0.017781 0.106018
v -0.065853 -0.039235 0.078860
v -0.064082 -0.038165 0.071368
v -0.056743 -0.049641 0.067817
v -0.060239 -0.053423 0.079412
v -0.049380 -0.060707 0.067692
v -0.051115 -0.063412 0.081799
v -0.040227 -0.070623 0.082018
v -0.039237 -0.068455 0.068368
v -0.027824 -0.072797 0.069182
v -0.028321 -0.074683 0.082635
v -0.054478 -0.000210 0.084091
v -0.063667 -0.011480 0.078522
v -0.063322 -0.011941 0.089102
v -0.054820 0.000060 0.094348
v -0.067750 -0.024985 0.074837
v -0.068005 -0.025665 0.084169
v -0.015863 -0.076652 0.083389
v -0.016807 -0.074930 0.068289
v -0.032826 0.015085 0.128444
v -0.020514 0.015221 0.133653
v -0.021547 0.019056 0.122044
v -0.033409 0.015724 0.118031
v -0.062935 -0.000599 0.121933
v -0.077493 -0.013217 0.114202
v -0.086300 -0.007659 0.121047
v -0.069930 0.006311 0.130941
v -0.110169 -0.016188 0.113774
v -0.119052 -0.035503 0.101258
v -0.047582 0.008871 0.128749
v -0.052359 0.016904 0.138896
v -0.108219 -0.039006 0.097710
v -0.105462 -0.066588 0.099269
v -0.118592 -0.063520 0.104068
v -0.058745 -0.107722 0.130650
v -0.058700 -0.111579 0.138423
v -0.075296 -0.109465 0.132010
v -0.070932 -0.105010 0.125082
v -0.080520 -0.062462 0.086925
v -0.068177 -0.078147 0.092695
v -0.077898 -0.084735 0.099670
v -0.093294 -0.066911 0.094404
v -0.040654 -0.100619 0.112406
v -0.059683 -0.094970 0.105191
v -0.051427 -0.087316 0.096459
v -0.034559 -0.092957 0.099554
v -0.097370 -0.042595 0.093016
v -0.082178 -0.040611 0.087076
v -0.088120 -0.024389 0.101513
v -0.075717 -0.028947 0.100386
v -0.069927 -0.013632 0.107955
v -0.059970 -0.073244 0.083678
v -0.047450 -0.083504 0.086763
v -0.031954 -0.088111 0.089130
v -0.015704 -0.090623 0.089875
v -0.020881 -0.102346 0.116042
v -0.017317 -0.094516 0.099729
v -0.099821 -0.021563 0.106754
v -0.070968 -0.027242 0.091943
v -0.063912 -0.013491 0.098845
v -0.078092 0.016188 0.142431
v -0.096145 0.001618 0.130211
v -0.058268 0.025948 0.153248
v -0.039283 0.032986 0.159649
v -0.022214 -0.106049 0.130064
v -0.020612 -0.109847 0.143768
v -0.041354 -0.109945 0.140393
v -0.045813 -0.105544 0.126423
v -0.057304 -0.003690 0.115279
v -0.045139 0.005641 0.123268
v -0.033262 0.014921 0.135596
v -0.066757 -0.056233 0.083099
v -0.070159 -0.042204 0.087878
v -0.055663 -0.001810 0.105672
v -0.044320 0.007931 0.112748
v -0.023138 0.022509 0.110380
v -0.035966 0.024706 0.144350
v -0.106029 -0.087575 0.112906
v -0.091141 -0.102033 0.122914
v -0.083306 -0.100686 0.119810
v -0.088992 -0.090674 0.107869
v -0.066151 -0.100331 0.116003
v -0.024609 0.025978 0.100020
v -0.021308 0.027140 0.149666
v -0.019934 0.014230 0.140929
v -0.023160 0.037507 0.163609
v -0.027173 0.070618 -0.028490
v -0.078081 -0.003807 -0.003361
v -0.077664 -0.011146 0.004392
v -0.075444 -0.004124 0.015525
v -0.076591 0.003626 0.006794
v -0.070598 0.003438 0.025065
v -0.074361 0.009534 0.015185
v -0.063478 0.012703 0.031452
v -0.069225 0.016432 0.022285
v -0.058729 0.022316 0.035711
v -0.063743 0.024167 0.026911
v -0.048746 0.044228 0.042478
v -0.046101 0.040574 0.046247
v -0.040424 0.047763 0.049597
v -0.041936 0.052129 0.047275
v -0.034109 0.054395 0.052880
v -0.035417 0.058893 0.051055
v -0.026965 0.058881 0.055654
v -0.027580 0.063741 0.053832
v -0.018112 0.061659 0.056314
v -0.018888 0.066383 0.053959
v -0.019486 0.070158 0.045227
v -0.028479 0.068590 0.045531
v -0.028401 0.067065 0.050188
v -0.019283 0.068881 0.050251
v -0.035590 0.064648 0.043978
v -0.035739 0.062227 0.048198
v -0.041367 0.058885 0.040440
v -0.042407 0.055949 0.044886
v -0.047617 0.051514 0.035114
v -0.048924 0.048244 0.039356
v -0.051678 0.046506 0.029319
v -0.053854 0.041643 0.031615
v -0.025292 0.052184 0.055446
v -0.017459 0.055169 0.056826
v -0.031888 0.048442 0.053855
v -0.038419 0.042977 0.052153
v -0.043721 0.036472 0.050017
v -0.053889 0.032070 0.040016
v -0.048445 0.029138 0.046851
v -0.054072 0.020542 0.042135
v -0.059015 0.009865 0.038402
v -0.066106 -0.001447 0.030918
v -0.073167 -0.011215 0.020791
v -0.077246 -0.018035 0.009304
v -0.079060 -0.015667 -0.003096
v -0.034510 0.064872 0.040200
v -0.027742 0.068429 0.041008
v -0.040296 0.060569 0.037154
v -0.045680 0.054396 0.031453
v -0.049347 0.050197 0.025804
v -0.052353 0.049647 0.012684
v -0.051442 0.048973 0.019543
v -0.051325 0.052800 -0.001137
v -0.052422 0.051759 0.005845
v -0.056989 0.044339 -0.008650
v -0.056584 0.040246 0.000227
v -0.053768 0.045923 0.003997
v -0.053619 0.048174 -0.004450
v -0.060858 0.041435 -0.015050
v -0.060653 0.035871 -0.004746
v -0.024100 0.047250 0.057096
v -0.016997 0.048966 0.057768
v -0.030173 0.043617 0.056650
v -0.035844 0.038958 0.056166
v -0.039858 0.033272 0.055337
v -0.043749 0.026835 0.053463
v -0.047571 0.018772 0.051087
v -0.053218 0.007590 0.047461
v -0.060497 -0.005402 0.038472
v -0.070465 -0.016979 0.025685
v -0.074592 -0.024509 0.013449
v -0.035126 0.025504 0.060228
v -0.032511 0.029485 0.060433
v -0.029134 0.032976 0.060924
v -0.025847 0.036726 0.061005
v -0.021658 0.036886 0.061799
v -0.015780 0.037325 0.061879
v -0.020625 0.031336 0.061960
v -0.015112 0.031963 0.062271
v -0.022836 0.030264 0.064321
v -0.015112 0.030667 0.064425
v -0.025133 0.032131 0.067411
v -0.016053 0.033974 0.069832
v -0.053326 0.043885 0.021693
v -0.055824 0.037979 0.021404
v -0.056009 0.037525 0.010532
v -0.060072 0.032417 0.006575
v -0.060392 0.032269 0.019599
v -0.053788 0.043816 0.013089
v -0.066757 0.026013 0.015413
v -0.067680 0.028411 0.002076
v -0.066685 0.033398 -0.010868
v -0.072118 0.024910 -0.003213
v -0.072270 0.019948 0.010057
v -0.070829 0.030036 -0.014643
v -0.073458 0.026474 -0.018434
v -0.074605 0.020905 -0.007731
v -0.075118 0.015338 0.003790
v -0.057647 0.033711 0.032738
v -0.076933 0.010193 -0.002085
v -0.075229 0.021945 -0.021797
v -0.076379 0.016149 -0.012597
v -0.076945 0.016141 -0.026677
v -0.078191 0.007874 -0.018049
v -0.078446 0.002062 -0.009499
v -0.079332 -0.012072 -0.011312
v -0.019700 0.070440 0.040852
v -0.074154 -0.036785 -0.001941
v -0.040097 0.063812 -0.008734
v -0.035293 0.067276 -0.010083
v -0.031196 0.071553 -0.010627
v -0.027757 0.074839 -0.010878
v -0.023772 0.076274 -0.010596
v -0.016577 0.034638 0.086331
v -0.015904 0.059219 -0.074946
v -0.017358 0.036884 0.077475
v -0.018562 0.055958 0.029085
v -0.007227 -0.012570 -0.164881
v -0.019672 0.068974 0.036982
v -0.018794 0.057957 0.024517
v -0.017847 0.086209 -0.039531
v -0.019548 0.067949 0.032567
v -0.020247 0.074308 0.022619
v -0.020212 0.070363 0.016937
v -0.014688 0.047451 -0.108267
v -0.020264 0.072385 0.019611
v -0.019446 0.076438 -0.012574
v -0.018414 0.089578 -0.034901
v -0.020060 0.069394 0.015094
v -0.004115 -0.092321 0.013378
v -0.019955 0.072466 0.025467
v -0.019460 0.062149 0.019018
v -0.019946 0.067975 0.014453
v -0.018474 0.060234 0.003102
v -0.019359 0.075649 -0.009572
v -0.016072 0.069147 -0.056500
v -0.001457 -0.124226 -0.020671
v -0.016355 0.072277 -0.054040
v -0.012035 0.031536 -0.132364
v -0.014098 0.041934 -0.118310
v -0.017301 0.082453 -0.044239
v 0.000540 -0.132176 -0.088672
v 0.000159 -0.129884 -0.106459
v -0.015412 0.052992 -0.091878
v -0.004100 -0.076743 -0.166586
v -0.018789 0.091817 -0.030263
v -0.019011 0.081803 -0.015948
v -0.009687 0.010353 -0.152587
v 0.000184 -0.135567 -0.051400
v 0.002212 -0.098179 -0.155209
v -0.019304 0.075417 0.003788
v -0.008444 -0.001195 -0.158210
v -0.019142 0.072306 0.005202
v -0.019029 0.089436 -0.019149
v -0.000515 -0.130188 -0.035324
v 0.000124 -0.134937 -0.066833
v -0.019277 0.077026 -0.003102
v -0.019329 0.075601 -0.006675
v 0.000115 -0.085122 -0.160832
v -0.015720 0.058245 -0.080644
v -0.019312 0.078548 -0.001679
v -0.016193 0.061095 -0.063471
v -0.019343 0.078833 0.000058
v -0.015218 0.029992 0.093924
v 0.002338 -0.121032 -0.133559
v -0.019331 0.077514 0.001957
v -0.018728 0.066211 0.004354
v -0.016844 0.078897 -0.047987
v -0.018645 0.063244 0.003974
v -0.015053 0.050462 -0.098567
v -0.019276 0.077925 -0.014293
v -0.019130 0.078397 -0.014449
v -0.016373 0.062539 -0.061376
v -0.013040 0.036922 -0.126062
v -0.016082 0.060378 -0.065650
v -0.019294 0.077419 -0.014100
v 0.000790 -0.126369 -0.122395
v -0.005521 -0.057402 -0.166510
v -0.005692 -0.043751 -0.166866
v -0.016318 0.065860 -0.058843
v -0.016460 0.075386 -0.051400
v -0.004634 -0.089143 0.020964
v -0.018910 0.091780 -0.022996
v -0.018970 0.092505 -0.025809
v -0.010453 0.019483 -0.145893
v -0.002348 -0.118682 -0.010513
v -0.006214 -0.026659 -0.165899
v -0.011175 0.025649 -0.138347
v -0.003838 -0.101767 0.003858
v -0.003217 -0.113535 -0.002037
v -0.019059 0.087756 -0.017843
v -0.016117 0.059702 -0.068597
v -0.019001 0.084549 -0.016532
v 0.003242 -0.110907 -0.147938
v -0.019019 0.079606 -0.015126
v -0.008435 0.070847 -0.028795
v 0.050533 0.005127 -0.000928
v 0.050738 -0.001599 0.006414
v 0.047019 0.005485 0.017612
v 0.047486 0.012846 0.009381
v 0.041316 0.012103 0.027075
v 0.043450 0.018334 0.017708
v 0.033838 0.019671 0.032996
v 0.037797 0.023729 0.024027
v -0.023557 0.086420 -0.019849
v -0.022403 0.083995 -0.018195
v 0.027558 0.028296 0.036841
v 0.031415 0.030211 0.027782
v -0.030334 0.045051 -0.056792
v -0.028155 0.073393 -0.017889
v -0.024699 0.077645 -0.041453
v -0.029090 0.045707 -0.057152
v 0.013601 0.048380 0.041826
v 0.012328 0.044779 0.046058
v 0.005561 0.051154 0.049168
v 0.006060 0.055609 0.046468
v -0.030591 0.071782 -0.018871
v -0.001603 0.056984 0.052345
v -0.000786 0.061850 0.050445
v -0.008903 0.060466 0.055248
v -0.008999 0.065571 0.053139
v -0.023477 0.071243 -0.048268
v -0.024054 0.055731 -0.056220
v -0.010463 0.070210 0.045249
v -0.009669 0.068852 0.049506
v -0.023824 0.074671 -0.044784
v -0.036029 0.071145 -0.022781
v -0.034122 0.070231 -0.019890
v -0.026384 0.088289 -0.027136
v -0.026734 0.086973 -0.030483
v -0.002579 0.067085 0.043749
v -0.027051 0.086216 -0.023489
v -0.024312 0.087394 -0.021027
v -0.001332 0.065123 0.047706
v -0.031747 0.045405 -0.056006
v -0.042260 0.039763 -0.056282
v -0.025763 0.088445 -0.024363
v -0.022538 0.089368 -0.021564
v -0.034945 0.043454 -0.055917
v -0.031126 0.045195 -0.056425
v -0.031316 0.080157 -0.026695
v -0.023283 0.060705 -0.055555
v 0.004157 0.062102 0.040360
v 0.005489 0.059363 0.043922
v 0.011086 0.055501 0.034729
v 0.012914 0.052285 0.038631
v -0.034417 0.075271 -0.025675
v 0.015595 0.050964 0.029012
v 0.018097 0.046010 0.031187
v -0.009216 0.053463 0.055307
v -0.032587 0.045297 -0.055797
v -0.033209 0.045318 -0.055532
v -0.025958 0.080810 -0.037825
v -0.002237 0.050614 0.053615
v 0.005007 0.046050 0.052001
v 0.010893 0.040441 0.049775
v 0.021053 0.037147 0.040247
v -0.037609 0.043901 -0.055865
v -0.022410 0.079191 -0.016599
v -0.029441 0.082975 -0.025303
v -0.028107 0.084758 -0.024298
v -0.023356 0.077392 -0.016090
v 0.016772 0.033720 0.046894
v 0.023428 0.025849 0.042543
v -0.026984 0.048169 -0.056921
v 0.029550 0.015919 0.038978
v -0.023272 0.065026 -0.053592
v -0.023208 0.068537 -0.051094
v 0.038150 0.006302 0.032245
v 0.046002 -0.001986 0.022252
v -0.022065 0.081520 -0.017337
v 0.050854 -0.008187 0.010947
v 0.053219 -0.005802 -0.000546
v -0.004030 0.067163 0.040033
v -0.011346 0.069752 0.040964
v 0.002535 0.063498 0.037022
v -0.026586 0.084463 -0.033964
v 0.009181 0.058317 0.031254
v 0.013420 0.054617 0.025736
v 0.016458 0.053363 0.012555
v -0.026068 0.075522 -0.017250
v 0.015654 0.053217 0.019393
v 0.015129 0.055905 -0.000322
v 0.016155 0.055118 0.006032
v 0.021957 0.048625 -0.007116
v 0.021215 0.043443 0.000688
v 0.018697 0.049301 0.004272
v -0.018942 0.090625 -0.020922
v -0.025062 0.088031 -0.022330
v 0.018478 0.051793 -0.003331
v 0.026721 0.047120 -0.012514
v 0.026002 0.040505 -0.003347
v -0.009622 0.048065 0.057032
v -0.043780 0.050251 -0.070343
v -0.043541 0.048265 -0.068743
v -0.003027 0.045414 0.056672
v 0.003396 0.041497 0.055744
v 0.007666 0.036695 0.054791
v 0.012500 0.030916 0.053288
v 0.017506 0.023266 0.050689
v 0.024324 0.013133 0.046820
v -0.037691 0.054582 -0.071936
v -0.020369 0.058267 -0.071697
v -0.025513 0.058064 -0.071715
v 0.033334 0.001640 0.039110
v -0.044745 0.047494 -0.063381
v -0.045588 0.047078 -0.059942
v -0.043194 0.046785 -0.067154
v -0.045430 0.048327 -0.060275
v -0.045242 0.048423 -0.061435
v 0.044381 -0.007799 0.026791
v -0.043439 0.046112 -0.066540
v 0.049269 -0.014616 0.014479
v -0.043254 0.045987 -0.066771
v 0.004817 0.027969 0.060528
v -0.042291 0.052262 -0.071627
v 0.001527 0.031865 0.060615
v -0.001806 0.034644 0.060953
v -0.043784 0.046285 -0.065649
v -0.045612 0.045454 -0.059422
v -0.005305 0.037747 0.060996
v -0.046069 0.040707 -0.057848
v -0.009648 0.037529 0.061917
v -0.015935 0.059545 -0.071721
v -0.036187 0.056709 -0.081508
v -0.063296 0.033934 -0.082629
v -0.009645 0.032115 0.062456
v -0.066142 0.031361 -0.077481
v -0.007971 0.031217 0.064920
v -0.061464 0.038230 -0.042562
v -0.064059 0.035801 -0.043189
v -0.033841 0.058224 -0.075396
v -0.006134 0.032168 0.068147
v 0.017708 0.048456 0.021583
v 0.019985 0.041967 0.021174
v 0.020310 0.040687 0.010597
v 0.024907 0.036170 0.007175
v -0.039731 0.044404 -0.099704
v -0.038973 0.002965 -0.151388
v -0.039081 0.049095 -0.093038
v -0.051894 0.044130 -0.086823
v 0.025182 0.036347 0.019718
v -0.040061 0.010958 -0.146591
v 0.018463 0.047690 0.012972
v 0.033230 0.031752 0.016399
v 0.033097 0.033956 0.003396
v 0.032940 0.039804 -0.008406
v 0.038793 0.031872 -0.001325
v -0.058541 0.037896 -0.085949
v 0.039551 0.027312 0.012151
v -0.069440 0.028718 -0.047944
v -0.022172 0.056081 -0.085821
v -0.071000 0.026179 -0.053672
v 0.037818 0.037408 -0.011767
v -0.029996 0.055874 -0.086368
v -0.030141 -0.056334 -0.160602
v 0.041528 0.034249 -0.015504
v 0.042500 0.028740 -0.005298
v 0.043336 0.023795 0.006176
v 0.023332 0.038496 0.032562
v -0.028693 0.054756 -0.069196
v 0.046608 0.018788 0.000442
v -0.052242 0.043261 -0.043369
v -0.055162 0.041952 -0.042811
v 0.044467 0.030128 -0.018740
v -0.035653 -0.044317 -0.160824
v -0.068191 0.030719 -0.045884
v -0.041615 0.035038 -0.118299
v -0.024406 0.052490 -0.063347
v -0.026299 0.052589 -0.065916
v -0.040837 0.028653 -0.124804
v 0.045725 0.024585 -0.009849
v 0.047563 0.024661 -0.023338
v 0.049293 0.016628 -0.015112
v -0.039505 0.022114 -0.130404
v 0.049685 0.010759 -0.007091
v 0.053521 -0.002428 -0.008632
v -0.036871 -0.008196 -0.154328
v -0.036425 0.047612 -0.046842
v 0.053014 -0.028236 0.000553
v 0.002382 0.066006 -0.007438
v -0.002579 0.069006 -0.008975
v -0.068690 0.029058 -0.071496
v -0.070686 0.027686 -0.064932
v -0.038521 -0.030135 -0.163045
v -0.045227 0.045448 -0.044410
v -0.071250 0.026643 -0.059157
v -0.018262 -0.065028 -0.163651
v -0.007009 0.072733 -0.009680
v -0.066409 0.033255 -0.044212
v -0.010714 0.075406 -0.010083
v -0.014906 0.076340 -0.010166
v -0.045529 0.049199 -0.087288
v -0.048925 0.044457 -0.043835
v -0.023965 0.052491 -0.060714
v -0.032073 0.048752 -0.049195
v -0.028776 0.049722 -0.052197
v -0.039563 0.016823 -0.137910
v -0.026418 0.050947 -0.055045
v -0.024540 0.052202 -0.057806
v -0.040749 0.046681 -0.045207
v -0.041161 0.040606 -0.108903
v -0.037183 -0.019189 -0.160756
v -0.058447 0.040222 -0.042642
v -0.004444 -0.067901 -0.167786
v -0.015749 0.056014 -0.086041
v -0.025337 0.051782 -0.056492
v -0.031461 0.057042 -0.071781
v -0.038059 0.053888 -0.087080
v -0.019610 0.069523 0.028682
v -0.044995 0.062874 0.003726
v -0.046147 0.060985 0.006461
v -0.045772 0.058146 0.013850
v -0.038395 0.068768 -0.002235
v -0.042614 0.065467 0.000718
v -0.037796 0.064430 0.024370
v -0.046595 0.059644 0.009030
v -0.032668 0.067814 0.027124
v -0.046612 0.058547 0.011259
v -0.026739 0.069440 0.028220
v -0.019303 0.076064 -0.004847
v -0.028622 0.074871 -0.005506
v -0.024098 0.076362 -0.005535
v -0.033388 0.071979 -0.004397
v -0.044309 0.058809 0.017298
v -0.041982 0.060849 0.021081
v -0.014193 0.087183 -0.019381
v -0.015418 0.084401 -0.017858
v -0.000053 0.047424 -0.055074
v -0.009303 0.073677 -0.017964
v -0.009939 0.078860 -0.041282
v -0.001246 0.047910 -0.055715
v -0.006650 0.072552 -0.018705
v -0.009843 0.072445 -0.048037
v -0.007360 0.057156 -0.055559
v -0.010194 0.075759 -0.044592
v -0.000778 0.072922 -0.021817
v -0.002904 0.071511 -0.019441
v -0.011091 0.089775 -0.026147
v -0.010004 0.088725 -0.029566
v -0.010384 0.087426 -0.023076
v -0.013340 0.088304 -0.020582
v 0.001246 0.047938 -0.054049
v 0.012198 0.043664 -0.053477
v -0.011914 0.089593 -0.023771
v -0.015176 0.090119 -0.021149
v 0.004570 0.046532 -0.053450
v 0.000746 0.047637 -0.054499
v -0.005564 0.081707 -0.025946
v -0.008755 0.061996 -0.054985
v -0.002232 0.077180 -0.024590
v 0.002082 0.047961 -0.053798
v 0.002667 0.048103 -0.053493
v -0.009444 0.082302 -0.037617
v 0.007040 0.047223 -0.053060
v -0.015594 0.079208 -0.016584
v -0.007696 0.084326 -0.024874
v -0.009199 0.086013 -0.023939
v -0.014818 0.077118 -0.016440
v -0.003642 0.050028 -0.055815
v -0.009395 0.066232 -0.053061
v -0.009700 0.069776 -0.050670
v -0.015749 0.081662 -0.017093
v -0.009409 0.086253 -0.033646
v -0.011839 0.075472 -0.017472
v -0.012599 0.089047 -0.021937
v 0.013439 0.054972 -0.067476
v 0.013515 0.052400 -0.066171
v 0.006441 0.058525 -0.070087
v -0.011555 0.059603 -0.071123
v -0.006539 0.060092 -0.070678
v 0.014266 0.051812 -0.059725
v 0.014700 0.051102 -0.056715
v 0.013549 0.050213 -0.064888
v 0.014589 0.052638 -0.057013
v 0.014503 0.052838 -0.058107
v 0.013557 0.049935 -0.063371
v 0.013465 0.050239 -0.062982
v 0.011588 0.056941 -0.069117
v 0.013775 0.050645 -0.061614
v 0.014912 0.049470 -0.056421
v 0.015851 0.044928 -0.054947
v 0.005125 0.060151 -0.079587
v 0.034941 0.041018 -0.078526
v 0.037561 0.038756 -0.073185
v 0.030013 0.044052 -0.038768
v 0.032898 0.042424 -0.039460
v 0.002035 0.061644 -0.074011
v 0.011633 0.048535 -0.097894
v 0.020701 0.004475 -0.146696
v 0.010114 0.052664 -0.090771
v 0.022606 0.049470 -0.083267
v 0.019805 0.013174 -0.140699
v 0.030619 0.044443 -0.082295
v 0.039242 0.037039 -0.043943
v -0.009429 0.056943 -0.085621
v 0.041277 0.034561 -0.049476
v -0.001344 0.057917 -0.085418
v 0.021652 -0.054459 -0.160287
v -0.002952 0.057204 -0.067764
v 0.020439 0.047691 -0.040109
v 0.023428 0.046705 -0.039354
v 0.026311 -0.043302 -0.160324
v 0.037785 0.038611 -0.042000
v 0.016246 0.038676 -0.115943
v -0.007010 0.054080 -0.062376
v -0.005214 0.054440 -0.064773
v 0.017183 0.032568 -0.122516
v 0.017846 0.026645 -0.128193
v 0.022168 -0.005061 -0.152817
v 0.004586 0.050318 -0.044682
v 0.039927 0.036926 -0.067081
v 0.041506 0.035754 -0.060588
v 0.026057 -0.029686 -0.159219
v 0.013461 0.049183 -0.041586
v 0.041774 0.034889 -0.054908
v 0.010111 -0.064282 -0.164989
v 0.035680 0.040568 -0.040427
v 0.015846 0.053517 -0.084074
v 0.017068 0.048540 -0.040776
v -0.007328 0.053885 -0.059964
v 0.000419 0.051043 -0.047522
v -0.002494 0.051794 -0.050885
v 0.019121 0.020355 -0.135286
v -0.004691 0.052761 -0.054012
v -0.006650 0.053598 -0.057077
v 0.008771 0.049879 -0.042774
v 0.013862 0.044932 -0.107005
v 0.024262 -0.016534 -0.157724
v 0.026801 0.045443 -0.038974
v -0.005733 0.053395 -0.055638
v -0.000437 0.059963 -0.070395
v 0.007837 0.057410 -0.084948
v 0.006815 0.064948 0.003969
v 0.008072 0.063334 0.006406
v 0.007994 0.061026 0.013521
v 0.000112 0.070455 -0.001527
v 0.004277 0.067301 0.001228
v -0.000789 0.067386 0.024213
v 0.008524 0.062216 0.008818
v -0.006433 0.069737 0.026863
v 0.008675 0.061273 0.010975
v -0.012716 0.070327 0.027968
v -0.009606 0.076260 -0.004816
v -0.014395 0.076775 -0.005098
v -0.004911 0.073615 -0.003665
v 0.006612 0.062089 0.016992
v 0.004029 0.064207 0.020761
v 0.016114 0.039398 -0.053931
v -0.045722 0.034980 -0.056683
v 0.013477 0.052179 -0.054688
v 0.011942 0.051610 -0.054738
v 0.010544 0.050755 -0.054785
v 0.009391 0.049692 -0.054822
v 0.013520 0.052178 -0.055012
v 0.012026 0.051608 -0.055367
v 0.010667 0.050752 -0.055693
v 0.009550 0.049688 -0.055965
v 0.013623 0.052181 -0.055317
v 0.012231 0.051615 -0.055965
v 0.010965 0.050763 -0.056560
v 0.009924 0.049702 -0.057052
v 0.013783 0.052187 -0.055595
v 0.012546 0.051629 -0.056507
v 0.011423 0.050784 -0.057347
v 0.010503 0.049727 -0.058047
v 0.013996 0.052197 -0.055836
v 0.012962 0.051649 -0.056980
v 0.012026 0.050815 -0.058029
v 0.011262 0.049766 -0.058907
v 0.014249 0.052210 -0.056029
v 0.013460 0.051676 -0.057355
v 0.012750 0.050853 -0.058578
v 0.012177 0.049813 -0.059603
v 0.014536 0.052225 -0.056167
v 0.014023 0.051707 -0.057629
v 0.013567 0.050899 -0.058975
v 0.013207 0.049870 -0.060103
v 0.014845 0.052242 -0.056247
v 0.014626 0.051742 -0.057783
v 0.014444 0.050950 -0.059202
v 0.014313 0.049933 -0.060392
v 0.015162 0.052264 -0.056268
v 0.015251 0.051779 -0.057826
v 0.015350 0.051003 -0.059257
v 0.015456 0.050001 -0.060460
v 0.015477 0.052282 -0.056223
v 0.015868 0.051818 -0.057734
v 0.016248 0.051058 -0.059130
v 0.016591 0.050070 -0.060304
v 0.015780 0.052304 -0.056120
v 0.016459 0.051856 -0.057536
v 0.017106 0.051111 -0.058833
v 0.017671 0.050137 -0.059926
v 0.016052 0.052320 -0.055958
v 0.016995 0.051889 -0.057213
v 0.017887 0.051160 -0.058371
v 0.018656 0.050199 -0.059343
v 0.016290 0.052337 -0.055748
v 0.017461 0.051921 -0.056804
v 0.018562 0.051205 -0.057769
v 0.019508 0.050256 -0.058577
v 0.016479 0.052348 -0.055495
v 0.017834 0.051943 -0.056304
v 0.019107 0.051239 -0.057048
v 0.020197 0.050300 -0.057669
v 0.016619 0.052358 -0.055216
v 0.018110 0.051962 -0.055754
v 0.019503 0.051265 -0.056240
v 0.020696 0.050334 -0.056645
v 0.016702 0.052361 -0.054915
v 0.018269 0.051969 -0.055156
v 0.019735 0.051280 -0.055366
v 0.020985 0.050358 -0.055546
v 0.016724 0.052367 -0.054600
v 0.018316 0.051977 -0.054541
v 0.019795 0.051291 -0.054471
v 0.021048 0.050376 -0.054401
v 0.016687 0.052366 -0.054286
v 0.018241 0.051976 -0.053919
v 0.019678 0.051294 -0.053573
v 0.020897 0.050374 -0.053278
v 0.016582 0.052368 -0.053974
v 0.018039 0.051976 -0.053318
v 0.019393 0.051286 -0.052710
v 0.020527 0.050365 -0.052197
v 0.016422 0.052365 -0.053690
v 0.017727 0.051967 -0.052764
v 0.018936 0.051271 -0.051914
v 0.019958 0.050343 -0.051202
v 0.016205 0.052360 -0.053443
v 0.017302 0.051956 -0.052284
v 0.018330 0.051247 -0.051223
v 0.019199 0.050309 -0.050335
v 0.015948 0.052354 -0.053242
v 0.016802 0.051938 -0.051897
v 0.017605 0.051216 -0.050664
v 0.018291 0.050259 -0.049631
v 0.015659 0.052339 -0.053103
v 0.016231 0.051911 -0.051623
v 0.016783 0.051173 -0.050264
v 0.017260 0.050202 -0.049123
v 0.015349 0.052325 -0.053021
v 0.015627 0.051878 -0.051464
v 0.015903 0.051122 -0.050031
v 0.016152 0.050137 -0.048829
v 0.015034 0.052300 -0.053005
v 0.015003 0.051836 -0.051429
v 0.014995 0.051067 -0.049977
v 0.015009 0.050069 -0.048756
v 0.014721 0.052279 -0.053046
v 0.014387 0.051793 -0.051514
v 0.014097 0.051008 -0.050098
v 0.013875 0.049999 -0.048912
v 0.014422 0.052254 -0.053151
v 0.013800 0.051750 -0.051719
v 0.013242 0.050952 -0.050396
v 0.012795 0.049932 -0.049285
v 0.014151 0.052234 -0.053309
v 0.013262 0.051715 -0.052032
v 0.012460 0.050902 -0.050853
v 0.011808 0.049869 -0.049863
v 0.013913 0.052216 -0.053520
v 0.012796 0.051680 -0.052445
v 0.011781 0.050857 -0.051454
v 0.010949 0.049815 -0.050620
v 0.013721 0.052203 -0.053769
v 0.012418 0.051657 -0.052938
v 0.011233 0.050818 -0.052175
v 0.010259 0.049765 -0.051535
v 0.015091 0.052438 -0.054647
v 0.013580 0.052191 -0.054055
v 0.012143 0.051633 -0.053501
v 0.010835 0.050787 -0.052991
v 0.009755 0.049729 -0.052563
v 0.013498 0.052183 -0.054369
v 0.011981 0.051618 -0.054107
v 0.010600 0.050768 -0.053870
v 0.009465 0.049702 -0.053674
v 0.008260 0.048769 -0.054860
v 0.006526 0.047207 -0.054923
v 0.005088 0.045212 -0.054973
v 0.004066 0.042972 -0.055007
v 0.003499 0.040574 -0.055024
v 0.003407 0.038111 -0.055032
v 0.003797 0.035679 -0.054989
v 0.004649 0.033370 -0.054941
v 0.005935 0.031271 -0.054879
v 0.007603 0.029464 -0.054803
v 0.009590 0.028017 -0.054718
v 0.011820 0.026987 -0.054627
v 0.014206 0.026415 -0.054534
v 0.008451 0.048765 -0.056232
v 0.006764 0.047207 -0.056648
v 0.005367 0.045211 -0.057001
v 0.004375 0.042976 -0.057259
v 0.003827 0.040577 -0.057414
v 0.003743 0.038114 -0.057454
v 0.004124 0.035683 -0.057381
v 0.004958 0.033375 -0.057194
v 0.006212 0.031273 -0.056905
v 0.007839 0.029468 -0.056527
v 0.009776 0.028020 -0.056073
v 0.011947 0.026990 -0.055561
v 0.014272 0.026416 -0.055009
v 0.008903 0.048779 -0.057541
v 0.007332 0.047226 -0.058295
v 0.006035 0.045236 -0.058935
v 0.005118 0.043003 -0.059406
v 0.004614 0.040610 -0.059691
v 0.004544 0.038148 -0.059774
v 0.004910 0.035716 -0.059659
v 0.005699 0.033405 -0.059341
v 0.006879 0.031301 -0.058838
v 0.008406 0.029490 -0.058172
v 0.010221 0.028038 -0.057365
v 0.012254 0.027001 -0.056450
v 0.014428 0.026422 -0.055463
v 0.009597 0.048812 -0.058734
v 0.008209 0.047266 -0.059797
v 0.007066 0.045286 -0.060701
v 0.006262 0.043057 -0.061367
v 0.005829 0.040669 -0.061771
v 0.005783 0.038208 -0.061896
v 0.006125 0.035776 -0.061738
v 0.006843 0.033460 -0.061300
v 0.007909 0.031352 -0.060603
v 0.009281 0.029533 -0.059674
v 0.010908 0.028071 -0.058546
v 0.012728 0.027025 -0.057263
v 0.014669 0.026433 -0.055877
v 0.010511 0.048858 -0.059768
v 0.009361 0.047324 -0.061100
v 0.008419 0.045357 -0.062232
v 0.007766 0.043135 -0.063068
v 0.007426 0.040751 -0.063575
v 0.007411 0.038294 -0.063735
v 0.007722 0.035859 -0.063541
v 0.008347 0.033539 -0.062999
v 0.009262 0.031424 -0.062134
v 0.010432 0.029593 -0.060974
v 0.011812 0.028118 -0.059568
v 0.013350 0.027057 -0.057968
v 0.014987 0.026450 -0.056236
v 0.011609 0.048916 -0.060602
v 0.010743 0.047398 -0.062150
v 0.010044 0.045444 -0.063468
v 0.009571 0.043233 -0.064441
v 0.009342 0.040854 -0.065035
v 0.009364 0.038400 -0.065223
v 0.009637 0.035963 -0.064999
v 0.010151 0.033638 -0.064373
v 0.010886 0.031512 -0.063369
v 0.011813 0.029669 -0.062025
v 0.012898 0.028178 -0.060393
v 0.014099 0.027098 -0.058536
v 0.015368 0.026471 -0.056526
v 0.012848 0.048984 -0.061206
v 0.012302 0.047484 -0.062911
v 0.011878 0.045546 -0.064361
v 0.011609 0.043346 -0.065435
v 0.011504 0.040976 -0.066090
v 0.011570 0.038522 -0.066302
v 0.011799 0.036084 -0.066058
v 0.012188 0.033752 -0.065369
v 0.012719 0.031616 -0.064263
v 0.013372 0.029757 -0.062785
v 0.014123 0.028248 -0.060990
v 0.014942 0.027146 -0.058947
v 0.015798 0.026496 -0.056736
v 0.014179 0.049060 -0.061554
v 0.013981 0.047580 -0.063349
v 0.013851 0.045659 -0.064879
v 0.013801 0.043471 -0.066012
v 0.013831 0.041109 -0.066706
v 0.013941 0.038659 -0.066930
v 0.014126 0.036217 -0.066673
v 0.014380 0.033878 -0.065946
v 0.014691 0.031730 -0.064782
v 0.015050 0.029854 -0.063225
v 0.015440 0.028324 -0.061336
v 0.015849 0.027198 -0.059186
v 0.016261 0.026522 -0.056857
v 0.015552 0.049141 -0.061633
v 0.015710 0.047682 -0.063451
v 0.015885 0.045778 -0.065000
v 0.016060 0.043605 -0.066147
v 0.016230 0.041250 -0.066849
v 0.016386 0.038804 -0.067090
v 0.016525 0.036360 -0.066814
v 0.016640 0.034013 -0.066081
v 0.016725 0.031850 -0.064904
v 0.016780 0.029957 -0.063329
v 0.016800 0.028405 -0.061417
v 0.016785 0.027254 -0.059241
v 0.016738 0.026550 -0.056885
v 0.016914 0.049223 -0.061445
v 0.017426 0.047786 -0.063213
v 0.017902 0.045900 -0.064719
v 0.018303 0.043741 -0.065836
v 0.018610 0.041395 -0.066519
v 0.018814 0.038951 -0.066736
v 0.018906 0.036504 -0.066486
v 0.018882 0.034149 -0.065770
v 0.018743 0.031973 -0.064624
v 0.018496 0.030061 -0.063091
v 0.018149 0.028486 -0.061230
v 0.017715 0.027310 -0.059113
v 0.017211 0.026578 -0.056819
v 0.018212 0.049303 -0.060991
v 0.019062 0.047888 -0.062642
v 0.019826 0.046020 -0.064046
v 0.020441 0.043875 -0.065088
v 0.020882 0.041537 -0.065723
v 0.021129 0.039097 -0.065925
v 0.021177 0.036646 -0.065692
v 0.021021 0.034282 -0.065025
v 0.020668 0.032093 -0.063953
v 0.020133 0.030163 -0.062522
v 0.019435 0.028566 -0.060783
v 0.018601 0.027366 -0.058804
v 0.017663 0.026608 -0.056663
v 0.019398 0.049380 -0.060290
v 0.020556 0.047984 -0.061760
v 0.021584 0.046133 -0.063011
v 0.022393 0.044000 -0.063937
v 0.022954 0.041670 -0.064501
v 0.023242 0.039233 -0.064679
v 0.023250 0.036779 -0.064468
v 0.022974 0.034408 -0.063872
v 0.022426 0.032205 -0.062919
v 0.021628 0.030259 -0.061643
v 0.020610 0.028641 -0.060093
v 0.019410 0.027416 -0.058329
v 0.018075 0.026633 -0.056420
v 0.020424 0.049448 -0.059371
v 0.021849 0.048070 -0.060604
v 0.023105 0.046233 -0.061652
v 0.024084 0.044112 -0.062426
v 0.024749 0.041789 -0.062897
v 0.025074 0.039354 -0.063045
v 0.025046 0.036899 -0.062864
v 0.024667 0.034519 -0.062363
v 0.023950 0.032305 -0.061560
v 0.022923 0.030344 -0.060487
v 0.021627 0.028708 -0.059185
v 0.020111 0.027464 -0.057704
v 0.018432 0.026658 -0.056102
v 0.021252 0.049505 -0.058268
v 0.022893 0.048141 -0.059214
v 0.024335 0.046316 -0.060020
v 0.025451 0.044204 -0.060614
v 0.026201 0.041888 -0.060974
v 0.026555 0.039454 -0.061084
v 0.026498 0.036997 -0.060940
v 0.026035 0.034611 -0.060549
v 0.025180 0.032388 -0.059928
v 0.023970 0.030414 -0.059100
v 0.022449 0.028764 -0.058094
v 0.020677 0.027502 -0.056953
v 0.018721 0.026677 -0.055719
v 0.021850 0.049546 -0.057034
v 0.023643 0.048199 -0.057651
v 0.025220 0.046384 -0.058181
v 0.026437 0.044280 -0.058573
v 0.027250 0.041966 -0.058806
v 0.027623 0.039534 -0.058876
v 0.027547 0.037074 -0.058775
v 0.027022 0.034685 -0.058509
v 0.026070 0.032453 -0.058089
v 0.024726 0.030471 -0.057535
v 0.023045 0.028809 -0.056865
v 0.021087 0.027533 -0.056106
v 0.018930 0.026693 -0.055288
v 0.022193 0.049579 -0.055705
v 0.024074 0.048241 -0.055973
v 0.025730 0.046431 -0.056205
v 0.027005 0.044333 -0.056380
v 0.027856 0.042018 -0.056478
v 0.028242 0.039585 -0.056503
v 0.028155 0.037125 -0.056444
v 0.027595 0.034734 -0.056311
v 0.026586 0.032497 -0.056111
v 0.025165 0.030508 -0.055851
v 0.023388 0.028838 -0.055542
v 0.021324 0.027553 -0.055195
v 0.019051 0.026703 -0.054822
v 0.022270 0.049600 -0.054332
v 0.024175 0.048262 -0.054243
v 0.025848 0.046457 -0.054174
v 0.027138 0.044358 -0.054114
v 0.027994 0.042045 -0.054075
v 0.028387 0.039611 -0.054062
v 0.028297 0.037150 -0.054036
v 0.027730 0.034756 -0.054042
v 0.026706 0.032519 -0.054070
v 0.025268 0.030525 -0.054115
v 0.023469 0.028851 -0.054178
v 0.021380 0.027562 -0.054255
v 0.019079 0.026708 -0.054343
v 0.022088 0.049598 -0.052987
v 0.023940 0.048262 -0.052535
v 0.025571 0.046461 -0.052159
v 0.026827 0.044356 -0.051866
v 0.027669 0.042043 -0.051686
v 0.028053 0.039609 -0.051611
v 0.027969 0.037147 -0.051648
v 0.027420 0.034752 -0.051792
v 0.026428 0.032517 -0.052044
v 0.025031 0.030522 -0.052392
v 0.023283 0.028849 -0.052823
v 0.021252 0.027561 -0.053322
v 0.019014 0.026708 -0.053868
v 0.021646 0.049586 -0.051691
v 0.023386 0.048241 -0.050907
v 0.024915 0.046432 -0.050231
v 0.026093 0.044326 -0.049720
v 0.026885 0.042010 -0.049400
v 0.027254 0.039578 -0.049281
v 0.027183 0.037115 -0.049364
v 0.026679 0.034723 -0.049644
v 0.025761 0.032489 -0.050111
v 0.024463 0.030501 -0.050749
v 0.022838 0.028831 -0.051532
v 0.020945 0.027548 -0.052432
v 0.018858 0.026701 -0.053415
v 0.020959 0.049560 -0.050494
v 0.022519 0.048203 -0.049401
v 0.023891 0.046381 -0.048464
v 0.024954 0.044270 -0.047760
v 0.025672 0.041951 -0.047318
v 0.026015 0.039517 -0.047154
v 0.025968 0.037056 -0.047278
v 0.025535 0.034668 -0.047678
v 0.024732 0.032439 -0.048342
v 0.023588 0.030458 -0.049246
v 0.022150 0.028798 -0.050352
v 0.020471 0.027526 -0.051620
v 0.018616 0.026690 -0.053000
v 0.020049 0.049511 -0.049460
v 0.021372 0.048139 -0.048100
v 0.022540 0.046307 -0.046932
v 0.023453 0.044190 -0.046063
v 0.024078 0.041868 -0.045517
v 0.024388 0.039431 -0.045318
v 0.024374 0.036973 -0.045473
v 0.024033 0.034588 -0.045977
v 0.023380 0.032368 -0.046814
v 0.022439 0.030397 -0.047945
v 0.021247 0.028751 -0.049331
v 0.019847 0.027495 -0.050917
v 0.018299 0.026674 -0.052643
v 0.018955 0.049448 -0.048619
v 0.019993 0.048060 -0.047043
v 0.020918 0.046216 -0.045698
v 0.021651 0.044090 -0.044689
v 0.022165 0.041762 -0.044058
v 0.022437 0.039323 -0.043831
v 0.022460 0.036868 -0.044018
v 0.022230 0.034489 -0.044606
v 0.021757 0.032278 -0.045578
v 0.021059 0.030322 -0.046896
v 0.020162 0.028691 -0.048506
v 0.019102 0.027453 -0.050348
v 0.017919 0.026653 -0.052352
v 0.016658 0.026321 -0.054444
v 0.017720 0.049375 -0.048010
v 0.018437 0.047970 -0.046280
v 0.019087 0.046111 -0.044800
v 0.019617 0.043973 -0.043692
v 0.020006 0.041638 -0.043003
v 0.020235 0.039197 -0.042758
v 0.020300 0.036745 -0.042967
v 0.020194 0.034373 -0.043617
v 0.019924 0.032174 -0.044685
v 0.019501 0.030232 -0.046135
v 0.018937 0.028621 -0.047908
v 0.018259 0.027403 -0.049936
v 0.017489 0.026628 -0.052143
v 0.016388 0.049297 -0.047654
v 0.016760 0.047872 -0.045834
v 0.017117 0.045996 -0.044279
v 0.017428 0.043845 -0.043116
v 0.017680 0.041501 -0.042397
v 0.017864 0.039058 -0.042141
v 0.017973 0.036608 -0.042359
v 0.018003 0.034245 -0.043041
v 0.017952 0.032058 -0.044168
v 0.017823 0.030134 -0.045694
v 0.017621 0.028544 -0.047562
v 0.017351 0.027352 -0.049697
v 0.017026 0.026601 -0.052021
v 0.015014 0.049216 -0.047567
v 0.015030 0.047769 -0.045728
v 0.015083 0.045874 -0.044153
v 0.015168 0.043710 -0.042980
v 0.015282 0.041358 -0.042254
v 0.015418 0.038912 -0.042008
v 0.015576 0.036465 -0.042214
v 0.015745 0.034110 -0.042905
v 0.015919 0.031938 -0.044046
v 0.016094 0.030031 -0.045591
v 0.016262 0.028463 -0.047480
v 0.016415 0.027294 -0.049642
v 0.016549 0.026572 -0.051992
v 0.013651 0.049133 -0.047753
v 0.013314 0.047665 -0.045963
v 0.013065 0.045752 -0.044428
v 0.012926 0.043574 -0.043288
v 0.012900 0.041215 -0.042579
v 0.012990 0.038766 -0.042331
v 0.013193 0.036322 -0.042544
v 0.013500 0.033975 -0.043216
v 0.013899 0.031816 -0.044325
v 0.014376 0.029928 -0.045828
v 0.014911 0.028382 -0.047667
v 0.015484 0.027240 -0.049769
v 0.016074 0.026544 -0.052057
v 0.012352 0.049052 -0.048202
v 0.011676 0.047564 -0.046528
v 0.011138 0.045634 -0.045094
v 0.010785 0.043443 -0.044027
v 0.010628 0.041075 -0.043361
v 0.010675 0.038623 -0.043128
v 0.010922 0.036182 -0.043328
v 0.011361 0.033843 -0.043958
v 0.011974 0.031696 -0.044993
v 0.012738 0.029826 -0.046397
v 0.013625 0.028302 -0.048114
v 0.014598 0.027183 -0.050078
v 0.015623 0.026515 -0.052215
v 0.011164 0.048978 -0.048895
v 0.010179 0.047470 -0.047403
v 0.009380 0.045523 -0.046126
v 0.008831 0.043320 -0.045172
v 0.008554 0.040944 -0.044579
v 0.008560 0.038490 -0.044366
v 0.008848 0.036050 -0.044543
v 0.009407 0.033719 -0.045103
v 0.010216 0.031585 -0.046026
v 0.011243 0.029732 -0.047276
v 0.012449 0.028228 -0.048805
v 0.013790 0.027133 -0.050554
v 0.015209 0.026490 -0.052456
v 0.010133 0.048913 -0.049809
v 0.008882 0.047386 -0.048556
v 0.007854 0.045424 -0.047482
v 0.007136 0.043210 -0.046680
v 0.006756 0.040827 -0.046179
v 0.006727 0.038370 -0.045998
v 0.007051 0.035933 -0.046144
v 0.007714 0.033608 -0.046611
v 0.008693 0.031485 -0.047384
v 0.009948 0.029646 -0.048431
v 0.011432 0.028161 -0.049712
v 0.013088 0.027087 -0.051178
v 0.014853 0.026466 -0.052776
v 0.009300 0.048856 -0.050908
v 0.007833 0.047316 -0.049941
v 0.006623 0.045341 -0.049113
v 0.005768 0.043118 -0.048492
v 0.005303 0.040728 -0.048103
v 0.005245 0.038269 -0.047959
v 0.005598 0.035833 -0.048068
v 0.006347 0.033515 -0.048423
v 0.007462 0.031401 -0.049013
v 0.008901 0.029575 -0.049817
v 0.010610 0.028105 -0.050802
v 0.012522 0.027048 -0.051929
v 0.014564 0.026446 -0.053158
v 0.008697 0.048813 -0.052148
v 0.007072 0.047263 -0.051504
v 0.005730 0.045277 -0.050952
v 0.004777 0.043044 -0.050536
v 0.004252 0.040651 -0.050273
v 0.004174 0.038189 -0.050176
v 0.004547 0.035756 -0.050241
v 0.005357 0.033442 -0.050471
v 0.006572 0.031336 -0.050856
v 0.008144 0.029520 -0.051383
v 0.010015 0.028060 -0.052031
v 0.012113 0.027017 -0.052776
v 0.014356 0.026430 -0.053590
v 0.008343 0.048785 -0.053482
v 0.006628 0.047227 -0.053186
v 0.005211 0.045234 -0.052931
v 0.004201 0.042995 -0.052737
v 0.003643 0.040598 -0.052614
v 0.003554 0.038136 -0.052563
v 0.003939 0.035703 -0.052581
v 0.004784 0.033392 -0.052672
v 0.006056 0.031293 -0.052836
v 0.007706 0.029481 -0.053066
v 0.009671 0.028031 -0.053353
v 0.011875 0.026998 -0.053687
v 0.014235 0.026421 -0.054054
v -0.047522 0.047820 -0.057013
v -0.049050 0.047240 -0.057080
v -0.050430 0.046381 -0.057134
v -0.051567 0.045323 -0.057166
v -0.047477 0.047826 -0.057325
v -0.048961 0.047254 -0.057689
v -0.050311 0.046398 -0.058013
v -0.051419 0.045328 -0.058292
v -0.047376 0.047837 -0.057620
v -0.048762 0.047273 -0.058272
v -0.050021 0.046423 -0.058862
v -0.051055 0.045355 -0.059359
v -0.047215 0.047851 -0.057890
v -0.048447 0.047300 -0.058801
v -0.049568 0.046455 -0.059636
v -0.050487 0.045394 -0.060334
v -0.047007 0.047864 -0.058124
v -0.048038 0.047323 -0.059267
v -0.048972 0.046491 -0.060310
v -0.049738 0.045444 -0.061184
v -0.046757 0.047880 -0.058312
v -0.047545 0.047354 -0.059633
v -0.048255 0.046533 -0.060854
v -0.048830 0.045494 -0.061877
v -0.046474 0.047894 -0.058449
v -0.046988 0.047381 -0.059908
v -0.047443 0.046578 -0.061250
v -0.047806 0.045555 -0.062376
v -0.046167 0.047912 -0.058524
v -0.046388 0.047418 -0.060058
v -0.046569 0.046631 -0.061478
v -0.046703 0.045620 -0.062665
v -0.045850 0.047930 -0.058544
v -0.045765 0.047453 -0.060099
v -0.045666 0.046684 -0.061532
v -0.045565 0.045694 -0.062730
v -0.045536 0.047951 -0.058496
v -0.045148 0.047495 -0.060007
v -0.044771 0.046744 -0.061403
v -0.044433 0.045763 -0.062572
v -0.045234 0.047971 -0.058393
v -0.044557 0.047529 -0.059806
v -0.043912 0.046794 -0.061108
v -0.043352 0.045830 -0.062198
v -0.044959 0.047989 -0.058233
v -0.044018 0.047565 -0.059488
v -0.043130 0.046845 -0.060647
v -0.042365 0.045893 -0.061618
v -0.044720 0.048005 -0.058023
v -0.043550 0.047595 -0.059076
v -0.042452 0.046890 -0.060042
v -0.041512 0.045956 -0.060852
v -0.044531 0.048018 -0.057763
v -0.043177 0.047623 -0.058568
v -0.041906 0.046926 -0.059315
v -0.040821 0.045996 -0.059938
v -0.044393 0.048027 -0.057477
v -0.042903 0.047640 -0.058008
v -0.041511 0.046952 -0.058496
v -0.040323 0.046029 -0.058903
v -0.044312 0.048032 -0.057168
v -0.042748 0.047650 -0.057401
v -0.041285 0.046967 -0.057613
v -0.040035 0.046049 -0.057794
v -0.044297 0.048033 -0.056846
v -0.042713 0.047652 -0.056775
v -0.041232 0.046973 -0.056706
v -0.039969 0.046063 -0.056645
v -0.044337 0.048030 -0.056532
v -0.042797 0.047646 -0.056152
v -0.041356 0.046965 -0.055803
v -0.040123 0.046051 -0.055511
v -0.044442 0.048024 -0.056227
v -0.042999 0.047634 -0.055561
v -0.041651 0.046944 -0.054946
v -0.040495 0.046032 -0.054427
v -0.044601 0.048015 -0.055950
v -0.043314 0.047616 -0.055017
v -0.042104 0.046923 -0.054161
v -0.041067 0.046002 -0.053438
v -0.044807 0.048006 -0.055715
v -0.043718 0.047601 -0.054553
v -0.042697 0.046898 -0.053481
v -0.041820 0.045972 -0.052577
v -0.045056 0.047993 -0.055520
v -0.044210 0.047576 -0.054173
v -0.043411 0.046861 -0.052933
v -0.042722 0.045915 -0.051890
v -0.045338 0.047976 -0.055384
v -0.044765 0.047541 -0.053904
v -0.044220 0.046811 -0.052538
v -0.043743 0.045853 -0.051391
v -0.045641 0.047954 -0.055303
v -0.045362 0.047501 -0.053746
v -0.045091 0.046756 -0.052309
v -0.044843 0.045784 -0.051104
v -0.045956 0.047931 -0.055287
v -0.045979 0.047457 -0.053712
v -0.045984 0.046690 -0.052260
v -0.045980 0.045711 -0.051039
v -0.046262 0.047904 -0.055332
v -0.046585 0.047409 -0.053800
v -0.046872 0.046624 -0.052390
v -0.047101 0.045626 -0.051203
v -0.046564 0.047880 -0.055442
v -0.047172 0.047360 -0.054013
v -0.047718 0.046548 -0.052697
v -0.048174 0.045547 -0.051586
v -0.046833 0.047851 -0.055611
v -0.047702 0.047301 -0.054344
v -0.048497 0.046482 -0.053170
v -0.049152 0.045468 -0.052183
v -0.047078 0.047839 -0.055831
v -0.048182 0.047279 -0.054769
v -0.049177 0.046429 -0.053795
v -0.050006 0.045415 -0.052964
v -0.047272 0.047821 -0.056096
v -0.048563 0.047245 -0.055290
v -0.049731 0.046393 -0.054540
v -0.050690 0.045352 -0.053900
v -0.045915 0.048095 -0.056929
v -0.047418 0.047820 -0.056385
v -0.048849 0.047241 -0.055856
v -0.050138 0.046378 -0.055367
v -0.051196 0.045332 -0.054939
v -0.047500 0.047814 -0.056703
v -0.049008 0.047230 -0.056472
v -0.050368 0.046375 -0.056248
v -0.051492 0.045319 -0.056040
v -0.052695 0.044417 -0.057194
v -0.054431 0.042875 -0.057248
v -0.055881 0.040907 -0.057285
v -0.056921 0.038690 -0.057305
v -0.057504 0.036309 -0.057315
v -0.057622 0.033881 -0.057316
v -0.057232 0.031441 -0.057255
v -0.056379 0.029131 -0.057201
v -0.055094 0.027034 -0.057133
v -0.053427 0.025231 -0.057054
v -0.051442 0.023789 -0.056968
v -0.049214 0.022766 -0.056876
v -0.046833 0.022201 -0.056783
v -0.052517 0.044418 -0.058544
v -0.054202 0.042881 -0.058953
v -0.055617 0.040910 -0.059288
v -0.056620 0.038694 -0.059549
v -0.057188 0.036318 -0.059692
v -0.057283 0.033871 -0.059731
v -0.056905 0.031442 -0.059647
v -0.056072 0.029135 -0.059452
v -0.054818 0.027036 -0.059157
v -0.053193 0.025235 -0.058775
v -0.051259 0.023793 -0.058321
v -0.049090 0.022769 -0.057808
v -0.046769 0.022203 -0.057258
v -0.052079 0.044444 -0.059829
v -0.053651 0.042906 -0.060578
v -0.054963 0.040936 -0.061210
v -0.055889 0.038722 -0.061682
v -0.056404 0.036343 -0.061959
v -0.056481 0.033897 -0.062045
v -0.056118 0.031466 -0.061918
v -0.055332 0.029161 -0.061596
v -0.054153 0.027062 -0.061089
v -0.052628 0.025256 -0.060420
v -0.050816 0.023812 -0.059612
v -0.048786 0.022784 -0.058698
v -0.046614 0.022211 -0.057712
v -0.051397 0.044490 -0.061010
v -0.052790 0.042957 -0.062071
v -0.053941 0.040987 -0.062969
v -0.054750 0.038772 -0.063635
v -0.055189 0.036396 -0.064038
v -0.055243 0.033950 -0.064157
v -0.054906 0.031526 -0.063991
v -0.054191 0.029216 -0.063550
v -0.053127 0.027114 -0.062849
v -0.051755 0.025300 -0.061919
v -0.050129 0.023844 -0.060792
v -0.048311 0.022804 -0.059510
v -0.046373 0.022221 -0.058126
v -0.050491 0.044542 -0.062041
v -0.051646 0.043017 -0.063370
v -0.052595 0.041060 -0.064496
v -0.053251 0.038849 -0.065332
v -0.053599 0.036480 -0.065836
v -0.053619 0.034034 -0.065992
v -0.053313 0.031608 -0.065794
v -0.052690 0.029295 -0.065249
v -0.051776 0.027184 -0.064381
v -0.050607 0.025361 -0.063220
v -0.049227 0.023892 -0.061813
v -0.047691 0.022838 -0.060214
v -0.046056 0.022239 -0.058484
v -0.049401 0.044607 -0.062873
v -0.050273 0.043101 -0.064416
v -0.050976 0.041153 -0.065730
v -0.051454 0.038953 -0.066703
v -0.051692 0.036591 -0.067292
v -0.051671 0.034145 -0.067478
v -0.051404 0.031717 -0.067252
v -0.050890 0.029397 -0.066623
v -0.050155 0.027275 -0.065617
v -0.049227 0.025436 -0.064273
v -0.048144 0.023953 -0.062640
v -0.046944 0.022879 -0.060782
v -0.045676 0.022259 -0.058774
v -0.048166 0.044675 -0.063476
v -0.048718 0.043187 -0.065177
v -0.049147 0.041260 -0.066625
v -0.049428 0.039079 -0.067696
v -0.049540 0.036724 -0.068350
v -0.049474 0.034277 -0.068556
v -0.049249 0.031846 -0.068313
v -0.048859 0.029518 -0.067621
v -0.048325 0.027382 -0.066512
v -0.047672 0.025529 -0.065032
v -0.046921 0.024025 -0.063236
v -0.046103 0.022931 -0.061194
v -0.045247 0.022286 -0.058984
v -0.046841 0.044756 -0.063823
v -0.047047 0.043289 -0.065615
v -0.047182 0.041380 -0.067143
v -0.047242 0.039210 -0.068274
v -0.047220 0.036866 -0.068968
v -0.047113 0.034427 -0.069187
v -0.046930 0.031993 -0.068929
v -0.046674 0.029652 -0.068198
v -0.046358 0.027502 -0.067031
v -0.045998 0.025630 -0.065472
v -0.045606 0.024103 -0.063582
v -0.045195 0.022981 -0.061432
v -0.044784 0.022311 -0.059104
v -0.045474 0.044846 -0.063901
v -0.045321 0.043396 -0.065717
v -0.045153 0.041504 -0.067264
v -0.044985 0.039347 -0.068410
v -0.044823 0.037009 -0.069113
v -0.044681 0.034595 -0.069356
v -0.044535 0.032141 -0.069071
v -0.044416 0.029790 -0.068333
v -0.044327 0.027626 -0.067153
v -0.044270 0.025735 -0.065576
v -0.044247 0.024186 -0.063664
v -0.044261 0.023040 -0.061489
v -0.044308 0.022341 -0.059133
v -0.044111 0.044925 -0.063714
v -0.043606 0.043501 -0.065480
v -0.043136 0.041628 -0.066984
v -0.042744 0.039486 -0.068100
v -0.042446 0.037160 -0.068782
v -0.042247 0.034729 -0.069002
v -0.042154 0.032284 -0.068745
v -0.042174 0.029927 -0.068024
v -0.042309 0.027750 -0.066874
v -0.042554 0.025841 -0.065339
v -0.042899 0.024269 -0.063478
v -0.043332 0.023097 -0.061361
v -0.043835 0.022371 -0.059068
v -0.042812 0.045006 -0.063263
v -0.041968 0.043602 -0.064912
v -0.041211 0.041748 -0.066314
v -0.040604 0.039620 -0.067353
v -0.040170 0.037296 -0.067985
v -0.039926 0.034867 -0.068190
v -0.039877 0.032419 -0.067949
v -0.040033 0.030058 -0.067280
v -0.040383 0.027870 -0.066204
v -0.040916 0.025943 -0.064771
v -0.041613 0.024351 -0.063032
v -0.042446 0.023156 -0.061054
v -0.043383 0.022401 -0.058912
v -0.041628 0.045087 -0.062563
v -0.040475 0.043702 -0.064031
v -0.039451 0.041860 -0.065281
v -0.038647 0.039740 -0.066203
v -0.038092 0.037422 -0.066765
v -0.037807 0.034996 -0.066941
v -0.037802 0.032551 -0.066725
v -0.038076 0.030182 -0.066128
v -0.038623 0.027982 -0.065171
v -0.039420 0.026039 -0.063894
v -0.040438 0.024425 -0.062342
v -0.041637 0.023204 -0.060578
v -0.042970 0.022425 -0.058669
v -0.040599 0.045156 -0.061647
v -0.039178 0.043787 -0.062878
v -0.037928 0.041965 -0.063922
v -0.036953 0.039853 -0.064694
v -0.036294 0.037542 -0.065162
v -0.035973 0.035116 -0.065306
v -0.036002 0.032669 -0.065124
v -0.036383 0.030295 -0.064618
v -0.037099 0.028084 -0.063815
v -0.038124 0.026125 -0.062739
v -0.039419 0.024492 -0.061436
v -0.040935 0.023252 -0.059954
v -0.042614 0.022450 -0.058351
v -0.039769 0.045214 -0.060546
v -0.038133 0.043865 -0.061490
v -0.036696 0.042051 -0.062293
v -0.035585 0.039949 -0.062884
v -0.034843 0.037646 -0.063241
v -0.034491 0.035219 -0.063347
v -0.034551 0.032772 -0.063204
v -0.035015 0.030390 -0.062809
v -0.035867 0.028169 -0.062185
v -0.037076 0.026196 -0.061355
v -0.038596 0.024550 -0.060347
v -0.040368 0.023291 -0.059204
v -0.042324 0.022469 -0.057969
v -0.039168 0.045250 -0.059306
v -0.037375 0.043914 -0.059928
v -0.035806 0.042117 -0.060454
v -0.034599 0.040029 -0.060843
v -0.033795 0.037732 -0.061076
v -0.033422 0.035304 -0.061139
v -0.033502 0.032854 -0.061041
v -0.034027 0.030467 -0.060770
v -0.034977 0.028236 -0.060347
v -0.036319 0.026256 -0.059790
v -0.038001 0.024597 -0.059118
v -0.039959 0.023325 -0.058358
v -0.042115 0.022487 -0.057538
v -0.038822 0.045278 -0.057969
v -0.036939 0.043951 -0.058244
v -0.035291 0.042160 -0.058477
v -0.034026 0.040079 -0.058648
v -0.033189 0.037787 -0.058749
v -0.032807 0.035365 -0.058768
v -0.032897 0.032914 -0.058711
v -0.033454 0.030521 -0.058573
v -0.034460 0.028283 -0.058369
v -0.035880 0.026296 -0.058106
v -0.037656 0.024626 -0.057796
v -0.039719 0.023343 -0.057447
v -0.041994 0.022496 -0.057073
v -0.038743 0.045297 -0.056588
v -0.036836 0.043967 -0.056507
v -0.035170 0.042178 -0.056436
v -0.033890 0.040100 -0.056379
v -0.033044 0.037807 -0.056343
v -0.032670 0.035410 -0.056335
v -0.032754 0.032941 -0.056302
v -0.033317 0.030544 -0.056304
v -0.034338 0.028306 -0.056328
v -0.035776 0.026313 -0.056371
v -0.037573 0.024640 -0.056431
v -0.039663 0.023355 -0.056507
v -0.041965 0.022502 -0.056595
v -0.038926 0.045281 -0.055225
v -0.037070 0.043960 -0.054786
v -0.035444 0.042170 -0.054411
v -0.034196 0.040093 -0.054128
v -0.033370 0.037806 -0.053951
v -0.032994 0.035389 -0.053880
v -0.033077 0.032932 -0.053914
v -0.033624 0.030538 -0.054053
v -0.034613 0.028301 -0.054302
v -0.036010 0.026310 -0.054647
v -0.037758 0.024638 -0.055077
v -0.039790 0.023351 -0.055574
v -0.042029 0.022501 -0.056119
v -0.039372 0.045257 -0.053924
v -0.037630 0.043928 -0.053145
v -0.036106 0.042138 -0.052479
v -0.034932 0.040059 -0.051978
v -0.034148 0.037764 -0.051662
v -0.033786 0.035345 -0.051546
v -0.033855 0.032889 -0.051626
v -0.034360 0.030502 -0.051904
v -0.035276 0.028270 -0.052368
v -0.036574 0.026284 -0.053003
v -0.038202 0.024619 -0.053786
v -0.040097 0.023340 -0.054684
v -0.042186 0.022495 -0.055665
v -0.040062 0.045228 -0.052731
v -0.038501 0.043887 -0.051644
v -0.037130 0.042083 -0.050714
v -0.036068 0.039993 -0.050016
v -0.035355 0.037693 -0.049579
v -0.035016 0.035275 -0.049418
v -0.035065 0.032826 -0.049538
v -0.035498 0.030442 -0.049938
v -0.036302 0.028218 -0.050601
v -0.037447 0.026239 -0.051502
v -0.038887 0.024583 -0.052607
v -0.040568 0.023314 -0.053872
v -0.042426 0.022482 -0.055251
v -0.040971 0.045184 -0.051698
v -0.039647 0.043828 -0.050344
v -0.038480 0.042016 -0.049182
v -0.037567 0.039912 -0.048316
v -0.036946 0.037606 -0.047774
v -0.036638 0.035185 -0.047577
v -0.036655 0.032738 -0.047734
v -0.036998 0.030362 -0.048235
v -0.037652 0.028145 -0.049069
v -0.038595 0.026177 -0.050201
v -0.039788 0.024534 -0.051584
v -0.041189 0.023281 -0.053168
v -0.042743 0.022466 -0.054893
v -0.042061 0.045120 -0.050868
v -0.041023 0.043749 -0.049296
v -0.040099 0.041918 -0.047950
v -0.039367 0.039809 -0.046945
v -0.038857 0.037498 -0.046320
v -0.038588 0.035077 -0.046093
v -0.038569 0.032633 -0.046277
v -0.038800 0.030260 -0.046865
v -0.039275 0.028053 -0.047834
v -0.039974 0.026101 -0.049149
v -0.040872 0.024475 -0.050758
v -0.041936 0.023240 -0.052599
v -0.043122 0.022444 -0.054603
v -0.044386 0.022119 -0.056691
v -0.043289 0.045039 -0.050271
v -0.042573 0.043651 -0.048542
v -0.041928 0.041813 -0.047059
v -0.041402 0.039697 -0.045957
v -0.041019 0.037381 -0.045267
v -0.040792 0.034956 -0.045027
v -0.040729 0.032508 -0.045229
v -0.040835 0.030144 -0.045877
v -0.041106 0.027949 -0.046941
v -0.041531 0.026012 -0.048389
v -0.042097 0.024405 -0.050160
v -0.042779 0.023192 -0.052188
v -0.043553 0.022420 -0.054393
v -0.044612 0.044957 -0.049926
v -0.044243 0.043550 -0.048108
v -0.043894 0.041694 -0.046547
v -0.043587 0.039566 -0.045389
v -0.043346 0.037249 -0.044667
v -0.043166 0.034823 -0.044414
v -0.043057 0.032379 -0.044627
v -0.043026 0.030019 -0.045304
v -0.043076 0.027834 -0.046425
v -0.043207 0.025914 -0.047949
v -0.043412 0.024327 -0.049814
v -0.043684 0.023137 -0.051949
v -0.044014 0.022392 -0.054272
v -0.045981 0.044875 -0.049848
v -0.045968 0.043443 -0.048008
v -0.045921 0.041568 -0.046432
v -0.045843 0.039426 -0.045257
v -0.045737 0.037096 -0.044532
v -0.045617 0.034690 -0.044287
v -0.045456 0.032238 -0.044481
v -0.045284 0.029883 -0.045168
v -0.045108 0.027712 -0.046304
v -0.044935 0.025809 -0.047845
v -0.044770 0.024245 -0.049733
v -0.044621 0.023082 -0.051893
v -0.044492 0.022364 -0.054243
v -0.047330 0.044774 -0.050047
v -0.047679 0.043331 -0.048250
v -0.047931 0.041438 -0.046719
v -0.048083 0.039287 -0.045569
v -0.048116 0.036952 -0.044860
v -0.048029 0.034518 -0.044604
v -0.047832 0.032086 -0.044814
v -0.047525 0.029743 -0.045478
v -0.047124 0.027585 -0.046584
v -0.046651 0.025703 -0.048082
v -0.046119 0.024161 -0.049919
v -0.045548 0.023023 -0.052021
v -0.044964 0.022334 -0.054308
v -0.048619 0.044679 -0.050511
v -0.049306 0.043217 -0.048831
v -0.049849 0.041312 -0.047394
v -0.050216 0.039150 -0.046315
v -0.050383 0.036805 -0.045643
v -0.050336 0.034362 -0.045401
v -0.050096 0.031933 -0.045600
v -0.049659 0.029602 -0.046223
v -0.049046 0.027460 -0.047252
v -0.048287 0.025597 -0.048652
v -0.047405 0.024080 -0.050365
v -0.046436 0.022968 -0.052329
v -0.045417 0.022305 -0.054465
v -0.049803 0.044606 -0.051219
v -0.050800 0.043128 -0.049716
v -0.051604 0.041196 -0.048433
v -0.052159 0.039011 -0.047471
v -0.052448 0.036661 -0.046863
v -0.052446 0.034220 -0.046643
v -0.052166 0.031795 -0.046813
v -0.051609 0.029473 -0.047366
v -0.050804 0.027345 -0.048283
v -0.049780 0.025498 -0.049531
v -0.048578 0.024002 -0.051057
v -0.047243 0.022914 -0.052805
v -0.045828 0.022277 -0.054708
v -0.050826 0.044534 -0.052151
v -0.052085 0.043031 -0.050887
v -0.053125 0.041094 -0.049795
v -0.053848 0.038897 -0.048986
v -0.054240 0.036538 -0.048469
v -0.054277 0.034097 -0.048276
v -0.053960 0.031673 -0.048414
v -0.053302 0.029359 -0.048873
v -0.052327 0.027243 -0.049644
v -0.051075 0.025411 -0.050687
v -0.049595 0.023932 -0.051966
v -0.047945 0.022866 -0.053430
v -0.046185 0.022254 -0.055027
v -0.051653 0.044478 -0.053263
v -0.053130 0.042969 -0.052283
v -0.054353 0.041011 -0.051433
v -0.055217 0.038811 -0.050798
v -0.055693 0.036445 -0.050395
v -0.055758 0.033998 -0.050238
v -0.055413 0.031576 -0.050340
v -0.054670 0.029265 -0.050688
v -0.053558 0.027158 -0.051273
v -0.052122 0.025338 -0.052074
v -0.050418 0.023875 -0.053055
v -0.048510 0.022827 -0.054181
v -0.046474 0.022233 -0.055409
v -0.052247 0.044423 -0.054516
v -0.053880 0.042908 -0.053858
v -0.055242 0.040954 -0.053282
v -0.056210 0.038752 -0.052844
v -0.056750 0.036379 -0.052565
v -0.056833 0.033926 -0.052456
v -0.056467 0.031503 -0.052516
v -0.055662 0.029196 -0.052736
v -0.054451 0.027094 -0.053114
v -0.052882 0.025284 -0.053636
v -0.051015 0.023834 -0.054282
v -0.048923 0.022799 -0.055026
v -0.046684 0.022219 -0.055840
v -0.052600 0.044407 -0.055842
v -0.054323 0.042886 -0.055528
v -0.055756 0.040920 -0.055262
v -0.056782 0.038711 -0.055042
v -0.057362 0.036334 -0.054908
v -0.057461 0.033884 -0.054843
v -0.057084 0.031462 -0.054853
v -0.056241 0.029152 -0.054934
v -0.054969 0.027053 -0.055093
v -0.053323 0.025248 -0.055318
v -0.051361 0.023804 -0.055601
v -0.049160 0.022777 -0.055935
v -0.046805 0.022208 -0.056303
vn 0.4317 -0.9011 0.0406
vn 0.9419 -0.3329 -0.0442
vn 0.8591 -0.5079 -0.0633
vn 0.5311 0.6890 -0.4931
vn 0.9820 -0.0553 -0.1809
vn -0.0745 0.9949 -0.0675
vn 0.2284 0.9039 -0.3617
vn -0.2983 -0.9545 -0.0003
vn -0.8948 -0.4194 -0.1529
vn 0.7253 0.6686 0.1642
vn -0.6033 -0.6869 0.4052
vn 0.6259 0.6505 -0.4303
vn -0.1885 -0.9579 0.2165
vn 0.9585 0.2145 0.1876
vn 0.4815 -0.7615 -0.4339
vn 0.9585 0.2256 -0.1742
vn 0.3707 0.7392 0.5623
vn 0.8937 0.4354 0.1085
vn 0.8175 0.5757 -0.0163
vn -0.6992 0.1382 0.7014
vn -0.0185 -0.9412 -0.3374
vn 0.6810 0.6697 0.2963
vn 0.7917 0.5505 0.2650
vn 0.7991 0.5422 0.2597
vn 0.7996 0.5415 0.2597
vn -0.6278 -0.7188 0.2986
vn -0.0232 0.9507 0.3093
vn 0.3158 0.7314 0.6045
vn 0.8119 0.5726 0.1136
vn 0.9955 -0.0533 -0.0778
vn 0.9961 -0.0552 -0.0684
vn 0.9957 -0.0517 -0.0772
vn -0.8413 0.5153 0.1634
vn 0.8174 -0.3105 0.4852
vn -0.0294 -0.7670 0.6410
vn -0.0307 -0.7692 0.6382
vn -0.0306 -0.7698 0.6375
vn 0.5211 0.7985 0.3014
vn 0.0794 -0.5626 0.8229
vn 0.9559 0.2914 0.0370
vn 0.8583 -0.4977 0.1250
vn 0.8091 -0.5875 0.0125
vn 0.7160 0.6815 -0.1514
vn 0.5712 -0.7611 0.3074
vn 0.9607 0.2765 -0.0245
vn -0.1104 0.1586 -0.9812
vn 0.5901 -0.6371 0.4959
vn 0.3324 -0.7768 0.5349
vn 0.6167 -0.4802 -0.6238
vn 0.8035 -0.3367 0.4909
vn 0.9657 0.1484 0.2129
vn 0.7389 0.0848 0.6685
vn 0.2425 -0.9685 -0.0563
vn 0.5676 0.7112 -0.4147
vn -0.0808 -0.8009 0.5934
vn 0.3257 0.1058 0.9395
vn -0.8445 0.3376 0.4157
vn 0.6476 0.5352 0.5424
vn 0.6141 0.7113 0.3418
vn 0.8522 0.4937 0.1733
vn 0.6973 0.6923 0.1855
vn -0.2859 -0.8059 0.5184
vn 0.9710 0.2392 -0.0020
vn -0.6344 -0.7726 -0.0253
vn 0.1355 -0.9889 0.0614
vn 0.0432 0.4052 0.9132
vn 0.4929 0.8699 -0.0162
vn -0.3121 -0.6054 0.7321
vn -0.0085 0.6390 0.7691
vn -0.0087 0.6391 0.7691
vn -0.0084 0.6392 0.7690
vn 0.0447 -0.9753 0.2161
vn -0.2580 -0.4873 0.8343
vn 0.4479 0.6300 0.6344
vn 0.9771 0.2127 0.0051
vn -0.1193 0.0544 -0.9914
vn 0.7722 0.6185 0.1455
vn 0.9716 0.0618 -0.2284
vn 0.9720 0.0628 -0.2265
vn 0.9703 0.0674 -0.2324
vn -0.6291 -0.6905 0.3569
vn 0.9062 0.3454 -0.2437
vn -0.2756 0.7537 0.5966
vn -0.2818 0.7530 0.5947
vn -0.2745 0.7538 0.5970
vn -0.5853 -0.6358 0.5032
vn 0.9636 0.2386 -0.1204
vn 0.9601 0.2494 -0.1261
vn 0.9606 0.2484 -0.1250
vn -0.8519 0.3467 0.3925
vn 0.6601 0.5939 0.4599
vn 0.6603 0.5925 0.4613
vn 0.6609 0.5919 0.4614
vn 0.7581 0.5594 0.3352
vn -0.1594 0.8386 -0.5208
vn 0.7128 0.6653 0.2221
vn 0.7112 -0.6166 0.3376
vn -0.8017 0.3704 0.4691
vn 0.8900 0.4118 0.1959
vn 0.4241 0.7889 -0.4447
vn 0.5036 -0.8591 -0.0917
vn 0.7487 0.3031 0.5896
vn 0.1184 0.8933 -0.4337
vn 0.6279 -0.4682 -0.6217
vn 0.4681 -0.8835 -0.0202
vn -0.1984 0.6263 0.7540
vn 0.5159 -0.1390 -0.8453
vn 0.7072 0.2195 0.6720
vn 0.7482 0.6358 -0.1896
vn 0.4787 -0.8484 0.2258
vn 0.2915 0.8079 -0.5122
vn 0.9442 0.1749 0.2792
vn 0.7349 -0.5354 0.4164
vn -0.1633 -0.7583 0.6311
vn 0.9680 0.2303 0.0992
vn -0.0965 0.9595 0.2645
vn 0.3790 -0.8175 0.4336
vn 0.3243 -0.7525 -0.5733
vn 0.3276 -0.7575 -0.5647
vn 0.3277 -0.7580 -0.5640
vn 0.4904 0.1045 -0.8652
vn 0.4902 0.1050 -0.8653
vn 0.4904 0.1050 -0.8652
vn -0.1744 -0.9258 0.3353
vn 0.5253 0.7895 0.3173
vn 0.8745 -0.1341 0.4662
vn 0.8888 0.4168 0.1907
vn -0.3720 -0.8817 -0.2904
vn -0.6055 -0.6491 0.4605
vn 0.6978 0.6235 0.3527
vn 0.8388 0.5057 0.2016
vn -0.2751 0.8041 0.5271
vn 0.7724 -0.5674 0.2854
vn -0.0474 0.6773 -0.7342
vn -0.2550 -0.8438 -0.4722
vn 0.7105 -0.4473 -0.5432
vn -0.2322 -0.9430 0.2383
vn 0.8164 0.5718 0.0807
vn 0.4854 -0.8659 -0.1207
vn -0.1364 -0.7574 0.6385
vn 0.3391 0.9313 -0.1334
vn 0.8628 0.5005 0.0708
vn 0.7370 0.6397 0.2185
vn -0.5283 -0.4232 0.7360
vn -0.1763 0.9839 0.0301
vn 0.8510 -0.0983 0.5159
vn -0.0331 0.0457 0.9984
vn -0.8548 0.2266 0.4669
vn 0.2164 0.7913 -0.5718
vn 0.2380 0.8847 -0.4009
vn -0.7643 -0.6351 -0.1117
vn 0.6528 0.2845 -0.7021
vn 0.8956 0.3551 0.2679
vn 0.5164 0.8561 0.0219
vn 0.9442 -0.2903 -0.1558
vn 0.5439 -0.6377 -0.5455
vn 0.0886 0.7909 0.6054
vn 0.9956 -0.0891 0.0275
vn 0.9943 -0.0162 0.1052
vn 0.2485 -0.4730 0.8453
vn 0.4692 0.7048 -0.5320
vn 0.7063 -0.1449 0.6929
vn 0.8027 0.5493 -0.2322
vn -0.1013 0.2462 0.9639
vn 0.8044 0.3191 0.5010
vn -0.2199 0.9347 0.2794
vn 0.3029 -0.8957 -0.3256
vn 0.4152 -0.8172 0.3998
vn 0.9727 0.2137 -0.0903
vn 0.7793 0.6255 0.0379
vn 0.6939 0.6055 0.3897
vn 0.5283 0.8007 -0.2823
vn 0.7240 0.6586 -0.2049
vn 0.7235 0.6593 -0.2047
vn 0.7239 0.6588 -0.2049
vn 0.8120 0.5665 -0.1408
vn 0.7444 0.3970 -0.5370
vn -0.9519 0.0543 0.3016
vn 0.8866 0.0289 0.4615
vn 0.5758 0.7899 -0.2109
vn 0.7751 0.6304 -0.0416
vn -0.6313 -0.3212 0.7059
vn 0.2288 0.8900 0.3943
vn 0.0931 0.8524 -0.5145
vn 0.3387 -0.6765 0.6539
vn 0.7994 -0.5981 0.0572
vn -0.4147 0.9037 0.1066
vn -0.1296 -0.8546 0.5029
vn 0.7878 0.4025 -0.4663
vn 0.1106 0.8465 -0.5207
vn 0.1104 0.8470 -0.5200
vn 0.1107 0.8442 -0.5245
vn 0.8682 0.2907 0.4023
vn 0.3844 0.7699 -0.5094
vn 0.7826 0.4967 0.3754
vn -0.7559 -0.2721 0.5954
vn -0.2346 0.3808 0.8944
vn 0.3943 0.9035 0.1678
vn -0.4868 -0.4540 0.7463
vn 0.6041 0.1613 0.7804
vn 0.0969 0.1416 0.9852
vn 0.8058 -0.0774 0.5871
vn -0.2509 0.4766 -0.8425
vn -0.3194 -0.4932 0.8092
vn -0.0548 -0.6900 0.7217
vn 0.8937 0.4371 0.1011
vn -0.5610 -0.5115 0.6509
vn -0.4060 0.9101 0.0826
vn -0.4088 0.9087 0.0843
vn -0.4036 0.9114 0.0810
vn -0.1586 0.9849 0.0689
vn 0.4886 0.7629 -0.4233
vn 0.5383 0.8372 0.0965
vn 0.4977 0.7066 -0.5030
vn 0.9699 -0.0192 -0.2427
vn 0.9912 0.1315 -0.0145
vn 0.8000 0.5414 0.2587
vn -0.0189 0.9996 0.0191
vn 0.9235 0.2429 -0.2969
vn -0.0315 0.2475 -0.9684
vn -0.0167 0.1959 -0.9805
vn 0.9159 0.2075 0.3436
vn 0.5746 0.6787 0.4574
vn -0.0221 0.7591 -0.6506
vn -0.0214 0.7582 -0.6517
vn -0.0196 0.7556 -0.6547
vn 0.2292 0.8734 -0.4298
vn 0.7741 -0.6287 0.0742
vn -0.0525 0.9700 0.2376
vn 0.1985 0.9402 0.2768
vn 0.6936 0.5769 0.4314
vn -0.2479 0.9686 -0.0175
vn 0.4461 -0.8862 0.1254
vn -0.1133 0.8695 -0.4807
vn -0.1157 0.8697 -0.4798
vn -0.1139 0.8694 -0.4808
vn -0.0811 0.8497 0.5211
vn -0.2296 0.9723 -0.0447
vn 0.4672 0.8124 -0.3489
vn 0.6059 0.3936 0.6914
vn 0.6040 0.3937 0.6929
vn 0.5979 0.3988 0.6954
vn 0.7519 0.5282 0.3946
vn 0.3607 0.5963 -0.7172
vn 0.1872 0.9173 0.3515
vn 0.9918 -0.1024 -0.0766
vn -0.1828 -0.9022 0.3907
vn -0.1887 -0.9039 0.3838
vn -0.1897 -0.9043 0.3823
vn 0.5635 0.6111 0.5559
vn 0.4282 0.8053 0.4100
vn 0.6844 0.6296 0.3677
vn 0.6847 0.6294 0.3675
vn 0.2038 0.9613 0.1853
vn 0.2027 0.9628 0.1786
vn 0.2023 0.9635 0.1750
vn 0.6976 0.6157 0.3664
vn 0.6940 0.6202 0.3657
vn 0.6949 0.6213 0.3622
vn -0.5581 0.3075 -0.7707
vn 0.7368 0.5574 0.3827
vn 0.7361 0.5572 0.3843
vn 0.7341 0.5537 0.3932
vn 0.6710 0.6698 0.3181
vn 0.6480 0.6773 0.3484
vn 0.6493 0.6760 0.3486
vn 0.6515 0.6747 0.3467
vn 0.5905 0.6512 0.4768
vn -0.5464 0.7208 -0.4264
vn 0.1705 0.1611 -0.9721
vn 0.1700 0.1627 -0.9719
vn 0.1706 0.1604 -0.9722
vn -0.2103 -0.4392 0.8734
vn 0.1637 0.4767 -0.8637
vn 0.1593 0.4756 -0.8651
vn 0.1651 0.4770 -0.8632
vn 0.2810 0.5033 -0.8172
vn 0.2836 0.4994 -0.8186
vn 0.2801 0.5049 -0.8165
vn 0.2177 0.4767 -0.8517
vn 0.2223 0.4752 -0.8513
vn 0.2236 0.4747 -0.8512
vn 0.7081 -0.1701 0.6853
vn 0.1562 0.8564 0.4921
vn 0.6276 -0.6649 0.4049
vn 0.6494 0.7029 -0.2901
vn 0.6121 0.6945 -0.3782
vn -0.6213 0.1853 0.7613
vn -0.4957 0.1689 0.8519
vn 0.5788 0.7252 -0.3729
vn 0.2441 0.5398 -0.8056
vn 0.1511 0.4370 -0.8867
vn -0.2031 0.5962 0.7767
vn -0.2376 0.8055 0.5429
vn -0.1063 0.1096 -0.9883
vn 0.7819 0.6044 -0.1527
vn -0.2478 0.0596 -0.9670
vn -0.2772 -0.9282 -0.2481
vn 0.0906 0.4974 -0.8628
vn 0.0677 0.2727 -0.9597
vn -0.1040 0.0860 -0.9909
vn -0.1040 0.0875 -0.9907
vn -0.1065 0.0899 -0.9902
vn -0.1891 0.8421 -0.5050
vn -0.3195 0.8720 0.3710
vn -0.1258 0.8288 -0.5452
vn -0.1287 0.8320 -0.5396
vn -0.1245 0.8274 -0.5476
vn 0.4667 0.8169 -0.3389
vn 0.8285 0.5364 0.1607
vn 0.6893 0.6423 0.3351
vn 0.1722 0.9842 -0.0411
vn -0.5738 0.7408 0.3491
vn -0.5738 0.7409 0.3491
vn 0.6820 0.6145 0.3964
vn 0.6240 0.7335 0.2695
vn 0.4156 0.9059 0.0813
vn 0.6858 0.7238 0.0758
vn 0.7384 0.5385 0.4060
vn 0.7937 0.5999 0.1011
vn -0.2813 0.6817 0.6754
vn 0.7608 0.6267 -0.1689
vn 0.6170 0.6814 0.3937
vn 0.8082 0.5864 -0.0537
vn 0.8083 0.5863 -0.0537
vn 0.8082 0.5864 -0.0539
vn 0.6225 0.5040 0.5987
vn -0.2458 0.3411 0.9073
vn -0.5246 -0.0647 0.8489
vn -0.5256 -0.0646 0.8483
vn -0.5218 -0.0661 0.8505
vn 0.5643 0.7896 0.2410
vn 0.6958 0.6697 0.2595
vn 0.5593 0.5827 0.5896
vn -0.5066 -0.0577 0.8602
vn -0.5229 -0.1366 0.8414
vn -0.3855 -0.0661 0.9203
vn 0.8441 0.5359 -0.0156
vn 0.8490 0.5281 -0.0177
vn 0.8446 0.5352 -0.0158
vn 0.4707 0.8757 0.1075
vn 0.6345 0.7618 0.1306
vn -0.0752 0.7631 0.6419
vn 0.2893 0.4482 0.8458
vn -0.0059 0.3168 0.9485
vn 0.4069 0.5687 0.7149
vn -0.2145 0.6350 0.7421
vn -0.0222 0.5913 0.8061
vn 0.9778 -0.0148 0.2092
vn 0.2695 0.8811 -0.3887
vn 0.4390 0.8212 -0.3646
vn -0.3376 -0.8939 -0.2949
vn 0.7543 0.5276 0.3907
vn 0.3918 -0.9018 -0.1824
vn 0.3917 -0.9018 -0.1823
vn 0.3913 -0.9021 -0.1818
vn 0.0290 0.3140 0.9490
vn -0.1459 0.4000 0.9048
vn -0.1098 0.3673 0.9236
vn -0.1097 0.3673 0.9236
vn -0.5085 -0.2234 0.8315
vn 0.5752 -0.7938 -0.1973
vn 0.5749 -0.7941 -0.1971
vn 0.5758 -0.7934 -0.1977
vn 0.1596 0.6218 0.7668
vn 0.1431 0.3514 0.9252
vn 0.1404 0.3498 0.9262
vn 0.1490 0.3551 0.9229
vn -0.3451 0.9357 -0.0735
vn -0.4094 0.9007 -0.1455
vn -0.4033 0.9039 -0.1424
vn -0.4018 0.9047 -0.1417
vn -0.1278 0.6781 0.7238
vn -0.3941 0.9188 -0.0224
vn -0.4940 0.8694 0.0035
vn 0.0525 0.4356 0.8986
vn -0.0639 0.9655 -0.2524
vn -0.5071 0.7443 -0.4346
vn -0.1035 0.1791 0.9784
vn -0.1018 0.1817 0.9781
vn -0.1032 0.1782 0.9786
vn -0.4873 0.8151 -0.3132
vn -0.4883 0.8138 -0.3152
vn -0.4890 0.8134 -0.3150
vn -0.2069 0.8555 -0.4747
vn -0.1652 0.8437 -0.5108
vn -0.1323 0.9556 -0.2632
vn -0.1479 0.9759 -0.1605
vn -0.0205 0.3236 -0.9460
vn 0.0632 0.8482 -0.5259
vn -0.0076 0.7750 -0.6319
vn -0.2501 0.9311 0.2654
vn -0.3604 0.8910 0.2762
vn 0.1712 0.2450 -0.9543
vn -0.3989 0.9142 -0.0715
vn 0.4322 0.5433 0.7198
vn 0.4318 0.5432 0.7201
vn 0.4323 0.5435 0.7195
vn 0.2936 0.4976 -0.8162
vn -0.5288 0.8024 -0.2768
vn -0.5489 0.7052 -0.4488
vn -0.5503 0.7039 -0.4491
vn -0.5401 0.7079 -0.4552
vn -0.4893 0.7684 -0.4124
vn -0.4890 0.7678 -0.4139
vn -0.4895 0.7685 -0.4120
vn -0.3955 0.9035 -0.1648
vn -0.4030 0.9021 -0.1542
vn -0.3999 0.9026 -0.1594
vn -0.9201 0.0240 -0.3908
vn 0.0346 0.9906 -0.1324
vn -0.1522 0.9503 -0.2715
vn -0.4458 0.8317 -0.3308
vn -0.5100 0.8047 -0.3038
vn -0.5124 0.8057 -0.2971
vn -0.5098 0.8045 -0.3048
vn -0.1967 0.9740 -0.1124
vn -0.1968 0.9739 -0.1130
vn -0.0073 0.9977 -0.0672
vn -0.1394 0.9590 0.2467
vn -0.3822 0.2723 0.8830
vn -0.2335 0.7876 0.5702
vn -0.1690 0.9842 -0.0524
vn -0.3379 0.8789 0.3367
vn -0.2005 0.9753 -0.0929
vn 0.0287 0.7125 0.7011
vn 0.4561 0.8777 -0.1472
vn 0.6301 0.7559 0.1778
vn 0.7088 -0.5368 0.4576
vn 0.5903 0.8032 0.0798
vn 0.5945 0.8004 0.0770
vn 0.5946 0.8002 0.0777
vn 0.6719 0.6824 0.2878
vn -0.6056 0.7316 -0.3132
vn 0.3054 -0.9495 0.0724
vn 0.6471 0.5824 0.4921
vn -0.9617 0.2701 0.0463
vn -0.2365 -0.8085 -0.5389
vn -0.8953 0.3471 -0.2792
vn -0.7701 0.2616 0.5818
vn -0.9236 0.3832 -0.0149
vn -0.9198 0.3922 -0.0112
vn -0.9202 0.3913 -0.0117
vn 0.6023 0.7907 0.1094
vn 0.5842 0.6856 0.4344
vn 0.2189 0.7042 0.6754
vn 0.5031 0.8262 0.2535
vn -0.7722 0.5874 -0.2422
vn 0.4476 0.8666 0.2208
vn 0.4541 0.1609 0.8763
vn 0.4617 0.8397 0.2861
vn 0.4209 0.8844 0.2015
vn -0.0316 0.9976 -0.0617
vn 0.3862 0.8020 0.4556
vn 0.3549 -0.8896 -0.2876
vn -0.6803 0.6388 0.3592
vn -0.9050 0.4045 -0.1315
vn 0.3976 -0.2466 0.8838
vn 0.7876 -0.5514 0.2751
vn 0.4684 0.8823 0.0453
vn 0.5187 0.7621 -0.3876
vn 0.0553 0.9976 -0.0425
vn 0.0135 0.9316 -0.3633
vn 0.5383 0.7973 -0.2730
vn -0.1949 0.9210 0.3373
vn -0.0958 0.8787 0.4677
vn -0.0491 0.9943 0.0944
vn 0.2165 0.9147 -0.3413
vn -0.6857 0.4969 0.5319
vn 0.0076 0.9999 0.0088
vn -0.8710 0.4907 -0.0217
vn -0.4297 0.8951 0.1193
vn 0.5932 -0.7635 0.2553
vn -0.9816 0.1908 -0.0036
vn 0.6802 -0.6224 0.3873
vn 0.7329 0.6714 0.1099
vn 0.7318 0.6725 0.1104
vn 0.7320 0.6724 0.1099
vn -0.9928 -0.0168 -0.1183
vn 0.8981 0.4206 0.1283
vn 0.5882 0.7659 0.2598
vn -0.9978 -0.0521 -0.0413
vn 0.2873 0.8000 -0.5267
vn 0.5995 0.7957 0.0863
vn 0.4155 0.7827 0.4634
vn 0.0487 0.9858 -0.1606
vn 0.5207 0.7654 0.3782
vn 0.3991 0.8064 0.4364
vn 0.4381 0.7894 0.4301
vn 0.5191 0.7193 0.4617
vn -0.8923 -0.4381 0.1091
vn 0.4761 0.7278 0.4936
vn -0.0342 -0.7186 0.6945
vn 0.4530 0.8302 0.3249
vn 0.2726 0.2771 0.9213
vn 0.0078 0.5445 0.8387
vn -0.1383 0.5541 0.8209
vn 0.2183 0.7252 0.6530
vn 0.2687 0.6664 0.6955
vn 0.7052 0.5100 -0.4926
vn -0.7683 0.5997 0.2239
vn -0.8769 0.3314 -0.3481
vn 0.2544 0.9669 -0.0200
vn -0.2202 0.9477 -0.2309
vn -0.2369 -0.5511 0.8001
vn -0.2311 -0.5489 0.8033
vn -0.2323 -0.5493 0.8027
vn -0.8358 -0.5489 -0.0143
vn 0.4589 -0.8696 -0.1821
vn 0.7067 -0.3335 -0.6240
vn -0.5313 0.8326 -0.1565
vn -0.9300 0.3454 -0.1257
vn 0.7490 0.3655 -0.5526
vn 0.7500 0.3754 -0.5446
vn 0.7499 0.3744 -0.5454
vn 0.2430 0.7987 -0.5505
vn 0.3782 0.9255 0.0222
vn -0.6947 -0.6613 -0.2830
vn 0.8825 0.3575 -0.3055
vn -0.7334 0.5664 -0.3760
vn 0.7439 0.6643 0.0738
vn 0.5067 0.7733 0.3811
vn 0.4068 0.9115 -0.0615
vn -0.4031 -0.8672 0.2924
vn -0.8067 -0.5669 -0.1666
vn 0.7191 0.6939 -0.0375
vn -0.2473 0.8935 0.3749
vn -0.9864 0.1195 -0.1129
vn -0.1337 0.9879 0.0790
vn -0.5847 0.7009 -0.4085
vn -0.3312 0.4736 0.8161
vn 0.0847 0.0464 -0.9953
vn -0.5164 -0.7526 0.4086
vn -0.9760 -0.1003 0.1933
vn -0.2383 -0.7798 0.5789
vn -0.1441 0.9732 0.1791
vn 0.5542 0.8198 -0.1441
vn -0.3569 -0.4390 -0.8246
vn -0.9923 -0.1007 -0.0718
vn 0.5357 -0.8268 -0.1715
vn 0.3277 0.7860 0.5242
vn 0.3311 0.7853 0.5231
vn 0.3268 0.7862 0.5245
vn 0.2321 0.7920 0.5646
vn -0.6946 -0.5833 0.4211
vn -0.9977 -0.0683 0.0052
vn -0.7199 0.6919 -0.0551
vn -0.0360 0.7510 0.6594
vn -0.1285 -0.9371 -0.3247
vn 0.3492 0.7813 0.5173
vn 0.1130 0.9925 -0.0475
vn -0.7594 -0.1334 0.6368
vn -0.0878 -0.9960 0.0184
vn -0.0930 0.7244 -0.6831
vn -0.8692 0.4616 -0.1774
vn 0.4276 0.7420 0.5163
vn 0.4277 0.7434 0.5142
vn 0.4273 0.7425 0.5158
vn 0.1931 -0.7862 0.5871
vn 0.9393 -0.3253 -0.1088
vn 0.0183 -0.9923 -0.1223
vn 0.0170 -0.9924 -0.1222
vn 0.0135 -0.9925 -0.1216
vn -0.8325 0.4562 0.3143
vn -0.7040 0.7098 -0.0246
vn -0.8748 0.1965 0.4429
vn -0.7469 0.4063 0.5263
vn -0.7478 0.4061 0.5253
vn -0.7438 0.4070 0.5301
vn 0.9824 0.1023 0.1563
vn 0.3523 0.9225 0.1577
vn -0.6553 -0.4132 -0.6324
vn -0.0428 0.8630 -0.5034
vn 0.3610 -0.8343 -0.4166
vn 0.7051 0.6904 -0.1621
vn 0.1830 0.8055 -0.5637
vn -0.9041 0.2111 0.3715
vn -0.9025 0.2119 0.3749
vn -0.9042 0.2124 0.3705
vn 0.8623 0.4746 0.1763
vn -0.3813 0.7262 0.5721
vn -0.3838 0.7259 0.5707
vn -0.3804 0.7263 0.5725
vn 0.5741 -0.4098 0.7089
vn 0.5743 -0.4096 0.7088
vn 0.5740 -0.4099 0.7089
vn -0.9426 -0.2097 0.2597
vn 0.3550 0.7423 0.5683
vn 0.7038 0.6877 -0.1784
vn -0.8647 0.3237 0.3840
vn -0.8641 0.3209 0.3877
vn -0.8636 0.3222 0.3878
vn 0.9244 0.3567 -0.1350
vn 0.9551 0.1236 -0.2692
vn -0.8963 0.3126 0.3145
vn 0.9697 0.2013 0.1382
vn 0.9103 0.3902 0.1381
vn 0.9088 0.3930 0.1405
vn 0.9105 0.3901 0.1372
vn -0.4096 -0.9044 0.1198
vn -0.4225 -0.9035 -0.0718
vn 0.3745 -0.7270 -0.5755
vn 0.2950 0.9396 -0.1737
vn 0.5409 0.6288 0.5586
vn -0.2970 0.0117 0.9548
vn -0.8137 0.2952 0.5008
vn -0.0767 0.4493 0.8901
vn -0.6396 -0.7626 0.0970
vn -0.6348 0.7647 0.1104
vn -0.6346 0.7649 0.1105
vn -0.6350 0.7646 0.1103
vn 0.1854 0.6858 -0.7038
vn -0.5658 -0.5001 0.6556
vn 0.6957 0.4553 0.5556
vn 0.6999 0.4566 0.5492
vn 0.6947 0.4550 0.5572
vn -0.7324 -0.4095 -0.5440
vn 0.0159 0.7749 -0.6319
vn -0.4691 -0.5875 0.6594
vn -0.2517 -0.5479 0.7978
vn 0.2489 -0.4322 0.8667
vn -0.7429 0.4074 0.5311
vn 0.1888 -0.9734 -0.1299
vn 0.7822 0.3097 -0.5406
vn -0.9926 -0.0938 -0.0775
vn 0.9831 0.1305 0.1281
vn 0.5255 0.8259 0.2043
vn -0.0527 0.5450 0.8368
vn -0.0065 -0.9094 0.4159
vn 0.4670 -0.7522 0.4648
vn 0.3948 -0.8405 0.3710
vn 0.0807 -0.0151 -0.9966
vn 0.6311 -0.7727 0.0678
vn -0.3404 0.9360 -0.0900
vn -0.5662 -0.1462 0.8112
vn -0.7821 0.5127 0.3542
vn -0.9059 0.4065 0.1189
vn -0.7559 0.5796 0.3043
vn -0.7559 0.5807 0.3023
vn -0.7545 0.5849 0.2977
vn 0.5345 0.8424 -0.0679
vn -0.9707 0.1417 -0.1942
vn -0.9205 0.3886 -0.0403
vn 0.6329 -0.7738 -0.0259
vn 0.6526 0.6423 0.4019
vn 0.6397 -0.1411 -0.7555
vn 0.6359 -0.1405 -0.7589
vn 0.6350 -0.1405 -0.7596
vn 0.7305 0.6611 -0.1713
vn 0.3458 -0.8779 0.3312
vn 0.1612 -0.9869 0.0016
vn -0.5247 0.8346 -0.1678
vn -0.8998 0.3715 0.2288
vn -0.1390 0.4017 0.9052
vn 0.2629 -0.7174 0.6451
vn 0.3080 -0.6277 0.7149
vn -0.1094 -0.9899 0.0897
vn -0.1094 -0.9940 0.0050
vn -0.1093 -0.9940 0.0009
vn -0.1095 -0.9940 -0.0001
vn -0.1828 -0.9306 0.3170
vn -0.5029 -0.6136 0.6088
vn 0.8860 0.4063 0.2235
vn 0.2095 0.9416 0.2636
vn -0.5492 -0.1817 0.8157
vn -0.3898 -0.3902 0.8341
vn -0.9072 0.1859 0.3775
vn 0.3746 -0.7681 0.5193
vn 0.7132 -0.4069 0.5707
vn -0.0886 0.4739 0.8761
vn -0.4170 0.9087 -0.0196
vn 0.1206 -0.9598 0.2534
vn 0.6904 0.5095 0.5137
vn 0.4895 -0.7991 0.3490
vn 0.5690 0.7514 0.3343
vn 0.6290 0.6502 -0.4262
vn -0.0045 -0.5288 0.8488
vn -0.6704 0.4986 0.5495
vn 0.5022 0.7914 0.3485
vn -0.7116 -0.1250 0.6914
vn -0.2380 0.7725 -0.5888
vn -0.3527 -0.9329 0.0725
vn 0.8046 0.5784 0.1345
vn 0.5804 0.7946 -0.1782
vn -0.9825 0.1457 -0.1164
vn 0.0491 -0.7994 0.5987
vn -0.9440 0.3225 0.0693
vn 0.4895 -0.8484 -0.2015
vn 0.6896 0.6232 -0.3689
vn 0.6910 0.6212 -0.3698
vn 0.6906 0.6219 -0.3692
vn -0.9204 0.1084 0.3757
vn 0.5307 -0.5206 0.6688
vn -0.9940 -0.1084 -0.0172
vn -0.9941 -0.1061 -0.0230
vn -0.9936 -0.1104 -0.0234
vn -0.1157 0.8971 -0.4264
vn 0.6649 -0.6294 0.4022
vn 0.2185 0.1191 -0.9685
vn 0.0288 0.9511 0.3076
vn 0.5589 0.8132 0.1623
vn -0.4502 0.7977 -0.4011
vn 0.8304 0.5565 -0.0288
vn 0.7285 -0.5457 0.4141
vn -0.8962 0.3956 -0.2010
vn 0.2909 0.8130 -0.5044
vn -0.0959 0.8196 -0.5649
vn -0.9876 0.1401 -0.0713
vn 0.6656 -0.6095 -0.4307
vn 0.6654 -0.6100 -0.4303
vn 0.6660 -0.6077 -0.4326
vn 0.4556 -0.8753 -0.1620
vn -0.9571 0.2427 -0.1580
vn 0.1107 -0.6472 0.7542
vn 0.3663 0.7110 -0.6002
vn 0.7910 0.5108 0.3367
vn 0.4571 0.8811 -0.1214
vn -0.8530 0.5205 -0.0388
vn -0.8665 0.3580 0.3478
vn 0.8246 0.5049 0.2550
vn 0.8264 0.5018 0.2554
vn 0.8261 0.5022 0.2554
vn 0.1245 0.2060 0.9706
vn -0.0153 0.7370 0.6757
vn -0.0131 0.7404 0.6721
vn -0.0159 0.7367 0.6761
vn -0.9136 0.3306 -0.2367
vn 0.5790 0.7902 0.2008
vn -0.9380 0.3352 -0.0883
vn -0.9377 0.3358 -0.0893
vn -0.9379 0.3353 -0.0885
vn -0.7495 0.3156 0.5819
vn 0.8306 0.4303 0.3534
vn -0.1760 -0.9609 -0.2139
vn 0.6654 -0.6186 0.4178
vn 0.6276 -0.6741 0.3896
vn -0.1519 -0.9529 0.2626
vn 0.8364 -0.4069 -0.3672
vn -0.9180 0.0181 0.3962
vn 0.1916 0.6718 0.7155
vn 0.8463 0.5322 -0.0217
vn 0.5524 0.8245 0.1224
vn 0.4639 0.7802 0.4197
vn -0.8670 -0.2942 0.4022
vn 0.1287 -0.9111 -0.3916
vn 0.5644 0.4604 -0.6852
vn 0.6949 -0.6067 0.3859
vn 0.4792 -0.8711 0.1077
vn -0.9613 0.2607 0.0895
vn 0.8656 0.0626 0.4968
vn -0.7686 -0.2736 0.5783
vn 0.8832 0.3998 0.2452
vn -0.8089 0.0705 0.5837
vn -0.9795 0.0396 -0.1974
vn -0.0989 0.8813 -0.4620
vn 0.6891 0.5059 0.5188
vn 0.6937 0.5048 0.5138
vn 0.6947 0.5049 0.5124
vn -0.5960 0.4012 0.6956
vn 0.1873 -0.9621 -0.1982
vn -0.8150 0.4862 0.3152
vn -0.8153 0.4837 0.3183
vn -0.8157 0.4862 0.3135
vn 0.4823 0.8614 0.1595
vn 0.0767 0.8454 -0.5286
vn 0.0007 0.9998 0.0202
vn 0.7532 0.6576 0.0175
vn -0.8923 0.3720 0.2558
vn 0.3303 -0.9413 0.0702
vn 0.0608 -0.9911 -0.1182
vn -0.1639 -0.2998 0.9398
vn 0.5544 0.8256 -0.1049
vn -0.6474 0.7337 0.2065
vn -0.6680 -0.7244 0.1703
vn 0.5174 0.4165 0.7476
vn 0.8484 0.3189 -0.4226
vn -0.9601 0.2353 -0.1509
vn -0.9240 0.0032 -0.3824
vn -0.9243 0.0036 -0.3817
vn -0.9244 0.0029 -0.3815
vn -0.5369 0.7608 -0.3647
vn -0.6685 0.0389 0.7427
vn 0.3681 0.7722 0.5179
vn -0.9495 0.2999 0.0925
vn -0.6744 0.7147 -0.1854
vn -0.2516 0.7321 -0.6330
vn -0.3380 0.9288 -0.1521
vn 0.9951 -0.0880 -0.0459
vn -0.4901 -0.5021 -0.7126
vn -0.3080 -0.9514 0.0010
vn -0.2114 0.9540 0.2126
vn 0.7545 -0.5646 0.3347
vn -0.0594 0.9905 -0.1237
vn 0.6000 0.6353 0.4861
vn 0.1090 0.5018 0.8581
vn -0.3787 0.0965 -0.9205
vn -0.8541 0.4830 -0.1929
vn 0.2344 -0.6467 0.7259
vn -0.8158 -0.0081 0.5783
vn 0.8923 0.3437 0.2927
vn 0.5693 0.8174 -0.0882
vn 0.6504 0.6344 0.4177
vn -0.7765 0.6234 0.0916
vn 0.6466 0.1362 0.7506
vn -0.6638 0.5484 -0.5086
vn 0.1294 0.1151 -0.9849
vn -0.8919 -0.1038 0.4401
vn 0.8837 0.4644 0.0582
vn -0.6589 -0.6880 0.3041
vn -0.8529 0.4389 0.2828
vn -0.0515 0.3005 0.9524
vn 0.3955 -0.9180 0.0290
vn 0.3782 -0.9247 0.0431
vn -0.2239 0.8261 0.5171
vn 0.8420 -0.4941 0.2167
vn 0.9331 -0.3063 0.1886
vn -0.1871 0.8531 -0.4871
vn 0.5388 0.5330 0.6523
vn -0.0630 0.6819 -0.7287
vn -0.0631 0.6820 -0.7287
vn 0.9798 -0.0599 0.1907
vn 0.4214 -0.8639 0.2759
vn 0.4878 0.8154 0.3118
vn 0.0354 0.6572 -0.7528
vn 0.1916 -0.7218 0.6651
vn -0.5493 0.7760 0.3101
vn 0.5355 -0.8434 0.0442
vn -0.4016 -0.8787 0.2582
vn -0.4015 -0.8791 0.2568
vn -0.4015 -0.8801 0.2537
vn 0.1958 0.8744 0.4440
vn 0.5233 0.7423 0.4185
vn 0.7443 0.4651 0.4793
vn -0.6620 0.7022 0.2621
vn 0.9622 0.2073 0.1763
vn 0.9622 0.2074 0.1764
vn 0.9609 0.2081 0.1827
vn -0.6153 0.7880 -0.0212
vn -0.9552 0.0342 0.2939
vn 0.5241 -0.8500 -0.0536
vn 0.8586 -0.1720 0.4829
vn -0.9146 -0.3869 0.1174
vn -0.3095 0.4044 0.8606
vn 0.7917 0.5913 -0.1536
vn -0.1553 0.9848 -0.0776
vn -0.2966 -0.8498 0.4357
vn -0.5285 0.7373 -0.4208
vn 0.5161 0.8450 0.1402
vn -0.4271 0.0978 -0.8989
vn -0.4223 0.0942 -0.9016
vn -0.4210 0.0933 -0.9023
vn -0.1908 -0.7576 -0.6242
vn -0.1920 -0.7596 -0.6214
vn -0.1904 -0.7574 -0.6246
vn 0.9600 0.2501 -0.1257
vn 0.9489 0.1422 0.2819
vn 0.8286 -0.3285 0.4534
vn 0.4409 -0.8307 0.3398
vn 0.6053 0.6206 -0.4986
vn -0.4307 -0.9019 0.0320
vn 0.9286 0.3576 -0.0991
vn 0.9762 0.1905 0.1039
vn 0.9728 0.2303 -0.0241
vn 0.9715 0.2361 -0.0229
vn 0.9720 0.2339 -0.0228
vn 0.3926 0.2976 -0.8702
vn -0.3230 -0.9456 -0.0384
vn -0.3502 -0.9365 -0.0200
vn -0.0137 0.5893 -0.8078
vn 0.8165 0.5625 -0.1303
vn 0.5560 -0.8126 0.1748
vn 0.5573 -0.8113 0.1766
vn 0.5552 -0.8116 0.1821
vn -0.9997 0.0246 -0.0092
vn 0.2443 0.7636 0.5977
vn -0.9198 0.3847 -0.0770
vn 0.0276 0.7754 -0.6309
vn 0.9957 -0.0787 0.0490
vn 0.8472 -0.4911 0.2028
vn 0.5195 0.8003 -0.2994
vn 0.5199 0.8001 -0.2992
vn 0.5166 0.8006 -0.3036
vn -0.6476 -0.5667 0.5094
vn 0.2377 0.4213 -0.8752
vn 0.6757 -0.5495 0.4913
vn 0.9053 0.1706 0.3891
vn -0.2170 0.9204 0.3253
vn -0.0077 0.9998 -0.0199
vn -0.2663 -0.9635 0.0263
vn 0.6943 -0.7196 0.0129
vn 0.0495 -0.9891 -0.1386
vn 0.2941 0.0589 -0.9539
vn -0.1890 0.6525 -0.7338
vn -0.1978 0.3202 -0.9265
vn 0.2880 0.8955 0.3392
vn -0.2315 0.5804 -0.7808
vn 0.3108 0.4211 -0.8521
vn 0.3411 0.3378 -0.8772
vn 0.9954 -0.0543 -0.0786
vn -0.7105 -0.6909 0.1335
vn 0.4002 0.7434 0.5359
vn -0.3190 -0.3702 -0.8725
vn 0.0868 0.6441 -0.7600
vn 0.3616 -0.7714 0.5237
vn 0.7745 0.5402 0.3291
vn 0.7747 0.5368 0.3342
vn 0.7749 0.5367 0.3339
vn 0.2712 0.9531 -0.1345
vn -0.9708 -0.0268 0.2384
vn 0.4460 -0.7178 -0.5346
vn -0.3864 -0.6006 -0.7000
vn -0.3054 0.8586 0.4117
vn 0.3454 -0.8663 0.3608
vn 0.4258 -0.8863 0.1823
vn 0.2350 0.1600 -0.9587
vn 0.5689 0.8148 0.1119
vn 0.7218 0.6867 0.0866
vn -0.2470 0.1133 -0.9624
vn 0.0133 0.6394 0.7688
vn 0.1649 0.7307 -0.6625
vn 0.5293 -0.7497 0.3972
vn 0.5879 0.6266 0.5116
vn -0.9053 -0.4244 -0.0181
vn 0.6862 0.6978 -0.2056
vn 0.6862 0.6978 -0.2055
vn 0.6863 0.6980 -0.2047
vn -0.9252 -0.3791 -0.0162
vn 0.4881 0.8019 -0.3444
vn 0.5970 0.7807 0.1847
vn 0.4376 0.8895 -0.1317
vn 0.5646 0.6235 0.5409
vn 0.5646 0.6236 0.5407
vn 0.5651 0.6245 0.5392
vn -0.7459 -0.6658 0.0201
vn 0.9610 -0.1942 -0.1968
vn 0.3008 0.4575 0.8368
vn -0.6213 -0.7230 0.3020
vn 0.1879 -0.0182 0.9820
vn -0.9372 -0.0312 -0.3474
vn -0.7130 0.5760 0.3998
vn 0.7700 0.1783 0.6127
vn 0.8764 0.4678 -0.1143
vn -0.4659 -0.5517 0.6917
vn -0.2591 -0.9654 0.0286
vn 0.2719 0.8554 0.4410
vn 0.0678 -0.6804 0.7297
vn 0.8616 0.3527 -0.3651
vn -0.7456 0.5776 0.3324
vn -0.7005 0.6828 -0.2075
vn 0.6245 0.7300 -0.2776
vn -0.6603 0.6355 0.4002
vn 0.4908 0.7157 -0.4969
vn 0.8692 0.3073 -0.3874
vn 0.8790 0.3163 -0.3567
vn 0.7846 0.4056 0.4690
vn 0.7861 0.4048 0.4671
vn 0.7869 0.4081 0.4629
vn -0.1595 -0.8527 0.4975
vn -0.1566 -0.8499 0.5031
vn -0.1556 -0.8489 0.5051
vn -0.4358 0.8469 -0.3048
vn -0.2519 -0.8238 0.5079
vn 0.2925 0.5672 -0.7699
vn -0.8411 -0.4683 0.2706
vn 0.5553 0.5214 0.6479
vn 0.0955 0.3945 -0.9139
vn 0.3899 0.9002 0.1939
vn -0.2895 0.9214 0.2592
vn 0.2931 -0.8821 0.3687
vn 0.9765 -0.0240 0.2143
vn 0.9261 0.2927 -0.2381
vn 0.5121 0.8579 0.0411
vn 0.3809 0.9223 -0.0662
vn 0.6941 0.5931 0.4080
vn 0.6942 0.5930 0.4078
vn 0.6943 0.5930 0.4077
vn 0.7189 0.6221 0.3102
vn -0.0189 0.7547 -0.6558
vn 0.4239 0.7071 -0.5659
vn -0.2027 -0.2873 0.9362
vn 0.8462 0.5301 -0.0550
vn 0.8434 0.5343 -0.0565
vn 0.8472 0.5285 -0.0545
vn 0.8213 0.5704 -0.0110
vn 0.2006 0.0168 -0.9795
vn 0.2119 0.0158 -0.9772
vn 0.2118 0.0216 -0.9771
vn 0.9627 -0.2556 0.0885
vn -0.6164 0.7650 -0.1867
vn 0.8979 0.2341 -0.3727
vn 0.2800 0.2206 0.9343
vn 0.2348 0.4768 -0.8471
vn 0.2341 0.4768 -0.8473
vn 0.2451 0.4746 -0.8454
vn -0.2064 0.9771 0.0517
vn 0.5253 -0.3577 0.7721
vn 0.3568 -0.9146 0.1904
vn 0.3513 -0.9180 0.1840
vn 0.3503 -0.9187 0.1822
vn 0.5741 0.6525 0.4946
vn 0.2463 0.4746 -0.8451
vn -0.2048 -0.3955 0.8953
vn -0.3047 0.7413 -0.5980
vn -0.3757 -0.2874 0.8811
vn 0.0506 0.6597 0.7498
vn 0.6906 0.7216 -0.0492
vn -0.2205 -0.4595 0.8604
vn 0.6224 0.7750 -0.1097
vn 0.6616 0.6379 0.3942
vn 0.5826 0.7891 -0.1946
vn 0.2915 0.0591 0.9548
vn 0.7770 0.6060 -0.1707
vn 0.7168 -0.5903 0.3712
vn 0.7880 0.5879 0.1826
vn 0.4729 -0.6355 -0.6104
vn 0.9832 -0.1775 -0.0439
vn 0.2377 -0.4658 -0.8524
vn 0.3740 0.8008 0.4677
vn 0.0031 0.9213 -0.3889
vn 0.8052 0.4362 -0.4017
vn -0.0290 -0.9736 0.2264
vn 0.8372 0.5389 0.0934
vn 0.3741 -0.9075 0.1913
vn -0.1599 0.4913 -0.8562
vn 0.3204 0.9169 0.2381
vn 0.5084 0.8473 -0.1537
vn 0.5085 0.8474 -0.1526
vn 0.5085 0.8475 -0.1521
vn 0.2424 0.3382 0.9093
vn 0.3265 0.8741 0.3596
vn 0.3261 0.8743 0.3594
vn 0.8763 0.4712 -0.0997
vn 0.5368 0.8274 0.1652
vn 0.6631 0.7430 0.0907
vn 0.5859 0.7624 -0.2748
vn 0.5933 0.7562 -0.2761
vn 0.5929 0.7566 -0.2756
vn 0.4417 -0.8702 0.2183
vn 0.4451 -0.8690 0.2163
vn 0.4418 -0.8692 0.2219
vn 0.1066 0.4892 -0.8656
vn 0.1024 0.4916 -0.8648
vn 0.1092 0.4877 -0.8662
vn 0.9823 0.0593 0.1778
vn 0.6996 0.7137 -0.0330
vn 0.6079 0.7707 0.1911
vn 0.6074 0.7710 0.1915
vn 0.6056 0.7703 0.1997
vn 0.6976 0.7021 -0.1430
vn 0.2761 0.7929 0.5432
vn 0.2755 0.7940 0.5418
vn 0.2750 0.7945 0.5414
vn 0.6531 0.7528 -0.0822
vn 0.2491 0.8950 0.3701
vn 0.3110 0.7693 0.5581
vn 0.3095 0.7676 0.5613
vn 0.3105 0.7668 0.5618
vn 0.5541 -0.8124 0.1818
vn 0.5536 -0.8127 0.1816
vn -0.4148 -0.0026 0.9099
vn -0.6963 0.6542 -0.2953
vn 0.1892 0.7698 -0.6095
vn 0.7049 0.6597 0.2608
vn -0.1061 0.5255 -0.8441
vn 0.8663 0.4994 0.0115
vn 0.9002 0.4284 -0.0785
vn 0.9003 0.4281 -0.0783
vn 0.8994 0.4299 -0.0796
vn 0.9469 -0.1888 0.2604
vn -0.7077 -0.2071 0.6755
vn -0.9705 -0.1712 -0.1697
vn -0.9848 -0.1520 -0.0837
vn -0.8303 -0.2206 -0.5117
vn 0.1476 0.8955 0.4198
vn -0.0382 0.7811 0.6233
vn -0.8411 0.4130 0.3492
vn -0.1636 0.9306 0.3275
vn -0.0813 0.6651 0.7423
vn 0.1372 0.6528 0.7450
vn 0.2441 0.7026 0.6684
vn 0.3332 0.7351 0.5904
vn 0.1040 0.7450 0.6589
vn -0.4330 -0.1572 0.8876
vn -0.5030 -0.4737 0.7229
vn 0.3231 0.6995 0.6375
vn -0.3583 -0.4250 0.8313
vn -0.5001 -0.3501 0.7920
vn -0.8703 -0.3324 0.3634
vn -0.9450 -0.2984 0.1339
vn -0.8030 -0.5907 0.0798
vn -0.8237 -0.5237 0.2172
vn -0.0297 0.6823 -0.7305
vn -0.0297 0.6827 -0.7301
vn -0.0287 0.6823 -0.7305
vn 0.1094 0.9623 0.2492
vn 0.7355 0.6716 -0.0893
vn -0.4821 -0.2477 0.8404
vn 0.1814 0.5874 0.7887
vn -0.6341 -0.5205 0.5719
vn -0.5972 -0.3230 0.7342
vn 0.7550 0.5079 0.4148
vn 0.7683 0.5760 0.2790
vn 0.2964 -0.6945 -0.6556
vn 0.3468 0.6871 -0.6384
vn -0.5069 -0.2840 0.8139
vn -0.5072 -0.2839 0.8138
vn -0.5066 -0.2842 0.8140
vn 0.0449 0.3440 0.9379
vn 0.6778 0.7329 0.0588
vn 0.5354 0.8035 0.2602
vn -0.6206 0.4906 0.6116
vn 0.1907 0.7549 0.6276
vn 0.1920 0.7511 0.6317
vn 0.1924 0.7502 0.6326
vn 0.2366 0.8052 0.5437
vn 0.2255 0.8065 0.5466
vn 0.2269 0.8064 0.5461
vn 0.4032 0.7343 0.5461
vn 0.4037 0.7357 0.5439
vn 0.4055 0.7394 0.5374
vn 0.6931 0.7171 0.0733
vn -0.8234 -0.5511 -0.1351
vn -0.2305 0.8788 -0.4178
vn 0.2003 0.8632 -0.4635
vn 0.5739 0.8163 -0.0654
vn 0.4447 0.8906 -0.0957
vn 0.3162 0.8289 -0.4615
vn 0.5903 0.7187 -0.3675
vn 0.1031 0.4951 -0.8627
vn 0.0991 0.4965 -0.8624
vn 0.1048 0.4946 -0.8628
vn 0.4526 0.8568 -0.2471
vn 0.4527 0.8552 -0.2524
vn 0.4543 0.8552 -0.2493
vn 0.4253 0.7121 0.5586
vn 0.3555 0.8983 -0.2583
vn -0.5265 -0.5065 -0.6828
vn 0.6375 0.7562 0.1476
vn 0.2066 0.0830 -0.9749
vn 0.6402 0.7678 0.0239
vn 0.3024 0.5453 -0.7818
vn 0.5559 0.8194 0.1400
vn -0.0158 0.9974 0.0704
vn 0.1658 0.8591 0.4842
vn 0.1659 0.8589 0.4845
vn 0.1660 0.8582 0.4858
vn 0.2277 0.6192 -0.7515
vn 0.4998 0.7954 -0.3429
vn 0.4942 0.7980 -0.3449
vn 0.5007 0.7942 -0.3442
vn 0.2592 0.9641 0.0570
vn -0.3337 0.3074 -0.8911
vn 0.5336 0.8451 -0.0336
vn 0.3568 0.9188 0.1686
vn 0.5641 0.8132 0.1430
vn 0.5637 0.8119 0.1521
vn 0.5642 0.8134 0.1417
vn 0.5153 0.8199 -0.2494
vn -0.3238 -0.1666 -0.9314
vn 0.4560 0.8877 -0.0632
vn 0.5065 0.7626 0.4023
vn 0.3834 0.8075 -0.4483
vn 0.3837 0.8078 -0.4475
vn 0.3847 0.8084 -0.4455
vn 0.1148 0.6542 0.7476
vn 0.6630 0.4204 0.6195
vn 0.6037 0.1034 0.7904
vn 0.5132 0.1772 0.8398
vn 0.7594 0.1931 0.6213
vn 0.5878 0.7858 -0.1921
vn 0.6970 0.3319 0.6357
vn 0.8063 0.4263 0.4101
vn 0.7979 0.5397 0.2685
vn 0.7882 0.5564 0.2630
vn 0.6457 0.3755 0.6649
vn 0.6703 0.0400 0.7410
vn -0.6189 -0.4958 0.6092
vn 0.5953 0.3313 0.7320
vn 0.6667 0.6087 0.4302
vn 0.6808 0.2611 0.6844
vn 0.6301 0.2891 0.7206
vn 0.6344 0.2854 0.7184
vn 0.6273 0.2841 0.7251
vn -0.0949 0.9820 -0.1631
vn -0.0849 0.9817 -0.1703
vn -0.0843 0.9817 -0.1705
vn 0.8824 0.4215 0.2090
vn 0.7270 0.6864 0.0203
vn 0.8273 0.5110 -0.2335
vn -0.1196 0.7431 -0.6584
vn -0.2405 -0.1311 0.9618
vn -0.2152 -0.5394 -0.8141
vn 0.1421 0.6745 -0.7244
vn -0.1045 -0.9124 -0.3956
vn 0.0321 0.8517 -0.5230
vn 0.3603 0.7537 0.5497
vn 0.0083 -0.9159 -0.4012
vn -0.9753 0.1734 0.1370
vn -0.5296 -0.7877 -0.3146
vn -0.0070 -0.7970 -0.6039
vn -0.0103 -0.7960 -0.6053
vn -0.0110 -0.7959 -0.6054
vn -0.7560 -0.5980 -0.2663
vn -0.0247 0.1021 0.9945
vn -0.8129 0.1110 -0.5717
vn -0.8126 0.1116 -0.5721
vn -0.8157 0.1044 -0.5690
vn 0.1485 0.9336 -0.3261
vn -0.1209 -0.7959 -0.5933
vn -0.5014 -0.7497 -0.4319
vn 0.2513 0.9305 0.2664
vn -0.2320 -0.8580 -0.4583
vn -0.5038 -0.7376 -0.4496
vn -0.5082 -0.7330 -0.4521
vn -0.5094 -0.7329 -0.4511
vn 0.1898 0.8406 0.5073
vn 0.7030 0.6166 -0.3543
vn 0.8458 0.3982 -0.3551
vn 0.8487 0.4744 0.2337
vn -0.2549 -0.1026 0.9615
vn 0.5144 0.7764 -0.3642
vn 0.4197 0.1105 -0.9009
vn 0.0518 0.1257 -0.9907
vn 0.2012 0.9497 -0.2399
vn 0.2915 -0.1249 -0.9484
vn 0.7491 -0.6586 -0.0716
vn 0.4628 -0.0311 -0.8859
vn 0.2010 0.5023 -0.8410
vn -0.0361 0.9569 -0.2881
vn 0.0700 -0.0251 -0.9972
vn -0.1466 0.2065 -0.9674
vn 0.7651 -0.4744 0.4354
vn 0.6216 0.2049 -0.7561
vn -0.4687 -0.5342 0.7036
vn 0.9372 -0.0294 0.3476
vn 0.4257 0.8488 0.3136
vn -0.2723 0.8225 -0.4994
vn 0.9679 0.1341 -0.2127
vn 0.9686 0.1352 -0.2085
vn 0.9686 0.1363 -0.2080
vn 0.6758 -0.4514 0.5827
vn -0.3253 -0.7401 -0.5886
vn -0.2665 -0.9250 0.2710
vn 0.0379 0.0370 -0.9986
vn 0.2671 0.7919 0.5491
vn 0.7982 0.5979 -0.0735
vn 0.3757 0.9027 -0.2096
vn 0.3764 0.9024 -0.2097
vn 0.3722 0.9036 -0.2122
vn -0.2182 -0.6013 0.7686
vn 0.5379 -0.8161 -0.2113
vn -0.2816 -0.4046 0.8700
vn 0.2871 0.9129 -0.2903
vn 0.2166 -0.5374 -0.8150
vn -0.0201 -0.3194 0.9474
vn 0.3807 0.6341 -0.6730
vn -0.2752 -0.3374 0.9003
vn 0.1735 0.9542 0.2437
vn 0.1747 0.9544 0.2421
vn 0.1738 0.9540 0.2442
vn 0.7240 0.6737 -0.1484
vn 0.8629 0.0210 0.5050
vn 0.9609 0.2409 0.1364
vn -0.2439 -0.8738 0.4207
vn -0.2126 -0.8663 0.4520
vn 0.7747 0.6132 0.1545
vn 0.9520 0.2869 0.1068
vn 0.7056 0.6446 0.2944
vn 0.7003 0.6477 0.3001
vn 0.7064 0.6438 0.2940
vn 0.8234 -0.0970 0.5592
vn 0.6194 -0.3509 0.7023
vn 0.8987 0.3139 0.3063
vn 0.8998 0.4217 0.1124
vn -0.9310 0.3450 0.1188
vn 0.7448 -0.4143 0.5230
vn -0.7388 -0.5389 0.4046
vn 0.8769 -0.4464 0.1785
vn -0.6824 -0.6489 0.3364
vn -0.6826 -0.6487 0.3365
vn -0.6824 -0.6489 0.3365
vn -0.0569 0.2160 -0.9747
vn -0.0574 0.2169 -0.9745
vn -0.0508 0.2142 -0.9755
vn 0.6268 0.7746 0.0845
vn -0.0591 -0.3652 0.9291
vn 0.9841 0.0268 0.1754
vn 0.8608 -0.3995 0.3154
vn -0.7003 0.7137 -0.0134
vn -0.6916 0.7221 -0.0166
vn -0.6924 0.7214 -0.0162
vn 0.9542 0.0899 0.2853
vn 0.9536 0.0923 0.2867
vn 0.9551 0.0866 0.2834
vn 0.3923 0.7453 0.5391
vn 0.0251 0.2697 0.9626
vn 0.9841 -0.0611 0.1669
vn 0.8934 0.2002 0.4022
vn 0.6924 -0.0103 0.7215
vn -0.6385 0.0769 0.7658
vn 0.0698 0.0853 -0.9939
vn 0.6232 0.5431 0.5628
vn -0.0796 0.7819 -0.6183
vn 0.4922 0.8254 0.2764
vn 0.0245 -0.9996 -0.0166
vn 0.8765 0.4806 0.0299
vn -0.3004 0.8749 -0.3799
vn -0.3011 0.8745 -0.3802
vn -0.2966 0.8758 -0.3809
vn 0.5394 0.7841 0.3071
vn 0.3786 0.8752 0.3011
vn 0.8985 -0.4371 -0.0396
vn 0.3895 -0.3956 0.8317
vn 0.7926 -0.0025 0.6097
vn 0.4465 -0.8565 -0.2589
vn -0.7685 0.5926 -0.2415
vn 0.5147 -0.8171 -0.2597
vn -0.4558 -0.8802 0.1322
vn -0.4514 -0.8837 0.1236
vn -0.4518 -0.8835 0.1237
vn -0.7688 0.6265 -0.1285
vn -0.7735 0.6210 -0.1269
vn -0.7754 0.6187 -0.1263
vn -0.1006 -0.8670 -0.4880
vn 0.9628 0.2482 0.1069
vn 0.5104 0.8214 0.2545
vn 0.7503 0.1963 0.6313
vn 0.8211 0.0205 0.5705
vn -0.6287 0.5789 -0.5193
vn 0.9703 -0.0022 -0.2419
vn 0.9848 -0.1405 -0.1017
vn 0.7617 -0.0726 0.6438
vn -0.1285 0.9858 -0.1083
vn 0.6092 -0.2829 -0.7408
vn 0.8262 0.5096 0.2400
vn -0.3369 -0.7771 -0.5316
vn -0.4201 -0.2211 -0.8801
vn -0.4233 -0.4246 -0.8004
vn -0.1251 -0.8748 0.4681
vn -0.4453 -0.3713 -0.8148
vn -0.0397 -0.7665 0.6410
vn 0.8286 0.2782 -0.4859
vn 0.8246 0.2899 -0.4858
vn 0.8245 0.2901 -0.4858
vn 0.7922 0.3748 -0.4816
vn 0.9556 0.1018 -0.2767
vn 0.5794 -0.8057 -0.1230
vn 0.6058 0.7394 0.2937
vn -0.1535 -0.8100 0.5659
vn 0.6271 0.7577 0.1804
vn -0.8889 -0.3605 -0.2828
vn 0.9242 0.3744 0.0759
vn 0.9247 0.3736 0.0726
vn 0.9287 0.3645 0.0684
vn 0.6386 0.4456 -0.6274
vn 0.8929 0.1043 0.4380
vn 0.9773 -0.0178 -0.2109
vn 0.9772 -0.0182 -0.2117
vn 0.9760 -0.0199 -0.2169
vn 0.2435 0.5972 -0.7643
vn -0.1247 0.7885 0.6023
vn 0.9290 0.1628 -0.3323
vn 0.8866 0.2349 -0.3984
vn 0.8883 0.1334 -0.4394
vn 0.8794 0.0428 -0.4741
vn 0.8638 0.0112 -0.5037
vn -0.5411 -0.7163 -0.4406
vn -0.5414 -0.7156 -0.4413
vn -0.5430 -0.7105 -0.4475
vn -0.0542 -0.8000 0.5975
vn -0.2968 0.9521 0.0732
vn -0.2969 0.9519 0.0751
vn -0.2971 0.9517 0.0776
vn 0.7919 0.4400 -0.4233
vn 0.0717 0.5066 -0.8592
vn 0.0718 0.5064 -0.8593
vn 0.0718 0.5065 -0.8593
vn 0.7499 0.4449 -0.4896
vn -0.9575 0.1701 -0.2330
vn 0.8878 0.2580 -0.3812
vn 0.8884 0.2569 -0.3804
vn 0.8846 0.2640 -0.3845
vn 0.7408 -0.2161 0.6360
vn 0.8484 0.2890 -0.4435
vn 0.8721 0.2970 -0.3890
vn -0.4672 0.0870 -0.8799
vn -0.6498 0.7579 0.0579
vn 0.8084 0.5808 -0.0957
vn 0.9296 0.3303 0.1636
vn 0.9364 0.3365 -0.0996
vn 0.2043 0.0189 -0.9787
vn 0.0337 0.7195 0.6937
vn 0.8764 0.4739 0.0851
vn 0.8772 0.4717 0.0893
vn 0.8763 0.4742 0.0849
vn -0.1947 0.9808 0.0063
vn 0.5012 0.6164 0.6074
vn -0.7970 0.4777 0.3694
vn 0.5620 0.8158 0.1364
vn -0.5351 0.8326 0.1429
vn 0.8522 0.5040 -0.1403
vn -0.3037 -0.6531 -0.6937
vn 0.2874 0.9578 0.0072
vn 0.4278 0.8927 -0.1417
vn -0.2786 0.4916 -0.8250
vn -0.9247 0.3803 0.0140
vn 0.8825 -0.4639 -0.0774
vn 0.9768 0.0595 -0.2058
vn -0.6930 -0.6825 0.2322
vn 0.7288 -0.6809 -0.0720
vn -0.0190 0.9196 -0.3925
vn 0.8694 0.4937 -0.0196
vn -0.9801 -0.1867 -0.0675
vn 0.3541 0.6885 0.6329
vn -0.2315 -0.0014 0.9728
vn -0.8368 0.3048 -0.4549
vn 0.3799 -0.9153 -0.1341
vn -0.3948 -0.5364 0.7459
vn 0.8620 0.3050 -0.4048
vn -0.4668 0.7865 -0.4044
vn -0.0058 -0.9989 0.0456
vn 0.1329 -0.7992 -0.5862
vn 0.7166 0.6576 -0.2325
vn 0.3920 -0.9016 -0.1827
vn 0.3920 -0.9016 -0.1828
vn 0.4354 -0.1572 -0.8864
vn 0.4365 -0.1589 -0.8855
vn 0.4311 -0.1505 -0.8897
vn 0.2048 0.9770 -0.0595
vn 0.8956 0.0036 -0.4449
vn -0.9596 -0.1734 0.2215
vn -0.9596 -0.1735 0.2215
vn -0.9596 -0.1736 0.2215
vn 0.7492 0.2625 -0.6082
vn -0.9376 0.0945 0.3347
vn 0.8576 -0.1964 0.4754
vn 0.5819 0.7040 0.4072
vn 0.7004 -0.6751 -0.2317
vn 0.7008 -0.6743 -0.2328
vn 0.5954 -0.7934 -0.1263
vn 0.7151 -0.6741 -0.1849
vn -0.1329 0.9903 -0.0408
vn 0.6163 -0.6974 -0.3658
vn -0.2662 0.6864 -0.6768
vn 0.8421 0.5265 -0.1171
vn -0.9364 0.3406 -0.0846
vn -0.7865 0.4491 0.4238
vn 0.9332 0.1909 -0.3043
vn 0.0253 0.5941 -0.8040
vn 0.7769 -0.5763 0.2538
vn 0.7721 -0.5150 0.3723
vn 0.3105 0.6214 -0.7194
vn 0.8764 -0.3415 0.3396
vn 0.8763 -0.3406 0.3407
vn 0.8763 -0.3418 0.3396
vn 0.7557 -0.0135 -0.6548
vn 0.7560 -0.0090 -0.6545
vn 0.7557 -0.0093 -0.6549
vn -0.2507 -0.3604 0.8985
vn 0.0812 0.1957 -0.9773
vn 0.7695 0.4861 0.4142
vn 0.7696 0.4850 0.4153
vn 0.7698 0.4885 0.4109
vn 0.5451 0.8215 -0.1674
vn 0.7566 0.4135 -0.5065
vn 0.7564 0.4154 -0.5053
vn 0.7552 0.4227 -0.5010
vn 0.7780 0.5931 -0.2071
vn 0.5569 0.8303 0.0221
vn 0.5256 0.8097 -0.2610
vn -0.7369 -0.3515 0.5774
vn -0.8635 0.2913 -0.4118
vn 0.9078 0.3329 -0.2550
vn 0.0502 0.9731 0.2250
vn 0.7955 0.1658 0.5829
vn 0.7951 0.1648 0.5837
vn 0.7932 0.1602 0.5876
vn 0.7493 0.6176 -0.2389
vn 0.9619 0.2734 -0.0088
vn 0.8623 0.2789 0.4227
vn 0.9581 0.1187 0.2608
vn 0.4587 -0.8651 0.2030
vn 0.2790 -0.7828 -0.5562
vn 0.9183 0.2454 0.3108
vn 0.9186 0.2435 0.3113
vn 0.9177 0.2424 0.3147
vn 0.6788 0.6976 -0.2293
vn 0.7351 0.2502 -0.6300
vn 0.5629 0.7681 -0.3054
vn 0.9433 0.3304 0.0321
vn 0.7814 -0.6006 0.1694
vn 0.2637 0.1241 -0.9566
vn 0.8966 0.3656 -0.2500
vn 0.8967 0.3648 -0.2508
vn 0.8970 0.3612 -0.2546
vn -0.3893 -0.4283 0.8155
vn 0.0804 0.3344 0.9390
vn 0.8059 0.5311 -0.2616
vn 0.7927 0.2139 -0.5709
vn -0.5484 -0.7171 -0.4301
vn 0.2819 -0.8261 0.4880
vn 0.7316 0.5733 -0.3689
vn 0.8599 0.4729 -0.1922
vn 0.4944 -0.5832 -0.6446
vn 0.3764 0.9099 -0.1742
vn -0.0977 0.5469 0.8315
vn 0.3589 0.8871 -0.2902
vn 0.3582 0.8878 -0.2889
vn 0.3537 0.8919 -0.2819
vn 0.4891 0.8301 -0.2677
vn 0.3471 0.8868 -0.3052
vn 0.4011 0.9113 -0.0935
vn 0.4006 0.9108 -0.1003
vn 0.4016 0.9111 -0.0933
vn 0.8439 0.4190 -0.3351
vn -0.0005 -0.1135 -0.9935
vn 0.7235 0.6424 -0.2527
vn 0.7938 -0.5574 0.2433
vn 0.7898 -0.5639 0.2414
vn 0.7923 -0.5605 0.2410
vn 0.5587 0.8292 -0.0168
vn -0.8801 -0.4404 0.1775
vn -0.8770 0.0020 0.4804
vn -0.8721 -0.3715 -0.3185
vn -0.2734 -0.4259 0.8625
vn -0.0898 0.3846 0.9187
vn 0.8854 0.0934 0.4553
vn 0.4342 0.9008 -0.0054
vn 0.4340 0.9009 -0.0052
vn 0.4340 0.9009 -0.0049
vn -0.4251 -0.8905 -0.1622
vn -0.7440 0.6583 0.1143
vn -0.7538 0.5866 0.2960
vn 0.7229 0.4533 -0.5215
vn 0.4994 0.8631 0.0754
vn 0.4993 0.8631 0.0753
vn 0.4985 0.8635 0.0767
vn 0.3678 0.8644 -0.3428
vn 0.4244 0.9055 0.0041
vn 0.8922 0.3771 -0.2488
vn 0.8878 0.3845 -0.2529
vn 0.8892 0.3806 -0.2538
vn 0.2337 0.9122 -0.3365
vn 0.2845 0.9300 -0.2330
vn 0.3503 0.9184 -0.1842
vn 0.9146 0.3077 -0.2623
vn 0.9521 0.2413 -0.1880
vn 0.8108 0.4905 -0.3193
vn 0.8109 0.4905 -0.3191
vn 0.8119 0.4897 -0.3179
vn 0.5496 0.8330 0.0632
vn 0.5505 0.8325 0.0620
vn 0.5505 0.8325 0.0619
vn 0.3696 0.8465 -0.3832
vn 0.3943 0.9082 -0.1406
vn 0.3952 0.9078 -0.1407
vn 0.3851 0.9119 -0.1417
vn 0.4360 0.8365 -0.3319
vn 0.4005 -0.8868 0.2306
vn 0.3631 -0.8504 0.3807
vn 0.3131 0.8580 -0.4073
vn 0.1065 0.9929 -0.0536
vn 0.2150 0.9761 -0.0308
vn 0.3192 0.8527 -0.4135
vn 0.3189 0.8525 -0.4142
vn 0.3166 0.8522 -0.4165
vn 0.2486 0.8339 -0.4928
vn 0.2550 0.8321 -0.4925
vn 0.2574 0.8314 -0.4924
vn 0.2559 0.8336 -0.4896
vn 0.2588 0.8312 -0.4920
vn 0.3933 0.8644 -0.3132
vn 0.3949 0.8637 -0.3131
vn 0.3983 0.8612 -0.3157
vn 0.6384 0.7429 0.2013
vn 0.4505 0.8370 -0.3106
vn -0.9774 0.1449 -0.1540
vn 0.9118 0.3964 0.1074
vn 0.8943 -0.0654 -0.4427
vn 0.8970 -0.0691 -0.4367
vn 0.8970 -0.0691 -0.4366
vn 0.3927 0.8609 -0.3234
vn 0.3932 0.8605 -0.3240
vn 0.4708 0.8540 -0.2216
vn 0.9538 0.2894 0.0812
vn 0.3532 0.7935 -0.4956
vn 0.3532 0.7937 -0.4953
vn 0.3536 0.7938 -0.4947
vn 0.8103 0.5199 0.2703
vn 0.9726 0.2307 -0.0298
vn 0.4178 0.8508 -0.3187
vn 0.4192 0.8502 -0.3186
vn 0.4120 0.8542 -0.3173
vn 0.4611 0.8390 -0.2889
vn 0.4207 0.7843 -0.4560
vn 0.4093 0.7905 -0.4557
vn 0.4097 0.7905 -0.4553
vn 0.1978 0.9461 -0.2565
vn 0.1938 0.9475 -0.2543
vn 0.1859 0.9475 -0.2601
vn 0.2876 0.9002 -0.3270
vn 0.4752 0.7136 -0.5148
vn 0.2830 0.8609 -0.4228
vn 0.9506 -0.2643 0.1626
vn 0.6957 0.6213 0.3604
vn -0.6489 -0.7575 -0.0714
vn -0.9896 0.0298 -0.1406
vn 0.9273 0.2640 -0.2654
vn 0.0754 0.9969 0.0201
vn 0.7583 0.6517 -0.0183
vn 0.1789 0.4994 0.8477
vn 0.6466 0.6384 -0.4175
vn -0.2465 -0.9516 0.1833
vn 0.0143 0.8069 -0.5905
vn -0.2406 0.7637 -0.5990
vn 0.7663 0.4865 -0.4197
vn -0.3463 -0.8616 0.3710
vn -0.3438 -0.8604 0.3761
vn -0.3470 -0.8619 0.3699
vn 0.6801 0.7331 0.0037
vn -0.1898 0.5962 -0.7800
vn -0.6111 0.7149 -0.3397
vn -0.6022 0.7199 -0.3451
vn -0.6011 0.7206 -0.3455
vn 0.7158 -0.2267 0.6604
vn 0.0350 0.9470 0.3193
vn 0.4926 0.7527 0.4368
vn -0.8549 0.4744 -0.2103
vn 0.6695 0.7281 0.1471
vn 0.1061 0.7909 -0.6027
vn 0.7723 0.5928 -0.2283
vn 0.5399 0.8324 0.1253
vn 0.5823 0.7302 -0.3575
vn 0.5247 0.1696 0.8342
vn -0.1282 0.8504 0.5103
vn 0.3341 0.8446 -0.4183
vn 0.4174 0.6936 0.5870
vn 0.4235 -0.1068 -0.8996
vn -0.1762 0.2538 -0.9511
vn 0.4655 -0.5136 -0.7207
vn 0.5005 0.7927 -0.3481
vn -0.7101 -0.6386 -0.2966
vn 0.9336 0.3386 0.1170
vn 0.0692 0.5140 0.8550
vn 0.8328 0.5530 0.0268
vn 0.6476 0.6322 0.4253
vn -0.0184 0.6987 0.7151
vn 0.4757 0.6626 -0.5785
vn 0.8638 0.5014 -0.0498
vn 0.7940 0.5950 0.1246
vn 0.3483 0.9047 0.2455
vn 0.6743 0.5617 0.4793
vn 0.6363 0.6415 -0.4284
vn 0.7460 0.5940 -0.3011
vn 0.7458 0.5940 -0.3016
vn 0.7405 0.6004 -0.3020
vn -0.0730 0.9650 -0.2518
vn 0.8767 0.4679 -0.1117
vn 0.7887 0.5421 -0.2899
vn 0.1229 0.6808 0.7221
vn 0.6931 -0.1060 -0.7130
vn 0.7742 0.3767 -0.5086
vn 0.0263 -0.6152 -0.7879
vn 0.6870 0.6393 0.3455
vn 0.5591 0.3305 0.7604
vn 0.6841 0.5390 0.4914
vn 0.8420 0.5339 -0.0768
vn 0.3492 0.8874 -0.3011
vn 0.6699 0.6573 0.3451
vn -0.4366 0.8345 -0.3360
vn 0.6376 0.2306 0.7350
vn 0.0330 0.7624 -0.6463
vn 0.7357 0.6608 -0.1484
vn 0.7355 0.6612 -0.1477
vn 0.7335 0.6643 -0.1439
vn 0.7683 0.5429 -0.3390
vn 0.2072 0.7614 0.6143
vn 0.6682 0.6169 -0.4159
vn 0.9417 0.3021 -0.1483
vn 0.8658 0.4995 -0.0297
vn 0.8658 0.4995 -0.0303
vn 0.8661 0.4991 -0.0294
vn 0.8572 0.4841 -0.1758
vn 0.0498 0.8084 0.5866
vn 0.4360 0.4612 0.7728
vn 0.8970 0.4320 -0.0932
vn 0.8563 0.5128 0.0614
vn 0.8560 0.5133 0.0612
vn 0.8569 0.5115 0.0635
vn 0.9119 0.4080 0.0436
vn 0.9120 0.4079 0.0439
vn 0.9121 0.4075 0.0457
vn 0.3500 0.6666 0.6581
vn 0.8532 0.5175 0.0647
vn 0.8519 0.5198 0.0639
vn 0.8492 0.5278 -0.0178
vn 0.9374 0.3356 -0.0933
vn 0.9070 0.4001 -0.1312
vn 0.8779 0.3526 0.3240
vn 0.9301 0.3356 -0.1493
vn 0.6310 0.5025 -0.5911
vn -0.7191 0.2776 -0.6371
vn -0.0849 0.9156 -0.3931
vn 0.9296 0.3386 -0.1456
vn 0.6399 0.5566 -0.5299
vn 0.6394 0.5572 -0.5299
vn 0.6323 0.5609 -0.5344
vn 0.6788 0.6188 -0.3954
vn 0.3879 0.8497 -0.3572
vn 0.5908 0.5516 -0.5888
vn 0.5722 0.6830 0.4539
vn 0.3875 0.4649 -0.7961
vn 0.1141 0.8876 -0.4462
vn 0.5941 0.6269 -0.5041
vn 0.5045 0.6890 -0.5203
vn 0.8182 0.4465 -0.3622
vn 0.4497 0.6470 0.6158
vn 0.4552 0.6503 0.6082
vn 0.4485 0.6465 0.6172
vn 0.5254 0.5435 -0.6547
vn 0.7877 0.5457 0.2860
vn 0.6052 0.5869 -0.5379
vn 0.4805 0.6755 -0.5592
vn 0.2960 0.6391 -0.7099
vn 0.5322 0.7893 -0.3062
vn 0.5322 0.7889 -0.3074
vn 0.5331 0.7928 -0.2954
vn 0.5588 -0.6840 -0.4690
vn 0.9552 -0.0880 0.2825
vn 0.6260 0.5168 -0.5840
vn -0.0018 0.6888 0.7250
vn 0.7890 0.6114 -0.0602
vn 0.7854 0.6156 -0.0651
vn 0.7878 0.6128 -0.0616
vn 0.3510 0.7477 -0.5637
vn 0.4329 0.5332 -0.7269
vn 0.4315 0.5334 -0.7275
vn 0.4243 0.5345 -0.7310
vn 0.6888 -0.0750 -0.7211
vn -0.6300 0.5150 -0.5812
vn 0.5230 0.6191 -0.5859
vn 0.5229 0.6196 -0.5854
vn 0.5226 0.6163 -0.5891
vn -0.5825 -0.7966 -0.1614
vn -0.2171 0.4912 0.8435
vn 0.6088 0.4727 -0.6371
vn -0.2238 0.6969 -0.6814
vn -0.1313 -0.0045 -0.9913
vn -0.0493 0.7006 0.7118
vn 0.8842 0.2647 -0.3848
vn 0.0710 0.9026 -0.4245
vn 0.0646 0.9059 -0.4186
vn 0.0716 0.9023 -0.4251
vn 0.9195 0.3919 0.0318
vn 0.8360 0.4856 0.2555
vn 0.3177 0.9058 -0.2804
vn 0.5347 0.7650 -0.3590
vn 0.4742 0.7757 -0.4164
vn -0.5010 -0.8275 0.2535
vn 0.3372 0.9083 -0.2477
vn 0.7720 0.4859 -0.4098
vn 0.7262 0.4714 -0.5004
vn 0.8168 -0.5441 0.1916
vn 0.7905 0.5940 -0.1494
vn 0.0499 -0.8501 0.5242
vn 0.9512 0.0150 0.3082
vn 0.9020 -0.2385 -0.3600
vn -0.9212 -0.0691 0.3828
vn 0.8384 0.4539 -0.3018
vn 0.5917 0.5720 0.5681
vn 0.2784 -0.8304 0.4827
vn -0.7988 0.2162 0.5615
vn -0.6225 0.6255 -0.4703
vn 0.0276 0.9266 0.3750
vn -0.0905 0.9310 0.3535
vn -0.9270 0.3675 0.0754
vn -0.9250 0.3706 0.0833
vn -0.9248 0.3709 0.0845
vn 0.7118 -0.3815 0.5897
vn 0.7124 -0.6107 0.3458
vn 0.8098 0.5865 0.0150
vn 0.6495 -0.5497 0.5253
vn 0.6456 0.7637 -0.0044
vn 0.6785 0.5152 -0.5236
vn 0.6794 0.5136 -0.5241
vn 0.6783 0.5155 -0.5235
vn 0.7349 -0.4272 0.5266
vn 0.0812 0.9580 -0.2749
vn -0.6755 -0.2279 0.7013
vn -0.6758 -0.2283 0.7008
vn -0.6758 -0.2282 0.7008
vn 0.3722 -0.9277 0.0290
vn -0.7000 -0.0365 -0.7132
vn -0.1557 -0.8487 0.5054
vn 0.1159 -0.8666 0.4854
vn 0.2508 -0.9428 0.2196
vn -0.0495 -0.5662 0.8228
vn -0.3186 -0.1308 -0.9388
vn 0.0683 -0.2268 0.9715
vn 0.1125 -0.4756 0.8724
vn 0.5416 0.8304 0.1305
vn -0.8851 0.4348 -0.1659
vn 0.6128 0.7838 -0.1008
vn 0.8394 -0.1705 0.5161
vn 0.7334 0.5489 -0.4010
vn 0.9358 -0.2879 0.2034
vn 0.1946 -0.2193 0.9561
vn 0.6863 -0.6809 0.2558
vn 0.6034 0.7873 0.1269
vn -0.7132 -0.4647 0.5249
vn 0.4335 -0.6050 -0.6679
vn 0.9406 0.1581 0.3004
vn 0.7144 0.6585 0.2366
vn 0.5908 0.7913 0.1574
vn 0.0702 0.3805 0.9221
vn 0.6058 0.7090 -0.3611
vn 0.6066 0.7097 -0.3583
vn 0.6096 0.7066 -0.3595
vn 0.7250 0.4498 0.5216
vn 0.0792 0.9917 -0.1010
vn 0.4480 -0.5311 0.7192
vn -0.3622 -0.4315 0.8262
vn -0.9178 0.3868 -0.0892
vn -0.6757 0.6726 -0.3016
vn -0.9824 0.1855 -0.0223
vn 0.8424 0.5368 -0.0465
vn 0.9770 0.1978 0.0795
vn -0.2706 0.6857 -0.6757
vn 0.1107 0.5696 -0.8144
vn 0.6848 0.5635 -0.4621
vn 0.8561 -0.4896 -0.1652
vn 0.9139 -0.3600 -0.1876
vn 0.9193 0.3888 -0.0608
vn 0.9191 0.3891 -0.0615
vn 0.9204 0.3877 -0.0500
vn 0.7828 -0.0863 -0.6162
vn 0.5716 -0.7580 -0.3143
vn 0.3024 0.9331 0.1946
vn -0.0882 0.7282 -0.6797
vn -0.1947 0.8435 -0.5006
vn -0.9259 0.3135 -0.2107
vn -0.7924 0.2299 -0.5650
vn -0.8383 0.4340 -0.3300
vn -0.5715 0.6945 -0.4371
vn 0.8661 0.2884 -0.4082
vn 0.8190 0.5519 0.1573
vn 0.9555 -0.2275 0.1877
vn 0.9556 -0.2275 0.1873
vn 0.9544 -0.2276 0.1930
vn -0.4228 -0.7543 0.5022
vn 0.7524 0.5532 -0.3576
vn -0.0376 0.6888 -0.7240
vn -0.2008 0.7834 -0.5881
vn -0.3467 -0.7668 0.5402
vn 0.0838 0.6388 -0.7648
vn -0.6661 0.7459 0.0018
vn 0.3852 -0.8514 0.3560
vn -0.3184 0.8481 -0.4235
vn 0.4250 0.5023 -0.7530
vn -0.7011 0.7130 -0.0133
vn 0.4828 -0.1325 0.8656
vn 0.2068 0.9652 -0.1602
vn -0.2317 0.7671 -0.5982
vn 0.9443 0.0179 0.3287
vn 0.1459 -0.8214 0.5514
vn -0.8441 -0.4857 -0.2274
vn -0.9884 0.1424 0.0526
vn -0.9902 0.1143 0.0803
vn -0.9904 0.1107 0.0831
vn -0.9902 0.1142 0.0809
vn 0.3807 0.8393 -0.3882
vn 0.3804 0.8392 -0.3886
vn 0.3817 0.8401 -0.3855
vn -0.7163 -0.6740 0.1808
vn 0.7306 0.5719 -0.3730
vn 0.7305 0.5706 -0.3753
vn 0.7314 0.5692 -0.3756
vn 0.3620 -0.1546 -0.9193
vn -0.2118 -0.9772 -0.0162
vn 0.3822 0.7841 -0.4890
vn -0.3770 0.5515 -0.7441
vn -0.3776 0.5508 -0.7443
vn -0.3782 0.5557 -0.7404
vn -0.3718 -0.9254 -0.0742
vn -0.4003 0.7739 -0.4907
vn 0.0565 0.9718 -0.2289
vn 0.0107 0.1132 -0.9935
vn -0.9474 -0.2930 0.1289
vn -0.9473 -0.2930 0.1292
vn -0.9474 -0.2930 0.1291
vn 0.8197 -0.1359 0.5564
vn 0.5104 0.7806 -0.3609
vn 0.8880 -0.0206 0.4594
vn 0.4893 0.8362 0.2477
vn -0.2534 -0.9674 0.0051
vn 0.3607 0.0413 0.9318
vn -0.3931 0.9149 0.0921
vn 0.5155 -0.3607 0.7773
vn -0.6356 0.2049 0.7443
vn -0.6358 0.2049 0.7442
vn -0.6359 0.2049 0.7441
vn -0.1618 0.1763 0.9709
vn 0.3791 0.9137 -0.1464
vn -0.9262 0.3769 0.0098
vn 0.3058 -0.8641 -0.3998
vn 0.2835 0.0491 -0.9577
vn -0.2392 0.9224 -0.3033
vn 0.3978 -0.8002 -0.4489
vn -0.9159 -0.0384 0.3996
vn 0.3350 -0.4429 0.8316
vn 0.1013 -0.6799 0.7263
vn -0.8773 0.4794 0.0238
vn -0.9381 0.3307 -0.1028
vn 0.5374 -0.5344 0.6524
vn 0.0700 0.9955 0.0639
vn 0.3191 -0.4735 -0.8209
vn 0.4536 0.7872 -0.4179
vn 0.4836 0.6277 -0.6100
vn -0.5165 0.6931 -0.5029
vn -0.9365 0.2431 0.2527
vn 0.2679 0.9211 -0.2825
vn 0.8857 -0.2480 -0.3925
vn 0.8509 -0.4132 -0.3243
vn 0.4011 0.9044 -0.1456
vn 0.8289 -0.4813 -0.2853
vn 0.8282 0.0590 0.5574
vn 0.5673 0.8230 0.0294
vn -0.6583 0.7471 0.0918
vn 0.6374 0.7656 -0.0871
vn 0.7916 0.4787 -0.3798
vn 0.7915 0.4797 -0.3787
vn 0.7910 0.4858 -0.3718
vn -0.6372 0.6452 0.4215
vn -0.6155 0.7103 -0.3416
vn -0.6199 0.7058 -0.3429
vn -0.6159 0.7100 -0.3415
vn -0.9572 0.2674 -0.1111
vn -0.9228 0.3684 -0.1131
vn -0.9226 0.3687 -0.1133
vn -0.9213 0.3713 -0.1153
vn -0.9156 0.3791 0.1345
vn -0.9871 0.1440 -0.0697
vn 0.9641 -0.1944 -0.1811
vn -0.9866 -0.0809 -0.1415
vn -0.9904 0.1101 0.0833
vn -0.9707 0.0612 0.2322
vn 0.5741 -0.6674 0.4743
vn 0.9664 0.2101 0.1484
vn -0.6606 0.7378 -0.1390
vn 0.3619 0.0346 -0.9316
vn 0.1674 0.2628 -0.9502
vn -0.6997 0.7057 -0.1113
vn -0.0963 0.4893 -0.8668
vn -0.0165 0.6591 -0.7519
vn -0.5542 0.5610 0.6149
vn -0.4553 0.6231 -0.6360
vn 0.0979 0.9057 -0.4124
vn 0.1522 0.8504 0.5036
vn -0.0884 0.9907 0.1033
vn -0.0949 0.9877 -0.1241
vn -0.2835 0.9528 -0.1090
vn -0.3369 0.9339 0.1195
vn 0.0495 0.9807 -0.1890
vn -0.0301 0.6253 -0.7798
vn -0.3429 0.8700 0.3542
vn -0.0845 0.9295 0.3589
vn 0.0671 0.9689 0.2383
vn 0.3667 0.9060 0.2112
vn 0.1719 0.9698 -0.1733
vn -0.0628 0.8371 0.5434
vn -0.0860 0.8964 0.4349
vn -0.3166 0.8577 0.4051
vn -0.3387 0.8683 0.3623
vn -0.8214 0.4596 0.3377
vn -0.6532 0.7536 0.0734
vn -0.6676 0.6928 -0.2728
vn -0.6675 0.6927 -0.2732
vn -0.6659 0.6949 -0.2715
vn -0.7095 0.4154 0.5692
vn -0.7122 0.4148 0.5663
vn -0.7072 0.4189 0.5695
vn -0.8967 0.4185 0.1440
vn -0.8562 0.4199 0.3010
vn -0.7266 0.6228 0.2902
vn -0.6049 0.6727 0.4260
vn -0.6136 0.5847 0.5307
vn -0.6775 0.5229 0.5173
vn -0.6774 0.5231 0.5171
vn -0.6770 0.5230 0.5178
vn -0.6942 0.5491 0.4654
vn -0.3872 0.6055 0.6953
vn -0.5203 0.7776 0.3530
vn -0.5181 0.7751 0.3615
vn -0.5189 0.7729 0.3651
vn -0.5181 0.7757 0.3604
vn -0.6454 0.6909 0.3257
vn -0.6471 0.6929 0.3181
vn -0.6439 0.6928 0.3248
vn -0.7439 0.5614 0.3625
vn -0.7220 0.6144 0.3182
vn -0.7250 0.6138 0.3124
vn -0.7241 0.6145 0.3132
vn -0.8533 0.4083 0.3243
vn -0.7789 0.6074 0.1559
vn -0.7814 0.5612 0.2731
vn -0.7853 0.5663 0.2504
vn -0.7831 0.5709 0.2468
vn -0.7861 0.5649 0.2508
vn -0.7496 0.5961 0.2876
vn -0.7286 0.6524 0.2088
vn -0.7282 0.6524 0.2099
vn -0.7283 0.6524 0.2098
vn -0.6680 0.6221 0.4085
vn -0.6698 0.6546 0.3504
vn -0.7253 0.5983 0.3406
vn -0.7078 0.6033 0.3674
vn -0.4386 0.5801 0.6864
vn -0.4260 0.8352 0.3479
vn -0.1201 0.1123 -0.9864
vn 0.1101 -0.1781 -0.9778
vn 0.1703 -0.6999 0.6937
vn 0.1119 -0.8153 0.5681
vn 0.2763 -0.2023 -0.9396
vn -0.4383 0.5656 0.6985
vn -0.1373 0.4750 -0.8692
vn -0.1298 0.4766 -0.8695
vn -0.1275 0.4772 -0.8695
vn 0.0617 -0.2149 -0.9747
vn -0.0147 -0.1024 -0.9946
vn -0.1675 0.4590 -0.8725
vn -0.1709 0.4592 -0.8717
vn -0.1717 0.4595 -0.8714
vn -0.2005 -0.0853 -0.9760
vn -0.2150 0.4502 -0.8667
vn -0.2184 0.4485 -0.8667
vn -0.2139 0.4508 -0.8666
vn -0.2485 0.3014 -0.9205
vn -0.2510 0.2956 -0.9218
vn -0.2520 0.2927 -0.9224
vn -0.2373 0.4513 -0.8602
vn 0.3196 -0.3093 0.8956
vn -0.5692 -0.7765 0.2704
vn -0.6394 0.7379 -0.2160
vn -0.6395 0.7379 -0.2159
vn -0.7304 0.6443 -0.2265
vn -0.6662 0.6147 -0.4222
vn -0.6636 0.6157 -0.4250
vn -0.6633 0.6159 -0.4250
vn -0.6744 0.7078 -0.2101
vn 0.5183 0.3406 0.7844
vn 0.4171 0.3005 0.8577
vn 0.1029 0.5750 0.8117
vn 0.1050 0.5791 0.8084
vn 0.1015 0.5723 0.8137
vn 0.1333 0.6501 0.7481
vn -0.9122 0.4091 -0.0221
vn -0.9109 0.4123 -0.0175
vn -0.9125 0.4085 -0.0228
vn -0.7016 0.4821 -0.5247
vn -0.7020 0.4816 -0.5247
vn -0.7016 0.4822 -0.5246
vn -0.7916 0.5698 -0.2209
vn 0.0397 0.1403 -0.9893
vn -0.0597 0.3183 -0.9461
vn -0.0599 0.3220 -0.9449
vn -0.0609 0.3173 -0.9464
vn -0.7191 0.6099 -0.3331
vn 0.0175 0.5868 -0.8095
vn 0.3474 0.0848 -0.9339
vn 0.3886 -0.0067 -0.9214
vn 0.0180 0.5925 -0.8054
vn -0.0446 0.5058 -0.8615
vn -0.0550 0.5107 -0.8580
vn -0.0544 0.5103 -0.8583
vn -0.0027 0.3591 -0.9333
vn 0.0827 0.2376 -0.9678
vn -0.0491 0.4722 -0.8801
vn -0.1158 0.4807 -0.8692
vn 0.0287 0.7449 -0.6665
vn 0.1699 0.9841 0.0524
vn 0.3279 0.9360 -0.1282
vn 0.1984 0.8304 -0.5207
vn 0.0881 0.8752 -0.4757
vn 0.4751 0.5956 0.6477
vn 0.3214 0.7075 0.6294
vn 0.1802 0.9202 0.3475
vn 0.1649 0.7971 0.5809
vn -0.8271 0.5332 0.1776
vn -0.8564 0.5151 0.0359
vn -0.7417 0.6686 0.0529
vn -0.7647 0.6330 0.1204
vn -0.7758 0.6002 0.1945
vn -0.6340 0.7565 0.1604
vn -0.7924 0.5972 0.1242
vn -0.7327 0.6554 0.1831
vn -0.7317 0.6569 0.1820
vn -0.7305 0.6587 0.1802
vn -0.7023 0.6992 -0.1338
vn -0.4327 0.8361 -0.3371
vn -0.4624 0.8847 -0.0590
vn -0.6543 0.7562 -0.0118
vn -0.8619 0.4660 0.1999
vn -0.7163 0.5041 0.4825
vn -0.7951 0.4455 0.4116
vn -0.8241 0.5460 0.1505
vn -0.8276 0.5610 0.0202
vn -0.8623 0.4982 0.0904
vn -0.8305 0.5524 -0.0710
vn -0.7744 0.6286 -0.0721
vn 0.0024 0.8447 0.5352
vn 0.5288 0.5497 0.6467
vn -0.2397 0.4262 0.8723
vn -0.3668 0.7155 0.5946
vn 0.4963 0.0156 0.8680
vn 0.5100 -0.1515 0.8467
vn -0.7794 0.6119 0.1345
vn -0.3272 0.4834 0.8120
vn 0.4884 -0.1742 0.8551
vn 0.4883 -0.1676 0.8564
vn 0.4882 -0.1750 0.8550
vn 0.4305 0.1127 0.8955
vn -0.5628 0.8262 0.0267
vn -0.6991 0.7110 -0.0755
vn 0.0863 0.5702 0.8170
vn -0.1291 0.3224 0.9378
vn -0.4094 0.4096 0.8153
vn -0.4212 0.4159 0.8060
vn 0.1388 0.5569 0.8189
vn -0.0715 0.6413 0.7639
vn -0.1503 0.3242 0.9340
vn -0.2657 0.3547 0.8964
vn -0.2618 0.3494 0.8997
vn -0.2609 0.3588 0.8962
vn -0.2286 0.3805 0.8961
vn -0.0343 0.3052 0.9517
vn -0.4263 -0.8971 -0.1162
vn 0.3511 -0.1942 0.9160
vn 0.4543 -0.1394 0.8799
vn -0.0174 0.4039 0.9147
vn -0.0190 0.4029 0.9150
vn -0.0170 0.4044 0.9144
vn -0.0409 0.3793 0.9244
vn -0.0437 0.3784 0.9246
vn -0.0403 0.3793 0.9244
vn -0.5824 -0.7111 -0.3938
vn -0.5938 -0.7558 0.2759
vn -0.3209 0.3630 0.8748
vn -0.3198 0.3624 0.8754
vn -0.3166 0.3601 0.8775
vn -0.0991 0.5382 0.8369
vn -0.3053 0.6567 0.6896
vn -0.4788 0.3158 0.8192
vn 0.1475 0.9890 -0.0100
vn 0.3033 0.9499 -0.0756
vn 0.3116 0.9470 -0.0785
vn 0.3013 0.9506 -0.0752
vn -0.0912 0.7320 0.6751
vn 0.3687 0.9295 -0.0037
vn 0.3095 0.9395 0.1470
vn 0.1173 0.7238 0.6800
vn -0.0280 0.2605 0.9651
vn -0.0826 0.9942 0.0689
vn 0.4551 0.8166 -0.3551
vn 0.3880 0.8887 -0.2442
vn 0.1026 0.8853 -0.4536
vn 0.0879 0.8711 -0.4832
vn 0.0577 0.6266 -0.7772
vn 0.1213 0.9477 -0.2951
vn 0.1185 0.9779 0.1720
vn -0.0789 0.3857 -0.9192
vn -0.1436 0.5803 -0.8017
vn -0.1037 0.8472 -0.5210
vn 0.2728 0.9153 0.2963
vn -0.5491 0.4144 0.7258
vn -0.1558 0.4407 -0.8840
vn -0.0184 0.9164 -0.3997
vn -0.2468 0.5394 -0.8050
vn -0.3758 0.5315 -0.7592
vn -0.2821 0.4570 -0.8436
vn -0.2586 0.3165 -0.9127
vn 0.1181 0.9707 -0.2095
vn 0.2760 0.8802 -0.3860
vn 0.2756 0.8805 -0.3858
vn 0.2757 0.8804 -0.3858
vn 0.3197 0.9036 -0.2851
vn 0.3290 0.8653 -0.3781
vn 0.3274 0.8657 -0.3787
vn 0.3385 0.8608 -0.3801
vn 0.5582 0.7384 -0.3784
vn 0.4871 0.8489 -0.2050
vn 0.4872 0.8493 -0.2035
vn 0.4877 0.8491 -0.2032
vn 0.0323 0.9679 -0.2494
vn 0.0312 0.9709 -0.2374
vn 0.0321 0.9704 -0.2393
vn 0.0902 0.9786 -0.1848
vn 0.2627 0.9607 -0.0902
vn -0.1467 0.9856 -0.0835
vn 0.0444 0.9121 0.4074
vn 0.0427 0.9210 0.3871
vn -0.0522 0.9362 -0.3475
vn -0.0525 0.9368 -0.3458
vn -0.0528 0.9365 -0.3467
vn 0.1430 0.9808 0.1329
vn 0.1469 0.9886 -0.0339
vn -0.0120 0.9500 -0.3119
vn -0.1935 0.7505 0.6319
vn -0.2475 0.8677 0.4311
vn -0.2202 0.9462 0.2371
vn -0.1721 0.9286 0.3287
vn -0.6049 0.7689 -0.2069
vn -0.6046 0.7707 -0.2012
vn -0.6046 0.7710 -0.1999
vn 0.0594 0.6116 -0.7889
vn -0.7459 0.6587 0.0991
vn -0.7452 0.6581 0.1078
vn -0.7469 0.6565 0.1052
vn -0.6985 0.7088 -0.0987
vn -0.6499 0.7592 -0.0351
vn -0.6956 0.7052 0.1374
vn -0.6843 0.6950 0.2208
vn -0.6531 0.7571 0.0139
vn -0.5734 0.8148 0.0860
vn -0.6478 0.6913 0.3200
vn -0.4341 0.7238 0.5363
vn -0.4306 0.7215 0.5423
vn -0.4293 0.7205 0.5445
vn -0.3444 0.8072 0.4794
vn -0.6874 0.7163 0.1200
vn -0.6860 0.7176 0.1203
vn -0.6878 0.7162 0.1184
vn -0.5917 0.7969 0.1218
vn -0.5966 0.7616 0.2530
vn -0.6858 0.7136 0.1430
vn -0.6835 0.7161 0.1414
vn -0.6799 0.7181 0.1483
vn -0.2090 0.9775 0.0273
vn -0.6420 0.7545 0.1362
vn -0.5910 0.6121 0.5253
vn -0.1094 0.9779 0.1783
vn -0.2462 0.9557 -0.1614
vn -0.2496 0.9536 -0.1685
vn -0.2494 0.9539 -0.1670
vn -0.4544 0.8090 -0.3729
vn -0.5145 0.7709 -0.3755
vn -0.0172 0.9176 -0.3972
vn 0.0564 0.9310 0.3606
vn -0.0976 0.9943 0.0425
vn -0.1936 0.9357 -0.2949
vn -0.2026 0.9566 -0.2093
vn -0.4548 0.6072 -0.6515
vn 0.0594 0.9700 -0.2359
vn -0.6175 -0.7094 0.3398
vn -0.5768 -0.7819 0.2365
vn -0.4829 0.7712 0.4148
vn -0.4817 0.7728 0.4131
vn -0.4845 0.7697 0.4158
vn -0.7172 0.6969 -0.0083
vn -0.6388 0.7655 0.0776
vn -0.5918 0.7082 0.3850
vn -0.5923 0.7001 0.3988
vn -0.5922 0.7238 0.3541
vn -0.5922 0.7239 0.3539
vn -0.5922 0.7239 0.3540
vn -0.5548 0.7802 0.2890
vn -0.6032 0.7145 0.3546
vn -0.6303 0.6423 0.4361
vn -0.6368 0.6360 0.4359
vn -0.6317 0.6460 0.4285
vn -0.7352 0.6355 0.2357
vn -0.6238 0.6820 0.3818
vn -0.6238 0.6821 0.3815
vn -0.6237 0.6807 0.3842
vn -0.6341 0.6418 0.4313
vn -0.6294 0.6480 0.4289
vn -0.3561 0.4392 0.8248
vn -0.3419 0.5338 0.7734
vn -0.0828 0.5994 0.7961
vn -0.0821 0.6192 0.7809
vn -0.4160 0.5274 0.7408
vn -0.4110 0.6211 0.6673
vn 0.3352 0.8697 -0.3622
vn 0.3861 0.8443 -0.3716
vn 0.1662 0.9326 -0.3204
vn 0.1763 0.8856 -0.4297
vn 0.4151 0.9033 -0.1082
vn -0.5927 -0.4942 -0.6360
vn -0.5928 -0.4941 -0.6360
vn -0.3287 0.8152 -0.4768
vn -0.5683 0.6730 -0.4734
vn -0.4028 0.9077 0.1174
vn -0.5007 0.8343 0.2307
vn -0.5008 0.8343 0.2307
vn -0.5571 0.8212 0.1234
vn -0.7184 0.6934 -0.0554
vn -0.7182 0.6939 -0.0517
vn -0.7183 0.6934 -0.0568
vn -0.5815 0.7652 0.2761
vn -0.6110 0.7097 0.3507
vn -0.7925 0.6098 -0.0120
vn -0.6489 0.6606 0.3774
vn -0.8340 0.5223 0.1780
vn -0.8223 0.5691 0.0075
vn -0.8227 0.5684 0.0059
vn -0.8208 0.5710 0.0125
vn 0.0225 0.8674 0.4971
vn -0.1146 0.9494 0.2925
vn 0.1369 0.9456 0.2952
vn 0.0464 0.7362 0.6751
vn 0.0144 0.6710 0.7413
vn -0.6099 -0.7424 -0.2774
vn -0.6670 0.6312 -0.3958
vn -0.6676 0.6314 -0.3946
vn -0.6673 0.6315 -0.3947
vn -0.4689 0.7576 0.4541
vn -0.4669 0.7571 0.4569
vn -0.4636 0.7564 0.4614
vn -0.2219 0.7530 0.6195
vn -0.0718 0.7805 0.6211
vn -0.0722 0.7802 0.6213
vn -0.0718 0.7804 0.6211
vn -0.2438 0.8636 0.4414
vn -0.5681 0.6693 0.4789
vn -0.6289 0.6435 0.4364
vn -0.6200 0.6834 0.3855
vn -0.5494 0.7306 0.4054
vn -0.6511 0.6371 0.4126
vn -0.6525 0.6364 0.4113
vn -0.6483 0.6381 0.4153
vn -0.6270 0.6595 0.4147
vn -0.6259 0.6604 0.4149
vn -0.6305 0.6576 0.4123
vn -0.6308 0.6584 0.4106
vn 0.4428 0.8964 0.0187
vn -0.6221 0.7440 0.2438
vn 0.7931 0.1603 0.5877
vn 0.8973 0.2685 -0.3504
vn -0.0315 0.6699 -0.7418
vn -0.0327 0.6703 -0.7414
vn -0.0290 0.6685 -0.7431
vn -0.8416 -0.4483 -0.3014
vn -0.2956 -0.7899 0.5373
vn 0.9818 -0.1635 -0.0963
vn -0.2466 0.9582 0.1451
vn 0.2809 -0.9518 -0.1235
vn -0.9566 -0.2837 0.0663
vn -0.9894 0.1452 -0.0024
vn 0.8843 0.4666 0.0146
vn -0.9117 -0.2140 0.3508
vn 0.7267 -0.3482 -0.5922
vn -0.6168 -0.7625 -0.1952
vn 0.4749 -0.7932 -0.3811
vn 0.4552 0.8040 0.3826
vn -0.6105 0.7780 0.1486
vn -0.6148 0.7756 0.1429
vn -0.6093 0.7786 0.1501
vn 0.9535 -0.0900 -0.2877
vn 0.4532 -0.8785 0.1515
vn -0.2317 -0.5596 0.7957
vn 0.4267 0.8894 0.1639
vn -0.7892 -0.1368 0.5987
vn 0.2899 -0.9058 -0.3090
vn -0.4138 0.6194 -0.6672
vn -0.8989 -0.2016 -0.3891
vn -0.5969 0.6231 -0.5054
vn 0.3498 0.2889 0.8912
vn 0.3243 0.5462 0.7724
vn 0.7510 0.2480 0.6120
vn 0.6039 -0.2974 0.7395
vn 0.5394 0.3177 -0.7798
vn -0.3969 0.8096 -0.4325
vn -0.4200 -0.5229 0.7417
vn -0.7916 0.4943 0.3593
vn 0.1766 0.7696 0.6137
vn 0.7003 0.4931 0.5162
vn 0.7550 0.3989 0.5204
vn 0.3257 0.6365 0.6991
vn -0.9390 0.1600 -0.3044
vn -0.9237 0.1247 -0.3622
vn 0.6083 -0.7935 0.0170
vn -0.9405 0.2209 0.2582
vn -0.9405 0.2207 0.2583
vn -0.9403 0.2201 0.2597
vn 0.5212 -0.8526 -0.0372
vn 0.3953 -0.4099 0.8220
vn 0.6377 -0.5155 -0.5723
vn 0.6303 -0.5249 -0.5720
vn 0.6310 -0.5258 -0.5705
vn 0.1510 -0.8234 0.5470
vn -0.8535 -0.4924 -0.1707
vn 0.3585 0.8188 0.4483
vn -0.7304 0.6131 0.3010
vn -0.9420 0.3115 0.1246
vn 0.5721 -0.8095 0.1321
vn 0.6091 -0.7534 0.2476
vn 0.7472 -0.6514 0.1314
vn 0.6424 -0.7580 0.1129
vn 0.6449 -0.7557 0.1140
vn 0.6454 -0.7553 0.1140
vn -0.1392 0.6421 -0.7539
vn -0.4741 0.6464 -0.5978
vn -0.5038 0.7368 -0.4510
vn -0.0105 0.7775 -0.6288
vn -0.0078 0.7769 -0.6296
vn -0.0063 0.7767 -0.6299
vn 0.6096 0.6701 -0.4236
vn 0.9086 -0.3375 0.2459
vn 0.5187 -0.6057 0.6034
vn 0.2806 -0.7007 0.6559
vn 0.2815 -0.7040 0.6520
vn 0.2806 -0.7005 0.6562
vn 0.4618 -0.3395 0.8194
vn -0.0993 -0.6342 0.7668
vn 0.2167 -0.1230 -0.9685
vn 0.2555 -0.9280 -0.2712
vn -0.6879 0.5966 -0.4132
vn 0.2869 -0.7455 0.6016
vn -0.6567 0.7511 0.0671
vn -0.0633 -0.9758 -0.2094
vn -0.9987 0.0016 -0.0511
vn 0.7490 0.5754 -0.3284
vn -0.5953 -0.7822 0.1838
vn -0.9083 0.3983 0.1277
vn -0.9167 -0.0795 0.3916
vn 0.1266 -0.9208 0.3689
vn -0.0072 -0.0894 -0.9960
vn -0.2834 -0.8793 0.3829
vn -0.0470 -0.9825 0.1803
vn -0.3606 0.8664 -0.3453
vn 0.4318 -0.8826 0.1858
vn 0.3514 0.9334 0.0725
vn 0.0054 -0.6522 0.7580
vn -0.3393 -0.9360 0.0931
vn 0.1737 0.0063 -0.9848
vn -0.9791 0.1806 -0.0930
vn -0.6680 -0.7353 -0.1146
vn 0.7731 0.2200 -0.5949
vn -0.9009 -0.2415 0.3606
vn 0.1252 0.4852 -0.8654
vn 0.1217 0.4853 -0.8658
vn 0.1265 0.4851 -0.8653
vn 0.4757 0.0360 0.8789
vn -0.8336 0.5523 0.0087
vn -0.7356 0.6587 -0.1580
vn -0.6252 0.6662 0.4065
vn -0.3889 0.8837 -0.2606
vn 0.0167 0.4119 -0.9111
vn 0.0165 0.4121 -0.9110
vn 0.0166 0.4117 -0.9111
vn 0.8258 -0.1791 0.5348
vn 0.3639 0.0182 -0.9312
vn 0.8551 0.4797 -0.1967
vn 0.8551 0.4804 -0.1948
vn 0.8552 0.4802 -0.1952
vn 0.6413 -0.7591 -0.1119
vn 0.6387 -0.7613 -0.1117
vn 0.6420 -0.7585 -0.1120
vn 0.9500 -0.2088 0.2321
vn 0.8851 0.4626 -0.0499
vn -0.4371 -0.1609 -0.8849
vn -0.7813 0.5687 -0.2573
vn 0.6378 0.6956 -0.3306
vn -0.6021 -0.6344 0.4848
vn -0.1717 -0.9504 0.2594
vn -0.9239 0.3823 -0.0151
vn 0.8343 0.5179 -0.1893
vn 0.4121 0.7701 0.4870
vn 0.0865 -0.9508 0.2976
vn 0.3205 -0.9469 0.0247
vn 0.3052 -0.9523 -0.0054
vn 0.2669 -0.9636 0.0178
vn 0.4143 -0.7073 0.5728
vn 0.2302 -0.4925 0.8393
vn 0.3184 -0.2842 0.9044
vn 0.5141 -0.3653 0.7761
vn -0.0849 0.4859 0.8699
vn -0.4703 -0.8501 0.2371
vn -0.9833 -0.1818 -0.0112
vn 0.4477 -0.8411 0.3034
vn -0.0392 -0.8855 0.4630
vn -0.0886 -0.9763 0.1976
vn -0.2258 -0.8759 0.4265
vn -0.2324 -0.8771 0.4204
vn -0.2318 -0.8771 0.4207
vn -0.7483 -0.4623 0.4757
vn 0.4314 -0.7461 0.5071
vn -0.2281 -0.8743 0.4284
vn 0.3913 0.9196 -0.0366
vn 0.5348 0.7170 0.4472
vn 0.8174 0.2110 0.5360
vn -0.7193 0.6121 -0.3285
vn -0.7171 0.6134 -0.3309
vn -0.7166 0.6137 -0.3314
vn 0.8861 0.3449 -0.3097
vn -0.5525 -0.7033 -0.4473
vn 0.2375 0.7166 -0.6558
vn 0.4929 0.8241 0.2790
vn 0.5830 0.8121 -0.0268
vn 0.8561 0.5138 -0.0559
vn 0.3550 0.9347 0.0158
vn -0.1052 0.8814 -0.4606
vn -0.7946 0.5666 0.2182
vn -0.7958 0.5650 0.2179
vn -0.7945 0.5665 0.2188
vn -0.8110 0.5830 -0.0481
vn -0.3544 -0.8665 0.3516
vn -0.3629 -0.8644 0.3481
vn -0.3524 -0.8664 0.3537
vn 0.1094 0.6690 -0.7352
vn 0.9324 0.3212 -0.1659
vn -0.6723 0.6882 0.2728
vn 0.1368 -0.9405 0.3112
vn -0.3809 0.7340 -0.5623
vn -0.4979 0.6961 -0.5172
vn -0.7343 0.6185 -0.2798
vn -0.8412 0.4847 -0.2399
vn -0.9405 0.2131 -0.2646
vn -0.7989 0.4096 -0.4404
vn -0.9671 -0.2075 0.1471
vn -0.9671 -0.2076 0.1468
vn 0.7525 -0.6013 0.2687
vn 0.7530 -0.6005 0.2691
vn 0.7528 -0.6008 0.2690
vn -0.4548 0.7999 -0.3916
vn -0.6569 -0.4689 0.5904
vn 0.3020 -0.9492 -0.0878
vn 0.1786 0.9378 -0.2978
vn -0.1864 0.9661 -0.1784
vn 0.0883 0.9100 -0.4050
vn -0.6628 -0.6394 0.3898
vn -0.0612 0.9740 -0.2183
vn 0.2458 0.7883 -0.5641
vn 0.9718 0.2357 -0.0099
vn 0.6199 0.2397 0.7471
vn 0.1803 0.8843 0.4307
vn -0.6504 0.6097 -0.4531
vn 0.1059 0.6095 -0.7857
vn 0.0026 0.7824 -0.6228
vn -0.2466 0.7542 -0.6086
vn -0.0787 0.6430 -0.7618
vn -0.2318 0.9133 -0.3349
vn 0.1025 0.9723 -0.2100
vn -0.1439 0.9892 0.0279
vn -0.5696 0.8144 -0.1107
vn -0.8336 0.3249 -0.4466
vn -0.0818 -0.7053 0.7041
vn 0.6429 0.4566 0.6149
vn -0.8577 0.0889 0.5064
vn -0.7529 0.2925 0.5896
vn -0.5442 0.0626 0.8366
vn -0.7610 -0.0692 0.6450
vn 0.2879 -0.9537 0.0872
vn -0.2820 -0.6901 -0.6665
vn 0.9805 0.1778 0.0834
vn 0.5399 0.8373 0.0863
vn 0.5399 0.8373 0.0864
vn -0.9391 0.0627 -0.3378
vn -0.6026 -0.7957 0.0620
vn 0.4681 -0.7104 0.5256
vn 0.1009 0.5586 -0.8232
vn 0.5546 0.7480 0.3646
vn 0.4913 0.8533 -0.1743
vn -0.9204 0.3549 -0.1639
vn -0.7845 0.6126 -0.0962
vn -0.7693 0.5294 -0.3577
vn 0.7124 0.6936 0.1072
vn -0.9031 0.3682 0.2208
vn 0.2940 -0.9254 0.2392
vn 0.2938 -0.9261 0.2368
vn 0.2842 -0.9288 0.2378
vn 0.0621 0.7262 -0.6846
vn 0.1773 0.8921 -0.4155
vn 0.1835 0.8885 -0.4206
vn 0.1757 0.8920 -0.4164
vn -0.9352 0.0432 0.3513
vn -0.6621 0.7451 -0.0802
vn -0.6341 0.7536 0.1733
vn -0.4859 0.8156 0.3140
vn -0.6375 0.6721 0.3767
vn -0.6480 0.7496 0.1346
vn -0.6507 0.7472 0.1349
vn -0.6534 0.7452 0.1332
vn 0.8916 -0.1859 0.4129
vn -0.9859 0.1649 0.0274
vn 0.0119 -0.9090 -0.4167
vn -0.7230 -0.1686 0.6699
vn -0.7274 -0.1644 0.6663
vn -0.7292 -0.1628 0.6647
vn 0.9500 0.2862 0.1250
vn 0.9180 -0.3797 -0.1146
vn -0.9596 -0.2374 0.1510
vn 0.3040 0.3401 -0.8899
vn 0.2709 -0.6731 0.6881
vn -0.0802 -0.7534 -0.6526
vn 0.4828 0.7235 0.4934
vn 0.9341 0.3184 0.1612
vn 0.3893 -0.7151 0.5806
vn 0.3860 -0.7130 0.5854
vn 0.3839 -0.7204 0.5776
vn 0.5983 0.7904 0.1315
vn 0.1642 0.8807 0.4444
vn -0.0795 0.9966 0.0222
vn -0.8953 -0.2404 0.3751
vn -0.6419 0.6999 0.3132
vn -0.7085 0.6981 0.1036
vn -0.1572 -0.8719 0.4638
vn -0.9394 0.0890 0.3310
vn -0.5997 -0.7900 -0.1271
vn -0.2678 -0.9384 0.2184
vn 0.2108 0.9685 -0.1326
vn 0.3885 -0.8420 0.3742
vn -0.8399 0.5382 -0.0700
vn 0.9833 0.1818 0.0110
vn -0.5497 -0.6208 0.5589
vn -0.6388 -0.2832 0.7154
vn -0.9517 0.1337 -0.2763
vn -0.1572 -0.9870 0.0322
vn -0.6683 -0.2419 -0.7034
vn 0.4545 0.8653 -0.2114
vn -0.6366 0.5139 0.5751
vn -0.9431 -0.1255 -0.3079
vn -0.4331 0.7324 -0.5254
vn 0.4961 0.7127 0.4959
vn -0.0407 0.2467 -0.9682
vn -0.7816 0.6036 -0.1572
vn 0.9897 0.0948 -0.1071
vn -0.5230 0.1175 -0.8442
vn 0.1798 0.8778 0.4441
vn -0.6167 -0.4746 -0.6281
vn -0.9901 -0.1375 0.0281
vn -0.9882 0.0075 -0.1530
vn -0.4330 -0.7235 0.5377
vn -0.7504 -0.6547 0.0905
vn -0.7375 0.6414 -0.2113
vn 0.2470 0.8640 0.4388
vn -0.9731 0.2112 0.0919
vn 0.5157 0.8529 -0.0814
vn -0.2764 0.0881 -0.9570
vn -0.5833 -0.8107 -0.0497
vn -0.7764 0.4791 0.4094
vn 0.0343 0.5808 -0.8133
vn 0.2009 0.4122 -0.8887
vn -0.3704 0.2130 -0.9041
vn -0.5556 0.8092 -0.1910
vn -0.8564 -0.3789 0.3506
vn -0.8559 -0.3808 0.3499
vn -0.8551 -0.3888 0.3430
vn -0.9869 0.1387 0.0824
vn -0.7712 0.5777 -0.2674
vn -0.8499 0.4739 -0.2303
vn -0.9718 0.2347 -0.0225
vn -0.8719 0.2480 0.4221
vn -0.6587 0.7409 0.1307
vn -0.8832 0.4657 -0.0555
vn 0.6840 0.6986 0.2100
vn -0.3576 -0.9192 0.1652
vn -0.4015 -0.8804 0.2525
vn -0.4071 0.7895 0.4593
vn 0.8684 -0.1707 0.4656
vn 0.3837 -0.6441 -0.6618
vn 0.0270 0.7944 -0.6068
vn -0.6605 -0.7474 0.0714
vn -0.9742 -0.2093 -0.0840
vn 0.0545 0.8010 0.5962
vn -0.9930 0.1071 0.0501
vn -0.2638 0.7928 -0.5495
vn 0.7643 0.6433 -0.0450
vn 0.7642 0.6434 -0.0453
vn -0.9955 -0.0219 0.0923
vn -0.4288 -0.9016 0.0572
vn -0.3708 -0.9287 0.0057
vn -0.5049 0.8109 -0.2958
vn -0.5094 0.8071 -0.2986
vn -0.5085 0.8079 -0.2979
vn 0.4177 0.8956 -0.1529
vn -0.0945 -0.6360 0.7658
vn -0.4439 -0.8789 -0.1747
vn -0.4070 0.9103 -0.0752
vn -0.6040 0.2847 0.7444
vn -0.6825 0.6684 -0.2957
vn -0.9079 0.4116 -0.0794
vn -0.9937 0.0560 0.0971
vn -0.5995 0.5435 0.5875
vn -0.5943 0.5481 0.5886
vn -0.5946 0.5479 0.5884
vn -0.1079 0.3214 0.9408
vn -0.0437 0.9870 -0.1546
vn -0.9660 0.1598 -0.2033
vn -0.9660 0.1541 -0.2075
vn -0.9662 0.1602 -0.2021
vn 0.9804 0.1954 0.0247
vn 0.8718 -0.4708 -0.1352
vn -0.5343 0.3004 -0.7901
vn -0.8481 0.1923 -0.4937
vn -0.3508 -0.9253 0.1437
vn -0.2904 -0.9304 0.2236
vn -0.2403 -0.9629 0.1226
vn -0.0942 -0.9693 0.2269
vn -0.0919 -0.9699 0.2256
vn -0.0944 -0.9693 0.2272
vn 0.6211 0.1614 -0.7669
vn 0.6736 0.4155 0.6113
vn 0.1445 0.7960 0.5878
vn -0.0279 0.9744 0.2229
vn 0.7242 0.5518 -0.4134
vn 0.1662 -0.9085 0.3833
vn -0.7265 -0.6862 0.0371
vn -0.0304 0.9774 -0.2094
vn -0.3174 -0.9412 0.1153
vn -0.1549 -0.9815 0.1122
vn -0.4691 -0.8814 0.0563
vn -0.4298 -0.8966 0.1066
vn -0.2403 -0.9703 0.0262
vn 0.9392 0.3351 0.0746
vn -0.6596 -0.7190 0.2190
vn -0.4205 0.8192 -0.3899
vn -0.7199 -0.5793 -0.3824
vn -0.7215 -0.5809 -0.3768
vn -0.7232 -0.5773 -0.3791
vn 0.6797 -0.4426 0.5849
vn 0.3205 -0.9159 0.2418
vn 0.0195 -0.9636 0.2665
vn 0.4598 0.5177 0.7215
vn 0.4606 0.5168 0.7217
vn 0.4597 0.5179 0.7214
vn -0.9436 0.1866 0.2734
vn -0.6620 0.2038 -0.7213
vn -0.5281 0.3226 -0.7855
vn -0.2641 0.5335 -0.8035
vn -0.4525 0.2188 -0.8645
vn -0.1470 0.5161 -0.8438
vn -0.5490 0.1640 -0.8196
vn -0.3757 -0.0002 -0.9267
vn -0.0009 0.4126 -0.9109
vn 0.8559 0.0691 -0.5126
vn 0.0400 0.5084 -0.8602
vn -0.1049 0.3865 -0.9163
vn -0.4295 0.2265 -0.8742
vn -0.2042 0.5441 -0.8138
vn 0.8815 0.4586 -0.1120
vn 0.4584 -0.2903 -0.8400
vn -0.1122 0.9923 -0.0522
vn 0.0249 0.5055 -0.8625
vn 0.0220 0.5073 -0.8615
vn 0.0218 0.5075 -0.8614
vn -0.1155 -0.0875 0.9894
vn 0.7570 0.6504 -0.0630
vn -0.9483 0.0901 0.3043
vn 0.8982 0.4279 0.1007
vn -0.4728 0.7895 0.3914
vn -0.4709 0.7906 0.3914
vn -0.4702 0.7911 0.3912
vn -0.7823 0.4272 0.4533
vn -0.0458 0.9975 0.0537
vn -0.9855 0.1427 0.0917
vn -0.8333 0.5150 0.2010
vn -0.8177 0.5731 0.0537
vn -0.6647 0.7447 -0.0592
vn 0.7130 -0.5482 0.4372
vn 0.8796 0.4044 0.2504
vn -0.9844 0.1577 -0.0780
vn -0.9377 0.3268 -0.1180
vn -0.9368 0.3099 -0.1627
vn 0.7226 -0.6132 0.3190
vn 0.7219 -0.6152 0.3168
vn 0.7226 -0.6130 0.3194
vn -0.7562 0.6411 0.1311
vn -0.6700 0.7365 0.0932
vn -0.8075 0.5878 0.0490
vn 0.0283 0.9990 -0.0339
vn 0.4136 -0.0036 -0.9104
vn -0.7624 0.5889 -0.2681
vn -0.7610 0.5917 -0.2659
vn -0.7610 0.5915 -0.2664
vn 0.9732 -0.2248 -0.0485
vn 0.9471 -0.2982 -0.1186
vn 0.8540 -0.5187 -0.0390
vn 0.8806 -0.4724 -0.0385
vn -0.6963 0.6733 0.2487
vn -0.5518 0.7933 -0.2573
vn -0.5741 0.7490 -0.3307
vn -0.8993 -0.2065 -0.3854
vn -0.8971 0.1606 0.4116
vn -0.4433 0.4292 0.7869
vn -0.4414 0.2132 0.8716
vn 0.4868 -0.4932 0.7209
vn -0.3367 0.5962 0.7288
vn -0.2853 0.0199 0.9582
vn -0.4538 0.7189 0.5266
vn -0.2908 0.5593 0.7763
vn -0.8676 -0.0123 0.4970
vn -0.8009 0.2326 -0.5517
vn -0.8486 0.3235 -0.4187
vn -0.8197 0.3419 -0.4596
vn -0.8304 0.2322 -0.5064
vn 0.1690 -0.4895 -0.8555
vn -0.4836 0.7620 -0.4307
vn 0.5209 0.7646 -0.3796
vn 0.8793 -0.2720 0.3911
vn -0.7498 0.4972 0.4366
vn -0.6909 0.5762 0.4366
vn -0.8147 0.5375 0.2177
vn -0.8242 0.5507 0.1323
vn 0.2453 -0.1514 -0.9575
vn 0.7260 -0.6314 0.2725
vn -0.2495 0.3713 0.8944
vn 0.6221 -0.4794 0.6190
vn 0.6266 -0.4803 0.6137
vn 0.6275 -0.4804 0.6128
vn 0.4635 0.7379 -0.4906
vn -0.3617 -0.1896 -0.9128
vn 0.1193 0.9482 -0.2945
vn 0.2251 -0.2959 0.9283
vn 0.3880 -0.3311 0.8601
vn 0.3877 -0.3303 0.8606
vn 0.3883 -0.3316 0.8598
vn 0.2353 -0.3524 0.9058
vn 0.0228 0.8458 -0.5329
vn 0.0324 0.8412 -0.5398
vn 0.0233 0.8464 -0.5320
vn 0.5974 -0.5860 0.5475
vn -0.0221 0.5899 -0.8071
vn -0.2972 -0.8761 -0.3797
vn -0.0438 0.5743 0.8175
vn 0.2458 -0.1538 0.9570
vn -0.6596 0.6839 -0.3119
vn -0.7672 0.6389 -0.0570
vn -0.6815 0.7126 -0.1664
vn -0.5459 0.7297 -0.4118
vn -0.5998 0.5672 0.5644
vn -0.7310 0.5909 0.3412
vn -0.3522 0.8358 -0.4211
vn -0.3389 -0.0602 0.9389
vn -0.7669 0.6395 -0.0536
vn -0.3791 0.1986 0.9038
vn -0.7011 0.4509 0.5524
vn -0.8052 0.5870 -0.0838
vn 0.9592 0.0849 0.2696
vn -0.3081 0.9310 -0.1955
vn -0.5437 0.7652 -0.3447
vn -0.5447 0.7651 -0.3435
vn -0.5443 0.7685 -0.3363
vn -0.2705 0.3515 0.8963
vn -0.6491 0.7304 -0.2126
vn -0.3842 0.9203 0.0733
vn -0.3336 0.8312 -0.4447
vn -0.5416 0.7917 -0.2827
vn -0.4699 0.8731 0.1298
vn -0.6072 0.7199 -0.3362
vn -0.6027 0.7206 -0.3427
vn -0.6077 0.7161 -0.3434
vn -0.6854 0.7019 -0.1938
vn -0.6860 0.7004 -0.1972
vn -0.6833 0.7056 -0.1879
vn -0.3926 0.8452 0.3627
vn -0.5622 0.7693 0.3035
vn -0.7820 0.5685 0.2556
vn -0.7701 0.6322 0.0855
vn -0.8052 0.5537 -0.2123
vn -0.6436 0.7292 0.2326
vn -0.7146 0.6985 0.0373
vn -0.7154 0.6979 0.0331
vn -0.7128 0.7002 0.0403
vn -0.1427 0.8601 0.4897
vn -0.3270 0.7264 0.6045
vn -0.3249 0.7229 0.6098
vn -0.3278 0.7262 0.6043
vn -0.5421 0.6758 0.4993
vn -0.4470 0.7709 0.4538
vn -0.5563 0.6430 0.5264
vn -0.4048 0.6563 0.6367
vn -0.4530 0.6358 0.6249
vn -0.6776 0.6219 0.3926
vn 0.4477 0.0451 0.8930
vn 0.7514 -0.1266 0.6476
vn 0.7557 -0.1328 0.6413
vn 0.7545 -0.1312 0.6430
vn 0.9199 -0.0805 0.3838
vn 0.8770 -0.1546 0.4549
vn 0.8097 -0.1155 0.5753
vn 0.8019 -0.0276 -0.5968
vn 0.6211 -0.3088 -0.7203
vn 0.9998 -0.0126 -0.0138
vn 0.8256 -0.2698 -0.4955
vn 0.7547 0.4437 0.4833
vn -0.0354 0.7175 0.6957
vn 0.2065 0.8808 0.4260
vn 0.1454 0.5244 0.8389
vn -0.1174 0.5447 0.8304
vn -0.2981 0.6269 0.7198
vn -0.1957 0.6475 0.7365
vn -0.1954 0.6458 0.7381
vn -0.1991 0.6488 0.7344
vn -0.3156 0.6464 0.6947
vn -0.2661 0.5876 0.7641
vn 0.3769 -0.3860 0.8420
vn -0.0486 0.4659 0.8835
vn -0.0585 0.4658 0.8830
vn -0.0504 0.4665 0.8831
vn 0.3832 -0.2321 0.8940
vn 0.5743 -0.3816 0.7243
vn 0.5429 -0.3298 0.7723
vn 0.5445 -0.3235 0.7739
vn 0.5423 -0.3312 0.7721
vn 0.9234 -0.1917 0.3326
vn 0.9653 -0.1533 0.2116
vn 0.9163 -0.3952 0.0657
vn 0.9032 -0.3837 0.1924
vn 0.7227 -0.4124 0.5546
vn 0.6322 -0.3262 0.7028
vn 0.0026 0.3179 0.9481
vn 0.4881 -0.2338 0.8409
vn 0.4855 -0.2378 0.8413
vn 0.4854 -0.2381 0.8412
vn 0.5406 -0.2426 0.8056
vn 0.0665 0.3138 0.9472
vn -0.3586 0.5917 0.7220
vn -0.2347 0.4965 0.8357
vn -0.7055 0.6692 0.2333
vn -0.5107 0.6339 0.5808
vn -0.6850 0.7237 -0.0838
vn -0.5550 0.7568 0.3454
vn -0.2652 0.7853 0.5595
vn -0.1772 0.6656 0.7250
vn -0.1762 0.7615 0.6238
vn -0.2253 0.7492 0.6228
vn 0.5779 0.3780 -0.7233
vn 0.8022 0.1611 -0.5749
vn 0.8980 0.3504 -0.2662
vn -0.3263 0.9238 0.2003
vn -0.5504 0.7797 0.2986
vn -0.5497 0.7797 0.2997
vn -0.5468 0.7857 0.2893
vn 0.8826 -0.4253 -0.2003
vn 0.2511 0.8429 -0.4759
vn -0.7743 0.6122 0.1599
vn -0.6905 0.6727 0.2659
vn -0.6894 0.6756 0.2613
vn -0.6891 0.6760 0.2610
vn -0.7253 0.6879 0.0286
vn -0.5592 0.8253 0.0786
vn -0.4414 0.8023 -0.4018
vn -0.3128 0.8530 -0.4177
vn -0.5069 0.8520 -0.1311
vn -0.6282 0.7715 -0.1010
vn 0.3286 -0.5346 -0.7786
vn 0.3318 -0.5305 -0.7800
vn 0.3284 -0.5350 -0.7784
vn 0.5904 -0.4266 -0.6851
vn -0.1001 0.2015 -0.9744
vn -0.1051 0.2042 -0.9733
vn -0.1043 0.2055 -0.9731
vn -0.0995 0.2107 -0.9725
vn -0.8625 0.4772 0.1682
vn 0.5408 0.0173 -0.8410
vn 0.2131 0.5501 -0.8074
vn -0.1745 0.6227 -0.7628
vn 0.3202 -0.0511 -0.9460
vn 0.6538 -0.4682 -0.5944
vn 0.4116 0.1674 -0.8959
vn -0.1785 0.3970 -0.9003
vn -0.5159 0.7068 -0.4840
vn -0.5174 0.7069 -0.4824
vn -0.5154 0.7067 -0.4846
vn -0.6319 0.7065 -0.3187
vn -0.6810 0.7257 -0.0981
vn -0.6938 0.7121 0.1076
vn -0.6972 0.6842 0.2142
vn -0.6990 0.6813 0.2176
vn -0.6979 0.6827 0.2162
vn -0.4953 0.8634 0.0956
vn 0.3380 -0.2195 -0.9152
vn -0.6465 0.7585 0.0815
vn -0.4732 0.7434 -0.4726
vn -0.6462 0.6363 0.4214
vn 0.2014 0.7082 -0.6766
vn -0.1345 0.7636 0.6315
vn -0.2050 0.8997 0.3853
vn -0.5649 0.4858 0.6670
vn -0.7203 0.5350 0.4415
vn -0.7206 0.5338 0.4425
vn -0.7206 0.5346 0.4415
vn -0.7767 -0.0331 0.6290
vn -0.7731 -0.0331 0.6334
vn -0.7715 -0.0438 0.6347
vn -0.5067 0.3278 0.7973
vn -0.8173 0.2957 0.4946
vn -0.8174 0.2956 0.4945
vn -0.8171 0.2956 0.4949
vn -0.6569 0.1653 0.7357
vn 0.6328 -0.4215 0.6496
vn -0.7684 0.3635 0.5267
vn -0.6180 0.3447 0.7065
vn -0.7708 0.4701 0.4299
vn -0.8314 0.5004 0.2417
vn -0.8308 0.5018 0.2407
vn -0.8366 0.4929 0.2389
vn -0.8437 0.4425 0.3038
vn -0.6932 0.2100 0.6894
vn -0.6952 0.2102 0.6874
vn -0.6955 0.2109 0.6869
vn -0.6549 0.3203 0.6845
vn -0.7348 0.5689 0.3694
vn -0.1152 0.9785 -0.1710
vn -0.0863 0.8710 -0.4836
vn -0.0228 0.9973 0.0700
vn -0.9083 0.4148 -0.0542
vn -0.8945 0.3881 0.2220
vn -0.7923 0.5929 0.1441
vn -0.8040 0.5772 -0.1429
vn -0.7979 0.4379 -0.4143
vn -0.7979 0.4378 -0.4143
vn -0.7978 0.4382 -0.4142
vn -0.8085 0.4605 -0.3664
vn 0.4533 0.7895 0.4137
vn 0.8680 0.4925 -0.0635
vn 0.6611 0.7332 0.1594
vn 0.9217 0.3838 -0.0557
vn -0.5019 0.8443 -0.1877
vn 0.0809 0.0466 -0.9956
vn 0.3664 -0.8142 -0.4504
vn -0.0113 -0.9429 0.3328
vn -0.0074 -0.9418 0.3362
vn -0.0065 -0.9415 0.3369
vn 0.1950 -0.5415 -0.8178
vn 0.0586 0.1501 -0.9869
vn 0.7881 0.5720 0.2277
vn 0.5656 0.8112 -0.1484
vn -0.0358 0.7110 -0.7023
vn -0.1595 0.8144 -0.5579
vn 0.8532 0.5122 0.0983
vn 0.8509 0.5167 0.0953
vn 0.8535 0.5117 0.0980
vn 0.2345 -0.5609 -0.7939
vn -0.5402 0.7545 -0.3727
vn -0.2023 0.5640 -0.8006
vn 0.2160 -0.8947 -0.3909
vn 0.2134 -0.7745 -0.5955
vn 0.2212 -0.7702 -0.5983
vn 0.2114 -0.7756 -0.5948
vn 0.1341 -0.7802 -0.6110
vn 0.1163 -0.9077 -0.4031
vn 0.6976 -0.6773 -0.2337
vn 0.7840 -0.5157 -0.3456
vn 0.5930 -0.6275 -0.5045
vn 0.5638 -0.7167 -0.4104
vn 0.3950 -0.6972 -0.5982
vn 0.3795 -0.8091 -0.4488
vn 0.2790 -0.8226 0.4954
vn -0.2492 0.9657 -0.0725
vn 0.8352 0.5215 -0.1746
vn 0.9698 0.0001 0.2441
vn -0.2121 0.8816 -0.4216
vn -0.4127 0.8518 0.3226
vn 0.4918 0.6777 -0.5466
vn -0.3138 0.8087 0.4976
vn 0.8895 0.3749 -0.2611
vn 0.8892 0.3795 -0.2555
vn -0.3953 0.9159 -0.0691
vn -0.0650 0.2952 -0.9532
vn -0.8015 0.3736 -0.4669
vn -0.8101 0.5129 -0.2839
vn -0.8101 0.5129 -0.2840
vn -0.8100 0.5132 -0.2838
vn -0.8634 0.4486 -0.2307
vn -0.9073 0.3210 -0.2715
vn 0.1904 0.2995 0.9349
vn -0.4093 -0.2214 -0.8851
vn -0.4471 -0.2211 -0.8667
vn -0.4433 -0.2535 -0.8598
vn -0.6802 -0.1861 -0.7090
vn -0.5245 -0.8462 0.0937
vn -0.4960 -0.8511 -0.1720
vn -0.6212 -0.4653 0.6305
vn -0.2994 0.9512 -0.0745
vn -0.7828 0.0880 -0.6160
vn -0.5889 0.3865 -0.7098
vn -0.5896 0.3866 -0.7092
vn -0.5851 0.3873 -0.7125
vn -0.3624 0.4781 -0.8000
vn -0.2041 0.2242 -0.9529
vn -0.2226 0.4876 -0.8442
vn -0.3447 -0.8461 0.4066
vn -0.0966 -0.0044 -0.9953
vn -0.2746 -0.8492 -0.4512
vn -0.1093 0.9481 -0.2985
vn -0.1120 0.9472 -0.3004
vn -0.1090 0.9482 -0.2984
vn 0.3195 0.7282 0.6064
vn -0.2170 0.9568 -0.1935
vn 0.2026 0.7398 -0.6416
vn 0.8862 0.4358 0.1576
vn 0.8508 0.5221 0.0586
vn 0.3722 0.4943 -0.7856
vn -0.6587 -0.5177 0.5460
vn 0.1408 0.3125 -0.9394
vn -0.9683 0.2480 0.0316
vn -0.9676 -0.2455 0.0587
vn 0.8451 0.3003 -0.4424
vn -0.6672 0.2028 0.7167
vn 0.4391 -0.4821 0.7581
vn 0.4704 0.3025 0.8290
vn -0.8005 0.5955 0.0675
vn -0.0420 0.9157 -0.3996
vn -0.9094 -0.1308 -0.3948
vn -0.9889 0.0403 0.1429
vn -0.9890 0.0397 0.1424
vn -0.9904 0.0382 0.1328
vn -0.5825 -0.6685 0.4624
vn -0.8807 0.4071 -0.2422
vn -0.7732 0.6338 -0.0221
vn -0.6914 0.7009 -0.1751
vn -0.7130 0.6472 0.2699
vn 0.2845 -0.9285 0.2387
vn 0.5248 -0.7850 0.3292
vn 0.0191 -0.8532 0.5213
vn 0.1640 -0.9388 0.3030
vn 0.6446 -0.7599 0.0835
vn 0.4338 -0.8585 0.2734
vn -0.0619 -0.8691 -0.4908
vn -0.0015 -0.4330 0.9014
vn 0.1797 -0.6041 0.7764
vn 0.4229 -0.5845 0.6925
vn 0.4295 -0.5776 0.6942
vn 0.4309 -0.5763 0.6944
vn 0.2800 -0.4835 0.8293
vn 0.0100 0.9963 0.0848
vn -0.9967 0.0368 0.0723
vn -0.9973 0.0308 0.0668
vn -0.9966 0.0384 0.0735
vn -0.9922 0.1209 0.0306
vn -0.2357 -0.5720 0.7857
vn -0.3263 -0.6190 0.7144
vn -0.3273 -0.6180 0.7148
vn -0.3205 -0.6225 0.7140
vn 0.1853 -0.5218 0.8327
vn -0.0117 -0.8130 0.5821
vn -0.3967 -0.5315 0.7484
vn -0.3801 -0.5847 0.7167
vn -0.4551 -0.4822 0.7485
vn -0.4791 -0.3973 0.7827
vn -0.3200 -0.4727 0.8211
vn 0.3235 -0.8481 0.4196
vn -0.0701 -0.8829 0.4643
vn -0.1240 -0.9083 0.3994
vn 0.3212 -0.8097 0.4911
vn 0.7321 -0.3987 -0.5524
vn 0.6984 -0.6795 0.2250
vn 0.7531 -0.6003 0.2693
vn 0.7907 -0.5637 0.2387
vn 0.7740 -0.6127 0.1596
vn 0.9012 0.0794 -0.4261
vn -0.8519 0.5222 -0.0399
vn 0.5211 0.6131 -0.5938
vn 0.3625 0.5224 -0.7718
vn 0.3632 0.5222 -0.7716
vn 0.3706 0.5130 -0.7743
vn -0.8657 -0.4985 0.0450
vn 0.6052 0.7121 -0.3558
vn 0.6052 0.7118 -0.3565
vn -0.8315 0.4677 -0.2997
vn -0.8310 0.4688 -0.2994
vn -0.8311 0.4685 -0.2995
vn 0.2188 0.7759 0.5917
vn -0.9350 0.2834 -0.2131
vn 0.4966 0.7673 -0.4059
vn -0.9810 -0.1500 0.1232
vn -0.1535 -0.7517 0.6413
vn 0.4581 0.7512 0.4753
vn 0.4580 0.7503 0.4767
vn 0.4583 0.7496 0.4775
vn 0.7849 0.5799 0.2181
vn -0.9445 0.2139 0.2494
vn -0.8196 0.5730 -0.0003
vn -0.8767 0.4500 -0.1701
vn -0.2205 0.6655 -0.7130
vn 0.6569 -0.6363 0.4045
vn 0.8888 -0.0160 -0.4579
vn -0.8370 -0.5387 0.0967
vn 0.8704 0.4546 0.1890
vn 0.7983 -0.4296 0.4221
vn -0.2984 -0.7403 0.6024
vn 0.8213 0.1941 -0.5365
vn -0.2423 -0.6605 -0.7107
vn -0.8368 -0.2818 0.4694
vn 0.7198 -0.5606 0.4095
vn 0.7340 -0.5258 0.4299
vn 0.7349 -0.5271 0.4266
vn 0.7340 -0.5254 0.4303
vn 0.7749 -0.5414 0.3262
vn 0.7771 -0.5019 0.3798
vn 0.7737 -0.5079 0.3788
vn 0.7708 -0.5134 0.3772
vn 0.6867 -0.6466 -0.3322
vn 0.6868 -0.6469 -0.3314
vn 0.6883 -0.6436 -0.3347
vn 0.4818 -0.8150 -0.3219
vn -0.9670 -0.0108 -0.2544
vn -0.6961 0.6768 -0.2395
vn -0.9720 -0.1946 0.1319
vn -0.9718 -0.1955 0.1318
vn -0.9743 -0.1845 0.1291
vn -0.9765 -0.2151 0.0134
vn -0.7106 -0.2461 0.6592
vn -0.7737 -0.5465 0.3205
vn -0.8004 -0.1948 0.5669
vn -0.6995 -0.6057 0.3792
vn -0.6346 0.7255 0.2663
vn -0.8232 0.5542 -0.1235
vn -0.3124 -0.9346 0.1704
vn -0.9821 -0.1062 0.1559
vn -0.9479 -0.1669 0.2712
vn -0.9918 -0.1180 0.0496
vn 0.5371 0.0933 0.8384
vn 0.9264 0.2135 -0.3102
vn 0.4556 -0.8901 0.0162
vn 0.6659 -0.6074 -0.4331
vn 0.3047 -0.9465 0.1065
vn 0.3045 -0.9466 0.1058
vn 0.3047 -0.9464 0.1071
vn 0.3121 -0.9500 -0.0088
vn 0.3211 -0.9470 -0.0062
vn 0.3200 -0.9474 -0.0070
vn 0.3110 -0.9504 -0.0075
vn 0.3095 -0.9450 0.1062
vn -0.9126 0.4007 -0.0807
vn 0.4138 0.8171 -0.4014
vn 0.3449 0.8606 -0.3747
vn 0.3442 0.8615 -0.3732
vn 0.9343 0.2929 0.2034
vn 0.0228 -0.9016 -0.4320
vn 0.3498 0.8901 -0.2921
vn 0.6030 -0.2726 -0.7497
vn 0.0466 -0.8624 -0.5041
vn -0.8754 0.4834 0.0088
vn 0.8023 -0.4970 -0.3306
vn 0.7996 -0.5325 -0.2778
vn 0.7980 -0.5320 -0.2830
vn 0.7996 -0.5327 -0.2773
vn 0.6174 -0.6976 -0.3634
vn 0.6405 -0.5052 -0.5784
vn 0.6408 -0.5050 -0.5783
vn 0.6407 -0.5048 -0.5785
vn 0.4790 -0.7914 -0.3797
vn 0.6899 -0.6444 -0.3299
vn 0.6079 -0.7861 -0.1117
vn 0.6387 -0.7651 -0.0819
vn 0.6365 -0.7671 -0.0804
vn 0.6360 -0.7675 -0.0806
vn 0.6516 -0.7167 -0.2487
vn 0.6840 -0.6386 -0.3525
vn 0.6841 -0.6383 -0.3529
vn 0.6838 -0.6394 -0.3516
vn 0.2513 -0.4304 0.8670
vn 0.5742 -0.7995 0.1762
vn 0.1991 -0.7560 -0.6235
vn 0.0538 -0.8218 -0.5672
vn -0.6250 -0.6595 -0.4177
vn -0.1837 -0.8390 -0.5121
vn -0.9802 -0.0267 -0.1962
vn -0.9672 -0.2077 0.1465
vn -0.8460 -0.4048 0.3469
vn -0.9496 -0.2762 -0.1483
vn -0.9496 -0.2725 -0.1551
vn -0.9493 -0.2731 -0.1557
vn -0.8866 -0.3355 -0.3185
vn -0.8841 -0.4230 -0.1985
vn -0.9077 -0.4161 -0.0538
vn 0.9786 0.1764 -0.1065
vn -0.1989 -0.9633 -0.1801
vn -0.8295 -0.1900 0.5252
vn 0.7546 -0.6417 -0.1369
vn -0.9602 -0.1236 -0.2506
vn -0.9603 -0.1235 -0.2503
vn -0.9603 -0.1236 -0.2503
vn -0.7602 -0.4162 -0.4990
vn -0.9700 -0.1345 -0.2025
vn -0.9944 -0.1049 -0.0159
vn -0.9946 -0.1016 -0.0194
vn 0.4738 -0.7090 -0.5223
vn 0.4877 -0.1584 -0.8585
vn 0.7117 0.0776 -0.6981
vn 0.5142 -0.2464 -0.8215
vn 0.5321 -0.2015 -0.8224
vn 0.3043 -0.8349 0.4586
vn -0.4686 -0.4983 0.7295
vn 0.5395 -0.6911 0.4809
vn -0.8724 0.4850 -0.0604
vn -0.8886 0.2972 -0.3493
vn -0.8074 0.4917 -0.3261
vn -0.8446 0.2857 -0.4528
vn -0.8446 0.2839 -0.4539
vn -0.8453 0.2825 -0.4535
vn -0.8502 0.2791 -0.4464
vn -0.8507 0.2786 -0.4457
vn -0.9790 -0.0700 -0.1916
vn -0.9704 0.0555 -0.2351
vn -0.9691 0.0584 -0.2397
vn -0.9690 0.0583 -0.2402
vn -0.8904 -0.0393 -0.4534
vn -0.8904 -0.0392 -0.4536
vn -0.8907 -0.0399 -0.4529
vn -0.8817 -0.1281 -0.4540
vn -0.7645 -0.1029 -0.6364
vn -0.7816 -0.0528 -0.6215
vn -0.7699 -0.1664 -0.6161
vn -0.8227 -0.1743 -0.5411
vn -0.7030 -0.0350 -0.7103
vn -0.6913 0.1467 -0.7075
vn -0.7390 -0.0380 -0.6727
vn -0.7402 -0.0372 -0.6714
vn -0.7447 -0.0344 -0.6665
vn -0.7457 -0.0338 -0.6654
vn -0.8918 0.1867 -0.4122
vn -0.9282 0.2412 -0.2833
vn -0.9025 0.3009 -0.3080
vn -0.9944 0.1054 0.0098
vn -0.9335 0.3508 0.0747
vn -0.9334 0.3522 0.0682
vn -0.9337 0.3515 0.0676
vn -0.6223 -0.4301 0.6540
vn -0.7254 0.6686 0.1639
vn 0.9455 0.2232 0.2373
vn -0.9954 0.0947 0.0112
vn -0.9658 0.1989 -0.1664
vn -0.9887 -0.0503 -0.1411
vn -0.9885 -0.0486 -0.1430
vn -0.9885 -0.0481 -0.1431
vn -0.9981 0.0210 0.0572
vn -0.9905 0.1254 0.0564
vn -0.9508 0.3097 -0.0091
vn -0.9610 0.2744 0.0346
vn -0.9610 0.2743 0.0353
vn -0.9629 0.2675 0.0371
vn -0.9637 0.2440 0.1081
vn -0.8154 -0.5607 -0.1443
vn -0.6073 -0.7829 -0.1351
vn -0.6991 -0.7150 0.0078
vn -0.8689 -0.4948 -0.0152
vn 0.1234 0.1661 0.9784
vn -0.3845 -0.9150 -0.1224
vn -0.0641 0.9323 -0.3561
vn -0.0656 0.9321 -0.3561
vn -0.3104 -0.1397 -0.9403
vn -0.3106 -0.1409 -0.9400
vn -0.3112 -0.1452 -0.9392
vn 0.2213 0.3407 -0.9137
vn 0.6044 0.6789 -0.4169
vn -0.3416 0.8353 -0.4308
vn -0.2222 -0.1765 -0.9589
vn -0.7968 0.5517 -0.2465
vn -0.7967 0.5522 -0.2459
vn -0.7978 0.5485 -0.2504
vn -0.0638 0.1353 -0.9887
vn -0.4523 -0.2747 -0.8485
vn -0.4566 -0.2694 -0.8479
vn -0.4523 -0.2749 -0.8484
vn -0.4232 -0.8093 -0.4074
vn -0.7386 0.5262 -0.4213
vn -0.3382 0.7734 -0.5362
vn -0.5796 -0.6374 -0.5078
vn -0.7181 0.0973 -0.6891
vn -0.7771 -0.2670 -0.5699
vn -0.7783 -0.3519 -0.5200
vn -0.8219 -0.3440 -0.4540
vn -0.8173 -0.2556 -0.5165
vn -0.6124 -0.6622 -0.4318
vn -0.4988 -0.7334 -0.4619
vn -0.5717 -0.7626 -0.3025
vn -0.7277 -0.6002 -0.3320
vn -0.6229 0.2782 -0.7312
vn -0.6317 -0.6288 -0.4534
vn -0.6318 -0.6296 -0.4521
vn -0.6311 -0.6254 -0.4588
vn -0.9896 -0.1240 -0.0727
vn 0.5178 0.8001 -0.3029
vn -0.3787 0.5558 -0.7400
vn 0.9103 0.3752 0.1750
vn 0.9106 0.3748 0.1745
vn 0.9118 0.3728 0.1723
vn 0.0955 0.4441 -0.8909
vn -0.4143 0.6133 -0.6725
vn -0.4145 0.6137 -0.6719
vn -0.4145 0.6110 -0.6745
vn 0.6516 0.7375 -0.1773
vn -0.1055 0.7205 0.6854
vn -0.1162 0.7170 0.6873
vn -0.1152 0.7162 0.6883
vn -0.4572 -0.7576 0.4659
vn -0.7412 -0.6484 0.1738
vn -0.7272 -0.6494 0.2224
vn -0.7273 -0.6492 0.2225
vn -0.7217 -0.6530 0.2298
vn -0.8605 -0.4733 0.1885
vn -0.8608 -0.4733 0.1873
vn -0.8626 -0.4732 0.1788
vn -0.8544 -0.5007 0.1386
vn -0.7575 -0.0631 -0.6498
vn -0.5320 -0.0235 -0.8464
vn 0.7478 0.6639 0.0010
vn -0.0234 0.4656 0.8847
vn -0.9505 0.3031 0.0690
vn -0.7463 0.6017 0.2844
vn -0.8482 0.4737 0.2369
vn -0.9831 0.1713 -0.0651
vn -0.5756 0.7873 0.2210
vn -0.7356 0.6391 0.2246
vn -0.7977 0.5936 0.1065
vn -0.6693 0.7334 -0.1189
vn 0.6178 -0.7749 -0.1339
vn 0.6178 -0.7750 -0.1331
vn 0.6197 -0.7747 -0.1257
vn -0.4415 -0.6774 -0.5884
vn -0.4357 -0.6852 -0.5837
vn -0.4422 -0.6765 -0.5889
vn -0.8267 0.3466 -0.4432
vn -0.7954 0.3927 -0.4616
vn -0.8213 0.5312 -0.2079
vn -0.8856 0.3802 -0.2667
vn -0.8730 0.4311 -0.2280
vn -0.9255 0.3171 -0.2072
vn -0.8992 -0.2337 -0.3699
vn -0.8066 -0.1947 0.5581
vn -0.9231 -0.0604 0.3797
vn -0.7394 0.5272 -0.4188
vn -0.8519 0.1059 -0.5129
vn -0.7207 0.6064 -0.3359
vn -0.6776 0.6641 -0.3160
vn -0.7510 0.5956 -0.2850
vn -0.8042 -0.1979 -0.5604
vn -0.6834 0.0148 -0.7299
vn -0.7965 0.2760 -0.5380
vn -0.9561 0.0506 -0.2886
vn -0.7803 0.1332 -0.6111
vn -0.8843 0.0465 -0.4647
vn -0.6882 0.4113 -0.5977
vn -0.8840 0.1383 -0.4466
vn -0.8838 0.1387 -0.4469
vn -0.8839 0.1390 -0.4465
vn -0.7037 0.4554 -0.5453
vn -0.7709 0.0100 -0.6369
vn -0.8689 0.4104 -0.2767
vn -0.8408 0.4503 -0.3005
vn -0.7593 0.4221 -0.4953
vn -0.8089 0.4311 -0.3997
vn -0.4185 -0.7722 -0.4780
vn -0.7729 0.5718 -0.2751
vn -0.6076 0.7210 -0.3331
vn -0.6350 0.5473 -0.5453
vn -0.4262 0.8563 -0.2918
vn -0.5495 0.7863 -0.2825
vn -0.5495 0.7867 -0.2814
vn -0.5529 0.7819 -0.2882
vn -0.4205 0.8302 -0.3660
vn -0.5198 0.7611 -0.3880
vn -0.5013 0.7788 -0.3771
vn -0.4279 0.8141 -0.3926
vn -0.4318 0.8143 -0.3878
vn -0.4265 0.8138 -0.3948
vn -0.4999 0.8528 -0.1513
vn -0.7200 0.6909 -0.0659
vn -0.6265 0.7794 0.0004
vn -0.6265 0.7795 0.0016
vn -0.5636 0.8224 -0.0780
vn -0.4901 0.8270 -0.2755
vn -0.5656 0.8136 -0.1348
vn -0.4103 0.8230 -0.3928
vn -0.4061 0.8282 -0.3861
vn -0.4074 0.8257 -0.3902
vn -0.3267 0.8796 -0.3459
vn -0.3212 0.9001 -0.2944
vn -0.3221 0.8998 -0.2944
vn -0.3282 0.8979 -0.2932
vn -0.3758 0.8701 -0.3188
vn -0.5267 0.8343 -0.1629
vn -0.5214 0.8373 -0.1643
vn -0.5212 0.8376 -0.1638
vn -0.4690 0.8505 -0.2380
vn -0.5286 0.8331 -0.1630
vn -0.5215 0.8375 -0.1631
vn -0.1152 0.8806 -0.4596
vn -0.1922 0.5113 0.8377
vn 0.7880 0.4822 0.3828
vn 0.7865 0.4807 0.3878
vn 0.7887 0.4826 0.3808
vn -0.5396 0.7625 -0.3569
vn -0.4499 0.8155 -0.3642
vn -0.3731 0.8332 -0.4082
vn -0.3989 -0.8848 0.2407
vn -0.3974 -0.8848 0.2432
vn -0.3989 -0.8849 0.2405
vn -0.3818 -0.8591 0.3410
vn -0.3087 0.8459 -0.4349
vn -0.3102 0.8465 -0.4327
vn -0.3084 0.8460 -0.4350
vn -0.2586 0.9587 -0.1186
vn -0.2613 0.9573 -0.1239
vn -0.2624 0.9567 -0.1262
vn -0.3068 0.9430 -0.1292
vn -0.2952 0.8592 -0.4179
vn -0.3620 0.8295 -0.4254
vn -0.3543 0.8365 -0.4179
vn -0.3573 0.8288 -0.4305
vn -0.8683 0.4749 0.1432
vn -0.7424 0.6611 0.1086
vn -0.5545 0.7061 -0.4404
vn -0.5655 0.7765 -0.2779
vn -0.5644 0.7775 -0.2774
vn -0.5582 0.7827 -0.2753
vn -0.6051 0.7454 -0.2799
vn -0.6107 0.7402 -0.2813
vn -0.6132 0.7379 -0.2820
vn -0.5914 0.7039 -0.3933
vn -0.4726 0.8570 -0.2054
vn -0.4288 0.7440 -0.5124
vn -0.4313 0.7453 -0.5085
vn -0.4266 0.7444 -0.5137
vn -0.4213 0.7501 -0.5098
vn -0.5363 0.8089 -0.2408
vn -0.5916 0.7673 -0.2476
vn -0.4884 0.7199 -0.4932
vn -0.2816 0.9251 -0.2548
vn -0.3332 0.8557 -0.3959
vn -0.3309 0.8582 -0.3925
vn -0.3297 0.8593 -0.3910
vn -0.3754 0.8450 -0.3807
vn -0.3752 0.8453 -0.3803
vn -0.3744 0.8466 -0.3782
vn -0.3742 0.8470 -0.3777
vn -0.9333 -0.2946 0.2053
vn -0.8754 -0.4257 0.2289
vn 0.0170 0.6805 -0.7326
vn -0.8101 0.5612 0.1696
vn -0.8094 0.5616 0.1718
vn -0.8086 0.5623 0.1733
vn -0.6869 0.6849 -0.2431
vn 0.8931 -0.2221 -0.3911
vn 0.7833 -0.6061 -0.1382
vn -0.7512 0.6401 0.1610
vn 0.4550 0.5253 0.7190
vn 0.6363 -0.0549 -0.7695
vn -0.7304 0.4036 -0.5510
vn -0.7302 0.4031 -0.5517
vn -0.7313 0.4064 -0.5478
vn -0.9207 0.2330 -0.3131
vn -0.7589 0.4317 -0.4876
vn -0.7599 0.4319 -0.4858
vn -0.8562 0.3626 -0.3681
vn -0.8533 0.3724 -0.3650
vn -0.8529 0.3738 -0.3646
vn -0.8603 0.4103 -0.3026
vn -0.7773 0.4069 -0.4799
vn -0.7774 0.4079 -0.4788
vn -0.7765 0.4013 -0.4859
vn 0.1578 0.9496 -0.2707
vn 0.6198 0.6988 -0.3570
vn -0.4015 0.8490 -0.3435
vn -0.6531 -0.5411 -0.5298
vn -0.1419 0.6953 -0.7046
vn -0.1218 0.8255 -0.5511
vn -0.1218 0.8255 -0.5512
vn -0.1211 0.8260 -0.5506
vn -0.5359 0.5505 0.6401
vn -0.6315 0.6018 0.4889
vn -0.4354 0.5717 0.6955
vn -0.3770 0.4896 0.7862
vn -0.3728 0.4916 0.7870
vn -0.3781 0.4889 0.7861
vn 0.6397 -0.3821 -0.6669
vn -0.8393 0.1978 -0.5064
vn -0.8401 0.1976 -0.5052
vn -0.8410 0.2002 -0.5026
vn -0.2724 0.8406 -0.4681
vn -0.4892 0.7568 -0.4336
vn -0.7051 0.6330 -0.3195
vn -0.6316 0.6216 -0.4633
vn -0.6314 0.6220 -0.4631
vn -0.6312 0.6217 -0.4638
vn -0.6504 0.5941 -0.4733
vn -0.8608 0.4255 -0.2793
vn -0.6416 0.5514 0.5331
vn -0.7842 0.6071 0.1282
vn -0.8882 0.4593 0.0097
vn -0.7566 0.4607 0.4639
vn -0.6642 0.7445 0.0683
vn -0.8357 0.4763 -0.2734
vn -0.8360 0.4764 -0.2724
vn -0.8354 0.4755 -0.2758
vn -0.2149 0.0060 -0.9766
vn -0.3481 0.9301 0.1172
vn -0.4370 0.7548 -0.4892
vn -0.4377 0.7551 -0.4881
vn -0.4337 0.7505 -0.4987
vn -0.3995 -0.4984 -0.7694
vn -0.4183 -0.4829 -0.7693
vn 0.7620 0.5820 -0.2841
vn -0.2002 0.9662 -0.1626
vn -0.1871 0.9003 -0.3930
vn -0.5797 0.6879 -0.4367
vn -0.5026 0.7456 -0.4376
vn -0.2842 0.5466 0.7877
vn -0.3079 0.4304 0.8485
vn -0.7636 -0.1509 -0.6279
vn -0.6518 0.6387 -0.4090
vn -0.6500 0.6428 -0.4054
vn -0.6499 0.6433 -0.4048
vn -0.3865 0.8774 0.2842
vn -0.9008 0.4120 -0.1373
vn -0.7969 0.5129 -0.3193
vn -0.7956 0.5149 -0.3193
vn -0.7955 0.5151 -0.3192
vn -0.8047 0.4801 -0.3491
vn -0.8943 0.3862 -0.2260
vn -0.8943 0.3862 -0.2259
vn -0.8888 0.3968 -0.2292
vn -0.8872 0.3240 -0.3285
vn -0.8257 0.4399 -0.3531
vn -0.7253 0.5048 -0.4681
vn -0.7268 0.5017 -0.4691
vn -0.7283 0.4984 -0.4703
vn -0.7356 0.5391 -0.4102
vn -0.9464 0.2121 -0.2435
vn -0.8484 0.4934 0.1917
vn -0.9202 0.3907 0.0252
vn -0.9264 0.2058 -0.3154
vn -0.9265 0.2044 -0.3158
vn -0.9256 0.2156 -0.3112
vn -0.9229 0.3841 0.0260
vn -0.9191 0.3809 -0.1010
vn -0.8837 0.4642 -0.0605
vn -0.9385 0.3442 -0.0283
vn 0.9768 0.2072 -0.0540
vn -0.9661 0.1663 -0.1972
vn -0.9636 0.1702 -0.2064
vn -0.9632 0.1708 -0.2077
vn -0.9793 0.1674 -0.1137
vn -0.9687 0.1482 -0.1993
vn -0.9689 0.1472 -0.1991
vn -0.9695 0.1433 -0.1991
vn -0.9463 0.2625 -0.1886
vn 0.6972 0.7160 0.0357
vn 0.1376 0.4796 0.8666
vn 0.1370 0.4803 0.8663
vn 0.1345 0.4831 0.8652
vn 0.7071 0.4880 -0.5117
vn 0.5178 -0.4372 0.7353
vn 0.6252 0.7727 -0.1099
vn -0.7516 0.5451 -0.3714
vn -0.6637 0.6421 -0.3837
vn -0.4271 -0.2947 -0.8549
vn -0.4381 0.7937 -0.4219
vn 0.1484 -0.8471 -0.5103
vn 0.3856 -0.9124 0.1371
vn 0.3859 -0.9124 0.1362
vn 0.3857 -0.9124 0.1370
vn -0.4349 0.0960 -0.8954
vn -0.4354 0.0955 -0.8951
vn -0.4307 0.0974 -0.8972
vn -0.4806 0.2526 -0.8398
vn -0.3721 0.4399 -0.8173
vn -0.3591 0.1739 -0.9169
vn -0.6112 0.6816 -0.4023
vn -0.6448 0.6864 -0.3363
vn -0.5601 0.6792 -0.4744
vn -0.4566 0.7491 -0.4799
vn -0.6536 0.4392 -0.6163
vn -0.6536 0.4388 -0.6166
vn -0.6527 0.4368 -0.6191
vn -0.6366 0.4840 -0.6004
vn -0.5196 0.5778 -0.6293
vn -0.5225 0.4907 -0.6973
vn -0.7498 0.5359 -0.3881
vn -0.6029 -0.3534 -0.7153
vn -0.6665 0.6305 -0.3979
vn -0.6673 0.6314 -0.3951
vn -0.5680 0.7593 -0.3176
vn -0.5680 0.7594 -0.3173
vn -0.5675 0.7597 -0.3175
vn -0.4984 0.8259 -0.2635
vn -0.5468 0.7316 -0.4071
vn -0.9536 0.0599 -0.2952
vn -0.7732 0.5992 -0.2076
vn 0.3233 0.6195 0.7154
vn 0.4925 0.7911 0.3628
vn -0.6517 0.6680 -0.3593
vn -0.6516 0.6680 -0.3593
vn -0.2302 0.8716 0.4328
vn -0.5000 -0.8660 -0.0079
vn 0.5490 0.4946 0.6738
vn 0.3516 -0.8379 0.4174
vn -0.6670 0.0898 -0.7396
vn -0.9689 0.1571 0.1910
vn -0.9686 0.1612 0.1890
vn -0.9686 0.1620 0.1888
vn -0.6921 -0.6959 0.1917
vn -0.3700 0.8538 -0.3662
vn -0.6840 -0.6934 0.2265
vn -0.6709 -0.6892 0.2735
vn -0.6667 -0.6964 0.2656
vn -0.6668 -0.6964 0.2651
vn -0.6398 -0.6641 0.3867
vn -0.6953 -0.5722 0.4349
vn -0.7114 0.4025 -0.5761
vn -0.7114 0.4030 -0.5757
vn -0.7112 0.4037 -0.5755
vn -0.4899 -0.7303 0.4761
vn 0.1737 -0.8777 -0.4466
vn -0.2246 0.9186 -0.3251
vn 0.0414 0.9309 -0.3629
vn 0.7504 -0.2773 0.6000
vn -0.0624 -0.9221 0.3820
vn 0.3970 0.8555 0.3325
vn -0.1814 -0.9169 0.3555
vn -0.1848 -0.9152 0.3582
vn -0.1814 -0.9171 0.3551
vn -0.9077 -0.2919 0.3015
vn -0.9726 0.1959 0.1255
vn -0.0799 0.9214 -0.3804
vn -0.1926 -0.9300 0.3130
vn -0.4064 0.9121 -0.0548
vn 0.0789 -0.5520 0.8301
vn 0.9966 0.0353 0.0742
vn -0.2414 -0.4908 0.8372
vn 0.1561 0.5196 -0.8400
vn 0.1588 0.5192 -0.8398
vn 0.1593 0.5192 -0.8396
vn 0.2387 -0.1408 0.9608
vn 0.4820 -0.3598 0.7989
vn 0.1277 0.4922 0.8610
vn -0.0540 -0.2209 0.9738
vn 0.2741 -0.0422 -0.9608
vn -0.8240 0.5665 -0.0048
vn -0.6223 -0.4488 0.6414
vn -0.9611 -0.2722 0.0466
vn -0.6449 0.4623 -0.6086
vn -0.2801 0.9460 -0.1632
vn 0.6886 -0.4750 0.5479
vn -0.2378 -0.1823 0.9540
vn 0.3318 0.4524 -0.8278
vn 0.1282 0.5661 -0.8143
vn -0.4111 -0.8952 0.1721
vn -0.5010 -0.7837 -0.3672
vn -0.8614 0.5077 0.0170
vn -0.9664 0.0766 0.2453
vn -0.9682 0.0799 0.2372
vn -0.9685 0.0807 0.2357
vn -0.9896 0.0465 0.1364
vn -0.5088 -0.7862 0.3506
vn -0.9872 -0.1166 0.1092
vn -0.9630 0.2670 0.0366
vn -0.5860 -0.5318 -0.6114
vn -0.9776 0.0815 0.1940
vn -0.5613 0.5980 0.5721
vn -0.9340 -0.2124 -0.2872
vn 0.3239 -0.7223 -0.6110
vn 0.2897 0.9471 -0.1380
vn -0.4362 -0.8995 -0.0234
vn -0.7577 0.4291 -0.4916
vn 0.4600 0.7814 -0.4218
vn -0.9156 -0.3766 0.1411
vn 0.6731 0.7342 0.0889
vn 0.4338 0.9010 -0.0051
vn 0.5148 -0.0036 0.8573
vn -0.7608 -0.6382 0.1176
vn 0.3612 -0.9186 -0.1606
vn 0.8423 0.4536 -0.2913
vn 0.7618 0.3354 -0.5542
vn -0.7400 -0.6642 -0.1060
vn 0.3469 0.9307 -0.1159
vn -0.0738 -0.2020 0.9766
vn -0.9791 0.2034 -0.0076
vn 0.4568 0.0425 -0.8885
vn 0.1014 -0.9753 -0.1964
vn 0.4784 0.7259 -0.4941
vn 0.1985 0.9276 -0.3164
vn 0.4687 -0.5456 -0.6947
vn 0.7462 0.6644 -0.0416
vn 0.4385 0.8974 0.0486
vn 0.4047 0.9057 0.1261
vn 0.1281 -0.9085 -0.3979
vn 0.1165 0.8654 -0.4873
vn 0.7428 -0.3390 -0.5773
vn -0.0758 0.5973 -0.7984
vn 0.7065 0.0938 -0.7015
vn 0.5772 0.6919 -0.4337
vn 0.1913 -0.0922 -0.9772
vn 0.6101 0.7121 -0.3474
vn 0.0753 0.6243 -0.7775
vn 0.0668 0.8439 -0.5324
vn -0.0462 0.5908 -0.8055
vn -0.0360 0.7673 -0.6403
vn 0.3590 -0.6698 -0.6500
vn 0.1060 -0.9356 -0.3368
vn 0.2563 -0.7020 -0.6645
vn 0.3541 -0.4962 -0.7927
vn 0.1380 -0.9299 -0.3408
vn 0.1860 -0.7719 -0.6080
vn 0.5214 0.8524 0.0393
vn 0.4011 -0.5562 -0.7279
vn 0.2727 -0.7151 -0.6436
vn 0.2707 -0.7151 -0.6445
vn 0.2731 -0.7151 -0.6435
vn -0.0914 0.7710 -0.6302
vn 0.1146 -0.9342 -0.3378
vn 0.1147 -0.9345 -0.3371
vn -0.2431 0.9135 -0.3262
vn 0.2690 -0.9623 -0.0412
vn 0.4690 -0.8305 -0.3006
vn 0.1330 -0.9029 -0.4087
vn -0.2514 0.8173 -0.5184
vn 0.1204 0.9441 0.3069
vn -0.0189 -0.9792 -0.2018
vn 0.5266 0.3736 -0.7636
vn 0.2870 0.0762 -0.9549
vn 0.7774 0.3466 -0.5249
vn 0.5551 0.8307 0.0429
vn 0.4547 0.8836 0.1115
vn 0.2240 -0.8218 -0.5238
vn 0.2239 -0.8217 -0.5240
vn 0.2262 -0.8233 -0.5205
vn 0.3439 0.9334 0.1027
vn 0.1699 -0.9454 -0.2781
vn -0.0687 -0.7541 -0.6531
vn 0.0911 0.9276 0.3623
vn -0.0871 0.7819 -0.6173
vn 0.0695 0.9735 0.2178
vn 0.1422 -0.8625 -0.4856
vn 0.1443 -0.8645 -0.4815
vn 0.1429 -0.8635 -0.4837
vn 0.0377 0.5509 -0.8337
vn 0.0596 0.6995 -0.7122
vn -0.1535 0.7455 -0.6486
vn 0.2798 -0.8580 -0.4308
vn 0.0840 0.0546 -0.9950
vn -0.1956 0.9336 -0.3003
vn 0.6089 0.6957 -0.3811
vn -0.1148 0.6925 -0.7122
vn 0.9106 0.3929 -0.1280
vn 0.9759 -0.2177 -0.0169
vn 0.3113 -0.9176 -0.2470
vn 0.4557 0.8859 -0.0862
vn 0.9933 0.1090 0.0379
vn 0.9722 0.0258 0.2327
vn -0.2509 -0.7534 -0.6078
vn -0.5503 -0.3720 -0.7475
vn 0.3343 -0.9380 0.0917
vn 0.4921 -0.8664 0.0853
vn 0.6940 -0.7190 -0.0378
vn 0.8312 -0.5300 -0.1683
vn 0.9486 -0.2029 -0.2428
vn 0.9978 -0.0178 -0.0643
vn 0.9229 0.3817 -0.0505
vn 0.9230 0.3816 -0.0502
vn 0.9229 0.3818 -0.0504
vn 0.7608 -0.5413 0.3580
vn 0.7620 -0.5437 0.3518
vn 0.7606 -0.5410 0.3588
vn 0.5299 0.8453 0.0685
vn 0.5289 0.8456 0.0724
vn 0.5301 0.8452 0.0679
vn 0.7142 0.6286 -0.3079
vn 0.2006 0.9474 -0.2492
vn 0.9254 0.2549 0.2805
vn 0.9712 0.1887 0.1458
vn 0.6833 0.4417 0.5814
vn 0.1107 0.4579 0.8821
vn 0.7434 0.6436 0.1822
vn 0.3660 -0.0085 0.9306
vn 0.6296 0.3237 0.7063
vn 0.7393 0.2284 0.6335
vn 0.7329 0.2001 0.6503
vn 0.7327 0.1998 0.6505
vn 0.7328 0.2003 0.6503
vn 0.9322 0.0907 0.3504
vn 0.9560 0.1775 0.2336
vn 0.2920 0.9196 -0.2629
vn 0.8125 0.0722 0.5785
vn 0.6896 0.3260 0.6467
vn 0.7316 0.6725 0.1114
vn 0.8377 0.5130 0.1874
vn 0.8176 0.5725 -0.0611
vn 0.8131 0.4464 0.3737
vn 0.6934 0.5574 0.4566
vn 0.7570 0.6451 -0.1038
vn 0.6570 0.7052 0.2666
vn 0.5840 0.7523 0.3049
vn 0.5873 0.7536 0.2951
vn 0.5874 0.7539 0.2943
vn 0.3280 0.2651 0.9067
vn 0.4350 0.4063 0.8035
vn 0.4346 0.4057 0.8040
vn 0.4329 0.4019 0.8069
vn 0.7397 0.2608 0.6204
vn 0.7791 0.1052 0.6180
vn 0.7388 0.2758 0.6149
vn 0.7367 0.2736 0.6184
vn 0.7394 0.2750 0.6146
vn 0.8586 -0.1851 0.4780
vn 0.9330 0.0203 0.3592
vn 0.8594 0.4495 0.2436
vn 0.7473 0.4382 0.4995
vn 0.7457 0.3737 0.5516
vn 0.6419 0.1657 0.7487
vn -0.0062 0.9691 0.2466
vn 0.3536 0.3780 0.8556
vn 0.3510 0.3826 0.8546
vn 0.3538 0.3775 0.8557
vn 0.4847 0.2656 0.8334
vn 0.7346 0.2799 0.6181
vn 0.7349 0.2800 0.6177
vn 0.5966 0.7774 0.1994
vn -0.0356 0.0684 0.9970
vn -0.0412 0.8561 0.5151
vn 0.5763 0.6797 0.4537
vn 0.4823 0.6081 0.6305
vn 0.3770 0.2988 0.8767
vn 0.4850 0.1243 0.8656
vn 0.8485 0.5021 0.1675
vn 0.6075 0.3608 0.7077
vn 0.8734 0.4792 0.0867
vn 0.7473 0.4946 0.4438
vn 0.6910 0.7224 -0.0253
vn 0.8362 0.5459 0.0535
vn 0.9435 0.3271 0.0534
vn 0.9433 0.3276 0.0536
vn 0.9434 0.3279 0.0495
vn 0.9372 0.3377 0.0877
vn 0.9388 0.3000 0.1692
vn 0.6826 0.6480 0.3380
vn 0.4020 0.8311 0.3843
vn 0.4656 0.6999 0.5416
vn 0.4885 0.8723 -0.0230
vn 0.5411 0.7752 0.3259
vn 0.5087 0.8238 0.2501
vn 0.4460 0.8790 -0.1688
vn 0.4461 0.8787 -0.1699
vn 0.4460 0.8790 -0.1685
vn 0.5144 0.8541 0.0762
vn 0.2355 -0.9600 0.1512
vn -0.2609 0.7235 0.6392
vn 0.9537 -0.0750 0.2914
vn 0.4317 0.3513 0.8308
vn 0.7398 0.4272 0.5198
vn 0.4130 0.6271 -0.6604
vn 0.8268 0.3629 0.4298
vn 0.6113 0.3622 0.7037
vn 0.6370 0.7505 -0.1760
vn 0.3313 0.9434 -0.0139
vn 0.5685 0.7401 0.3592
vn 0.7670 0.5979 0.2329
vn 0.6022 0.7077 0.3695
vn 0.6010 0.7085 0.3701
vn 0.5938 0.7128 0.3732
vn 0.4817 0.7823 -0.3949
vn 0.1626 0.3182 0.9340
vn 0.7360 -0.6096 0.2946
vn 0.1629 0.4245 0.8907
vn 0.3989 0.5018 0.7675
vn 0.6384 0.7445 -0.1953
vn 0.9112 0.2471 0.3297
vn 0.1568 0.0979 0.9828
vn 0.1156 0.7477 0.6539
vn 0.1638 0.0768 0.9835
vn -0.0295 0.8467 -0.5312
vn -0.0291 0.8505 -0.5252
vn -0.0371 0.8499 -0.5257
vn -0.0169 0.3314 0.9433
vn -0.0888 0.7081 -0.7005
vn 0.4039 -0.7485 0.5260
vn 0.1337 0.6628 0.7368
vn 0.3368 0.5607 -0.7564
vn 0.2533 0.4534 -0.8545
vn 0.7802 0.4596 -0.4243
vn 0.7750 0.4580 -0.4355
vn 0.7801 0.4601 -0.4240
vn 0.9075 0.3232 -0.2684
vn 0.4586 0.6382 0.6183
vn 0.8741 0.2963 -0.3849
vn 0.8746 0.2965 -0.3836
vn 0.8769 0.2966 -0.3783
vn 0.2115 0.0223 -0.9771
vn 0.7926 0.5897 0.1550
vn 0.2494 0.9277 0.2779
vn 0.9870 0.1602 -0.0125
vn 0.9869 0.1610 -0.0126
vn 0.9876 0.1564 -0.0125
vn 0.6249 0.7789 -0.0536
vn 0.6226 0.7808 -0.0525
vn 0.6218 0.7815 -0.0520
vn -0.1979 0.9614 0.1913
vn 0.7989 0.5874 -0.1292
vn -0.8923 -0.3053 -0.3326
vn 0.8623 -0.4642 0.2025
vn 0.5993 0.8001 0.0259
vn -0.0091 -0.0508 -0.9987
vn 0.2665 0.8599 -0.4353
vn 0.5685 -0.8227 -0.0041
vn 0.7788 0.3297 -0.5336
vn 0.4908 0.8692 -0.0602
vn 0.4419 0.8513 0.2829
vn 0.7019 0.6668 0.2503
vn 0.1303 0.2929 0.9472
vn 0.6788 0.3080 0.6667
vn 0.7770 0.2114 0.5929
vn 0.1689 0.4143 0.8944
vn 0.7208 0.4608 0.5178
vn 0.1813 0.0002 0.9834
vn 0.7621 0.5976 0.2493
vn 0.7643 0.5966 0.2449
vn 0.7652 0.5957 0.2444
vn 0.7859 0.5845 0.2019
vn 0.8245 0.5614 -0.0712
vn 0.1110 0.3477 0.9310
vn 0.5521 0.2554 0.7937
vn -0.2896 -0.5547 -0.7800
vn -0.2910 -0.5526 -0.7810
vn -0.2913 -0.5520 -0.7813
vn -0.4362 0.1705 -0.8836
vn 0.8828 0.4672 0.0482
vn 0.7245 0.4019 0.5599
vn 0.7580 0.4931 0.4270
vn 0.0961 -0.2266 -0.9692
vn -0.6761 0.7029 0.2210
vn -0.8573 -0.3538 -0.3739
vn -0.6944 -0.6861 -0.2170
vn -0.3128 -0.9390 -0.1432
vn -0.8064 0.5898 -0.0424
vn -0.9503 0.3083 0.0444
vn -0.5826 -0.7820 -0.2216
vn -0.1969 -0.9754 -0.0989
vn -0.2931 0.9532 0.0749
vn -0.1868 0.7041 -0.6851
vn -0.1491 0.7399 -0.6560
vn -0.3386 -0.0994 -0.9357
vn 0.0472 -0.8534 -0.5190
vn -0.3012 -0.5001 -0.8119
vn -0.1676 -0.8098 -0.5623
vn -0.3617 -0.0210 -0.9321
vn 0.1904 0.6906 -0.6977
vn 0.1765 0.6607 -0.7296
vn -0.1863 -0.6447 -0.7413
vn -0.0359 -0.3277 -0.9441
vn -0.0587 -0.3159 -0.9470
vn 0.1049 -0.4178 -0.9025
vn -0.0762 -0.8923 -0.4449
vn -0.0759 -0.8928 -0.4441
vn -0.0764 -0.8960 -0.4374
vn -0.0138 -0.4324 -0.9016
vn -0.1875 0.5218 -0.8322
vn -0.9458 0.3247 -0.0056
vn -0.4211 -0.0931 -0.9022
vn 0.0272 -0.9509 -0.3083
vn -0.0385 -0.9659 -0.2560
vn -0.3861 0.7631 -0.5183
vn -0.2345 0.7900 -0.5664
vn -0.2340 0.7889 -0.5682
vn -0.2338 0.7885 -0.5689
vn -0.3881 0.9216 -0.0025
vn -0.1196 -0.0814 -0.9895
vn -0.8019 -0.3365 -0.4937
vn -0.8226 0.5677 0.0333
vn -0.8263 0.5619 0.0385
vn -0.8222 0.5682 0.0326
vn -0.6322 0.7730 0.0527
vn -0.6282 0.7737 0.0826
vn -0.3528 0.8830 0.3095
vn -0.0279 0.7773 -0.6285
vn -0.0870 0.7827 -0.6163
vn -0.9338 -0.0082 -0.3576
vn -0.9654 -0.2568 -0.0451
vn -0.4759 0.8262 -0.3014
vn -0.8029 0.4789 -0.3549
vn 0.1402 0.7099 -0.6902
vn 0.1078 0.3439 -0.9328
vn -0.3597 -0.6424 -0.6767
vn -0.2064 -0.8665 -0.4544
vn -0.0767 -0.8967 -0.4360
vn -0.6630 0.7479 0.0331
vn -0.6637 0.7472 0.0350
vn -0.6667 0.7441 0.0441
vn -0.6671 0.7436 0.0457
vn -0.6334 0.7728 -0.0397
vn -0.6313 0.7749 -0.0300
vn -0.6310 0.7753 -0.0282
vn -0.0491 -0.8257 -0.5619
vn -0.2156 -0.1190 -0.9692
vn -0.1185 0.5014 -0.8570
vn -0.0947 0.6469 -0.7567
vn -0.1150 0.7114 -0.6933
vn -0.1862 0.7949 -0.5775
vn -0.0637 0.7448 -0.6642
vn -0.0620 0.7441 -0.6652
vn -0.0553 0.7413 -0.6689
vn 0.0561 -0.9470 -0.3163
vn -0.1060 -0.7862 -0.6088
vn -0.1071 -0.7865 -0.6082
vn -0.1060 -0.7870 -0.6078
vn -0.0917 -0.8647 -0.4939
vn 0.0082 -0.8911 -0.4538
vn 0.0032 -0.8922 -0.4517
vn 0.0027 -0.8922 -0.4516
vn -0.3980 -0.4923 -0.7741
vn -0.3310 -0.5099 -0.7940
vn -0.3306 -0.5096 -0.7944
vn -0.3284 -0.5086 -0.7959
vn -0.0834 -0.7500 -0.6562
vn -0.0600 -0.9346 -0.3505
vn 0.0294 -0.9464 -0.3217
vn -0.0379 -0.9554 -0.2928
vn -0.5305 0.7783 0.3359
vn 0.0394 0.8915 0.4513
vn 0.3023 0.6806 -0.6674
vn -0.0753 0.7954 -0.6014
vn -0.0202 0.9996 0.0217
vn -0.2124 0.9287 0.3039
vn -0.2174 0.9155 0.3385
vn -0.2174 0.9155 0.3384
vn -0.2166 0.9154 0.3393
vn 0.0717 -0.9905 -0.1174
vn -0.0616 0.5549 -0.8296
vn 0.0567 0.8048 -0.5909
vn 0.0668 0.9893 0.1294
vn -0.1394 -0.9352 -0.3254
vn 0.1075 -0.7303 -0.6746
vn -0.2293 -0.9592 0.1654
vn -0.5260 -0.8502 -0.0206
vn -0.7660 -0.6078 -0.2096
vn -0.8164 -0.5412 -0.2015
vn -0.8163 -0.5413 -0.2014
vn -0.8162 -0.5417 -0.2010
vn -0.7975 -0.5692 -0.1998
vn -0.9428 -0.3266 -0.0672
vn -0.9635 0.2651 -0.0377
vn -0.7200 0.6915 -0.0590
vn -0.6192 0.7804 -0.0873
vn -0.7969 0.5718 0.1948
vn -0.6138 0.7064 0.3524
vn 0.1054 0.4967 -0.8615
vn -0.0382 -0.9822 0.1841
vn -0.0383 -0.9823 0.1834
vn -0.0383 -0.9823 0.1831
vn 0.7405 0.3252 -0.5882
vn -0.7621 -0.6454 0.0521
vn 0.8873 0.1348 0.4411
vn 0.8885 0.1263 0.4412
vn 0.8884 0.1258 0.4415
vn 0.2330 0.9114 -0.3392
vn 0.1351 0.6797 0.7209
vn 0.7253 0.4459 0.5245
vn 0.5822 0.6460 0.4937
vn 0.7113 0.7027 -0.0151
vn 0.5366 0.8072 0.2459
vn 0.6323 -0.7326 -0.2519
vn 0.9282 0.3722 0.0020
vn -0.4448 0.8176 -0.3657
vn 0.1364 0.6685 -0.7311
vn -0.6029 0.7258 -0.3312
vn -0.9929 0.0550 0.1054
vn -0.9760 0.0824 0.2014
vn -0.8735 0.1883 0.4489
vn -0.7874 0.2113 0.5791
vn -0.7871 0.2113 0.5794
vn -0.7879 0.2093 0.5791
vn -0.6784 0.1478 0.7197
vn -0.6033 0.1429 0.7846
vn -0.4668 0.2126 0.8584
vn -0.1718 0.3267 0.9294
vn -0.1582 0.9554 0.2492
vn -0.5114 0.8141 0.2752
vn -0.7596 0.5753 0.3032
vn -0.8105 0.5577 0.1789
vn -0.8108 0.5572 0.1793
vn -0.8104 0.5579 0.1789
vn -0.8425 0.5199 0.1412
vn -0.1481 -0.0676 0.9867
vn -0.2654 0.0586 0.9624
vn -0.4470 0.2684 0.8533
vn -0.6396 0.2870 0.7132
vn -0.6387 0.2860 0.7144
vn -0.6433 0.2918 0.7078
vn -0.7285 0.1842 0.6598
vn -0.7284 0.1841 0.6599
vn -0.7283 0.1841 0.6601
vn -0.7471 0.1316 0.6515
vn -0.7806 0.1491 0.6070
vn -0.8097 0.1288 0.5725
vn -0.8054 -0.0314 0.5919
vn -0.9345 -0.0372 0.3540
vn -0.9449 0.2671 0.1892
vn -0.3244 0.8973 -0.2992
vn -0.4947 0.8687 -0.0250
vn -0.7352 0.6715 0.0929
vn -0.7288 0.6777 0.0979
vn -0.7294 0.6769 0.0985
vn -0.7354 0.6713 0.0919
vn -0.9211 0.3172 0.2256
vn -0.9300 0.3563 -0.0904
vn -0.9307 0.3540 -0.0925
vn -0.9299 0.3567 -0.0902
vn -0.8473 0.4666 0.2538
vn -0.8276 0.4869 0.2794
vn -0.8626 0.4367 -0.2552
vn -0.7517 0.6419 0.1515
vn -0.7521 0.6415 0.1513
vn -0.7448 0.6489 0.1556
vn -0.7322 0.6489 0.2070
vn -0.1570 0.2789 0.9474
vn -0.3005 0.3958 0.8677
vn -0.4505 0.4695 0.7593
vn -0.6423 0.3544 0.6796
vn -0.7394 0.2670 0.6181
vn -0.7697 0.1848 0.6110
vn -0.7746 0.1962 0.6013
vn -0.8298 0.0831 0.5519
vn -0.7975 0.0207 0.6030
vn -0.9193 -0.1101 0.3778
vn -0.9452 -0.2813 0.1658
vn -0.7478 -0.3949 0.5338
vn -0.9049 0.1414 0.4014
vn -0.7989 0.1780 0.5745
vn -0.8120 0.1915 0.5514
vn -0.6285 0.6993 0.3407
vn -0.5527 0.3235 0.7681
vn -0.4341 0.3005 0.8492
vn -0.3613 0.2976 0.8837
vn -0.1844 0.3699 0.9106
vn -0.1867 0.3692 0.9104
vn -0.1779 0.3717 0.9111
vn -0.0374 0.3293 0.9435
vn -0.0156 0.0261 0.9995
vn -0.1196 0.0065 0.9928
vn -0.1812 0.9482 0.2609
vn -0.0534 0.9271 0.3710
vn -0.1204 0.8075 -0.5774
vn -0.0364 0.8491 -0.5270
vn -0.0296 0.8457 -0.5329
vn -0.5887 0.7502 -0.3011
vn -0.1652 0.8097 0.5631
vn -0.5391 0.5579 0.6310
vn -0.6924 0.4297 0.5795
vn -0.7837 0.2570 0.5655
vn -0.9030 0.4269 0.0484
vn -0.7786 0.6274 -0.0129
vn -0.7781 0.6280 -0.0123
vn -0.7788 0.6271 -0.0129
vn -0.8833 0.4174 0.2136
vn -0.9208 0.3872 0.0463
vn -0.9205 0.3880 0.0460
vn -0.9202 0.3896 0.0394
vn -0.9766 0.2023 0.0723
vn -0.9215 0.3598 0.1464
vn -0.8218 0.5319 0.2045
vn -0.5413 0.8203 0.1849
vn -0.5767 0.7762 0.2547
vn -0.7241 0.6473 0.2382
vn -0.7229 0.6484 0.2388
vn -0.7308 0.6411 0.2341
vn -0.7078 0.7064 0.0084
vn -0.7534 0.6187 0.2227
vn -0.7249 0.6553 0.2121
vn -0.7537 0.6256 0.2015
vn -0.8348 0.5244 0.1679
vn -0.8663 0.4751 0.1544
vn -0.9068 0.3939 0.1500
vn -0.8462 0.4459 0.2918
vn -0.9010 0.4334 0.0183
vn -0.8348 0.2542 0.4884
vn -0.8288 0.2136 0.5172
vn -0.8696 0.4765 0.1294
vn -0.8254 0.4536 0.3360
vn -0.9334 0.2909 0.2102
vn -0.9741 0.1630 0.1567
vn -0.9759 0.1610 0.1470
vn -0.9739 0.1630 0.1581
vn -0.9298 0.3559 0.0938
vn -0.9468 0.3121 0.0783
vn -0.9609 0.2597 0.0965
vn -0.9604 0.2700 0.0680
vn -0.9575 0.2675 -0.1079
vn -0.9790 0.1774 0.1009
vn -0.9716 0.2244 0.0747
vn -0.9896 0.0697 0.1255
vn -0.9835 0.1621 0.0808
vn -0.9941 0.0836 0.0695
vn -0.9961 0.0535 0.0698
vn -0.9954 0.0415 0.0861
vn -0.9871 0.1381 0.0813
vn -0.9753 0.1887 0.1148
vn -0.2406 0.9678 0.0742
vn -0.4525 0.8855 -0.1055
vn -0.5553 0.8244 -0.1099
vn -0.7817 0.6202 0.0653
vn -0.7842 0.6167 0.0682
vn -0.7807 0.6216 0.0641
vn -0.7909 0.6089 0.0608
vn -0.9574 0.2461 0.1513
vn -0.9598 0.2570 -0.1125
vn -0.8542 0.5068 -0.1161
vn -0.8047 0.5724 0.1574
vn -0.9468 0.3024 0.1105
vn -0.9441 0.3119 0.1063
vn -0.9439 0.3128 0.1061
vn -0.2011 0.9156 -0.3483
vn -0.1735 0.9102 -0.3762
vn 0.1242 -0.8075 0.5767
vn 0.5192 0.7383 0.4305
vn 0.1896 -0.7835 -0.5918
vn 0.2111 0.7491 0.6279
vn 0.6501 0.7387 -0.1781
vn 0.2999 0.9362 0.1835
vn 0.8975 0.4009 -0.1835
vn 0.3719 0.6643 0.6484
vn 0.2381 0.8050 0.5434
vn 0.6220 0.6920 -0.3665
vn -0.0055 0.9944 -0.1052
vn 0.2523 0.9625 0.1002
vn 0.4389 0.8754 0.2023
vn -0.4500 -0.7345 -0.5080
vn 0.9980 -0.0340 -0.0535
vn 0.9363 0.3429 0.0759
vn 0.1255 0.4736 -0.8718
vn -0.2407 -0.9258 0.2915
vn -0.5604 -0.8274 0.0367
vn 0.8755 0.3918 0.2828
vn 0.8288 0.3930 -0.3983
vn 0.7923 0.3547 -0.4965
vn 0.7107 0.7033 -0.0195
vn 0.2616 0.4901 -0.8315
vn -0.3567 0.9342 -0.0068
vn 0.9851 -0.0177 0.1713
vn -0.5652 -0.7933 0.2265
vn -0.6024 -0.7715 0.2048
vn -0.5977 -0.7736 0.2106
vn -0.5960 -0.7744 0.2123
vn -0.6443 -0.6471 0.4076
vn -0.6438 -0.6488 0.4057
vn -0.6469 -0.6454 0.4062
vn 0.1157 0.9200 -0.3744
vn -0.1706 -0.9843 0.0462
vn 0.8760 0.0774 -0.4760
vn 0.6619 0.4997 -0.5587
vn -0.6122 -0.6730 0.4151
vn 0.7565 0.5532 -0.3488
vn 0.3432 0.6444 0.6833
vn 0.1581 0.4853 -0.8599
vn -0.4808 -0.5230 0.7038
vn 0.0148 -0.9892 0.1462
vn 0.2186 0.4531 -0.8643
vn 0.5651 0.6246 0.5390
vn -0.5252 -0.3637 -0.7693
vn -0.1111 -0.0181 -0.9936
vn 0.9978 0.0193 -0.0630
vn 0.9625 0.2561 0.0891
vn -0.5976 -0.7475 0.2901
vn -0.4616 -0.6864 -0.5619
vn 0.5867 0.7730 0.2413
vn -0.8513 -0.4823 0.2069
vn -0.9459 0.2892 0.1473
vn -0.6271 -0.0282 0.7784
vn -0.9785 0.1906 0.0795
vn -0.8430 0.1315 0.5216
vn -0.7628 0.5885 -0.2680
vn -0.6430 0.6656 -0.3790
vn -0.6405 0.6631 -0.3874
vn -0.6393 0.6637 -0.3883
vn -0.6264 0.6791 -0.3827
vn -0.3351 0.8641 0.3755
vn -0.3885 0.8644 0.3191
vn -0.4085 0.8286 0.3827
vn -0.4081 0.6080 0.6810
vn -0.4714 0.8137 0.3401
vn 0.1898 -0.3939 -0.8993
vn 0.0385 -0.3058 0.9513
vn -0.1047 0.4927 -0.8639
vn -0.1110 0.4895 -0.8649
vn -0.1144 0.4878 -0.8654
vn 0.2154 -0.0506 -0.9752
vn -0.3910 0.7465 0.5384
vn -0.4880 0.8482 0.2058
vn -0.4882 0.8483 0.2052
vn -0.4881 0.8483 0.2052
vn -0.6483 0.7317 -0.2103
vn -0.6249 0.7773 -0.0730
vn -0.4559 0.8398 -0.2946
vn -0.5133 0.8420 -0.1663
vn -0.3290 0.8979 -0.2926
vn -0.3943 0.8640 -0.3133
vn -0.3419 0.8399 -0.4215
vn -0.4121 0.8952 -0.1695
vn -0.3699 0.8728 -0.3184
vn -0.6446 0.6650 -0.3771
vn -0.6404 0.6656 -0.3833
vn -0.6083 0.6926 -0.3877
vn -0.6084 0.6923 -0.3880
vn -0.6107 0.6895 -0.3894
vn 0.8066 0.5908 -0.0172
vn 0.4763 0.8710 0.1203
vn 0.8456 -0.2521 -0.4706
vn 0.7396 -0.6727 0.0220
vn -0.3958 -0.8781 -0.2690
vn 0.3034 -0.8147 -0.4943
vn 0.2260 -0.6213 0.7503
vn 0.7652 0.1657 0.6222
vn 0.6526 0.7567 0.0389
vn 0.5527 0.8205 -0.1459
vn 0.9325 0.1850 0.3103
vn 0.9325 0.1850 0.3102
vn 0.9298 0.1820 0.3199
vn -0.3972 -0.2335 0.8875
vn -0.1024 0.1638 0.9812
vn 0.6375 0.7384 0.2198
vn -0.1316 0.6313 0.7643
vn 0.5825 0.6401 -0.5009
vn 0.5815 0.6402 -0.5020
vn 0.5821 0.6401 -0.5014
vn 0.6407 0.5936 -0.4870
vn 0.5614 0.6570 -0.5032
vn 0.8361 0.3189 0.4464
vn 0.7381 0.4373 -0.5138
vn 0.7379 0.4373 -0.5140
vn 0.7382 0.4377 -0.5134
vn 0.5891 0.7330 -0.3401
vn 0.0773 0.8285 0.5547
vn 0.8117 0.5628 -0.1564
vn 0.8260 0.3433 0.4471
vn 0.3681 0.7005 0.6114
vn -0.7028 0.4327 0.5647
vn 0.5271 0.8080 0.2633
vn 0.0904 0.9079 0.4093
vn 0.2931 0.8358 0.4642
vn 0.6576 0.6009 0.4544
vn 0.0971 0.2947 -0.9506
vn -0.3539 0.9300 -0.0992
vn -0.3332 0.9109 -0.2434
vn -0.7508 0.5259 0.3997
vn -0.7381 0.5685 0.3634
vn -0.4758 0.3918 0.7875
vn -0.0527 -0.0883 0.9947
vn -0.4568 0.5475 -0.7011
vn -0.6853 0.6092 -0.3991
vn -0.8173 0.1627 -0.5528
vn -0.7654 0.6391 -0.0753
vn -0.5299 0.8212 -0.2116
vn -0.7160 0.6546 -0.2426
vn -0.7157 0.6546 -0.2436
vn -0.7169 0.6567 -0.2340
vn -0.5997 0.6911 -0.4034
vn -0.6069 0.6839 -0.4050
vn -0.6003 0.6907 -0.4032
vn -0.3900 0.3669 0.8445
vn -0.1381 -0.4494 0.8826
vn -0.1339 -0.8531 0.5043
vn -0.0784 0.7807 -0.6200
vn -0.3989 0.9013 0.1688
vn -0.0385 0.0204 -0.9990
vn -0.0386 0.0218 -0.9990
vn -0.0385 0.0204 -0.9991
vn 0.3440 0.8131 -0.4697
vn 0.3417 0.4843 0.8055
vn -0.4679 0.5941 -0.6543
vn -0.2885 0.6226 0.7274
vn 0.5315 0.7583 -0.3774
vn 0.9616 0.2737 0.0190
vn -0.4142 0.6112 -0.6744
vn -0.4152 0.6111 -0.6739
vn 0.0891 -0.1928 0.9772
vn -0.1376 -0.8058 -0.5760
vn -0.1179 -0.8894 -0.4416
vn -0.2088 0.7503 0.6272
vn -0.0119 0.9712 -0.2378
vn -0.4921 0.8332 -0.2521
vn -0.4502 0.6967 -0.5585
vn -0.1010 0.9889 0.1090
vn -0.1484 0.9154 0.3741
vn 0.1109 0.9760 -0.1876
vn 0.0638 0.8761 -0.4779
vn -0.3914 0.5693 0.7230
vn -0.3911 0.5689 0.7235
vn -0.3906 0.5684 0.7241
vn -0.3614 0.7533 0.5494
vn 0.1055 -0.0913 0.9902
vn -0.0133 0.8066 -0.5910
vn -0.0119 0.5313 0.8471
vn -0.2016 -0.4145 -0.8874
vn -0.2050 -0.4985 -0.8423
vn -0.2029 -0.5015 -0.8410
vn -0.2051 -0.4979 -0.8426
vn -0.1077 -0.9442 0.3112
vn -0.1031 -0.9939 -0.0391
vn -0.0989 -0.9946 -0.0315
vn -0.1037 -0.9938 -0.0402
vn -0.6497 -0.5311 -0.5439
vn 0.9517 0.2420 0.1889
vn -0.3324 0.2699 0.9037
vn -0.3467 0.2080 0.9146
vn -0.3871 0.8990 -0.2048
vn -0.6895 -0.5341 0.4892
vn 0.7534 0.6576 0.0005
vn 0.4865 -0.1064 -0.8672
vn -0.0641 0.8583 -0.5092
vn -0.0238 -0.9761 -0.2162
vn -0.0778 -0.9892 -0.1245
vn -0.0776 -0.9890 -0.1258
vn -0.0850 -0.9892 -0.1195
vn -0.0873 -0.9882 -0.1259
vn -0.0870 -0.9881 -0.1266
vn -0.4312 0.6371 -0.6389
vn 0.2713 -0.8392 0.4714
vn -0.5085 -0.7988 -0.3215
vn -0.1451 0.7144 -0.6845
vn 0.3437 -0.7358 0.5835
vn -0.1167 -0.8760 0.4679
vn -0.1566 -0.9183 0.3636
vn -0.0950 0.8840 -0.4577
vn 0.0680 -0.3618 0.9298
vn 0.1468 -0.5666 -0.8108
vn -0.0604 -0.7094 0.7022
vn 0.0090 0.2887 -0.9574
vn 0.6963 0.6615 -0.2785
vn 0.0152 0.9748 0.2227
vn 0.8998 0.3680 0.2342
vn 0.4246 0.8106 -0.4034
vn 0.0508 0.7774 -0.6270
vn 0.0712 0.7763 -0.6264
vn -0.1830 0.9168 0.3549
vn 0.0614 0.8408 -0.5379
vn -0.0853 0.7683 0.6344
vn -0.3731 0.7178 -0.5879
vn -0.4288 0.6233 -0.6539
vn 0.6928 0.6449 -0.3229
vn -0.2309 0.9704 -0.0702
vn -0.6236 -0.7319 0.2746
vn -0.0384 0.0189 -0.9991
vn -0.0654 0.5036 -0.8614
vn -0.0705 0.4994 -0.8635
vn -0.0651 0.5039 -0.8613
vn 0.5017 -0.4542 0.7362
vn 0.3338 0.9219 -0.1964
vn -0.0850 -0.5768 -0.8124
vn -0.5476 -0.7299 -0.4092
vn 0.7744 0.5405 0.3288
vn -0.3028 0.8765 0.3743
vn -0.3733 0.8196 0.4347
vn -0.5899 0.8030 0.0847
vn 0.8626 0.4972 0.0933
vn 0.2607 0.9192 0.2951
vn 0.6064 0.7943 0.0375
vn -0.7835 0.4494 -0.4292
vn -0.6566 0.6295 -0.4154
vn -0.7703 0.3138 -0.5551
vn -0.8667 0.3426 -0.3627
vn -0.8450 0.3746 -0.3816
vn -0.8542 0.2626 -0.4487
vn -0.8497 0.2624 -0.4573
vn -0.8544 0.2630 -0.4481
vn -0.8387 0.2166 -0.4996
vn -0.8422 0.2277 -0.4888
vn -0.8422 0.2277 -0.4887
vn -0.8434 0.2276 -0.4867
vn 0.9298 0.3568 0.0909
vn 0.9029 0.3901 0.1808
vn 0.0898 0.9316 -0.3522
vn 0.4691 0.8825 -0.0324
vn -0.6182 0.6596 -0.4276
vn -0.6105 0.7759 -0.1587
vn -0.5901 0.7846 0.1899
vn -0.6736 0.4326 0.5992
vn -0.5489 0.6396 0.5381
vn -0.5210 0.7323 0.4385
vn -0.5596 0.4659 0.6854
vn -0.7602 0.3677 0.5356
vn -0.8584 0.4843 0.1693
vn -0.8578 0.4836 0.1741
vn -0.8574 0.4835 0.1762
vn -0.8307 0.5352 0.1533
vn -0.5234 0.1745 0.8341
vn -0.6391 0.3329 0.6933
vn -0.5961 0.4918 0.6347
vn -0.5980 0.4900 0.6342
vn -0.5990 0.4907 0.6329
vn -0.7288 0.6623 0.1735
vn -0.5854 0.8017 0.1211
vn -0.8445 0.5167 0.1407
vn -0.7924 0.5008 0.3483
vn -0.7282 0.3414 -0.5942
vn -0.7504 0.3786 -0.5419
vn -0.7103 0.4350 0.5533
vn -0.4963 0.7348 0.4624
vn 0.1419 0.7831 0.6055
vn 0.5731 0.7113 -0.4069
vn 0.0350 0.8951 -0.4444
vn -0.6479 0.6996 -0.3014
vn -0.1386 0.9891 -0.0490
vn 0.2760 0.8805 -0.3854
vn -0.6495 0.6427 -0.4063
vn -0.1743 0.9470 -0.2697
vn 0.2007 0.9216 -0.3322
vn -0.6000 0.7229 -0.3427
vn -0.5749 0.2829 0.7678
vn 0.7383 0.6613 0.1322
vn 0.7378 0.6620 0.1319
vn 0.7412 0.6589 0.1283
vn 0.5114 0.7064 0.4893
vn 0.8135 -0.0341 0.5805
vn 0.1979 0.0029 0.9802
vn 0.7873 0.5992 0.1454
vn 0.9582 0.2643 0.1097
vn 0.9581 0.2644 0.1099
vn 0.9577 0.2654 0.1109
vn 0.6928 0.7166 -0.0809
vn 0.2861 0.9237 -0.2547
vn 0.9577 0.2656 0.1110
vn 0.1268 0.0217 -0.9917
vn 0.3233 0.4233 0.8464
vn 0.1793 -0.9506 0.2532
vn 0.1049 -0.9932 0.0498
vn 0.3127 0.3317 0.8901
vn 0.4992 0.7670 -0.4032
vn 0.3879 0.9181 -0.0814
vn -0.1829 -0.7293 0.6593
vn 0.2508 0.7960 0.5509
vn 0.4225 0.7956 0.4341
vn -0.1692 -0.0825 -0.9821
vn 0.2229 0.9358 0.2733
vn -0.0991 -0.1691 0.9806
vn 0.1659 -0.9211 -0.3523
vn -0.1512 0.9588 -0.2407
vn 0.1852 0.5876 0.7877
vn 0.2093 0.3940 0.8949
vn 0.0903 -0.5222 0.8480
vn 0.2305 -0.2896 -0.9290
vn 0.4390 0.8609 0.2573
vn 0.5981 0.5946 0.5374
vn 0.5794 0.7298 -0.3628
vn 0.6682 0.6626 -0.3384
vn 0.8321 0.3510 -0.4294
vn 0.1149 0.7991 0.5901
vn 0.2752 0.9340 -0.2279
vn 0.2758 0.9332 -0.2302
vn 0.2748 0.9360 -0.2201
vn 0.8993 0.4300 -0.0798
vn 0.7005 0.7077 0.0917
vn 0.3638 0.8934 -0.2635
vn 0.3644 0.8929 -0.2645
vn 0.3676 0.8899 -0.2699
vn 0.9685 0.2235 0.1095
vn 0.9200 -0.2322 0.3158
vn -0.3051 0.6920 0.6542
vn -0.3319 0.8101 0.4834
vn -0.0396 0.9939 0.1034
vn -0.2761 0.9560 -0.0993
vn 0.4564 0.8414 0.2894
vn 0.2318 0.8477 0.4772
vn -0.0067 0.3901 0.9208
vn 0.0554 0.8592 0.5086
vn -0.1155 0.9451 -0.3056
vn 0.0051 -0.2312 0.9729
vn -0.1055 0.7213 0.6846
vn -0.2230 0.9456 0.2368
vn -0.0329 0.9213 -0.3875
vn -0.0202 0.8794 -0.4756
vn -0.0241 0.8823 -0.4701
vn -0.0195 0.8788 -0.4767
vn -0.0073 0.9991 -0.0412
vn -0.0568 0.4969 0.8659
vn -0.1506 0.3383 0.9289
vn -0.1735 0.3361 0.9257
vn 0.3934 0.7447 -0.5391
vn 0.0657 -0.8837 0.4635
vn 0.0307 -0.7238 0.6893
vn 0.0060 0.4598 -0.8880
vn 0.1280 -0.9795 -0.1553
vn 0.1882 -0.9604 -0.2053
vn 0.1945 -0.9575 -0.2131
vn 0.1952 -0.9572 -0.2139
vn -0.0440 0.8950 -0.4439
vn 0.1756 0.9730 -0.1498
vn 0.1703 0.9748 -0.1440
vn 0.1759 0.9729 -0.1499
vn 0.1187 -0.9392 0.3221
vn 0.1187 -0.9394 0.3217
vn 0.1186 -0.9399 0.3201
vn 0.2521 0.7705 -0.5855
vn -0.0003 0.9538 0.3005
vn 0.0602 0.9406 0.3343
vn 0.0291 0.0741 -0.9968
vn 0.0243 0.0738 -0.9970
vn 0.0244 0.0738 -0.9970
vn 0.6233 0.6875 -0.3728
vn 0.7996 0.5130 -0.3124
vn 0.4030 0.8293 -0.3871
vn -0.1630 0.9266 0.3388
vn 0.7336 0.4517 -0.5078
vn -0.8393 0.2914 -0.4589
vn -0.0026 0.9331 -0.3597
vn -0.4209 0.8747 0.2404
vn -0.2781 0.7484 0.6022
vn -0.3591 0.8286 -0.4295
vn -0.3593 0.8287 -0.4292
vn 0.8753 0.2995 -0.3795
vn -0.1172 0.8221 -0.5572
vn 0.3193 0.8253 -0.4657
vn 0.0134 0.8569 -0.5154
vn 0.6450 0.6872 -0.3343
vn -0.3196 0.8166 -0.4806
vn -0.3366 0.8915 -0.3033
vn -0.3514 0.6118 -0.7087
vn -0.2791 0.7537 -0.5950
vn -0.3894 0.7350 -0.5551
vn -0.4334 0.7016 -0.5657
vn -0.4299 0.0975 -0.8976
vn -0.4322 0.2725 -0.8596
vn -0.9077 0.1760 -0.3808
vn -0.9644 0.2214 -0.1447
vn -0.7331 0.5742 -0.3644
vn -0.7331 0.5743 -0.3644
vn -0.7332 0.5740 -0.3644
vn -0.7958 0.3845 -0.4678
vn -0.6611 0.6532 -0.3691
vn -0.3207 0.7493 0.5794
vn -0.5829 0.6920 -0.4258
vn -0.5790 0.6960 -0.4246
vn -0.5758 0.7004 -0.4218
vn -0.1727 0.7817 -0.5992
vn -0.4331 0.7504 -0.4993
vn -0.4867 0.7918 -0.3690
vn -0.4310 0.8620 -0.2667
vn -0.2113 0.8652 -0.4547
vn -0.9149 0.3735 0.1531
vn -0.9504 0.2658 -0.1615
vn -0.8542 0.3064 -0.4201
vn -0.7916 0.3337 -0.5119
vn -0.6774 0.4079 -0.6121
vn -0.5668 0.6807 0.4642
vn -0.8180 0.5616 0.1245
vn 0.2184 0.8394 -0.4977
vn -0.4590 0.7411 -0.4899
vn -0.3453 0.8279 -0.4419
vn -0.5250 0.7568 -0.3893
vn -0.4890 0.7899 -0.3700
vn -0.4371 0.8465 -0.3039
vn -0.4339 0.8502 -0.2982
vn -0.4332 0.8508 -0.2973
vn -0.6033 0.7450 -0.2845
vn -0.6034 0.7450 -0.2845
vn -0.5624 0.7536 -0.3403
vn -0.3018 0.9000 -0.3145
vn -0.2714 0.9155 -0.2969
vn 0.7622 0.5020 0.4086
vn -0.0703 0.3753 0.9242
vn -0.7524 0.6381 -0.1637
vn -0.8806 0.4729 0.0302
vn -0.9845 0.1739 0.0237
vn -0.9065 0.3688 0.2057
vn 0.5411 0.7843 -0.3035
vn 0.5421 0.7843 -0.3015
vn 0.5419 0.7815 -0.3093
vn -0.3821 -0.2061 -0.9009
vn -0.0533 0.1151 -0.9919
vn 0.5166 0.2905 0.8055
vn -0.5389 0.2668 -0.7990
vn -0.5844 0.3878 -0.7128
vn -0.3203 -0.1973 -0.9265
vn -0.1678 -0.1275 -0.9775
vn -0.6687 0.6752 -0.3114
vn -0.6688 0.6747 -0.3123
vn -0.6680 0.6751 -0.3132
vn 0.0892 0.9775 0.1914
vn 0.3580 0.6304 -0.6888
vn 0.2417 0.7998 -0.5494
vn 0.4566 0.7704 0.4450
vn 0.7581 0.6223 -0.1950
vn 0.8746 0.3272 -0.3579
vn 0.4032 0.8402 -0.3626
vn -0.0741 0.8502 -0.5212
vn 0.7114 0.3664 0.5997
vn -0.2575 0.9457 0.1982
vn -0.0966 0.9953 0.0100
vn -0.0967 0.9953 0.0097
vn -0.0971 0.9952 0.0099
vn 0.3750 0.8513 -0.3671
vn 0.2275 0.9216 -0.3144
vn 0.4018 0.8605 -0.3133
vn 0.7511 0.3604 -0.5532
vn 0.6184 0.7725 0.1442
vn 0.6181 0.7734 0.1407
vn 0.6182 0.7731 0.1419
vn 0.5189 0.4460 0.7292
vn 0.8255 0.3958 -0.4023
vn 0.8402 0.5047 -0.1984
vn 0.8400 0.5052 -0.1981
vn 0.8381 0.5092 -0.1955
vn 0.6280 0.1957 0.7532
vn 0.5156 0.8544 -0.0644
vn 0.3374 0.8533 -0.3975
vn 0.7533 0.6039 0.2604
vn 0.3299 0.6912 -0.6429
vn 0.6384 0.7294 -0.2459
vn 0.5029 0.5251 -0.6866
vn -0.0664 0.9214 0.3829
vn 0.8688 0.3111 -0.3852
vn 0.6433 0.4661 0.6074
vn -0.1853 0.8864 0.4243
vn 0.8532 0.3767 -0.3607
vn -0.2339 0.9504 -0.2049
vn 0.3457 0.8845 -0.3133
vn 0.3356 0.8863 -0.3190
vn 0.3451 0.8846 -0.3136
vn 0.7542 0.6239 0.2047
vn 0.8071 0.5217 0.2766
vn 0.8614 0.4767 0.1753
vn 0.9021 0.3933 0.1774
vn 0.9032 0.3928 0.1731
vn 0.9033 0.3928 0.1724
vn 0.8524 0.4940 0.1717
vn 0.8649 0.4654 0.1880
vn -0.6967 0.7155 -0.0513
vn -0.6922 0.7194 -0.0579
vn -0.6972 0.7151 -0.0505
vn -0.6918 0.7209 -0.0406
vn -0.3829 0.9190 0.0940
vn -0.3423 0.9371 0.0688
vn 0.0783 0.9647 0.2513
vn 0.0669 0.9976 0.0162
vn -0.0432 0.8580 0.5118
vn 0.1966 0.9148 -0.3529
vn 0.0532 0.9316 -0.3596
vn 0.7348 0.6571 -0.1682
vn 0.4751 0.4179 -0.7743
vn -0.3877 0.7087 0.5894
vn -0.6909 0.6270 0.3598
vn -0.6987 0.6814 0.2181
vn -0.6474 0.7509 0.1303
vn -0.7546 0.6417 0.1370
vn -0.4996 0.8288 0.2519
vn -0.6944 0.6703 0.2616
vn -0.7069 0.7067 0.0293
vn -0.4204 0.7570 0.5003
vn -0.5671 0.7407 0.3602
vn -0.6266 0.7038 -0.3347
vn -0.6460 0.7366 -0.2003
vn -0.6036 0.7694 -0.2090
vn -0.3407 0.8792 -0.3330
vn 0.4138 0.8640 0.2869
vn 0.5511 0.7721 0.3166
vn 0.6201 0.7845 0.0003
vn 0.6464 0.7456 -0.1621
vn 0.4296 -0.1483 -0.8908
vn 0.4989 0.1648 -0.8508
vn 0.6241 0.7763 -0.0884
vn 0.2179 0.9757 -0.0241
vn -0.1407 0.8795 -0.4547
vn -0.1491 0.9883 0.0318
vn 0.3938 0.9077 0.1449
vn 0.5895 0.8020 0.0964
vn 0.3993 -0.2055 -0.8935
vn 0.5247 0.7883 -0.3213
vn 0.5234 0.7881 -0.3239
vn 0.5234 0.7878 -0.3248
vn 0.1914 0.9048 -0.3805
vn 0.1294 0.4103 -0.9027
vn -0.2149 0.3083 0.9267
vn 0.4854 0.4031 0.7758
vn 0.5466 0.5671 -0.6161
vn 0.0887 0.4515 -0.8879
vn 0.0896 0.4508 -0.8881
vn 0.0889 0.4514 -0.8879
vn 0.0581 0.4812 -0.8747
vn 0.2850 0.4177 -0.8627
vn 0.0853 0.1840 0.9792
vn 0.2947 0.2667 0.9176
vn -0.1673 0.2640 0.9499
vn -0.2898 0.4159 0.8620
vn -0.2878 0.4128 0.8642
vn -0.2894 0.4157 0.8622
vn 0.0884 0.4518 -0.8877
vn -0.1002 0.2272 0.9687
vn 0.1251 0.1850 0.9747
vn 0.1458 0.1903 0.9708
vn 0.4319 0.4872 -0.7590
vn 0.6855 0.5828 0.4364
vn -0.0286 0.5882 -0.8082
vn -0.2881 0.4125 0.8642
vn -0.1898 0.8055 -0.5614
vn 0.1608 0.4209 -0.8928
vn 0.2358 0.4123 -0.8800
vn 0.1170 0.4358 -0.8924
vn -0.4139 0.8253 0.3840
vn 0.3250 0.4304 -0.8421
vn 0.3961 0.4649 -0.7918
vn 0.2074 0.2167 0.9540
vn -0.0816 0.6718 -0.7362
vn -0.3900 0.9187 0.0627
vn -0.3681 0.6144 0.6979
vn -0.0311 0.4983 -0.8665
vn 0.0142 0.5526 -0.8333
vn -0.5851 0.3627 0.7253
vn 0.1770 0.5315 0.8283
vn 0.2490 0.7354 0.6302
vn -0.5442 0.4845 -0.6849
vn -0.2956 0.3943 -0.8701
vn 0.1753 0.8398 -0.5138
vn -0.3924 0.2451 0.8865
vn 0.2890 0.9034 0.3168
vn -0.2289 0.1851 0.9557
vn 0.0770 0.6576 -0.7494
vn 0.0601 0.3238 0.9442
vn 0.0240 0.2838 0.9586
vn -0.2467 0.3853 -0.8892
vn -0.0430 0.2377 0.9704
vn 0.0536 0.6068 -0.7930
vn 0.0246 0.5601 -0.8281
vn -0.1182 0.4189 -0.9003
vn -0.7551 0.5732 -0.3182
vn -0.2899 0.2026 0.9354
vn -0.2092 0.1827 0.9606
vn -0.4888 0.2972 0.8202
vn -0.0911 0.4387 -0.8940
vn 0.1501 0.4723 0.8686
vn -0.1524 0.4020 -0.9029
vn 0.2768 0.9609 -0.0099
vn -0.4132 0.4317 -0.8018
vn -0.1889 0.1847 0.9645
vn -0.2169 0.3858 -0.8967
vn -0.5190 0.8518 -0.0715
vn -0.5191 0.8517 -0.0720
vn -0.6735 0.7334 -0.0926
vn -0.6747 0.7322 -0.0933
vn -0.6727 0.7336 -0.0965
vn -0.3455 0.9372 -0.0483
vn -0.3456 0.9371 -0.0485
vn -0.3458 0.9371 -0.0482
vn -0.6461 0.7328 -0.2137
vn -0.6460 0.7328 -0.2138
vn -0.6466 0.7325 -0.2129
vn -0.3331 0.9372 -0.1032
vn -0.3326 0.9374 -0.1034
vn -0.3327 0.9373 -0.1037
vn -0.4980 0.8520 -0.1613
vn -0.4979 0.8521 -0.1615
vn -0.5941 0.7350 -0.3268
vn -0.5948 0.7347 -0.3262
vn -0.5938 0.7350 -0.3274
vn -0.3079 0.9384 -0.1569
vn -0.3077 0.9387 -0.1556
vn -0.3088 0.9384 -0.1552
vn -0.4600 0.8535 -0.2448
vn -0.4599 0.8537 -0.2443
vn -0.5218 0.7379 -0.4280
vn -0.5217 0.7380 -0.4280
vn -0.5222 0.7380 -0.4274
vn -0.2756 0.9400 -0.2012
vn -0.2757 0.9400 -0.2011
vn -0.2750 0.9401 -0.2016
vn -0.4054 0.8563 -0.3199
vn -0.4053 0.8565 -0.3196
vn -0.4053 0.8564 -0.3198
vn -0.4294 0.7426 -0.5139
vn -0.4291 0.7427 -0.5140
vn -0.2311 0.9423 -0.2424
vn -0.2311 0.9423 -0.2423
vn -0.2318 0.9423 -0.2414
vn -0.3361 0.8596 -0.3848
vn -0.3367 0.8595 -0.3845
vn -0.3366 0.8602 -0.3832
vn -0.3231 0.7482 -0.5795
vn -0.3232 0.7481 -0.5796
vn -0.3228 0.7483 -0.5796
vn -0.1823 0.9449 -0.2719
vn -0.1831 0.9450 -0.2712
vn -0.1836 0.9451 -0.2704
vn -0.2579 0.8644 -0.4316
vn -0.2578 0.8645 -0.4315
vn -0.2584 0.8643 -0.4316
vn -0.2053 0.7546 -0.6233
vn -0.2055 0.7543 -0.6235
vn -0.2057 0.7550 -0.6226
vn -0.1279 0.9480 -0.2913
vn -0.1292 0.9480 -0.2907
vn -0.1295 0.9481 -0.2903
vn -0.1695 0.8694 -0.4642
vn -0.1700 0.8696 -0.4636
vn -0.1701 0.8695 -0.4637
vn -0.0835 0.7621 -0.6421
vn -0.0790 0.9509 -0.2991
vn -0.0824 0.9504 -0.2998
vn -0.0769 0.9512 -0.2987
vn -0.0813 0.8746 -0.4780
vn -0.0838 0.8738 -0.4790
vn -0.0805 0.8747 -0.4780
vn 0.0431 0.7693 -0.6374
vn 0.0433 0.7700 -0.6365
vn 0.0410 0.7692 -0.6377
vn -0.0137 0.9546 -0.2975
vn -0.0144 0.9547 -0.2974
vn -0.0151 0.9547 -0.2973
vn 0.0154 0.8797 -0.4753
vn 0.0155 0.8799 -0.4750
vn 0.0141 0.8798 -0.4751
vn 0.1624 0.7763 -0.6091
vn 0.1624 0.7766 -0.6087
vn 0.1641 0.7778 -0.6067
vn 0.0331 0.9575 -0.2864
vn 0.0305 0.9571 -0.2882
vn 0.0342 0.9577 -0.2856
vn 0.1001 0.8852 -0.4544
vn 0.0977 0.8840 -0.4572
vn 0.1016 0.8851 -0.4542
vn 0.2790 0.7837 -0.5549
vn 0.2789 0.7840 -0.5545
vn 0.2788 0.7838 -0.5549
vn 0.0956 0.9613 -0.2584
vn 0.0957 0.9613 -0.2584
vn 0.1929 0.8898 -0.4135
vn 0.1903 0.8902 -0.4140
vn 0.1894 0.8901 -0.4145
vn 0.3787 0.7902 -0.4819
vn 0.3798 0.7896 -0.4818
vn 0.3804 0.7894 -0.4818
vn 0.1347 0.9638 -0.2302
vn 0.1351 0.9639 -0.2296
vn 0.1352 0.9639 -0.2295
vn 0.2629 0.8945 -0.3616
vn 0.2611 0.8934 -0.3656
vn 0.2629 0.8949 -0.3607
vn 0.4639 0.7953 -0.3901
vn 0.4641 0.7954 -0.3899
vn 0.4640 0.7951 -0.3906
vn 0.1818 0.9668 -0.1794
vn 0.1818 0.9668 -0.1793
vn 0.1824 0.9668 -0.1789
vn 0.3317 0.8980 -0.2889
vn 0.3284 0.8988 -0.2905
vn 0.3273 0.8991 -0.2907
vn 0.5280 0.8004 -0.2841
vn 0.5278 0.8004 -0.2842
vn 0.5281 0.8003 -0.2839
vn 0.2077 0.9684 -0.1377
vn 0.2076 0.9684 -0.1380
vn 0.2074 0.9685 -0.1375
vn 0.3753 0.9020 -0.2134
vn 0.3752 0.9010 -0.2176
vn 0.3749 0.9024 -0.2123
vn 0.5710 0.8039 -0.1665
vn 0.5705 0.8041 -0.1672
vn 0.5698 0.8046 -0.1673
vn 0.2316 0.9701 -0.0727
vn 0.2315 0.9701 -0.0728
vn 0.2315 0.9701 -0.0729
vn 0.4102 0.9040 -0.1206
vn 0.4080 0.9046 -0.1235
vn 0.4075 0.9048 -0.1237
vn 0.5891 0.8066 -0.0485
vn 0.5905 0.8057 -0.0463
vn 0.5906 0.8057 -0.0456
vn 0.2382 0.9707 -0.0320
vn 0.2387 0.9705 -0.0339
vn 0.2381 0.9708 -0.0308
vn 0.4209 0.9062 -0.0396
vn 0.4221 0.9055 -0.0432
vn 0.4204 0.9065 -0.0393
vn 0.5852 0.8069 0.0799
vn 0.5889 0.8047 0.0747
vn 0.5848 0.8072 0.0804
vn 0.2365 0.9711 0.0319
vn 0.2364 0.9712 0.0312
vn 0.4180 0.9069 0.0525
vn 0.4178 0.9070 0.0526
vn 0.4178 0.9071 0.0511
vn 0.5606 0.8039 0.1987
vn 0.5639 0.8025 0.1950
vn 0.5594 0.8048 0.1982
vn 0.2263 0.9712 0.0746
vn 0.2286 0.9709 0.0717
vn 0.2259 0.9712 0.0754
vn 0.3969 0.9074 0.1382
vn 0.4001 0.9065 0.1352
vn 0.3970 0.9072 0.1395
vn 0.5121 0.8013 0.3094
vn 0.5121 0.8013 0.3093
vn 0.5115 0.8015 0.3098
vn 0.2047 0.9706 0.1264
vn 0.2041 0.9703 0.1295
vn 0.2035 0.9704 0.1303
vn 0.3626 0.9055 0.2203
vn 0.3619 0.9049 0.2241
vn 0.3621 0.9046 0.2248
vn 0.4379 0.7986 0.4128
vn 0.4377 0.7982 0.4140
vn 0.4377 0.7979 0.4145
vn 0.1725 0.9695 0.1739
vn 0.1739 0.9694 0.1731
vn 0.1722 0.9695 0.1742
vn 0.3084 0.9024 0.3011
vn 0.3129 0.9015 0.2989
vn 0.3075 0.9025 0.3014
vn 0.3455 0.7940 0.5002
vn 0.3507 0.7922 0.4995
vn 0.3448 0.7938 0.5011
vn 0.1374 0.9683 0.2084
vn 0.1332 0.9677 0.2141
vn 0.1316 0.9675 0.2161
vn 0.2462 0.8988 0.3626
vn 0.2446 0.8981 0.3655
vn 0.2443 0.8977 0.3666
vn 0.2370 0.7861 0.5708
vn 0.2370 0.7863 0.5706
vn 0.2374 0.7865 0.5701
vn 0.0743 0.9650 0.2515
vn 0.0719 0.9651 0.2519
vn 0.0751 0.9650 0.2511
vn 0.1587 0.8938 0.4195
vn 0.1594 0.8934 0.4200
vn 0.1580 0.8937 0.4200
vn 0.1174 0.7799 0.6147
vn 0.1175 0.7800 0.6147
vn 0.1174 0.7799 0.6148
vn 0.0249 0.9627 0.2694
vn 0.0206 0.9621 0.2720
vn 0.0187 0.9618 0.2730
vn 0.0695 0.8883 0.4540
vn 0.0693 0.8881 0.4544
vn 0.0690 0.8878 0.4551
vn -0.0086 0.7729 0.6345
vn -0.0064 0.7742 0.6329
vn -0.0060 0.7741 0.6331
vn -0.0511 0.9577 0.2831
vn -0.0576 0.9578 0.2818
vn -0.0481 0.9577 0.2838
vn -0.0269 0.8825 0.4695
vn -0.0312 0.8831 0.4681
vn -0.0257 0.8822 0.4701
vn -0.1331 0.7667 0.6281
vn -0.1334 0.7669 0.6277
vn -0.1331 0.7672 0.6274
vn -0.1024 0.9546 0.2796
vn -0.1038 0.9544 0.2798
vn -0.1049 0.9543 0.2798
vn -0.1235 0.8771 0.4641
vn -0.1207 0.8780 0.4631
vn -0.1197 0.8784 0.4626
vn -0.2549 0.7596 0.5984
vn -0.2569 0.7608 0.5960
vn -0.2539 0.7596 0.5987
vn -0.1642 0.9502 0.2647
vn -0.1691 0.9503 0.2614
vn -0.1627 0.9502 0.2658
vn -0.2116 0.8726 0.4402
vn -0.2155 0.8734 0.4367
vn -0.2107 0.8726 0.4406
vn -0.3671 0.7541 0.5445
vn -0.3670 0.7540 0.5448
vn -0.3671 0.7541 0.5446
vn -0.2077 0.9475 0.2431
vn -0.2053 0.9479 0.2436
vn -0.2035 0.9483 0.2437
vn -0.2902 0.8686 0.4016
vn -0.2907 0.8685 0.4014
vn -0.4667 0.7478 0.4722
vn -0.4645 0.7488 0.4727
vn -0.4639 0.7490 0.4730
vn -0.2560 0.9447 0.2049
vn -0.2559 0.9447 0.2050
vn -0.2543 0.9447 0.2069
vn -0.3654 0.8639 0.3467
vn -0.3673 0.8646 0.3429
vn -0.3648 0.8638 0.3475
vn -0.5528 0.7424 0.3785
vn -0.5524 0.7422 0.3794
vn -0.5532 0.7431 0.3765
vn -0.2857 0.9427 0.1722
vn -0.2848 0.9429 0.1728
vn -0.2844 0.9429 0.1734
vn -0.4234 0.8608 0.2824
vn -0.4274 0.8596 0.2801
vn -0.4286 0.8593 0.2793
vn -0.6172 0.7378 0.2734
vn -0.6149 0.7390 0.2753
vn -0.6148 0.7390 0.2755
vn -0.3186 0.9405 0.1181
vn -0.3190 0.9403 0.1181
vn -0.3194 0.9404 0.1168
vn -0.4768 0.8561 0.1995
vn -0.4769 0.8564 0.1978
vn -0.4770 0.8558 0.2002
vn -0.6577 0.7366 0.1574
vn -0.6610 0.7343 0.1544
vn -0.6622 0.7333 0.1541
vn -0.3378 0.9389 0.0667
vn -0.3383 0.9388 0.0647
vn -0.3385 0.9386 0.0672
vn -0.5073 0.8541 0.1150
vn -0.5063 0.8545 0.1162
vn -0.5060 0.8546 0.1168
vn -0.1581 0.9871 -0.0241
vn -0.1540 0.9872 -0.0420
vn -0.1446 0.9875 -0.0624
vn -0.1355 0.9879 -0.0753
vn -0.1180 0.9888 -0.0916
vn -0.1018 0.9896 -0.1016
vn -0.0826 0.9906 -0.1086
vn -0.0752 0.9910 -0.1104
vn -0.0743 0.9911 -0.1101
vn -0.0424 0.9931 -0.1090
vn -0.0403 0.9930 -0.1111
vn -0.0402 0.9930 -0.1112
vn -0.0351 0.9936 -0.1071
vn -0.0051 0.9956 -0.0934
vn -0.0045 0.9956 -0.0933
vn 0.0053 0.9963 -0.0858
vn 0.0255 0.9976 -0.0641
vn 0.0251 0.9977 -0.0631
vn 0.0328 0.9981 -0.0522
vn 0.0442 0.9988 -0.0216
vn 0.0442 0.9988 -0.0215
vn 0.0433 0.9990 0.0094
vn 0.0437 0.9990 0.0089
vn 0.0438 0.9990 0.0089
vn 0.0435 0.9990 0.0079
vn 0.0341 0.9990 0.0290
vn 0.0247 0.9988 0.0419
vn 0.0251 0.9988 0.0424
vn 0.0250 0.9988 0.0424
vn 0.0158 0.9986 0.0500
vn -0.0179 0.9973 0.0705
vn -0.0260 0.9969 0.0738
vn -0.0261 0.9969 0.0738
vn -0.0268 0.9969 0.0738
vn -0.0733 0.9940 0.0810
vn -0.0738 0.9940 0.0810
vn -0.0776 0.9937 0.0808
vn -0.1093 0.9913 0.0733
vn -0.1101 0.9912 0.0738
vn -0.1101 0.9912 0.0737
vn -0.1131 0.9910 0.0715
vn -0.1305 0.9897 0.0591
vn -0.1359 0.9892 0.0545
vn -0.1357 0.9893 0.0530
vn -0.1487 0.9883 0.0333
vn -0.1558 0.9877 0.0149
vn -0.6810 0.7316 0.0318
vn -0.6781 0.7340 0.0371
vn -0.6777 0.7343 0.0378
vn -0.3468 0.9379 0.0106
vn -0.3473 0.9377 0.0093
vn -0.3478 0.9375 0.0090
vn -0.5222 0.8526 0.0199
vn -0.5225 0.8524 0.0203
vn -0.5216 0.8530 0.0198
vn -0.1584 0.9874 -0.0019
vn -0.8456 -0.5209 -0.1166
vn -0.8455 -0.5210 -0.1167
vn -0.8457 -0.5208 -0.1164
vn -0.9781 -0.1583 -0.1349
vn -0.9781 -0.1592 -0.1340
vn -0.9645 0.2289 -0.1320
vn -0.9644 0.2290 -0.1323
vn -0.9644 0.2290 -0.1324
vn -0.8049 0.5830 -0.1107
vn -0.8049 0.5830 -0.1110
vn -0.4165 -0.9072 -0.0593
vn -0.4167 -0.9071 -0.0590
vn -0.7287 -0.6774 -0.1007
vn -0.7287 -0.6773 -0.1009
vn -0.7289 -0.6771 -0.1013
vn -0.9294 -0.3463 -0.1277
vn -0.9294 -0.3462 -0.1278
vn -0.9295 -0.3459 -0.1280
vn -0.9898 0.0376 -0.1371
vn -0.9898 0.0376 -0.1372
vn -0.9898 0.0363 -0.1376
vn -0.9018 0.4140 -0.1237
vn -0.9017 0.4142 -0.1241
vn -0.9020 0.4137 -0.1233
vn -0.6647 0.7415 -0.0918
vn -0.6629 0.7428 -0.0944
vn -0.6648 0.7414 -0.0915
vn -0.2317 -0.9722 -0.0340
vn -0.2317 -0.9722 -0.0343
vn -0.2317 -0.9722 -0.0342
vn -0.5844 -0.8073 -0.0820
vn -0.5844 -0.8073 -0.0819
vn -0.5843 -0.8074 -0.0820
vn -0.8612 0.4157 -0.2924
vn -0.8612 0.4157 -0.2925
vn -0.8610 0.4159 -0.2927
vn -0.6344 0.7437 -0.2107
vn -0.6346 0.7436 -0.2106
vn -0.6347 0.7437 -0.2101
vn -0.2188 -0.9718 -0.0884
vn -0.2187 -0.9718 -0.0885
vn -0.2188 -0.9718 -0.0880
vn -0.5554 -0.8066 -0.2023
vn -0.5554 -0.8066 -0.2024
vn -0.5554 -0.8065 -0.2025
vn -0.8053 -0.5197 -0.2853
vn -0.8052 -0.5198 -0.2854
vn -0.9330 -0.1559 -0.3243
vn -0.9330 -0.1560 -0.3242
vn -0.9205 0.2310 -0.3152
vn -0.9206 0.2308 -0.3150
vn -0.9205 0.2314 -0.3148
vn -0.7693 0.5843 -0.2583
vn -0.7693 0.5843 -0.2584
vn -0.7693 0.5844 -0.2582
vn -0.3951 -0.9065 -0.1488
vn -0.3952 -0.9065 -0.1485
vn -0.3953 -0.9065 -0.1485
vn -0.6933 -0.6764 -0.2486
vn -0.6933 -0.6765 -0.2484
vn -0.6932 -0.6768 -0.2480
vn -0.8857 -0.3452 -0.3105
vn -0.9446 0.0381 -0.3259
vn -0.9447 0.0382 -0.3256
vn -0.7893 0.4188 -0.4489
vn -0.5837 0.7462 -0.3202
vn -0.5839 0.7458 -0.3208
vn -0.5842 0.7453 -0.3212
vn -0.1949 -0.9707 -0.1406
vn -0.1948 -0.9707 -0.1410
vn -0.1951 -0.9707 -0.1401
vn -0.5034 -0.8043 -0.3156
vn -0.5034 -0.8043 -0.3157
vn -0.5034 -0.8045 -0.3153
vn -0.7328 -0.5166 -0.4429
vn -0.7328 -0.5167 -0.4428
vn -0.7330 -0.5166 -0.4425
vn -0.8515 -0.1521 -0.5018
vn -0.8513 -0.1523 -0.5021
vn -0.8423 0.2350 -0.4851
vn -0.8422 0.2352 -0.4853
vn -0.7057 0.5877 -0.3958
vn -0.7057 0.5876 -0.3959
vn -0.7057 0.5879 -0.3954
vn -0.3562 -0.9048 -0.2334
vn -0.3562 -0.9049 -0.2330
vn -0.3561 -0.9048 -0.2336
vn -0.6302 -0.6734 -0.3866
vn -0.6302 -0.6733 -0.3867
vn -0.6302 -0.6735 -0.3864
vn -0.8073 -0.3416 -0.4813
vn -0.8072 -0.3416 -0.4813
vn -0.8075 -0.3413 -0.4811
vn -0.8633 0.0416 -0.5030
vn -0.8633 0.0417 -0.5029
vn -0.6882 0.4239 -0.5888
vn -0.6882 0.4240 -0.5888
vn -0.6881 0.4238 -0.5890
vn -0.5127 0.7489 -0.4199
vn -0.5126 0.7489 -0.4199
vn -0.5123 0.7491 -0.4199
vn -0.1613 -0.9690 -0.1872
vn -0.1610 -0.9690 -0.1874
vn -0.1606 -0.9690 -0.1877
vn -0.4301 -0.8005 -0.4175
vn -0.4300 -0.8005 -0.4175
vn -0.4303 -0.8004 -0.4174
vn -0.6315 -0.5117 -0.5825
vn -0.6316 -0.5119 -0.5823
vn -0.7374 -0.1469 -0.6593
vn -0.7371 -0.1465 -0.6597
vn -0.7323 0.2407 -0.6370
vn -0.7323 0.2406 -0.6370
vn -0.7322 0.2406 -0.6372
vn -0.6163 0.5928 -0.5185
vn -0.6163 0.5929 -0.5183
vn -0.6168 0.5926 -0.5180
vn -0.3018 -0.9023 -0.3078
vn -0.3017 -0.9023 -0.3081
vn -0.3020 -0.9024 -0.3074
vn -0.5412 -0.6687 -0.5099
vn -0.5412 -0.6687 -0.5098
vn -0.5411 -0.6688 -0.5099
vn -0.6974 -0.3359 -0.6331
vn -0.6975 -0.3358 -0.6330
vn -0.7490 0.0476 -0.6609
vn -0.7490 0.0476 -0.6608
vn -0.5613 0.4310 -0.7066
vn -0.5609 0.4309 -0.7069
vn -0.5613 0.4309 -0.7066
vn -0.4228 0.7536 -0.5033
vn -0.4228 0.7537 -0.5032
vn -0.1196 -0.9668 -0.2258
vn -0.1198 -0.9668 -0.2255
vn -0.3384 -0.7958 -0.5021
vn -0.3383 -0.7957 -0.5024
vn -0.3378 -0.7958 -0.5025
vn -0.5048 -0.5050 -0.7000
vn -0.5047 -0.5051 -0.7001
vn -0.5050 -0.5048 -0.7001
vn -0.5949 -0.1396 -0.7916
vn -0.5950 -0.1394 -0.7915
vn -0.5953 0.2478 -0.7643
vn -0.5955 0.2481 -0.7640
vn -0.5048 0.5995 -0.6211
vn -0.5049 0.5995 -0.6211
vn -0.5050 0.5992 -0.6212
vn -0.2329 -0.8986 -0.3720
vn -0.2333 -0.8986 -0.3717
vn -0.2335 -0.8985 -0.3717
vn -0.4300 -0.6631 -0.6128
vn -0.4300 -0.6630 -0.6128
vn -0.4302 -0.6628 -0.6129
vn -0.5608 -0.3286 -0.7600
vn -0.6070 0.0553 -0.7928
vn -0.4127 0.4395 -0.7978
vn -0.4133 0.4398 -0.7974
vn -0.3182 0.7599 -0.5668
vn -0.3178 0.7599 -0.5671
vn -0.3186 0.7598 -0.5668
vn -0.0695 -0.9640 -0.2566
vn -0.0695 -0.9640 -0.2567
vn -0.0693 -0.9640 -0.2566
vn -0.2317 -0.7901 -0.5675
vn -0.2318 -0.7901 -0.5675
vn -0.2314 -0.7902 -0.5675
vn -0.3579 -0.4975 -0.7902
vn -0.3583 -0.4976 -0.7899
vn -0.3575 -0.4970 -0.7907
vn -0.4299 -0.1303 -0.8934
vn -0.4303 -0.1303 -0.8933
vn -0.4351 0.2571 -0.8629
vn -0.4350 0.2570 -0.8629
vn -0.4354 0.2577 -0.8626
vn -0.3753 0.6070 -0.7005
vn -0.3755 0.6069 -0.7005
vn -0.3748 0.6072 -0.7006
vn -0.1540 -0.8941 -0.4205
vn -0.1539 -0.8941 -0.4205
vn -0.1536 -0.8942 -0.4205
vn -0.3005 -0.6560 -0.6924
vn -0.4019 -0.3202 -0.8579
vn -0.4017 -0.3198 -0.8581
vn -0.4411 0.0655 -0.8951
vn -0.4414 0.0654 -0.8949
vn -0.2511 0.4495 -0.8573
vn -0.2510 0.4494 -0.8573
vn -0.2513 0.4496 -0.8572
vn -0.2029 0.7664 -0.6094
vn -0.2030 0.7664 -0.6094
vn -0.2028 0.7664 -0.6095
vn -0.0171 -0.9610 -0.2761
vn -0.0173 -0.9610 -0.2760
vn -0.0172 -0.9610 -0.2760
vn -0.1146 -0.7835 -0.6108
vn -0.1150 -0.7835 -0.6107
vn -0.1149 -0.7834 -0.6108
vn -0.1956 -0.4889 -0.8501
vn -0.1955 -0.4888 -0.8502
vn -0.2475 -0.1197 -0.9615
vn -0.2476 -0.1200 -0.9614
vn -0.2475 -0.1199 -0.9614
vn -0.2599 0.2681 -0.9277
vn -0.2602 0.2685 -0.9275
vn -0.2608 0.2679 -0.9275
vn -0.2323 0.6152 -0.7534
vn -0.2317 0.6152 -0.7535
vn -0.2328 0.6146 -0.7537
vn -0.0672 -0.8892 -0.4525
vn -0.0672 -0.8892 -0.4526
vn -0.0675 -0.8893 -0.4523
vn -0.1577 -0.6483 -0.7449
vn -0.1576 -0.6483 -0.7449
vn -0.1578 -0.6484 -0.7448
vn -0.2258 -0.3101 -0.9235
vn -0.2257 -0.3101 -0.9235
vn -0.2251 -0.3114 -0.9232
vn -0.2593 0.0763 -0.9628
vn -0.2594 0.0764 -0.9627
vn -0.0794 0.4600 -0.8844
vn -0.0795 0.4600 -0.8843
vn -0.0798 0.4603 -0.8842
vn -0.0818 0.7733 -0.6287
vn -0.0822 0.7735 -0.6284
vn -0.0831 0.7738 -0.6279
vn 0.0397 -0.9577 -0.2851
vn 0.0400 -0.9576 -0.2854
vn 0.0395 -0.9577 -0.2850
vn 0.0084 -0.7763 -0.6303
vn 0.0081 -0.7762 -0.6305
vn 0.0082 -0.7763 -0.6304
vn -0.0241 -0.4788 -0.8776
vn -0.0237 -0.4786 -0.8777
vn -0.0550 -0.1119 -0.9922
vn -0.0515 -0.1146 -0.9921
vn -0.0514 -0.1150 -0.9920
vn -0.0737 0.2801 -0.9571
vn -0.0739 0.2800 -0.9571
vn -0.0827 0.6243 -0.7768
vn -0.0828 0.6241 -0.7770
vn 0.0246 -0.8838 -0.4672
vn 0.0246 -0.8838 -0.4671
vn 0.0250 -0.8838 -0.4671
vn -0.0082 -0.6396 -0.7686
vn -0.0083 -0.6396 -0.7686
vn -0.0081 -0.6397 -0.7686
vn -0.0386 -0.3000 -0.9532
vn -0.0390 -0.2996 -0.9533
vn -0.0693 0.0875 -0.9938
vn -0.0675 0.0907 -0.9936
vn -0.0702 0.0877 -0.9937
vn 0.0934 0.4709 -0.8772
vn 0.0934 0.4709 -0.8773
vn 0.0931 0.4706 -0.8774
vn 0.0391 0.7809 -0.6234
vn 0.0391 0.7810 -0.6233
vn 0.0964 -0.9542 -0.2833
vn 0.0961 -0.9542 -0.2832
vn 0.0963 -0.9542 -0.2831
vn 0.1331 -0.7687 -0.6256
vn 0.1332 -0.7687 -0.6255
vn 0.1334 -0.7686 -0.6256
vn 0.1493 -0.4682 -0.8709
vn 0.1493 -0.4681 -0.8710
vn 0.1494 -0.4682 -0.8709
vn 0.1456 -0.0990 -0.9844
vn 0.1455 -0.0990 -0.9844
vn 0.1419 -0.1031 -0.9845
vn 0.1140 0.2914 -0.9498
vn 0.1143 0.2914 -0.9498
vn 0.0689 0.6332 -0.7709
vn 0.0688 0.6333 -0.7709
vn 0.0691 0.6331 -0.7710
vn 0.1169 -0.8782 -0.4638
vn 0.1175 -0.8782 -0.4637
vn 0.1164 -0.8784 -0.4636
vn 0.1442 -0.6303 -0.7628
vn 0.1441 -0.6304 -0.7628
vn 0.1440 -0.6304 -0.7628
vn 0.1482 -0.2886 -0.9459
vn 0.1481 -0.2883 -0.9460
vn 0.1487 -0.2881 -0.9460
vn 0.1340 0.1022 -0.9857
vn 0.1377 0.0990 -0.9855
vn 0.2621 0.4813 -0.8365
vn 0.2624 0.4814 -0.8363
vn 0.1585 0.7883 -0.5945
vn 0.1587 0.7883 -0.5945
vn 0.1584 0.7882 -0.5947
vn 0.1546 -0.9507 -0.2690
vn 0.1543 -0.9506 -0.2693
vn 0.1546 -0.9507 -0.2689
vn 0.2548 -0.7610 -0.5966
vn 0.2547 -0.7610 -0.5966
vn 0.3178 -0.4578 -0.8303
vn 0.3181 -0.4576 -0.8303
vn 0.3179 -0.4576 -0.8304
vn 0.3334 -0.0833 -0.9391
vn 0.3335 -0.0834 -0.9390
vn 0.2981 0.3024 -0.9054
vn 0.2983 0.3022 -0.9054
vn 0.2166 0.6418 -0.7356
vn 0.2169 0.6419 -0.7355
vn 0.2169 0.6418 -0.7356
vn 0.2087 -0.8723 -0.4422
vn 0.2091 -0.8725 -0.4416
vn 0.2090 -0.8728 -0.4411
vn 0.2916 -0.6212 -0.7274
vn 0.2919 -0.6208 -0.7276
vn 0.2916 -0.6210 -0.7276
vn 0.3320 -0.2769 -0.9017
vn 0.3322 -0.2767 -0.9017
vn 0.3317 -0.2771 -0.9018
vn 0.3224 0.1104 -0.9401
vn 0.3221 0.1105 -0.9402
vn 0.3224 0.1105 -0.9401
vn 0.4191 0.4907 -0.7639
vn 0.4190 0.4907 -0.7640
vn 0.4191 0.4908 -0.7638
vn 0.2698 0.7951 -0.5431
vn 0.2694 0.7953 -0.5430
vn 0.2699 0.7951 -0.5431
vn 0.2037 -0.9475 -0.2463
vn 0.2036 -0.9475 -0.2463
vn 0.2036 -0.9476 -0.2464
vn 0.3683 -0.7536 -0.5445
vn 0.3681 -0.7536 -0.5445
vn 0.3679 -0.7537 -0.5445
vn 0.4752 -0.4469 -0.7579
vn 0.4748 -0.4465 -0.7584
vn 0.4746 -0.4463 -0.7587
vn 0.5101 -0.0722 -0.8570
vn 0.5102 -0.0721 -0.8570
vn 0.5105 -0.0715 -0.8569
vn 0.4678 0.3128 -0.8266
vn 0.4679 0.3128 -0.8266
vn 0.4675 0.3127 -0.8268
vn 0.3548 0.6505 -0.6716
vn 0.3548 0.6505 -0.6715
vn 0.3538 0.6506 -0.6720
vn 0.2918 -0.8672 -0.4034
vn 0.2919 -0.8672 -0.4034
vn 0.2912 -0.8674 -0.4035
vn 0.4297 -0.6117 -0.6642
vn 0.4295 -0.6118 -0.6642
vn 0.5028 -0.2653 -0.8227
vn 0.5025 -0.2654 -0.8228
vn 0.4985 0.1220 -0.8583
vn 0.4985 0.1221 -0.8583
vn 0.4982 0.1220 -0.8584
vn 0.5587 0.4994 -0.6622
vn 0.5587 0.4994 -0.6621
vn 0.5586 0.4995 -0.6622
vn 0.3685 0.8015 -0.4710
vn 0.3686 0.8014 -0.4710
vn 0.3680 0.8015 -0.4713
vn 0.2522 -0.9444 -0.2110
vn 0.2521 -0.9444 -0.2110
vn 0.2526 -0.9444 -0.2103
vn 0.4691 -0.7469 -0.4712
vn 0.4696 -0.7467 -0.4710
vn 0.4690 -0.7470 -0.4712
vn 0.6143 -0.4371 -0.6569
vn 0.6144 -0.4370 -0.6569
vn 0.6669 -0.0620 -0.7426
vn 0.6671 -0.0617 -0.7424
vn 0.6188 0.3224 -0.7164
vn 0.4769 0.6584 -0.5823
vn 0.4767 0.6587 -0.5821
vn 0.4770 0.6584 -0.5823
vn 0.3676 -0.8622 -0.3485
vn 0.3676 -0.8622 -0.3484
vn 0.3681 -0.8621 -0.3483
vn 0.5525 -0.6037 -0.5748
vn 0.5524 -0.6036 -0.5748
vn 0.5525 -0.6038 -0.5746
vn 0.6531 -0.2547 -0.7131
vn 0.6529 -0.2544 -0.7135
vn 0.6554 0.1326 -0.7436
vn 0.6552 0.1322 -0.7438
vn 0.6549 0.1326 -0.7440
vn 0.6755 0.5073 -0.5351
vn 0.6755 0.5073 -0.5352
vn 0.6755 0.5071 -0.5353
vn 0.4513 0.8070 -0.3809
vn 0.4514 0.8070 -0.3808
vn 0.4511 0.8072 -0.3807
vn 0.2895 -0.9420 -0.1700
vn 0.2897 -0.9419 -0.1703
vn 0.2890 -0.9420 -0.1709
vn 0.5538 -0.7410 -0.3798
vn 0.5540 -0.7408 -0.3800
vn 0.5541 -0.7409 -0.3795
vn 0.7316 -0.4292 -0.5297
vn 0.7316 -0.4293 -0.5296
vn 0.7983 -0.0535 -0.5999
vn 0.7983 -0.0532 -0.5999
vn 0.7984 -0.0537 -0.5998
vn 0.7452 0.3309 -0.5790
vn 0.7450 0.3310 -0.5792
vn 0.7447 0.3312 -0.5794
vn 0.5796 0.6654 -0.4705
vn 0.5798 0.6650 -0.4708
vn 0.4304 -0.8580 -0.2803
vn 0.4303 -0.8580 -0.2804
vn 0.4304 -0.8581 -0.2801
vn 0.6551 -0.5967 -0.4633
vn 0.6551 -0.5967 -0.4634
vn 0.6549 -0.5962 -0.4643
vn 0.7798 -0.2455 -0.5758
vn 0.7799 -0.2454 -0.5757
vn 0.7865 0.1415 -0.6012
vn 0.7657 0.5136 -0.3872
vn 0.7651 0.5140 -0.3879
vn 0.7644 0.5145 -0.3885
vn 0.5147 0.8115 -0.2767
vn 0.5147 0.8115 -0.2768
vn 0.3202 -0.9396 -0.1205
vn 0.3202 -0.9396 -0.1206
vn 0.3203 -0.9396 -0.1204
vn 0.6191 -0.7364 -0.2728
vn 0.6191 -0.7365 -0.2726
vn 0.6190 -0.7364 -0.2729
vn 0.8217 -0.4226 -0.3824
vn 0.8216 -0.4227 -0.3825
vn 0.8215 -0.4228 -0.3826
vn 0.8998 -0.0460 -0.4339
vn 0.8996 -0.0463 -0.4342
vn 0.8424 0.3381 -0.4196
vn 0.8423 0.3382 -0.4197
vn 0.6587 0.6709 -0.3406
vn 0.6585 0.6710 -0.3407
vn 0.6584 0.6708 -0.3413
vn 0.4791 -0.8545 -0.2008
vn 0.4791 -0.8545 -0.2009
vn 0.4791 -0.8545 -0.2006
vn 0.7344 -0.5908 -0.3341
vn 0.7344 -0.5908 -0.3340
vn 0.7344 -0.5911 -0.3336
vn 0.8773 -0.2388 -0.4162
vn 0.8774 -0.2388 -0.4162
vn 0.8776 -0.2385 -0.4159
vn 0.8881 0.1488 -0.4350
vn 0.8879 0.1489 -0.4352
vn 0.8240 0.5195 -0.2260
vn 0.8240 0.5196 -0.2260
vn 0.5562 0.8148 -0.1634
vn 0.5561 0.8149 -0.1635
vn 0.5563 0.8148 -0.1633
vn 0.3394 -0.9382 -0.0682
vn 0.3396 -0.9381 -0.0680
vn 0.3395 -0.9381 -0.0680
vn 0.6621 -0.7330 -0.1559
vn 0.6621 -0.7331 -0.1559
vn 0.6620 -0.7332 -0.1556
vn 0.8814 -0.4177 -0.2205
vn 0.8815 -0.4174 -0.2206
vn 0.8815 -0.4175 -0.2207
vn 0.9671 -0.0405 -0.2511
vn 0.9671 -0.0402 -0.2514
vn 0.9671 -0.0405 -0.2513
vn 0.9070 0.3435 -0.2435
vn 0.9070 0.3434 -0.2438
vn 0.9071 0.3432 -0.2438
vn 0.7101 0.6753 -0.1993
vn 0.7101 0.6752 -0.1993
vn 0.7102 0.6752 -0.1993
vn 0.5110 -0.8519 -0.1146
vn 0.5111 -0.8519 -0.1146
vn 0.5107 -0.8520 -0.1148
vn 0.7867 -0.5867 -0.1918
vn 0.7867 -0.5868 -0.1919
vn 0.7866 -0.5869 -0.1917
vn 0.9420 -0.2339 -0.2405
vn 0.9421 -0.2340 -0.2404
vn 0.9553 0.1543 -0.2522
vn 0.9552 0.1541 -0.2525
vn 0.8512 0.5219 -0.0556
vn 0.8513 0.5217 -0.0553
vn 0.5746 0.8172 -0.0437
vn 0.5750 0.8170 -0.0434
vn 0.5754 0.8167 -0.0432
vn 0.3485 -0.9373 -0.0105
vn 0.3484 -0.9373 -0.0104
vn 0.3486 -0.9372 -0.0103
vn 0.6814 -0.7311 -0.0333
vn 0.6814 -0.7312 -0.0334
vn 0.6813 -0.7312 -0.0335
vn 0.9086 -0.4148 -0.0496
vn 0.9086 -0.4148 -0.0499
vn 0.9086 -0.4147 -0.0495
vn 0.9976 -0.0369 -0.0587
vn 0.9976 -0.0371 -0.0584
vn 0.9365 0.3459 -0.0576
vn 0.9364 0.3461 -0.0582
vn 0.9363 0.3463 -0.0577
vn 0.7335 0.6778 -0.0512
vn 0.7335 0.6777 -0.0513
vn 0.5257 -0.8504 -0.0225
vn 0.5259 -0.8503 -0.0223
vn 0.8106 -0.5840 -0.0419
vn 0.8106 -0.5841 -0.0418
vn 0.8106 -0.5840 -0.0422
vn 0.9716 -0.2303 -0.0552
vn 0.9716 -0.2300 -0.0556
vn 0.9857 0.1579 -0.0593
vn 0.9858 0.1570 -0.0602
vn 0.8449 0.5224 0.1153
vn 0.8453 0.5217 0.1151
vn 0.8446 0.5224 0.1170
vn 0.5706 0.8175 0.0780
vn 0.5703 0.8177 0.0783
vn 0.3460 -0.9371 0.0464
vn 0.3460 -0.9371 0.0466
vn 0.3460 -0.9371 0.0465
vn 0.6766 -0.7306 0.0918
vn 0.9018 -0.4142 0.1234
vn 0.9018 -0.4142 0.1233
vn 0.9902 -0.0353 0.1354
vn 0.9901 -0.0348 0.1359
vn 0.9294 0.3462 0.1281
vn 0.9291 0.3470 0.1278
vn 0.9289 0.3480 0.1267
vn 0.7275 0.6789 0.0992
vn 0.7275 0.6790 0.0986
vn 0.7273 0.6792 0.0986
vn 0.5218 -0.8501 0.0706
vn 0.5219 -0.8501 0.0705
vn 0.5218 -0.8501 0.0707
vn 0.8048 -0.5832 0.1099
vn 0.8048 -0.5833 0.1100
vn 0.8047 -0.5835 0.1097
vn 0.9645 -0.2289 0.1320
vn 0.9645 -0.2290 0.1319
vn 0.9644 -0.2289 0.1322
vn 0.9783 0.1586 0.1333
vn 0.9783 0.1585 0.1334
vn 0.8062 0.5199 0.2825
vn 0.8061 0.5199 0.2826
vn 0.8056 0.5204 0.2830
vn 0.5423 0.8173 0.1947
vn 0.5436 0.8167 0.1935
vn 0.5421 0.8174 0.1950
vn 0.3328 -0.9376 0.1012
vn 0.3328 -0.9376 0.1010
vn 0.3327 -0.9376 0.1012
vn 0.6479 -0.7312 0.2133
vn 0.6482 -0.7309 0.2135
vn 0.6476 -0.7316 0.2130
vn 0.8615 -0.4155 0.2918
vn 0.8617 -0.4152 0.2915
vn 0.8619 -0.4151 0.2914
vn 0.9452 -0.0376 0.3242
vn 0.9451 -0.0371 0.3247
vn 0.8863 0.3455 0.3084
vn 0.8862 0.3458 0.3084
vn 0.8861 0.3457 0.3089
vn 0.6928 0.6783 0.2448
vn 0.6929 0.6781 0.2452
vn 0.6930 0.6777 0.2460
vn 0.5004 -0.8508 0.1603
vn 0.5001 -0.8510 0.1600
vn 0.5005 -0.8508 0.1602
vn 0.7694 -0.5845 0.2576
vn 0.7695 -0.5846 0.2572
vn 0.7695 -0.5840 0.2586
vn 0.9208 -0.2302 0.3148
vn 0.9209 -0.2300 0.3146
vn 0.9335 0.1573 0.3223
vn 0.9335 0.1574 0.3222
vn 0.7336 0.5169 0.4412
vn 0.7338 0.5166 0.4413
vn 0.7335 0.5173 0.4410
vn 0.4944 0.8152 0.3018
vn 0.4944 0.8140 0.3049
vn 0.4943 0.8140 0.3051
vn 0.3084 -0.9387 0.1539
vn 0.3084 -0.9387 0.1538
vn 0.5953 -0.7339 0.3270
vn 0.5955 -0.7341 0.3263
vn 0.5959 -0.7333 0.3273
vn 0.7902 -0.4182 0.4480
vn 0.7903 -0.4181 0.4479
vn 0.8639 -0.0418 0.5020
vn 0.8079 0.3421 0.4798
vn 0.8079 0.3421 0.4799
vn 0.8075 0.3425 0.4802
vn 0.6307 0.6760 0.3812
vn 0.6304 0.6740 0.3851
vn 0.6311 0.6733 0.3852
vn 0.4611 -0.8528 0.2452
vn 0.4611 -0.8527 0.2454
vn 0.4611 -0.8528 0.2451
vn 0.7064 -0.5878 0.3943
vn 0.7066 -0.5877 0.3942
vn 0.7067 -0.5876 0.3941
vn 0.8430 -0.2341 0.4842
vn 0.8432 -0.2340 0.4841
vn 0.8519 0.1538 0.5007
vn 0.8519 0.1538 0.5006
vn 0.6319 0.5119 0.5820
vn 0.6319 0.5118 0.5820
vn 0.6315 0.5121 0.5822
vn 0.4196 0.8101 0.4095
vn 0.4203 0.8101 0.4087
vn 0.4187 0.8108 0.4090
vn 0.2745 -0.9404 0.2007
vn 0.2745 -0.9404 0.2009
vn 0.2750 -0.9403 0.2006
vn 0.5223 -0.7379 0.4275
vn 0.5226 -0.7378 0.4274
vn 0.5219 -0.7381 0.4276
vn 0.6883 -0.4239 0.5886
vn 0.6884 -0.4238 0.5886
vn 0.6878 -0.4244 0.5889
vn 0.7492 -0.0474 0.6606
vn 0.7498 -0.0476 0.6600
vn 0.6977 0.3366 0.6324
vn 0.6976 0.3366 0.6325
vn 0.6974 0.3365 0.6328
vn 0.5410 0.6695 0.5090
vn 0.5409 0.6695 0.5091
vn 0.5408 0.6695 0.5093
vn 0.4062 -0.8554 0.3215
vn 0.4066 -0.8557 0.3202
vn 0.4052 -0.8557 0.3219
vn 0.6171 -0.5923 0.5180
vn 0.6172 -0.5924 0.5179
vn 0.6171 -0.5924 0.5178
vn 0.7333 -0.2394 0.6364
vn 0.7331 -0.2394 0.6366
vn 0.7334 -0.2393 0.6363
vn 0.7370 0.1479 0.6595
vn 0.7367 0.1483 0.6598
vn 0.5047 0.5056 0.6998
vn 0.5042 0.5060 0.6998
vn 0.5054 0.5051 0.6996
vn 0.3308 0.8057 0.4914
vn 0.3309 0.8057 0.4912
vn 0.3310 0.8057 0.4913
vn 0.2342 -0.9426 0.2382
vn 0.2340 -0.9426 0.2383
vn 0.2341 -0.9425 0.2384
vn 0.4303 -0.7430 0.5127
vn 0.4304 -0.7430 0.5125
vn 0.4306 -0.7431 0.5122
vn 0.5615 -0.4307 0.7065
vn 0.5616 -0.4307 0.7065
vn 0.5618 -0.4307 0.7063
vn 0.6066 -0.0548 0.7932
vn 0.6066 -0.0546 0.7931
vn 0.6062 -0.0548 0.7934
vn 0.5609 0.3296 0.7595
vn 0.5609 0.3297 0.7594
vn 0.4302 0.6645 0.6111
vn 0.4312 0.6632 0.6117
vn 0.4286 0.6642 0.6125
vn 0.3387 -0.8596 0.3825
vn 0.3395 -0.8594 0.3824
vn 0.3401 -0.8594 0.3819
vn 0.5059 -0.5986 0.6211
vn 0.5058 -0.5988 0.6210
vn 0.5050 -0.5990 0.6215
vn 0.5951 -0.2466 0.7649
vn 0.5951 -0.2467 0.7649
vn 0.5951 -0.2467 0.7648
vn 0.5951 0.1402 0.7913
vn 0.5950 0.1402 0.7914
vn 0.5950 0.1404 0.7914
vn 0.3585 0.4982 0.7895
vn 0.3584 0.4981 0.7896
vn 0.2260 0.8001 0.5557
vn 0.2264 0.8000 0.5557
vn 0.2259 0.8002 0.5556
vn 0.1861 -0.9454 0.2674
vn 0.1856 -0.9455 0.2675
vn 0.1850 -0.9456 0.2675
vn 0.3249 -0.7490 0.5774
vn 0.3251 -0.7490 0.5774
vn 0.3251 -0.7489 0.5775
vn 0.4131 -0.4387 0.7980
vn 0.4132 -0.4388 0.7980
vn 0.4133 -0.4389 0.7978
vn 0.4402 -0.0647 0.8956
vn 0.4396 -0.0647 0.8959
vn 0.4009 0.3200 0.8584
vn 0.4010 0.3201 0.8584
vn 0.4010 0.3201 0.8583
vn 0.3015 0.6561 0.6919
vn 0.3017 0.6560 0.6919
vn 0.2608 -0.8638 0.4310
vn 0.2611 -0.8638 0.4310
vn 0.2619 -0.8635 0.4311
vn 0.3760 -0.6061 0.7009
vn 0.3760 -0.6060 0.7010
vn 0.3768 -0.6056 0.7009
vn 0.4347 -0.2553 0.8636
vn 0.4344 -0.2558 0.8636
vn 0.4342 -0.2555 0.8638
vn 0.4287 0.1308 0.8939
vn 0.4287 0.1305 0.8940
vn 0.4282 0.1310 0.8941
vn 0.1957 0.4886 0.8503
vn 0.1954 0.4885 0.8504
vn 0.1953 0.4882 0.8506
vn 0.1125 0.7937 0.5978
vn 0.1126 0.7935 0.5980
vn 0.1127 0.7934 0.5982
vn 0.1299 -0.9488 0.2881
vn 0.1303 -0.9488 0.2879
vn 0.2074 -0.7559 0.6209
vn 0.2072 -0.7559 0.6210
vn 0.2515 -0.4478 0.8580
vn 0.2513 -0.4476 0.8582
vn 0.2557 -0.0749 0.9638
vn 0.2562 -0.0744 0.9638
vn 0.2239 0.3088 0.9244
vn 0.2238 0.3089 0.9244
vn 0.2229 0.3097 0.9243
vn 0.1591 0.6479 0.7449
vn 0.1593 0.6477 0.7450
vn 0.1591 0.6484 0.7445
vn 0.1716 -0.8690 0.4641
vn 0.1719 -0.8691 0.4639
vn 0.1713 -0.8689 0.4644
vn 0.2339 -0.6138 0.7540
vn 0.2340 -0.6137 0.7540
vn 0.2590 -0.2654 0.9287
vn 0.2596 -0.2655 0.9285
vn 0.2596 -0.2647 0.9287
vn 0.2437 0.1197 0.9625
vn 0.2437 0.1198 0.9624
vn 0.2434 0.1199 0.9625
vn 0.0256 0.4780 0.8780
vn 0.0258 0.4780 0.8780
vn 0.0244 0.4771 0.8785
vn -0.0073 0.7865 0.6176
vn -0.0079 0.7863 0.6178
vn -0.0089 0.7858 0.6184
vn 0.0760 -0.9519 0.2968
vn 0.0759 -0.9519 0.2968
vn 0.0838 -0.7631 0.6408
vn 0.0839 -0.7632 0.6407
vn 0.0841 -0.7633 0.6406
vn 0.0805 -0.4583 0.8852
vn 0.0804 -0.4583 0.8852
vn 0.0802 -0.4581 0.8853
vn 0.0580 -0.0810 0.9950
vn 0.0595 -0.0791 0.9951
vn 0.0649 -0.0795 0.9947
vn 0.0398 0.2962 0.9543
vn 0.0399 0.2962 0.9543
vn 0.0392 0.2969 0.9541
vn 0.0096 0.6391 0.7691
vn 0.0095 0.6391 0.7690
vn 0.0098 0.6391 0.7691
vn 0.0810 -0.8744 0.4784
vn 0.0813 -0.8743 0.4786
vn 0.0818 -0.8742 0.4786
vn 0.0834 -0.6227 0.7780
vn 0.0741 -0.2762 0.9582
vn 0.0742 -0.2761 0.9583
vn 0.0740 -0.2761 0.9583
vn 0.0470 0.1068 0.9932
vn 0.0468 0.1066 0.9932
vn 0.0476 0.1076 0.9931
vn -0.1478 0.4668 0.8719
vn -0.1477 0.4670 0.8718
vn -0.1483 0.4672 0.8717
vn -0.1315 0.7785 0.6137
vn -0.1312 0.7785 0.6137
vn 0.0158 -0.9555 0.2945
vn 0.0160 -0.9555 0.2945
vn -0.0412 -0.7707 0.6359
vn -0.0410 -0.7707 0.6359
vn -0.0415 -0.7708 0.6358
vn -0.0933 -0.4687 0.8784
vn -0.0931 -0.4685 0.8786
vn -0.1275 -0.0904 0.9877
vn -0.1263 -0.0909 0.9878
vn -0.1312 -0.0916 0.9871
vn -0.1468 0.2849 0.9473
vn -0.1466 0.2848 0.9473
vn -0.1464 0.2862 0.9469
vn -0.1425 0.6302 0.7633
vn -0.1424 0.6305 0.7630
vn -0.1421 0.6307 0.7629
vn -0.0131 -0.8801 0.4747
vn -0.0128 -0.8800 0.4748
vn -0.0137 -0.8800 0.4748
vn -0.0685 -0.6319 0.7720
vn -0.0686 -0.6318 0.7721
vn -0.0683 -0.6319 0.7720
vn -0.1142 -0.2875 0.9510
vn -0.1141 -0.2876 0.9509
vn -0.1362 0.0935 0.9863
vn -0.1363 0.0937 0.9862
vn -0.1369 0.0948 0.9860
vn -0.3154 0.4559 0.8323
vn -0.3153 0.4559 0.8323
vn -0.3157 0.4560 0.8321
vn -0.2499 0.7713 0.5854
vn -0.2498 0.7714 0.5853
vn -0.2499 0.7713 0.5853
vn -0.0367 -0.9587 0.2820
vn -0.0366 -0.9588 0.2818
vn -0.0371 -0.9587 0.2819
vn -0.1628 -0.7779 0.6069
vn -0.1627 -0.7779 0.6069
vn -0.1625 -0.7781 0.6068
vn -0.2611 -0.4787 0.8382
vn -0.2611 -0.4787 0.8383
vn -0.3181 -0.1085 0.9418
vn -0.3182 -0.1085 0.9418
vn -0.3183 -0.1094 0.9416
vn -0.3288 0.2754 0.9034
vn -0.3288 0.2755 0.9033
vn -0.3283 0.2759 0.9034
vn -0.2895 0.6216 0.7279
vn -0.2896 0.6215 0.7279
vn -0.1014 -0.8857 0.4531
vn -0.1013 -0.8854 0.4537
vn -0.1009 -0.8852 0.4541
vn -0.2161 -0.6410 0.7365
vn -0.2160 -0.6409 0.7366
vn -0.2964 -0.2997 0.9068
vn -0.2962 -0.3000 0.9068
vn -0.2963 -0.2985 0.9072
vn -0.3289 0.0831 0.9407
vn -0.3290 0.0832 0.9407
vn -0.4731 0.4466 0.7595
vn -0.4734 0.4464 0.7593
vn -0.4730 0.4464 0.7596
vn -0.3598 0.7645 0.5349
vn -0.3598 0.7644 0.5350
vn -0.3605 0.7644 0.5346
vn -0.0917 -0.9621 0.2568
vn -0.0918 -0.9621 0.2567
vn -0.0914 -0.9621 0.2569
vn -0.2764 -0.7851 0.5542
vn -0.2763 -0.7852 0.5542
vn -0.2762 -0.7852 0.5542
vn -0.4181 -0.4889 0.7657
vn -0.4182 -0.4890 0.7655
vn -0.4186 -0.4895 0.7649
vn -0.4960 -0.1203 0.8599
vn -0.4959 -0.1208 0.8599
vn -0.4960 -0.1209 0.8598
vn -0.5003 0.2645 0.8244
vn -0.5003 0.2646 0.8244
vn -0.5007 0.2650 0.8241
vn -0.4271 0.6124 0.6653
vn -0.4275 0.6118 0.6656
vn -0.4288 0.6119 0.6646
vn -0.1885 -0.8907 0.4137
vn -0.1878 -0.8910 0.4133
vn -0.1887 -0.8905 0.4139
vn -0.3543 -0.6498 0.6725
vn -0.3545 -0.6497 0.6724
vn -0.4657 -0.3107 0.8286
vn -0.4658 -0.3110 0.8284
vn -0.4659 -0.3112 0.8283
vn -0.5075 0.0736 0.8585
vn -0.5075 0.0737 0.8585
vn -0.5072 0.0719 0.8588
vn -0.6132 0.4374 0.6577
vn -0.6135 0.4370 0.6577
vn -0.6135 0.4372 0.6577
vn -0.4603 0.7576 0.4628
vn -0.4601 0.7572 0.4637
vn -0.4601 0.7580 0.4623
vn -0.1360 -0.9649 0.2247
vn -0.1361 -0.9649 0.2246
vn -0.3768 -0.7915 0.4812
vn -0.3769 -0.7916 0.4810
vn -0.5583 -0.4984 0.6633
vn -0.5582 -0.4986 0.6631
vn -0.5583 -0.4988 0.6629
vn -0.6545 -0.1314 0.7445
vn -0.6547 -0.1313 0.7444
vn -0.6521 0.2542 0.7143
vn -0.6521 0.2543 0.7142
vn -0.5510 0.6039 0.5759
vn -0.2613 -0.8955 0.3603
vn -0.2613 -0.8955 0.3604
vn -0.2611 -0.8955 0.3604
vn -0.4768 -0.6576 0.5833
vn -0.4767 -0.6576 0.5833
vn -0.4766 -0.6577 0.5834
vn -0.6183 -0.3206 0.7176
vn -0.6183 -0.3205 0.7177
vn -0.6658 0.0631 0.7435
vn -0.6658 0.0628 0.7434
vn -0.6659 0.0626 0.7434
vn -0.7312 0.4293 0.5301
vn -0.7312 0.4293 0.5302
vn -0.7311 0.4289 0.5306
vn -0.5435 0.7519 0.3732
vn -0.5435 0.7518 0.3734
vn -0.5434 0.7518 0.3736
vn -0.1755 -0.9675 0.1822
vn -0.1756 -0.9675 0.1819
vn -0.1755 -0.9675 0.1820
vn -0.4615 -0.7972 0.3893
vn -0.4616 -0.7972 0.3892
vn -0.4617 -0.7971 0.3891
vn -0.6755 -0.5063 0.5361
vn -0.6755 -0.5063 0.5360
vn -0.6754 -0.5060 0.5365
vn -0.7864 -0.1407 0.6014
vn -0.7865 -0.1409 0.6013
vn -0.7796 0.2455 0.5761
vn -0.6547 0.5968 0.4639
vn -0.6544 0.5960 0.4653
vn -0.6547 0.5969 0.4638
vn -0.3253 -0.8996 0.2914
vn -0.3253 -0.8995 0.2916
vn -0.5795 -0.6644 0.4720
vn -0.5795 -0.6643 0.4720
vn -0.5795 -0.6645 0.4718
vn -0.7452 -0.3296 0.5797
vn -0.7457 -0.3290 0.5794
vn -0.7981 0.0538 0.6002
vn -0.7982 0.0536 0.6000
vn -0.8213 0.4224 0.3834
vn -0.8212 0.4225 0.3835
vn -0.8217 0.4220 0.3831
vn -0.6073 0.7474 0.2694
vn -0.6071 0.7477 0.2690
vn -0.6068 0.7476 0.2701
vn -0.2044 -0.9695 0.1350
vn -0.2044 -0.9695 0.1349
vn -0.2045 -0.9695 0.1349
vn -0.5268 -0.8015 0.2831
vn -0.5270 -0.8011 0.2836
vn -0.5268 -0.8012 0.2840
vn -0.7659 -0.5126 0.3882
vn -0.7659 -0.5125 0.3882
vn -0.7661 -0.5124 0.3880
vn -0.8883 -0.1480 0.4347
vn -0.8884 -0.1477 0.4347
vn -0.8773 0.2384 0.4166
vn -0.8774 0.2383 0.4165
vn -0.7334 0.5907 0.3366
vn -0.7336 0.5901 0.3371
vn -0.7339 0.5904 0.3358
vn -0.3731 -0.9028 0.2137
vn -0.3731 -0.9029 0.2136
vn -0.3731 -0.9028 0.2141
vn -0.6591 -0.6698 0.3420
vn -0.6590 -0.6699 0.3420
vn -0.6590 -0.6699 0.3421
vn -0.8430 -0.3367 0.4196
vn -0.8430 -0.3366 0.4195
vn -0.8998 0.0453 0.4340
vn -0.8998 0.0455 0.4339
vn -0.9001 0.0451 0.4334
vn -0.8817 0.4166 0.2213
vn -0.8817 0.4167 0.2214
vn -0.8818 0.4165 0.2212
vn -0.6491 0.7446 0.1558
vn -0.6492 0.7446 0.1555
vn -0.6494 0.7444 0.1555
vn -0.2252 -0.9711 0.0789
vn -0.2251 -0.9711 0.0791
vn -0.2251 -0.9711 0.0792
vn -0.5698 -0.8048 0.1663
vn -0.5699 -0.8047 0.1662
vn -0.5697 -0.8049 0.1659
vn -0.8251 -0.5176 0.2264
vn -0.8251 -0.5175 0.2266
vn -0.9556 -0.1532 0.2517
vn -0.9556 -0.1529 0.2519
vn -0.9555 -0.1532 0.2522
vn -0.9424 0.2331 0.2400
vn -0.9424 0.2331 0.2399
vn -0.7870 0.5856 0.1940
vn -0.7872 0.5853 0.1943
vn -0.7871 0.5857 0.1937
vn -0.4059 -0.9053 0.1252
vn -0.4059 -0.9053 0.1253
vn -0.4060 -0.9053 0.1250
vn -0.7114 -0.6736 0.2004
vn -0.7112 -0.6738 0.2005
vn -0.7113 -0.6737 0.2005
vn -0.9076 -0.3414 0.2442
vn -0.9076 -0.3417 0.2438
vn -0.9077 -0.3413 0.2443
vn -0.9673 0.0403 0.2505
vn -0.9673 0.0402 0.2504
vn -0.0380 -0.9992 -0.0074
vn -0.0338 -0.9991 -0.0252
vn -0.0259 -0.9988 -0.0424
vn -0.0135 -0.9982 -0.0592
vn -0.0006 -0.9974 -0.0714
vn 0.0176 -0.9964 -0.0827
vn 0.0338 -0.9955 -0.0886
vn 0.0530 -0.9944 -0.0916
vn 0.0718 -0.9933 -0.0909
vn 0.0939 -0.9919 -0.0856
vn 0.1079 -0.9910 -0.0791
vn 0.1266 -0.9898 -0.0656
vn 0.1374 -0.9890 -0.0539
vn 0.1487 -0.9883 -0.0354
vn 0.1547 -0.9878 -0.0190
vn 0.1579 -0.9875 0.0017
vn 0.1571 -0.9874 0.0205
vn 0.1527 -0.9875 0.0386
vn 0.1442 -0.9879 0.0569
vn 0.1330 -0.9885 0.0722
vn 0.1190 -0.9892 0.0851
vn 0.1036 -0.9901 0.0947
vn 0.0835 -0.9913 0.1020
vn 0.0667 -0.9923 0.1045
vn 0.0444 -0.9936 0.1037
vn 0.0291 -0.9945 0.1003
vn 0.0079 -0.9959 0.0905
vn -0.0050 -0.9967 0.0811
vn -0.0196 -0.9977 0.0654
vn -0.0285 -0.9983 0.0507
vn -0.0361 -0.9989 0.0305
vn -0.9089 0.4141 0.0500
vn -0.9088 0.4141 0.0501
vn -0.9089 0.4139 0.0499
vn -0.6695 0.7421 0.0317
vn -0.6698 0.7419 0.0313
vn -0.6696 0.7421 0.0308
vn -0.2339 -0.9719 0.0247
vn -0.2340 -0.9719 0.0250
vn -0.5893 -0.8068 0.0430
vn -0.5892 -0.8068 0.0431
vn -0.5891 -0.8069 0.0432
vn -0.8521 -0.5204 0.0556
vn -0.8520 -0.5205 0.0558
vn -0.9858 -0.1567 0.0600
vn -0.9858 -0.1572 0.0594
vn -0.9718 0.2292 0.0556
vn -0.9718 0.2291 0.0558
vn -0.8113 0.5831 0.0417
vn -0.8111 0.5834 0.0413
vn -0.8115 0.5828 0.0423
vn -0.0388 -0.9992 0.0137
vn -0.4202 -0.9068 0.0342
vn -0.4203 -0.9067 0.0342
vn -0.4203 -0.9067 0.0345
vn -0.7351 -0.6761 0.0505
vn -0.7351 -0.6761 0.0506
vn -0.7349 -0.6763 0.0502
vn -0.9369 -0.3447 0.0589
vn -0.9369 -0.3445 0.0591
vn -0.9976 0.0372 0.0591
vn -0.9976 0.0371 0.0593
vn -0.6321 0.7741 0.0344
vn -0.6303 0.7756 0.0345
vn -0.6290 0.7767 0.0341
vn -0.6139 0.7768 0.1405
vn -0.6154 0.7754 0.1414
vn -0.6122 0.7782 0.1401
vn -0.5747 0.7779 0.2541
vn -0.5752 0.7777 0.2535
vn -0.5742 0.7781 0.2545
vn -0.5141 0.7836 0.3487
vn -0.5146 0.7827 0.3501
vn -0.5158 0.7834 0.3467
vn -0.4359 0.7878 0.4353
vn -0.4354 0.7880 0.4352
vn -0.4342 0.7880 0.4365
vn -0.3426 0.7938 0.5026
vn -0.3437 0.7932 0.5027
vn -0.3451 0.7925 0.5028
vn -0.2401 0.7992 0.5510
vn -0.2402 0.7991 0.5511
vn -0.1285 0.8058 0.5780
vn -0.1286 0.8059 0.5779
vn -0.0112 0.8126 0.5827
vn -0.0110 0.8124 0.5830
vn -0.0111 0.8124 0.5830
vn 0.1022 0.8188 0.5649
vn 0.1025 0.8186 0.5652
vn 0.1019 0.8188 0.5649
vn 0.2110 0.8250 0.5242
vn 0.2100 0.8256 0.5238
vn 0.2129 0.8243 0.5245
vn 0.3114 0.8308 0.4612
vn 0.3093 0.8316 0.4612
vn 0.3118 0.8307 0.4612
vn 0.3911 0.8385 0.3794
vn 0.3918 0.8397 0.3760
vn 0.3916 0.8402 0.3752
vn 0.4595 0.8424 0.2813
vn 0.4596 0.8425 0.2811
vn 0.4595 0.8426 0.2810
vn 0.5057 0.8437 0.1802
vn 0.5056 0.8437 0.1804
vn 0.5320 0.8436 0.0731
vn 0.5321 0.8435 0.0731
vn 0.5319 0.8437 0.0730
vn 0.5376 0.8421 -0.0431
vn 0.5374 0.8423 -0.0429
vn 0.5374 0.8422 -0.0434
vn 0.5207 0.8395 -0.1550
vn 0.5209 0.8394 -0.1553
vn 0.4817 0.8362 -0.2623
vn 0.4815 0.8363 -0.2621
vn 0.4821 0.8358 -0.2627
vn 0.4222 0.8321 -0.3597
vn 0.4221 0.8318 -0.3606
vn 0.3440 0.8270 -0.4447
vn 0.3440 0.8271 -0.4446
vn 0.3446 0.8266 -0.4449
vn 0.2507 0.8209 -0.5131
vn 0.2508 0.8210 -0.5130
vn 0.2518 0.8203 -0.5135
vn 0.1462 0.8139 -0.5623
vn 0.1464 0.8137 -0.5626
vn 0.0327 0.8074 -0.5892
vn 0.0325 0.8072 -0.5893
vn 0.0320 0.8069 -0.5899
vn -0.0811 0.8013 -0.5927
vn -0.0814 0.8015 -0.5924
vn -0.0825 0.8015 -0.5922
vn -0.1955 0.7947 -0.5746
vn -0.1958 0.7949 -0.5743
vn -0.3035 0.7886 -0.5347
vn -0.3033 0.7888 -0.5346
vn -0.3033 0.7887 -0.5348
vn -0.4016 0.7834 -0.4744
vn -0.4016 0.7834 -0.4743
vn -0.4011 0.7835 -0.4745
vn -0.4877 0.7785 -0.3952
vn -0.4874 0.7786 -0.3952
vn -0.4874 0.7787 -0.3950
vn -0.5543 0.7751 -0.3033
vn -0.5545 0.7750 -0.3032
vn -0.5549 0.7746 -0.3034
vn -0.6031 0.7729 -0.1975
vn -0.6027 0.7732 -0.1974
vn -0.6024 0.7735 -0.1971
vn -0.6279 0.7730 -0.0902
vn -0.6278 0.7732 -0.0898
vn -0.6277 0.7732 -0.0903
vn -0.5262 0.8484 -0.0572
vn -0.5256 0.8490 -0.0545
vn -0.5253 0.8492 -0.0544
vn -0.6770 0.7312 -0.0836
vn -0.6812 0.7279 -0.0787
vn -0.6774 0.7306 -0.0858
vn -0.3530 0.9351 -0.0330
vn -0.3518 0.9355 -0.0325
vn -0.3529 0.9352 -0.0306
vn -0.6530 0.7294 -0.2038
vn -0.6545 0.7284 -0.2024
vn -0.6529 0.7294 -0.2043
vn -0.3396 0.9369 -0.0825
vn -0.3418 0.9362 -0.0821
vn -0.3402 0.9365 -0.0850
vn -0.5039 0.8514 -0.1459
vn -0.5056 0.8505 -0.1448
vn -0.5038 0.8512 -0.1471
vn -0.6011 0.7319 -0.3210
vn -0.6009 0.7320 -0.3210
vn -0.6014 0.7316 -0.3211
vn -0.3167 0.9383 -0.1388
vn -0.3168 0.9383 -0.1387
vn -0.3160 0.9383 -0.1403
vn -0.4661 0.8530 -0.2348
vn -0.4658 0.8526 -0.2368
vn -0.4658 0.8525 -0.2374
vn -0.5262 0.7365 -0.4251
vn -0.5268 0.7377 -0.4222
vn -0.5275 0.7377 -0.4214
vn -0.2766 0.9409 -0.1956
vn -0.2763 0.9409 -0.1957
vn -0.4093 0.8558 -0.3164
vn -0.4094 0.8557 -0.3163
vn -0.4314 0.7430 -0.5118
vn -0.4312 0.7430 -0.5118
vn -0.4318 0.7428 -0.5117
vn -0.2351 0.9434 -0.2339
vn -0.2342 0.9433 -0.2353
vn -0.2338 0.9432 -0.2361
vn -0.3383 0.8597 -0.3828
vn -0.3382 0.8596 -0.3831
vn -0.3391 0.8599 -0.3815
vn -0.3243 0.7490 -0.5778
vn -0.3250 0.7495 -0.5768
vn -0.3253 0.7496 -0.5765
vn -0.1771 0.9468 -0.2688
vn -0.1769 0.9465 -0.2699
vn -0.1795 0.9461 -0.2695
vn -0.2581 0.8646 -0.4311
vn -0.2557 0.8653 -0.4311
vn -0.2588 0.8644 -0.4311
vn -0.2074 0.7563 -0.6205
vn -0.2075 0.7563 -0.6204
vn -0.2072 0.7562 -0.6207
vn -0.1275 0.9492 -0.2878
vn -0.1290 0.9492 -0.2870
vn -0.1302 0.9491 -0.2869
vn -0.1702 0.8701 -0.4626
vn -0.1722 0.8704 -0.4613
vn -0.1724 0.8705 -0.4609
vn -0.0842 0.7634 -0.6405
vn -0.0857 0.7640 -0.6395
vn -0.0862 0.7644 -0.6390
vn -0.0725 0.9524 -0.2960
vn -0.0803 0.8760 -0.4756
vn -0.0800 0.8761 -0.4755
vn 0.0404 0.7716 -0.6348
vn 0.0405 0.7716 -0.6348
vn 0.0412 0.7714 -0.6350
vn -0.0206 0.9555 -0.2942
vn -0.0209 0.9556 -0.2940
vn -0.0210 0.9555 -0.2941
vn 0.0102 0.8816 -0.4719
vn 0.0098 0.8818 -0.4715
vn 0.0094 0.8817 -0.4718
vn 0.1622 0.7788 -0.6059
vn 0.1624 0.7790 -0.6057
vn 0.1619 0.7787 -0.6062
vn 0.0377 0.9591 -0.2806
vn 0.0358 0.9588 -0.2819
vn 0.0390 0.9593 -0.2797
vn 0.1017 0.8871 -0.4503
vn 0.1018 0.8870 -0.4504
vn 0.1028 0.8873 -0.4496
vn 0.2752 0.7859 -0.5537
vn 0.0860 0.9617 -0.2601
vn 0.0862 0.9617 -0.2601
vn 0.0883 0.9620 -0.2583
vn 0.1849 0.8918 -0.4129
vn 0.1850 0.8919 -0.4126
vn 0.1850 0.8920 -0.4124
vn 0.3754 0.7924 -0.4808
vn 0.3741 0.7928 -0.4812
vn 0.3735 0.7931 -0.4811
vn 0.1356 0.9649 -0.2248
vn 0.1354 0.9648 -0.2253
vn 0.1356 0.9650 -0.2243
vn 0.2594 0.8965 -0.3591
vn 0.2593 0.8965 -0.3593
vn 0.2597 0.8967 -0.3584
vn 0.4623 0.7988 -0.3850
vn 0.4622 0.7983 -0.3861
vn 0.4624 0.7989 -0.3846
vn 0.1779 0.9678 -0.1783
vn 0.1748 0.9681 -0.1796
vn 0.1747 0.9679 -0.1809
vn 0.3250 0.9008 -0.2879
vn 0.3250 0.9008 -0.2878
vn 0.3246 0.9008 -0.2884
vn 0.5274 0.8024 -0.2792
vn 0.5274 0.8024 -0.2793
vn 0.5276 0.8023 -0.2791
vn 0.2057 0.9700 -0.1298
vn 0.2056 0.9699 -0.1300
vn 0.2056 0.9699 -0.1301
vn 0.3736 0.9038 -0.2087
vn 0.3735 0.9036 -0.2098
vn 0.3733 0.9040 -0.2082
vn 0.5706 0.8053 -0.1610
vn 0.5696 0.8058 -0.1622
vn 0.5687 0.8064 -0.1622
vn 0.2260 0.9713 -0.0747
vn 0.2258 0.9713 -0.0745
vn 0.2258 0.9713 -0.0742
vn 0.4059 0.9060 -0.1196
vn 0.4059 0.9060 -0.1197
vn 0.4057 0.9061 -0.1200
vn 0.5880 0.8079 -0.0402
vn 0.5862 0.8090 -0.0440
vn 0.5853 0.8096 -0.0438
vn 0.2347 0.9720 -0.0142
vn 0.2340 0.9721 -0.0156
vn 0.2341 0.9721 -0.0163
vn 0.4194 0.9073 -0.0293
vn 0.4184 0.9079 -0.0271
vn 0.4193 0.9074 -0.0300
vn 0.5798 0.8101 0.0870
vn 0.5800 0.8100 0.0867
vn 0.5794 0.8103 0.0875
vn 0.2310 0.9722 0.0398
vn 0.2324 0.9719 0.0386
vn 0.2316 0.9720 0.0409
vn 0.4139 0.9080 0.0644
vn 0.4137 0.9081 0.0647
vn 0.4135 0.9082 0.0643
vn 0.5515 0.8087 0.2045
vn 0.5475 0.8106 0.2079
vn 0.5515 0.8090 0.2034
vn 0.2183 0.9712 0.0958
vn 0.2184 0.9712 0.0958
vn 0.2186 0.9712 0.0947
vn 0.3912 0.9069 0.1564
vn 0.3934 0.9064 0.1539
vn 0.3907 0.9071 0.1567
vn 0.4983 0.8087 0.3125
vn 0.5005 0.8079 0.3110
vn 0.4979 0.8090 0.3125
vn 0.1957 0.9701 0.1436
vn 0.1950 0.9700 0.1453
vn 0.1954 0.9699 0.1452
vn 0.3550 0.9048 0.2350
vn 0.3552 0.9060 0.2303
vn 0.3562 0.9057 0.2298
vn 0.4320 0.8053 0.4060
vn 0.4319 0.8053 0.4061
vn 0.4320 0.8054 0.4059
vn 0.1694 0.9689 0.1802
vn 0.1680 0.9690 0.1812
vn 0.1702 0.9689 0.1795
vn 0.3059 0.9041 0.2983
vn 0.3076 0.9037 0.2977
vn 0.3054 0.9040 0.2993
vn 0.3312 0.8000 0.5002
vn 0.3393 0.7976 0.4986
vn 0.3301 0.8007 0.4999
vn 0.1233 0.9672 0.2220
vn 0.1235 0.9672 0.2218
vn 0.2364 0.9005 0.3649
vn 0.2360 0.9002 0.3659
vn 0.2350 0.8999 0.3675
vn 0.2285 0.7917 0.5666
vn 0.2283 0.7916 0.5668
vn 0.2286 0.7916 0.5667
vn 0.0640 0.9639 0.2583
vn 0.0641 0.9640 0.2582
vn 0.0640 0.9640 0.2582
vn 0.1494 0.8954 0.4195
vn 0.1472 0.8956 0.4198
vn 0.1496 0.8952 0.4198
vn 0.1102 0.7847 0.6100
vn 0.1104 0.7848 0.6098
vn 0.1104 0.7847 0.6100
vn 0.0064 0.9602 0.2791
vn 0.0083 0.9605 0.2781
vn 0.0092 0.9606 0.2778
vn 0.0605 0.8904 0.4511
vn 0.0609 0.8907 0.4504
vn 0.0615 0.8907 0.4504
vn -0.0152 0.7773 0.6290
vn -0.0217 0.7794 0.6262
vn -0.0145 0.7771 0.6292
vn -0.0527 0.9564 0.2873
vn -0.0529 0.9564 0.2871
vn -0.0524 0.9563 0.2876
vn -0.0390 0.8841 0.4657
vn -0.0378 0.8838 0.4664
vn -0.0393 0.8840 0.4659
vn -0.1484 0.7710 0.6193
vn -0.1482 0.7710 0.6193
vn -0.1487 0.7712 0.6190
vn -0.1236 0.9508 0.2840
vn -0.1187 0.9516 0.2835
vn -0.1170 0.9519 0.2832
vn -0.1360 0.8764 0.4620
vn -0.1336 0.8773 0.4610
vn -0.1327 0.8772 0.4614
vn -0.2666 0.7624 0.5896
vn -0.1759 0.9468 0.2695
vn -0.1745 0.9468 0.2703
vn -0.1763 0.9469 0.2690
vn -0.2345 0.8690 0.4357
vn -0.2323 0.8683 0.4382
vn -0.2355 0.8688 0.4356
vn -0.3835 0.7588 0.5264
vn -0.3836 0.7589 0.5263
vn -0.3828 0.7590 0.5267
vn -0.2511 0.9389 0.2352
vn -0.2533 0.9386 0.2341
vn -0.2514 0.9390 0.2346
vn -0.3117 0.8653 0.3926
vn -0.4764 0.7518 0.4558
vn -0.4664 0.7564 0.4586
vn -0.4656 0.7569 0.4585
vn -0.2531 0.9391 0.2323
vn -0.3813 0.8593 0.3409
vn -0.5576 0.7493 0.3572
vn -0.3125 0.9349 0.1681
vn -0.3126 0.9349 0.1679
vn -0.3123 0.9350 0.1681
vn -0.4377 0.8525 0.2857
vn -0.6105 0.7388 0.2853
vn -0.6131 0.7370 0.2844
vn -0.6138 0.7366 0.2841
vn -0.3199 0.9345 0.1560
vn -0.3197 0.9344 0.1571
vn -0.3200 0.9346 0.1555
vn -0.4786 0.8500 0.2201
vn -0.6581 0.7337 0.1692
vn -0.6582 0.7336 0.1691
vn -0.6584 0.7335 0.1685
vn -0.3505 0.9338 0.0721
vn -0.3496 0.9341 0.0724
vn -0.3497 0.9339 0.0740
vn -0.5120 0.8489 0.1311
vn -0.1685 0.9857 -0.0061
vn -0.1726 0.9849 -0.0108
vn -0.1722 0.9850 -0.0099
vn -0.1655 0.9860 -0.0185
vn -0.1554 0.9870 -0.0400
vn -0.1353 0.9885 -0.0676
vn -0.1228 0.9893 -0.0791
vn -0.0943 0.9908 -0.0967
vn -0.0857 0.9910 -0.1031
vn -0.0854 0.9910 -0.1028
vn -0.0832 0.9914 -0.1008
vn -0.0627 0.9926 -0.1042
vn -0.0614 0.9925 -0.1059
vn -0.0614 0.9925 -0.1060
vn -0.0522 0.9932 -0.1039
vn -0.0308 0.9946 -0.0988
vn -0.0148 0.9957 -0.0915
vn 0.0033 0.9969 -0.0783
vn 0.0186 0.9979 -0.0616
vn 0.0283 0.9986 -0.0456
vn 0.0355 0.9990 -0.0255
vn 0.0387 0.9992 -0.0044
vn 0.0379 0.9992 0.0130
vn 0.0328 0.9989 0.0330
vn 0.0262 0.9986 0.0468
vn 0.0261 0.9985 0.0481
vn 0.0260 0.9985 0.0482
vn 0.0209 0.9983 0.0540
vn 0.0030 0.9975 0.0704
vn -0.0215 0.9961 0.0852
vn -0.0466 0.9944 0.0944
vn -0.0657 0.9931 0.0975
vn -0.1021 0.9901 0.0963
vn -0.1073 0.9897 0.0951
vn -0.1125 0.9891 0.0952
vn -0.1125 0.9892 0.0939
vn -0.1552 0.9851 0.0747
vn -0.1312 0.9871 0.0918
vn -0.1646 0.9848 0.0559
vn -0.1538 0.9854 0.0737
vn -0.1715 0.9849 0.0245
vn -0.1742 0.9843 0.0302
vn -0.1745 0.9842 0.0292
vn -0.6788 0.7326 0.0502
vn -0.6805 0.7312 0.0485
vn -0.6812 0.7306 0.0480
vn -0.3545 0.9342 0.0405
vn -0.3556 0.9336 0.0434
vn -0.3553 0.9339 0.0397
vn -0.5278 0.8483 0.0430
vn -0.5298 0.8467 0.0482
vn -0.5268 0.8490 0.0414
vn -0.1704 0.9848 0.0325
vn -0.8453 -0.5215 -0.1160
vn -0.8456 -0.5212 -0.1158
vn -0.8457 -0.5210 -0.1156
vn -0.9781 -0.1583 -0.1352
vn -0.9781 -0.1597 -0.1338
vn -0.9628 0.2382 -0.1274
vn -0.9628 0.2382 -0.1273
vn -0.9629 0.2378 -0.1271
vn -0.7995 0.5915 -0.1048
vn -0.7995 0.5914 -0.1050
vn -0.7994 0.5915 -0.1048
vn -0.4148 -0.9080 -0.0583
vn -0.4146 -0.9081 -0.0586
vn -0.4149 -0.9080 -0.0586
vn -0.7282 -0.6780 -0.1002
vn -0.7282 -0.6780 -0.1003
vn -0.7283 -0.6778 -0.1006
vn -0.9295 -0.3463 -0.1273
vn -0.9295 -0.3462 -0.1274
vn -0.9906 0.0414 -0.1307
vn -0.9905 0.0400 -0.1318
vn -0.9895 0.0403 -0.1391
vn -0.8988 0.4216 -0.1201
vn -0.8994 0.4207 -0.1186
vn -0.8984 0.4225 -0.1198
vn -0.6601 0.7463 -0.0860
vn -0.6600 0.7463 -0.0862
vn -0.6601 0.7462 -0.0860
vn -0.2289 -0.9729 -0.0341
vn -0.2289 -0.9728 -0.0345
vn -0.2289 -0.9728 -0.0349
vn -0.5835 -0.8081 -0.0813
vn -0.5835 -0.8081 -0.0812
vn -0.5834 -0.8081 -0.0813
vn -0.8597 0.4219 -0.2879
vn -0.8603 0.4211 -0.2873
vn -0.8590 0.4228 -0.2888
vn -0.6332 0.7468 -0.2034
vn -0.6344 0.7462 -0.2017
vn -0.6325 0.7475 -0.2030
vn -0.2155 -0.9723 -0.0900
vn -0.2154 -0.9724 -0.0901
vn -0.2154 -0.9723 -0.0907
vn -0.5541 -0.8076 -0.2018
vn -0.5540 -0.8078 -0.2015
vn -0.5545 -0.8073 -0.2021
vn -0.8050 -0.5208 -0.2841
vn -0.8051 -0.5206 -0.2843
vn -0.9327 -0.1563 -0.3250
vn -0.9328 -0.1563 -0.3249
vn -0.9189 0.2394 -0.3136
vn -0.9185 0.2388 -0.3151
vn -0.9191 0.2357 -0.3156
vn -0.7656 0.5922 -0.2511
vn -0.7656 0.5917 -0.2524
vn -0.7659 0.5914 -0.2524
vn -0.3933 -0.9073 -0.1486
vn -0.3927 -0.9075 -0.1492
vn -0.3924 -0.9076 -0.1493
vn -0.6927 -0.6775 -0.2474
vn -0.6928 -0.6774 -0.2475
vn -0.6927 -0.6776 -0.2470
vn -0.8856 -0.3457 -0.3102
vn -0.8856 -0.3460 -0.3099
vn -0.9443 0.0412 -0.3266
vn -0.9443 0.0411 -0.3266
vn -0.9442 0.0419 -0.3268
vn -0.7885 0.4216 -0.4478
vn -0.7889 0.4219 -0.4468
vn -0.7868 0.4246 -0.4480
vn -0.5861 0.7487 -0.3097
vn -0.5860 0.7480 -0.3116
vn -0.5859 0.7479 -0.3120
vn -0.1941 -0.9715 -0.1362
vn -0.1937 -0.9713 -0.1378
vn -0.1944 -0.9715 -0.1360
vn -0.5022 -0.8055 -0.3145
vn -0.5027 -0.8053 -0.3143
vn -0.5020 -0.8058 -0.3141
vn -0.7322 -0.5181 -0.4421
vn -0.8514 -0.1530 -0.5018
vn -0.8513 -0.1530 -0.5019
vn -0.8515 -0.1526 -0.5017
vn -0.8412 0.2381 -0.4855
vn -0.8414 0.2382 -0.4851
vn -0.8409 0.2386 -0.4857
vn -0.7052 0.5939 -0.3873
vn -0.7040 0.5920 -0.3922
vn -0.7050 0.5908 -0.3925
vn -0.3550 -0.9059 -0.2307
vn -0.3551 -0.9059 -0.2308
vn -0.3551 -0.9059 -0.2306
vn -0.6295 -0.6743 -0.3860
vn -0.6295 -0.6743 -0.3861
vn -0.6298 -0.6741 -0.3860
vn -0.8072 -0.3420 -0.4810
vn -0.8073 -0.3420 -0.4809
vn -0.8073 -0.3417 -0.4811
vn -0.8627 0.0442 -0.5038
vn -0.8623 0.0449 -0.5044
vn -0.6879 0.4268 -0.5870
vn -0.6883 0.4262 -0.5870
vn -0.6870 0.4276 -0.5875
vn -0.5117 0.7519 -0.4157
vn -0.5141 0.7509 -0.4146
vn -0.5113 0.7522 -0.4156
vn -0.1585 -0.9696 -0.1862
vn -0.1569 -0.9698 -0.1869
vn -0.1568 -0.9697 -0.1876
vn -0.4289 -0.8016 -0.4164
vn -0.4288 -0.8016 -0.4166
vn -0.4288 -0.8017 -0.4165
vn -0.6316 -0.5130 -0.5813
vn -0.6317 -0.5131 -0.5812
vn -0.6318 -0.5135 -0.5806
vn -0.7376 -0.1472 -0.6590
vn -0.7374 -0.1473 -0.6592
vn -0.7376 -0.1475 -0.6590
vn -0.7324 0.2430 -0.6361
vn -0.7326 0.2428 -0.6359
vn -0.7322 0.2432 -0.6362
vn -0.6162 0.5956 -0.5153
vn -0.6164 0.5955 -0.5152
vn -0.6166 0.5954 -0.5151
vn -0.3001 -0.9032 -0.3069
vn -0.2998 -0.9031 -0.3075
vn -0.5404 -0.6701 -0.5088
vn -0.5403 -0.6703 -0.5087
vn -0.5405 -0.6698 -0.5092
vn -0.6979 -0.3368 -0.6321
vn -0.6977 -0.3366 -0.6324
vn -0.6978 -0.3369 -0.6321
vn -0.7492 0.0485 -0.6606
vn -0.7491 0.0486 -0.6606
vn -0.5621 0.4334 -0.7044
vn -0.5622 0.4334 -0.7044
vn -0.5624 0.4332 -0.7043
vn -0.4250 0.7559 -0.4980
vn -0.4253 0.7560 -0.4975
vn -0.1186 -0.9676 -0.2230
vn -0.1177 -0.9674 -0.2241
vn -0.1190 -0.9676 -0.2226
vn -0.3378 -0.7968 -0.5010
vn -0.3378 -0.7971 -0.5005
vn -0.3376 -0.7967 -0.5013
vn -0.5049 -0.5062 -0.6992
vn -0.5047 -0.5063 -0.6992
vn -0.5961 -0.1397 -0.7907
vn -0.5960 -0.1392 -0.7908
vn -0.5966 0.2501 -0.7626
vn -0.5967 0.2503 -0.7625
vn -0.5068 0.6013 -0.6177
vn -0.5060 0.6013 -0.6183
vn -0.5063 0.6003 -0.6191
vn -0.2320 -0.8995 -0.3701
vn -0.2320 -0.8996 -0.3701
vn -0.2321 -0.8995 -0.3701
vn -0.4296 -0.6649 -0.6110
vn -0.4291 -0.6650 -0.6113
vn -0.4300 -0.6648 -0.6109
vn -0.5609 -0.3300 -0.7592
vn -0.5609 -0.3300 -0.7593
vn -0.6081 0.0555 -0.7919
vn -0.6076 0.0555 -0.7923
vn -0.4161 0.4415 -0.7950
vn -0.4170 0.4422 -0.7941
vn -0.4166 0.4434 -0.7936
vn -0.3181 0.7622 -0.5638
vn -0.3183 0.7622 -0.5637
vn -0.3186 0.7620 -0.5637
vn -0.0656 -0.9644 -0.2560
vn -0.0650 -0.9644 -0.2562
vn -0.0648 -0.9644 -0.2564
vn -0.2295 -0.7914 -0.5667
vn -0.2294 -0.7914 -0.5667
vn -0.2293 -0.7914 -0.5666
vn -0.3576 -0.4982 -0.7899
vn -0.3576 -0.4987 -0.7896
vn -0.3572 -0.4979 -0.7903
vn -0.4311 -0.1298 -0.8929
vn -0.4318 -0.1292 -0.8927
vn -0.4385 0.2593 -0.8605
vn -0.4387 0.2596 -0.8603
vn -0.3772 0.6085 -0.6982
vn -0.3766 0.6089 -0.6982
vn -0.3775 0.6076 -0.6988
vn -0.1510 -0.8949 -0.4199
vn -0.1507 -0.8950 -0.4199
vn -0.1504 -0.8951 -0.4198
vn -0.2996 -0.6569 -0.6919
vn -0.2988 -0.6573 -0.6918
vn -0.2983 -0.6576 -0.6918
vn -0.4023 -0.3222 -0.8570
vn -0.4023 -0.3223 -0.8569
vn -0.4021 -0.3215 -0.8573
vn -0.4428 0.0641 -0.8943
vn -0.4427 0.0642 -0.8944
vn -0.2531 0.4526 -0.8550
vn -0.2531 0.4526 -0.8551
vn -0.2533 0.4529 -0.8548
vn -0.2056 0.7687 -0.6057
vn -0.2057 0.7687 -0.6056
vn -0.0182 -0.9617 -0.2735
vn -0.0183 -0.9617 -0.2735
vn -0.0189 -0.9617 -0.2734
vn -0.1127 -0.7845 -0.6098
vn -0.1133 -0.7844 -0.6098
vn -0.1140 -0.7842 -0.6099
vn -0.1944 -0.4899 -0.8499
vn -0.1945 -0.4894 -0.8501
vn -0.1948 -0.4897 -0.8499
vn -0.2485 -0.1198 -0.9612
vn -0.2477 -0.1205 -0.9613
vn -0.2633 0.2699 -0.9262
vn -0.2634 0.2699 -0.9262
vn -0.2632 0.2697 -0.9262
vn -0.2347 0.6170 -0.7512
vn -0.2346 0.6172 -0.7510
vn -0.2356 0.6168 -0.7510
vn -0.0680 -0.8902 -0.4505
vn -0.0667 -0.8898 -0.4514
vn -0.0683 -0.8904 -0.4501
vn -0.1560 -0.6497 -0.7440
vn -0.1560 -0.6498 -0.7439
vn -0.2251 -0.3130 -0.9227
vn -0.2250 -0.3129 -0.9227
vn -0.2245 -0.3131 -0.9228
vn -0.2614 0.0745 -0.9623
vn -0.2617 0.0742 -0.9623
vn -0.0811 0.4626 -0.8829
vn -0.0813 0.4627 -0.8828
vn -0.0852 0.7757 -0.6253
vn -0.0851 0.7754 -0.6257
vn -0.0850 0.7751 -0.6261
vn 0.0431 -0.9580 -0.2834
vn 0.0432 -0.9580 -0.2834
vn 0.0426 -0.9580 -0.2837
vn 0.0089 -0.7769 -0.6296
vn 0.0090 -0.7769 -0.6296
vn -0.0233 -0.4794 -0.8773
vn -0.0236 -0.4793 -0.8773
vn -0.0234 -0.4796 -0.8772
vn -0.0509 -0.1105 -0.9926
vn -0.0500 -0.1140 -0.9922
vn -0.0515 -0.1182 -0.9917
vn -0.0747 0.2824 -0.9564
vn -0.0747 0.2825 -0.9564
vn -0.0846 0.6262 -0.7750
vn -0.0845 0.6263 -0.7750
vn 0.0257 -0.8843 -0.4662
vn 0.0272 -0.8846 -0.4656
vn 0.0274 -0.8844 -0.4658
vn -0.0072 -0.6406 -0.7678
vn -0.0076 -0.6408 -0.7677
vn -0.0073 -0.6406 -0.7679
vn -0.0382 -0.3013 -0.9528
vn -0.0382 -0.3014 -0.9527
vn -0.0386 -0.3011 -0.9528
vn -0.0704 0.0910 -0.9934
vn -0.0705 0.0910 -0.9934
vn -0.0750 0.0859 -0.9935
vn 0.0922 0.4731 -0.8762
vn 0.0922 0.4730 -0.8762
vn 0.0919 0.4728 -0.8764
vn 0.0379 0.7829 -0.6210
vn 0.0387 0.7834 -0.6203
vn 0.0380 0.7824 -0.6216
vn 0.0974 -0.9546 -0.2814
vn 0.0988 -0.9547 -0.2809
vn 0.0991 -0.9547 -0.2805
vn 0.1337 -0.7692 -0.6249
vn 0.1337 -0.7692 -0.6248
vn 0.1341 -0.7692 -0.6248
vn 0.1489 -0.4689 -0.8706
vn 0.1492 -0.4691 -0.8705
vn 0.1449 -0.1018 -0.9842
vn 0.1445 -0.0964 -0.9848
vn 0.1411 -0.1059 -0.9843
vn 0.1134 0.2931 -0.9493
vn 0.1136 0.2929 -0.9494
vn 0.0677 0.6350 -0.7695
vn 0.0676 0.6351 -0.7695
vn 0.0678 0.6350 -0.7696
vn 0.1174 -0.8789 -0.4623
vn 0.1177 -0.8789 -0.4623
vn 0.1172 -0.8790 -0.4622
vn 0.1442 -0.6312 -0.7621
vn 0.1475 -0.2891 -0.9459
vn 0.1473 -0.2891 -0.9459
vn 0.1480 -0.2894 -0.9457
vn 0.1352 0.0990 -0.9859
vn 0.1354 0.0990 -0.9858
vn 0.1378 0.1005 -0.9854
vn 0.2615 0.4832 -0.8355
vn 0.2612 0.4829 -0.8358
vn 0.2616 0.4834 -0.8354
vn 0.1568 0.7904 -0.5922
vn 0.1567 0.7903 -0.5924
vn 0.1555 -0.9510 -0.2672
vn 0.1558 -0.9510 -0.2670
vn 0.1554 -0.9510 -0.2673
vn 0.2544 -0.7618 -0.5958
vn 0.2541 -0.7618 -0.5959
vn 0.2548 -0.7616 -0.5959
vn 0.3170 -0.4586 -0.8302
vn 0.3169 -0.4586 -0.8302
vn 0.3172 -0.4585 -0.8302
vn 0.3334 -0.0856 -0.9389
vn 0.3334 -0.0859 -0.9389
vn 0.3333 -0.0858 -0.9389
vn 0.2980 0.3027 -0.9053
vn 0.2991 0.3027 -0.9049
vn 0.2989 0.3020 -0.9052
vn 0.2153 0.6436 -0.7345
vn 0.2152 0.6436 -0.7345
vn 0.2155 0.6435 -0.7345
vn 0.2085 -0.8731 -0.4407
vn 0.2101 -0.8734 -0.4394
vn 0.2103 -0.8735 -0.4391
vn 0.2908 -0.6220 -0.7270
vn 0.2909 -0.6220 -0.7269
vn 0.2907 -0.6222 -0.7269
vn 0.3315 -0.2785 -0.9014
vn 0.3316 -0.2783 -0.9014
vn 0.3304 -0.2787 -0.9018
vn 0.3224 0.1116 -0.9400
vn 0.3223 0.1115 -0.9401
vn 0.4179 0.4922 -0.7636
vn 0.4180 0.4916 -0.7639
vn 0.4184 0.4921 -0.7634
vn 0.2656 0.7969 -0.5426
vn 0.2665 0.7965 -0.5427
vn 0.2014 -0.9481 -0.2462
vn 0.2013 -0.9481 -0.2463
vn 0.2009 -0.9481 -0.2464
vn 0.3671 -0.7546 -0.5438
vn 0.3673 -0.7545 -0.5439
vn 0.3669 -0.7547 -0.5439
vn 0.4743 -0.4477 -0.7580
vn 0.4739 -0.4476 -0.7583
vn 0.5097 -0.0745 -0.8571
vn 0.5099 -0.0744 -0.8570
vn 0.5102 -0.0747 -0.8568
vn 0.4669 0.3123 -0.8273
vn 0.4668 0.3122 -0.8274
vn 0.3527 0.6515 -0.6717
vn 0.3526 0.6517 -0.6715
vn 0.3528 0.6515 -0.6716
vn 0.2892 -0.8684 -0.4028
vn 0.2908 -0.8679 -0.4027
vn 0.2890 -0.8684 -0.4030
vn 0.4287 -0.6124 -0.6642
vn 0.4287 -0.6127 -0.6639
vn 0.5018 -0.2664 -0.8229
vn 0.5017 -0.2666 -0.8229
vn 0.5015 -0.2655 -0.8234
vn 0.4967 0.1219 -0.8593
vn 0.4967 0.1218 -0.8593
vn 0.4981 0.1225 -0.8584
vn 0.5573 0.4997 -0.6631
vn 0.3655 0.8030 -0.4708
vn 0.3659 0.8029 -0.4706
vn 0.3656 0.8031 -0.4705
vn 0.2512 -0.9449 -0.2099
vn 0.2523 -0.9450 -0.2084
vn 0.2526 -0.9450 -0.2079
vn 0.4681 -0.7477 -0.4710
vn 0.4680 -0.7476 -0.4712
vn 0.4679 -0.7479 -0.4709
vn 0.6138 -0.4380 -0.6569
vn 0.6139 -0.4378 -0.6569
vn 0.6139 -0.4374 -0.6571
vn 0.6662 -0.0641 -0.7430
vn 0.6662 -0.0643 -0.7430
vn 0.6656 -0.0643 -0.7436
vn 0.6179 0.3217 -0.7174
vn 0.6180 0.3219 -0.7173
vn 0.4747 0.6595 -0.5828
vn 0.4746 0.6596 -0.5828
vn 0.3672 -0.8625 -0.3483
vn 0.3662 -0.8630 -0.3480
vn 0.3677 -0.8627 -0.3472
vn 0.5519 -0.6043 -0.5746
vn 0.5520 -0.6042 -0.5746
vn 0.5519 -0.6042 -0.5748
vn 0.6523 -0.2556 -0.7136
vn 0.6523 -0.2560 -0.7134
vn 0.6526 -0.2563 -0.7130
vn 0.6549 0.1309 -0.7443
vn 0.6549 0.1312 -0.7443
vn 0.6743 0.5073 -0.5366
vn 0.6743 0.5074 -0.5365
vn 0.4485 0.8088 -0.3805
vn 0.4467 0.8094 -0.3813
vn 0.4465 0.8092 -0.3819
vn 0.2871 -0.9426 -0.1707
vn 0.2887 -0.9423 -0.1693
vn 0.2865 -0.9427 -0.1712
vn 0.5534 -0.7417 -0.3790
vn 0.5535 -0.7417 -0.3789
vn 0.5537 -0.7415 -0.3790
vn 0.7310 -0.4298 -0.5300
vn 0.7311 -0.4294 -0.5302
vn 0.7979 -0.0544 -0.6004
vn 0.7980 -0.0546 -0.6002
vn 0.7446 0.3299 -0.5803
vn 0.5773 0.6661 -0.4723
vn 0.5774 0.6660 -0.4723
vn 0.5774 0.6663 -0.4719
vn 0.4296 -0.8588 -0.2790
vn 0.4296 -0.8587 -0.2792
vn 0.4295 -0.8587 -0.2794
vn 0.6547 -0.5970 -0.4637
vn 0.6545 -0.5969 -0.4640
vn 0.6542 -0.5972 -0.4641
vn 0.7792 -0.2471 -0.5760
vn 0.7790 -0.2473 -0.5761
vn 0.7863 0.1400 -0.6018
vn 0.7861 0.1398 -0.6021
vn 0.7643 0.5140 -0.3894
vn 0.7642 0.5141 -0.3894
vn 0.7642 0.5143 -0.3893
vn 0.5116 0.8145 -0.2734
vn 0.5121 0.8145 -0.2725
vn 0.5126 0.8136 -0.2743
vn 0.3205 -0.9400 -0.1174
vn 0.3201 -0.9401 -0.1170
vn 0.3210 -0.9399 -0.1164
vn 0.6187 -0.7373 -0.2712
vn 0.6188 -0.7372 -0.2714
vn 0.6187 -0.7372 -0.2714
vn 0.8218 -0.4225 -0.3824
vn 0.8217 -0.4225 -0.3824
vn 0.8216 -0.4226 -0.3825
vn 0.8997 -0.0476 -0.4338
vn 0.8998 -0.0476 -0.4338
vn 0.8995 -0.0467 -0.4345
vn 0.8423 0.3370 -0.4206
vn 0.8422 0.3372 -0.4208
vn 0.6575 0.6715 -0.3416
vn 0.6575 0.6724 -0.3400
vn 0.6570 0.6719 -0.3421
vn 0.4788 -0.8551 -0.1987
vn 0.4787 -0.8553 -0.1984
vn 0.4789 -0.8552 -0.1979
vn 0.7341 -0.5911 -0.3341
vn 0.7341 -0.5914 -0.3337
vn 0.7344 -0.5914 -0.3331
vn 0.8771 -0.2400 -0.4161
vn 0.8771 -0.2395 -0.4162
vn 0.8772 -0.2394 -0.4161
vn 0.8881 0.1476 -0.4353
vn 0.8879 0.1478 -0.4356
vn 0.8241 0.5191 -0.2265
vn 0.8242 0.5191 -0.2265
vn 0.8238 0.5194 -0.2269
vn 0.5529 0.8177 -0.1603
vn 0.5528 0.8177 -0.1604
vn 0.5527 0.8177 -0.1611
vn 0.3378 -0.9386 -0.0701
vn 0.3381 -0.9385 -0.0700
vn 0.3380 -0.9386 -0.0700
vn 0.6616 -0.7335 -0.1556
vn 0.6616 -0.7334 -0.1562
vn 0.6619 -0.7330 -0.1567
vn 0.8819 -0.4169 -0.2201
vn 0.8819 -0.4169 -0.2202
vn 0.8816 -0.4172 -0.2205
vn 0.9674 -0.0415 -0.2500
vn 0.9673 -0.0413 -0.2501
vn 0.9073 0.3422 -0.2445
vn 0.9073 0.3420 -0.2447
vn 0.7084 0.6773 -0.1987
vn 0.7084 0.6773 -0.1983
vn 0.7085 0.6770 -0.1993
vn 0.5091 -0.8528 -0.1165
vn 0.5103 -0.8523 -0.1149
vn 0.5089 -0.8529 -0.1168
vn 0.7865 -0.5872 -0.1913
vn 0.7865 -0.5871 -0.1914
vn 0.7865 -0.5873 -0.1911
vn 0.9425 -0.2330 -0.2394
vn 0.9425 -0.2329 -0.2395
vn 0.9423 -0.2332 -0.2400
vn 0.9554 0.1529 -0.2526
vn 0.9555 0.1529 -0.2524
vn 0.9556 0.1533 -0.2518
vn 0.8510 0.5223 -0.0555
vn 0.8510 0.5222 -0.0554
vn 0.8510 0.5221 -0.0557
vn 0.5712 0.8197 -0.0436
vn 0.5718 0.8192 -0.0430
vn 0.5724 0.8189 -0.0418
vn 0.3476 -0.9376 -0.0085
vn 0.6816 -0.7310 -0.0338
vn 0.6815 -0.7310 -0.0338
vn 0.6815 -0.7310 -0.0339
vn 0.9090 -0.4137 -0.0502
vn 0.9091 -0.4136 -0.0502
vn 0.9093 -0.4132 -0.0497
vn 0.9975 -0.0368 -0.0595
vn 0.9976 -0.0364 -0.0595
vn 0.9977 -0.0347 -0.0588
vn 0.9368 0.3447 -0.0593
vn 0.7318 0.6797 -0.0495
vn 0.7318 0.6798 -0.0494
vn 0.5256 -0.8505 -0.0222
vn 0.5247 -0.8510 -0.0207
vn 0.5242 -0.8514 -0.0204
vn 0.8105 -0.5842 -0.0424
vn 0.8105 -0.5842 -0.0425
vn 0.8106 -0.5840 -0.0429
vn 0.9719 -0.2288 -0.0558
vn 0.9719 -0.2288 -0.0557
vn 0.9719 -0.2285 -0.0561
vn 0.9861 0.1548 -0.0596
vn 0.9861 0.1548 -0.0595
vn 0.9860 0.1560 -0.0584
vn 0.8442 0.5232 0.1163
vn 0.8442 0.5232 0.1164
vn 0.8443 0.5230 0.1166
vn 0.5670 0.8198 0.0807
vn 0.5646 0.8210 0.0844
vn 0.5676 0.8193 0.0807
vn 0.3455 -0.9374 0.0432
vn 0.3454 -0.9375 0.0430
vn 0.6766 -0.7307 0.0908
vn 0.6768 -0.7305 0.0909
vn 0.6765 -0.7308 0.0909
vn 0.9026 -0.4128 0.1217
vn 0.9026 -0.4129 0.1218
vn 0.9028 -0.4126 0.1215
vn 0.9907 -0.0336 0.1321
vn 0.9907 -0.0336 0.1322
vn 0.9905 -0.0319 0.1339
vn 0.9298 0.3454 0.1272
vn 0.9298 0.3453 0.1272
vn 0.9298 0.3456 0.1269
vn 0.7259 0.6803 0.1016
vn 0.7259 0.6803 0.1012
vn 0.7258 0.6805 0.1009
vn 0.5214 -0.8506 0.0676
vn 0.5222 -0.8501 0.0686
vn 0.5210 -0.8509 0.0670
vn 0.8050 -0.5833 0.1083
vn 0.8050 -0.5833 0.1081
vn 0.8051 -0.5831 0.1086
vn 0.9650 -0.2279 0.1300
vn 0.9651 -0.2270 0.1308
vn 0.9791 0.1547 0.1320
vn 0.9791 0.1561 0.1305
vn 0.8042 0.5222 0.2839
vn 0.8042 0.5222 0.2838
vn 0.8044 0.5220 0.2836
vn 0.5366 0.8200 0.1991
vn 0.3311 -0.9380 0.1027
vn 0.3312 -0.9380 0.1026
vn 0.3311 -0.9380 0.1026
vn 0.6478 -0.7318 0.2117
vn 0.6477 -0.7319 0.2115
vn 0.6478 -0.7317 0.2120
vn 0.8632 -0.4141 0.2890
vn 0.8631 -0.4143 0.2888
vn 0.8628 -0.4146 0.2892
vn 0.9464 -0.0367 0.3208
vn 0.9463 -0.0370 0.3211
vn 0.8862 0.3457 0.3083
vn 0.8863 0.3456 0.3082
vn 0.8866 0.3453 0.3077
vn 0.6903 0.6794 0.2487
vn 0.6903 0.6795 0.2484
vn 0.6902 0.6798 0.2478
vn 0.5000 -0.8512 0.1598
vn 0.4988 -0.8516 0.1612
vn 0.4984 -0.8518 0.1614
vn 0.7700 -0.5849 0.2550
vn 0.7702 -0.5847 0.2548
vn 0.7702 -0.5846 0.2550
vn 0.9229 -0.2288 0.3096
vn 0.9229 -0.2297 0.3090
vn 0.9221 -0.2288 0.3120
vn 0.9346 0.1550 0.3203
vn 0.9347 0.1548 0.3201
vn 0.7321 0.5190 0.4412
vn 0.7319 0.5194 0.4411
vn 0.7318 0.5195 0.4412
vn 0.4881 0.8183 0.3036
vn 0.4884 0.8174 0.3057
vn 0.4885 0.8171 0.3062
vn 0.3095 -0.9391 0.1495
vn 0.3095 -0.9391 0.1496
vn 0.5958 -0.7347 0.3243
vn 0.5959 -0.7348 0.3241
vn 0.5959 -0.7349 0.3238
vn 0.7913 -0.4177 0.4465
vn 0.7909 -0.4182 0.4468
vn 0.7905 -0.4189 0.4467
vn 0.8653 -0.0412 0.4995
vn 0.8650 -0.0418 0.5000
vn 0.8080 0.3422 0.4796
vn 0.8079 0.3423 0.4796
vn 0.6276 0.6774 0.3837
vn 0.6275 0.6767 0.3852
vn 0.6281 0.6760 0.3854
vn 0.4615 -0.8537 0.2413
vn 0.4617 -0.8534 0.2420
vn 0.4619 -0.8536 0.2410
vn 0.7069 -0.5879 0.3933
vn 0.7070 -0.5880 0.3929
vn 0.7069 -0.5879 0.3932
vn 0.8443 -0.2345 0.4819
vn 0.8445 -0.2342 0.4817
vn 0.8532 0.1522 0.4989
vn 0.8536 0.1516 0.4984
vn 0.6317 0.5145 0.5799
vn 0.6317 0.5140 0.5803
vn 0.6314 0.5133 0.5812
vn 0.4186 0.8138 0.4032
vn 0.4181 0.8129 0.4053
vn 0.4180 0.8130 0.4054
vn 0.2741 -0.9410 0.1983
vn 0.2731 -0.9412 0.1990
vn 0.2725 -0.9413 0.1992
vn 0.5226 -0.7387 0.4258
vn 0.5225 -0.7387 0.4258
vn 0.5229 -0.7385 0.4257
vn 0.6892 -0.4240 0.5876
vn 0.6893 -0.4243 0.5872
vn 0.7506 -0.0474 0.6591
vn 0.7505 -0.0473 0.6592
vn 0.6983 0.3365 0.6318
vn 0.6983 0.3365 0.6317
vn 0.5402 0.6722 0.5064
vn 0.5401 0.6723 0.5063
vn 0.5405 0.6724 0.5057
vn 0.4068 -0.8563 0.3182
vn 0.4066 -0.8562 0.3186
vn 0.6178 -0.5929 0.5165
vn 0.6178 -0.5928 0.5166
vn 0.6177 -0.5927 0.5168
vn 0.7341 -0.2399 0.6353
vn 0.7385 0.1474 0.6579
vn 0.7385 0.1475 0.6579
vn 0.5029 0.5073 0.6999
vn 0.5024 0.5076 0.6999
vn 0.5039 0.5066 0.6996
vn 0.3270 0.8082 0.4897
vn 0.3268 0.8084 0.4896
vn 0.3265 0.8085 0.4896
vn 0.2338 -0.9434 0.2354
vn 0.2331 -0.9433 0.2364
vn 0.2343 -0.9433 0.2351
vn 0.4308 -0.7438 0.5111
vn 0.4308 -0.7437 0.5111
vn 0.4306 -0.7438 0.5112
vn 0.5616 -0.4311 0.7062
vn 0.5616 -0.4312 0.7062
vn 0.5617 -0.4313 0.7060
vn 0.6067 -0.0550 0.7931
vn 0.6067 -0.0550 0.7930
vn 0.5600 0.3293 0.7602
vn 0.5599 0.3292 0.7603
vn 0.4278 0.6662 0.6109
vn 0.4277 0.6658 0.6114
vn 0.4255 0.6666 0.6121
vn 0.3382 -0.8602 0.3816
vn 0.3384 -0.8602 0.3816
vn 0.3380 -0.8603 0.3817
vn 0.5061 -0.5992 0.6203
vn 0.5062 -0.5991 0.6203
vn 0.5954 -0.2473 0.7645
vn 0.5953 -0.2472 0.7646
vn 0.5946 0.1402 0.7917
vn 0.5947 0.1401 0.7916
vn 0.3559 0.4998 0.7897
vn 0.3559 0.4998 0.7896
vn 0.3561 0.4999 0.7895
vn 0.2178 0.8028 0.5550
vn 0.2170 0.8030 0.5551
vn 0.2193 0.8024 0.5550
vn 0.1831 -0.9461 0.2670
vn 0.1828 -0.9461 0.2672
vn 0.1825 -0.9462 0.2672
vn 0.3244 -0.7498 0.5767
vn 0.4132 -0.4386 0.7981
vn 0.4128 -0.4379 0.7987
vn 0.4138 -0.4392 0.7974
vn 0.4389 -0.0633 0.8963
vn 0.4390 -0.0633 0.8963
vn 0.4390 -0.0639 0.8962
vn 0.3999 0.3212 0.8584
vn 0.3999 0.3211 0.8585
vn 0.4004 0.3218 0.8579
vn 0.2979 0.6580 0.6916
vn 0.2944 0.6601 0.6910
vn 0.2987 0.6585 0.6908
vn 0.2591 -0.8648 0.4302
vn 0.2593 -0.8647 0.4302
vn 0.2587 -0.8648 0.4304
vn 0.3764 -0.6064 0.7005
vn 0.3763 -0.6064 0.7005
vn 0.3766 -0.6063 0.7005
vn 0.4339 -0.2562 0.8637
vn 0.4340 -0.2563 0.8637
vn 0.4272 0.1300 0.8948
vn 0.4261 0.1285 0.8955
vn 0.1916 0.4901 0.8504
vn 0.1916 0.4900 0.8504
vn 0.1915 0.4901 0.8504
vn 0.1063 0.7966 0.5951
vn 0.1061 0.7965 0.5953
vn 0.1064 0.7967 0.5950
vn 0.1327 -0.9491 0.2856
vn 0.1327 -0.9491 0.2857
vn 0.1326 -0.9491 0.2857
vn 0.2077 -0.7566 0.6201
vn 0.2079 -0.7563 0.6203
vn 0.2081 -0.7561 0.6205
vn 0.2505 -0.4468 0.8589
vn 0.2509 -0.4467 0.8588
vn 0.2510 -0.4471 0.8585
vn 0.2530 -0.0728 0.9647
vn 0.2533 -0.0729 0.9646
vn 0.2535 -0.0731 0.9646
vn 0.2211 0.3114 0.9242
vn 0.2206 0.3118 0.9242
vn 0.1535 0.6527 0.7419
vn 0.1536 0.6527 0.7419
vn 0.1537 0.6526 0.7420
vn 0.1741 -0.8697 0.4618
vn 0.1735 -0.8696 0.4623
vn 0.1743 -0.8697 0.4618
vn 0.2340 -0.6144 0.7535
vn 0.2339 -0.6143 0.7536
vn 0.2338 -0.6142 0.7537
vn 0.2586 -0.2655 0.9288
vn 0.2588 -0.2646 0.9290
vn 0.2581 -0.2633 0.9296
vn 0.2418 0.1182 0.9631
vn 0.2420 0.1184 0.9630
vn 0.0212 0.4797 0.8772
vn 0.0220 0.4804 0.8768
vn 0.0214 0.4814 0.8762
vn -0.0125 0.7892 0.6140
vn -0.0126 0.7891 0.6142
vn -0.0133 0.7891 0.6142
vn 0.0742 -0.9526 0.2951
vn 0.0740 -0.9526 0.2951
vn 0.0847 -0.7636 0.6401
vn 0.0845 -0.7635 0.6402
vn 0.0843 -0.7634 0.6404
vn 0.0802 -0.4568 0.8860
vn 0.0801 -0.4569 0.8859
vn 0.0802 -0.4565 0.8861
vn 0.0544 -0.0804 0.9953
vn 0.0605 -0.0794 0.9950
vn 0.0647 -0.0747 0.9951
vn 0.0375 0.3005 0.9530
vn 0.0377 0.3000 0.9532
vn 0.0346 0.3006 0.9531
vn 0.0036 0.6443 0.7648
vn 0.0046 0.6440 0.7650
vn 0.0030 0.6443 0.7648
vn 0.0814 -0.8751 0.4770
vn 0.0812 -0.8753 0.4767
vn 0.0804 -0.8753 0.4768
vn 0.0838 -0.6228 0.7779
vn 0.0836 -0.6227 0.7780
vn 0.0847 -0.6224 0.7781
vn 0.0744 -0.2742 0.9588
vn 0.0743 -0.2743 0.9588
vn 0.0498 0.1040 0.9933
vn 0.0457 0.1070 0.9932
vn -0.1521 0.4707 0.8691
vn -0.1544 0.4735 0.8672
vn -0.1503 0.4713 0.8691
vn -0.1382 0.7814 0.6086
vn -0.1464 0.7845 0.6027
vn -0.1373 0.7812 0.6090
vn 0.0198 -0.9559 0.2931
vn 0.0200 -0.9559 0.2931
vn 0.0204 -0.9558 0.2932
vn -0.0398 -0.7710 0.6355
vn -0.0400 -0.7711 0.6354
vn -0.0401 -0.7711 0.6355
vn -0.0925 -0.4676 0.8791
vn -0.0926 -0.4673 0.8792
vn -0.1217 -0.0911 0.9884
vn -0.1221 -0.0932 0.9881
vn -0.1328 -0.0868 0.9873
vn -0.1499 0.2883 0.9457
vn -0.1500 0.2884 0.9457
vn -0.1479 0.2893 0.9458
vn -0.1489 0.6340 0.7588
vn -0.1491 0.6339 0.7589
vn -0.1494 0.6337 0.7590
vn -0.0108 -0.8807 0.4735
vn -0.0107 -0.8807 0.4736
vn -0.0098 -0.8807 0.4735
vn -0.0675 -0.6316 0.7723
vn -0.0676 -0.6316 0.7723
vn -0.0674 -0.6318 0.7722
vn -0.1145 -0.2853 0.9516
vn -0.1144 -0.2853 0.9516
vn -0.1138 -0.2859 0.9515
vn -0.1423 0.0940 0.9853
vn -0.1424 0.0942 0.9853
vn -0.1366 0.0988 0.9857
vn -0.3206 0.4637 0.8260
vn -0.3214 0.4649 0.8250
vn -0.3188 0.4643 0.8263
vn -0.2587 0.7779 0.5727
vn -0.2620 0.7786 0.5702
vn -0.2593 0.7770 0.5736
vn -0.0373 -0.9594 0.2796
vn -0.0374 -0.9594 0.2796
vn -0.1611 -0.7785 0.6066
vn -0.1613 -0.7786 0.6064
vn -0.1614 -0.7784 0.6067
vn -0.2608 -0.4779 0.8388
vn -0.2609 -0.4780 0.8387
vn -0.2605 -0.4776 0.8390
vn -0.3192 -0.1071 0.9416
vn -0.3192 -0.1070 0.9416
vn -0.3196 -0.1072 0.9415
vn -0.3312 0.2801 0.9011
vn -0.3313 0.2800 0.9010
vn -0.3295 0.2817 0.9011
vn -0.3003 0.6239 0.7215
vn -0.2951 0.6266 0.7213
vn -0.2948 0.6276 0.7206
vn -0.1011 -0.8862 0.4522
vn -0.1012 -0.8862 0.4521
vn -0.1014 -0.8863 0.4520
vn -0.2152 -0.6410 0.7368
vn -0.2152 -0.6411 0.7367
vn -0.2155 -0.6408 0.7368
vn -0.2952 -0.2978 0.9078
vn -0.2968 -0.2966 0.9077
vn -0.3304 0.0869 0.9398
vn -0.3305 0.0867 0.9398
vn -0.4752 0.4556 0.7528
vn -0.4757 0.4537 0.7536
vn -0.4790 0.4557 0.7503
vn -0.3598 0.7721 0.5238
vn -0.3575 0.7731 0.5239
vn -0.3565 0.7734 0.5241
vn -0.0865 -0.9625 0.2571
vn -0.0868 -0.9626 0.2567
vn -0.0862 -0.9625 0.2573
vn -0.2744 -0.7858 0.5543
vn -0.2746 -0.7857 0.5543
vn -0.2743 -0.7857 0.5545
vn -0.4171 -0.4886 0.7664
vn -0.4171 -0.4885 0.7664
vn -0.4175 -0.4888 0.7660
vn -0.4969 -0.1186 0.8596
vn -0.4960 -0.1195 0.8601
vn -0.5035 0.2711 0.8203
vn -0.5048 0.2723 0.8192
vn -0.5036 0.2710 0.8204
vn -0.4280 0.6185 0.6590
vn -0.4302 0.6172 0.6588
vn -0.4304 0.6170 0.6588
vn -0.1847 -0.8915 0.4137
vn -0.1845 -0.8915 0.4138
vn -0.1850 -0.8914 0.4138
vn -0.3531 -0.6498 0.6731
vn -0.3528 -0.6499 0.6731
vn -0.3532 -0.6497 0.6731
vn -0.4655 -0.3091 0.8293
vn -0.4655 -0.3090 0.8293
vn -0.4656 -0.3092 0.8292
vn -0.5092 0.0758 0.8573
vn -0.5092 0.0759 0.8573
vn -0.5096 0.0768 0.8570
vn -0.6153 0.4428 0.6522
vn -0.6150 0.4429 0.6524
vn -0.6151 0.4427 0.6524
vn -0.4630 0.7652 0.4473
vn -0.4628 0.7649 0.4480
vn -0.4638 0.7658 0.4455
vn -0.1339 -0.9656 0.2231
vn -0.1342 -0.9656 0.2225
vn -0.1345 -0.9657 0.2221
vn -0.3758 -0.7922 0.4809
vn -0.3756 -0.7922 0.4809
vn -0.3754 -0.7923 0.4810
vn -0.5586 -0.4983 0.6630
vn -0.5580 -0.4988 0.6633
vn -0.5593 -0.4974 0.6632
vn -0.6554 -0.1280 0.7443
vn -0.6555 -0.1279 0.7443
vn -0.6538 0.2640 0.7091
vn -0.6538 0.2640 0.7092
vn -0.6537 0.2639 0.7092
vn -0.5513 0.6097 0.5696
vn -0.5554 0.6139 0.5610
vn -0.5517 0.6084 0.5705
vn -0.2597 -0.8962 0.3598
vn -0.2596 -0.8963 0.3596
vn -0.2592 -0.8963 0.3599
vn -0.4767 -0.6579 0.5830
vn -0.4766 -0.6580 0.5831
vn -0.4763 -0.6581 0.5831
vn -0.6189 -0.3184 0.7181
vn -0.6189 -0.3183 0.7181
vn -0.6185 -0.3183 0.7184
vn -0.6675 0.0675 0.7415
vn -0.6666 0.0688 0.7422
vn -0.7305 0.4338 0.5274
vn -0.7273 0.4365 0.5297
vn -0.7271 0.4381 0.5286
vn -0.5397 0.7592 0.3638
vn -0.5352 0.7615 0.3656
vn -0.5347 0.7614 0.3665
vn -0.1719 -0.9681 0.1821
vn -0.1726 -0.9681 0.1817
vn -0.1713 -0.9682 0.1825
vn -0.4605 -0.7976 0.3896
vn -0.4604 -0.7976 0.3896
vn -0.4604 -0.7976 0.3897
vn -0.6757 -0.5060 0.5361
vn -0.6756 -0.5061 0.5362
vn -0.6750 -0.5065 0.5365
vn -0.7873 -0.1373 0.6011
vn -0.7874 -0.1375 0.6009
vn -0.7773 0.2551 0.5751
vn -0.7779 0.2544 0.5746
vn -0.6501 0.6068 0.4573
vn -0.6498 0.6057 0.4593
vn -0.6504 0.6068 0.4569
vn -0.3231 -0.9004 0.2914
vn -0.3232 -0.9004 0.2911
vn -0.3232 -0.9004 0.2912
vn -0.5791 -0.6646 0.4722
vn -0.5791 -0.6647 0.4721
vn -0.7464 -0.3272 0.5795
vn -0.7982 0.0596 0.5994
vn -0.7982 0.0595 0.5995
vn -0.8180 0.4326 0.3791
vn -0.8163 0.4352 0.3798
vn -0.8150 0.4348 0.3830
vn -0.6011 0.7567 0.2571
vn -0.6015 0.7580 0.2524
vn -0.6018 0.7561 0.2573
vn -0.2030 -0.9704 0.1308
vn -0.2035 -0.9703 0.1306
vn -0.2037 -0.9704 0.1300
vn -0.5257 -0.8021 0.2835
vn -0.5255 -0.8023 0.2831
vn -0.5256 -0.8022 0.2832
vn -0.7661 -0.5118 0.3888
vn -0.7660 -0.5118 0.3889
vn -0.7657 -0.5121 0.3892
vn -0.8885 -0.1449 0.4353
vn -0.8886 -0.1450 0.4353
vn -0.8742 0.2475 0.4177
vn -0.8739 0.2480 0.4181
vn -0.7299 0.5985 0.3302
vn -0.7294 0.6022 0.3245
vn -0.7286 0.5992 0.3318
vn -0.3719 -0.9039 0.2115
vn -0.3718 -0.9038 0.2118
vn -0.3719 -0.9038 0.2117
vn -0.6585 -0.6701 0.3427
vn -0.6583 -0.6700 0.3430
vn -0.6584 -0.6698 0.3435
vn -0.8437 -0.3345 0.4199
vn -0.8989 0.0508 0.4352
vn -0.8993 0.0517 0.4342
vn -0.8761 0.4289 0.2200
vn -0.8762 0.4289 0.2200
vn -0.6358 0.7550 0.1606
vn -0.6363 0.7547 0.1597
vn -0.6372 0.7542 0.1589
vn -0.2219 -0.9717 0.0809
vn -0.2222 -0.9716 0.0812
vn -0.2217 -0.9717 0.0815
vn -0.5689 -0.8054 0.1664
vn -0.5689 -0.8053 0.1667
vn -0.5688 -0.8053 0.1671
vn -0.8253 -0.5169 0.2273
vn -0.8252 -0.5169 0.2275
vn -0.8257 -0.5165 0.2268
vn -0.9555 -0.1502 0.2538
vn -0.9555 -0.1502 0.2539
vn -0.9553 -0.1498 0.2548
vn -0.9399 0.2425 0.2405
vn -0.9400 0.2424 0.2402
vn -0.9399 0.2422 0.2408
vn -0.7779 0.5981 0.1925
vn -0.7788 0.5953 0.1977
vn -0.7778 0.5984 0.1920
vn -0.4035 -0.9062 0.1266
vn -0.4035 -0.9062 0.1264
vn -0.4034 -0.9062 0.1266
vn -0.7111 -0.6739 0.2004
vn -0.7112 -0.6736 0.2009
vn -0.9077 -0.3400 0.2458
vn -0.9079 -0.3397 0.2457
vn -0.9077 -0.3399 0.2459
vn -0.9669 0.0446 0.2514
vn -0.9669 0.0447 0.2513
vn -0.9663 0.0440 0.2535
vn -0.0330 -0.9994 -0.0091
vn -0.0280 -0.9992 -0.0273
vn -0.0288 -0.9992 -0.0271
vn -0.0241 -0.9990 -0.0373
vn -0.0014 -0.9984 -0.0570
vn -0.0088 -0.9983 -0.0583
vn -0.0016 -0.9984 -0.0569
vn 0.0008 -0.9977 -0.0673
vn 0.0321 -0.9962 -0.0815
vn 0.0233 -0.9964 -0.0811
vn 0.0319 -0.9959 -0.0845
vn 0.0573 -0.9944 -0.0886
vn 0.0751 -0.9933 -0.0879
vn 0.1019 -0.9919 -0.0759
vn 0.0946 -0.9920 -0.0833
vn 0.1020 -0.9919 -0.0760
vn 0.1046 -0.9914 -0.0784
vn 0.1304 -0.9898 -0.0581
vn 0.1265 -0.9900 -0.0624
vn 0.1304 -0.9898 -0.0582
vn 0.1346 -0.9894 -0.0537
vn 0.1463 -0.9888 -0.0291
vn 0.1484 -0.9884 -0.0312
vn 0.1462 -0.9888 -0.0291
vn 0.1521 -0.9881 -0.0207
vn 0.1573 -0.9875 0.0043
vn 0.1562 -0.9877 0.0037
vn 0.1556 -0.9877 0.0174
vn 0.1419 -0.9886 0.0501
vn 0.1502 -0.9879 0.0396
vn 0.1416 -0.9887 0.0497
vn 0.1443 -0.9882 0.0522
vn 0.1306 -0.9889 0.0715
vn 0.1198 -0.9894 0.0815
vn 0.1006 -0.9905 0.0933
vn 0.0856 -0.9914 0.0985
vn 0.0649 -0.9927 0.1019
vn 0.0492 -0.9936 0.1016
vn 0.0285 -0.9949 0.0964
vn 0.0146 -0.9958 0.0900
vn -0.0031 -0.9970 0.0773
vn -0.0144 -0.9978 0.0651
vn -0.0291 -0.9988 0.0387
vn -0.0268 -0.9986 0.0451
vn -0.0314 -0.9990 0.0325
vn -0.9037 0.4250 0.0514
vn -0.9040 0.4243 0.0512
vn -0.9043 0.4237 0.0516
vn -0.6643 0.7466 0.0369
vn -0.2309 -0.9726 0.0266
vn -0.2312 -0.9726 0.0256
vn -0.2307 -0.9726 0.0272
vn -0.5883 -0.8075 0.0433
vn -0.5882 -0.8075 0.0435
vn -0.5883 -0.8075 0.0435
vn -0.8522 -0.5202 0.0566
vn -0.8519 -0.5206 0.0570
vn -0.9859 -0.1549 0.0632
vn -0.9859 -0.1549 0.0633
vn -0.9858 -0.1560 0.0621
vn -0.9698 0.2378 0.0545
vn -0.9699 0.2371 0.0552
vn -0.9694 0.2391 0.0547
vn -0.8042 0.5926 0.0463
vn -0.8043 0.5924 0.0469
vn -0.8041 0.5928 0.0457
vn -0.0341 -0.9993 0.0161
vn -0.4182 -0.9077 0.0347
vn -0.4183 -0.9077 0.0346
vn -0.7346 -0.6766 0.0509
vn -0.7346 -0.6766 0.0510
vn -0.7344 -0.6768 0.0506
vn -0.9370 -0.3442 0.0602
vn -0.9368 -0.3445 0.0602
vn -0.9971 0.0452 0.0616
vn -0.9970 0.0420 0.0649
vn -0.6260 0.7785 0.0455
vn -0.6289 0.7762 0.0445
vn -0.6301 0.7752 0.0447
vn -0.6106 0.7767 0.1549
vn -0.6104 0.7768 0.1550
vn -0.6111 0.7762 0.1551
vn -0.5691 0.7795 0.2616
vn -0.5118 0.7971 0.3205
vn -0.4332 0.7976 0.4198
vn -0.4335 0.7973 0.4199
vn -0.4328 0.7976 0.4201
vn -0.3635 0.7924 0.4899
vn -0.2541 0.8010 0.5420
vn -0.2533 0.8016 0.5415
vn -0.2522 0.8021 0.5412
vn -0.1444 0.8102 0.5681
vn -0.1443 0.8102 0.5680
vn -0.1446 0.8100 0.5683
vn -0.0195 0.8186 0.5741
vn -0.0202 0.8171 0.5762
vn -0.0200 0.8163 0.5772
vn 0.0954 0.8233 0.5596
vn 0.0953 0.8233 0.5596
vn 0.0948 0.8234 0.5595
vn 0.2017 0.8288 0.5219
vn 0.1978 0.8302 0.5211
vn 0.2035 0.8293 0.5204
vn 0.2978 0.8360 0.4609
vn 0.3003 0.8356 0.4601
vn 0.2969 0.8370 0.4597
vn 0.3923 0.8396 0.3756
vn 0.3916 0.8421 0.3709
vn 0.3894 0.8435 0.3699
vn 0.4530 0.8447 0.2852
vn 0.4529 0.8440 0.2871
vn 0.4533 0.8436 0.2878
vn 0.4998 0.8458 0.1866
vn 0.4998 0.8458 0.1867
vn 0.4997 0.8459 0.1863
vn 0.5255 0.8470 0.0804
vn 0.5254 0.8470 0.0806
vn 0.5314 0.8461 -0.0421
vn 0.5315 0.8460 -0.0421
vn 0.5318 0.8459 -0.0409
vn 0.5154 0.8439 -0.1491
vn 0.5155 0.8437 -0.1500
vn 0.5150 0.8441 -0.1490
vn 0.4776 0.8405 -0.2560
vn 0.4775 0.8405 -0.2559
vn 0.4774 0.8405 -0.2562
vn 0.4186 0.8365 -0.3536
vn 0.4195 0.8341 -0.3583
vn 0.4183 0.8368 -0.3531
vn 0.3389 0.8300 -0.4431
vn 0.3385 0.8301 -0.4432
vn 0.3376 0.8300 -0.4440
vn 0.2454 0.8233 -0.5118
vn 0.2455 0.8230 -0.5122
vn 0.2478 0.8230 -0.5111
vn 0.1434 0.8165 -0.5592
vn 0.1435 0.8165 -0.5593
vn 0.1428 0.8167 -0.5591
vn 0.0321 0.8101 -0.5854
vn 0.0320 0.8099 -0.5856
vn -0.0859 0.8036 -0.5889
vn -0.0857 0.8037 -0.5888
vn -0.1973 0.7971 -0.5708
vn -0.1975 0.7971 -0.5706
vn -0.1967 0.7972 -0.5708
vn -0.3055 0.7902 -0.5312
vn -0.3046 0.7905 -0.5314
vn -0.3061 0.7897 -0.5316
vn -0.4026 0.7852 -0.4706
vn -0.4041 0.7844 -0.4706
vn -0.4021 0.7858 -0.4699
vn -0.4891 0.7800 -0.3903
vn -0.4894 0.7817 -0.3866
vn -0.4899 0.7815 -0.3863
vn -0.5575 0.7770 -0.2922
vn -0.5572 0.7770 -0.2928
vn -0.5568 0.7772 -0.2933
vn -0.6037 0.7747 -0.1879
vn -0.6022 0.7765 -0.1857
vn -0.6014 0.7771 -0.1855
vn -0.6251 0.7766 -0.0786
vn -0.6242 0.7772 -0.0801
vn -0.6255 0.7763 -0.0785
vn 0.4653 -0.8851 -0.0041
vn 0.9730 -0.0938 -0.2110
vn 0.7940 -0.5685 -0.2154
vn 0.5141 0.7149 -0.4740
vn 0.9566 -0.0633 -0.2844
vn -0.0766 0.9867 -0.1431
vn 0.2759 0.8929 -0.3557
vn -0.3113 -0.9500 -0.0227
vn -0.9228 -0.2086 -0.3239
vn 0.3802 0.3340 0.8625
vn -0.5563 -0.7632 0.3287
vn 0.6637 0.5498 -0.5072
vn -0.1831 -0.9625 0.2001
vn -0.1834 -0.9625 0.2001
vn -0.1830 -0.9625 0.2004
vn 0.8631 0.4938 0.1060
vn 0.4708 -0.7572 -0.4528
vn 0.9749 0.2227 -0.0026
vn 0.7546 0.2865 0.5903
vn 0.8971 0.3360 0.2869
vn 0.9432 0.3318 -0.0168
vn -0.6616 0.1438 0.7359
vn 0.0352 -0.9293 -0.3676
vn 0.6424 0.6713 0.3697
vn 0.8453 0.5115 -0.1542
vn -0.1449 -0.8574 0.4938
vn 0.3177 0.7741 0.5476
vn 0.4375 0.7029 0.5609
vn 0.7485 0.6326 0.1988
vn 0.9992 0.0191 -0.0343
vn -0.8164 0.5471 0.1851
vn 0.8864 -0.3379 0.3163
vn -0.0285 -0.7662 0.6420
vn 0.5742 0.7533 0.3206
vn -0.0838 -0.5444 0.8346
vn 0.9798 0.1938 0.0501
vn 0.7205 -0.4563 -0.5222
vn 0.7944 -0.5990 -0.1006
vn 0.6995 0.7075 -0.1011
vn 0.6889 -0.6134 0.3863
vn 0.9767 0.2100 -0.0442
vn -0.0395 -0.0154 -0.9991
vn 0.5743 -0.5328 0.6215
vn 0.4780 -0.7308 0.4874
vn 0.5821 -0.4539 -0.6746
vn 0.8029 -0.3694 0.4679
vn 0.8044 0.2179 0.5527
vn 0.6260 0.0154 0.7797
vn 0.2361 -0.9632 -0.1282
vn 0.5083 0.6679 -0.5437
vn 0.2337 -0.6662 0.7082
vn 0.6519 0.0751 0.7546
vn -0.8301 0.3345 0.4461
vn 0.5959 0.4642 0.6553
vn 0.7347 0.5592 0.3840
vn 0.8914 0.3885 -0.2335
vn 0.6779 0.6769 0.2867
vn -0.2620 -0.8352 0.4834
vn 0.8712 0.4897 0.0348
vn -0.6205 -0.7836 -0.0316
vn -0.1831 -0.9628 0.1988
vn 0.6606 0.5547 0.5059
vn 0.4641 0.7828 -0.4145
vn -0.4232 -0.4261 0.7996
vn -0.0083 0.6378 0.7701
vn 0.6671 -0.7355 0.1184
vn -0.0876 -0.5267 0.8456
vn 0.5137 0.6535 0.5559
vn 0.9676 0.2489 0.0421
vn -0.0314 -0.0818 -0.9962
vn 0.7933 0.5635 -0.2305
vn 0.9397 -0.0211 -0.3414
vn -0.6474 -0.6455 0.4053
vn 0.8287 0.4764 -0.2938
vn -0.2818 0.7533 0.5942
vn -0.5476 -0.7507 0.3695
vn 0.9876 0.0678 -0.1416
vn -0.8697 0.3338 0.3636
vn 0.6607 0.5941 0.4588
vn 0.7638 0.4438 0.4687
vn -0.1577 0.6588 -0.7356
vn 0.7643 0.6036 0.2271
vn -0.6862 0.3944 0.6112
vn 0.9346 0.3397 0.1057
vn 0.4441 0.8215 -0.3576
vn -0.7925 -0.4008 -0.4596
vn 0.3754 -0.1312 0.9175
vn 0.1587 0.7889 -0.5937
vn 0.6341 -0.4450 -0.6324
vn 0.3809 -0.9177 0.1125
vn -0.2149 0.5509 0.8064
vn 0.4318 0.0629 -0.8998
vn 0.4389 0.0609 -0.8965
vn 0.4385 0.0627 -0.8965
vn -0.1093 0.6290 0.7697
vn 0.6767 0.6892 0.2592
vn 0.4890 -0.8298 0.2688
vn 0.4887 -0.8304 0.2676
vn 0.4887 -0.8302 0.2684
vn 0.3246 0.9353 -0.1408
vn 0.8528 0.1736 0.4925
vn 0.9510 0.0727 0.3004
vn -0.0695 -0.6582 0.7497
vn 0.9717 0.2017 0.1226
vn -0.0823 0.9879 0.1315
vn 0.3474 -0.8792 0.3261
vn 0.3236 -0.7524 -0.5737
vn 0.4395 0.0635 -0.8960
vn -0.2577 -0.8969 0.3594
vn 0.8679 0.3868 0.3117
vn 0.9726 0.0802 0.2184
vn 0.8074 0.5900 -0.0108
vn -0.2364 -0.9468 -0.2184
vn -0.6031 -0.6872 0.4049
vn 0.7132 0.5575 0.4249
vn 0.9851 0.0624 0.1601
vn -0.3838 0.8658 0.3210
vn 0.7719 -0.6308 0.0788
vn -0.2669 0.7177 -0.6432
vn -0.2654 0.7167 -0.6449
vn -0.2667 0.7174 -0.6436
vn -0.2793 -0.7992 -0.5322
vn -0.2618 -0.9316 0.2523
vn 0.7248 0.6460 0.2392
vn 0.4037 -0.9143 0.0326
vn -0.1210 -0.7449 0.6561
vn 0.6692 0.7403 -0.0644
vn 0.7901 0.5927 0.1565
vn 0.8581 0.1751 0.4827
vn -0.5494 -0.3793 0.7445
vn -0.1350 0.8504 -0.5086
vn 0.9713 0.1027 0.2146
vn 0.1775 0.0537 0.9827
vn -0.6826 0.7301 0.0319
vn 0.3375 0.4728 -0.8140
vn 0.2587 0.8722 -0.4151
vn -0.8113 -0.5838 0.0320
vn 0.4906 0.1050 -0.8650
vn 0.8081 0.5147 0.2865
vn 0.5866 0.8084 0.0482
vn 0.9572 -0.2570 -0.1329
vn 0.5683 -0.6568 -0.4956
vn 0.6052 0.7403 0.2926
vn 0.8449 0.4150 0.3375
vn 0.9979 0.0081 0.0648
vn 0.3127 -0.5019 0.8064
vn 0.0935 0.7186 -0.6891
vn 0.7169 -0.1414 0.6827
vn 0.8264 0.4799 -0.2946
vn -0.0559 0.6623 0.7471
vn 0.8639 0.4393 0.2463
vn -0.3147 0.9152 0.2519
vn 0.3673 -0.8008 0.4730
vn 0.9385 0.3132 -0.1453
vn 0.9697 -0.1400 -0.2001
vn 0.7173 0.6525 0.2443
vn 0.4490 0.8293 -0.3326
vn 0.4668 0.7435 -0.4789
vn 0.7031 0.7085 -0.0610
vn 0.7549 0.4247 -0.4998
vn -0.6146 0.6347 0.4684
vn 0.9459 -0.0972 0.3096
vn 0.6232 0.7242 -0.2953
vn 0.7553 0.6549 0.0259
vn -0.8157 -0.4660 0.3427
vn 0.5495 0.8340 0.0496
vn 0.1106 0.8438 -0.5251
vn 0.3659 -0.6945 0.6195
vn 0.9573 -0.2645 -0.1169
vn -0.3476 0.9244 0.1571
vn -0.0434 -0.7757 0.6296
vn 0.7868 0.5060 -0.3535
vn 0.1696 0.8067 -0.5661
vn 0.8847 0.2835 0.3701
vn 0.4983 0.6385 -0.5865
vn 0.9020 0.3962 0.1716
vn -0.8931 -0.1541 0.4227
vn -0.5061 -0.0821 0.8586
vn 0.2891 0.9457 0.1483
vn -0.8267 -0.0712 0.5581
vn 0.5748 0.1589 0.8027
vn -0.0739 0.1555 0.9851
vn 0.4746 -0.5213 0.7092
vn 0.8849 0.4375 0.1599
vn -0.0629 -0.6099 0.7900
vn -0.1021 -0.6499 0.7531
vn 0.8391 0.5023 0.2088
vn -0.5061 -0.5924 0.6268
vn -0.4116 0.9073 0.0861
vn 0.3810 0.9088 0.1701
vn 0.3532 0.8461 -0.3992
vn 0.5407 0.8375 0.0790
vn 0.5270 0.7639 -0.3725
vn 0.9794 -0.0286 -0.1999
vn 0.9871 0.1503 -0.0559
vn 0.9886 0.1401 -0.0550
vn 0.9871 0.1498 -0.0566
vn 0.9015 0.3378 0.2706
vn -0.1358 0.9898 -0.0442
vn 0.9501 0.2835 -0.1302
vn -0.0527 0.1636 -0.9851
vn -0.0048 0.2282 -0.9736
vn 0.9282 0.2747 0.2510
vn 0.2955 0.2551 0.9206
vn 0.0096 0.6981 -0.7160
vn 0.3441 0.7737 -0.5319
vn 0.7577 -0.6525 -0.0100
vn -0.0571 0.9870 0.1500
vn 0.1770 0.9840 -0.0211
vn 0.6985 0.6744 0.2393
vn -0.2141 0.9752 -0.0552
vn 0.3556 -0.9315 0.0763
vn -0.2774 0.9365 0.2145
vn -0.0874 0.9101 0.4052
vn -0.0877 0.9088 0.4079
vn -0.0874 0.9107 0.4038
vn 0.3609 0.9325 0.0159
vn 0.8016 0.4429 0.4016
vn 0.7591 0.5016 0.4148
vn 0.3152 0.5592 -0.7667
vn 0.1725 0.9582 0.2283
vn 0.9844 0.1069 0.1395
vn -0.1816 -0.9020 0.3916
vn 0.5364 0.5935 0.6001
vn 0.4026 0.8729 0.2757
vn 0.7864 0.4097 0.4623
vn 0.2045 0.9605 0.1885
vn 0.6850 0.6293 0.3673
vn -0.4210 0.3009 -0.8557
vn 0.7541 0.5085 0.4156
vn 0.7350 0.5522 0.3936
vn 0.6473 0.6793 0.3457
vn 0.5927 0.6342 0.4966
vn -0.6140 0.5817 -0.5335
vn 0.1697 0.1637 -0.9718
vn 0.2169 0.4149 0.8836
vn 0.1584 0.4753 -0.8655
vn 0.2849 0.4979 -0.8191
vn 0.2169 0.4769 -0.8518
vn 0.6133 -0.2044 0.7629
vn 0.0721 0.7666 0.6380
vn 0.0714 0.7641 0.6411
vn 0.0720 0.7659 0.6389
vn 0.6836 -0.6480 0.3360
vn 0.6692 0.7163 -0.1976
vn 0.6226 0.7028 -0.3442
vn -0.5994 -0.1658 0.7831
vn -0.5041 0.0176 0.8635
vn 0.5953 0.7436 -0.3044
vn 0.0839 0.3183 -0.9443
vn 0.0719 0.5064 -0.8593
vn -0.1772 0.6610 0.7291
vn -0.1489 0.9888 -0.0042
vn -0.1080 0.0900 -0.9901
vn 0.7326 0.5676 -0.3757
vn -0.1074 -0.0944 -0.9897
vn -0.4278 -0.8620 -0.2719
vn 0.0684 0.5243 -0.8488
vn 0.0996 0.5199 -0.8484
vn -0.0428 0.4094 -0.9113
vn -0.1877 0.8141 -0.5495
vn -0.3214 0.8815 0.3458
vn -0.1292 0.8326 -0.5385
vn 0.2201 0.6067 -0.7638
vn 0.7094 0.6536 0.2636
vn 0.7196 0.6124 0.3274
vn 0.2693 0.9144 -0.3022
vn -0.4866 0.6722 0.5580
vn 0.7244 0.5786 0.3749
vn 0.6379 0.7243 0.2615
vn 0.3396 0.8882 -0.3094
vn 0.6826 0.7287 0.0551
vn 0.6619 0.4890 0.5682
vn 0.7474 0.5125 0.4227
vn -0.3023 0.7319 0.6107
vn 0.7728 0.6287 -0.0869
vn 0.6486 0.6622 0.3754
vn 0.8273 0.5474 0.1257
vn 0.4683 0.6271 0.6225
vn -0.6529 0.4127 0.6352
vn -0.5157 0.0047 0.8568
vn 0.5079 0.7261 0.4636
vn 0.6011 0.5363 0.5925
vn 0.3908 0.4001 0.8289
vn -0.5019 -0.1493 0.8520
vn -0.5220 -0.0684 0.8502
vn -0.3759 -0.1196 0.9189
vn 0.8588 0.5082 -0.0645
vn 0.4713 0.8736 0.1214
vn 0.6229 0.7400 0.2537
vn -0.2028 0.5646 0.8001
vn 0.1944 0.3817 0.9036
vn -0.0759 0.3040 0.9497
vn 0.3457 0.5132 0.7856
vn 0.0233 0.7689 0.6390
vn 0.1104 0.5997 0.7926
vn 0.6811 0.4543 0.5742
vn 0.3136 0.8525 -0.4181
vn 0.3107 0.8549 -0.4155
vn 0.3458 0.8948 -0.2825
vn -0.3673 -0.8622 -0.3490
vn 0.6526 0.5658 0.5040
vn 0.0989 0.2777 0.9556
vn -0.1172 0.3853 0.9153
vn -0.1099 0.3674 0.9236
vn -0.5132 -0.1674 0.8418
vn 0.5747 -0.7943 -0.1968
vn -0.0469 0.6107 0.7905
vn 0.1775 0.3664 0.9134
vn -0.4335 0.8952 -0.1035
vn -0.4105 0.9000 -0.1462
vn -0.0282 0.6551 0.7550
vn -0.4534 0.8867 -0.0909
vn -0.4734 0.8796 0.0479
vn -0.1836 0.5932 0.7839
vn -0.2199 0.9564 0.1921
vn -0.4922 0.7668 -0.4121
vn -0.1015 0.1826 0.9779
vn -0.4870 0.8155 -0.3127
vn -0.1912 0.8745 -0.4458
vn -0.1906 0.8062 -0.5601
vn -0.1119 0.8703 -0.4797
vn -0.2071 0.9655 -0.1576
vn 0.1856 0.2686 -0.9452
vn -0.2690 0.9445 0.1886
vn 0.1614 0.6537 -0.7394
vn -0.3481 0.7170 0.6039
vn -0.5242 0.7877 0.3237
vn 0.4869 0.4000 -0.7765
vn -0.0671 0.9611 -0.2679
vn 0.4314 0.5431 0.7203
vn 0.2444 0.4779 -0.8437
vn -0.2428 0.9430 -0.2275
vn -0.4095 0.8096 -0.4206
vn -0.5404 0.7061 -0.4577
vn -0.2923 0.9559 -0.0297
vn -0.8765 0.0103 -0.4814
vn 0.0456 0.9713 -0.2335
vn -0.0205 0.9765 -0.2146
vn -0.4299 0.8395 -0.3324
vn -0.5129 0.8058 -0.2959
vn -0.1959 0.9742 -0.1120
vn -0.1528 0.9568 -0.2474
vn -0.1647 0.9059 0.3900
vn -0.8228 0.5681 -0.0188
vn -0.2045 0.8820 0.4245
vn -0.3084 0.9428 0.1267
vn -0.3958 0.8156 0.4220
vn -0.1824 0.9772 -0.1085
vn 0.0711 0.7635 0.6418
vn 0.4617 0.8658 -0.1929
vn 0.6460 0.7403 0.1862
vn 0.6900 -0.6028 0.4008
vn 0.5411 0.8406 0.0244
vn 0.6067 0.7685 0.2034
vn -0.6156 0.7103 -0.3413
vn 0.3328 -0.9218 0.1987
vn 0.5946 0.7242 0.3491
vn -0.8753 0.4833 -0.0168
vn -0.2050 -0.7897 -0.5783
vn -0.9008 0.3444 -0.2643
vn -0.5938 0.5489 0.5883
vn -0.9102 0.1886 0.3687
vn 0.5862 0.8060 0.0826
vn 0.4883 0.8632 0.1281
vn 0.2390 0.7236 0.6475
vn 0.5219 0.8171 0.2449
vn -0.9039 0.3702 -0.2142
vn 0.4010 0.8882 0.2245
vn 0.4078 0.8831 0.2319
vn 0.4089 0.8824 0.2326
vn 0.5780 0.1631 0.7996
vn 0.4983 0.8233 0.2717
vn 0.4943 0.8488 0.1876
vn -0.2164 0.9142 -0.3425
vn 0.3282 0.8807 0.3414
vn 0.4837 -0.8588 -0.1688
vn -0.7143 0.6414 0.2798
vn -0.8047 0.4132 0.4263
vn 0.1146 -0.2622 0.9582
vn 0.3231 -0.8237 0.4660
vn 0.4067 0.9133 -0.0219
vn 0.5493 0.7612 -0.3447
vn -0.3832 0.9102 -0.1568
vn 0.1411 0.9779 -0.1541
vn 0.6227 0.7452 -0.2386
vn -0.1187 0.9651 0.2336
vn -0.2860 0.7546 0.5906
vn -0.1177 0.9768 0.1788
vn -0.2814 0.9321 0.2280
vn -0.5124 0.5922 0.6219
vn -0.0637 0.9947 0.0805
vn -0.8268 0.5581 0.0703
vn 0.1716 0.8751 -0.4526
vn 0.6141 -0.7560 0.2264
vn -0.9846 -0.1347 -0.1117
vn 0.6937 -0.6202 0.3662
vn 0.7556 0.6198 0.2119
vn -0.9780 -0.1265 -0.1658
vn 0.9018 0.4179 0.1104
vn 0.6163 0.7483 0.2452
vn -0.9560 -0.2818 0.0819
vn 0.3149 0.7673 -0.5587
vn 0.6143 0.7854 0.0761
vn 0.3160 0.7967 0.5152
vn 0.3169 0.7971 0.5140
vn 0.3163 0.7968 0.5148
vn 0.0029 0.9991 0.0431
vn 0.5371 0.7470 0.3917
vn 0.4579 0.7496 0.4780
vn 0.3996 0.8034 0.4414
vn 0.6175 0.7547 0.2218
vn -0.8317 -0.4253 0.3569
vn 0.4636 0.7357 0.4938
vn -0.0077 -0.7475 0.6643
vn 0.5102 0.7544 0.4131
vn 0.1514 0.6687 0.7280
vn 0.1336 0.4841 0.8647
vn -0.0606 0.5081 0.8592
vn -0.0823 0.9766 0.1988
vn 0.2514 0.7028 0.6655
vn 0.5956 0.7358 -0.3222
vn -0.6717 0.7136 0.1989
vn -0.8095 0.2312 -0.5397
vn 0.3509 0.9292 0.1160
vn -0.2811 0.8281 -0.4850
vn -0.0053 -0.4980 0.8672
vn -0.6426 -0.4051 -0.6504
vn 0.6053 -0.7650 -0.2200
vn 0.6101 -0.7619 -0.2175
vn 0.6062 -0.7644 -0.2197
vn 0.6354 -0.4619 -0.6188
vn -0.4850 0.8598 -0.1595
vn -0.9862 0.1356 -0.0951
vn 0.8778 0.2975 -0.3754
vn 0.2698 0.8483 -0.4556
vn -0.2998 0.6663 0.6828
vn -0.7185 -0.6700 -0.1867
vn 0.8971 0.3605 -0.2554
vn -0.7338 0.5830 -0.3488
vn 0.7452 0.6668 -0.0018
vn 0.4782 0.7851 0.3935
vn 0.4776 0.7857 0.3932
vn 0.4775 0.7859 0.3930
vn 0.7427 0.6451 0.1798
vn -0.5385 -0.7721 0.3375
vn 0.2068 0.9380 0.2782
vn 0.7295 0.6808 0.0660
vn -0.1642 0.8936 0.4177
vn -0.9890 0.0817 -0.1230
vn -0.0630 0.8184 0.5712
vn -0.6091 0.7103 -0.3529
vn -0.2066 0.7305 0.6509
vn 0.0469 -0.0791 -0.9958
vn -0.5258 -0.6413 0.5589
vn -0.9990 -0.0146 -0.0422
vn -0.1430 -0.7905 0.5955
vn -0.3437 0.5626 0.7519
vn 0.5573 0.8139 -0.1643
vn -0.3949 -0.4758 -0.7859
vn -0.9452 -0.2764 0.1738
vn 0.5713 -0.7907 -0.2199
vn 0.3315 0.7853 0.5229
vn 0.3501 0.7957 0.4943
vn -0.7051 -0.5504 0.4470
vn -0.9240 0.0164 0.3820
vn -0.5040 0.8116 -0.2954
vn 0.1808 0.8219 0.5402
vn -0.0962 -0.9369 -0.3361
vn 0.3814 0.7736 0.5060
vn -0.0097 0.9740 -0.2264
vn -0.8089 -0.1059 0.5783
vn -0.0704 -0.9899 -0.1229
vn -0.0346 0.7968 -0.6032
vn -0.8316 0.4677 -0.2994
vn 0.3899 0.7739 0.4991
vn -0.1217 -0.7159 0.6875
vn 0.9740 -0.2207 -0.0515
vn -0.0001 -0.9923 -0.1241
vn -0.8329 0.5323 0.1511
vn -0.7427 0.6215 -0.2492
vn -0.7568 0.1801 0.6284
vn -0.8679 0.4953 0.0364
vn 0.9726 0.0793 0.2185
vn 0.2791 0.9378 0.2063
vn -0.3419 -0.6439 -0.6845
vn -0.0276 0.8838 -0.4670
vn -0.0067 -0.9704 -0.2412
vn -0.0067 -0.9705 -0.2411
vn -0.0066 -0.9705 -0.2412
vn 0.4612 0.6848 -0.5642
vn 0.2495 0.7571 -0.6037
vn -0.9024 0.2121 0.3752
vn 0.9050 0.4090 0.1169
vn -0.3845 0.7258 0.5705
vn 0.4558 -0.4098 0.7901
vn -0.9374 -0.2154 0.2736
vn 0.3775 0.7344 0.5640
vn 0.6677 0.7207 -0.1864
vn -0.8513 0.3336 0.4050
vn 0.6781 0.7334 -0.0479
vn 0.9655 0.1100 -0.2362
vn -0.8649 0.3198 0.3870
vn 0.9081 0.3941 0.1415
vn -0.3837 -0.9132 0.1371
vn -0.3467 -0.9365 -0.0527
vn 0.2280 -0.9666 0.1173
vn 0.4215 0.8950 0.1461
vn 0.6386 0.6745 0.3705
vn -0.7246 -0.1100 0.6803
vn -0.7344 0.6780 0.0298
vn -0.0674 0.1893 0.9796
vn -0.5544 -0.8284 0.0805
vn -0.6343 0.7652 0.1105
vn 0.3804 0.7176 -0.5834
vn -0.4855 -0.6457 0.5894
vn 0.7006 0.4569 0.5481
vn -0.6683 -0.6146 -0.4190
vn 0.0713 0.7864 -0.6136
vn -0.2690 -0.6448 0.7155
vn -0.4129 -0.2162 0.8847
vn 0.5097 0.3257 0.7963
vn -0.7177 0.3734 0.5878
vn -0.0065 -0.9704 -0.2412
vn 0.6244 0.6419 -0.4451
vn -0.9681 -0.2044 -0.1450
vn 0.9827 0.0646 0.1736
vn 0.7298 0.6802 0.0690
vn 0.0204 0.4146 0.9098
vn 0.7046 -0.4295 0.5649
vn -0.0513 0.1840 -0.9816
vn -0.7016 0.1633 -0.6936
vn -0.4813 0.8649 0.1426
vn -0.6023 -0.1362 0.7866
vn -0.6435 0.6986 0.3128
vn -0.9122 0.3334 -0.2381
vn -0.9127 0.3320 -0.2382
vn -0.9124 0.3314 -0.2402
vn -0.7423 0.5595 0.3686
vn 0.6461 0.7632 0.0093
vn -0.8887 -0.0471 -0.4560
vn -0.9787 0.1957 -0.0617
vn 0.6461 -0.7630 -0.0174
vn 0.7369 0.5361 0.4117
vn 0.6404 -0.1413 -0.7549
vn 0.7644 0.6431 -0.0449
vn 0.2959 -0.9497 0.1026
vn -0.4383 0.7879 -0.4325
vn -0.9662 0.2550 -0.0372
vn -0.6548 0.4843 0.5803
vn 0.1941 -0.6751 0.7118
vn 0.3814 -0.4338 0.8163
vn -0.0792 -0.9969 0.0036
vn -0.1096 -0.9940 0.0060
vn -0.0947 -0.9837 0.1528
vn -0.3379 -0.6751 0.6558
vn 0.8805 0.4244 0.2113
vn 0.1138 0.5017 0.8575
vn -0.4918 -0.1931 0.8490
vn -0.1181 -0.4284 0.8958
vn -0.7973 0.6016 0.0485
vn 0.0624 -0.8783 0.4740
vn 0.5122 -0.6067 0.6079
vn -0.0994 0.5390 0.8364
vn -0.5030 0.8643 0.0030
vn -0.5546 -0.8272 0.0902
vn 0.5419 0.6675 0.5106
vn 0.5429 -0.7660 0.3441
vn 0.6055 0.7277 0.3222
vn 0.6446 0.6454 -0.4098
vn 0.1070 -0.4958 0.8618
vn -0.5859 0.4775 0.6548
vn 0.4091 0.8204 0.3996
vn -0.5701 -0.1955 0.7980
vn -0.9341 -0.0423 -0.3546
vn -0.6215 -0.7813 -0.0571
vn 0.2720 0.9335 0.2337
vn -0.9827 0.1289 -0.1331
vn 0.1058 -0.8451 0.5240
vn -0.9120 0.3347 -0.2373
vn 0.6110 -0.7614 -0.2168
vn 0.5625 0.7558 -0.3352
vn -0.8775 0.3087 0.3669
vn 0.5507 -0.5116 0.6595
vn 0.0447 0.9038 -0.4256
vn 0.6656 -0.6122 0.4269
vn 0.1129 -0.0794 -0.9904
vn -0.1067 0.7528 0.6496
vn 0.6151 0.7781 -0.1272
vn 0.3414 0.9398 -0.0137
vn 0.8381 0.5433 -0.0486
vn 0.3156 0.9225 -0.2223
vn -0.9308 0.3216 -0.1740
vn -0.0295 0.8690 -0.4940
vn -0.3269 0.8027 -0.4988
vn -0.9524 0.0166 -0.3045
vn 0.5399 -0.5376 -0.6477
vn 0.5395 -0.5379 -0.6477
vn 0.5163 -0.8351 -0.1901
vn -0.9239 0.0102 -0.3825
vn -0.2115 -0.3440 0.9148
vn 0.3453 0.7013 -0.6236
vn 0.8245 0.5053 0.2548
vn 0.0986 0.9937 0.0536
vn -0.7954 0.4607 -0.3938
vn -0.8006 0.3864 0.4579
vn 0.7980 0.5056 0.3280
vn 0.1792 0.2402 0.9540
vn -0.0130 0.7410 0.6714
vn -0.8887 0.3821 -0.2534
vn 0.5128 0.8077 0.2910
vn -0.9511 0.3075 -0.0308
vn -0.6579 0.3241 0.6798
vn 0.8262 0.4664 0.3160
vn -0.1615 -0.8410 -0.5164
vn 0.6902 -0.6942 0.2042
vn -0.2988 -0.6651 0.6843
vn -0.0547 -0.8095 0.5846
vn 0.7361 0.1168 0.6667
vn 0.1171 0.6590 0.7430
vn 0.6297 0.7763 -0.0284
vn 0.5276 0.8458 0.0791
vn 0.4762 0.7646 0.4342
vn -0.7167 0.0251 0.6969
vn 0.1591 -0.9495 -0.2705
vn 0.3575 0.4092 -0.8395
vn 0.6890 -0.6382 0.3434
vn -0.9665 0.2300 0.1140
vn 0.7810 0.1267 0.6115
vn -0.7770 -0.2777 0.5649
vn 0.8782 0.4625 0.1218
vn -0.9743 0.1170 -0.1926
vn -0.0463 0.8640 -0.5013
vn 0.6881 0.5066 0.5194
vn -0.5270 0.3826 0.7589
vn 0.1282 -0.9833 -0.1294
vn -0.8162 0.4821 0.3185
vn 0.3668 0.9119 -0.1841
vn 0.1056 0.6985 -0.7077
vn -0.0100 0.9999 0.0077
vn 0.7608 0.6490 0.0011
vn -0.8862 0.4287 0.1754
vn 0.5680 -0.6712 0.4763
vn 0.0125 -0.9926 -0.1212
vn -0.3778 0.3855 0.8418
vn 0.4069 0.9012 0.1491
vn -0.6836 0.6996 0.2078
vn 0.6416 0.4172 0.6436
vn 0.8309 0.3563 -0.4273
vn -0.9447 0.3270 -0.0227
vn -0.9236 0.0034 -0.3832
vn -0.5282 0.7559 -0.3869
vn -0.8471 0.5277 -0.0629
vn 0.4278 0.7446 0.5123
vn -0.8730 0.4577 0.1685
vn -0.6604 0.7390 -0.1329
vn -0.2632 0.8810 -0.3932
vn -0.3524 0.8862 -0.3007
vn 0.9305 0.0989 0.3526
vn -0.1107 -0.9884 -0.1042
vn -0.2583 -0.9611 0.0975
vn -0.1954 0.9796 -0.0466
vn 0.7545 -0.5977 0.2710
vn -0.0265 0.9807 0.1938
vn 0.5845 0.5736 0.5739
vn 0.0964 0.5392 0.8367
vn -0.5027 -0.2854 -0.8160
vn -0.9499 0.3117 -0.0245
vn 0.7010 -0.3850 0.6003
vn -0.0954 0.5786 0.8100
vn 0.8928 0.1432 0.4271
vn 0.7329 0.6773 -0.0646
vn 0.6260 0.7204 0.2985
vn -0.8019 0.5700 -0.1791
vn 0.8349 0.0188 0.5501
vn -0.7341 0.6719 0.0983
vn 0.0924 0.4829 -0.8708
vn -0.9830 -0.1577 0.0945
vn 0.9000 0.3993 0.1750
vn -0.6680 -0.6877 0.2845
vn -0.8390 0.5052 0.2021
vn -0.4914 0.6517 0.5777
vn 0.3257 -0.9313 0.1630
vn 0.3960 -0.9182 0.0059
vn -0.2258 0.8601 0.4574
vn 0.6922 -0.6715 0.2644
vn 0.9939 -0.0741 0.0817
vn -0.2190 0.9704 -0.1019
vn -0.2191 0.9704 -0.1018
vn -0.2192 0.9704 -0.1017
vn 0.7811 0.3669 0.5053
vn -0.0630 0.6818 -0.7288
vn 0.9814 -0.0265 0.1901
vn 0.5403 -0.8353 0.1013
vn 0.5485 0.8325 0.0780
vn 0.0525 0.8022 -0.5947
vn 0.3963 -0.8802 0.2611
vn -0.5340 0.7671 0.3555
vn 0.4604 -0.8799 0.1178
vn -0.3776 -0.9061 0.1907
vn 0.2161 0.8572 0.4675
vn 0.5751 0.7612 0.2996
vn 0.8922 0.3860 0.2347
vn -0.9759 -0.1118 0.1872
vn 0.9622 0.2080 0.1757
vn -0.5857 0.7661 -0.2648
vn -0.9825 0.0273 0.1844
vn 0.5410 -0.8407 0.0223
vn 0.9522 0.1285 0.2771
vn -0.6797 -0.6956 0.2328
vn -0.0863 0.6483 0.7564
vn -0.1362 0.9688 0.2072
vn -0.2106 -0.9434 0.2562
vn -0.4728 0.7414 -0.4762
vn 0.5541 0.8324 0.0026
vn -0.4281 0.0982 -0.8984
vn -0.1918 -0.7599 -0.6211
vn 0.5609 0.8184 -0.1249
vn 0.9290 0.2070 0.3069
vn 0.3386 -0.8896 0.3065
vn 0.7072 0.4443 -0.5499
vn -0.4172 -0.9085 -0.0247
vn 0.9777 0.1906 0.0881
vn 0.9665 0.2125 0.1436
vn 0.9263 0.3454 -0.1505
vn 0.3306 0.1597 -0.9302
vn -0.2557 -0.8596 0.4424
vn -0.5222 -0.8124 -0.2594
vn 0.9206 -0.0231 0.3897
vn 0.7844 0.6166 -0.0668
vn 0.4432 -0.8682 0.2233
vn -0.9376 -0.2227 0.2669
vn -0.7460 -0.6584 0.0999
vn -0.9481 0.3157 0.0386
vn 0.0949 0.7323 -0.6743
vn 0.9937 -0.1093 0.0267
vn 0.8684 -0.4569 0.1926
vn 0.5418 0.7811 -0.3103
vn 0.5384 0.7828 -0.3119
vn -0.2462 -0.8078 0.5356
vn 0.3469 0.3304 -0.8778
vn 0.6691 -0.5295 0.5216
vn 0.8879 -0.0872 0.4518
vn -0.2890 0.8669 0.4061
vn -0.0077 0.8605 -0.5093
vn -0.2103 -0.9636 0.1652
vn -0.9266 -0.3537 -0.1281
vn 0.8830 0.4200 -0.2094
vn -0.1512 0.6513 -0.7436
vn -0.3575 0.2535 -0.8988
vn 0.1377 0.7725 0.6200
vn -0.2546 0.5837 -0.7710
vn -0.1350 0.5751 -0.8069
vn 0.1205 0.4510 -0.8843
vn 0.9708 0.2384 0.0255
vn -0.6786 -0.7295 -0.0861
vn 0.3718 0.7470 0.5511
vn -0.2111 -0.4556 -0.8648
vn -0.1692 0.5115 -0.8425
vn -0.1733 0.5057 -0.8451
vn -0.1677 0.5138 -0.8414
vn 0.4418 -0.7880 0.4287
vn 0.5848 0.6420 0.4958
vn 0.6234 0.7504 0.2196
vn -0.9847 0.0184 0.1734
vn 0.4182 -0.7866 -0.4542
vn -0.2088 0.9656 0.1548
vn 0.3115 -0.8640 0.3956
vn 0.4360 -0.8797 0.1899
vn -0.0465 0.2930 -0.9550
vn 0.6257 0.7778 0.0596
vn 0.7382 0.6716 0.0628
vn -0.2680 0.1567 -0.9506
vn -0.1541 0.8317 0.5334
vn 0.2556 0.6458 -0.7195
vn 0.4891 -0.8302 0.2673
vn 0.5664 0.7368 0.3693
vn -0.8704 -0.4500 -0.1997
vn 0.6861 0.6976 -0.2065
vn -0.9251 -0.3470 -0.1544
vn 0.4706 0.8523 -0.2284
vn 0.6057 0.7699 0.2007
vn 0.4364 0.8623 -0.2570
vn 0.5624 0.6363 0.5280
vn -0.7811 -0.6173 -0.0934
vn 0.9755 0.0029 0.2199
vn 0.1260 -0.2541 0.9589
vn -0.5511 -0.7166 0.4275
vn 0.1717 0.2681 0.9480
vn -0.8231 0.2061 -0.5293
vn -0.6628 0.5823 0.4708
vn 0.7404 0.1037 0.6641
vn 0.9358 0.3522 -0.0161
vn -0.4125 -0.5928 0.6917
vn -0.3466 -0.9293 -0.1274
vn 0.2758 0.8627 0.4239
vn 0.1618 -0.7347 0.6588
vn 0.8804 0.3793 -0.2846
vn -0.7704 0.6334 0.0730
vn -0.4462 0.8551 -0.2641
vn 0.2484 0.9365 -0.2476
vn -0.7920 0.5505 0.2641
vn 0.3703 0.8463 -0.3830
vn 0.8742 0.2950 -0.3856
vn 0.8697 0.3441 -0.3537
vn 0.7402 0.5386 0.4024
vn -0.1602 -0.8537 0.4956
vn -0.5445 0.8256 -0.1480
vn -0.3123 -0.8548 0.4145
vn 0.3288 0.6013 -0.7282
vn -0.8863 -0.3496 0.3037
vn 0.7489 0.3904 0.5355
vn 0.0169 0.4115 -0.9112
vn 0.4116 0.8985 0.1527
vn -0.3699 0.9170 0.1494
vn 0.0535 -0.8991 -0.4345
vn 0.9779 0.1975 -0.0689
vn 0.9213 0.3525 -0.1643
vn 0.4442 0.8958 0.0157
vn 0.5061 0.8625 -0.0020
vn 0.6531 0.6401 0.4046
vn 0.3286 0.3523 -0.8763
vn 0.4413 0.7268 -0.5263
vn -0.2481 -0.1775 0.9523
vn 0.8424 0.5359 -0.0571
vn 0.8252 0.5617 -0.0591
vn 0.2621 0.0835 -0.9614
vn 0.9647 -0.2420 0.1038
vn -0.6679 0.7119 -0.2172
vn 0.8781 0.4134 -0.2407
vn 0.2682 0.6455 0.7152
vn 0.2331 0.4785 -0.8466
vn -0.2189 0.9704 -0.1020
vn 0.5333 -0.3332 0.7775
vn 0.3585 -0.9135 0.1922
vn 0.6383 0.6629 0.3914
vn 0.0978 0.5938 -0.7987
vn -0.2177 -0.3666 0.9045
vn -0.3504 0.4041 -0.8449
vn -0.3512 -0.3353 0.8742
vn 0.0691 0.5587 0.8265
vn 0.7440 0.6681 -0.0009
vn -0.4493 -0.4219 0.7875
vn 0.5975 0.7897 -0.1389
vn 0.5250 0.8382 -0.1480
vn 0.5079 0.8003 -0.3188
vn 0.3614 0.9309 0.0524
vn 0.8176 0.4941 -0.2958
vn 0.7539 0.5790 0.3105
vn 0.4261 -0.7331 -0.5301
vn 0.9038 -0.1503 -0.4007
vn 0.3376 -0.2035 -0.9190
vn 0.1057 0.5136 0.8515
vn 0.0840 0.8871 -0.4538
vn 0.7088 0.6502 -0.2736
vn 0.2302 0.9122 -0.3388
vn 0.9645 0.2304 0.1294
vn 0.4186 -0.8765 0.2378
vn 0.1271 0.4737 -0.8715
vn 0.2819 0.9593 0.0184
vn 0.5084 0.8472 -0.1542
vn 0.1434 0.8863 0.4403
vn 0.3267 0.8741 0.3596
vn 0.9730 0.2278 0.0380
vn 0.4605 0.8351 0.3008
vn 0.6613 0.7327 -0.1609
vn 0.5732 0.7491 -0.3320
vn 0.3780 -0.9158 0.1356
vn 0.1000 0.4930 -0.8642
vn 0.8865 0.0957 0.4527
vn 0.6377 0.7613 0.1172
vn 0.6457 0.7305 0.2221
vn 0.6888 0.7229 -0.0538
vn 0.2738 0.7926 0.5448
vn 0.6597 0.7508 0.0342
vn 0.2904 0.8702 0.3980
vn 0.3117 0.7693 0.5577
vn -0.3725 0.2779 0.8854
vn -0.7132 0.6191 -0.3286
vn 0.1648 0.8898 -0.4255
vn 0.6881 0.6746 0.2672
vn -0.0756 0.1178 -0.9902
vn 0.8736 0.4855 -0.0327
vn 0.8962 0.4319 -0.1012
vn 0.8757 0.0275 0.4821
vn -0.6928 -0.2351 0.6817
vn -0.6276 -0.3656 -0.6874
vn -0.6622 -0.1210 0.7395
vn 0.0644 0.8319 0.5512
vn 0.0093 0.9071 0.4208
vn -0.7295 -0.3310 0.5986
vn -0.0751 0.5523 0.8302
vn 0.1304 0.6305 0.7652
vn 0.2384 0.6862 0.6873
vn 0.2993 0.6916 0.6574
vn 0.1005 0.7274 0.6788
vn -0.3563 -0.2335 0.9047
vn -0.5132 -0.4398 0.7370
vn 0.3030 0.6574 0.6899
vn -0.3692 -0.3958 0.8408
vn -0.4888 -0.3818 0.7844
vn -0.8387 -0.3598 0.4088
vn -0.9104 -0.3406 0.2348
vn -0.8484 -0.5286 -0.0274
vn -0.8067 -0.5404 0.2394
vn -0.1400 0.8700 -0.4727
vn 0.1690 0.9751 0.1433
vn 0.7601 0.6268 0.1715
vn -0.4602 -0.2748 0.8442
vn 0.1428 0.4875 0.8614
vn 0.1402 0.4875 0.8618
vn 0.1319 0.4876 0.8630
vn -0.6461 -0.4992 0.5773
vn -0.5609 -0.3942 0.7280
vn 0.7921 0.5533 0.2577
vn 0.1742 -0.8103 -0.5596
vn 0.3281 0.6766 -0.6592
vn -0.5070 -0.2839 0.8138
vn 0.1292 0.4876 0.8635
vn 0.6201 0.7274 0.2938
vn 0.4745 0.7660 0.4337
vn -0.5924 0.4851 0.6432
vn 0.1906 0.7558 0.6264
vn 0.2291 0.7925 0.5652
vn 0.4015 0.7450 0.5327
vn 0.6694 0.7398 0.0678
vn -0.7908 -0.5540 -0.2601
vn 0.0654 0.9268 -0.3698
vn 0.2994 0.8519 -0.4297
vn 0.5596 0.8178 -0.1345
vn 0.5387 0.8360 -0.1048
vn 0.4567 0.8110 -0.3657
vn 0.5617 0.7219 -0.4040
vn 0.0977 0.4970 -0.8622
vn 0.5021 0.8337 -0.2296
vn 0.3545 0.6758 0.6463
vn 0.4508 0.8578 -0.2470
vn -0.4682 -0.5799 -0.6667
vn 0.6309 0.7666 0.1190
vn 0.2462 0.0491 -0.9680
vn 0.2461 0.0491 -0.9680
vn 0.2466 0.0492 -0.9679
vn 0.6579 0.7526 0.0279
vn -0.2065 0.0936 -0.9740
vn 0.6318 0.7515 0.1897
vn -0.1149 0.9599 0.2556
vn 0.2966 0.7442 0.5985
vn 0.2418 0.6309 -0.7372
vn 0.4064 0.7926 -0.4546
vn 0.2174 0.9761 0.0031
vn -0.3221 0.1509 -0.9346
vn 0.6831 0.7252 0.0864
vn 0.4141 0.8850 0.2128
vn 0.5636 0.8116 0.1539
vn 0.6003 0.7810 -0.1724
vn -0.2097 -0.3089 -0.9277
vn 0.5847 0.8066 0.0867
vn 0.4180 0.8439 0.3362
vn 0.2086 0.7597 -0.6159
vn 0.0486 0.7579 0.6505
vn 0.6914 0.4123 0.5932
vn 0.6546 0.1290 0.7449
vn 0.5471 0.2030 0.8121
vn 0.7704 0.2032 0.6043
vn 0.5268 0.8026 -0.2799
vn 0.6663 0.6134 0.4240
vn 0.8512 0.4348 0.2940
vn 0.8028 0.5402 0.2525
vn 0.6983 0.5137 0.4984
vn 0.5964 0.3516 0.7216
vn 0.5643 0.0869 0.8210
vn -0.6032 -0.5212 0.6038
vn 0.6258 0.3549 0.6946
vn 0.6894 0.6111 0.3889
vn 0.6714 0.2582 0.6947
vn 0.4938 0.4231 0.7597
vn -0.0947 0.9821 -0.1627
vn 0.7984 0.5674 0.2018
vn 0.7760 0.6301 -0.0286
vn 0.8631 0.4276 -0.2687
vn -0.0029 0.8607 -0.5091
vn -0.2666 -0.1044 0.9581
vn -0.1863 -0.5640 -0.8045
vn 0.1542 0.6832 -0.7138
vn -0.1657 -0.8886 -0.4277
vn -0.0322 0.8752 -0.4827
vn 0.8616 0.1799 0.4747
vn 0.0046 -0.9147 -0.4040
vn -0.9144 0.0159 0.4046
vn -0.5959 -0.7928 -0.1284
vn -0.0066 -0.7973 -0.6036
vn -0.7039 -0.6495 -0.2875
vn -0.2191 0.0919 0.9714
vn -0.8251 0.4236 -0.3738
vn 0.7559 0.4543 0.4714
vn -0.1405 -0.7887 -0.5985
vn -0.4180 -0.8305 -0.3681
vn 0.2809 0.9122 0.2984
vn -0.2969 -0.8069 -0.5107
vn -0.5037 -0.7381 -0.4489
vn 0.1661 0.8581 0.4860
vn 0.8063 0.4515 -0.3821
vn 0.7710 0.5415 -0.3351
vn 0.7216 0.6840 0.1073
vn -0.3439 0.1616 0.9250
vn 0.2352 0.9417 -0.2405
vn 0.4530 0.0805 -0.8878
vn 0.1867 0.0084 -0.9824
vn 0.2279 0.9714 0.0667
vn 0.2000 0.0157 -0.9797
vn 0.6073 -0.7856 0.1186
vn 0.2589 0.1439 -0.9551
vn 0.1776 0.5198 -0.8356
vn -0.0236 0.9545 -0.2972
vn 0.1816 0.0797 -0.9801
vn -0.8545 0.1722 -0.4900
vn 0.7688 -0.3223 0.5523
vn 0.5100 0.2985 -0.8067
vn -0.4186 -0.4929 0.7628
vn 0.9646 -0.1929 0.1796
vn 0.3515 0.8238 0.4447
vn -0.2277 0.6701 -0.7065
vn 0.9676 0.1344 -0.2136
vn 0.6681 -0.4824 0.5665
vn -0.2298 -0.8024 -0.5508
vn -0.2160 -0.9427 0.2542
vn 0.0247 0.0066 -0.9997
vn 0.0229 0.0056 -0.9997
vn 0.0155 0.0090 -0.9998
vn 0.2607 0.8254 0.5008
vn 0.8035 0.5943 -0.0355
vn 0.3683 0.8894 -0.2709
vn -0.2309 -0.5939 0.7707
vn 0.5121 -0.2668 -0.8164
vn -0.1847 -0.4881 0.8530
vn 0.3219 0.8829 -0.3420
vn 0.2629 -0.4624 -0.8468
vn -0.0338 -0.0911 0.9953
vn 0.2872 0.5779 -0.7639
vn -0.2784 -0.2662 0.9228
vn 0.1750 0.9543 0.2422
vn 0.7339 0.6704 -0.1091
vn 0.5927 -0.4625 0.6594
vn 0.9511 0.2405 0.1938
vn -0.4291 -0.7754 0.4632
vn -0.2662 -0.8436 0.4664
vn 0.7538 0.6569 0.0176
vn 0.9638 0.2497 0.0934
vn 0.7002 0.6473 0.3013
vn 0.8167 0.4529 0.3575
vn 0.9333 -0.0798 0.3501
vn 0.7284 0.5992 0.3322
vn 0.8530 0.5218 0.0051
vn -0.8030 0.5340 0.2646
vn 0.2746 -0.6947 0.6648
vn -0.6972 -0.6507 0.3007
vn 0.8588 -0.4849 0.1651
vn -0.6845 -0.6685 0.2907
vn -0.0110 0.2784 -0.9604
vn 0.5954 0.7429 0.3061
vn -0.0991 -0.2821 0.9543
vn 0.9720 0.0763 0.2221
vn 0.7865 -0.1235 0.6051
vn -0.7808 0.6080 -0.1442
vn 0.9533 0.0931 0.2872
vn 0.4695 0.7866 0.4010
vn 0.0813 0.1874 0.9789
vn 0.9905 -0.0513 0.1278
vn 0.8512 -0.1055 0.5141
vn 0.4477 -0.4639 0.7645
vn -0.8487 0.0122 0.5287
vn 0.1086 -0.1282 -0.9858
vn 0.6090 0.6127 0.5038
vn 0.0248 0.9570 -0.2889
vn 0.5189 0.8197 0.2425
vn 0.0663 -0.9978 0.0013
vn -0.7724 0.4684 0.4290
vn -0.3397 0.8437 -0.4156
vn 0.6413 0.7667 0.0302
vn 0.3902 0.8941 0.2198
vn 0.8683 -0.4888 -0.0848
vn 0.2593 -0.4314 0.8641
vn 0.6296 -0.0773 0.7730
vn 0.4204 -0.8651 -0.2737
vn -0.7853 0.5612 -0.2615
vn 0.4864 -0.8483 -0.2095
vn -0.2578 -0.9161 0.3071
vn -0.7670 0.6285 -0.1290
vn 0.1053 -0.7453 -0.6583
vn 0.9011 0.4170 0.1188
vn 0.5888 0.7886 0.1771
vn 0.4819 0.2556 0.8381
vn 0.9801 0.1679 0.1062
vn -0.2864 0.9237 -0.2543
vn 0.9758 -0.0200 -0.2175
vn 0.9860 -0.1535 -0.0651
vn 0.8444 -0.0614 0.5321
vn 0.1767 0.9741 -0.1408
vn 0.4942 -0.3939 -0.7750
vn 0.7814 0.1573 0.6039
vn -0.4199 -0.5859 -0.6931
vn -0.3425 -0.2684 -0.9004
vn -0.3345 -0.4872 -0.8067
vn -0.0180 -0.7858 0.6182
vn -0.3769 -0.4236 -0.8237
vn -0.4586 -0.7580 0.4638
vn 0.8287 0.2777 -0.4860
vn 0.7845 0.4001 -0.4738
vn 0.9706 0.0725 -0.2297
vn 0.5185 -0.7910 -0.3249
vn 0.5470 0.6902 0.4737
vn -0.1368 -0.7366 0.6623
vn 0.6187 0.7721 0.1450
vn -0.9181 -0.3083 -0.2491
vn 0.9236 0.3763 0.0735
vn 0.6963 0.6193 -0.3628
vn 0.9895 -0.0587 -0.1320
vn 0.1810 0.6434 -0.7438
vn -0.0797 0.8750 0.4775
vn 0.9595 0.1090 -0.2599
vn 0.9256 0.1791 -0.3336
vn 0.8966 0.2458 -0.3684
vn 0.8993 0.1425 -0.4136
vn 0.8765 0.0600 -0.4777
vn -0.3862 -0.6352 -0.6689
vn 0.0699 0.7349 -0.6745
vn -0.2966 0.9523 0.0712
vn 0.8023 0.3986 -0.4444
vn 0.0059 0.6137 -0.7895
vn 0.7550 0.3830 -0.5322
vn 0.7501 0.3877 -0.5358
vn 0.7553 0.3823 -0.5324
vn -0.8805 0.2003 -0.4296
vn 0.9237 0.2306 -0.3059
vn 0.8124 -0.0946 0.5753
vn 0.8479 0.2694 -0.4566
vn 0.8601 0.3618 -0.3597
vn -0.6303 0.2292 -0.7417
vn -0.5007 0.8654 0.0207
vn 0.7946 0.5767 0.1897
vn 0.9271 0.3201 0.1952
vn 0.9285 0.3485 -0.1284
vn 0.2925 0.1719 -0.9407
vn 0.3037 0.5082 0.8059
vn 0.8772 0.4716 0.0897
vn -0.0381 0.9950 -0.0925
vn 0.4172 0.5259 0.7412
vn -0.7569 0.5313 0.3806
vn 0.6347 0.7619 0.1289
vn -0.5948 0.7987 -0.0910
vn -0.3378 -0.6891 -0.6411
vn 0.3587 0.9307 -0.0718
vn 0.3347 0.8926 -0.3021
vn 0.1004 0.5932 -0.7987
vn -0.5224 0.6764 0.5192
vn 0.9277 -0.3725 0.0237
vn 0.9521 0.0758 -0.2962
vn 0.7416 -0.6636 -0.0979
vn -0.0623 0.9324 -0.3560
vn 0.6824 0.7309 0.0128
vn -0.9223 0.3187 0.2188
vn 0.3583 0.3718 0.8564
vn -0.1470 -0.2673 0.9523
vn -0.8295 0.4944 -0.2599
vn 0.3946 -0.9062 -0.1521
vn -0.2821 -0.4753 0.8333
vn 0.8475 0.3460 -0.4025
vn -0.4621 0.8760 -0.1381
vn 0.0447 -0.9988 0.0218
vn 0.1792 -0.7634 -0.6206
vn 0.7331 0.6648 -0.1434
vn 0.4272 -0.8757 -0.2251
vn 0.4517 -0.1663 -0.8765
vn 0.4961 0.8675 -0.0377
vn 0.8748 -0.0753 -0.4785
vn -0.9596 -0.1733 0.2215
vn 0.6797 0.3225 -0.6587
vn -0.9147 0.1075 0.3895
vn -0.5743 -0.0885 0.8139
vn 0.6301 0.7694 0.1048
vn 0.7001 -0.6759 -0.2304
vn 0.9166 -0.0562 -0.3959
vn 0.7227 -0.6596 -0.2067
vn -0.1781 0.9362 0.3030
vn 0.5813 -0.7378 -0.3432
vn -0.8239 0.4221 -0.3781
vn 0.6122 0.7895 -0.0434
vn -0.9853 0.1705 0.0047
vn -0.8563 0.4069 0.3181
vn 0.9443 0.1715 -0.2809
vn 0.2447 0.4456 -0.8611
vn 0.7906 -0.5680 0.2287
vn 0.7620 -0.5206 0.3850
vn 0.3330 0.6393 -0.6931
vn 0.8763 -0.3394 0.3419
vn 0.7883 -0.0480 -0.6134
vn -0.4004 -0.5080 0.7627
vn 0.0154 0.0114 -0.9998
vn 0.6974 0.4670 0.5436
vn 0.7056 0.6956 0.1354
vn 0.8034 0.5204 -0.2893
vn 0.7831 0.6073 -0.1341
vn 0.6155 0.7402 0.2707
vn 0.5177 0.8431 -0.1454
vn -0.7021 -0.3658 0.6109
vn -0.8605 0.2396 -0.4497
vn 0.8911 0.3247 -0.3171
vn 0.0235 0.9724 0.2322
vn 0.7421 -0.0563 0.6679
vn 0.7601 0.4126 0.5020
vn 0.9123 0.1405 -0.3847
vn 0.8433 0.0826 0.5311
vn 0.9641 0.2071 0.1660
vn 0.4815 -0.8624 0.1566
vn 0.3024 0.9531 0.0156
vn 0.6610 0.6438 -0.3855
vn 0.7427 0.1240 -0.6581
vn 0.5771 0.7874 -0.2167
vn 0.9573 0.2889 0.0138
vn 0.7631 -0.6459 0.0232
vn 0.1413 0.4020 -0.9047
vn 0.8808 0.3557 -0.3127
vn -0.4235 -0.3747 0.8248
vn 0.1254 0.3296 0.9358
vn 0.8137 0.5109 -0.2774
vn 0.8920 0.2286 -0.3899
vn -0.5432 -0.7095 -0.4488
vn 0.3111 -0.8392 0.4461
vn 0.6612 0.6730 -0.3316
vn 0.8452 0.4337 -0.3122
vn 0.4611 -0.6337 -0.6211
vn 0.3806 0.9181 -0.1106
vn -0.0061 0.1734 0.9848
vn 0.3853 0.9040 -0.1850
vn 0.5027 0.8626 -0.0558
vn 0.3528 0.8927 -0.2806
vn 0.4009 0.9106 -0.1006
vn 0.8120 0.4895 -0.3179
vn 0.0022 -0.1391 -0.9903
vn 0.7068 0.6803 -0.1938
vn 0.7768 -0.5641 0.2799
vn 0.5504 0.8343 0.0324
vn -0.8719 -0.4657 0.1514
vn -0.9735 0.1334 0.1858
vn -0.9639 0.2480 -0.0968
vn -0.4235 -0.4412 0.7912
vn -0.7467 0.4609 0.4797
vn 0.9701 0.0685 -0.2327
vn 0.4239 0.8961 0.1317
vn -0.6708 -0.6943 -0.2607
vn -0.7619 0.6462 0.0448
vn -0.7384 0.5343 0.4114
vn 0.7494 0.3880 -0.5365
vn 0.4987 0.8636 0.0745
vn 0.3525 0.8506 -0.3901
vn 0.3487 0.8520 -0.3906
vn 0.3540 0.8486 -0.3933
vn 0.4178 0.9066 -0.0596
vn 0.8901 0.3831 -0.2469
vn 0.3511 0.8527 -0.3869
vn 0.2677 0.9275 -0.2609
vn 0.3128 0.9058 -0.2858
vn 0.9132 0.2984 -0.2775
vn 0.9426 0.3145 -0.1125
vn 0.6962 0.6704 -0.2567
vn 0.3842 0.9122 -0.1421
vn 0.3434 0.8626 -0.3716
vn 0.3477 0.9120 -0.2174
vn 0.4132 0.8385 -0.3551
vn 0.3798 -0.8872 0.2618
vn 0.4141 -0.7880 0.4556
vn 0.3928 0.7996 -0.4542
vn 0.1546 0.9794 -0.1301
vn 0.1890 0.9820 -0.0009
vn 0.2400 0.8431 -0.4813
vn 0.4814 0.8456 0.2306
vn 0.4985 0.7610 -0.4153
vn -0.9967 -0.0550 0.0591
vn 0.8315 0.5546 -0.0321
vn 0.8941 -0.0652 -0.4430
vn 0.4106 0.8550 -0.3167
vn 0.4152 0.8984 -0.1431
vn 0.9364 0.3034 0.1762
vn 0.3528 0.7935 -0.4958
vn 0.7704 0.4887 0.4095
vn 0.8695 0.4379 -0.2285
vn 0.5351 0.8149 -0.2226
vn 0.5830 0.7306 -0.3554
vn 0.3719 0.7866 -0.4929
vn 0.0907 0.9818 -0.1668
vn 0.1867 0.9461 -0.2646
vn 0.3251 0.8596 -0.3943
vn 0.2687 0.8725 -0.4081
vn 0.9543 -0.2276 0.1935
vn 0.7380 0.5774 0.3492
vn -0.6492 -0.7535 -0.1037
vn -0.9696 0.1420 -0.1991
vn 0.9004 0.2616 -0.3475
vn 0.2752 0.9363 -0.2180
vn 0.6642 0.7345 -0.1388
vn 0.3811 0.5173 0.7663
vn 0.5907 0.6990 -0.4030
vn -0.1443 -0.9814 0.1263
vn -0.0905 0.8569 -0.5074
vn -0.1903 0.8129 -0.5505
vn 0.7500 0.4892 -0.4453
vn -0.3434 -0.8602 0.3772
vn 0.6978 0.7155 0.0327
vn -0.1521 0.6393 -0.7538
vn -0.6117 0.7148 -0.3389
vn 0.7358 -0.3674 0.5689
vn 0.0210 0.9358 0.3520
vn 0.4139 0.9037 0.1100
vn -0.8161 0.5129 -0.2662
vn 0.7075 0.5266 0.4712
vn 0.0745 0.8133 -0.5770
vn 0.7722 0.6117 -0.1722
vn 0.7071 0.6953 -0.1286
vn 0.5343 0.7788 -0.3286
vn 0.5493 0.1812 0.8158
vn 0.2580 0.9602 0.1069
vn 0.3026 0.8685 -0.3926
vn 0.4066 0.7404 0.5352
vn 0.4026 -0.2294 -0.8861
vn -0.1177 0.3198 -0.9401
vn 0.4869 -0.4701 -0.7362
vn 0.3744 0.7893 -0.4866
vn -0.6813 -0.6422 -0.3511
vn 0.9100 0.4124 0.0431
vn 0.1979 0.5760 0.7932
vn 0.8243 0.5642 0.0459
vn 0.6784 0.5868 0.4422
vn 0.1496 0.7882 0.5970
vn 0.3782 0.6642 -0.6448
vn 0.8362 0.5443 -0.0673
vn 0.9604 0.2529 0.1166
vn 0.5219 0.8526 0.0274
vn 0.6597 0.6149 0.4320
vn 0.5847 0.6373 -0.5020
vn 0.7459 0.5937 -0.3019
vn -0.0953 0.9597 -0.2643
vn 0.8147 0.5600 -0.1508
vn 0.7355 0.6120 -0.2907
vn 0.5266 0.7260 0.4423
vn 0.7561 -0.0137 -0.6543
vn 0.7559 0.4096 -0.5107
vn -0.0565 -0.5766 -0.8151
vn 0.6111 0.7248 0.3180
vn 0.6269 0.2830 0.7259
vn 0.6596 0.5552 0.5067
vn 0.8380 0.5096 -0.1952
vn 0.3695 0.8700 -0.3266
vn 0.6274 0.7391 0.2452
vn -0.4040 0.9017 -0.1542
vn 0.9015 0.3997 0.1660
vn 0.0667 0.7390 -0.6704
vn 0.7183 0.6582 -0.2256
vn 0.8077 0.5422 -0.2315
vn 0.1130 0.7594 0.6407
vn 0.6562 0.6337 -0.4096
vn 0.9456 0.2703 -0.1812
vn 0.7884 0.5550 0.2652
vn 0.8662 0.4988 -0.0293
vn 0.1554 0.8509 0.5018
vn 0.4499 0.4706 0.7590
vn 0.9028 0.3542 -0.2438
vn 0.9251 0.3739 0.0662
vn 0.3220 0.7911 0.5201
vn 0.8626 0.4993 0.0809
vn 0.9120 0.4075 0.0462
vn 0.9136 0.3748 -0.1579
vn 0.9213 0.3748 -0.1032
vn 0.6139 0.3408 0.7120
vn 0.9228 0.3455 -0.1707
vn 0.4623 0.7393 -0.4896
vn -0.7047 0.2587 -0.6606
vn -0.1618 0.8714 -0.4632
vn 0.9404 0.3164 -0.1244
vn 0.6905 0.4381 -0.5755
vn 0.6388 0.6749 -0.3693
vn 0.3487 0.8427 -0.4101
vn 0.6130 0.5155 -0.5987
vn 0.5800 0.6564 0.4824
vn 0.2935 0.5629 -0.7726
vn 0.1441 0.8691 -0.4731
vn 0.6317 0.5609 -0.5350
vn 0.5314 0.6565 -0.5354
vn 0.9199 0.3475 -0.1815
vn 0.4563 0.6511 0.6065
vn 0.5083 0.5664 -0.6487
vn 0.7068 0.6794 0.1971
vn 0.6346 0.5336 -0.5590
vn 0.5223 0.6159 -0.5897
vn 0.4231 0.5346 -0.7315
vn 0.5560 0.7589 -0.3390
vn 0.5165 -0.6528 -0.5541
vn 0.9707 -0.0958 0.2204
vn 0.5938 0.5753 -0.5625
vn 0.2731 0.8249 0.4950
vn 0.7393 0.6230 -0.2556
vn 0.3719 0.7267 -0.5776
vn 0.4701 0.4990 -0.7280
vn 0.6781 -0.0978 -0.7285
vn -0.7088 0.2838 -0.6458
vn 0.5002 0.6521 -0.5697
vn -0.4969 -0.8600 -0.1165
vn -0.2251 0.5046 0.8335
vn 0.5783 0.5130 -0.6343
vn -0.2639 0.6415 -0.7203
vn -0.2084 0.0804 -0.9747
vn -0.1503 0.4438 0.8834
vn 0.8686 0.2455 -0.4304
vn 0.0637 0.9063 -0.4179
vn 0.9436 0.3294 0.0343
vn 0.6397 0.6926 0.3333
vn 0.4784 0.7892 -0.3851
vn 0.6061 0.6861 -0.4024
vn 0.5045 0.7496 -0.4285
vn -0.2949 -0.8201 0.4904
vn 0.4624 0.8250 -0.3248
vn 0.7049 0.6792 -0.2043
vn 0.7381 0.4379 -0.5132
vn 0.7709 -0.6307 0.0889
vn 0.8082 0.5865 -0.0534
vn -0.0523 -0.9135 0.4034
vn 0.9537 -0.0337 0.2990
vn 0.8895 -0.2090 -0.4064
vn -0.9473 -0.2930 0.1294
vn 0.8611 0.4966 -0.1093
vn 0.7538 0.4652 0.4641
vn 0.3364 -0.7417 0.5802
vn -0.6702 0.2679 0.6921
vn -0.3963 0.8625 -0.3146
vn -0.0484 0.8626 0.5036
vn -0.0880 0.9082 0.4093
vn -0.9273 0.3669 0.0741
vn 0.7707 -0.3633 0.5235
vn 0.7205 -0.4481 0.5292
vn 0.8084 0.5861 0.0536
vn 0.6416 -0.5720 0.5111
vn 0.8729 0.4874 0.0208
vn 0.6795 0.5134 -0.5241
vn 0.7271 -0.4781 0.4927
vn 0.0948 0.9540 -0.2843
vn -0.7174 -0.0870 0.6912
vn 0.4196 -0.9011 0.1092
vn -0.7912 0.0347 -0.6106
vn -0.0626 -0.8645 0.4987
vn 0.0646 -0.9188 0.3893
vn 0.3305 -0.8945 0.3012
vn 0.0654 -0.5796 0.8123
vn 0.6010 0.4167 -0.6820
vn 0.1182 -0.2161 0.9692
vn 0.2953 -0.4636 0.8354
vn 0.5269 0.8298 0.1839
vn -0.8876 0.4458 -0.1159
vn 0.5859 0.7788 -0.2241
vn 0.6204 -0.4142 0.6660
vn 0.6351 0.5741 -0.5168
vn 0.9452 -0.2551 0.2038
vn 0.2710 -0.2013 0.9413
vn 0.5361 -0.8106 0.2356
vn 0.2000 0.9735 -0.1105
vn -0.6675 -0.5549 0.4965
vn 0.7533 -0.6057 0.2563
vn 0.9334 0.1482 0.3268
vn 0.8320 0.5443 0.1073
vn 0.4851 0.6560 0.5782
vn -0.0760 0.3623 0.9290
vn 0.7189 0.4797 0.5030
vn 0.0380 0.9893 -0.1411
vn 0.5228 -0.7640 0.3781
vn -0.8374 0.4723 -0.2752
vn -0.6955 0.6235 -0.3572
vn -0.9285 0.3436 -0.1405
vn 0.8317 0.5346 0.1499
vn -0.2518 0.7347 -0.6299
vn -0.2346 0.5714 -0.7864
vn 0.9206 -0.3901 0.0186
vn 0.8765 -0.4029 -0.2634
vn 0.9229 0.3782 -0.0720
vn 0.7539 -0.0251 -0.6565
vn 0.6256 -0.6418 -0.4436
vn 0.3122 0.9347 0.1697
vn -0.0915 0.7074 -0.7008
vn -0.2068 0.8353 -0.5094
vn -0.9184 0.3856 -0.0883
vn -0.8007 0.2047 -0.5630
vn -0.8294 0.3416 -0.4421
vn -0.5481 0.7263 -0.4149
vn 0.8830 0.2506 -0.3968
vn 0.9017 0.4223 -0.0933
vn 0.9507 -0.1157 0.2879
vn -0.3351 -0.6687 0.6638
vn 0.6694 0.6367 -0.3828
vn -0.0249 0.6733 -0.7389
vn -0.2287 0.7572 -0.6118
vn -0.2218 -0.7320 0.6442
vn 0.0568 0.8092 -0.5848
vn -0.3321 0.8425 0.4241
vn 0.4161 -0.8541 0.3121
vn -0.3802 0.7789 -0.4988
vn 0.5231 0.4141 -0.7449
vn -0.6994 0.7147 -0.0034
vn 0.8418 -0.3288 0.4281
vn 0.4997 0.8465 -0.1839
vn -0.2817 0.7059 -0.6499
vn 0.9627 -0.1156 0.2446
vn 0.0121 -0.7356 0.6773
vn -0.6140 -0.7886 0.0324
vn -0.9846 0.1309 0.1162
vn -0.9984 0.0557 -0.0096
vn 0.4211 0.7838 -0.4564
vn -0.7076 -0.6860 0.1691
vn 0.7770 0.6289 0.0263
vn 0.4359 -0.0963 -0.8948
vn -0.2546 -0.9671 0.0025
vn 0.3233 0.8370 -0.4415
vn -0.3695 0.5461 -0.7519
vn -0.3513 -0.9361 -0.0159
vn -0.5387 0.5484 -0.6395
vn -0.0534 0.9888 -0.1390
vn -0.0067 0.0966 -0.9953
vn -0.9513 -0.2406 0.1929
vn 0.8572 -0.3367 0.3897
vn 0.4843 0.8085 -0.3344
vn 0.7371 -0.1775 0.6520
vn 0.5295 0.6419 0.5546
vn -0.3168 0.8686 -0.3811
vn 0.0530 0.4327 0.9000
vn -0.5363 0.8372 0.1069
vn 0.7977 0.0646 0.5995
vn -0.6355 0.2049 0.7444
vn -0.0687 0.1937 0.9787
vn 0.2370 0.8882 -0.3937
vn 0.1646 0.5364 -0.8278
vn 0.2545 -0.8677 -0.4271
vn 0.2378 0.0776 -0.9682
vn 0.3237 0.9447 0.0524
vn 0.4163 -0.7975 -0.4366
vn -0.5011 -0.5583 0.6612
vn 0.1112 -0.5848 0.8035
vn 0.1446 -0.6282 0.7645
vn -0.8130 0.5609 0.1562
vn -0.9642 0.2452 -0.1006
vn 0.5764 -0.4542 0.6793
vn -0.5048 0.8556 0.1147
vn 0.3224 -0.4165 -0.8500
vn 0.5228 0.7193 -0.4576
vn 0.5511 0.5955 -0.5845
vn -0.7987 0.3400 -0.4965
vn -0.9172 -0.2826 0.2810
vn 0.4473 0.8430 -0.2990
vn 0.9049 -0.2009 -0.3752
vn 0.8584 -0.4397 -0.2644
vn 0.3387 0.9374 -0.0806
vn 0.8267 -0.4545 -0.3318
vn 0.8606 0.1380 0.4902
vn 0.5753 0.8100 -0.1135
vn -0.6519 0.7380 0.1743
vn 0.5853 0.7627 -0.2754
vn 0.7803 0.4788 -0.4024
vn -0.5939 0.7488 0.2943
vn -0.6587 0.7397 -0.1377
vn -0.9374 0.2671 -0.2236
vn -0.8966 0.3706 -0.2425
vn -0.8985 0.3672 -0.2405
vn -0.9009 0.3632 -0.2376
vn -0.9212 0.3716 -0.1155
vn -0.9883 0.1455 -0.0457
vn 0.9615 -0.1743 -0.2123
vn -0.9913 -0.1182 -0.0573
vn -0.9986 0.0536 -0.0046
vn -0.9653 0.0374 0.2584
vn 0.5261 -0.6585 0.5382
vn 0.9565 0.2729 0.1027
vn -0.5064 0.3858 0.7712
vn 0.4000 -0.1084 -0.9101
vn 0.2859 -0.0235 -0.9580
vn -0.6920 0.7028 -0.1651
vn -0.2542 0.1916 -0.9480
vn 0.0089 0.7614 -0.6483
vn -0.4776 0.4838 0.7334
vn -0.4870 0.6402 -0.5941
vn 0.2048 0.7948 -0.5713
vn 0.1298 0.8934 0.4301
vn -0.0960 0.9789 0.1806
vn -0.0973 0.9935 -0.0585
vn -0.3369 0.9090 0.2453
vn -0.3549 0.9180 0.1771
vn -0.3568 0.9173 0.1768
vn -0.3502 0.9187 0.1826
vn 0.0521 0.9836 0.1726
vn 0.0934 0.9951 -0.0328
vn -0.3285 0.9120 0.2455
vn -0.0875 0.9039 0.4187
vn 0.0863 0.9150 0.3942
vn 0.1246 0.9830 -0.1346
vn -0.0991 0.8957 0.4334
vn -0.0832 0.9186 0.3864
vn -0.3255 0.8223 0.4669
vn -0.2500 0.7916 0.5576
vn -0.8708 0.4548 0.1870
vn -0.7415 0.6692 0.0482
vn -0.6675 0.6755 -0.3132
vn -0.7516 0.4230 0.5061
vn -0.7067 0.4217 0.5681
vn -0.8102 0.5382 0.2320
vn -0.7775 0.4616 0.4271
vn -0.6464 0.6899 0.3260
vn -0.5218 0.4928 0.6963
vn -0.6780 0.5235 0.5160
vn -0.7393 0.5517 0.3862
vn -0.4876 0.7196 0.4944
vn -0.5085 0.8055 0.3043
vn -0.5193 0.7719 0.3668
vn -0.6612 0.6367 0.3967
vn -0.7287 0.6087 0.3138
vn -0.7594 0.4931 0.4244
vn -0.7479 0.6276 0.2163
vn -0.7910 0.5918 0.1552
vn -0.7276 0.6531 0.2098
vn -0.7833 0.5712 0.2451
vn -0.7336 0.6203 0.2778
vn -0.7457 0.6314 0.2129
vn -0.6648 0.6373 0.3897
vn -0.6652 0.6384 0.3872
vn -0.6649 0.6376 0.3891
vn -0.6739 0.6358 0.3763
vn -0.7156 0.6245 0.3129
vn -0.7016 0.6202 0.3507
vn -0.4181 0.8121 0.4071
vn -0.4532 0.7630 0.4610
vn -0.1263 0.0783 -0.9889
vn -0.0703 0.1221 -0.9900
vn 0.1996 -0.7740 0.6009
vn -0.1123 0.6947 -0.7105
vn 0.3403 -0.2535 -0.9055
vn 0.0522 -0.2743 0.9602
vn -0.1406 0.4743 -0.8691
vn 0.0650 -0.1164 -0.9911
vn -0.0221 -0.2362 -0.9714
vn -0.1665 0.4588 -0.8728
vn -0.1278 0.2161 -0.9680
vn -0.2191 0.4483 -0.8666
vn -0.2474 0.3040 -0.9200
vn -0.2638 0.4493 -0.8535
vn 0.2519 -0.0341 0.9672
vn -0.5789 -0.7742 0.2560
vn -0.6394 0.7379 -0.2161
vn -0.6624 0.6183 -0.4231
vn -0.6978 0.6400 -0.3217
vn -0.6616 0.6945 -0.2830
vn 0.5550 -0.0625 0.8295
vn 0.4375 0.1982 0.8771
vn 0.4434 0.1931 0.8753
vn 0.4384 0.1969 0.8770
vn 0.1066 0.5819 0.8062
vn 0.0519 0.5458 0.8363
vn -0.9106 0.4129 -0.0165
vn -0.7691 0.5290 -0.3587
vn -0.7014 0.4828 -0.5243
vn -0.0637 0.3168 -0.9464
vn -0.1330 0.4297 -0.8931
vn -0.6537 0.5975 -0.4644
vn -0.0032 0.5664 -0.8241
vn 0.2314 0.4614 -0.8565
vn 0.3752 0.1167 -0.9196
vn -0.0616 0.5360 -0.8420
vn -0.0157 0.5746 -0.8183
vn -0.0428 0.5050 -0.8620
vn 0.0294 0.4406 -0.8972
vn 0.0141 0.6302 -0.7763
vn -0.4508 0.7674 -0.4560
vn 0.0681 0.7160 -0.6948
vn 0.1577 0.9872 -0.0245
vn 0.2826 0.9574 0.0596
vn 0.1940 0.8507 -0.4885
vn 0.0815 0.8648 -0.4955
vn 0.5189 0.6076 0.6013
vn 0.4624 0.8027 0.3767
vn 0.1856 0.9362 0.2984
vn 0.1582 0.7807 0.6045
vn -0.8356 0.5464 0.0559
vn -0.7767 0.6296 0.0183
vn -0.7943 0.5970 0.1127
vn -0.8086 0.5620 0.1738
vn -0.7904 0.6096 0.0599
vn -0.7336 0.6568 0.1745
vn -0.7469 0.6425 0.1715
vn -0.6429 0.7024 -0.3054
vn -0.4045 0.8569 -0.3194
vn -0.4075 0.8829 -0.2334
vn -0.6338 0.7699 -0.0744
vn -0.8066 0.5442 0.2309
vn -0.7727 0.5286 0.3515
vn -0.8513 0.5184 0.0812
vn -0.8206 0.5714 0.0134
vn -0.8217 0.5680 -0.0468
vn -0.8477 0.5267 -0.0629
vn -0.8039 0.5607 -0.1984
vn -0.7579 0.6247 -0.1883
vn -0.1014 0.7319 0.6738
vn 0.0942 0.4142 0.9053
vn -0.4049 0.5467 0.7329
vn -0.5615 0.5743 0.5958
vn 0.4451 0.1926 0.8745
vn 0.4865 0.0050 0.8736
vn -0.4819 0.2943 0.8253
vn -0.2485 0.4085 0.8783
vn 0.4881 -0.1666 0.8567
vn 0.4355 -0.2040 0.8768
vn -0.5592 0.8238 -0.0934
vn -0.7130 0.6880 0.1355
vn -0.0714 0.7806 0.6209
vn -0.0785 0.3203 0.9441
vn -0.3150 0.3590 0.8786
vn -0.3957 0.3970 0.8282
vn -0.0838 0.6835 0.7252
vn -0.1704 0.6418 0.7477
vn -0.2137 0.2814 0.9355
vn -0.2028 0.3445 0.9166
vn -0.2590 0.3599 0.8963
vn -0.0986 0.1192 0.9880
vn -0.3936 -0.9169 -0.0657
vn 0.3512 -0.0708 0.9336
vn 0.4529 -0.1228 0.8830
vn -0.0198 0.4026 0.9152
vn -0.0446 0.3780 0.9247
vn -0.6310 -0.6246 -0.4601
vn -0.5357 -0.8203 0.2003
vn -0.2366 0.3377 0.9110
vn -0.3059 0.4452 0.8416
vn -0.0559 0.6558 0.7528
vn -0.1496 0.2612 0.9536
vn 0.3112 0.9481 -0.0649
vn 0.3128 0.9465 -0.0793
vn 0.0852 0.7632 0.6405
vn 0.2447 0.9655 0.0892
vn 0.3729 0.9262 0.0567
vn -0.1565 0.5435 0.8247
vn -0.0580 0.3208 0.9454
vn -0.1204 0.9902 -0.0705
vn 0.4213 0.8469 -0.3246
vn 0.4315 0.8590 -0.2756
vn 0.0894 0.8941 -0.4388
vn 0.0403 0.9057 -0.4221
vn 0.0168 0.8976 -0.4405
vn -0.0319 0.9483 -0.3156
vn -0.0176 0.9646 -0.2633
vn -0.0972 0.3777 -0.9208
vn -0.1755 0.5367 -0.8253
vn 0.1395 0.9835 0.1156
vn 0.1444 0.9544 0.2615
vn -0.6291 0.4559 0.6296
vn -0.4292 0.4858 -0.7615
vn -0.2137 0.8372 -0.5034
vn 0.0817 0.6142 -0.7849
vn -0.2837 0.4874 -0.8258
vn -0.2429 0.4470 -0.8609
vn -0.1984 0.4097 -0.8904
vn 0.4134 0.8736 -0.2567
vn 0.3372 0.8611 -0.3805
vn 0.3381 0.8607 -0.3806
vn 0.5282 0.7451 -0.4073
vn 0.4836 0.8085 -0.3355
vn 0.4874 0.8488 -0.2051
vn 0.0053 0.9765 -0.2154
vn 0.1040 0.9767 -0.1878
vn 0.1790 0.9838 -0.0074
vn 0.0280 0.9678 -0.2503
vn -0.0018 0.9965 0.0835
vn 0.0500 0.9044 0.4237
vn 0.1702 0.9848 -0.0350
vn 0.2203 0.9409 0.2573
vn 0.1664 0.9860 -0.0074
vn -0.0517 0.9361 -0.3480
vn -0.2576 0.8118 0.5241
vn -0.2302 0.8570 0.4610
vn -0.1630 0.9067 0.3890
vn -0.0727 0.7968 0.5999
vn -0.6051 0.7684 -0.2083
vn 0.0394 0.6774 -0.7346
vn -0.7264 0.6813 0.0903
vn -0.6880 0.7181 -0.1044
vn -0.6774 0.7356 -0.0084
vn -0.7265 0.6644 0.1754
vn -0.7120 0.6432 0.2816
vn -0.6792 0.7320 0.0529
vn -0.6510 0.7038 0.2845
vn -0.6654 0.6386 0.3865
vn -0.4357 0.7247 0.5339
vn -0.4881 0.8482 0.2057
vn -0.6854 0.7182 0.1199
vn -0.6438 0.7587 0.1001
vn -0.7105 0.6782 0.1876
vn -0.6869 0.7124 0.1439
vn 0.0934 0.9387 -0.3318
vn -0.5749 0.8162 0.0584
vn -0.5391 0.7404 0.4015
vn -0.2072 0.9629 0.1727
vn 0.0659 0.9778 -0.1987
vn -0.6058 0.7232 -0.3318
vn -0.4479 0.7748 -0.4462
vn -0.2451 0.9561 -0.1605
vn -0.0063 0.9642 0.2650
vn -0.0487 0.9922 0.1146
vn 0.1896 0.9541 0.2319
vn -0.0344 0.9994 -0.0098
vn -0.0695 0.9149 -0.3976
vn -0.1285 0.8917 -0.4340
vn -0.5701 -0.7080 0.4168
vn -0.5862 -0.7788 0.2230
vn -0.3113 0.8104 0.4963
vn -0.6370 0.7691 0.0532
vn -0.7688 0.6371 0.0553
vn -0.4841 0.7696 0.4164
vn -0.6290 0.6480 0.4295
vn -0.6237 0.6805 0.3846
vn -0.5921 0.7238 0.3543
vn -0.6583 0.6867 0.3084
vn -0.6646 0.6796 0.3106
vn -0.6587 0.6861 0.3090
vn -0.6117 0.6599 0.4363
vn -0.6701 0.6200 0.4082
vn -0.6689 0.6277 0.3983
vn -0.6704 0.6196 0.4082
vn -0.6690 0.6280 0.3976
vn -0.3487 0.4659 0.8132
vn -0.1834 0.6322 0.7528
vn -0.0989 0.5865 0.8039
vn -0.0806 0.4036 0.9114
vn -0.1068 0.9412 0.3207
vn -0.4454 0.4922 0.7479
vn 0.2774 0.9596 -0.0463
vn 0.2132 0.9570 -0.1966
vn -0.1684 -0.9171 0.3614
vn 0.0809 0.9721 -0.2200
vn 0.4507 0.8861 -0.1079
vn -0.3679 0.8618 -0.3492
vn -0.4965 0.8586 0.1279
vn 0.5907 -0.0030 0.8069
vn -0.5896 0.8056 -0.0576
vn -0.7180 0.6943 -0.0503
vn -0.5613 0.7710 0.3007
vn -0.6316 0.7006 0.3320
vn -0.7912 0.6096 0.0499
vn -0.6304 0.6715 0.3895
vn -0.6444 0.7647 -0.0018
vn -0.8252 0.5605 0.0698
vn 0.1541 0.8902 0.4288
vn -0.3074 0.4715 0.8265
vn 0.1035 0.9611 0.2560
vn -0.0258 0.8337 0.5516
vn 0.0400 0.5646 0.8244
vn -0.5101 -0.8514 -0.1223
vn -0.6868 0.5999 -0.4105
vn -0.6901 0.5998 -0.4049
vn -0.6902 0.5970 -0.4089
vn -0.4496 0.7643 0.4622
vn -0.4627 0.7549 0.4648
vn -0.1515 0.8055 0.5728
vn -0.3961 0.8428 0.3645
vn -0.4692 0.7246 0.5048
vn -0.5634 0.6942 0.4480
vn -0.5568 0.7170 0.4194
vn -0.4637 0.7546 0.4644
vn -0.6658 0.6784 0.3107
vn -0.6394 0.6639 0.3878
vn -0.6490 0.6352 0.4187
vn 0.4901 0.7418 -0.4578
vn -0.6672 0.7440 0.0364
vn 0.9977 0.0463 0.0492
vn 0.9111 0.1996 -0.3606
vn -0.0135 0.7682 -0.6401
vn -0.8741 -0.4007 -0.2747
vn -0.4457 -0.8695 0.2129
vn 0.9597 -0.2095 -0.1875
vn -0.1740 0.9816 0.0781
vn 0.4138 -0.9009 -0.1311
vn -0.9236 -0.3348 0.1869
vn -0.8791 0.4247 -0.2164
vn 0.9445 0.3065 -0.1184
vn -0.6759 -0.2287 0.7006
vn 0.5408 -0.5377 -0.6468
vn -0.5832 -0.7892 -0.1925
vn 0.4293 -0.8484 -0.3098
vn 0.4571 0.8246 0.3334
vn -0.6160 0.7750 0.1412
vn 0.7049 0.5542 0.4428
vn 0.4680 -0.8738 0.1319
vn -0.6526 -0.4079 0.6385
vn 0.4654 0.8703 0.1610
vn -0.4585 -0.5606 0.6896
vn 0.4139 -0.8869 -0.2053
vn -0.7924 0.5945 -0.1364
vn -0.8530 0.4038 0.3307
vn -0.4793 0.5877 -0.6518
vn 0.5440 0.3063 0.7811
vn 0.3767 0.5451 0.7490
vn 0.7890 0.2537 0.5596
vn 0.6155 -0.3003 0.7287
vn 0.6222 0.2770 -0.7322
vn -0.4375 0.8936 -0.1000
vn -0.6548 -0.5320 0.5369
vn -0.8462 0.4420 0.2977
vn 0.1329 0.7624 0.6333
vn 0.6377 0.5087 0.5785
vn 0.7026 0.3952 0.5918
vn 0.1935 0.6213 0.7593
vn -0.8073 0.5529 -0.2063
vn -0.8965 0.1516 -0.4164
vn 0.6376 -0.7704 0.0076
vn 0.5038 -0.8633 -0.0312
vn -0.2525 -0.4492 0.8570
vn 0.6383 -0.5151 -0.5721
vn -0.1950 -0.8437 0.5001
vn -0.8624 -0.4977 -0.0927
vn 0.2707 0.8968 0.3500
vn -0.6837 0.7053 0.1875
vn -0.9261 0.3419 0.1594
vn 0.5369 -0.8285 0.1592
vn 0.5879 -0.7648 0.2636
vn 0.6564 -0.7174 0.2337
vn 0.6422 -0.7582 0.1126
vn -0.2559 0.6654 -0.7013
vn 0.2355 0.5577 -0.7959
vn -0.6067 -0.6450 0.4646
vn -0.0121 0.7780 -0.6282
vn 0.5884 0.6943 -0.4143
vn 0.9077 -0.3648 0.2072
vn 0.5422 -0.5398 0.6439
vn 0.5356 -0.5868 0.6073
vn 0.2803 -0.7002 0.6566
vn -0.6173 0.2823 0.7344
vn 0.3564 -0.2927 -0.8873
vn 0.1238 -0.9747 -0.1859
vn -0.8332 0.2140 -0.5098
vn 0.4961 -0.8157 0.2975
vn -0.6357 0.7671 0.0869
vn -0.1735 -0.5056 -0.8452
vn -0.9982 0.0140 -0.0590
vn 0.8831 0.4587 -0.0990
vn -0.5837 -0.7882 0.1950
vn -0.9037 0.4013 0.1492
vn -0.9402 -0.1998 0.2758
vn -0.7407 -0.4765 0.4736
vn 0.1994 0.2875 -0.9368
vn -0.3957 0.8365 -0.3791
vn 0.2895 0.9554 -0.0584
vn -0.1137 -0.9280 0.3549
vn 0.2373 -0.0461 -0.9703
vn -0.9081 0.3661 -0.2034
vn -0.7031 -0.7104 0.0295
vn 0.7408 0.3274 -0.5866
vn -0.6571 -0.5669 -0.4968
vn 0.1207 0.4854 -0.8659
vn 0.5171 0.0511 0.8544
vn -0.6075 0.6334 -0.4793
vn -0.6143 0.7566 -0.2241
vn -0.6740 0.6145 0.4099
vn 0.0972 0.8230 0.5597
vn 0.1694 0.4157 -0.8936
vn 0.7064 0.0010 0.7078
vn 0.2751 0.0579 -0.9597
vn 0.7252 0.6786 -0.1165
vn 0.6379 -0.7620 -0.1116
vn 0.9026 -0.0197 0.4299
vn 0.7723 0.5644 -0.2916
vn -0.4844 -0.1743 -0.8573
vn -0.8571 0.5151 0.0049
vn 0.7476 0.6397 -0.1786
vn -0.2378 -0.7433 0.6252
vn -0.9330 0.3580 0.0362
vn 0.2881 0.7815 -0.5534
vn 0.4037 0.8442 0.3527
vn 0.0780 -0.9822 0.1707
vn 0.3201 -0.9474 -0.0061
vn 0.2826 -0.9572 -0.0629
vn 0.3601 -0.9152 0.1808
vn 0.3819 -0.7215 0.5776
vn -0.0601 -0.5334 0.8437
vn 0.3652 -0.2750 0.8894
vn 0.5275 -0.3612 0.7689
vn -0.1598 0.9409 0.2986
vn -0.4521 -0.8561 0.2505
vn -0.9966 -0.0594 -0.0564
vn 0.5005 -0.8528 -0.1494
vn 0.3199 -0.8478 0.4230
vn 0.0322 -0.9630 0.2675
vn 0.0814 -0.9210 0.3810
vn -0.4907 -0.6885 0.5340
vn -0.7186 -0.3781 0.5837
vn -0.2258 -0.8763 0.4255
vn 0.3717 0.9036 -0.2129
vn 0.5154 0.7345 0.4415
vn 0.6809 0.0402 0.7313
vn -0.7197 0.6119 -0.3281
vn 0.8710 0.3337 -0.3605
vn -0.5469 -0.6963 -0.4648
vn -0.1747 0.5036 -0.8461
vn 0.7002 0.6908 0.1806
vn 0.5169 0.8533 -0.0686
vn 0.7947 0.5711 -0.2058
vn 0.4851 0.8724 0.0603
vn 0.5516 0.8183 -0.1615
vn -0.7961 0.5646 0.2179
vn -0.6796 0.7307 0.0651
vn -0.3653 -0.8629 0.3491
vn 0.2763 0.7409 -0.6121
vn 0.9618 0.2737 -0.0034
vn -0.9865 0.1394 0.0864
vn 0.1292 -0.9194 0.3716
vn -0.2650 0.7165 -0.6453
vn -0.7580 0.5453 -0.3580
vn -0.8080 0.5760 -0.1238
vn -0.8763 0.4329 -0.2112
vn -0.5430 0.7352 -0.4057
vn -0.9716 -0.1848 0.1475
vn 0.7053 -0.6133 0.3555
vn -0.5044 0.7687 -0.3933
vn -0.6049 -0.4931 0.6253
vn 0.3747 -0.9228 -0.0898
vn -0.2172 0.9602 -0.1758
vn -0.2324 0.9555 -0.1818
vn -0.2289 0.8795 -0.4173
vn -0.0192 0.9294 -0.3686
vn 0.3455 0.8532 -0.3907
vn 0.2372 0.7452 -0.6232
vn 0.9262 0.3683 -0.0810
vn 0.7705 0.2717 0.5767
vn 0.1454 0.8633 0.4832
vn -0.9375 0.2869 -0.1969
vn 0.1211 0.6109 -0.7824
vn 0.2102 0.8013 -0.5602
vn -0.0200 0.7981 -0.6022
vn 0.0657 0.6517 -0.7557
vn -0.5503 0.7312 -0.4032
vn -0.1966 0.9147 -0.3531
vn -0.4175 0.8937 -0.1645
vn -0.7689 0.6095 -0.1929
vn 0.1308 -0.4094 0.9029
vn 0.7001 0.4506 0.5538
vn -0.9940 0.0665 0.0871
vn -0.8293 0.2950 0.4746
vn -0.8800 0.2056 0.4282
vn -0.9749 -0.0865 0.2054
vn 0.5034 -0.8458 0.1768
vn -0.3233 -0.7282 -0.6043
vn 0.9209 0.2844 0.2666
vn 0.5032 0.8533 0.1368
vn -0.9087 0.0791 -0.4100
vn -0.6043 -0.7396 0.2963
vn 0.5762 -0.6632 0.4777
vn 0.3381 0.4135 -0.8454
vn 0.4669 0.8620 0.1974
vn 0.4017 0.8882 0.2232
vn -0.9221 0.1422 -0.3598
vn -0.7472 0.6643 0.0170
vn -0.4145 0.8577 -0.3043
vn 0.6926 0.7212 0.0090
vn -0.9003 0.3850 0.2031
vn 0.1592 -0.8087 0.5662
vn -0.1927 0.7079 -0.6795
vn 0.1826 0.8878 -0.4224
vn -0.9337 -0.0459 0.3550
vn -0.7696 0.6320 -0.0908
vn -0.6216 0.7696 0.1460
vn -0.5600 0.7269 0.3976
vn -0.6063 0.7199 0.3379
vn -0.6472 0.7516 0.1277
vn 0.8058 -0.4587 0.3746
vn -0.9408 0.3136 -0.1285
vn -0.0245 -0.9632 -0.2675
vn -0.7208 -0.1707 0.6718
vn 0.9743 0.0977 0.2030
vn 0.9094 -0.3782 -0.1732
vn -0.9593 -0.2807 0.0317
vn 0.1619 0.4127 -0.8964
vn 0.3719 -0.8758 0.3076
vn 0.7652 -0.5254 -0.3720
vn 0.4272 0.8384 0.3386
vn 0.9485 0.1111 0.2967
vn 0.4042 -0.7091 0.5778
vn 0.5768 0.8089 0.1140
vn 0.1553 0.9077 0.3898
vn -0.0923 0.9951 0.0350
vn -0.7299 -0.0582 0.6811
vn -0.5905 0.7494 0.2995
vn -0.6516 0.7548 -0.0754
vn 0.0891 -0.9579 0.2728
vn -0.9275 0.0484 0.3708
vn 0.2595 0.2793 0.9245
vn 0.3714 -0.8556 0.3606
vn -0.7945 0.6041 0.0621
vn 0.9888 0.1181 0.0914
vn -0.6827 -0.5951 0.4239
vn -0.5934 -0.2959 0.7486
vn -0.9561 -0.1146 -0.2698
vn -0.3991 -0.8479 0.3490
vn -0.7005 -0.1649 -0.6944
vn 0.4384 0.8756 -0.2026
vn -0.5700 0.5324 0.6259
vn -0.8267 -0.0602 -0.5594
vn -0.6349 0.6181 -0.4635
vn 0.5384 0.7128 0.4495
vn 0.0505 0.1466 -0.9879
vn -0.8003 0.5509 -0.2367
vn 0.9090 0.3032 -0.2860
vn -0.2620 0.4465 -0.8555
vn -0.0091 0.9740 0.2265
vn -0.6506 -0.0708 -0.7562
vn -0.7875 0.1521 0.5973
vn -0.9977 0.0530 -0.0426
vn -0.4989 -0.7551 0.4254
vn -0.6294 -0.7614 0.1556
vn -0.7761 0.3920 -0.4940
vn 0.2828 0.8511 0.4424
vn -0.9770 0.2131 -0.0008
vn 0.5220 0.8458 -0.1104
vn -0.8624 0.2994 -0.4081
vn -0.5917 -0.8058 -0.0254
vn -0.7916 0.5535 0.2590
vn -0.9555 -0.2912 0.0465
vn 0.0124 0.1243 -0.9922
vn -0.4113 0.0547 -0.9099
vn -0.7202 0.6783 -0.1455
vn -0.9324 0.1688 0.3196
vn -0.8553 -0.3896 0.3416
vn -0.8649 0.4303 -0.2585
vn -0.8743 0.4742 -0.1037
vn -0.9531 0.2914 -0.0812
vn -0.8946 0.3302 0.3011
vn -0.6618 0.6767 0.3226
vn -0.9244 0.2899 0.2479
vn 0.6731 0.7395 -0.0142
vn -0.3750 -0.9195 0.1180
vn -0.4561 -0.8072 0.3746
vn -0.3879 0.8122 0.4358
vn 0.8806 -0.0340 0.4726
vn 0.3985 -0.5926 -0.7000
vn 0.0119 0.9887 -0.1494
vn -0.5208 -0.8399 0.1526
vn -0.8651 -0.4936 0.0899
vn 0.0499 0.9042 0.4243
vn -0.8190 0.4478 0.3588
vn -0.2328 0.8726 -0.4294
vn 0.5346 0.7004 -0.4730
vn -0.9887 -0.1088 0.1029
vn -0.2966 -0.9096 0.2909
vn -0.3255 -0.9436 0.0612
vn -0.4143 0.6934 -0.5895
vn 0.4157 0.8990 -0.1380
vn -0.2995 -0.9129 0.2774
vn -0.3676 -0.8447 -0.3890
vn -0.6556 0.7506 -0.0829
vn -0.8518 0.2605 0.4545
vn -0.8820 0.4139 -0.2253
vn -0.9974 -0.0044 0.0714
vn -0.5788 0.2504 0.7761
vn 0.8788 0.3486 0.3258
vn 0.0341 0.9875 -0.1540
vn -0.9662 0.1530 -0.2076
vn 0.9920 0.1158 0.0503
vn 0.8748 -0.4611 -0.1490
vn -0.4406 0.3572 -0.8235
vn -0.8731 0.2543 -0.4159
vn -0.1344 -0.9860 0.0985
vn -0.2374 -0.9544 0.1812
vn -0.3294 -0.9206 0.2098
vn -0.0913 -0.9700 0.2254
vn 0.2627 0.4437 -0.8568
vn 0.3254 0.6562 0.6808
vn 0.3171 0.7973 0.5136
vn 0.0187 0.9479 0.3179
vn 0.6077 0.7858 -0.1149
vn 0.2115 -0.9109 0.3544
vn -0.7240 -0.6886 -0.0396
vn -0.0422 0.9906 -0.1302
vn -0.3654 -0.9303 0.0332
vn -0.1698 -0.9772 0.1270
vn -0.3436 -0.9287 0.1398
vn -0.4622 -0.8822 0.0900
vn -0.1994 -0.9794 -0.0329
vn 0.8810 0.4728 -0.0186
vn -0.6537 -0.7425 0.1461
vn -0.3832 0.8356 -0.3936
vn -0.7191 -0.5799 -0.3829
vn 0.3435 -0.7345 0.5852
vn 0.2544 -0.9476 0.1932
vn 0.6089 -0.7926 0.0336
vn 0.4265 0.7065 0.5647
vn -0.9116 -0.1150 0.3946
vn -0.5185 0.3473 -0.7813
vn -0.6557 0.1541 -0.7391
vn -0.4607 0.3568 -0.8127
vn -0.2908 0.3431 -0.8932
vn 0.0171 0.5581 -0.8296
vn -0.1849 0.4361 -0.8807
vn -0.1042 0.2002 -0.9742
vn 0.0232 0.4221 -0.9063
vn 0.8627 0.2994 -0.4076
vn -0.1473 0.4654 -0.8728
vn -0.0184 0.4245 -0.9052
vn -0.2368 0.3750 -0.8963
vn -0.1832 0.5550 -0.8114
vn 0.8907 0.4482 -0.0753
vn 0.3534 -0.4053 -0.8431
vn -0.4372 0.0810 0.8957
vn 0.0252 0.5054 -0.8625
vn -0.0611 -0.1416 0.9880
vn 0.7401 0.5840 -0.3335
vn -0.9445 0.0784 0.3191
vn 0.9080 0.3798 0.1767
vn -0.4735 0.7891 0.3912
vn -0.8967 0.3228 0.3030
vn -0.0480 0.9933 0.1051
vn -0.9565 0.2915 0.0121
vn -0.6860 0.7276 -0.0021
vn -0.7221 0.6843 -0.1016
vn -0.9187 0.3945 0.0215
vn 0.7531 0.6118 -0.2418
vn 0.9173 0.2421 0.3162
vn -0.8598 0.3228 -0.3957
vn -0.9340 0.3547 -0.0435
vn -0.9432 0.3045 -0.1329
vn 0.7216 -0.6155 0.3169
vn -0.7887 0.6041 0.1145
vn -0.7265 0.6865 0.0307
vn -0.8157 0.5774 0.0346
vn -0.2842 0.9559 -0.0735
vn 0.3752 -0.0644 -0.9247
vn -0.7692 0.6031 -0.2113
vn 0.9730 -0.2101 -0.0957
vn 0.9034 -0.3199 -0.2855
vn 0.8441 -0.5166 -0.1436
vn 0.8967 -0.4271 -0.1165
vn -0.7197 0.6276 0.2970
vn -0.5472 0.7851 -0.2902
vn -0.5792 0.7823 -0.2292
vn -0.9796 -0.0836 -0.1829
vn -0.9474 -0.0560 -0.3152
vn -0.4584 0.5778 0.6753
vn -0.5486 0.6309 0.5486
vn 0.4440 -0.5356 0.7183
vn 0.1164 0.9878 0.1030
vn -0.2710 -0.1040 0.9569
vn -0.7886 0.4462 0.4231
vn -0.7327 0.4007 0.5501
vn -0.7725 -0.0454 0.6334
vn -0.7966 0.2509 -0.5500
vn -0.8138 0.2975 -0.4993
vn -0.8392 0.2718 -0.4710
vn -0.8401 0.2024 -0.5033
vn -0.0783 -0.3588 -0.9301
vn -0.5721 0.6196 -0.5373
vn 0.2041 0.9574 -0.2043
vn 0.8571 -0.3654 0.3631
vn -0.9001 0.3041 0.3121
vn -0.8194 0.4571 0.3458
vn -0.8414 0.5165 0.1590
vn -0.7146 0.6118 0.3392
vn 0.1673 -0.5332 -0.8293
vn 0.7216 -0.5953 0.3533
vn -0.2489 0.2126 0.9449
vn 0.6213 -0.4791 0.6200
vn 0.3356 0.8862 -0.3194
vn -0.1259 -0.6038 -0.7871
vn 0.1645 0.9652 -0.2032
vn 0.2560 -0.1949 0.9468
vn 0.4055 -0.2837 0.8689
vn 0.2382 -0.3423 0.9089
vn 0.0332 0.8414 -0.5394
vn 0.6187 -0.5309 0.5791
vn 0.0553 0.6548 -0.7538
vn -0.3243 -0.8363 -0.4421
vn -0.0471 0.5327 0.8450
vn 0.2931 -0.0933 0.9515
vn -0.8780 0.4321 -0.2061
vn -0.7815 0.6225 -0.0430
vn -0.6197 0.7482 -0.2370
vn -0.4577 0.7188 -0.5232
vn -0.6020 0.7028 0.3791
vn -0.5333 0.7596 -0.3723
vn -0.5357 0.8313 -0.1483
vn -0.1419 -0.3744 0.9163
vn -0.6892 0.6668 0.2836
vn -0.7286 0.6438 0.2338
vn -0.7081 0.6741 0.2104
vn -0.7161 0.6687 -0.2002
vn 0.9719 0.1081 0.2092
vn -0.3192 0.9313 -0.1756
vn -0.5452 0.7649 -0.3431
vn -0.2001 0.8015 0.5636
vn -0.6453 0.7605 -0.0717
vn -0.3799 0.9236 0.0507
vn -0.4036 0.8723 -0.2762
vn -0.5382 0.7882 -0.2984
vn -0.4733 0.8806 0.0249
vn -0.6017 0.7206 -0.3446
vn -0.7055 0.7077 0.0380
vn -0.7052 0.7081 0.0369
vn -0.4392 0.8074 0.3940
vn -0.6428 0.7508 0.1520
vn -0.7426 0.6316 0.2228
vn -0.8099 0.5862 -0.0199
vn -0.7965 0.6029 -0.0458
vn -0.5909 0.7027 0.3962
vn -0.6847 0.7043 -0.1875
vn -0.6851 0.7042 -0.1863
vn -0.1758 0.8731 0.4547
vn -0.3250 0.7225 0.6102
vn -0.4470 0.7484 0.4899
vn -0.3103 0.8723 0.3778
vn -0.6296 0.6844 0.3677
vn -0.4131 0.6712 0.6155
vn -0.4737 0.6612 0.5818
vn -0.7154 0.6588 0.2330
vn 0.4374 0.0976 0.8939
vn 0.7600 -0.1083 0.6409
vn 0.7510 -0.1250 0.6483
vn 0.6398 -0.2263 0.7345
vn 0.7985 -0.1610 0.5801
vn 0.6547 -0.1645 -0.7378
vn 0.9684 -0.0745 -0.2380
vn 0.7605 -0.0344 0.6484
vn 0.7308 -0.0441 0.6812
vn -0.0629 0.8213 0.5670
vn 0.1467 0.5003 0.8533
vn -0.0944 0.4675 0.8789
vn -0.2880 0.5964 0.7492
vn -0.1983 0.6430 0.7397
vn -0.3973 0.7432 0.5384
vn -0.2900 0.6375 0.7138
vn 0.3882 -0.3316 0.8598
vn -0.0638 0.5742 0.8162
vn 0.4422 -0.1595 0.8826
vn 0.5704 -0.4044 0.7149
vn 0.5447 -0.3224 0.7742
vn 0.8873 -0.2404 0.3937
vn 0.9378 -0.1943 0.2876
vn 0.9222 -0.3836 0.0495
vn 0.8865 -0.4089 0.2166
vn 0.7213 -0.4162 0.5536
vn 0.6606 -0.2398 0.7114
vn -0.0607 0.4653 0.8831
vn 0.4883 -0.2336 0.8408
vn 0.5683 -0.2123 0.7950
vn 0.1697 0.1578 0.9728
vn -0.3864 0.6160 0.6865
vn -0.3015 0.5750 0.7606
vn -0.7500 0.6562 -0.0830
vn -0.6386 0.6916 0.3376
vn -0.6663 0.6763 -0.3142
vn -0.6185 0.7806 0.0907
vn -0.2714 0.8068 0.5248
vn -0.1850 0.7238 0.6647
vn -0.1781 0.7242 0.6662
vn -0.1769 0.7242 0.6665
vn -0.1860 0.7236 0.6647
vn -0.2154 0.8131 0.5409
vn 0.6266 0.3329 -0.7047
vn 0.6308 -0.3911 -0.6702
vn 0.9315 0.3552 0.0791
vn -0.4156 0.8941 0.1669
vn -0.5510 0.7790 0.2992
vn 0.8328 -0.4310 -0.3475
vn 0.3772 0.8023 -0.4627
vn -0.7645 0.6252 0.1572
vn -0.6898 0.6730 0.2670
vn -0.7285 0.6802 0.0814
vn -0.6991 0.7124 0.0618
vn -0.6004 0.7489 -0.2806
vn -0.4291 0.8206 -0.3774
vn -0.6344 0.7641 -0.1166
vn -0.6675 0.7402 -0.0806
vn 0.3322 -0.5302 -0.7801
vn 0.5411 -0.5085 -0.6698
vn -0.0999 0.1969 -0.9753
vn 0.0643 0.0414 -0.9971
vn -0.8922 0.4389 -0.1067
vn 0.5061 0.0390 -0.8616
vn -0.1160 0.6670 -0.7360
vn -0.5280 0.6939 -0.4897
vn -0.2430 0.3281 -0.9129
vn 0.7630 -0.3817 -0.5217
vn 0.3631 -0.0053 -0.9317
vn -0.3118 0.4977 -0.8093
vn -0.5181 0.7066 -0.4819
vn -0.5721 0.7240 -0.3854
vn -0.7610 0.6487 -0.0028
vn -0.7779 0.5997 0.1877
vn -0.7094 0.7026 0.0568
vn -0.5485 0.8241 0.1417
vn 0.4251 -0.0503 -0.9037
vn -0.6991 0.6988 0.1517
vn -0.3761 0.7333 -0.5664
vn -0.5721 0.7420 0.3495
vn 0.1697 0.7376 -0.6536
vn -0.1944 0.6438 0.7401
vn -0.1712 0.9302 0.3246
vn -0.3547 0.6289 0.6918
vn -0.7016 0.5401 0.4649
vn -0.6139 0.0993 0.7831
vn -0.4238 0.2671 0.8655
vn -0.8173 0.2958 0.4945
vn -0.6339 0.1563 0.7575
vn 0.6200 -0.4499 0.6428
vn -0.7229 0.6380 0.2653
vn -0.7459 0.3939 0.5371
vn -0.8372 0.4929 0.2369
vn -0.8553 0.4974 0.1449
vn -0.8963 0.4193 0.1444
vn -0.6925 0.2107 0.6900
vn -0.6439 0.3134 0.6980
vn -0.7789 0.5604 0.2814
vn -0.0265 0.9958 -0.0879
vn -0.1252 0.8491 -0.5131
vn 0.0840 0.9954 -0.0451
vn -0.8171 0.5732 -0.0617
vn -0.8314 0.4998 0.2429
vn -0.8076 0.5767 0.1232
vn -0.8319 0.5240 -0.1828
vn -0.7980 0.4375 -0.4145
vn -0.8244 0.4099 -0.3903
vn 0.4072 0.7593 0.5076
vn 0.6520 0.7560 -0.0577
vn 0.6979 0.7015 -0.1443
vn -0.3977 0.9174 -0.0145
vn -0.0001 0.1215 -0.9926
vn 0.3332 -0.8452 -0.4179
vn -0.0122 -0.9432 0.3320
vn 0.1687 -0.5624 -0.8095
vn -0.0424 0.2776 -0.9598
vn 0.6343 0.7423 0.2158
vn 0.5363 0.7597 -0.3676
vn -0.0832 0.7531 -0.6526
vn -0.0559 0.7625 -0.6446
vn 0.8506 0.5172 0.0948
vn 0.2686 -0.5204 -0.8105
vn -0.5063 0.7594 -0.4085
vn -0.2893 0.6149 -0.7336
vn 0.2613 -0.8680 -0.4222
vn 0.2229 -0.7693 -0.5987
vn 0.1066 -0.7948 -0.5975
vn 0.1004 -0.9154 -0.3898
vn 0.6564 -0.6804 -0.3259
vn 0.7583 -0.5456 -0.3568
vn 0.5663 -0.6613 -0.4918
vn 0.5291 -0.7603 -0.3768
vn 0.3638 -0.7270 -0.5824
vn 0.3916 -0.7962 -0.4612
vn 0.3068 -0.8927 0.3302
vn -0.4180 0.9010 0.1162
vn 0.7246 0.6584 -0.2038
vn 0.8873 0.4527 -0.0879
vn -0.2740 0.8931 -0.3568
vn -0.3733 0.8856 0.2764
vn 0.4997 0.6523 -0.5699
vn -0.3422 0.7782 0.5266
vn 0.8765 0.4102 -0.2518
vn -0.2749 0.9558 0.1044
vn 0.0301 0.4596 -0.8876
vn -0.8160 0.3355 -0.4707
vn -0.8103 0.5126 -0.2841
vn -0.8962 0.3710 -0.2432
vn -0.8709 0.3070 -0.3838
vn 0.1859 0.0219 0.9823
vn -0.3124 -0.1194 -0.9424
vn -0.2954 0.0618 -0.9534
vn -0.4519 -0.2749 -0.8486
vn -0.5802 -0.0365 -0.8137
vn -0.6295 -0.7765 -0.0278
vn -0.4639 -0.8766 -0.1277
vn -0.5218 -0.4250 0.7397
vn -0.3070 0.9517 0.0047
vn -0.6734 0.2634 -0.6907
vn -0.6743 0.2741 -0.6857
vn -0.6736 0.2625 -0.6909
vn -0.6746 0.2749 -0.6851
vn -0.4078 0.4345 -0.8030
vn -0.3037 0.1272 -0.9442
vn -0.2490 0.4628 -0.8508
vn -0.4076 -0.8631 0.2983
vn -0.0690 -0.0269 -0.9973
vn -0.2324 -0.8778 -0.4188
vn -0.1119 0.9471 -0.3008
vn 0.2364 0.6282 0.7413
vn -0.2343 0.9556 -0.1787
vn 0.1674 0.7720 -0.6132
vn 0.8856 0.4478 0.1230
vn 0.8578 0.4970 0.1311
vn 0.5315 0.1527 -0.8332
vn -0.6215 -0.6490 0.4388
vn 0.6456 0.4414 -0.6232
vn -0.9747 0.2235 -0.0089
vn -0.9745 -0.1848 0.1272
vn 0.8350 0.3316 -0.4391
vn -0.9447 0.1989 0.2608
vn 0.3326 -0.4270 0.8409
vn 0.4916 0.6966 0.5225
vn -0.9775 0.2025 0.0595
vn -0.9794 0.1913 0.0640
vn -0.9779 0.2004 0.0603
vn -0.0556 0.9464 -0.3182
vn -0.9380 -0.1198 -0.3254
vn -0.9796 0.1086 0.1692
vn -0.6486 -0.5278 0.5484
vn -0.9808 -0.0133 -0.1945
vn -0.8582 0.5116 0.0409
vn -0.6149 0.7780 -0.1290
vn -0.6094 0.7449 0.2714
vn 0.2857 -0.9279 0.2395
vn 0.3171 -0.8106 0.4923
vn 0.1903 -0.9076 0.3742
vn 0.2415 -0.9398 0.2419
vn 0.5711 -0.8051 0.1600
vn 0.2650 -0.8624 0.4314
vn -0.2110 -0.1575 -0.9647
vn -0.1579 -0.5705 0.8059
vn 0.1373 -0.6281 0.7659
vn 0.4218 -0.5859 0.6919
vn 0.2925 -0.4587 0.8391
vn -0.1661 0.9814 0.0964
vn -0.9975 0.0291 0.0651
vn -0.9796 0.1900 0.0647
vn -0.2830 -0.5989 0.7491
vn -0.4244 -0.3925 0.8160
vn 0.1489 -0.3808 0.9126
vn 0.0276 -0.4544 0.8904
vn -0.3186 -0.6205 0.7166
vn -0.4701 -0.5126 0.7185
vn -0.5509 -0.5402 0.6361
vn -0.4608 -0.4130 0.7856
vn 0.4933 -0.7261 0.4790
vn 0.1181 -0.8569 0.5018
vn -0.1298 -0.8474 0.5149
vn 0.3387 -0.7982 0.4981
vn 0.7412 -0.0052 -0.6713
vn 0.6238 -0.7174 0.3100
vn 0.7380 -0.6068 0.2952
vn 0.7987 -0.5593 0.2222
vn 0.7589 -0.6250 0.1827
vn 0.8730 0.1035 -0.4767
vn -0.7824 0.5816 -0.2229
vn -0.1307 0.9590 -0.2513
vn 0.3629 0.5227 -0.7714
vn -0.4564 -0.7375 0.4978
vn 0.6676 0.6439 -0.3738
vn -0.8219 0.3385 -0.4581
vn 0.2635 0.8034 0.5340
vn -0.7664 0.5779 -0.2806
vn 0.3621 0.6471 -0.6709
vn -0.9395 0.2748 -0.2047
vn -0.7301 -0.5161 0.4478
vn 0.4734 0.7401 0.4777
vn 0.6291 0.7017 0.3345
vn -0.7721 0.5630 0.2946
vn -0.7271 0.6667 0.1638
vn -0.9405 0.3339 -0.0628
vn -0.3066 0.6584 -0.6874
vn 0.6623 -0.5673 0.4893
vn 0.8873 -0.1061 -0.4488
vn -0.9720 -0.0529 0.2291
vn 0.8406 0.4689 0.2711
vn 0.7763 -0.5212 0.3546
vn -0.2728 -0.7402 0.6145
vn 0.8584 0.4759 -0.1915
vn -0.2232 -0.7046 -0.6736
vn -0.6100 -0.3160 0.7267
vn 0.7292 -0.5692 0.3799
vn 0.7352 -0.5272 0.4261
vn 0.7702 -0.5139 0.3777
vn 0.7953 -0.5308 0.2928
vn 0.6401 -0.6147 -0.4609
vn 0.6375 -0.6369 -0.4334
vn -0.9392 -0.2935 -0.1781
vn -0.7221 0.6735 -0.1581
vn -0.9475 -0.3153 0.0540
vn -0.9863 -0.0716 0.1485
vn -0.9859 -0.0716 0.1510
vn -0.9864 -0.0716 0.1481
vn -0.6956 -0.6245 0.3553
vn -0.7539 -0.6235 0.2070
vn -0.7916 -0.5674 0.2266
vn -0.7452 -0.2799 0.6052
vn -0.7165 0.6333 0.2924
vn -0.7427 0.6363 -0.2088
vn -0.2454 -0.9646 0.0962
vn -0.9411 -0.0563 0.3334
vn -0.9610 -0.1575 0.2273
vn -0.9642 0.1523 0.2169
vn 0.7452 0.0645 0.6637
vn 0.9712 0.1985 -0.1315
vn 0.4119 -0.9111 -0.0118
vn 0.6839 -0.6393 -0.3515
vn 0.2232 -0.9627 0.1532
vn 0.2866 -0.9580 0.0118
vn 0.3414 -0.9398 0.0148
vn 0.2700 -0.9607 0.0650
vn -0.8988 0.4260 -0.1030
vn 0.4489 0.8648 -0.2250
vn 0.3645 0.8832 -0.2951
vn 0.8752 0.2713 0.4005
vn -0.0508 -0.8584 -0.5105
vn 0.3246 0.8446 0.4259
vn 0.8168 0.3799 0.4341
vn 0.0236 -0.8444 -0.5352
vn 0.5104 0.6606 0.5506
vn 0.7355 -0.4421 -0.5134
vn 0.7977 -0.5322 -0.2837
vn 0.6398 -0.6641 -0.3868
vn 0.6403 -0.5054 -0.5784
vn 0.4672 -0.8112 -0.3517
vn 0.7719 -0.6296 -0.0883
vn 0.6809 -0.7161 -0.1534
vn 0.6389 -0.7648 -0.0825
vn 0.6028 -0.7718 -0.2023
vn 0.6874 -0.6437 -0.3364
vn 0.2936 -0.4557 0.8403
vn 0.4468 -0.8451 0.2938
vn 0.5048 -0.8233 -0.2596
vn 0.1893 -0.8820 -0.4315
vn -0.4009 -0.8319 -0.3838
vn 0.2218 -0.9591 -0.1759
vn -0.9912 -0.0789 0.1061
vn -0.8037 -0.4736 0.3603
vn -0.9354 -0.1613 -0.3147
vn -0.9494 -0.2768 -0.1483
vn -0.8688 -0.2608 -0.4209
vn -0.8812 -0.3564 -0.3105
vn -0.9117 -0.3961 -0.1090
vn 0.9887 0.1396 -0.0545
vn -0.0849 -0.9912 0.1021
vn -0.9280 -0.1628 0.3350
vn 0.7321 -0.6788 -0.0568
vn 0.2077 -0.9542 -0.2154
vn -0.5704 -0.8182 -0.0727
vn -0.9802 -0.1941 0.0394
vn 0.3898 -0.2697 -0.8805
vn 0.5231 -0.1214 -0.8436
vn 0.5115 -0.1667 -0.8430
vn 0.5450 -0.2014 -0.8139
vn 0.4856 -0.2642 -0.8333
vn 0.1440 -0.7670 0.6253
vn 0.4056 -0.4322 0.8054
vn 0.1850 -0.7804 0.5972
vn -0.8821 0.4655 -0.0723
vn -0.8698 0.3615 -0.3358
vn -0.8614 0.3320 -0.3845
vn -0.8695 0.1418 -0.4732
vn -0.9708 -0.0435 -0.2359
vn -0.9704 0.0543 -0.2355
vn -0.8901 -0.0387 -0.4541
vn -0.8864 -0.1372 -0.4422
vn -0.7923 -0.0481 -0.6083
vn -0.7679 -0.0826 -0.6353
vn -0.7678 -0.0826 -0.6353
vn -0.7663 -0.0829 -0.6372
vn -0.7791 -0.1497 -0.6087
vn -0.8017 -0.1557 -0.5771
vn -0.7299 0.0933 -0.6772
vn -0.6033 -0.1203 -0.7884
vn -0.7690 0.0289 -0.6386
vn -0.7671 0.0297 -0.6408
vn -0.7691 0.0300 -0.6384
vn -0.7313 -0.0811 -0.6772
vn -0.9075 0.1217 -0.4021
vn -0.9454 0.2248 -0.2358
vn -0.9078 0.3112 -0.2812
vn -0.9337 0.2931 0.2055
vn -0.9340 0.3494 0.0748
vn -0.8064 -0.2322 0.5439
vn -0.8675 0.4964 0.0335
vn 0.9147 0.3461 0.2086
vn -0.9664 0.1650 -0.1972
vn -0.9653 0.1696 -0.1984
vn -0.9710 0.1884 -0.1470
vn -0.9888 -0.0503 -0.1406
vn -0.9983 0.0559 0.0156
vn -0.9887 0.1485 0.0203
vn -0.9591 0.2797 0.0435
vn -0.9510 0.3051 -0.0493
vn -0.9630 0.2668 0.0370
vn -0.8257 -0.5273 -0.2003
vn -0.6371 -0.7438 -0.2022
vn -0.7109 -0.7027 -0.0289
vn -0.8558 -0.5156 -0.0414
vn 0.0712 -0.1645 0.9838
vn -0.3666 -0.9254 -0.0965
vn -0.1017 0.9147 -0.3912
vn -0.3655 -0.2150 -0.9057
vn 0.3949 0.3046 -0.8668
vn 0.2350 0.8935 -0.3826
vn -0.3808 0.7892 -0.4817
vn -0.4146 -0.2608 -0.8718
vn -0.7870 0.5488 -0.2819
vn -0.1823 0.0131 -0.9832
vn -0.3421 -0.1920 -0.9198
vn -0.3936 -0.8447 -0.3628
vn -0.6901 0.6000 -0.4047
vn -0.3133 0.6889 -0.6537
vn -0.5429 -0.6792 -0.4938
vn -0.7649 0.0293 -0.6434
vn -0.7880 -0.2476 -0.5637
vn -0.6798 -0.4841 -0.5510
vn -0.8336 -0.3719 -0.4084
vn -0.8315 -0.2759 -0.4822
vn -0.5918 -0.6026 -0.5354
vn -0.5005 -0.7248 -0.4734
vn -0.5625 -0.7821 -0.2681
vn -0.7263 -0.5805 -0.3681
vn -0.7171 0.1586 -0.6787
vn -0.5594 -0.7307 -0.3914
vn -0.9958 -0.0629 -0.0664
vn 0.5160 0.8017 -0.3019
vn -0.4271 0.4786 -0.7672
vn 0.9170 0.3773 0.1294
vn -0.0415 0.3275 -0.9440
vn -0.3761 0.5923 -0.7125
vn 0.7368 0.6751 0.0367
vn -0.3222 0.8024 0.5024
vn -0.4813 -0.7216 0.4976
vn -0.7218 -0.6603 0.2077
vn -0.7271 -0.6497 0.2217
vn -0.8832 -0.2388 0.4036
vn -0.8629 -0.4732 0.1775
vn -0.7694 -0.0823 -0.6335
vn -0.5328 -0.0379 -0.8454
vn 0.8760 0.4565 -0.1556
vn 0.1248 0.4615 0.8783
vn -0.9010 0.4323 -0.0349
vn -0.7293 0.6403 0.2412
vn -0.7722 0.6186 0.1452
vn -0.9526 0.2797 -0.1194
vn -0.6371 0.7547 -0.1566
vn -0.6939 0.7196 0.0268
vn -0.6819 0.7192 -0.1332
vn -0.6655 0.6954 -0.2713
vn 0.5603 -0.8258 -0.0642
vn -0.4351 -0.6860 -0.5832
vn -0.7940 0.4441 -0.4151
vn -0.7212 0.3088 -0.6201
vn -0.8017 0.5169 -0.3003
vn -0.8753 0.4099 -0.2565
vn -0.8288 0.4009 -0.3903
vn -0.8771 0.3102 -0.3667
vn -0.8756 -0.2549 -0.4104
vn -0.9209 0.2500 0.2991
vn -0.9534 0.2783 0.1169
vn -0.8999 0.3829 0.2089
vn -0.9536 0.1994 -0.2257
vn -0.7389 0.6244 -0.2533
vn -0.6944 0.6732 -0.2541
vn -0.7752 0.6167 -0.1368
vn -0.8170 -0.0633 -0.5732
vn -0.6921 0.1111 -0.7132
vn -0.7885 0.4450 -0.4247
vn -0.9580 0.1128 -0.2637
vn -0.8843 0.1378 -0.4462
vn -0.8332 0.0382 -0.5517
vn -0.7314 0.4070 -0.5472
vn -0.8806 0.1703 -0.4422
vn -0.6390 0.5700 -0.5164
vn -0.7431 0.3176 -0.5890
vn -0.8917 0.4231 -0.1608
vn -0.8582 0.4699 -0.2066
vn -0.7312 0.4946 -0.4699
vn -0.7535 0.5558 -0.3511
vn -0.4439 -0.7309 -0.5184
vn -0.7809 0.5217 -0.3434
vn -0.6943 0.5980 -0.4005
vn -0.5323 0.7142 -0.4545
vn -0.4479 0.8742 -0.1873
vn -0.5698 0.7988 -0.1929
vn -0.4410 0.8391 -0.3185
vn -0.5539 0.7812 -0.2880
vn -0.5098 0.7835 -0.3551
vn -0.4282 0.8164 -0.3874
vn -0.4912 0.8493 -0.1933
vn -0.7178 0.6752 -0.1697
vn -0.6265 0.7794 -0.0008
vn -0.5656 0.8230 0.0532
vn -0.5317 0.8413 -0.0976
vn -0.5857 0.8098 -0.0341
vn -0.4146 0.8333 -0.3655
vn -0.4086 0.8232 -0.3942
vn -0.3493 0.9013 -0.2563
vn -0.4394 0.8778 -0.1908
vn -0.5490 0.8335 -0.0616
vn -0.6911 0.7219 0.0366
vn -0.0854 0.8470 -0.5246
vn -0.2625 0.5908 0.7629
vn 0.7858 0.4800 0.3901
vn -0.5562 0.7581 -0.3405
vn -0.5078 0.7640 -0.3980
vn -0.4689 0.7379 -0.4855
vn -0.3972 -0.8848 0.2434
vn -0.2960 -0.9269 0.2306
vn -0.3201 0.8328 -0.4516
vn -0.2577 0.9592 -0.1161
vn -0.2942 0.9493 -0.1109
vn -0.3063 0.8471 -0.4343
vn -0.3504 0.8325 -0.4291
vn -0.8737 0.4786 0.0868
vn -0.6908 0.7116 0.1284
vn -0.5625 0.6856 -0.4621
vn -0.5912 0.7616 -0.2654
vn -0.6053 0.6536 -0.4544
vn -0.4405 0.8832 -0.1609
vn -0.4336 0.7522 -0.4962
vn -0.5165 0.8321 -0.2023
vn -0.5571 0.7835 -0.2751
vn -0.5262 0.7166 -0.4579
vn -0.1795 0.9724 -0.1489
vn -0.3342 0.8547 -0.3973
vn -0.2406 0.9299 -0.2781
vn -0.4495 0.7655 -0.4604
vn -0.9427 -0.1624 0.2913
vn -0.8615 -0.4697 0.1926
vn -0.0073 0.6370 -0.7708
vn -0.7870 0.5911 0.1769
vn -0.5538 0.8014 -0.2259
vn 0.5919 -0.4487 -0.6696
vn 0.7796 -0.5994 -0.1816
vn -0.6926 0.6467 0.3196
vn 0.4840 0.5394 0.6891
vn 0.4953 0.1080 -0.8620
vn -0.7763 0.4003 -0.4870
vn -0.8709 0.2354 -0.4315
vn -0.7578 0.4315 -0.4894
vn -0.8565 0.3616 -0.3683
vn -0.8906 0.3100 -0.3328
vn -0.7556 0.4080 -0.5124
vn 0.2185 0.9246 -0.3122
vn 0.6704 0.6674 -0.3242
vn -0.3995 0.8197 -0.4105
vn -0.7603 -0.4638 -0.4548
vn -0.0923 0.7471 -0.6582
vn -0.1224 0.8250 -0.5518
vn -0.4463 0.5779 0.6832
vn -0.4807 0.6298 0.6101
vn -0.2957 0.5785 0.7602
vn -0.3718 0.4919 0.7873
vn 0.6358 -0.6295 -0.4466
vn -0.8280 0.2170 -0.5171
vn -0.5619 0.6331 -0.5323
vn -0.6286 0.5982 -0.4970
vn -0.7492 0.6180 -0.2384
vn -0.6354 0.6190 -0.4616
vn -0.7735 0.4491 -0.4472
vn -0.8218 0.4445 -0.3564
vn -0.6211 0.6552 0.4300
vn -0.7432 0.6669 0.0539
vn -0.8359 0.5374 -0.1119
vn -0.7156 0.6883 0.1193
vn -0.7785 0.6045 -0.1690
vn -0.8298 0.4628 -0.3119
vn -0.0294 -0.1117 -0.9933
vn -0.0361 0.8704 0.4911
vn -0.4373 0.7543 -0.4896
vn -0.4756 -0.3379 -0.8122
vn -0.4005 -0.5169 -0.7566
vn 0.7912 0.5999 -0.1187
vn -0.1194 0.9889 -0.0885
vn -0.1680 0.9133 -0.3710
vn -0.5219 0.7776 -0.3507
vn -0.4080 0.8696 -0.2781
vn -0.2293 0.5291 0.8170
vn -0.1754 0.4635 0.8685
vn -0.6526 -0.2827 -0.7030
vn -0.6521 -0.2875 -0.7015
vn -0.6524 -0.2834 -0.7029
vn -0.6522 0.6380 -0.4093
vn -0.5825 0.8124 0.0276
vn -0.8499 0.5015 -0.1619
vn -0.7982 0.5107 -0.3195
vn -0.8140 0.4641 -0.3492
vn -0.8946 0.3855 -0.2258
vn -0.9113 0.3472 -0.2213
vn -0.7911 0.4399 -0.4250
vn -0.7252 0.5051 -0.4679
vn -0.7980 0.5479 -0.2509
vn -0.9439 0.1809 -0.2761
vn -0.8940 0.4458 -0.0442
vn -0.8890 0.3602 -0.2826
vn -0.9402 0.2443 -0.2373
vn -0.9297 0.3661 0.0400
vn -0.9842 0.1764 0.0122
vn -0.9294 0.3684 -0.0225
vn -0.9251 0.3765 -0.0487
vn 0.7036 0.5837 0.4052
vn -0.9436 0.2447 -0.2230
vn -0.9754 0.1256 -0.1812
vn -0.9633 0.2222 -0.1505
vn 0.7359 0.6662 -0.1208
vn 0.2301 0.4545 0.8605
vn 0.7910 0.4868 -0.3707
vn 0.0920 -0.6023 0.7929
vn 0.6430 0.7601 -0.0935
vn -0.6735 0.6801 -0.2896
vn -0.7339 0.4694 -0.4909
vn -0.7281 -0.1120 -0.6763
vn -0.4927 0.7932 -0.3579
vn -0.7592 0.6286 0.1687
vn 0.4321 -0.8797 0.1986
vn -0.4707 -0.0025 -0.8823
vn -0.4925 0.1962 -0.8479
vn -0.2776 0.5812 -0.7649
vn -0.3168 0.2302 -0.9201
vn -0.6537 0.6098 -0.4481
vn -0.6195 0.7184 -0.3165
vn -0.4724 0.7860 -0.3988
vn -0.4347 0.7725 -0.4629
vn -0.6128 0.5605 -0.5571
vn -0.6524 0.4366 -0.6195
vn -0.5426 0.5287 -0.6527
vn -0.5104 0.5212 -0.6840
vn -0.8087 0.3253 -0.4901
vn -0.6522 -0.2882 -0.7012
vn -0.6851 0.6031 -0.4085
vn -0.5668 0.7601 -0.3178
vn -0.5916 0.6781 -0.4361
vn -0.9549 0.2742 -0.1140
vn -0.8103 0.4115 -0.4172
vn 0.5007 0.5885 0.6348
vn 0.6162 0.7410 0.2669
vn -0.6698 0.6406 -0.3754
vn -0.0880 0.8140 0.5741
vn -0.5278 -0.8464 -0.0701
vn -0.1916 0.6030 0.7744
vn 0.2574 -0.8800 0.3993
vn -0.6701 0.1580 -0.7252
vn -0.9690 0.1559 0.1916
vn -0.7015 -0.6809 0.2104
vn -0.3630 0.8464 -0.3897
vn -0.7021 -0.6691 0.2436
vn -0.6714 -0.6885 0.2743
vn -0.6363 -0.6782 0.3677
vn -0.6677 -0.6393 0.3814
vn -0.7116 0.4024 -0.5759
vn -0.5237 -0.6783 0.5154
vn 0.1285 -0.9025 -0.4111
vn -0.1842 0.9373 -0.2957
vn 0.0041 0.9142 -0.4052
vn 0.7156 -0.3099 0.6260
vn -0.1513 -0.8538 0.4981
vn 0.3824 0.8840 0.2690
vn -0.1854 -0.9151 0.3582
vn -0.8872 -0.4235 0.1832
vn -0.9770 0.1915 0.0934
vn -0.1132 0.9292 -0.3518
vn -0.0384 -0.9824 0.1828
vn -0.3903 0.9188 0.0590
vn -0.0256 -0.5762 0.8169
vn 0.9858 0.1449 0.0843
vn -0.0883 -0.4810 0.8722
vn 0.1555 0.5198 -0.8400
vn 0.2560 -0.4451 0.8581
vn -0.1978 -0.1195 0.9729
vn 0.0850 -0.2024 0.9756
vn -0.1313 0.5004 0.8558
vn -0.0874 -0.2147 0.9728
vn -0.5352 0.2785 -0.7975
vn -0.9409 0.2221 -0.2556
vn -0.8987 -0.1378 0.4164
vn -0.9740 -0.2225 0.0432
vn -0.7952 0.4003 -0.4555
vn -0.7016 0.7109 0.0486
vn 0.7124 -0.4060 0.5724
vn -0.2721 -0.1771 0.9458
vn 0.2869 0.4785 -0.8299
vn 0.2176 0.5430 -0.8110
vn -0.4960 -0.8521 0.1670
vn -0.6510 -0.7123 0.2622
vn -0.8177 0.5677 0.0956
vn -0.9658 0.0756 0.2479
vn -0.9350 -0.1495 0.3217
vn -0.5110 -0.5213 0.6835
vn -0.9859 -0.0716 0.1513
vn -0.9611 0.2680 0.0668
vn -0.5534 -0.5881 -0.5898
vn -0.9745 0.0550 0.2175
vn -0.3992 0.6162 0.6789
vn 0.2883 -0.7516 -0.5933
vn 0.1902 0.8684 -0.4579
vn -0.5419 -0.8389 -0.0519
vn 0.3172 0.7826 -0.5356
vn -0.9042 -0.4213 0.0703
vn 0.7951 0.6065 0.0021
vn 0.4071 0.8994 -0.1589
vn -0.9154 -0.2492 0.3161
vn -0.7396 -0.6711 0.0513
vn 0.2601 -0.9595 0.1083
vn 0.7807 0.5784 -0.2366
vn 0.7380 0.4067 -0.5385
vn -0.8035 -0.5941 0.0390
vn 0.3103 0.9363 -0.1645
vn -0.2354 -0.4639 0.8540
vn -0.2516 -0.1396 0.9577
vn 0.2254 -0.1105 0.9680
vn -0.9755 0.2198 0.0067
vn 0.1441 -0.1580 -0.9769
vn 0.1369 -0.9559 -0.2598
vn -0.1519 0.6666 -0.7298
vn 0.2234 0.7886 -0.5729
vn 0.4293 -0.3362 -0.8383
vn 0.7559 0.6539 -0.0323
vn 0.4254 0.8957 0.1297
vn 0.3387 0.9066 0.2517
vn 0.2071 -0.9182 -0.3376
vn 0.1690 0.7809 -0.6013
vn 0.1690 -0.4361 -0.8839
vn 0.1079 0.6084 -0.7863
vn 0.7870 -0.0344 -0.6160
vn 0.2940 0.7761 -0.5579
vn 0.1897 -0.8221 -0.5369
vn 0.5359 0.7436 -0.3999
vn 0.0501 0.5761 -0.8159
vn 0.0858 0.6798 -0.7283
vn -0.0450 0.7483 -0.6618
vn -0.0117 0.7241 -0.6896
vn 0.2928 -0.7001 -0.6512
vn 0.0653 -0.9126 -0.4036
vn 0.2286 -0.8249 -0.5170
vn 0.4085 -0.4756 -0.7790
vn 0.0507 -0.9081 -0.4156
vn 0.1715 -0.8719 -0.4588
vn 0.4334 0.8682 0.2416
vn 0.5007 -0.5310 -0.6836
vn 0.2705 -0.7149 -0.6447
vn -0.0681 0.7525 -0.6551
vn 0.0885 -0.9503 -0.2986
vn -0.2726 0.9253 -0.2636
vn 0.0993 -0.9772 -0.1878
vn 0.4362 -0.8636 -0.2527
vn 0.1417 -0.8626 -0.4857
vn -0.1066 0.7513 -0.6514
vn 0.1329 0.9475 0.2909
vn 0.0624 -0.9361 -0.3461
vn 0.2063 0.5370 -0.8180
vn 0.2289 0.1364 -0.9638
vn 0.9677 0.0148 -0.2518
vn 0.5294 0.8397 0.1212
vn 0.4389 0.8861 0.1490
vn 0.2267 -0.8218 -0.5227
vn 0.3753 0.8953 -0.2398
vn 0.1148 -0.9347 -0.3364
vn 0.1756 -0.8879 -0.4252
vn 0.1356 0.9403 0.3120
vn -0.2465 0.8713 -0.4244
vn -0.1384 0.8710 0.4713
vn 0.1597 -0.8648 -0.4761
vn 0.0727 0.5964 -0.7994
vn 0.0017 0.5834 -0.8122
vn -0.1231 0.6140 -0.7797
vn 0.1503 -0.8366 -0.5268
vn 0.1712 -0.2065 -0.9633
vn -0.1158 0.7179 -0.6865
vn 0.8807 0.4509 -0.1448
vn -0.2734 0.7643 -0.5840
vn 0.9035 0.4269 -0.0377
vn 0.9846 -0.1595 0.0718
vn 0.3723 -0.9066 -0.1987
vn 0.4109 0.9094 0.0648
vn 0.9877 0.1558 -0.0125
vn 0.8850 0.2122 0.4145
vn -0.2005 -0.7828 -0.5890
vn -0.4321 -0.4544 -0.7790
vn 0.3854 -0.9124 0.1378
vn 0.6123 -0.7898 -0.0354
vn 0.7929 -0.5866 -0.1651
vn 0.8756 -0.2941 -0.3832
vn 0.8839 -0.2670 -0.3840
vn 0.9657 -0.1009 -0.2392
vn 0.7622 -0.5443 0.3505
vn 0.5288 0.8456 0.0731
vn 0.3646 0.8795 -0.3060
vn 0.5294 0.8083 -0.2577
vn 0.8966 0.2463 0.3681
vn 0.9622 0.1735 0.2098
vn 0.9625 0.1664 0.2143
vn 0.9623 0.1724 0.2104
vn 0.6971 0.3129 0.6451
vn 0.1548 0.3797 0.9121
vn 0.7556 0.6245 0.1977
vn 0.2934 0.1588 0.9427
vn 0.6217 0.3808 0.6844
vn 0.7174 0.2291 0.6579
vn 0.7229 0.1959 0.6626
vn 0.9625 0.1651 0.2152
vn 0.8388 0.4723 0.2706
vn 0.1901 0.9088 -0.3713
vn 0.8894 0.1477 0.4327
vn 0.7063 0.3311 0.6256
vn 0.7130 0.6933 0.1052
vn 0.8015 0.5883 0.1068
vn 0.8248 0.5590 -0.0847
vn 0.9335 0.3479 0.0871
vn 0.7083 0.5552 0.4360
vn 0.7634 0.6195 -0.1830
vn 0.7175 0.6919 0.0804
vn 0.5836 0.7525 0.3052
vn 0.2339 0.4661 0.8533
vn 0.4093 0.4886 0.7705
vn 0.7606 0.2545 0.5973
vn 0.8385 0.1703 0.5176
vn 0.9101 -0.0814 0.4063
vn 0.9174 -0.0076 0.3979
vn 0.7642 0.0557 0.6426
vn 0.8362 0.4886 0.2489
vn 0.7945 0.3434 0.5009
vn 0.5910 0.6769 0.4387
vn 0.0261 0.9538 0.2994
vn 0.3505 0.3834 0.8545
vn 0.4299 0.4183 0.8001
vn 0.7162 0.2804 0.6391
vn 0.5883 0.8073 -0.0473
vn -0.0095 0.0991 0.9950
vn -0.0979 0.9118 0.3988
vn 0.5416 0.8404 -0.0228
vn 0.4363 0.7063 0.5574
vn 0.1157 0.9330 -0.3408
vn 0.1122 0.9335 -0.3407
vn 0.1191 0.9320 -0.3424
vn 0.4326 0.4012 0.8074
vn 0.7824 0.6080 0.1346
vn 0.6187 0.1934 0.7614
vn 0.9435 0.3282 0.0454
vn 0.7601 0.4399 0.4782
vn 0.7249 0.6861 -0.0608
vn 0.8624 0.4646 0.2012
vn 0.9668 0.2554 -0.0012
vn 0.9212 0.3842 0.0606
vn 0.9702 0.2324 0.0691
vn 0.7649 0.5992 0.2365
vn 0.3804 0.8307 0.4066
vn 0.5926 0.7136 0.3737
vn 0.3238 0.9334 0.1549
vn 0.5515 0.8320 0.0607
vn 0.6249 0.7708 0.1243
vn 0.4461 0.8786 -0.1702
vn 0.5428 0.8206 -0.1789
vn 0.2614 -0.9497 0.1723
vn -0.2295 0.7156 0.6597
vn 0.7738 -0.3172 0.5483
vn 0.4599 0.2549 0.8506
vn 0.8104 0.3987 0.4293
vn 0.0742 0.7023 -0.7080
vn 0.7771 0.3689 0.5099
vn 0.6045 0.4009 0.6883
vn 0.6141 0.7879 -0.0446
vn 0.3716 0.8880 -0.2707
vn 0.5909 0.7343 0.3341
vn 0.7596 0.6025 0.2448
vn 0.7614 0.6006 0.2441
vn 0.6641 0.6859 0.2975
vn 0.4565 0.7846 -0.4195
vn 0.0945 0.3532 0.9308
vn 0.7087 -0.6565 0.2583
vn 0.0400 0.4708 0.8813
vn 0.0802 0.4424 0.8932
vn 0.5664 0.8177 -0.1024
vn 0.9085 0.2267 0.3510
vn 0.1932 0.2046 0.9596
vn 0.0455 0.8307 0.5548
vn 0.0706 0.9517 0.2989
vn 0.1124 0.9340 -0.3392
vn 0.1405 0.4162 0.8984
vn -0.3215 0.7469 -0.5821
vn 0.3849 -0.7771 0.4980
vn 0.1272 0.5915 0.7962
vn 0.2108 0.4689 -0.8577
vn 0.1164 0.5939 -0.7960
vn 0.7745 0.4587 -0.4355
vn 0.5733 0.6298 0.5241
vn 0.8635 0.3137 -0.3950
vn 0.2458 0.0491 -0.9681
vn 0.7537 0.6218 0.2131
vn 0.2313 0.9572 0.1740
vn 0.9728 0.2267 -0.0487
vn 0.6259 0.7780 -0.0540
vn -0.1277 0.9903 -0.0549
vn 0.8402 0.5406 -0.0419
vn -0.5748 -0.5161 -0.6350
vn 0.8372 -0.5191 0.1719
vn 0.7679 0.6249 0.1407
vn -0.0054 -0.2366 -0.9716
vn 0.2608 0.8503 -0.4571
vn 0.6201 -0.7746 -0.1246
vn 0.7623 0.3491 -0.5450
vn 0.4972 0.8622 -0.0967
vn 0.3947 0.8941 0.2116
vn 0.6399 0.7494 0.1699
vn 0.2112 0.1621 0.9639
vn 0.6716 0.3995 0.6239
vn 0.7329 0.2002 0.6502
vn 0.2202 0.4287 0.8762
vn 0.7059 0.5201 0.4808
vn 0.1261 0.0906 0.9879
vn 0.8771 0.3870 0.2844
vn 0.7330 0.6802 -0.0086
vn 0.1512 0.3565 0.9220
vn 0.5270 0.4287 0.7338
vn -0.2883 -0.5545 -0.7806
vn -0.3035 0.2823 -0.9101
vn 0.9612 0.2234 -0.1617
vn 0.8083 0.4904 0.3258
vn 0.8173 0.4753 0.3258
vn 0.0353 -0.3236 -0.9455
vn -0.7447 0.6664 -0.0364
vn -0.8474 -0.4596 -0.2659
vn -0.7665 -0.5056 -0.3960
vn -0.3396 -0.9248 -0.1715
vn -0.7865 0.6154 0.0525
vn -0.9568 0.2906 -0.0050
vn -0.5418 -0.8232 -0.1700
vn -0.1461 -0.9789 -0.1426
vn -0.1466 0.9353 0.3220
vn -0.1678 0.6485 -0.7425
vn -0.1490 0.7253 -0.6721
vn -0.3601 -0.0885 -0.9287
vn 0.0577 -0.8942 -0.4440
vn -0.2524 -0.5028 -0.8267
vn 0.0199 -0.7611 -0.6483
vn -0.4674 -0.1283 -0.8747
vn -0.3667 0.5399 -0.7576
vn -0.5232 0.5283 -0.6687
vn -0.1222 -0.6309 -0.7662
vn -0.0660 -0.1297 -0.9894
vn 0.0074 -0.4370 -0.8994
vn -0.0139 -0.5246 -0.8513
vn 0.0177 -0.8625 -0.5058
vn -0.0235 -0.4212 -0.9067
vn -0.2461 0.5098 -0.8243
vn -0.8242 0.5270 -0.2073
vn -0.3714 -0.1149 -0.9213
vn 0.0488 -0.9610 -0.2721
vn -0.0422 -0.9641 -0.2623
vn -0.2668 0.7678 -0.5825
vn -0.2347 0.7904 -0.5658
vn -0.3254 0.7441 -0.5835
vn -0.2801 -0.4575 -0.8439
vn -0.5357 0.1530 -0.8304
vn -0.8269 0.5610 0.0392
vn -0.6112 0.7844 0.1052
vn -0.6152 0.7789 0.1217
vn -0.4799 0.8683 0.1258
vn -0.0619 0.6559 -0.7523
vn -0.0533 0.7405 -0.6699
vn -0.9085 0.0631 -0.4130
vn -0.9694 -0.0607 -0.2378
vn -0.8100 0.5859 -0.0237
vn -0.6866 0.5754 -0.4444
vn -0.8756 0.0820 -0.4760
vn -0.2622 -0.0132 -0.9649
vn -0.3436 -0.8174 -0.4623
vn -0.1970 -0.8822 -0.4276
vn -0.1240 -0.9158 -0.3821
vn -0.1352 -0.9140 -0.3826
vn -0.1251 -0.9158 -0.3817
vn -0.6503 0.7512 0.1129
vn -0.6586 0.7488 0.0746
vn -0.6338 0.7724 -0.0415
vn -0.0747 -0.8320 -0.5497
vn -0.4165 -0.5841 -0.6967
vn -0.2131 0.5984 -0.7723
vn -0.1086 0.7144 -0.6913
vn -0.0998 0.8228 -0.5595
vn -0.1501 0.8555 -0.4956
vn -0.0254 0.6888 -0.7245
vn 0.1337 -0.8874 -0.4411
vn -0.3115 -0.7364 -0.6005
vn -0.1178 -0.7879 -0.6045
vn 0.0093 -0.8908 -0.4542
vn -0.3279 -0.5085 -0.7962
vn -0.3175 -0.5103 -0.7992
vn -0.2740 -0.7863 -0.5538
vn -0.0776 -0.8740 -0.4797
vn -0.0368 -0.9653 -0.2584
vn -0.0129 -0.9665 -0.2565
vn -0.5976 0.7681 0.2300
vn -0.1024 0.9418 0.3202
vn 0.1973 0.5638 -0.8020
vn 0.0247 0.8814 -0.4717
vn -0.0027 0.9908 0.1352
vn -0.1151 0.9138 0.3895
vn -0.2182 0.9157 0.3376
vn -0.0353 -0.9992 -0.0203
vn 0.1054 0.6976 -0.7087
vn 0.1223 0.8429 -0.5240
vn -0.2003 0.9206 -0.3352
vn -0.0038 -0.9012 -0.4334
vn -0.1360 -0.9136 -0.3832
vn -0.1791 -0.9762 0.1225
vn -0.3606 -0.9237 0.1293
vn -0.6065 -0.7950 -0.0115
vn -0.8165 -0.5410 -0.2017
vn -0.8487 -0.5262 -0.0533
vn -0.9594 -0.2786 0.0440
vn -0.9581 0.2863 0.0124
vn -0.7309 0.6671 -0.1441
vn -0.6248 0.7630 -0.1657
vn -0.8293 0.5577 -0.0346
vn -0.6822 0.7041 0.1971
vn -0.1223 0.4985 -0.8582
vn -0.0146 -0.9860 0.1660
vn 0.6605 0.4013 -0.6346
vn -0.7685 -0.6092 0.1957
vn 0.8871 0.1362 0.4411
vn 0.4998 0.8652 -0.0408
vn -0.2589 0.4099 0.8746
vn 0.5969 0.4010 0.6949
vn 0.1367 0.9298 0.3418
vn 0.5462 0.8141 0.1973
vn 0.7293 0.6683 0.1469
vn 0.4862 -0.8724 -0.0504
vn 0.9565 0.2894 -0.0371
vn -0.7923 0.4774 -0.3799
vn -0.4493 0.4476 -0.7732
vn -0.2679 0.9153 -0.3009
vn -0.9848 0.0456 0.1679
vn -0.9852 0.0537 0.1627
vn -0.9847 0.0441 0.1685
vn -0.9134 0.0823 0.3987
vn -0.7887 0.2072 0.5788
vn -0.8366 0.1849 0.5156
vn -0.6863 0.2187 0.6937
vn -0.6080 0.1983 0.7688
vn -0.4613 0.2597 0.8484
vn -0.1416 0.4229 0.8950
vn -0.1879 0.9325 0.3085
vn -0.5782 0.7163 0.3906
vn -0.7268 0.6390 0.2520
vn -0.8109 0.5570 0.1795
vn -0.8712 0.4647 0.1586
vn -0.0956 0.0687 0.9930
vn -0.3021 -0.1049 0.9475
vn -0.4452 -0.0191 0.8953
vn -0.6310 0.1429 0.7625
vn -0.7288 0.1842 0.6595
vn -0.7869 0.1236 0.6046
vn -0.8053 0.1429 0.5754
vn -0.7407 0.1126 0.6624
vn -0.9011 0.0318 0.4325
vn -0.9853 0.0554 0.1615
vn -0.9868 0.0498 0.1539
vn -0.4420 0.8802 -0.1729
vn -0.5220 0.8327 -0.1847
vn -0.7214 0.6894 -0.0655
vn -0.8239 0.5529 0.1242
vn -0.9033 0.3984 0.1591
vn -0.9304 0.3545 -0.0933
vn -0.9146 0.3945 0.0890
vn -0.9159 0.3916 0.0882
vn -0.9147 0.3942 0.0889
vn -0.8366 0.4820 0.2604
vn -0.8614 0.4932 -0.1212
vn -0.7793 0.6241 0.0554
vn -0.7447 0.6490 0.1557
vn -0.2200 0.1304 0.9667
vn -0.3456 0.2215 0.9119
vn -0.4737 0.3093 0.8246
vn -0.6441 0.2929 0.7066
vn -0.7351 0.1930 0.6499
vn -0.7787 0.1800 0.6011
vn -0.8080 0.1777 0.5617
vn -0.7803 0.0786 0.6205
vn -0.8440 0.0572 0.5333
vn -0.9108 -0.1205 0.3950
vn -0.7374 -0.5069 0.4465
vn -0.8318 -0.3015 0.4661
vn -0.6932 -0.1752 0.6991
vn -0.8850 0.2074 0.4169
vn -0.7888 0.2111 0.5773
vn -0.6108 0.0568 0.7897
vn -0.5392 0.0819 0.8382
vn -0.4495 0.1901 0.8728
vn -0.3492 0.3341 0.8755
vn -0.2891 0.3751 0.8807
vn -0.1761 0.3721 0.9113
vn -0.0636 0.0649 0.9959
vn -0.1896 0.1452 0.9711
vn -0.1245 -0.0191 0.9920
vn -0.1255 0.8501 0.5115
vn -0.3791 0.2026 0.9029
vn -0.6669 0.6833 0.2973
vn -0.2213 0.6951 0.6840
vn -0.5504 0.5120 0.6595
vn -0.6991 0.3152 0.6418
vn -0.7799 0.3623 0.5105
vn -0.9210 0.3877 0.0386
vn -0.7780 0.6281 -0.0120
vn -0.8459 0.5333 -0.0004
vn -0.9432 0.3321 0.0022
vn -0.9687 0.2422 0.0540
vn -0.9492 0.3070 0.0691
vn -0.8337 0.5206 0.1840
vn -0.6979 0.7161 -0.0090
vn -0.5678 0.7788 0.2667
vn -0.6491 0.6639 0.3714
vn -0.7094 0.6674 0.2265
vn -0.7966 0.5829 0.1599
vn -0.7387 0.6461 0.1921
vn -0.7320 0.6401 0.2334
vn -0.8565 0.5013 0.1230
vn -0.8912 0.4428 0.0981
vn -0.9140 0.3834 0.1330
vn -0.8987 0.2436 0.3646
vn -0.7921 0.6023 0.0994
vn -0.7219 0.1695 0.6709
vn -0.8494 0.2073 0.4853
vn -0.7612 0.5788 0.2925
vn -0.8540 0.4301 0.2929
vn -0.8875 0.3344 0.3171
vn -0.9761 0.1603 0.1465
vn -0.9416 0.3334 0.0469
vn -0.9524 0.3000 0.0540
vn -0.9648 0.2510 0.0783
vn -0.9648 0.2614 0.0284
vn -0.9685 0.2446 0.0477
vn -0.9842 0.1752 0.0258
vn -0.9780 0.2083 0.0090
vn -0.9931 0.0730 0.0923
vn -0.9877 0.1525 0.0343
vn -0.9875 0.0845 0.1331
vn -0.9932 0.0487 0.1056
vn -0.9879 0.1406 0.0661
vn -0.9825 0.1849 0.0243
vn -0.9568 0.2897 0.0255
vn -0.1735 0.9828 -0.0633
vn -0.4694 0.8791 -0.0821
vn -0.7338 0.6712 0.1048
vn -0.7850 0.6156 0.0693
vn -0.8125 0.5789 0.0691
vn -0.9301 0.3643 0.0470
vn -0.9161 0.3912 0.0881
vn -0.8333 0.5525 0.0215
vn -0.8230 0.4543 0.3410
vn -0.9471 0.3009 0.1112
vn -0.2372 0.9258 -0.2942
vn -0.1259 0.9581 -0.2573
vn -0.1478 -0.1938 0.9698
vn 0.4132 0.6733 0.6131
vn 0.1590 -0.8129 -0.5603
vn 0.2121 0.7255 0.6547
vn 0.6366 0.7690 0.0580
vn 0.0896 0.9950 -0.0445
vn 0.8792 0.3762 -0.2925
vn 0.3560 0.6491 0.6723
vn 0.2278 0.7618 0.6065
vn 0.5759 0.7896 -0.2117
vn 0.0811 0.9949 0.0602
vn 0.3048 0.9490 0.0805
vn 0.4309 0.8833 0.1847
vn -0.3272 -0.8370 -0.4386
vn 0.9600 0.2595 -0.1052
vn 0.8672 0.4947 -0.0572
vn 0.1405 0.5623 -0.8149
vn -0.0788 -0.8906 0.4480
vn -0.4552 -0.8804 0.1329
vn 0.7073 0.5454 0.4498
vn 0.8692 0.2742 -0.4114
vn 0.8376 0.1374 -0.5287
vn 0.7089 0.7053 0.0033
vn 0.2822 0.4908 -0.8243
vn -0.3480 0.8407 0.4148
vn -0.5025 -0.8135 0.2928
vn -0.6039 -0.7709 0.2026
vn -0.6419 -0.6343 0.4309
vn 0.0341 0.8882 -0.4582
vn -0.0286 -0.9995 -0.0147
vn 0.9372 0.0923 -0.3363
vn 0.7084 0.4997 -0.4984
vn -0.6043 -0.6545 0.4544
vn 0.6978 0.6413 -0.3191
vn 0.3036 0.5938 0.7451
vn -0.0497 0.2151 -0.9753
vn -0.4374 -0.5661 0.6987
vn 0.0585 -0.9832 0.1731
vn 0.1742 0.3699 -0.9126
vn 0.5670 0.6077 0.5560
vn -0.5947 0.3436 -0.7268
vn -0.2579 0.2107 -0.9429
vn 0.9276 0.3540 -0.1191
vn 0.8848 0.4651 0.0293
vn -0.6114 -0.7448 0.2674
vn -0.5337 -0.7402 -0.4090
vn 0.6339 0.7515 0.1826
vn -0.8798 -0.4281 0.2065
vn -0.9904 0.0392 0.1323
vn -0.8151 -0.3172 0.4848
vn -0.9397 -0.3102 0.1441
vn -0.9372 -0.2330 0.2596
vn -0.7250 0.6311 -0.2760
vn -0.6068 0.6834 -0.4060
vn -0.3605 0.9005 0.2432
vn -0.3621 0.9144 0.1811
vn -0.3932 0.8847 0.2504
vn -0.3973 0.7934 0.4612
vn -0.4755 0.8033 0.3586
vn 0.0556 -0.1945 -0.9793
vn 0.2071 -0.7026 0.6808
vn -0.1020 0.4940 -0.8634
vn 0.2607 -0.0860 -0.9616
vn -0.4591 0.7827 0.4203
vn -0.4350 0.8457 0.3092
vn -0.6147 0.6969 -0.3696
vn -0.6088 0.7729 -0.1788
vn -0.4278 0.8168 -0.3870
vn -0.4638 0.8304 -0.3087
vn -0.2913 0.8878 -0.3563
vn -0.3614 0.8474 -0.3891
vn -0.2961 0.8757 -0.3815
vn -0.3686 0.9235 -0.1062
vn -0.3606 0.8833 -0.2995
vn -0.6111 0.6892 -0.3893
vn -0.7488 0.6113 -0.2562
vn 0.6984 0.5301 0.4808
vn 0.5293 0.8404 0.1164
vn 0.7753 -0.5209 -0.3572
vn 0.5184 -0.8496 0.0975
vn -0.4280 -0.8620 -0.2716
vn 0.3200 -0.9174 -0.2366
vn -0.4069 -0.7565 0.5120
vn 0.7334 0.5271 0.4294
vn 0.5650 0.8039 -0.1859
vn 0.9330 0.1857 0.3082
vn -0.4052 -0.1925 0.8937
vn -0.0209 -0.0280 0.9994
vn 0.5948 0.6721 0.4410
vn 0.0369 0.7907 -0.6111
vn 0.5510 0.6287 -0.5487
vn 0.5958 0.6617 -0.4551
vn 0.6665 0.5257 -0.5286
vn 0.9218 0.1672 0.3498
vn 0.7083 0.5129 -0.4851
vn -0.0907 0.7150 0.6932
vn 0.5744 0.7732 -0.2686
vn 0.7568 0.4455 0.4783
vn 0.3808 0.7175 0.5832
vn -0.0328 0.4417 0.8966
vn 0.4849 0.7806 0.3944
vn 0.1379 0.9269 0.3491
vn 0.3977 0.7763 0.4890
vn 0.6703 0.5540 0.4937
vn 0.0179 0.1581 -0.9873
vn -0.4016 0.9150 -0.0392
vn -0.4657 0.8835 0.0512
vn -0.7197 0.5357 0.4418
vn -0.5998 0.4666 0.6501
vn -0.4918 0.4909 0.7191
vn -0.2047 -0.0326 0.9783
vn -0.3711 0.5616 -0.7395
vn -0.7399 0.3521 -0.5732
vn -0.8161 0.1033 -0.5686
vn -0.9217 0.3687 -0.1202
vn -0.7642 0.6190 -0.1812
vn -0.8038 0.5860 -0.1023
vn -0.7169 0.6572 -0.2326
vn -0.3487 0.3490 0.8698
vn -0.1913 -0.4984 0.8456
vn -0.1222 -0.8397 0.5291
vn -0.0963 0.7662 -0.6353
vn -0.3642 0.8999 0.2397
vn -0.0926 0.0534 -0.9943
vn 0.1101 0.7857 -0.6088
vn 0.4767 0.6005 0.6420
vn -0.3825 0.5643 -0.7316
vn -0.4023 0.4751 0.7826
vn 0.5222 0.7517 -0.4028
vn 0.9578 0.2861 0.0275
vn 0.1096 -0.1233 0.9863
vn -0.2058 -0.7363 -0.6446
vn -0.1418 -0.8627 -0.4854
vn -0.1792 0.8075 0.5620
vn -0.3674 0.9130 0.1774
vn -0.5093 0.8095 -0.2923
vn -0.4374 0.7222 -0.5358
vn -0.1709 0.9718 -0.1625
vn -0.2103 0.9334 0.2906
vn 0.0952 0.9647 -0.2457
vn -0.0276 0.6824 -0.7305
vn -0.3916 0.5695 0.7227
vn -0.3892 0.7738 0.4998
vn 0.0735 -0.1325 0.9884
vn -0.1230 0.7251 -0.6776
vn -0.0619 0.4103 0.9098
vn -0.1300 -0.5167 -0.8462
vn -0.2024 -0.5020 -0.8408
vn -0.1474 -0.9552 0.2567
vn -0.0983 -0.9947 -0.0304
vn -0.7231 -0.5769 -0.3799
vn 0.8435 0.5043 0.1849
vn -0.4032 0.3220 0.8566
vn -0.3291 0.1979 0.9233
vn -0.3558 0.9213 -0.1568
vn -0.6822 -0.6490 0.3369
vn 0.5682 0.7883 0.2359
vn 0.5699 -0.2742 -0.7746
vn -0.0065 0.8879 -0.4601
vn -0.1226 -0.9232 -0.3641
vn -0.0341 -0.9974 -0.0629
vn -0.4177 0.6331 -0.6516
vn 0.1674 -0.9149 0.3673
vn -0.5441 -0.7616 -0.3520
vn -0.1142 0.7461 -0.6559
vn 0.2051 -0.6993 0.6848
vn -0.1595 -0.9065 0.3909
vn -0.1157 -0.9002 0.4198
vn -0.1971 0.9121 -0.3594
vn 0.0979 -0.2718 0.9574
vn 0.0825 -0.6104 -0.7878
vn -0.1256 -0.7481 0.6516
vn -0.0503 0.4078 -0.9117
vn 0.6632 0.7414 -0.1025
vn -0.1966 0.8338 0.5158
vn 0.9170 0.3673 0.1557
vn 0.3853 0.8087 -0.4446
vn -0.0424 0.8829 -0.4677
vn 0.0495 0.7971 -0.6018
vn -0.0834 0.8328 0.5472
vn -0.0473 0.9147 -0.4014
vn -0.0524 0.7338 0.6773
vn -0.3611 0.7325 -0.5772
vn -0.3677 0.7057 -0.6056
vn 0.7344 0.6567 -0.1714
vn -0.1222 0.9660 -0.2277
vn -0.6318 -0.7303 0.2600
vn 0.0195 0.0734 -0.9971
vn -0.0710 0.4989 -0.8637
vn 0.3406 -0.4379 0.8320
vn -0.0444 0.8357 -0.5473
vn -0.1468 -0.5445 -0.8258
vn -0.5774 -0.6920 -0.4332
vn 0.8715 0.4652 0.1553
vn -0.1668 0.8275 0.5362
vn -0.3652 0.8157 0.4486
vn -0.5152 0.6590 0.5479
vn 0.8993 0.3907 0.1966
vn 0.2538 0.9379 0.2363
vn 0.4291 0.8909 -0.1488
vn -0.8261 0.4211 -0.3745
vn -0.6871 0.6228 -0.3741
vn -0.9250 0.1876 -0.3304
vn -0.8425 0.3396 -0.4181
vn -0.8245 0.3675 -0.4303
vn -0.8493 0.2629 -0.4578
vn -0.8029 0.3623 -0.4734
vn -0.8411 0.2278 -0.4906
vn 0.9121 0.3722 0.1716
vn 0.9069 0.3640 0.2123
vn 0.0813 0.9273 -0.3655
vn 0.4661 0.8813 -0.0783
vn -0.6547 0.5996 -0.4602
vn -0.6603 0.7198 -0.2140
vn -0.6485 0.7542 0.1028
vn -0.7200 0.4532 0.5255
vn -0.5095 0.6202 0.5965
vn -0.5861 0.7304 0.3508
vn -0.5346 0.4504 0.7151
vn -0.8312 0.3734 0.4120
vn -0.8584 0.4850 0.1673
vn -0.8248 0.5298 0.1976
vn -0.5746 0.1969 0.7944
vn -0.6196 0.3190 0.7171
vn -0.5957 0.4925 0.6345
vn -0.7269 0.6588 0.1939
vn -0.5725 0.8158 0.0819
vn -0.7892 0.5555 0.2617
vn -0.7229 0.5632 0.4003
vn -0.7588 0.2710 -0.5923
vn -0.7404 0.3986 -0.5412
vn -0.6605 0.4711 0.5846
vn -0.4541 0.8415 0.2928
vn 0.1771 0.8134 0.5541
vn 0.6401 0.7016 -0.3132
vn -0.0027 0.9285 -0.3714
vn -0.5109 0.6848 -0.5197
vn 0.2328 0.9488 0.2134
vn 0.2189 0.9631 -0.1564
vn -0.5915 0.6495 -0.4778
vn -0.0952 0.9496 -0.2988
vn 0.1573 0.9636 -0.2159
vn -0.6286 0.7328 -0.2604
vn -0.5453 0.2795 0.7903
vn 0.6263 0.7793 0.0216
vn 0.7592 0.6219 0.1922
vn 0.6944 0.0811 0.7150
vn 0.0535 -0.0646 0.9965
vn 0.7413 0.6590 0.1276
vn 0.9600 0.2674 0.0835
vn 0.4912 0.8621 -0.1242
vn 0.2522 0.9101 -0.3288
vn 0.9468 0.2520 0.2004
vn 0.1834 0.0611 -0.9811
vn 0.3109 0.4428 0.8410
vn 0.1187 -0.9401 0.3197
vn 0.1676 -0.9850 -0.0409
vn 0.1241 0.1866 0.9746
vn 0.5896 0.7177 -0.3704
vn 0.3664 0.9094 -0.1969
vn -0.1270 -0.4965 0.8587
vn 0.2378 0.8637 0.4443
vn 0.3264 0.7682 0.5507
vn -0.0258 0.0567 -0.9981
vn 0.1611 0.8509 0.5000
vn -0.1160 -0.1294 0.9848
vn 0.1978 -0.8948 -0.4003
vn -0.1689 0.9669 -0.1912
vn 0.1968 0.5996 0.7758
vn 0.1730 0.3752 0.9107
vn -0.0081 -0.4482 0.8939
vn 0.1924 -0.3619 -0.9121
vn 0.4705 0.7754 0.4211
vn 0.6345 0.5876 0.5020
vn 0.5771 0.7182 -0.3888
vn 0.5610 0.7069 -0.4309
vn 0.8428 0.2990 -0.4476
vn 0.1017 0.8175 0.5668
vn 0.3121 0.9069 -0.2830
vn 0.9097 0.4005 0.1094
vn 0.7383 0.6683 -0.0916
vn 0.3351 0.8696 -0.3627
vn 0.9475 0.3059 0.0931
vn 0.9417 -0.1323 0.3093
vn -0.3491 0.6840 0.6405
vn -0.2193 0.7838 0.5810
vn 0.0714 0.9662 0.2478
vn -0.1241 0.9852 0.1181
vn 0.4888 0.8722 0.0199
vn 0.3876 0.9044 0.1785
vn -0.0057 0.6748 0.7380
vn 0.0680 0.7374 0.6720
vn -0.0216 0.8100 -0.5860
vn 0.1073 -0.8362 0.5379
vn -0.0557 0.6223 0.7808
vn -0.1224 0.5969 0.7929
vn -0.0531 0.8958 -0.4412
vn -0.0252 0.8830 -0.4687
vn 0.0264 0.9959 0.0867
vn -0.1461 0.2721 0.9511
vn -0.1721 0.3027 0.9374
vn -0.2175 0.3260 0.9200
vn 0.2939 0.8430 -0.4506
vn 0.0516 -0.8747 0.4819
vn 0.0051 -0.7098 0.7044
vn -0.0094 0.4110 -0.9116
vn 0.0938 -0.9879 -0.1231
vn 0.1874 -0.9608 -0.2045
vn -0.1038 0.8383 -0.5353
vn 0.1701 0.9749 -0.1437
vn 0.0664 -0.9227 0.3797
vn 0.3668 0.6696 -0.6458
vn 0.1470 0.8255 0.5449
vn -0.0315 0.8378 0.5451
vn 0.1264 0.0037 -0.9920
vn 0.6094 0.6884 -0.3934
vn 0.7329 0.5476 -0.4037
vn 0.3898 0.8462 -0.3633
vn -0.1250 0.9158 0.3817
vn 0.7112 0.4865 -0.5074
vn -0.8298 0.3020 -0.4694
vn -0.0259 0.9239 -0.3818
vn -0.0167 0.9992 -0.0360
vn -0.2318 0.9566 0.1765
vn -0.3409 0.8484 -0.4050
vn 0.8664 0.3002 -0.3990
vn -0.0882 0.8575 -0.5068
vn 0.3007 0.8420 -0.4478
vn -0.0605 0.8086 -0.5853
vn 0.5700 0.6778 -0.4645
vn -0.3101 0.8244 -0.4735
vn -0.3470 0.8847 -0.3113
vn -0.3830 0.5546 -0.7387
vn -0.3634 0.6428 -0.6744
vn -0.3376 0.7888 -0.5136
vn -0.3950 0.7523 -0.5273
vn -0.3864 0.1662 -0.9072
vn -0.3357 0.4507 -0.8271
vn -0.9254 0.2175 -0.3103
vn -0.9576 0.0989 -0.2705
vn -0.7330 0.5745 -0.3643
vn -0.8619 0.4364 -0.2584
vn -0.1239 0.6738 0.7285
vn -0.5821 0.6918 -0.4273
vn -0.1478 0.8056 -0.5738
vn -0.4460 0.7332 -0.5133
vn -0.4276 0.8563 -0.2899
vn -0.2865 0.9498 -0.1255
vn -0.2866 0.7964 -0.5325
vn -0.8013 0.5635 -0.2008
vn -0.8659 0.3719 -0.3347
vn -0.9221 0.2570 -0.2893
vn -0.8096 0.2984 -0.5055
vn -0.7053 0.3501 -0.6164
vn -0.2990 0.6812 0.6683
vn -0.5716 0.6874 0.4481
vn 0.2439 0.8239 -0.5116
vn -0.6300 0.4252 -0.6499
vn -0.4039 0.7535 -0.5187
vn -0.5185 0.7704 -0.3710
vn -0.4571 0.8392 -0.2946
vn -0.4375 0.8458 -0.3053
vn -0.6113 0.7071 -0.3556
vn -0.5737 0.7157 -0.3982
vn -0.2893 0.9126 -0.2889
vn -0.3088 0.8633 -0.3991
vn 0.7887 0.5267 0.3172
vn 0.0233 0.1920 0.9811
vn -0.7551 0.5362 -0.3772
vn -0.7935 0.5700 -0.2131
vn -0.9344 0.3552 -0.0271
vn -0.8065 0.5849 0.0862
vn 0.5332 0.7930 -0.2946
vn -0.3352 -0.1805 -0.9247
vn -0.3114 -0.1465 -0.9389
vn 0.4380 0.2757 0.8557
vn -0.5689 0.2344 -0.7883
vn -0.5402 0.4362 -0.7197
vn -0.2955 -0.1530 -0.9430
vn -0.2356 -0.1967 -0.9517
vn -0.6803 0.5893 -0.4358
vn -0.0338 0.6209 0.7832
vn 0.4021 0.5753 -0.7123
vn 0.3325 0.7140 -0.6161
vn 0.4832 0.7732 0.4107
vn 0.8730 0.4632 0.1525
vn 0.8090 0.3597 -0.4648
vn 0.3638 0.8824 -0.2983
vn -0.0101 0.9423 -0.3345
vn 0.7998 0.3953 0.4518
vn -0.0979 0.9951 0.0098
vn 0.0006 0.9949 -0.1006
vn 0.3818 0.8403 -0.3849
vn 0.2372 0.9143 -0.3282
vn 0.4192 0.8254 -0.3781
vn 0.7488 0.3645 -0.5535
vn 0.5894 0.7504 0.2991
vn 0.6722 0.3487 0.6531
vn 0.7904 0.4495 -0.4163
vn 0.7962 0.4426 -0.4126
vn 0.6468 0.2103 0.7331
vn 0.5410 0.8367 -0.0853
vn 0.4276 0.7754 -0.4647
vn 0.7071 0.6215 0.3372
vn 0.3497 0.6684 -0.6565
vn 0.7372 0.6095 -0.2916
vn 0.4358 0.5954 -0.6750
vn 0.0060 0.9523 0.3050
vn 0.8794 0.3118 -0.3599
vn 0.6509 0.4710 0.5954
vn -0.2275 0.4901 0.8415
vn 0.8358 0.3945 -0.3818
vn -0.2926 0.8442 -0.4492
vn 0.1633 0.9719 -0.1697
vn 0.6756 0.6723 0.3026
vn 0.8323 0.5041 0.2305
vn 0.9019 0.3938 0.1776
vn 0.8582 0.4886 0.1573
vn 0.8898 0.4390 0.1244
vn -0.6917 0.7198 -0.0585
vn -0.6044 0.7743 -0.1877
vn -0.3413 0.9389 0.0448
vn -0.3286 0.9431 0.0508
vn 0.0295 0.9888 0.1465
vn 0.1096 0.9856 0.1291
vn -0.1374 0.9173 0.3738
vn 0.2378 0.8720 -0.4279
vn 0.1229 0.8683 -0.4805
vn 0.8046 0.5931 0.0303
vn 0.5168 0.3837 -0.7653
vn -0.3139 0.7993 0.5124
vn -0.6315 0.7172 0.2946
vn -0.7352 0.6302 0.2496
vn -0.6668 0.7022 0.2496
vn -0.7725 0.6191 0.1413
vn -0.4533 0.8469 0.2780
vn -0.6750 0.7086 0.2053
vn -0.5348 0.7838 0.3155
vn -0.5378 0.7726 0.3373
vn -0.6077 0.7150 -0.3455
vn -0.5446 0.7692 -0.3343
vn -0.2858 0.8588 -0.4253
vn 0.4630 0.8236 0.3276
vn 0.4668 0.8515 0.2388
vn 0.5702 0.7891 0.2285
vn 0.6030 0.7015 -0.3799
vn 0.5005 -0.1831 -0.8461
vn 0.4669 0.1903 -0.8636
vn 0.5893 0.7966 -0.1343
vn 0.1602 0.9814 -0.1055
vn -0.1499 0.8668 -0.4756
vn -0.1430 0.9896 0.0182
vn 0.3362 0.9245 0.1796
vn 0.5532 0.8323 -0.0347
vn 0.3719 -0.1583 -0.9147
vn 0.5253 0.7882 -0.3207
vn 0.1216 0.8468 -0.5178
vn -0.5188 0.8519 -0.0712
vn -0.6751 0.7318 -0.0929
vn -0.3459 0.9370 -0.0488
vn -0.6458 0.7330 -0.2136
vn -0.3330 0.9372 -0.1033
vn -0.4981 0.8520 -0.1613
vn -0.5954 0.7342 -0.3263
vn -0.3078 0.9383 -0.1577
vn -0.4598 0.8534 -0.2454
vn -0.5220 0.7378 -0.4280
vn -0.2761 0.9399 -0.2009
vn -0.4296 0.7425 -0.5139
vn -0.2308 0.9422 -0.2429
vn -0.3355 0.8598 -0.3849
vn -0.3234 0.7484 -0.5790
vn -0.1818 0.9449 -0.2723
vn -0.2577 0.8645 -0.4316
vn -0.2049 0.7546 -0.6234
vn -0.1276 0.9481 -0.2912
vn -0.1691 0.8693 -0.4645
vn -0.0836 0.7621 -0.6421
vn -0.0841 0.9502 -0.3002
vn -0.0847 0.8734 -0.4795
vn 0.0433 0.7706 -0.6359
vn -0.0129 0.9546 -0.2976
vn 0.0161 0.8795 -0.4756
vn 0.1619 0.7764 -0.6091
vn 0.0288 0.9569 -0.2890
vn 0.0969 0.8833 -0.4587
vn 0.2789 0.7840 -0.5546
vn 0.1938 0.8896 -0.4137
vn 0.3783 0.7901 -0.4823
vn 0.2602 0.8933 -0.3665
vn 0.4641 0.7956 -0.3894
vn 0.1814 0.9669 -0.1796
vn 0.3322 0.8982 -0.2877
vn 0.5280 0.8003 -0.2841
vn 0.2072 0.9684 -0.1387
vn 0.3744 0.9010 -0.2190
vn 0.5712 0.8039 -0.1658
vn 0.2317 0.9701 -0.0725
vn 0.4105 0.9040 -0.1197
vn 0.5886 0.8069 -0.0489
vn 0.2390 0.9704 -0.0352
vn 0.4223 0.9054 -0.0443
vn 0.5893 0.8045 0.0741
vn 0.2366 0.9711 0.0324
vn 0.4183 0.9068 0.0528
vn 0.5642 0.8026 0.1938
vn 0.2295 0.9708 0.0705
vn 0.4012 0.9061 0.1343
vn 0.5125 0.8011 0.3091
vn 0.2050 0.9708 0.1249
vn 0.3631 0.9056 0.2192
vn 0.4383 0.7988 0.4121
vn 0.1746 0.9694 0.1726
vn 0.3137 0.9014 0.2984
vn 0.3517 0.7917 0.4996
vn 0.1388 0.9686 0.2063
vn 0.2469 0.8990 0.3617
vn 0.2367 0.7861 0.5710
vn 0.0709 0.9651 0.2520
vn 0.1598 0.8933 0.4202
vn 0.1175 0.7800 0.6146
vn 0.0266 0.9629 0.2684
vn 0.0702 0.8883 0.4538
vn -0.0090 0.7725 0.6349
vn -0.0605 0.9578 0.2811
vn -0.0328 0.8833 0.4677
vn -0.1350 0.7664 0.6280
vn -0.1014 0.9548 0.2794
vn -0.1246 0.8771 0.4639
vn -0.2573 0.7612 0.5953
vn -0.1713 0.9503 0.2599
vn -0.2166 0.8737 0.4356
vn -0.3669 0.7540 0.5448
vn -0.2089 0.9474 0.2425
vn -0.2901 0.8686 0.4016
vn -0.4674 0.7474 0.4721
vn -0.2564 0.9448 0.2041
vn -0.3677 0.8649 0.3416
vn -0.5523 0.7419 0.3801
vn -0.2865 0.9425 0.1719
vn -0.4221 0.8612 0.2831
vn -0.6177 0.7374 0.2733
vn -0.3190 0.9403 0.1189
vn -0.4771 0.8564 0.1972
vn -0.6577 0.7362 0.1595
vn -0.3383 0.9389 0.0637
vn -0.5076 0.8539 0.1146
vn -0.6814 0.7313 0.0313
vn -0.3471 0.9378 0.0113
vn -0.5223 0.8525 0.0207
vn -0.8453 -0.5213 -0.1171
vn -0.9781 -0.1574 -0.1359
vn -0.9645 0.2290 -0.1319
vn -0.8049 0.5829 -0.1111
vn -0.4165 -0.9072 -0.0592
vn -0.7286 -0.6775 -0.1006
vn -0.9294 -0.3462 -0.1276
vn -0.9900 0.0379 -0.1360
vn -0.9015 0.4145 -0.1242
vn -0.6628 0.7428 -0.0944
vn -0.2318 -0.9722 -0.0342
vn -0.8614 0.4154 -0.2922
vn -0.6343 0.7438 -0.2107
vn -0.5554 -0.8066 -0.2022
vn -0.8054 -0.5197 -0.2852
vn -0.9330 -0.1558 -0.3244
vn -0.9206 0.2307 -0.3152
vn -0.7693 0.5842 -0.2586
vn -0.3952 -0.9064 -0.1490
vn -0.6933 -0.6762 -0.2490
vn -0.8857 -0.3451 -0.3106
vn -0.9446 0.0375 -0.3260
vn -0.7893 0.4188 -0.4490
vn -0.5841 0.7460 -0.3198
vn -0.1947 -0.9706 -0.1414
vn -0.5034 -0.8043 -0.3158
vn -0.7329 -0.5168 -0.4425
vn -0.8516 -0.1523 -0.5015
vn -0.8424 0.2348 -0.4850
vn -0.7056 0.5874 -0.3964
vn -0.3562 -0.9050 -0.2325
vn -0.6302 -0.6730 -0.3872
vn -0.8070 -0.3418 -0.4815
vn -0.8632 0.0415 -0.5031
vn -0.6883 0.4241 -0.5886
vn -0.1617 -0.9690 -0.1870
vn -0.4299 -0.8005 -0.4175
vn -0.6315 -0.5115 -0.5828
vn -0.7372 -0.1467 -0.6595
vn -0.7327 0.2399 -0.6368
vn -0.6160 0.5933 -0.5182
vn -0.3016 -0.9022 -0.3083
vn -0.5413 -0.6687 -0.5098
vn -0.6973 -0.3359 -0.6331
vn -0.5612 0.4310 -0.7066
vn -0.4223 0.7538 -0.5035
vn -0.1193 -0.9667 -0.2262
vn -0.3385 -0.7956 -0.5024
vn -0.5049 -0.5055 -0.6997
vn -0.5951 -0.1393 -0.7915
vn -0.5953 0.2478 -0.7644
vn -0.5043 0.5996 -0.6215
vn -0.4301 -0.6630 -0.6128
vn -0.6067 0.0555 -0.7930
vn -0.4129 0.4394 -0.7978
vn -0.3180 0.7600 -0.5668
vn -0.0696 -0.9640 -0.2567
vn -0.2320 -0.7900 -0.5675
vn -0.3583 -0.4977 -0.7899
vn -0.4299 -0.1298 -0.8935
vn -0.4348 0.2570 -0.8631
vn -0.3755 0.6065 -0.7008
vn -0.1538 -0.8941 -0.4205
vn -0.3009 -0.6558 -0.6923
vn -0.4022 -0.3205 -0.8576
vn -0.4406 0.0646 -0.8954
vn -0.2508 0.4493 -0.8575
vn -0.2031 0.7665 -0.6093
vn -0.0172 -0.9610 -0.2761
vn -0.1148 -0.7835 -0.6106
vn -0.1957 -0.4890 -0.8501
vn -0.2477 -0.1199 -0.9614
vn -0.2596 0.2689 -0.9275
vn -0.2314 0.6156 -0.7533
vn -0.0671 -0.8891 -0.4528
vn -0.1586 -0.6480 -0.7450
vn -0.2265 -0.3101 -0.9233
vn -0.2592 0.0762 -0.9628
vn -0.0795 0.4598 -0.8845
vn -0.0818 0.7734 -0.6286
vn 0.0405 -0.9576 -0.2853
vn 0.0083 -0.7763 -0.6303
vn -0.0238 -0.4786 -0.8777
vn -0.0585 -0.1089 -0.9923
vn -0.0738 0.2800 -0.9572
vn 0.0243 -0.8838 -0.4673
vn -0.0084 -0.6396 -0.7687
vn -0.0381 -0.3004 -0.9531
vn -0.0649 0.0935 -0.9935
vn 0.0937 0.4712 -0.8771
vn 0.0390 0.7809 -0.6234
vn 0.0959 -0.9543 -0.2831
vn 0.1333 -0.7688 -0.6254
vn 0.1492 -0.4681 -0.8710
vn 0.1489 -0.0953 -0.9842
vn 0.0685 0.6334 -0.7708
vn 0.1177 -0.8780 -0.4639
vn 0.1443 -0.6303 -0.7629
vn 0.1479 -0.2886 -0.9459
vn 0.1303 0.1054 -0.9859
vn 0.2620 0.4812 -0.8366
vn 0.1591 0.7886 -0.5939
vn 0.1541 -0.9506 -0.2695
vn 0.3181 -0.4577 -0.8302
vn 0.3341 -0.0827 -0.9389
vn 0.2978 0.3026 -0.9054
vn 0.2167 0.6420 -0.7355
vn 0.2082 -0.8723 -0.4424
vn 0.2923 -0.6205 -0.7276
vn 0.3325 -0.2764 -0.9017
vn 0.3225 0.1104 -0.9401
vn 0.4188 0.4906 -0.7642
vn 0.2693 0.7954 -0.5430
vn 0.2033 -0.9476 -0.2465
vn 0.3685 -0.7535 -0.5445
vn 0.4756 -0.4473 -0.7575
vn 0.5100 -0.0723 -0.8572
vn 0.3549 0.6501 -0.6719
vn 0.2922 -0.8671 -0.4034
vn 0.4987 0.1215 -0.8582
vn 0.5588 0.4994 -0.6621
vn 0.3685 0.8017 -0.4707
vn 0.2519 -0.9444 -0.2114
vn 0.4695 -0.7468 -0.4710
vn 0.6142 -0.4372 -0.6570
vn 0.6666 -0.0624 -0.7428
vn 0.4769 0.6583 -0.5824
vn 0.3674 -0.8624 -0.3483
vn 0.5524 -0.6035 -0.5750
vn 0.6535 -0.2552 -0.7126
vn 0.6555 0.1321 -0.7435
vn 0.6755 0.5074 -0.5349
vn 0.4517 0.8069 -0.3805
vn 0.2900 -0.9418 -0.1701
vn 0.5533 -0.7413 -0.3800
vn 0.7315 -0.4291 -0.5299
vn 0.7982 -0.0533 -0.6001
vn 0.7452 0.3307 -0.5790
vn 0.5796 0.6655 -0.4703
vn 0.4304 -0.8581 -0.2802
vn 0.7797 -0.2457 -0.5759
vn 0.7867 0.1419 -0.6008
vn 0.7658 0.5134 -0.3872
vn 0.5145 0.8115 -0.2768
vn 0.6190 -0.7365 -0.2728
vn 0.8218 -0.4225 -0.3823
vn 0.8998 -0.0458 -0.4338
vn 0.8424 0.3380 -0.4196
vn 0.6585 0.6713 -0.3403
vn 0.4790 -0.8546 -0.2007
vn 0.7344 -0.5905 -0.3346
vn 0.8771 -0.2391 -0.4165
vn 0.8880 0.1488 -0.4350
vn 0.8246 0.5189 -0.2252
vn 0.5559 0.8150 -0.1637
vn 0.3394 -0.9382 -0.0683
vn 0.6622 -0.7328 -0.1565
vn 0.8816 -0.4174 -0.2205
vn 0.9670 -0.0402 -0.2514
vn 0.9070 0.3437 -0.2432
vn 0.5112 -0.8519 -0.1139
vn 0.7868 -0.5866 -0.1921
vn 0.9420 -0.2338 -0.2406
vn 0.9553 0.1541 -0.2522
vn 0.8511 0.5219 -0.0561
vn 0.5748 0.8171 -0.0447
vn 0.3483 -0.9373 -0.0109
vn 0.6815 -0.7311 -0.0333
vn 0.9085 -0.4149 -0.0499
vn 0.9976 -0.0367 -0.0589
vn 0.9365 0.3456 -0.0588
vn 0.7334 0.6778 -0.0510
vn 0.5256 -0.8504 -0.0231
vn 0.8104 -0.5844 -0.0417
vn 0.9715 -0.2306 -0.0549
vn 0.9856 0.1588 -0.0584
vn 0.8459 0.5208 0.1152
vn 0.5707 0.8174 0.0781
vn 0.9019 -0.4141 0.1233
vn 0.9902 -0.0358 0.1349
vn 0.9293 0.3461 0.1289
vn 0.7278 0.6784 0.1001
vn 0.5219 -0.8501 0.0704
vn 0.8051 -0.5829 0.1099
vn 0.9644 -0.2290 0.1322
vn 0.9783 0.1587 0.1332
vn 0.8065 0.5196 0.2822
vn 0.5439 0.8166 0.1933
vn 0.3327 -0.9376 0.1011
vn 0.6478 -0.7310 0.2146
vn 0.8617 -0.4153 0.2916
vn 0.9454 -0.0382 0.3237
vn 0.8861 0.3462 0.3081
vn 0.6928 0.6784 0.2445
vn 0.5002 -0.8510 0.1602
vn 0.7694 -0.5848 0.2570
vn 0.9210 -0.2308 0.3137
vn 0.9335 0.1572 0.3224
vn 0.7341 0.5165 0.4408
vn 0.4944 0.8153 0.3015
vn 0.3085 -0.9387 0.1537
vn 0.5960 -0.7339 0.3257
vn 0.7901 -0.4183 0.4480
vn 0.8083 0.3417 0.4795
vn 0.6313 0.6758 0.3805
vn 0.4611 -0.8527 0.2456
vn 0.8429 -0.2343 0.4843
vn 0.6321 0.5115 0.5821
vn 0.4204 0.8102 0.4084
vn 0.2738 -0.9404 0.2016
vn 0.5225 -0.7379 0.4273
vn 0.6889 -0.4234 0.5884
vn 0.7489 -0.0464 0.6611
vn 0.6978 0.3364 0.6324
vn 0.5407 0.6693 0.5096
vn 0.4063 -0.8561 0.3195
vn 0.6170 -0.5921 0.5184
vn 0.7332 -0.2396 0.6365
vn 0.7372 0.1476 0.6593
vn 0.5041 0.5060 0.6999
vn 0.3310 0.8058 0.4910
vn 0.2343 -0.9426 0.2380
vn 0.4302 -0.7429 0.5129
vn 0.5610 -0.4314 0.7066
vn 0.6070 -0.0539 0.7929
vn 0.5608 0.3296 0.7595
vn 0.4312 0.6628 0.6121
vn 0.3383 -0.8599 0.3824
vn 0.5063 -0.5982 0.6212
vn 0.5950 -0.2466 0.7649
vn 0.5955 0.1400 0.7910
vn 0.3586 0.4983 0.7894
vn 0.2267 0.7999 0.5557
vn 0.1864 -0.9454 0.2674
vn 0.3247 -0.7490 0.5775
vn 0.4128 -0.4384 0.7984
vn 0.4401 -0.0641 0.8957
vn 0.4017 0.3210 0.8577
vn 0.3013 0.6562 0.6919
vn 0.2599 -0.8640 0.4312
vn 0.3756 -0.6063 0.7010
vn 0.4349 -0.2558 0.8634
vn 0.4290 0.1305 0.8938
vn 0.1962 0.4891 0.8499
vn 0.1133 0.7937 0.5977
vn 0.1292 -0.9487 0.2885
vn 0.2075 -0.7557 0.6211
vn 0.2517 -0.4480 0.8579
vn 0.2553 -0.0754 0.9639
vn 0.2253 0.3078 0.9244
vn 0.1602 0.6478 0.7448
vn 0.1724 -0.8691 0.4636
vn 0.2338 -0.6139 0.7540
vn 0.2583 -0.2660 0.9287
vn 0.2437 0.1192 0.9625
vn 0.0257 0.4783 0.8778
vn -0.0073 0.7866 0.6174
vn 0.0758 -0.9519 0.2968
vn 0.0836 -0.7631 0.6409
vn 0.0807 -0.4585 0.8850
vn 0.0592 -0.0859 0.9945
vn 0.0401 0.2961 0.9543
vn 0.0090 0.6393 0.7689
vn 0.0807 -0.8745 0.4783
vn 0.0744 -0.2757 0.9584
vn 0.0531 0.1028 0.9933
vn -0.1471 0.4660 0.8725
vn -0.1316 0.7786 0.6136
vn 0.0157 -0.9555 0.2946
vn -0.0411 -0.7706 0.6360
vn -0.0932 -0.4687 0.8784
vn -0.1253 -0.0963 0.9874
vn -0.1474 0.2852 0.9471
vn -0.1427 0.6303 0.7631
vn -0.0129 -0.8801 0.4746
vn -0.1145 -0.2873 0.9510
vn -0.1400 0.0914 0.9859
vn -0.3155 0.4561 0.8321
vn -0.2500 0.7714 0.5852
vn -0.0367 -0.9587 0.2822
vn -0.1630 -0.7779 0.6069
vn -0.2615 -0.4789 0.8380
vn -0.3176 -0.1085 0.9420
vn -0.3291 0.2750 0.9033
vn -0.2894 0.6217 0.7278
vn -0.1024 -0.8855 0.4532
vn -0.2160 -0.6411 0.7365
vn -0.2948 -0.2997 0.9074
vn -0.4735 0.4467 0.7591
vn -0.3595 0.7648 0.5346
vn -0.0918 -0.9621 0.2568
vn -0.2765 -0.7851 0.5542
vn -0.4178 -0.4886 0.7660
vn -0.4957 -0.1203 0.8601
vn -0.4999 0.2641 0.8248
vn -0.4268 0.6129 0.6650
vn -0.1873 -0.8908 0.4141
vn -0.3541 -0.6499 0.6725
vn -0.4657 -0.3106 0.8287
vn -0.5086 0.0735 0.8579
vn -0.6130 0.4376 0.6578
vn -0.4596 0.7573 0.4640
vn -0.1358 -0.9649 0.2249
vn -0.3767 -0.7914 0.4813
vn -0.5581 -0.4982 0.6636
vn -0.6544 -0.1316 0.7446
vn -0.6520 0.2542 0.7143
vn -0.5511 0.6039 0.5759
vn -0.2620 -0.8954 0.3600
vn -0.4769 -0.6575 0.5833
vn -0.6184 -0.3207 0.7175
vn -0.6657 0.0629 0.7435
vn -0.5435 0.7520 0.3730
vn -0.1756 -0.9675 0.1820
vn -0.4613 -0.7972 0.3893
vn -0.6756 -0.5066 0.5357
vn -0.7864 -0.1406 0.6015
vn -0.7794 0.2458 0.5764
vn -0.6543 0.5960 0.4655
vn -0.3253 -0.8995 0.2915
vn -0.5795 -0.6643 0.4722
vn -0.7451 -0.3296 0.5798
vn -0.8208 0.4229 0.3839
vn -0.6068 0.7479 0.2691
vn -0.2046 -0.9695 0.1348
vn -0.5266 -0.8017 0.2827
vn -0.7657 -0.5127 0.3884
vn -0.8884 -0.1478 0.4345
vn -0.8772 0.2385 0.4167
vn -0.7339 0.5896 0.3373
vn -0.3731 -0.9029 0.2134
vn -0.6591 -0.6698 0.3419
vn -0.8429 -0.3368 0.4196
vn -0.8997 0.0466 0.4341
vn -0.8812 0.4174 0.2220
vn -0.6487 0.7449 0.1560
vn -0.5700 -0.8046 0.1666
vn -0.8250 -0.5177 0.2265
vn -0.9556 -0.1531 0.2516
vn -0.9423 0.2318 0.2414
vn -0.7872 0.5851 0.1950
vn -0.4054 -0.9055 0.1254
vn -0.7113 -0.6738 0.2000
vn -0.9076 -0.3419 0.2436
vn -0.9672 0.0405 0.2507
vn -0.9088 0.4143 0.0503
vn -0.6691 0.7425 0.0317
vn -0.2338 -0.9720 0.0245
vn -0.5893 -0.8068 0.0428
vn -0.8522 -0.5202 0.0555
vn -0.9859 -0.1562 0.0605
vn -0.9718 0.2294 0.0555
vn -0.8110 0.5836 0.0409
vn -0.4201 -0.9068 0.0340
vn -0.7352 -0.6759 0.0508
vn -0.9368 -0.3449 0.0587
vn -0.9976 0.0371 0.0592
vn -0.6328 0.7738 0.0294
vn -0.6144 0.7753 0.1465
vn -0.5738 0.7792 0.2520
vn -0.5154 0.7819 0.3508
vn -0.4365 0.7870 0.4359
vn -0.3426 0.7937 0.5026
vn -0.2403 0.7991 0.5510
vn -0.1283 0.8058 0.5782
vn -0.0108 0.8127 0.5826
vn 0.1032 0.8183 0.5654
vn 0.2096 0.8255 0.5240
vn 0.3070 0.8325 0.4612
vn 0.3908 0.8368 0.3835
vn 0.4595 0.8423 0.2817
vn 0.5057 0.8436 0.1806
vn 0.5322 0.8435 0.0728
vn 0.5376 0.8421 -0.0429
vn 0.5208 0.8394 -0.1553
vn 0.4817 0.8364 -0.2616
vn 0.4221 0.8321 -0.3598
vn 0.3438 0.8269 -0.4450
vn 0.2502 0.8209 -0.5134
vn 0.1460 0.8139 -0.5623
vn 0.0327 0.8073 -0.5892
vn -0.0814 0.8006 -0.5936
vn -0.1956 0.7947 -0.5747
vn -0.3035 0.7887 -0.5347
vn -0.4022 0.7830 -0.4745
vn -0.4873 0.7785 -0.3957
vn -0.5546 0.7754 -0.3020
vn -0.6028 0.7726 -0.1994
vn -0.6279 0.7731 -0.0897
vn -0.5261 0.8484 -0.0578
vn -0.6823 0.7269 -0.0780
vn -0.3532 0.9349 -0.0339
vn -0.6549 0.7282 -0.2023
vn -0.3426 0.9360 -0.0810
vn -0.5063 0.8502 -0.1444
vn -0.6009 0.7319 -0.3214
vn -0.3167 0.9384 -0.1382
vn -0.4663 0.8531 -0.2341
vn -0.5262 0.7360 -0.4260
vn -0.2765 0.9409 -0.1956
vn -0.4094 0.8558 -0.3163
vn -0.4310 0.7431 -0.5119
vn -0.2360 0.9433 -0.2336
vn -0.3380 0.8596 -0.3832
vn -0.3240 0.7489 -0.5780
vn -0.1762 0.9465 -0.2702
vn -0.2552 0.8653 -0.4313
vn -0.1267 0.9490 -0.2886
vn -0.1694 0.8700 -0.4631
vn -0.0836 0.7634 -0.6405
vn -0.0724 0.9524 -0.2960
vn -0.0800 0.8761 -0.4754
vn 0.0400 0.7718 -0.6347
vn -0.0205 0.9556 -0.2941
vn 0.0106 0.8816 -0.4719
vn 0.1626 0.7791 -0.6055
vn 0.0346 0.9586 -0.2828
vn 0.1015 0.8869 -0.4506
vn 0.0856 0.9615 -0.2610
vn 0.1843 0.8920 -0.4127
vn 0.3761 0.7923 -0.4804
vn 0.1352 0.9648 -0.2254
vn 0.2591 0.8964 -0.3596
vn 0.4621 0.7981 -0.3866
vn 0.1793 0.9677 -0.1774
vn 0.3252 0.9008 -0.2879
vn 0.5272 0.8024 -0.2797
vn 0.3731 0.9037 -0.2100
vn 0.5708 0.8053 -0.1603
vn 0.2258 0.9713 -0.0748
vn 0.4062 0.9060 -0.1192
vn 0.5880 0.8079 -0.0394
vn 0.2351 0.9719 -0.0135
vn 0.4179 0.9081 -0.0264
vn 0.5801 0.8099 0.0865
vn 0.2329 0.9718 0.0378
vn 0.4137 0.9081 0.0650
vn 0.5466 0.8112 0.2080
vn 0.2184 0.9711 0.0962
vn 0.3940 0.9063 0.1531
vn 0.5013 0.8077 0.3104
vn 0.1959 0.9701 0.1431
vn 0.3552 0.9044 0.2363
vn 0.4319 0.8052 0.4063
vn 0.1674 0.9690 0.1815
vn 0.3086 0.9034 0.2977
vn 0.3409 0.7974 0.4980
vn 0.1232 0.9672 0.2221
vn 0.2369 0.9006 0.3643
vn 0.2280 0.7914 0.5672
vn 0.0641 0.9639 0.2583
vn 0.1467 0.8956 0.4199
vn 0.1102 0.7846 0.6102
vn 0.0056 0.9601 0.2796
vn 0.0600 0.8903 0.4514
vn -0.0233 0.7799 0.6254
vn -0.0534 0.9564 0.2872
vn -0.0373 0.8837 0.4667
vn -0.1480 0.7709 0.6196
vn -0.1261 0.9504 0.2843
vn -0.1369 0.8761 0.4623
vn -0.2781 0.7675 0.5776
vn -0.1738 0.9469 0.2706
vn -0.2314 0.8680 0.4393
vn -0.3836 0.7591 0.5260
vn -0.2512 0.9390 0.2349
vn -0.3380 0.8573 0.3883
vn -0.4779 0.7512 0.4553
vn -0.2538 0.9392 0.2314
vn -0.3672 0.8536 0.3696
vn -0.5540 0.7421 0.3774
vn -0.3129 0.9349 0.1676
vn -0.4530 0.8475 0.2767
vn -0.6105 0.7384 0.2866
vn -0.3196 0.9343 0.1577
vn -0.4773 0.8466 0.2356
vn -0.6575 0.7342 0.1691
vn -0.3511 0.9336 0.0718
vn -0.5207 0.8454 0.1193
vn -0.6791 0.7323 0.0513
vn -0.3561 0.9334 0.0445
vn -0.5296 0.8468 0.0497
vn -0.8452 -0.5217 -0.1162
vn -0.9781 -0.1569 -0.1366
vn -0.9631 0.2364 -0.1288
vn -0.7997 0.5912 -0.1053
vn -0.4145 -0.9081 -0.0588
vn -0.7281 -0.6781 -0.1000
vn -0.9294 -0.3463 -0.1272
vn -0.9902 0.0482 -0.1314
vn -0.8994 0.4210 -0.1179
vn -0.6599 0.7464 -0.0865
vn -0.2293 -0.9728 -0.0339
vn -0.8604 0.4211 -0.2871
vn -0.6344 0.7464 -0.2011
vn -0.2158 -0.9723 -0.0901
vn -0.5543 -0.8078 -0.2007
vn -0.8050 -0.5208 -0.2842
vn -0.9328 -0.1562 -0.3248
vn -0.9196 0.2386 -0.3120
vn -0.7657 0.5923 -0.2509
vn -0.3936 -0.9072 -0.1483
vn -0.6931 -0.6770 -0.2477
vn -0.8856 -0.3454 -0.3105
vn -0.9444 0.0412 -0.3262
vn -0.7892 0.4221 -0.4461
vn -0.5859 0.7490 -0.3093
vn -0.1938 -0.9713 -0.1380
vn -0.5019 -0.8051 -0.3160
vn -0.8508 -0.1533 -0.5026
vn -0.8417 0.2377 -0.4848
vn -0.7056 0.5939 -0.3866
vn -0.3550 -0.9059 -0.2308
vn -0.6290 -0.6746 -0.3864
vn -0.8069 -0.3423 -0.4813
vn -0.8630 0.0435 -0.5033
vn -0.6887 0.4261 -0.5867
vn -0.5145 0.7507 -0.4143
vn -0.1591 -0.9696 -0.1860
vn -0.6315 -0.5126 -0.5817
vn -0.7374 -0.1471 -0.6593
vn -0.7325 0.2429 -0.6360
vn -0.6165 0.5952 -0.5155
vn -0.2998 -0.9031 -0.3073
vn -0.5411 -0.6704 -0.5078
vn -0.6980 -0.3367 -0.6320
vn -0.7493 0.0487 -0.6604
vn -0.5621 0.4333 -0.7045
vn -0.4248 0.7558 -0.4983
vn -0.1176 -0.9674 -0.2244
vn -0.3381 -0.7974 -0.4999
vn -0.5050 -0.5061 -0.6991
vn -0.5955 -0.1397 -0.7911
vn -0.5964 0.2499 -0.7628
vn -0.5072 0.6012 -0.6175
vn -0.4294 -0.6640 -0.6121
vn -0.5610 -0.3301 -0.7592
vn -0.6083 0.0552 -0.7918
vn -0.4153 0.4415 -0.7953
vn -0.3180 0.7623 -0.5638
vn -0.0659 -0.9644 -0.2562
vn -0.2293 -0.7914 -0.5667
vn -0.3580 -0.4992 -0.7891
vn -0.4304 -0.1305 -0.8932
vn -0.4380 0.2588 -0.8609
vn -0.3759 0.6088 -0.6986
vn -0.1515 -0.8950 -0.4196
vn -0.2999 -0.6569 -0.6918
vn -0.4026 -0.3221 -0.8568
vn -0.4435 0.0633 -0.8941
vn -0.2531 0.4525 -0.8551
vn -0.0180 -0.9616 -0.2737
vn -0.1125 -0.7846 -0.6097
vn -0.2493 -0.1191 -0.9611
vn -0.2612 0.2718 -0.9262
vn -0.2345 0.6175 -0.7508
vn -0.0661 -0.8897 -0.4517
vn -0.1567 -0.6495 -0.7440
vn -0.2254 -0.3121 -0.9229
vn -0.2610 0.0750 -0.9624
vn -0.0812 0.4628 -0.8827
vn -0.0863 0.7757 -0.6252
vn 0.0088 -0.7769 -0.6296
vn -0.0235 -0.4794 -0.8773
vn -0.0614 -0.1098 -0.9921
vn -0.0748 0.2824 -0.9564
vn 0.0259 -0.8842 -0.4664
vn -0.0068 -0.6411 -0.7675
vn -0.0378 -0.3016 -0.9527
vn -0.0658 0.0961 -0.9932
vn 0.0925 0.4733 -0.8760
vn 0.0397 0.7834 -0.6203
vn 0.0968 -0.9546 -0.2816
vn 0.1338 -0.7692 -0.6248
vn 0.1487 -0.4687 -0.8708
vn 0.1485 -0.0978 -0.9841
vn 0.1131 0.2933 -0.9493
vn 0.0674 0.6351 -0.7695
vn 0.1179 -0.8788 -0.4624
vn 0.1442 -0.6313 -0.7621
vn 0.1466 -0.2902 -0.9457
vn 0.1305 0.1069 -0.9857
vn 0.2609 0.4826 -0.8361
vn 0.1568 0.7903 -0.5923
vn 0.1558 -0.9510 -0.2669
vn 0.2540 -0.7620 -0.5957
vn 0.3166 -0.4583 -0.8305
vn 0.3336 -0.0860 -0.9388
vn 0.2970 0.3035 -0.9054
vn 0.2150 0.6437 -0.7345
vn 0.2082 -0.8730 -0.4410
vn 0.2914 -0.6216 -0.7271
vn 0.3316 -0.2779 -0.9016
vn 0.3228 0.1117 -0.9399
vn 0.4176 0.4909 -0.7646
vn 0.2653 0.7971 -0.5425
vn 0.2012 -0.9481 -0.2464
vn 0.3672 -0.7546 -0.5438
vn 0.4744 -0.4481 -0.7577
vn 0.5097 -0.0742 -0.8571
vn 0.4670 0.3124 -0.8273
vn 0.2912 -0.8678 -0.4027
vn 0.4291 -0.6125 -0.6638
vn 0.5022 -0.2663 -0.8227
vn 0.4971 0.1207 -0.8592
vn 0.3655 0.8029 -0.4710
vn 0.2510 -0.9448 -0.2104
vn 0.4690 -0.7474 -0.4706
vn 0.6141 -0.4381 -0.6565
vn 0.6664 -0.0636 -0.7429
vn 0.6178 0.3215 -0.7176
vn 0.4749 0.6595 -0.5828
vn 0.3657 -0.8632 -0.3480
vn 0.5518 -0.6044 -0.5747
vn 0.6521 -0.2556 -0.7137
vn 0.6743 0.5073 -0.5367
vn 0.4491 0.8084 -0.3805
vn 0.2893 -0.9422 -0.1690
vn 0.5526 -0.7420 -0.3794
vn 0.7311 -0.4293 -0.5303
vn 0.7978 -0.0544 -0.6005
vn 0.5772 0.6664 -0.4720
vn 0.4297 -0.8588 -0.2790
vn 0.6550 -0.5965 -0.4639
vn 0.7794 -0.2473 -0.5757
vn 0.7862 0.1400 -0.6019
vn 0.7648 0.5137 -0.3889
vn 0.5122 0.8146 -0.2720
vn 0.3206 -0.9399 -0.1178
vn 0.6188 -0.7371 -0.2716
vn 0.8218 -0.4224 -0.3823
vn 0.8998 -0.0478 -0.4336
vn 0.8425 0.3369 -0.4203
vn 0.6569 0.6730 -0.3399
vn 0.4790 -0.8549 -0.1992
vn 0.7342 -0.5910 -0.3341
vn 0.8770 -0.2401 -0.4162
vn 0.8881 0.1477 -0.4354
vn 0.8245 0.5187 -0.2261
vn 0.5534 0.8173 -0.1603
vn 0.6616 -0.7336 -0.1551
vn 0.8819 -0.4170 -0.2198
vn 0.9673 -0.0419 -0.2500
vn 0.9073 0.3421 -0.2446
vn 0.7083 0.6775 -0.1983
vn 0.5106 -0.8522 -0.1146
vn 0.7866 -0.5870 -0.1916
vn 0.9425 -0.2339 -0.2388
vn 0.9555 0.1527 -0.2524
vn 0.8512 0.5220 -0.0551
vn 0.5712 0.8196 -0.0440
vn 0.3476 -0.9376 -0.0087
vn 0.6816 -0.7309 -0.0337
vn 0.9088 -0.4141 -0.0507
vn 0.9977 -0.0379 -0.0555
vn 0.7319 0.6796 -0.0497
vn 0.5253 -0.8506 -0.0230
vn 0.8103 -0.5846 -0.0418
vn 0.9718 -0.2290 -0.0555
vn 0.9863 0.1537 -0.0607
vn 0.8443 0.5231 0.1163
vn 0.5643 0.8212 0.0851
vn 0.6770 -0.7304 0.0906
vn 0.9025 -0.4130 0.1220
vn 0.9908 -0.0353 0.1305
vn 0.9299 0.3451 0.1275
vn 0.7260 0.6801 0.1015
vn 0.5216 -0.8503 0.0697
vn 0.8049 -0.5835 0.1078
vn 0.9650 -0.2280 0.1300
vn 0.9791 0.1532 0.1335
vn 0.8039 0.5224 0.2841
vn 0.6476 -0.7323 0.2106
vn 0.8634 -0.4139 0.2884
vn 0.9465 -0.0364 0.3205
vn 0.8866 0.3441 0.3090
vn 0.6904 0.6793 0.2489
vn 0.5001 -0.8512 0.1595
vn 0.7702 -0.5848 0.2547
vn 0.9224 -0.2312 0.3093
vn 0.9345 0.1552 0.3205
vn 0.7321 0.5193 0.4409
vn 0.4887 0.8181 0.3029
vn 0.3096 -0.9391 0.1495
vn 0.5959 -0.7347 0.3242
vn 0.7919 -0.4176 0.4456
vn 0.8659 -0.0402 0.4987
vn 0.8083 0.3419 0.4793
vn 0.6281 0.6773 0.3830
vn 0.4616 -0.8533 0.2426
vn 0.7069 -0.5880 0.3932
vn 0.8441 -0.2347 0.4821
vn 0.8528 0.1528 0.4994
vn 0.6318 0.5144 0.5798
vn 0.4186 0.8139 0.4030
vn 0.2744 -0.9410 0.1980
vn 0.5226 -0.7386 0.4259
vn 0.7506 -0.0475 0.6590
vn 0.5403 0.6718 0.5067
vn 0.4069 -0.8564 0.3178
vn 0.6179 -0.5930 0.5162
vn 0.7385 0.1477 0.6579
vn 0.5020 0.5078 0.7001
vn 0.3261 0.8081 0.4905
vn 0.2327 -0.9433 0.2368
vn 0.4311 -0.7434 0.5114
vn 0.5615 -0.4310 0.7064
vn 0.6066 -0.0551 0.7931
vn 0.5598 0.3292 0.7604
vn 0.4281 0.6654 0.6115
vn 0.3383 -0.8602 0.3816
vn 0.5060 -0.5993 0.6203
vn 0.5954 -0.2474 0.7644
vn 0.5947 0.1400 0.7917
vn 0.3560 0.4998 0.7896
vn 0.2168 0.8031 0.5550
vn 0.1837 -0.9460 0.2670
vn 0.4125 -0.4377 0.7989
vn 0.4376 -0.0628 0.8970
vn 0.3996 0.3206 0.8588
vn 0.2942 0.6606 0.6907
vn 0.2594 -0.8647 0.4301
vn 0.3761 -0.6066 0.7005
vn 0.4341 -0.2565 0.8636
vn 0.4281 0.1312 0.8942
vn 0.1920 0.4906 0.8500
vn 0.1063 0.7965 0.5952
vn 0.1331 -0.9491 0.2855
vn 0.2074 -0.7565 0.6202
vn 0.2502 -0.4465 0.8591
vn 0.2529 -0.0726 0.9648
vn 0.2216 0.3110 0.9242
vn 0.1533 0.6528 0.7419
vn 0.1733 -0.8695 0.4626
vn 0.2333 -0.6145 0.7536
vn 0.2553 -0.2666 0.9294
vn 0.2417 0.1179 0.9632
vn 0.0198 0.4797 0.8772
vn -0.0123 0.7896 0.6136
vn 0.0845 -0.7635 0.6403
vn 0.0806 -0.4570 0.8858
vn 0.0561 -0.0842 0.9949
vn 0.0373 0.2984 0.9537
vn 0.0045 0.6435 0.7654
vn 0.0818 -0.8750 0.4772
vn 0.0837 -0.6230 0.7777
vn 0.0740 -0.2741 0.9588
vn 0.0497 0.1034 0.9934
vn -0.1544 0.4743 0.8667
vn -0.1475 0.7850 0.6017
vn 0.0197 -0.9558 0.2932
vn -0.0401 -0.7712 0.6353
vn -0.0924 -0.4675 0.8791
vn -0.1230 -0.0953 0.9878
vn -0.1499 0.2875 0.9460
vn -0.1488 0.6341 0.7588
vn -0.0110 -0.8806 0.4738
vn -0.0675 -0.6317 0.7723
vn -0.1149 -0.2850 0.9516
vn -0.1415 0.0933 0.9855
vn -0.3208 0.4660 0.8246
vn -0.2629 0.7788 0.5696
vn -0.0375 -0.9594 0.2795
vn -0.1609 -0.7785 0.6066
vn -0.2609 -0.4780 0.8388
vn -0.3180 -0.1086 0.9418
vn -0.3328 0.2786 0.9009
vn -0.3013 0.6236 0.7214
vn -0.1010 -0.8861 0.4523
vn -0.2144 -0.6411 0.7369
vn -0.2950 -0.2980 0.9078
vn -0.3303 0.0871 0.9399
vn -0.4762 0.4528 0.7538
vn -0.3602 0.7719 0.5239
vn -0.0875 -0.9625 0.2570
vn -0.2743 -0.7858 0.5543
vn -0.4172 -0.4878 0.7668
vn -0.4976 -0.1181 0.8594
vn -0.5060 0.2736 0.8180
vn -0.4278 0.6186 0.6590
vn -0.3523 -0.6502 0.6732
vn -0.4658 -0.3090 0.8292
vn -0.5111 0.0750 0.8562
vn -0.6146 0.4432 0.6525
vn -0.4625 0.7647 0.4486
vn -0.1334 -0.9654 0.2240
vn -0.3760 -0.7921 0.4808
vn -0.5573 -0.4987 0.6638
vn -0.6553 -0.1281 0.7444
vn -0.6538 0.2641 0.7091
vn -0.5562 0.6142 0.5599
vn -0.2598 -0.8962 0.3597
vn -0.4769 -0.6578 0.5830
vn -0.6188 -0.3194 0.7177
vn -0.6685 0.0662 0.7408
vn -0.7311 0.4343 0.5261
vn -0.5405 0.7587 0.3638
vn -0.1730 -0.9681 0.1812
vn -0.6762 -0.5056 0.5358
vn -0.7873 -0.1372 0.6012
vn -0.7772 0.2552 0.5751
vn -0.6498 0.6054 0.4596
vn -0.3232 -0.9004 0.2914
vn -0.5790 -0.6646 0.4723
vn -0.7983 0.0597 0.5993
vn -0.8183 0.4311 0.3802
vn -0.6016 0.7582 0.2514
vn -0.2036 -0.9702 0.1317
vn -0.5255 -0.8022 0.2834
vn -0.7665 -0.5114 0.3885
vn -0.8745 0.2470 0.4173
vn -0.7290 0.6030 0.3239
vn -0.6583 -0.6702 0.3426
vn -0.8437 -0.3344 0.4199
vn -0.8985 0.0498 0.4361
vn -0.8759 0.4292 0.2204
vn -0.6355 0.7552 0.1607
vn -0.2221 -0.9717 0.0808
vn -0.5687 -0.8056 0.1663
vn -0.8250 -0.5172 0.2277
vn -0.9554 -0.1506 0.2540
vn -0.9399 0.2429 0.2401
vn -0.7789 0.5949 0.1985
vn -0.4036 -0.9061 0.1265
vn -0.7109 -0.6741 0.2005
vn -0.9077 -0.3402 0.2456
vn -0.9669 0.0457 0.2512
vn -0.9036 0.4250 0.0531
vn -0.6558 0.7532 0.0514
vn -0.2317 -0.9725 0.0247
vn -0.8522 -0.5201 0.0564
vn -0.9860 -0.1534 0.0647
vn -0.9698 0.2372 0.0574
vn -0.8046 0.5920 0.0467
vn -0.7343 -0.6768 0.0513
vn -0.9370 -0.3441 0.0607
vn -0.9971 0.0484 0.0583
vn -0.6262 0.7781 0.0494
vn -0.6104 0.7770 0.1537
vn -0.5651 0.7916 0.2327
vn -0.5109 0.7895 0.3402
vn -0.4382 0.7950 0.4195
vn -0.3407 0.8037 0.4879
vn -0.2545 0.8010 0.5419
vn -0.1447 0.8102 0.5680
vn -0.0162 0.8187 0.5741
vn 0.0956 0.8232 0.5597
vn 0.1975 0.8316 0.5191
vn 0.3009 0.8358 0.4593
vn 0.3892 0.8400 0.3780
vn 0.4527 0.8456 0.2828
vn 0.4999 0.8457 0.1870
vn 0.5257 0.8468 0.0804
vn 0.5308 0.8464 -0.0420
vn 0.5159 0.8432 -0.1512
vn 0.4772 0.8408 -0.2557
vn 0.4183 0.8344 -0.3588
vn 0.3399 0.8292 -0.4438
vn 0.2451 0.8239 -0.5111
vn 0.1432 0.8166 -0.5592
vn 0.0329 0.8106 -0.5846
vn -0.0860 0.8037 -0.5888
vn -0.1983 0.7963 -0.5715
vn -0.3033 0.7912 -0.5311
vn -0.4049 0.7845 -0.4697
vn -0.4893 0.7797 -0.3907
vn -0.5568 0.7779 -0.2913
vn -0.6026 0.7752 -0.1897
vn -0.6229 0.7780 -0.0816
s 1
f 4//1 2//1 1//1
f 8//2 6//2 5//2
f 13//3 15//3 14//3
f 17//4 19//4 18//4
f 32//5 30//5 29//5
f 36//6 34//6 33//6
f 37//7 39//7 38//7
f 21//8 23//8 20//8
f 25//9 27//9 24//9
f 41//10 43//10 42//10
f 48//11 46//11 45//11
f 52//12 50//12 49//12
f 53//13 55//13 54//13
f 60//14 58//14 57//14
f 29//15 62//15 61//15
f 66//16 64//16 63//16
f 67//17 6//17 68//17
f 72//18 70//18 69//18
f 76//19 74//19 73//19
f 77//20 79//20 78//20
f 81//21 83//21 82//21
f 59//22 86//22 85//22
f 88//23 90//24 89//25
f 96//26 94//26 93//26
f 100//27 98//27 97//27
f 101//28 103//28 102//28
f 106//29 34//29 87//29
f 108//30 115//31 107//32
f 117//33 36//33 118//33
f 124//34 126//34 125//34
f 131//35 129//36 128//37
f 132//38 134//38 133//38
f 142//39 140//39 139//39
f 148//40 60//40 147//40
f 144//41 127//41 124//41
f 149//42 151//42 150//42
f 156//43 154//43 153//43
f 159//44 158//44 157//44
f 116//45 164//45 105//45
f 171//46 169//46 168//46
f 174//47 173//47 172//47
f 179//48 181//48 180//48
f 186//49 188//49 187//49
f 194//50 196//50 195//50
f 199//51 139//51 198//51
f 206//52 208//52 207//52
f 213//53 211//53 210//53
f 202//54 214//54 201//54
f 96//55 216//55 54//55
f 92//56 43//56 44//56
f 97//57 246//57 100//57
f 250//58 229//58 228//58
f 252//59 58//59 253//59
f 258//60 256//60 255//60
f 260//61 229//61 259//61
f 110//62 112//62 113//62
f 114//63 263//63 109//63
f 265//64 267//64 266//64
f 56//65 270//65 269//65
f 274//66 249//66 250//66
f 185//67 63//67 64//67
f 280//68 278//68 276//68
f 285//69 283//70 157//71
f 288//72 211//72 212//72
f 141//73 92//73 46//73
f 289//74 175//74 176//74
f 148//75 105//75 106//75
f 312//76 170//76 171//76
f 238//77 42//77 43//77
f 318//78 160//79 317//80
f 310//81 308//81 307//81
f 241//82 325//82 324//82
f 160//83 240//84 317//85
f 47//86 307//86 308//86
f 108//87 315//88 164//89
f 345//90 86//90 119//90
f 348//91 350//92 349//93
f 356//94 358//94 357//94
f 355//95 353//95 352//95
f 363//96 32//96 362//96
f 149//97 150//97 176//97
f 364//98 253//98 365//98
f 366//99 368//99 367//99
f 183//100 371//100 63//100
f 163//101 161//101 160//101
f 209//102 101//102 208//102
f 378//103 165//103 166//103
f 379//104 381//104 380//104
f 383//105 3//105 4//105
f 284//106 386//106 385//106
f 387//107 389//107 388//107
f 391//108 229//108 249//108
f 73//109 397//109 396//109
f 405//110 407//110 406//110
f 203//111 411//111 410//111
f 414//112 413//112 412//112
f 1//113 357//113 4//113
f 277//114 131//114 275//114
f 254//115 57//115 58//115
f 358//116 415//116 351//116
f 417//117 386//117 408//117
f 401//118 192//119 420//120
f 419//121 127//122 143//123
f 421//124 182//124 422//124
f 103//125 302//125 409//125
f 428//126 368//126 174//126
f 380//127 359//127 356//127
f 62//128 266//128 323//128
f 140//129 431//129 430//129
f 357//130 351//130 348//130
f 356//131 379//131 380//131
f 415//132 403//132 434//132
f 437//133 436//133 435//133
f 438//134 440//134 439//134
f 188//135 450//135 449//135
f 452//136 454//136 453//136
f 265//137 181//137 421//137
f 224//138 64//138 225//138
f 237//139 213//139 427//139
f 275//140 128//140 458//140
f 281//141 460//141 459//141
f 50//142 79//142 461//142
f 73//143 282//143 281//143
f 468//144 466//144 465//144
f 390//145 352//145 359//145
f 482//146 484//146 483//146
f 489//147 487//147 486//147
f 493//148 495//148 494//148
f 472//149 470//149 469//149
f 502//150 500//150 499//150
f 220//151 222//151 223//151
f 512//152 143//152 66//152
f 518//153 511//153 80//153
f 513//154 230//154 286//154
f 205//155 31//155 244//155
f 189//156 451//156 188//156
f 163//157 532//157 8//157
f 533//158 225//158 251//158
f 446//159 447//159 412//159
f 335//160 540//160 334//160
f 544//161 546//161 545//161
f 329//162 291//162 292//162
f 199//163 262//163 238//163
f 385//164 416//164 550//164
f 532//165 191//165 247//165
f 363//166 118//166 243//166
f 236//167 237//167 250//167
f 578//168 580//168 579//168
f 573//169 571//169 570//169
f 561//170 562//170 272//170
f 241//171 259//171 240//171
f 590//172 592//172 591//172
f 545//173 595//174 594//175
f 503//176 155//176 504//176
f 606//177 624//177 623//177
f 478//178 480//178 479//178
f 646//179 648//179 647//179
f 590//180 689//180 684//180
f 564//181 651//181 650//181
f 728//182 184//182 727//182
f 714//183 716//183 715//183
f 692//184 575//184 693//184
f 541//185 581//185 578//185
f 346//186 248//186 400//186
f 161//187 230//187 160//187
f 128//188 94//188 95//188
f 698//189 704//189 703//189
f 574//190 576//191 575//192
f 290//193 401//193 328//193
f 630//194 725//194 726//194
f 733//195 735//195 734//195
f 755//196 496//196 493//196
f 759//197 481//197 760//197
f 757//198 762//198 761//198
f 764//199 466//199 467//199
f 768//200 3808//200 3809//200
f 759//201 488//201 489//201
f 492//202 475//202 771//202
f 474//203 769//203 473//203
f 773//204 465//204 772//204
f 771//205 486//205 483//205
f 484//206 775//206 491//206
f 774//207 489//207 486//207
f 495//208 764//209 756//210
f 495//211 761//211 494//211
f 137//212 784//212 136//212
f 325//213 797//213 547//213
f 165//214 51//214 52//214
f 369//215 29//215 370//215
f 730//216 568//216 569//216
f 90//24 301//217 89//25
f 243//218 516//218 242//218
f 800//219 806//219 805//219
f 817//220 808//220 816//220
f 816//221 823//221 822//221
f 306//222 447//222 807//222
f 815//223 809//223 808//223
f 829//224 828//225 825//226
f 726//227 501//227 502//227
f 274//228 424//228 423//228
f 879//229 881//229 880//229
f 884//230 879//230 885//230
f 219//231 217//231 211//231
f 906//232 904//232 897//232
f 455//233 205//233 542//233
f 898//234 830//235 829//236
f 903//237 880//237 881//237
f 906//238 897//238 898//238
f 377//239 519//239 165//239
f 923//240 948//241 946//242
f 946//243 951//243 950//243
f 3519//244 739//244 3517//244
f 900//245 886//245 880//245
f 225//246 65//246 144//246
f 182//247 442//248 422//249
f 809//250 947//250 824//250
f 954//251 962//251 961//251
f 927//252 965//252 966//253
f 885//254 880//255 886//256
f 925//257 966//258 967//259
f 343//260 341//260 340//260
f 965//261 971//262 968//263
f 968//264 970//264 969//264
f 972//265 969//266 973//267
f 963//268 981//268 978//268
f 336//269 338//269 339//269
f 992//270 827//271 828//272
f 810//273 996//273 959//273
f 1007//274 1002//275 1008//276
f 1012//277 827//278 1009//279
f 1011//280 1007//281 1008//282
f 294//283 292//283 291//283
f 907//284 920//284 919//284
f 1017//285 1019//285 1018//285
f 1020//286 1022//286 1021//286
f 1035//287 1020//287 1044//287
f 1061//288 1047//288 1046//288
f 1063//289 1046//289 1062//289
f 1044//290 1021//290 1045//290
f 1102//291 1097//291 1109//291
f 1116//292 1118//292 1117//292
f 1016//293 1014//293 1013//293
f 881//294 904//294 903//294
f 816//295 1127//295 817//295
f 1094//296 949//296 1097//296
f 514//297 167//297 515//297
f 146//298 81//298 82//298
f 1133//299 1130//299 1129//299
f 1102//300 1126//300 822//300
f 822//301 1116//302 816//303
f 1145//304 1148//304 1136//304
f 1076//305 1151//305 1069//305
f 1148//306 1086//307 1087//308
f 1109//309 1114//309 1136//309
f 1154//310 1156//310 1155//310
f 1153//311 967//311 1156//311
f 3464//312 463//312 3714//312
f 1144//313 1152//313 1151//314
f 1156//315 1163//315 1162//315
f 1164//316 1169//316 1165//316
f 1145//317 1176//317 1147//317
f 1114//318 1154//318 1171//318
f 1183//319 1164//319 1177//319
f 1184//320 1177//320 1185//320
f 1069//321 1062//321 1064//321
f 1023//322 1194//322 1022//322
f 1162//323 1170//323 1169//323
f 1195//324 1185//325 1191//326
f 1183//327 1176//327 1155//327
f 1201//328 1152//328 1196//328
f 1061//329 1201//330 1202//331
f 3825//332 843//332 3836//332
f 1203//333 1195//333 1034//333
f 1202//334 1184//334 1195//334
f 1218//335 1203//335 1217//335
f 1060//336 1202//336 1203//336
f 1225//337 1217//337 1219//337
f 671//338 694//339 670//340
f 1219//341 1024//341 1035//341
f 1217//342 1034//342 1024//342
f 1226//343 1015//343 1227//343
f 1243//344 1234//344 1233//344
f 1231//345 1229//345 1228//345
f 847//346 1233//346 843//346
f 843//347 1244//347 878//347
f 1233//348 1245//348 1244//348
f 1923//349 233//349 216//349
f 2100//350 499//350 500//350
f 3914//351 2135//351 3900//351
f 61//352 323//352 505//352
f 210//353 217//353 457//353
f 1299//354 1309//355 1300//356
f 3863//357 1231//357 3862//357
f 1066//358 1321//358 1322//358
f 1322//359 1228//359 1229//360
f 1060//361 1321//361 1047//361
f 1325//362 1323//363 1310//364
f 1244//365 1332//365 1330//365
f 1290//366 1242//367 1288//368
f 1337//369 1339//369 1338//369
f 1330//370 1340//371 1339//372
f 1341//373 1245//373 1294//373
f 1342//374 1332//374 1341//374
f 1343//375 1341//375 1344//375
f 1344//376 1294//376 1293//376
f 3857//377 1345//377 1346//377
f 1347//378 1342//378 1343//378
f 3856//379 1295//380 1345//381
f 1349//382 1348//383 1347//384
f 3861//385 1347//385 3853//385
f 3853//386 1343//386 3857//386
f 906//387 829//387 1353//387
f 905//388 1353//388 1354//388
f 865//389 1355//389 1357//389
f 1355//390 829//390 825//390
f 1357//391 825//391 826//391
f 1356//392 1353//392 1355//392
f 3834//393 1338//393 3833//393
f 866//394 1356//394 865//394
f 1358//395 1354//395 1356//395
f 3828//396 1337//397 3834//398
f 838//399 1012//399 841//399
f 1363//400 1338//400 1339//400
f 1368//401 1339//402 1340//403
f 1348//404 1340//405 1342//406
f 1371//407 3824//408 3829//409
f 524//410 526//410 523//410
f 528//411 530//411 527//411
f 1372//412 1369//412 1371//412
f 535//413 537//413 538//413
f 1367//414 1348//415 1350//416
f 1370//417 1359//417 1369//418
f 1369//419 3833//419 3824//419
f 1373//420 903//420 904//420
f 555//421 557//421 558//421
f 1374//422 910//422 1373//422
f 1373//423 905//423 1375//423
f 1374//424 1375//424 1376//424
f 1375//425 1354//425 1370//425
f 1378//426 908//426 1377//426
f 376//427 651//427 1387//427
f 1388//428 973//428 969//428
f 586//429 588//429 585//429
f 1390//430 1388//431 1391//432
f 1391//433 969//433 970//433
f 597//434 599//434 596//434
f 600//435 602//435 603//435
f 1392//436 970//436 979//436
f 608//437 610//437 607//437
f 612//438 523//438 611//438
f 614//439 616//439 613//439
f 617//440 25//440 24//440
f 620//441 622//442 619//443
f 1397//444 1391//444 1392//444
f 1398//445 1392//445 1399//445
f 1400//446 920//446 1378//446
f 1402//447 1165//447 1169//447
f 636//448 638//448 635//448
f 930//449 1402//449 929//449
f 641//450 643//450 644//450
f 929//451 1169//451 1170//451
f 1404//452 1403//452 1402//452
f 1411//453 1365//453 1406//453
f 1412//454 1415//454 1414//454
f 652//455 654//455 655//455
f 609//456 657//456 658//456
f 659//457 661//457 662//457
f 558//458 586//458 585//458
f 665//459 667//459 664//459
f 1413//460 1406//460 1412//460
f 1418//461 3810//461 3813//461
f 1417//462 1371//462 1416//462
f 1416//463 3829//463 3810//463
f 1419//464 1416//464 1418//464
f 1386//465 1374//465 1420//465
f 677//466 679//466 676//466
f 1385//467 1420//467 1421//467
f 1420//468 1376//468 1422//468
f 685//469 687//469 688//469
f 1421//470 1422//470 1423//470
f 528//471 691//471 658//471
f 1422//472 1372//472 1417//472
f 1018//473 747//473 1425//473
f 699//474 701//474 702//474
f 1424//475 579//475 1017//475
f 3663//476 1767//477 3660//478
f 700//479 711//479 712//479
f 1093//480 3754//480 1571//480
f 717//481 530//481 719//481
f 721//482 723//482 720//482
f 704//483 3543//483 3554//483
f 19//484 1426//484 1430//484
f 1429//485 1427//485 1426//485
f 1658//486 3542//486 3544//486
f 1439//487 1434//487 1438//487
f 1437//488 1435//488 1434//488
f 1426//489 1433//489 1432//489
f 1442//490 1432//490 1440//490
f 742//491 744//491 745//491
f 1432//492 1441//492 1440//492
f 751//493 753//493 750//493
f 1438//494 1403//494 1405//494
f 1446//495 1444//495 1443//495
f 1447//496 1446//496 1443//496
f 3860//497 1443//497 3848//497
f 1415//498 1445//498 1446//498
f 1414//499 1446//499 1448//499
f 2173//500 469//500 470//500
f 777//501 779//501 686//501
f 780//502 782//502 783//502
f 1676//503 1806//503 1675//503
f 3859//504 1349//504 3861//504
f 789//505 791//506 788//507
f 745//508 793//508 742//508
f 652//509 795//509 653//509
f 1455//510 1457//510 1456//510
f 1454//511 1350//511 1452//511
f 610//512 802//512 801//512
f 3831//513 698//514 703//515
f 1352//516 1045//516 1351//516
f 1015//517 1459//517 1460//517
f 811//518 813//518 814//518
f 2118//519 3817//519 2117//519
f 819//520 821//520 818//520
f 1466//521 1194//521 1190//521
f 1467//522 1465//522 1466//522
f 1182//523 1468//523 1467//523
f 832//524 833//524 831//524
f 835//525 837//525 834//525
f 1467//526 1190//526 1182//526
f 1469//527 1444//527 1445//527
f 840//528 712//528 690//528
f 1453//529 1469//529 1454//529
f 599//530 845//530 846//530
f 1226//531 3849//531 3855//531
f 851//532 853//532 850//532
f 855//533 856//533 854//533
f 858//534 860//534 857//534
f 861//535 863//535 864//535
f 1014//536 3855//536 3858//536
f 867//537 868//537 869//537
f 870//538 872//538 873//538
f 874//539 876//539 877//539
f 1310//540 1471//540 1309//540
f 1476//541 1427//542 1475//543
f 1461//544 1475//544 1460//544
f 887//545 889//545 890//545
f 788//546 892//546 891//546
f 894//547 896//547 893//547
f 1460//548 1227//548 1015//548
f 901//549 524//549 612//549
f 1465//550 1477//550 1464//550
f 1865//551 3500//551 1864//551
f 911//552 913//552 914//552
f 916//553 918//553 915//553
f 1850//554 3507//554 1851//554
f 921//555 895//555 894//555
f 1479//556 1436//557 1478//558
f 926//559 667//559 601//559
f 1481//560 563//560 1480//560
f 269//561 84//562 1482//563
f 931//564 933//564 916//564
f 934//565 614//565 869//565
f 936//566 688//566 937//566
f 938//567 662//568 939//569
f 1484//570 122//570 123//570
f 941//571 835//571 834//571
f 320//572 509//572 510//572
f 1849//573 3505//573 1850//573
f 84//574 1484//574 83//574
f 1487//575 1488//575 539//575
f 1757//576 3502//576 3509//576
f 365//577 1491//578 364//579
f 461//580 80//580 511//580
f 117//581 362//582 1496//583
f 1494//584 541//585 1495//586
f 926//587 957//587 958//587
f 1477//588 1433//588 1476//588
f 1709//589 1585//589 1700//589
f 119//590 1496//591 345//592
f 271//593 504//593 156//593
f 511//594 189//594 186//594
f 345//595 1492//595 365//595
f 255//596 344//596 254//596
f 57//597 299//598 132//599
f 1501//600 268//600 1500//600
f 267//601 1499//601 145//601
f 974//602 976//602 977//602
f 1678//603 1693//603 1676//603
f 3846//604 1807//604 3840//604
f 557//605 663//605 558//605
f 983//606 984//606 985//606
f 1443//607 3849//607 3848//607
f 421//608 268//608 265//608
f 989//609 991//610 988//611
f 1490//612 418//612 1504//612
f 279//613 309//613 310//613
f 997//614 676//615 679//616
f 998//617 999//617 875//617
f 1504//618 38//618 1505//618
f 1506//619 1507//619 1486//619
f 360//620 1508//620 1506//620
f 1506//621 207//621 360//621
f 939//569 1006//622 938//567
f 270//623 1483//623 269//623
f 66//624 546//624 512//624
f 1010//625 793//625 935//625
f 367//626 437//626 1509//626
f 244//627 363//627 243//627
f 1670//628 3534//628 1669//628
f 209//629 1510//629 226//629
f 235//630 1512//630 1511//630
f 1511//631 234//631 235//631
f 388//632 426//632 425//632
f 427//633 250//633 237//633
f 161//634 521//634 231//634
f 100//635 45//635 44//635
f 1025//636 608//636 1027//636
f 1029//637 1031//637 1028//637
f 939//638 1033//639 1032//640
f 41//641 594//641 99//641
f 1036//642 783//642 1037//642
f 702//643 1038//643 1039//643
f 1040//644 1042//644 1043//644
f 362//645 369//645 1493//645
f 187//646 477//647 186//648
f 70//649 539//649 198//649
f 1511//650 1521//650 234//650
f 1049//651 603//651 1048//651
f 613//652 869//652 614//652
f 860//653 1051//653 857//653
f 1005//654 1053//654 1006//654
f 753//655 1056//655 1054//655
f 1057//656 1059//656 1055//656
f 293//657 1522//657 292//657
f 288//658 1521//659 1522//660
f 292//661 1523//661 329//661
f 331//662 1508//662 1524//662
f 306//663 453//663 305//663
f 100//664 41//664 99//664
f 462//665 78//665 79//665
f 330//666 1524//666 462//666
f 635//667 1068//667 636//667
f 1485//668 1526//668 1528//668
f 206//669 1528//669 1510//669
f 1070//670 1072//670 831//670
f 942//671 1073//671 1074//671
f 916//672 1075//672 917//672
f 440//673 1530//673 439//673
f 157//674 1514//674 285//674
f 1529//675 5//675 1530//675
f 371//676 546//676 63//676
f 790//677 663//677 791//677
f 1077//678 857//678 1078//678
f 1403//679 1435//679 1165//679
f 1080//680 1082//680 1079//680
f 531//681 1529//681 440//681
f 21//682 1084//682 1085//682
f 272//683 1531//683 561//683
f 137//684 396//684 397//684
f 690//685 802//685 691//685
f 335//686 3567//686 581//686
f 1090//687 1029//687 1091//687
f 1092//688 794//688 1042//688
f 1533//689 137//690 138//691
f 661//692 1095//692 1096//692
f 69//693 445//693 72//693
f 1099//694 1101//695 1098//696
f 38//697 1536//697 1505//697
f 1104//698 1106//698 1103//698
f 852//699 1108//699 853//699
f 1377//700 909//700 1386//700
f 291//701 411//701 294//701
f 316//702 516//702 33//702
f 539//703 1533//703 534//703
f 1505//704 316//704 313//704
f 1110//705 1112//705 1113//705
f 1539//706 460//706 264//706
f 522//707 1537//707 1539//707
f 834//708 1120//708 1119//708
f 1122//709 1124//710 1121//711
f 612//712 1041//712 901//712
f 935//713 615//713 614//713
f 276//714 130//714 131//714
f 1686//715 3522//715 1685//715
f 193//716 1541//716 273//716
f 231//717 1540//717 287//717
f 556//718 982//718 557//718
f 365//719 85//719 345//719
f 190//720 318//721 1541//722
f 1810//723 3574//723 3528//723
f 3924//724 3512//725 3791//726
f 1132//727 985//727 1131//727
f 208//728 102//728 132//728
f 1134//729 662//730 661//731
f 1491//732 80//732 77//732
f 429//733 1542//733 147//733
f 1137//734 915//734 918//734
f 172//735 428//735 174//735
f 1139//736 1141//736 1142//736
f 549//737 54//737 55//737
f 1517//738 1518//738 296//738
f 976//739 1146//739 938//739
f 834//740 984//740 941//740
f 1543//741 286//741 115//741
f 1544//742 239//742 513//742
f 133//743 1544//743 1542//743
f 506//744 257//744 258//744
f 420//745 328//745 401//745
f 1158//746 1160//746 1157//746
f 587//747 1103//747 588//747
f 1513//748 1514//748 151//748
f 607//749 1027//749 608//749
f 304//750 1545//750 303//750
f 364//751 77//751 506//751
f 69//752 198//752 139//752
f 1006//753 976//753 938//753
f 700//754 1112//754 701//754
f 3877//755 3525//755 3787//755
f 1166//756 657//757 656//758
f 1167//759 858//759 1077//759
f 1300//760 3524//760 1299//760
f 1172//761 1174//762 1175//763
f 218//764 200//764 217//764
f 1179//765 1181//765 1178//765
f 372//766 97//766 98//766
f 89//767 227//767 88//767
f 1186//768 1188//768 1189//768
f 172//769 1517//769 1549//769
f 1482//770 81//770 1498//770
f 1090//771 1193//771 1030//771
f 394//772 353//772 1551//772
f 526//773 1198//773 1197//773
f 811//774 858//774 812//774
f 1199//775 1026//775 1025//775
f 606//776 697//776 696//776
f 1204//777 1206//777 743//777
f 1207//778 523//779 526//780
f 1209//781 867//781 613//781
f 914//782 685//782 936//782
f 1478//783 1441//783 1477//783
f 1029//784 1161//784 1091//784
f 1211//785 1213//785 1214//785
f 3858//786 1451//786 3859//786
f 844//787 1216//787 845//787
f 423//788 273//788 274//788
f 1220//789 1222//789 1083//789
f 22//790 1224//790 23//790
f 882//791 897//791 881//791
f 1519//792 173//792 387//792
f 1189//793 1232//793 1178//793
f 349//794 550//794 416//794
f 1071//795 1236//795 1072//795
f 1237//796 1239//796 745//796
f 1221//797 1189//797 1240//797
f 1510//798 1512//798 333//798
f 939//799 1241//799 1005//799
f 1556//800 5//800 67//800
f 1553//801 394//801 1551//801
f 404//802 67//802 347//802
f 1247//803 1249//803 1246//803
f 142//804 238//804 92//804
f 1251//805 635//805 1250//805
f 850//806 1253//806 851//806
f 1254//807 1077//807 1255//807
f 57//808 133//808 429//808
f 443//809 552//809 551//809
f 1187//810 1175//810 1188//810
f 1256//811 831//811 833//811
f 432//812 382//812 383//812
f 741//813 747//813 746//813
f 434//814 351//814 415//814
f 349//815 383//815 348//815
f 251//816 1481//816 1480//816
f 395//817 352//817 353//817
f 1518//818 1550//818 1551//818
f 1558//819 378//819 340//820
f 109//821 314//821 315//821
f 285//822 1513//822 407//822
f 395//823 393//823 392//823
f 202//824 410//824 1558//824
f 417//825 405//825 432//825
f 1246//826 1258//826 1247//826
f 3//827 297//827 2//827
f 1259//828 1261//829 1262//830
f 403//831 347//831 284//831
f 955//832 953//832 952//832
f 462//833 51//833 330//833
f 1096//834 687//834 1263//834
f 429//835 60//836 57//837
f 896//838 1265//838 932//838
f 1267//839 1268//839 1266//839
f 423//840 327//840 420//840
f 37//841 180//841 40//841
f 20//842 1187//842 1186//842
f 1256//843 1071//843 1070//843
f 155//844 156//844 504//844
f 1188//845 1269//845 1232//845
f 1236//846 1271//846 1262//846
f 1272//847 535//847 621//847
f 565//848 463//848 464//848
f 1273//849 745//850 1239//851
f 876//852 1255//853 1274//854
f 316//855 164//89 315//88
f 437//856 503//856 1509//856
f 194//857 1495//857 197//857
f 1275//858 864//858 863//858
f 624//859 631//859 630//859
f 1277//860 1137//860 1278//860
f 569//861 567//861 566//861
f 1481//862 125//862 366//862
f 324//863 547//864 326//865
f 1279//866 1107//866 1280//866
f 1525//867 329//867 1523//867
f 1281//868 1137//868 918//868
f 171//869 1553//869 1552//869
f 1488//870 396//870 1533//870
f 1557//871 1562//872 1559//873
f 1282//874 1206//874 1205//874
f 1053//875 1278//875 1281//875
f 778//876 607//876 1283//876
f 713//877 3566//877 3569//877
f 251//878 144//878 124//878
f 4//879 348//879 383//879
f 709//880 707//881 706//882
f 728//883 45//883 246//883
f 261//884 1563//884 544//884
f 789//885 1287//885 790//885
f 74//886 263//886 282//886
f 403//887 385//887 434//887
f 1178//888 1240//888 1189//888
f 1223//889 1289//889 1224//889
f 158//890 150//890 151//890
f 1220//891 1186//891 1221//891
f 296//892 354//892 433//892
f 784//893 1538//893 1566//893
f 1181//894 1291//894 1222//894
f 1269//895 1257//895 1246//895
f 1566//896 438//896 399//896
f 136//897 1566//897 1564//897
f 1563//898 169//898 1565//898
f 107//32 109//899 108//30
f 1297//900 1298//900 1296//900
f 1464//901 1476//901 1461//901
f 1520//902 507//902 508//902
f 1301//903 1303//903 1304//903
f 1306//904 1308//904 1305//904
f 175//905 1532//906 272//907
f 1532//908 200//908 201//908
f 1311//909 1312//909 1313//909
f 872//910 1315//910 1316//910
f 1317//911 1318//911 1319//911
f 3836//912 878//912 3828//912
f 1305//913 864//913 1276//913
f 1040//914 863//914 1320//914
f 1564//915 399//915 169//915
f 592//916 1575//916 591//916
f 591//917 1088//917 689//917
f 1581//918 1583//918 1582//918
f 1196//919 1147//919 1176//919
f 710//920 583//920 713//920
f 285//921 408//921 386//921
f 953//922 961//922 963//922
f 1594//923 1589//923 1593//923
f 1585//924 1587//925 1586//926
f 1592//927 1590//927 1589//927
f 3885//928 944//928 3899//928
f 1600//929 1598//929 1597//929
f 1604//930 1602//930 1601//930
f 1399//931 979//932 980//933
f 1589//934 1596//934 1595//934
f 1610//935 1608//935 1607//935
f 298//936 361//936 360//936
f 551//937 276//937 277//937
f 1627//938 3814//938 3819//938
f 859//939 818//939 860//939
f 1078//940 1328//940 1329//940
f 1555//941 1530//941 1556//941
f 572//942 680//942 681//942
f 772//943 776//943 774//943
f 977//944 918//944 917//944
f 404//945 392//945 393//945
f 1054//946 750//946 753//946
f 1644//947 1643//947 1642//947
f 932//948 1082//948 933//948
f 1067//949 1334//949 1068//949
f 1540//950 264//950 114//950
f 597//951 643//951 1336//951
f 471//952 762//952 470//952
f 1642//953 3831//953 3842//953
f 1644//954 3842//954 3843//954
f 923//955 950//956 927//957
f 96//958 548//959 95//960
f 520//961 522//961 521//961
f 445//962 443//962 442//962
f 849//963 848//963 842//963
f 480//964 755//964 493//964
f 1646//965 481//965 1639//965
f 311//966 1567//966 170//966
f 464//967 3497//967 3495//967
f 3497//968 1361//968 3495//968
f 234//969 236//969 235//969
f 190//970 192//970 191//970
f 153//971 152//971 149//971
f 231//972 286//972 230//972
f 1552//973 1551//973 1550//973
f 760//974 1648//975 488//976
f 3832//977 1649//977 3830//977
f 828//225 826//978 825//226
f 52//979 166//979 165//979
f 1663//980 1661//980 1660//980
f 287//981 115//982 286//983
f 668//984 670//984 669//984
f 634//985 640//986 639//987
f 553//988 559//988 554//988
f 118//989 33//989 516//989
f 492//990 491//990 490//990
f 3552//991 1651//991 3553//991
f 582//992 584//993 583//994
f 384//995 392//995 415//995
f 1381//996 1383//996 1380//996
f 1562//997 435//998 436//999
f 952//1000 951//1000 947//1000
f 3529//1001 583//994 584//993
f 1660//1002 1667//1002 1666//1002
f 1394//1003 1396//1003 1393//1003
f 1660//1004 1664//1004 1663//1004
f 1671//1005 1669//1005 1668//1005
f 1624//1006 1673//1006 1672//1006
f 1407//1007 1409//1007 1410//1007
f 1677//1008 1675//1008 1674//1008
f 1613//1009 1677//1009 1625//1009
f 1679//1010 1676//1010 1677//1010
f 1626//1011 3811//1011 3814//1011
f 534//1012 198//1012 539//1012
f 176//1013 150//1013 159//1013
f 803//1014 734//1014 800//1014
f 400//1015 191//1015 192//1015
f 65//1016 143//1016 144//1016
f 3526//1017 1656//1017 3540//1017
f 402//1018 157//1018 283//1018
f 629//1019 627//1019 626//1019
f 461//1020 49//1020 50//1020
f 758//1021 495//1021 756//1021
f 796//1022 786//1022 785//1022
f 406//1023 1513//1023 1560//1023
f 342//1024 166//1024 167//1024
f 1694//1025 1658//1025 1695//1025
f 1692//1026 1694//1027 1696//1028
f 3557//1029 1652//1029 3552//1029
f 3921//1030 1703//1030 3923//1031
f 326//1032 302//1032 90//1032
f 3916//1033 1702//1033 1706//1033
f 3919//1034 1698//1034 1701//1034
f 1699//1035 3927//1036 3918//1037
f 1557//1038 1560//1039 1561//1040
f 1127//1041 1117//1042 1128//1043
f 400//1044 289//1044 346//1044
f 1706//1045 1707//1045 1708//1045
f 1707//1046 1599//1047 1600//1048
f 1709//1049 1708//1049 1588//1049
f 1714//1050 1711//1051 1713//1052
f 3919//1053 1709//1053 1700//1053
f 1704//1054 1577//1054 1703//1054
f 1716//1055 1713//1056 1715//1057
f 1559//873 1549//1058 297//1059
f 1722//1060 1720//1060 1719//1060
f 1335//1061 596//1061 1489//1061
f 410//1062 377//1062 378//1062
f 973//1063 1163//1063 972//1063
f 168//1064 399//1064 398//1064
f 1571//1065 1089//1065 1093//1065
f 1572//1066 682//1067 1571//1068
f 749//1069 647//1069 754//1069
f 1730//1070 1723//1070 1729//1070
f 1594//1071 1729//1071 1592//1071
f 1729//1072 1591//1072 1592//1072
f 1731//1073 1730//1073 1583//1073
f 1384//1074 1377//1074 1379//1074
f 1732//1075 1712//1075 1714//1075
f 1724//1076 1731//1076 1732//1076
f 1712//1077 1731//1077 1580//1077
f 1722//1078 1732//1078 1733//1078
f 1721//1079 1733//1079 1734//1079
f 1734//1080 1716//1080 1717//1080
f 1735//1081 1736//1081 1697//1081
f 1733//1082 1714//1082 1716//1082
f 1663//1083 1741//1083 1668//1083
f 1742//1084 1740//1084 1743//1084
f 1738//1085 1737//1085 1735//1085
f 1665//1086 1666//1086 1740//1086
f 1665//1087 1744//1087 1664//1087
f 1725//1088 1746//1088 1745//1088
f 1591//1089 1745//1089 1590//1089
f 1590//1090 1747//1090 1596//1090
f 1745//1091 1748//1091 1747//1091
f 1659//1092 3538//1093 3542//1094
f 3287//1095 3545//1095 3282//1095
f 1185//1096 1182//1096 1190//1096
f 1664//1097 1749//1097 1741//1097
f 1741//1098 1739//1098 1738//1098
f 1746//1099 1743//1099 1748//1099
f 1726//1100 1742//1100 1746//1100
f 1153//1101 924//1101 925//1101
f 1115//1102 1153//1102 1154//1102
f 1654//1103 3575//1103 1655//1103
f 1896//1104 3549//1104 1686//1104
f 1720//1105 1744//1106 1726//1107
f 1721//1108 1749//1108 1720//1108
f 1750//1109 1701//1109 1698//1109
f 1697//1110 1750//1110 1696//1110
f 1151//1111 1063//1111 1062//1111
f 1751//1112 1670//1113 1671//1114
f 1695//1115 1752//1116 1751//1117
f 961//1118 986//1119 981//1120
f 1770//1121 1768//1121 1767//1121
f 1766//1122 1593//1122 1765//1122
f 1731//1123 1579//1123 1580//1123
f 1579//1124 1774//1124 1578//1124
f 3928//1125 1771//1125 3929//1125
f 1764//1126 3928//1126 3917//1126
f 1777//1127 1775//1127 1774//1127
f 3762//1128 1699//1128 1700//1128
f 1004//1129 1128//1130 1003//1131
f 1774//1132 1771//1133 1772//1134
f 987//1135 1399//1135 980//1135
f 1578//1136 1772//1136 1764//1136
f 1783//1137 1781//1137 1778//1137
f 1597//1138 1770//1138 1767//1138
f 639//1139 3895//1139 3884//1139
f 3928//1140 1769//1140 1770//1140
f 1793//1141 1789//1141 1788//1141
f 3929//1142 1798//1142 1769//1142
f 3508//1143 3773//1143 1806//1143
f 1802//1144 3924//1145 3922//1146
f 1788//1147 1794//1147 1793//1147
f 1793//1148 1795//1149 1776//1150
f 3773//1151 1675//1151 1806//1151
f 1584//1152 1783//1152 1789//1152
f 1771//1153 3920//1153 3929//1153
f 1801//1154 1798//1154 1800//1154
f 1768//1155 1798//1156 1799//1157
f 1775//1158 1797//1158 1771//1158
f 508//1159 515//1159 1520//1159
f 1796//1160 1802//1160 1797//1160
f 1800//1161 3920//1161 3922//1161
f 1794//1162 1804//1163 1795//1164
f 3532//1165 1752//1165 3547//1165
f 485//1166 1807//1166 775//1166
f 3809//1167 1640//1167 768//1167
f 3837//1168 1810//1168 1653//1168
f 485//1169 1640//1169 1808//1169
f 1690//1170 3770//1170 3772//1170
f 487//1171 1648//1171 1811//1171
f 3839//1172 1816//1172 3822//1172
f 3838//1173 1648//1173 3830//1173
f 3839//1174 1811//1174 3838//1174
f 1812//1175 487//1175 1811//1175
f 1641//1176 767//1176 768//1176
f 465//1177 755//1177 776//1177
f 767//1178 3823//1178 3808//1178
f 3822//1179 3826//1179 3847//1179
f 1809//1180 1815//1180 767//1180
f 3837//1181 1651//1182 3840//1183
f 675//1184 3541//1185 3496//1186
f 1814//1187 1822//1187 1821//1187
f 1821//1188 3821//1188 3820//1188
f 1824//1189 1649//1189 1825//1189
f 1827//1190 1850//1190 1805//1190
f 1668//1191 1662//1191 1663//1191
f 1779//1192 1848//1192 1828//1192
f 1790//1193 1805//1193 1794//1193
f 1833//1194 1853//1194 1852//1194
f 3521//1195 693//1195 575//1195
f 1614//1196 1616//1196 1617//1196
f 1852//1197 3498//1197 3501//1197
f 1620//1198 1622//1198 1623//1198
f 1855//1199 1574//1199 1861//1199
f 1847//1200 3501//1201 3513//1202
f 1766//1203 1855//1203 1782//1203
f 1629//1204 1631//1204 1628//1204
f 1633//1205 1634//1206 1632//1207
f 1635//1208 1637//1208 1638//1208
f 1848//1209 1852//1209 1847//1209
f 1855//1210 1863//1210 1862//1210
f 1803//1211 1867//1211 1802//1211
f 1862//1212 1831//1212 1832//1212
f 1782//1213 1862//1214 1781//1215
f 3922//1216 1865//1216 1800//1216
f 1873//1217 1870//1217 1869//1217
f 1874//1218 799//1218 804//1218
f 2045//1219 3897//1219 2044//1219
f 1219//1220 1295//1220 1225//1220
f 1615//1221 1396//1221 1395//1221
f 3884//1222 1877//1222 1876//1222
f 645//1223 3786//1223 3559//1223
f 1345//1224 1035//1224 1346//1224
f 634//1225 3884//1225 3880//1225
f 15//1226 1327//1226 14//1226
f 3910//1227 1878//1227 1893//1227
f 1894//1228 605//1228 1893//1228
f 3506//1229 627//1229 693//1229
f 3560//1230 645//1230 3559//1230
f 340//1231 454//1231 1558//1231
f 1897//1232 195//1232 1898//1232
f 1889//1233 1877//1233 1890//1233
f 1901//1234 129//1234 1900//1234
f 196//1235 754//1235 232//1235
f 1705//1236 3921//1236 3916//1236
f 340//1237 166//1237 343//1237
f 1570//1238 563//1239 561//1240
f 1904//1241 194//1241 1897//1241
f 1781//1242 1832//1242 1780//1242
f 1905//1243 55//1243 1906//1243
f 1000//1244 995//1244 996//1244
f 986//1245 920//1245 987//1245
f 1191//1246 1190//1246 1194//1246
f 2094//1247 2075//1248 2093//1249
f 1920//1250 1919//1250 1915//1250
f 453//1251 1912//1251 1911//1251
f 1915//1252 1918//1252 1916//1252
f 3882//1253 2106//1253 3901//1253
f 1655//1254 3531//1254 1868//1254
f 1916//1255 1926//1255 1925//1255
f 704//1256 3561//1256 703//1256
f 278//1257 1925//1257 1900//1257
f 3565//1258 1818//1259 1820//1260
f 1097//1261 1115//1261 1114//1261
f 1927//1262 727//1262 1923//1262
f 3578//1263 3654//1263 3758//1263
f 1920//1264 307//1264 1929//1264
f 1929//1265 48//1265 728//1265
f 503//1266 1497//1266 1509//1266
f 1902//1267 787//1267 796//1267
f 1816//1268 3820//1269 3826//1270
f 1925//1271 1923//1271 1924//1271
f 1535//1272 1568//1272 1534//1272
f 254//1273 258//1273 255//1273
f 1509//1274 366//1274 367//1274
f 119//1275 35//1275 36//1275
f 219//1276 293//1276 294//1276
f 141//1277 47//1277 431//1277
f 542//1278 244//1278 245//1278
f 1940//1279 430//1280 431//1281
f 1779//1282 1827//1283 1790//1284
f 1701//1285 3915//1285 3919//1285
f 1661//1286 3515//1286 1667//1286
f 270//1287 754//1287 647//1287
f 197//1288 749//1288 196//1288
f 1727//1289 1212//1290 1211//1291
f 53//1292 232//1293 754//1294
f 1465//1295 1479//1295 1478//1295
f 1284//1296 3854//1296 1293//1296
f 1951//1297 412//1297 413//1297
f 168//1298 1554//1298 1553//1298
f 1486//1299 206//1299 207//1299
f 506//1300 78//1300 361//1300
f 994//1301 1007//1301 993//1301
f 951//1302 963//1302 964//1302
f 1013//1303 3861//1303 1351//1303
f 3826//1304 1820//1304 1818//1304
f 1498//1305 1954//1305 1482//1305
f 299//1306 543//1306 132//1306
f 1754//1307 1756//1308 1753//1309
f 1681//1310 1683//1310 1682//1310
f 1696//1311 1695//1311 1697//1311
f 13//1312 738//1312 737//1312
f 473//1313 475//1313 474//1313
f 482//1314 768//1314 1640//1314
f 204//1315 30//1315 205//1315
f 1761//1316 820//1316 819//1316
f 611//1317 1125//1317 612//1317
f 1501//1318 1908//1319 1909//1320
f 1074//1321 711//1322 699//1323
f 1960//1324 82//1324 83//1324
f 120//1325 1960//1325 123//1325
f 35//1326 87//1326 34//1326
f 1773//1327 1025//1327 1031//1327
f 1965//1328 1569//1328 1535//1328
f 494//1329 471//1329 479//1329
f 1966//1330 1969//1330 1968//1330
f 446//1331 1971//1331 1967//1331
f 174//1332 125//1332 126//1332
f 1580//1333 1578//1333 1577//1333
f 1785//1334 1787//1334 1784//1334
f 1972//1335 304//1335 305//1335
f 1254//1336 875//1336 999//1336
f 1973//1337 342//1337 514//1337
f 321//1338 1973//1338 509//1338
f 1910//1339 275//1339 1907//1339
f 509//1340 514//1340 508//1340
f 1486//1341 1527//1341 1485//1341
f 1974//1342 804//1343 1975//1344
f 1977//1345 1974//1345 1978//1345
f 1980//1346 1966//1346 1981//1346
f 379//1347 2//1347 295//1347
f 1718//1348 1710//1348 1701//1348
f 884//1349 992//1349 883//1349
f 1680//1350 1678//1350 1679//1350
f 902//1351 525//1351 524//1351
f 344//1352 256//1353 299//1354
f 135//1355 137//1355 136//1355
f 236//1356 228//1356 333//1356
f 448//1357 1967//1358 1966//1359
f 589//1360 604//1360 584//1360
f 910//1361 908//1361 907//1361
f 1981//1362 1968//1362 1987//1362
f 1982//1363 1987//1363 1979//1363
f 1988//1364 1987//1364 1989//1364
f 1990//1365 1989//1365 1991//1365
f 1991//1366 1993//1366 1992//1366
f 322//1367 320//1368 319//1369
f 992//1370 830//1370 883//1370
f 1144//1371 1086//1372 1143//1373
f 1995//1374 1978//1374 1994//1374
f 1133//1375 1118//1376 1126//1377
f 1997//1378 1994//1378 1996//1378
f 870//1379 1335//1379 1489//1379
f 805//1380 1982//1381 1998//1382
f 727//1383 2000//1383 1999//1383
f 1996//1384 1988//1384 1990//1384
f 1994//1385 1979//1385 1988//1385
f 1829//1386 792//1386 1273//1386
f 1830//1387 941//1387 983//1387
f 798//1388 800//1388 799//1388
f 729//1389 731//1389 730//1389
f 2011//1390 2023//1390 2022//1390
f 1834//1391 846//1391 1159//1391
f 402//1392 284//1392 347//1392
f 2022//1393 2024//1394 2025//1395
f 1838//1396 989//1396 988//1396
f 810//1397 952//1397 809//1397
f 1823//1398 1840//1398 644//1398
f 1430//1399 1432//1399 1431//1399
f 1215//1400 1841//1400 1079//1400
f 149//1401 176//1401 177//1401
f 1316//1402 873//1402 872//1402
f 2112//1403 1384//1403 2106//1403
f 1842//1404 1844//1404 1845//1404
f 1159//1405 845//1405 1160//1405
f 837//1406 1846//1406 1120//1406
f 1971//1407 2030//1407 2027//1407
f 517//1408 370//1408 189//1408
f 858//1409 833//1409 812//1409
f 1471//1410 2027//1410 1888//1410
f 3551//1411 626//1411 627//1411
f 2174//1412 770//1412 490//1412
f 935//1413 1854//1413 1010//1413
f 1613//1414 1611//1414 1618//1414
f 1231//1415 1225//1415 1295//1415
f 1856//1416 891//1416 892//1416
f 1300//1417 748//1417 741//1417
f 1150//1418 1858//1418 1859//1418
f 1643//1419 696//1419 1642//1419
f 1215//1420 1264//1420 1216//1420
f 1320//1421 902//1421 901//1421
f 1956//1422 1944//1422 1960//1422
f 2031//1423 669//1423 1474//1423
f 2034//1424 1310//1425 1299//354
f 1879//1426 1656//1427 1657//1428
f 40//1429 242//1429 39//1429
f 1992//1430 2039//1430 1456//1430
f 888//1431 957//1432 889//1433
f 1882//1434 1996//1434 1990//1434
f 1078//1435 1255//1435 1077//1435
f 1871//1436 1192//1436 1090//1436
f 294//1437 218//1437 219//1437
f 1323//1438 2026//1438 1471//1439
f 123//1440 83//1440 1484//1440
f 1324//1441 2041//1441 1323//1441
f 384//1442 359//1442 352//1442
f 1324//1443 2038//1443 2036//1443
f 1883//1444 1885//1444 1829//1444
f 287//1445 114//1445 107//1445
f 1096//1446 1134//729 661//731
f 915//1447 931//1447 916//1447
f 806//1448 1981//1448 1982//1448
f 3533//1449 584//1449 604//1449
f 1425//1450 2042//1450 1018//1450
f 1018//1451 1948//1451 1017//1451
f 3562//1452 740//1452 3519//1452
f 1948//1453 649//1454 646//1455
f 1881//1456 1990//1457 1991//1458
f 1900//1459 130//1459 278//1459
f 992//1460 994//1460 993//1460
f 923//1461 925//1462 924//1463
f 3878//1464 2047//1464 3876//1464
f 1643//1465 625//1466 606//1467
f 2050//1468 2051//1468 2049//1468
f 2045//1469 1404//1469 2047//1469
f 3876//1470 945//1470 3885//1470
f 1139//1471 1079//1471 1841//1471
f 1037//1472 892//1472 982//1472
f 2055//1473 2057//1473 2056//1473
f 1198//1474 718//1474 717//1474
f 1619//1475 1612//1476 1611//1477
f 2058//1478 1606//1478 2059//1478
f 2059//1479 1607//1479 2058//1479
f 2058//1480 1624//1480 1605//1480
f 71//1481 179//1481 37//1481
f 405//1482 1557//1482 382//1482
f 976//1483 1006//1483 977//1483
f 322//1484 1972//1485 1911//1486
f 2061//1487 2063//1487 2062//1487
f 2066//1488 2067//1488 1825//1488
f 2052//1489 2064//1489 2051//1489
f 1609//1490 2066//1490 1647//1490
f 1515//1491 152//1491 1516//1491
f 1009//1492 993//1492 1007//1492
f 1644//1493 3815//1494 2118//1495
f 279//1496 1916//1496 278//1496
f 1285//1497 3862//1497 1284//1497
f 1647//1498 1825//1498 1649//1498
f 2056//1499 2067//1499 2065//1499
f 319//1500 1953//1500 1952//1500
f 667//1501 1913//1501 1914//1501
f 2070//1502 625//1502 2048//1502
f 2052//1503 2055//1503 2063//1503
f 2038//1504 1655//1504 1458//1504
f 1606//1505 2073//1505 2072//1505
f 1235//1506 1270//1506 1236//1506
f 2072//1507 2075//1508 2074//1509
f 2059//1510 2072//1510 2062//1510
f 2074//1511 2077//1511 2076//1511
f 1601//1512 2078//1513 2073//1514
f 2049//1515 1643//1515 1645//1515
f 1000//1516 1001//1516 994//1516
f 1089//1517 684//1517 689//1517
f 1931//1518 1306//1519 1930//1520
f 1462//1521 1021//1521 1022//1521
f 1932//1522 1934//1522 1935//1522
f 875//1523 1846//1523 998//1523
f 1936//1524 1937//1524 1938//1524
f 44//1525 46//1525 92//1525
f 1534//1526 1956//1526 120//1526
f 1541//1527 317//1527 391//1527
f 2081//1528 2084//1529 2083//1530
f 146//1531 1959//1531 300//1531
f 1360//1532 1942//1532 1361//1532
f 985//1533 1032//640 1033//639
f 1995//1534 1892//1534 2043//1534
f 2079//1535 2082//1536 2081//1537
f 2095//1538 2076//1538 2077//1538
f 2081//1539 2078//1539 2079//1539
f 2055//1540 2054//1541 2053//1542
f 501//1543 2095//1543 500//1543
f 2097//1544 2099//1544 2098//1544
f 2098//1545 2094//1545 2083//1545
f 2140//1546 3893//1546 3866//1546
f 2141//1547 3894//1547 3893//1547
f 2051//1548 2048//1549 2049//1550
f 592//1551 2101//1552 1576//1553
f 2071//1554 2076//1554 2096//1554
f 2102//1555 2098//1556 2101//1557
f 593//1558 2102//1558 592//1558
f 1019//1559 746//1559 747//1559
f 1950//1560 12//1560 1327//1560
f 725//1561 2096//1561 501//1561
f 1385//1562 2104//1562 1379//1562
f 1379//1563 2106//1563 1384//1563
f 2107//1564 2100//1565 2097//1566
f 3908//1567 502//1568 3896//1569
f 3896//1569 499//1570 3901//1571
f 940//1572 2109//1573 944//1574
f 928//1575 1170//1575 973//1575
f 3868//1576 684//1576 3899//1576
f 1962//1577 1964//1577 1961//1577
f 3878//1578 573//1578 3897//1578
f 2039//1579 1968//1580 1969//1581
f 1389//1582 2110//1583 2109//1573
f 1398//1584 2113//1584 1397//1584
f 3757//1585 3753//1585 3743//1585
f 3911//1586 2107//1587 2103//1588
f 949//1589 924//1589 1115//1589
f 260//1590 324//863 326//865
f 1390//1591 2113//1592 2110//1593
f 2070//1594 2064//1594 2071//1594
f 3867//1595 2103//1596 593//1597
f 2105//1598 1421//1599 2114//1600
f 2114//1601 1423//1601 2115//1601
f 3892//1602 2115//1602 3903//1602
f 3908//1603 2114//1603 3892//1603
f 554//1604 1902//1604 553//1604
f 972//1605 967//259 966//258
f 1765//1606 1573//1606 1574//1606
f 1984//1607 1986//1607 1983//1607
f 2053//1608 2069//1608 2057//1608
f 3573//1609 724//1609 714//1609
f 1625//1610 1674//1610 1673//1610
f 3881//1611 2119//1611 2122//1611
f 3903//1612 2123//1612 3904//1612
f 56//1613 1906//1613 55//1613
f 626//1614 3879//1614 629//1614
f 2001//1615 2003//1615 2004//1615
f 3912//1616 2127//1616 3907//1616
f 2006//1617 2008//1618 2009//1619
f 2127//1620 1412//1620 2128//1620
f 2014//1621 2016//1621 2017//1621
f 2018//1622 2020//1623 2021//1624
f 1495//1625 1947//1625 197//1625
f 1379//1626 1386//1626 1385//1626
f 3814//1627 1680//1627 1618//1627
f 2029//1628 1884//1628 2028//1628
f 3902//1629 2120//1629 3887//1629
f 629//1630 3914//1630 3872//1630
f 682//1631 943//1631 1089//1631
f 724//1632 2121//1632 716//1632
f 1757//1633 3821//1633 3845//1633
f 765//1634 3844//1634 3809//1634
f 3851//1635 715//1635 3852//1635
f 706//1636 3870//1636 3872//1636
f 981//1637 987//1637 980//1637
f 1457//1638 1656//1638 1880//1638
f 2017//1639 2032//1639 2033//1639
f 1458//1640 1868//1640 1457//1640
f 1776//1150 1792//1641 1793//1148
f 1959//1642 1946//1642 1958//1642
f 3663//1643 3725//1643 3661//1643
f 3913//1644 2122//1644 3850//1644
f 1093//1645 689//1645 1088//1645
f 966//1646 968//1646 972//1646
f 3852//1647 3881//1647 3913//1647
f 2172//1648 2170//1648 2171//1648
f 670//1649 2137//1649 669//1649
f 3761//1650 1903//1650 233//1650
f 1429//1651 28//1651 1449//1651
f 964//1652 978//1652 971//1652
f 3841//1653 1413//1653 2127//1653
f 1473//1654 669//1655 2137//1656
f 3834//1657 1359//1657 1358//1657
f 2138//1658 1870//1658 2137//1658
f 1872//1659 2137//1659 1870//1659
f 715//1660 3888//1660 3881//1660
f 1881//1661 1992//1661 1880//1661
f 3843//1662 739//1662 740//1662
f 1837//1663 3513//1663 3514//1663
f 253//1664 59//1664 85//1664
f 1808//1665 3840//1665 1807//1665
f 1647//1666 3818//1666 1609//1666
f 3865//1667 671//1667 668//1667
f 2112//1668 3883//1668 2111//1668
f 1405//1669 2044//1669 1438//1669
f 3829//1670 1364//1670 1366//1670
f 273//1671 391//1671 249//1671
f 576//1672 3520//1672 3555//1672
f 3875//1673 668//1674 2031//1675
f 1430//1676 2140//1676 2139//1676
f 2136//1677 3860//1677 28//1677
f 1430//1678 18//1678 19//1678
f 3893//1679 570//1679 695//1679
f 1442//1680 2046//1681 2141//1682
f 1431//1683 2141//1683 2140//1683
f 3869//1684 3850//1684 2136//1684
f 3808//1685 1817//1685 766//1685
f 3866//1686 695//1686 671//1686
f 2142//1687 798//1688 2138//1689
f 571//1690 2142//1691 694//1692
f 3819//1693 1618//1693 1611//1693
f 2143//1694 2025//1695 2142//1687
f 694//339 2138//1696 670//340
f 681//1697 2144//1697 572//1697
f 2144//1698 2022//1698 2143//1698
f 328//1699 457//1699 290//1699
f 1572//1700 2011//1700 2144//1700
f 630//1701 3903//1701 624//1701
f 2085//1702 2087//1702 2088//1702
f 2090//1703 2092//1703 2089//1703
f 572//1704 2143//1704 571//1704
f 1875//1705 2153//1706 2149//1707
f 1873//1708 2149//1708 2154//1708
f 2103//1709 2097//1709 2102//1709
f 2157//1710 2155//1710 2156//1710
f 2128//1711 1414//1711 2120//1711
f 3874//1712 589//1712 582//1712
f 3872//1713 628//1713 629//1713
f 2149//1714 2158//1714 2159//1714
f 2159//1715 3905//1715 3890//1715
f 698//1716 3902//1716 705//1716
f 3823//1717 3827//1718 1817//1719
f 2158//1720 3874//1720 3905//1720
f 1438//1721 2046//1721 1439//1721
f 2035//1722 2160//1722 2161//1722
f 2161//1723 3889//1723 3886//1723
f 3871//1724 605//1724 589//1724
f 3873//1725 18//1726 3875//1727
f 370//1728 61//1728 451//1728
f 649//1729 413//1729 648//1729
f 2153//1730 2156//1730 2158//1730
f 1428//1731 1449//1731 1450//1731
f 1490//1732 73//1733 1488//1734
f 3890//1735 710//1735 633//1735
f 2155//1736 3891//1737 3871//1738
f 1456//1739 1880//1739 1992//1739
f 2125//1740 2087//1740 2124//1740
f 2160//1741 3890//1742 3889//1743
f 300//1744 505//1744 323//1744
f 1064//1745 1046//1745 1065//1745
f 2043//1746 1891//1746 2155//1746
f 2129//1747 2004//1747 2003//1747
f 2131//1748 2133//1748 2134//1748
f 3848//1749 1450//1749 1449//1749
f 1998//1382 804//1750 805//1380
f 3879//1751 3864//1752 3914//1753
f 474//1754 490//1754 770//1754
f 1164//1755 1182//1755 1177//1755
f 707//1756 3909//1756 3870//1756
f 708//1757 2162//1757 707//1757
f 2162//1758 3886//1758 3909//1758
f 548//1759 1905//1759 458//1759
f 1145//1760 1114//1760 1171//1760
f 705//1761 1650//1761 704//1761
f 2043//1762 1977//1762 1995//1762
f 737//1763 554//1763 559//1763
f 1034//1764 1191//1764 1023//1764
f 458//1765 1907//1765 275//1765
f 195//1766 232//1766 233//1766
f 2040//1767 1969//1767 1970//1767
f 2145//1768 2147//1768 2148//1768
f 2054//1769 2049//1769 1645//1769
f 3832//1770 1639//1770 3818//1770
f 9//1771 11//1771 10//1771
f 252//1772 506//1772 258//1772
f 472//1773 479//1773 471//1773
f 1865//1774 3791//1774 3503//1774
f 900//1775 910//1775 907//1775
f 1941//1776 2151//1777 1942//1778
f 1921//1779 1927//1779 1919//1779
f 2163//1780 1898//1780 2116//1780
f 271//1781 153//1781 178//1781
f 1904//1782 12//1782 9//1782
f 282//1783 264//1783 460//1783
f 1872//1784 2154//1785 2035//1786
f 1326//1787 1897//1787 2163//1787
f 628//1788 693//1788 627//1788
f 1724//1789 1719//1790 1723//1791
f 1549//1792 436//1792 172//1792
f 1582//1793 1730//1793 1729//1793
f 1921//1794 1929//1794 1928//1794
f 3563//1795 10//1795 11//1795
f 2152//1796 1950//1796 1949//1796
f 475//1797 774//1797 771//1797
f 769//1798 2171//1798 473//1798
f 2171//1799 476//1799 473//1799
f 476//1800 772//1800 475//1800
f 1791//1801 464//1801 1760//1801
f 2166//1802 2168//1802 2169//1802
f 595//1803 372//1803 98//1803
f 483//1804 1641//1804 482//1804
f 762//1805 2173//1805 470//1805
f 771//1806 484//1806 492//1806
f 486//1807 1809//1807 483//1807
f 297//1808 1517//1808 296//1808
f 763//1809 2174//1809 762//1809
f 776//1810 759//1810 489//1810
f 184//1811 2176//1811 2000//1811
f 412//1812 303//1812 414//1812
f 2005//1813 185//1813 224//1813
f 3811//1814 1682//1814 3846//1814
f 2164//1815 756//1815 764//1815
f 1472//1816 2161//1817 2162//1818
f 950//1819 964//1819 965//1819
f 2177//1820 2179//1820 2180//1820
f 227//1821 1510//1821 333//1821
f 764//1822 467//1822 2164//1822
f 2182//1823 2184//1823 2181//1823
f 2186//1824 2018//1824 2185//1824
f 1985//1825 2181//1825 1986//1825
f 214//1826 729//1826 1531//1826
f 1545//1827 1546//1827 1569//1827
f 865//1828 842//1828 866//1828
f 849//1829 1357//1829 1362//1829
f 452//1830 1558//1830 454//1830
f 559//1831 3188//1831 737//1831
f 16//1832 737//1832 3188//1832
f 560//1833 498//1834 374//1835
f 3193//1836 3195//1836 3194//1836
f 3200//1837 3198//1837 3199//1837
f 3211//1838 3213//1838 3212//1838
f 3215//1839 3217//1839 3216//1839
f 2187//1840 2002//1840 2001//1840
f 2169//1841 2189//1841 2190//1841
f 2192//1842 2085//1842 2191//1842
f 2193//1843 2195//1843 2196//1843
f 2198//1844 2200//1844 2197//1844
f 1998//1845 1979//1845 1975//1845
f 3664//1846 3668//1846 3671//1846
f 2116//1847 1903//1848 1902//1849
f 1859//1850 2009//1850 1150//1850
f 3904//1851 2126//1851 3906//1851
f 1135//1852 1087//1852 1130//1852
f 2201//1853 2015//1853 2014//1853
f 1149//1854 110//1854 1858//1854
f 3221//1855 3218//1855 3215//1855
f 2203//1856 2205//1856 2206//1856
f 579//1857 1895//1857 1019//1857
f 1755//1858 2208//1858 1756//1858
f 3891//1859 1893//1859 605//1859
f 1211//1291 2150//1860 1727//1289
f 868//1861 2210//1861 2209//1861
f 944//1862 930//1862 940//1862
f 2130//1863 2202//1863 2201//1863
f 233//1864 1898//1864 195//1864
f 665//1865 750//1865 666//1865
f 1167//1866 999//1866 618//1866
f 2211//1867 2213//1867 2214//1867
f 2215//1868 2217//1869 2218//1870
f 3867//1871 590//1872 3868//1873
f 2220//1874 220//1874 2219//1874
f 823//1875 948//1876 1094//1877
f 3225//1878 3227//1878 3226//1878
f 266//1879 455//1879 265//1879
f 3882//1880 2107//1880 3883//1880
f 2221//1881 3519//1882 3517//1883
f 2223//1884 2225//1884 2226//1884
f 2207//1885 2124//1885 2208//1885
f 673//1886 3869//1886 3864//1886
f 817//1887 996//1887 815//1887
f 2227//1888 2146//1889 2145//1890
f 1947//1891 646//1891 749//1891
f 3900//1892 17//1892 3873//1892
f 2229//1893 1638//1893 1381//1893
f 1679//1894 1618//1894 1680//1894
f 1637//1895 2232//1895 2230//1895
f 2233//1896 1617//1896 1616//1896
f 2231//1897 2236//1897 2237//1897
f 1381//1898 2238//1898 1382//1898
f 3586//1899 2242//1900 3587//1901
f 1630//1902 2233//1902 1631//1902
f 1681//1903 472//1903 469//1903
f 1408//1904 2243//1904 2244//1904
f 3236//1905 3238//1905 3237//1905
f 3232//1906 3240//1906 3235//1906
f 1637//1907 2238//1907 1638//1907
f 3237//1908 3233//1908 3234//1908
f 1409//1909 1634//1909 2245//1909
f 1380//1910 2247//1910 2246//1910
f 1628//1911 2245//1911 1621//1911
f 2249//1912 1622//1912 1633//1912
f 1632//1913 1408//1913 2244//1913
f 2248//1914 1631//1914 2250//1914
f 2235//1915 1637//1915 1636//1915
f 3245//1916 3199//1916 3198//1916
f 631//1917 2071//1917 725//1917
f 515//1918 52//1918 49//1918
f 782//1919 2251//1919 1251//1919
f 2253//1920 2255//1920 2252//1920
f 397//1921 459//1921 784//1921
f 1456//1922 2040//1922 1455//1922
f 2040//1923 2036//1923 1455//1923
f 1401//1924 2111//1924 1398//1924
f 2041//1925 1970//1925 2026//1925
f 1535//1926 414//1926 1965//1926
f 1586//1927 2080//1927 2079//1927
f 2256//1928 1132//1928 1886//1928
f 1700//1929 3918//1929 3919//1929
f 3815//1930 1686//1931 3817//1932
f 1263//1933 1886//1933 1096//1933
f 598//1934 844//1935 599//1936
f 2257//1937 2259//1937 2260//1937
f 2258//1938 2262//1939 2259//1940
f 2259//1941 2263//1941 2216//1941
f 2260//1942 2216//1942 2215//1942
f 1967//1943 1970//1943 1969//1943
f 2212//1944 1963//1944 2213//1944
f 922//1945 2218//1870 2217//1869
f 1312//1946 1101//1946 2264//1946
f 1307//1947 1286//1947 789//1947
f 1548//1948 1546//1948 1972//1948
f 2266//1949 2268//1949 2265//1949
f 2265//1950 2270//1950 2269//1950
f 2272//1951 2269//1951 2271//1951
f 2273//1952 2265//1952 2272//1952
f 2275//1953 2277//1953 2274//1953
f 2278//1954 2277//1954 2279//1954
f 2284//1955 3617//1955 3639//1955
f 2287//1956 2286//1956 2281//1956
f 2288//1957 2283//1957 2287//1957
f 2290//1958 3639//1958 3620//1958
f 2291//1959 2293//1959 2294//1959
f 2295//1960 2294//1960 2279//1960
f 2296//1961 2291//1961 2295//1961
f 2297//1962 2292//1962 2291//1962
f 2294//1963 2299//1963 2300//1963
f 2279//1964 2300//1964 2278//1964
f 2298//1965 2302//1965 2292//1965
f 2292//1966 2303//1966 2293//1966
f 2293//1967 2304//1967 2299//1967
f 2304//1968 2306//1968 2299//1968
f 2306//1969 2300//1969 2299//1969
f 2308//1970 2310//1970 2307//1970
f 2302//1971 2310//1971 2303//1971
f 2301//1972 2307//1972 2302//1972
f 2312//1973 2307//1973 2311//1973
f 2313//1974 2315//1974 2316//1974
f 2318//1975 2320//1975 2317//1975
f 3748//1976 2322//1977 2323//1978
f 2324//1979 2273//1980 2326//1981
f 2313//1982 2326//1982 2327//1982
f 2328//1983 2313//1983 2316//1983
f 2329//1984 2324//1984 2328//1984
f 2331//1985 2333//1985 2330//1985
f 2330//1986 2267//1986 2266//1986
f 2325//1987 2266//1988 2273//1989
f 2329//1990 2330//1990 2325//1990
f 2333//1991 2335//1991 2267//1991
f 2336//1992 2333//1992 2332//1992
f 2338//1993 2332//1994 2337//1995
f 2331//1996 2337//1997 2332//1998
f 2329//1999 2339//1999 2331//1999
f 2328//2000 2340//2001 2329//2002
f 2316//2003 2341//2003 2328//2003
f 2342//2004 2315//2004 2343//2004
f 2344//2005 2346//2005 2347//2005
f 2341//2006 2347//2007 2340//2008
f 2342//2009 2344//2009 2341//2009
f 2348//2010 2345//2011 2344//2012
f 2350//2013 2352//2013 2353//2013
f 2339//2014 2353//2014 2337//2014
f 2340//2015 2350//2015 2339//2015
f 2347//2016 2351//2016 2350//2016
f 2337//2017 2354//2017 2338//2017
f 2353//2018 2355//2018 2354//2018
f 2356//2019 2276//2019 2357//2019
f 2356//2020 2358//2020 2359//2020
f 2356//2021 2296//2021 2295//2021
f 2279//2022 2356//2022 2295//2022
f 2360//2023 2270//2023 2268//2023
f 2267//2024 2360//2024 2268//2024
f 2362//2025 2364//2026 2365//2027
f 2362//2028 2361//2028 2358//2028
f 2366//2029 2358//2029 2357//2029
f 2366//2030 2363//2031 2362//2032
f 2357//2033 2368//2033 2366//2033
f 2366//2034 2369//2035 2367//2036
f 2276//2037 2370//2038 2368//2039
f 2368//2040 2282//2040 2369//2040
f 2372//2041 2374//2041 2371//2041
f 2375//2042 2377//2042 2007//2042
f 2378//2043 2380//2043 2381//2044
f 2382//2045 2381//2045 2383//2045
f 2384//2046 2378//2047 2382//2048
f 2385//2049 2379//2049 2378//2049
f 2388//2050 2390//2050 2387//2050
f 2387//2051 2392//2051 2391//2051
f 2393//2052 2387//2053 2391//2054
f 2394//2055 2388//2055 2387//2055
f 2186//2056 2402//2057 2400//2058
f 2403//2059 2327//2060 2326//2061
f 2272//2062 2326//2062 2273//2062
f 2271//2063 2403//2063 2272//2063
f 2405//2064 2404//2065 2403//2066
f 2404//2067 2408//2067 2327//2067
f 2409//2068 2411//2068 2412//2068
f 2409//2069 2271//2069 2269//2069
f 2413//2070 2269//2070 2270//2070
f 2413//2071 2410//2071 2409//2071
f 2417//2072 2416//2073 2418//2074
f 2417//2075 2406//2075 2405//2075
f 2412//2076 2405//2076 2271//2076
f 2411//2077 2417//2077 2412//2077
f 2406//2078 2407//2078 2404//2078
f 3569//2079 632//2079 713//2079
f 2420//2080 2397//2080 2421//2080
f 2420//2081 2423//2081 2422//2081
f 2424//2082 2422//2082 2419//2082
f 2424//2083 2398//2083 2420//2083
f 2425//2084 2392//2084 2426//2084
f 2421//2085 2426//2085 2423//2085
f 2397//2086 2425//2086 2421//2086
f 2396//2087 2391//2087 2425//2087
f 2427//2088 2315//2088 2314//2088
f 2427//2089 2408//2089 2428//2089
f 2430//2090 2428//2090 2429//2090
f 2343//2091 2427//2091 2430//2091
f 2432//2092 2430//2092 2431//2092
f 2431//2093 2429//2093 2433//2093
f 2435//2094 2433//2094 2434//2094
f 2436//2095 2431//2096 2435//2097
f 2428//2098 2407//2098 2437//2098
f 2422//2099 2407//2099 2419//2099
f 2438//2100 2422//2100 2423//2100
f 2429//2101 2437//2101 2438//2101
f 2440//2102 2433//2102 2439//2102
f 2441//2103 2433//2103 2429//2103
f 2442//2104 2439//2104 2441//2104
f 2443//2105 2440//2105 2439//2105
f 2445//2106 2444//2106 2443//2106
f 2447//2107 2443//2107 2442//2107
f 2383//2108 2445//2108 2447//2108
f 2381//2109 2446//2109 2445//2109
f 2448//2110 2423//2110 2426//2110
f 2449//2111 2426//2111 2392//2111
f 2441//2112 2449//2112 2442//2112
f 2441//2113 2438//2113 2448//2113
f 2449//2114 2390//2114 2450//2114
f 2450//2115 2389//2115 2451//2115
f 2447//2116 2451//2116 2383//2116
f 2442//2117 2450//2117 2447//2117
f 2451//2118 2453//2119 2452//2120
f 2452//2121 2455//2121 2454//2121
f 2382//2122 2454//2122 2384//2122
f 2383//2123 2452//2123 2382//2123
f 2456//2124 2373//2124 2372//2124
f 2459//2125 2461//2125 2458//2125
f 2463//2126 2465//2126 2462//2126
f 2462//2127 2285//2127 2284//2127
f 2466//2128 2284//2128 2290//2128
f 2467//2129 2462//2129 2466//2129
f 2461//2130 3703//2130 3701//2130
f 2468//2131 2470//2132 2471//2133
f 2472//2134 2471//2134 2473//2134
f 2474//2135 3701//2135 3688//2135
f 2475//2136 2477//2136 2478//2136
f 2458//2137 2453//2137 2479//2137
f 2479//2138 2389//2138 2388//2138
f 2395//2139 2479//2140 2388//2141
f 2480//2142 2458//2143 2479//2144
f 2481//2145 2483//2145 2478//2145
f 2484//2146 2485//2146 221//2146
f 2471//2147 2464//2148 2463//2149
f 2473//2150 2463//2150 2467//2150
f 2487//2151 2466//2151 2486//2151
f 2486//2152 2290//2152 2488//2152
f 2490//2153 2488//2153 2489//2153
f 2491//2154 2486//2155 2490//2156
f 2492//2157 2467//2157 2487//2157
f 2493//2158 2487//2158 2491//2158
f 2494//2159 2492//2159 2493//2159
f 2495//2160 2473//2160 2492//2160
f 3690//2161 2474//2161 3688//2161
f 3691//2162 2496//2162 3690//2162
f 2498//2163 2493//2163 2499//2163
f 2500//2164 2499//2164 2501//2164
f 3700//2165 2498//2165 2500//2165
f 3687//2166 2494//2166 2498//2166
f 2306//2167 2278//2167 2300//2167
f 2305//2168 2504//2168 2306//2168
f 2504//2169 2507//2169 2506//2169
f 2506//2170 2288//2170 2508//2170
f 2274//2171 2508//2171 2275//2171
f 2278//2172 2506//2172 2274//2172
f 3633//2173 2489//2173 2488//2173
f 3620//2174 2488//2174 2290//2174
f 2507//2175 2289//2175 2288//2175
f 2505//2176 2509//2176 2507//2176
f 2508//2177 2287//2177 2511//2177
f 2511//2178 2281//2178 2280//2178
f 2370//2179 2280//2179 2282//2179
f 2275//2180 2511//2180 2370//2180
f 2512//2181 2489//2181 2513//2181
f 2514//2182 2513//2183 2515//2184
f 2517//2185 2514//2185 2516//2185
f 2517//2186 2490//2187 2512//2188
f 2499//2189 2491//2189 2517//2189
f 2499//2190 2516//2191 2501//2192
f 2510//2193 2519//2194 2518//2195
f 2518//2196 2521//2196 2520//2196
f 3616//2197 2520//2197 3621//2197
f 3632//2198 2518//2198 3616//2198
f 2522//2199 2303//2199 2310//2199
f 2523//2200 2310//2200 2309//2200
f 2305//2201 2522//2202 2524//2203
f 2524//2204 2523//2204 2525//2204
f 2519//2205 2525//2205 2521//2205
f 2505//2206 2524//2206 2519//2206
f 2308//2207 2527//2207 2526//2207
f 2526//2208 2529//2208 2528//2208
f 2531//2209 2528//2209 2530//2209
f 2309//2210 2526//2210 2531//2210
f 1214//2211 2151//2212 1211//2213
f 2419//2214 2418//2214 2424//2214
f 2533//2215 2349//2216 2317//2217
f 2534//2218 2317//2218 2320//2218
f 2535//2219 2533//2219 2534//2219
f 2536//2220 2345//2220 2533//2220
f 2537//2221 2346//2221 2536//2221
f 2538//2222 2536//2222 2535//2222
f 2539//2223 2537//2223 2538//2223
f 2540//2224 2351//2224 2537//2224
f 2312//2225 2541//2226 2527//2227
f 2527//2228 2542//2228 2529//2228
f 2543//2229 2434//2230 2544//2231
f 2545//2232 2544//2232 2546//2232
f 2319//2233 2543//2233 2545//2233
f 2318//2234 2435//2235 2543//2236
f 2514//2237 2548//2237 2547//2237
f 2547//2238 2550//2238 2549//2238
f 2552//2239 2549//2239 2551//2239
f 2552//2240 2514//2240 2547//2240
f 2520//2241 2554//2242 2553//2243
f 2553//2244 2556//2244 2555//2244
f 3590//2245 2555//2245 3593//2245
f 3621//2246 2553//2246 3590//2246
f 2523//2247 2531//2247 2557//2247
f 2557//2248 2530//2248 2558//2248
f 2525//2249 2557//2249 2559//2249
f 2559//2250 2558//2250 2560//2250
f 2554//2251 2560//2251 2556//2251
f 2521//2252 2559//2252 2554//2252
f 2561//2253 2007//2253 2006//2253
f 2376//2254 2225//2254 2377//2254
f 2564//2255 2566//2256 2563//2257
f 2563//2258 338//2258 2567//2258
f 2569//2259 2567//2259 2568//2259
f 2570//2260 2563//2260 2569//2260
f 2572//2261 2574//2261 2571//2261
f 2571//2262 2576//2263 2575//2264
f 2544//2265 2575//2265 2546//2265
f 2544//2266 2572//2266 2571//2266
f 2578//2267 2569//2268 2577//2269
f 2579//2270 2569//2270 2568//2270
f 2574//2271 2579//2272 2576//2273
f 2573//2274 2577//2269 2574//2275
f 2581//2276 2583//2276 2580//2276
f 2584//2277 2583//2277 2585//2277
f 3697//2278 2580//2278 2584//2278
f 3676//2279 2580//2279 3675//2279
f 2582//2280 2552//2280 2583//2280
f 2583//2281 2551//2281 2585//2281
f 2500//2282 2589//2282 2588//2282
f 2590//2283 2589//2283 2591//2283
f 3693//2284 2588//2284 2590//2284
f 3695//2285 2500//2285 2588//2285
f 2501//2286 2591//2286 2589//2286
f 2592//2287 2594//2287 2595//2288
f 2386//2289 2503//2289 2502//2289
f 2596//2290 2386//2290 2374//2290
f 2596//2291 2373//2291 2597//2291
f 2599//2292 2597//2293 2598//2293
f 2599//2294 2379//2294 2596//2294
f 2600//2295 2380//2296 2599//2297
f 2600//2298 2598//2298 2601//2298
f 2603//2299 2601//2299 2602//2299
f 2603//2300 2446//2300 2600//2300
f 2604//2301 2602//2301 2605//2301
f 2440//2302 2605//2302 2434//2302
f 2444//2303 2604//2304 2440//2305
f 2606//2306 2581//2306 2607//2306
f 2606//2307 2590//2307 2591//2307
f 2591//2308 2582//2308 2606//2308
f 3676//2309 2456//2309 3689//2309
f 3689//2310 2372//2310 3693//2310
f 2478//2311 2608//2311 2481//2311
f 2609//2312 2611//2313 2199//2314
f 2564//2315 2613//2316 2612//2317
f 2612//2318 2598//2318 2597//2318
f 2457//2319 2597//2320 2373//2321
f 2565//2322 2612//2322 2457//2322
f 2614//2323 2570//2323 2578//2323
f 2615//2324 2578//2267 2573//2274
f 2602//2325 2614//2325 2615//2325
f 2601//2326 2613//2326 2614//2326
f 2572//2327 2605//2328 2616//2329
f 2616//2330 2602//2331 2615//2332
f 2573//2333 2616//2330 2615//2332
f 1459//2334 1045//2334 1021//2334
f 1265//2335 1079//2335 1082//2335
f 1612//1476 1609//2336 1611//1477
f 2067//2337 2069//2337 2068//2337
f 1135//2338 1136//2339 1148//2340
f 1938//2341 2618//2341 2617//2341
f 95//2342 458//2342 128//2342
f 2058//2343 1608//2343 1612//2343
f 1454//2344 1445//2344 1367//2344
f 655//2345 1048//2345 2619//2345
f 722//2346 2621//2346 723//2346
f 1131//2347 1033//2347 1134//2347
f 562//2348 366//2348 1497//2348
f 1723//2349 1725//2349 1591//2349
f 1786//2350 1122//2350 1787//2350
f 267//2351 323//2351 266//2351
f 1325//2352 1654//2352 2038//2352
f 1468//2353 1435//2353 1479//2353
f 658//2354 529//2355 528//2356
f 8//2357 247//2357 7//2357
f 382//2358 1559//2358 3//2358
f 788//507 1307//2359 789//505
f 940//2360 929//2360 928//2360
f 911//2361 2623//2361 912//2361
f 2621//2362 655//2362 654//2362
f 2624//2363 2625//2363 2626//2363
f 998//2364 27//2364 26//2364
f 635//2365 2626//2365 2625//2365
f 2627//2366 644//2366 1840//2366
f 2628//2367 1840//2367 2629//2367
f 1200//2368 2627//2368 2628//2368
f 1199//2369 641//2369 2627//2369
f 1520//2370 49//2370 477//2370
f 1452//2371 1349//2371 1451//2371
f 2630//2372 1859//2372 1858//2372
f 644//2373 1335//2373 1823//2373
f 1197//2374 717//2374 2632//2374
f 2632//2375 719//2375 1166//2375
f 2628//2376 1166//2376 1200//2376
f 2629//2377 2632//2377 2628//2377
f 1762//2378 1050//2378 821//2378
f 1823//2379 873//2379 1839//2379
f 2634//2380 794//2380 652//2380
f 1028//2381 1027//2382 1161//2383
f 1042//2384 2635//2384 1043//2384
f 93//2385 1901//2385 1924//2385
f 2036//2386 1458//2387 1455//2388
f 1527//2389 1525//2389 1526//2389
f 877//2390 1274//2390 1277//2390
f 134//2391 797//2391 1544//2391
f 1328//2392 931//2392 1329//2392
f 607//2393 1091//2393 1161//2393
f 1043//2394 2637//2394 2636//2394
f 2636//2395 2639//2395 2638//2395
f 1275//2396 2638//2396 1276//2396
f 1275//2397 1043//2398 2636//2399
f 1272//2400 2626//2400 2640//2400
f 2640//2401 638//2401 637//2401
f 1110//2402 2640//2402 637//2402
f 536//2403 2640//2404 2641//2405
f 1472//2406 1474//2406 1473//2406
f 2042//2407 1951//2407 649//2407
f 1058//2408 1105//2408 1059//2408
f 2642//2409 2643//2410 2644//2411
f 1192//2412 2644//2412 1193//2412
f 912//2413 2642//2413 1192//2413
f 3898//2414 3526//2414 3786//2414
f 1049//2415 2620//2415 2621//2415
f 616//2416 1885//2416 613//2416
f 1331//2417 666//2417 750//2417
f 990//2418 1198//2418 525//2418
f 1911//2419 321//2419 322//2419
f 1298//2420 1205//2420 2645//2420
f 76//2421 1504//2421 75//2421
f 1502//2422 421//2422 422//2422
f 610//2423 658//2423 691//2423
f 1146//2424 659//2424 938//2424
f 2646//2425 914//2425 936//2425
f 1280//2426 1238//2426 1279//2426
f 975//2427 2647//2427 2648//2427
f 2647//2428 975//2428 974//2428
f 1453//2429 1452//2429 1451//2429
f 1514//2430 158//2430 151//2430
f 835//2431 1843//2431 1842//2431
f 1271//2432 1173//2432 1289//2432
f 2649//2433 813//2433 2650//2433
f 1893//2434 1826//2434 1894//2434
f 1050//2435 1937//2435 1051//2435
f 2651//2436 814//2436 813//2436
f 1006//2437 1281//2437 977//2437
f 2653//2438 2654//2438 2655//2438
f 1001//2439 1003//2440 1002//2441
f 585//2442 679//2442 558//2442
f 2624//2443 621//2443 620//2443
f 555//2444 2028//2444 556//2444
f 1207//2445 1197//2445 2629//2445
f 1626//2446 478//2446 472//2446
f 426//2447 419//2448 1567//2449
f 1030//2450 1773//2450 1031//2450
f 3898//2451 634//2451 3880//2451
f 534//2452 138//2453 262//2454
f 1125//2455 1042//2456 1041//2457
f 333//2458 88//2458 227//2458
f 569//2459 561//2459 730//2459
f 1489//2460 871//2460 870//2460
f 1857//2461 620//2461 891//2461
f 1673//2462 3770//2462 3763//2462
f 622//2463 864//2463 1308//2463
f 2647//2464 974//2464 2657//2464
f 619//443 891//2465 620//441
f 261//2466 545//2466 262//2466
f 393//2467 1556//2467 404//2467
f 2658//2468 2647//2468 2657//2468
f 1075//2469 2657//2469 917//2469
f 1081//2470 2658//2470 1075//2470
f 1080//2471 2659//2471 2658//2471
f 2644//2472 1141//2472 2660//2472
f 2660//2473 1140//2473 1336//2473
f 642//2474 1336//2474 643//2474
f 1193//2475 2660//2475 642//2475
f 679//2476 555//2476 558//2476
f 1503//2477 1500//2477 1502//2477
f 1318//2478 1101//2478 1100//2478
f 2661//2479 1139//2479 1142//2479
f 2661//2480 2663//2480 2662//2480
f 2662//2481 2659//2481 2661//2481
f 2662//2482 2622//2483 2664//2484
f 2664//2485 911//2485 2646//2485
f 2648//2486 2646//2486 1146//2486
f 2648//2487 2662//2482 2664//2484
f 2083//2488 2093//2488 2081//2488
f 1442//2489 1437//2489 1439//2489
f 519//2490 330//2490 51//2490
f 1885//2491 1209//2492 613//2493
f 799//2494 805//2494 804//2494
f 1946//2495 1952//2495 1953//2495
f 1302//2496 1253//2496 1252//2496
f 566//2497 224//2497 533//2497
f 1389//2498 928//2498 1388//2498
f 683//2499 681//2499 680//2499
f 836//2500 1842//2500 2665//2500
f 2665//2501 1845//2501 1303//2501
f 2666//2502 1303//2503 1302//2504
f 24//2505 2665//2505 2666//2505
f 831//2506 2650//2507 832//2508
f 1845//2509 1304//2509 1303//2509
f 2010//2510 2012//2510 2011//2510
f 1051//2511 2667//2511 2668//2511
f 1522//2512 1511//2512 1523//2512
f 531//2513 441//2513 522//2513
f 782//2514 1251//2514 1250//2514
f 1250//2515 2625//2515 2669//2515
f 2669//2516 1857//2516 1856//2516
f 783//2517 1856//2517 1037//2517
f 782//2518 2669//2518 783//2518
f 720//2519 2671//2520 721//2520
f 1055//2521 1930//2522 1056//2523
f 1333//2524 1251//2524 2251//2524
f 619//2525 1308//2525 1307//2525
f 652//2526 2619//2526 2634//2526
f 521//2527 1539//2527 1540//2527
f 1838//2528 537//2528 2672//2528
f 2672//2529 536//2529 2641//2529
f 1113//2530 2641//2530 1110//2530
f 1113//2531 1838//2531 2672//2531
f 1016//2532 1351//2532 1045//2532
f 3897//2533 570//2533 3894//2533
f 226//2534 104//2534 101//2534
f 3564//2535 3827//2535 1818//2535
f 1036//2536 1884//2536 1883//2536
f 2674//2537 1304//2537 2673//2537
f 2673//2538 1844//2538 2675//2538
f 1334//2539 2675//2539 1039//2539
f 1333//2540 2673//2540 1334//2540
f 2676//2541 1039//2541 2675//2541
f 1843//2542 2675//2542 1844//2542
f 942//2543 2676//2543 1843//2543
f 1074//2544 702//2544 2676//2544
f 811//2545 859//2545 858//2545
f 752//2546 1055//2546 753//2546
f 1200//2547 656//2547 1026//2547
f 1120//2548 874//2548 2677//2548
f 2677//2549 877//2549 1052//2549
f 1241//2550 1052//2550 1005//2550
f 1119//2551 2677//2551 1241//2551
f 1560//2552 151//2552 1515//2552
f 1208//2553 611//2553 523//2553
f 215//2554 736//2554 214//2554
f 1460//2555 1462//2556 1461//2555
f 1208//2557 1839//2557 873//2557
f 854//2558 1282//2558 1297//2558
f 72//2559 182//2559 179//2559
f 544//2560 1565//2560 512//2560
f 217//2561 456//2561 457//2561
f 2047//2562 930//2562 945//2562
f 1204//2563 1937//2563 2633//2563
f 913//2564 686//2564 685//2564
f 840//2565 1113//2565 1112//2565
f 1531//2566 730//2566 561//2566
f 2678//2567 1283//2567 801//2567
f 601//2568 1914//2569 602//2570
f 1537//2571 459//2571 460//2571
f 1819//2572 3509//2573 3527//2574
f 991//2575 862//2575 538//2575
f 2679//2576 1073//2576 1830//2576
f 2680//2577 983//2577 2256//2577
f 779//2578 2256//2578 1263//2578
f 778//2579 2680//2579 779//2579
f 2678//2580 1830//2581 2680//2582
f 180//2583 245//2583 40//2583
f 1886//2584 1131//2584 1134//2584
f 1138//2585 1274//2585 1255//2585
f 1841//2586 1140//2587 1139//2588
f 75//2589 314//2589 74//2589
f 193//2590 420//2590 192//2590
f 2681//2591 1099//2591 1098//2591
f 170//2592 1565//2592 169//2592
f 349//2593 417//2593 432//2593
f 1121//2594 2684//2594 2683//2594
f 547//2595 409//2595 302//2595
f 123//2596 121//2596 120//2596
f 2643//2597 1142//2598 1141//2599
f 1542//2600 513//2600 1543//2600
f 899//2601 907//2601 919//2601
f 1210//2602 676//2602 867//2602
f 791//2603 982//2603 892//2603
f 24//2604 837//2604 836//2604
f 893//2605 932//2605 931//2605
f 1860//2606 863//2606 862//2606
f 535//2607 862//2607 861//2607
f 832//2608 813//2608 812//2608
f 2650//2609 813//2609 832//2609
f 1569//2610 1547//2610 1568//2610
f 181//2611 542//2611 180//2611
f 660//2612 937//2612 688//2612
f 2013//2613 568//2613 2012//2613
f 887//2614 2631//2614 2630//2614
f 1524//2615 361//2615 78//2615
f 520//2616 162//2616 1529//2616
f 2653//2617 854//2617 2685//2617
f 1238//2618 2655//2618 2686//2618
f 718//2619 527//2619 530//2619
f 1492//2620 518//2620 1491//2620
f 792//2621 615//2621 793//2621
f 599//2622 1835//2622 596//2622
f 290//2623 456//2623 175//2623
f 312//2624 1552//2624 425//2624
f 1248//2625 1179//2625 1249//2625
f 153//2626 177//2626 178//2626
f 1240//2627 1222//2627 1221//2627
f 1257//2628 1235//2628 1071//2628
f 1291//2629 1083//2629 1222//2629
f 1052//2630 1277//2630 1053//2630
f 743//2631 2618//2631 1204//2631
f 444//2632 430//2632 443//2632
f 23//2633 1172//2633 1187//2633
f 2687//2634 1180//2634 1179//2634
f 102//2635 409//2635 134//2635
f 1283//2636 610//2636 801//2636
f 373//2637 650//2637 651//2637
f 1180//2638 1084//2638 1291//2638
f 855//2639 2655//2639 1237//2639
f 1173//2640 1917//2640 1174//2640
f 2689//2641 853//2641 2688//2641
f 2688//2642 1108//2642 1279//2642
f 2686//2643 1279//2643 1238//2643
f 2687//2644 2688//2644 2686//2644
f 2691//2645 1252//2646 2690//2647
f 2690//2648 850//2648 2689//2648
f 1248//2649 2689//2649 2687//2649
f 1248//2650 2691//2650 2690//2650
f 2692//2651 24//2651 2666//2651
f 2691//2652 2666//2652 1302//2652
f 1247//2653 2692//2653 2691//2653
f 1258//2654 617//2654 2692//2654
f 394//2655 1555//2655 393//2655
f 2693//2656 1259//2656 1223//2656
f 1072//2657 1262//830 1261//829
f 1257//2658 1168//2658 1258//2658
f 398//2659 1555//2659 1554//2659
f 871//2660 1314//2660 872//2660
f 1178//2661 1249//2661 1179//2661
f 1224//2662 1173//2662 1172//2662
f 1010//2663 2618//2663 742//2663
f 1175//2664 1292//2664 1269//2664
f 2654//2665 2686//2665 2655//2665
f 2694//2666 1216//2666 1264//2666
f 71//2667 1487//2668 70//2668
f 701//2669 1111//2669 1038//2669
f 1072//2670 2649//2670 2650//2670
f 1085//2671 22//2671 21//2671
f 895//2672 1264//2673 896//2674
f 1601//2675 1605//2675 1604//2675
f 1259//2676 1271//2676 1289//2676
f 21//2677 1220//2677 1083//2677
f 988//2678 538//2678 537//2678
f 598//2679 1336//2679 1140//2679
f 820//2680 1762//2680 821//2680
f 1050//2681 818//2681 821//2681
f 1298//2682 1761//2682 2652//2682
f 1168//2683 618//2684 617//2685
f 858//2686 1256//2686 833//2686
f 39//2687 516//2687 1536//2687
f 2652//2688 819//2689 814//2690
f 313//2691 315//2691 314//2691
f 2026//2692 1971//2692 2027//2692
f 2656//2693 596//2693 1835//2693
f 814//2694 818//2694 811//2694
f 2696//2695 813//2695 2649//2695
f 1260//2696 2649//2696 1261//2696
f 2693//2697 2696//2697 1260//2697
f 2697//2698 2651//2699 2696//2700
f 381//2701 390//2701 380//2701
f 3818//2702 1611//2702 1609//2702
f 1475//2703 1428//2703 1227//2703
f 1292//2704 1917//2704 1235//2704
f 1551//2705 354//2705 1518//2705
f 1526//2706 1523//2706 1511//2706
f 1593//2707 1595//2707 1573//2707
f 1232//2708 1246//2708 1249//2708
f 2695//2709 1223//2709 22//2709
f 2698//2710 1296//2710 2697//2710
f 2698//2711 2693//2711 2695//2711
f 2685//2712 2695//2712 1085//2712
f 2685//2713 1297//2713 2698//2713
f 562//2714 271//2714 272//2714
f 2652//2715 1296//2715 1298//2715
f 1365//2716 1364//2716 1363//2716
f 1958//2717 1953//2718 1957//2719
f 585//2720 2210//2720 997//2720
f 1561//2721 1515//2721 435//2721
f 975//2722 1146//2722 976//2722
f 347//2723 68//2724 346//2725
f 1038//2726 636//2726 1068//2726
f 2700//2727 780//2727 2699//2727
f 2699//2728 1036//2728 1883//2728
f 2701//2729 1883//2729 1829//2729
f 851//2730 2699//2730 2701//2730
f 2674//2731 2251//2731 2702//2731
f 2702//2732 781//2732 2700//2732
f 1253//2733 2700//2733 851//2733
f 1301//2734 2702//2734 1253//2734
f 1519//2735 388//2735 1550//2735
f 1273//2736 1280//2736 2703//2736
f 2703//2737 1107//2737 852//2737
f 2701//2738 852//2738 851//2738
f 1829//2739 2703//2739 2701//2739
f 91//2740 326//2740 90//2740
f 1784//2741 2656//2741 1785//2741
f 2683//2742 2705//2742 2704//2742
f 604//2743 3499//2744 3533//2745
f 1669//2746 3548//2746 1662//2746
f 2062//2747 2060//2747 2059//2747
f 621//2748 861//2748 622//2748
f 2023//2749 732//2749 2024//2749
f 686//2750 1263//2751 687//2752
f 857//2753 2668//2753 1328//2753
f 883//2754 882//2754 879//2754
f 637//2755 1111//2755 1110//2755
f 2668//2756 893//2756 1328//2756
f 2667//2757 894//2757 2668//2757
f 1039//2758 1068//2758 1334//2758
f 313//2759 1504//2759 1505//2759
f 1911//2760 305//2760 453//2760
f 1936//2761 1964//2761 2212//2761
f 2707//2762 2401//2762 2183//2762
f 2708//2763 2183//2763 2182//2763
f 738//2764 2116//2765 554//2766
f 2349//2767 2432//2767 2436//2767
f 2711//2768 2020//2768 2019//2768
f 2400//2769 2019//2769 2186//2769
f 2714//2770 2716//2770 2713//2770
f 2717//2771 2719//2771 2720//2771
f 2721//2772 2723//2773 2724//2774
f 2726//2775 2728//2775 2725//2775
f 2725//2776 2730//2776 2729//2776
f 2731//2777 2729//2777 2709//2777
f 2732//2778 2725//2778 2731//2778
f 2734//2779 2736//2779 2733//2779
f 2738//2780 2740//2780 2737//2780
f 2737//2781 2741//2781 2742//2781
f 2744//2782 2746//2782 2743//2782
f 2745//2783 2748//2783 2747//2783
f 2749//2784 2747//2784 2751//2784
f 2753//2785 2751//2785 2752//2785
f 2250//2786 2246//2786 2248//2786
f 2754//2787 1614//2787 2755//2787
f 3598//2788 2755//2788 3609//2788
f 3608//2789 2747//2789 3609//2789
f 1617//2790 2755//2790 1614//2790
f 2242//2791 1620//2791 2757//2791
f 2191//2792 2760//2792 2759//2792
f 2761//2793 2760//2793 2762//2793
f 3648//2794 2761//2794 3649//2794
f 3623//2795 2759//2795 3648//2795
f 3209//2796 3223//2796 3224//2796
f 1395//2797 2236//2797 2235//2797
f 1395//2798 1636//2798 1615//2798
f 1616//2799 2229//2799 2233//2799
f 1617//2800 2763//2800 2756//2800
f 2756//2801 3628//2801 3608//2801
f 2765//2802 2234//2802 1630//2802
f 2766//2803 3628//2803 3622//2803
f 3202//2804 3246//2804 3247//2804
f 1516//2805 435//2805 1515//2805
f 2768//2806 3552//2806 3553//2806
f 1495//2807 578//2808 1424//2809
f 2135//2810 28//2810 17//2810
f 3526//2811 2773//2811 2774//2811
f 1690//2812 3926//2812 3925//2812
f 2778//2813 2780//2813 2777//2813
f 2777//2814 2781//2815 2782//2816
f 2784//2817 2777//2817 2783//2817
f 3555//2818 575//2819 576//2820
f 1494//2821 9//2821 540//2821
f 3529//2822 2015//2822 3566//2822
f 451//2823 505//2823 450//2823
f 2786//2824 2788//2824 2785//2824
f 2779//2825 2785//2825 2780//2825
f 2789//2826 2741//2826 2740//2826
f 2790//2827 2752//2827 2789//2827
f 2792//2828 2794//2828 2791//2828
f 2793//2829 2796//2829 2794//2829
f 2796//2830 2750//2830 2749//2830
f 2794//2831 2749//2831 2753//2831
f 2798//2832 1396//2832 2754//2832
f 3591//2833 2754//2833 3598//2833
f 2798//2834 2800//2834 1393//2834
f 3591//2835 2799//2835 2798//2835
f 2797//2836 2795//2836 2801//2836
f 2791//2837 2753//2837 2790//2837
f 216//2838 232//2838 54//2838
f 3804//2839 2807//2839 3803//2839
f 3805//2840 2804//2841 3803//2842
f 2769//2843 3557//2843 3552//2843
f 183//2844 184//2844 97//2844
f 2811//2845 2775//2845 2776//2845
f 2804//2846 2776//2846 2805//2846
f 2809//2847 2811//2847 2804//2847
f 2812//2848 2813//2848 2814//2848
f 3805//2849 2816//2850 3795//2851
f 3796//2852 2815//2853 3795//2854
f 3798//2855 2820//2855 2821//2855
f 3793//2856 2819//2856 3798//2856
f 2824//2857 2735//2857 2819//2857
f 2823//2858 2824//2858 2819//2858
f 2825//2859 2826//2859 2724//2859
f 3793//2860 2827//2860 3792//2860
f 3796//2861 2826//2862 3792//2863
f 2713//2864 2829//2864 2828//2864
f 2828//2865 2831//2866 2830//2867
f 2822//2868 2828//2868 2830//2868
f 2821//2869 2713//2869 2828//2869
f 2832//2870 2822//2870 2830//2870
f 2833//2871 2830//2871 2831//2871
f 2834//2872 2832//2872 2833//2872
f 2835//2873 2827//2873 2832//2873
f 2837//2874 2839//2874 2836//2874
f 2836//2875 2841//2876 2840//2877
f 2842//2878 2840//2878 2727//2878
f 2843//2879 2836//2879 2842//2879
f 2840//2880 2845//2880 2844//2880
f 2718//2881 2845//2881 2719//2881
f 2730//2882 2844//2882 2718//2882
f 2727//2883 2844//2883 2728//2883
f 2846//2884 2719//2884 2845//2884
f 2846//2885 2841//2885 2847//2885
f 2829//2886 2847//2886 2831//2886
f 2829//2887 2716//2887 2846//2887
f 2847//2888 2839//2888 2848//2888
f 2848//2889 2838//2889 2849//2889
f 2833//2890 2849//2890 2834//2890
f 2831//2891 2848//2892 2833//2893
f 2850//2894 2851//2894 2852//2894
f 2853//2895 2852//2895 2854//2895
f 2783//2896 2782//2896 2855//2896
f 2785//2897 2853//2898 2856//2899
f 2780//2900 2856//2900 2781//2900
f 2857//2901 2855//2901 2782//2901
f 2859//2902 2782//2903 2781//2904
f 2861//2905 2842//2905 2860//2905
f 2860//2906 2727//2906 2726//2906
f 2862//2907 2726//2907 2732//2907
f 2863//2908 2860//2908 2862//2908
f 2861//2909 2858//2909 2857//2909
f 2843//2910 2857//2910 2859//2910
f 2856//2911 2854//2911 2864//2911
f 2781//2912 2864//2913 2859//2914
f 2837//2915 2859//2915 2864//2915
f 2838//2916 2864//2916 2854//2916
f 2852//2917 2834//2917 2849//2917
f 2854//2918 2849//2918 2838//2918
f 2865//2919 2818//2919 2835//2919
f 2851//2920 2835//2920 2834//2920
f 2813//2921 2815//2921 2865//2921
f 2814//2922 2865//2922 2851//2922
f 2866//2923 2814//2923 2850//2923
f 2788//2924 2850//2924 2853//2924
f 2866//2925 2787//2925 2867//2925
f 2812//2926 2867//2926 2775//2926
f 1892//2927 1890//2927 1891//2927
f 2720//2928 2846//2928 2870//2928
f 298//2929 256//2929 257//2929
f 2872//2930 2713//2930 2820//2930
f 3794//2931 2735//2932 2734//2933
f 2729//2934 2874//2934 2873//2934
f 2846//2935 2715//2935 2870//2935
f 2876//2936 2878//2936 2875//2936
f 2733//2937 2878//2938 2734//2939
f 3806//2940 2879//2940 2880//2940
f 3806//2941 2872//2941 3794//2941
f 2882//2942 2884//2942 2881//2942
f 2881//2943 2715//2943 2714//2943
f 2880//2944 2714//2944 2872//2944
f 2879//2945 2881//2945 2880//2945
f 2885//2946 2887//2947 2888//2948
f 2888//2949 2890//2949 2885//2949
f 2885//2950 2892//2951 2891//2952
f 2893//2953 2885//2950 2891//2952
f 1942//2954 2532//2954 2894//2954
f 2895//2955 2720//2955 2870//2955
f 2884//2956 2870//2956 2715//2956
f 2883//2957 2895//2957 2884//2957
f 2896//2958 2892//2958 2895//2958
f 2889//2959 2717//2959 2890//2959
f 2890//2960 2720//2960 2892//2960
f 2897//2961 2891//2961 2896//2961
f 2898//2962 2896//2963 2883//2964
f 2899//2965 2883//2965 2882//2965
f 2900//2966 2882//2966 2879//2966
f 3797//2967 2879//2967 3807//2967
f 2876//2968 2901//2969 2877//2970
f 2901//2971 2904//2971 2903//2971
f 1785//2972 1835//2972 1834//2972
f 2905//2973 2899//2973 2900//2973
f 2907//2974 2897//2974 2898//2974
f 3797//2975 2903//2975 3799//2975
f 632//2976 577//2976 633//2976
f 3532//2977 2867//2977 2787//2977
f 434//2978 550//2978 350//2978
f 2768//2979 3640//2979 3643//2979
f 2910//2980 1623//2981 2249//2982
f 2241//2983 2758//2984 2242//2985
f 3640//2986 2913//2986 3652//2986
f 1623//2987 2757//2988 1620//2989
f 3587//2990 2757//2990 3652//2990
f 2229//2991 1380//2991 2250//2991
f 2765//2992 1629//2992 2914//2992
f 2915//2993 1629//2993 2912//2993
f 3642//2994 2914//2994 2915//2994
f 3641//2995 2765//2996 2914//2997
f 2919//2998 3642//2998 3613//2998
f 2918//2999 2912//3000 2241//3001
f 3614//3002 2241//3002 3586//3002
f 3618//3003 3613//3003 3670//3003
f 3541//3004 2180//3004 3496//3004
f 3521//3005 2188//3005 3506//3005
f 3705//3006 714//3006 3851//3006
f 2925//3007 2917//3007 2924//3007
f 2924//3008 2916//3008 2919//3008
f 3610//3009 2919//3009 3618//3009
f 3611//3010 2924//3010 3610//3010
f 2926//3011 2766//3012 2925//3013
f 3658//3014 2925//3014 3611//3014
f 1715//3015 1705//3015 1710//3015
f 785//3016 498//3016 796//3016
f 1387//3017 565//3017 1791//3017
f 374//1835 1899//3018 560//1833
f 3573//3019 2206//3019 3556//3019
f 2929//3020 2886//3020 2893//3020
f 2932//3021 2934//3021 2931//3021
f 1905//3022 1908//3023 1907//3024
f 2930//3025 2936//3025 2937//3025
f 2938//3026 2930//3026 2929//3026
f 1493//3027 517//3027 518//3027
f 1603//3028 1586//3028 1602//3028
f 2939//3029 2929//3029 2908//3029
f 2940//3030 2908//3030 2907//3030
f 3665//3031 1600//3032 3661//3033
f 2886//3034 2937//3034 2887//3034
f 2906//3035 2898//3035 2899//3035
f 2908//3036 2893//3036 2897//3036
f 2942//3037 2933//3037 2941//3037
f 2941//3038 2937//3039 2936//3040
f 3501//3041 2936//3041 3513//3041
f 3498//3042 2941//3042 3501//3042
f 2943//3043 2710//3043 2873//3043
f 2943//3044 2874//3044 2889//3044
f 2945//3045 2889//3045 2888//3045
f 2946//3046 2943//3046 2945//3046
f 2932//3047 2888//3047 2887//3047
f 2931//3048 2945//3048 2932//3048
f 727//3049 1929//3049 728//3049
f 2903//3050 2947//3050 2948//3050
f 545//3051 42//3051 262//3051
f 1480//3052 533//3052 251//3052
f 2907//3053 2949//3053 2940//3053
f 2906//3054 2950//3054 2949//3054
f 1558//3055 215//3055 202//3055
f 3799//3056 2948//3056 3801//3056
f 2054//1541 1644//3057 2118//3058
f 3705//3059 2203//3059 3573//3059
f 1828//3060 1849//3060 1827//3060
f 2953//3061 2955//3061 2952//3061
f 2952//3062 2957//3063 2956//3064
f 2956//3065 2258//3065 2952//3065
f 2953//3066 2258//3066 2257//3066
f 2454//3067 2474//3067 2496//3067
f 3747//3068 2959//3068 3766//3068
f 3747//3069 2131//3069 3737//3069
f 2961//3070 2963//3070 2958//3070
f 2958//3071 2964//3071 2959//3071
f 222//3072 2485//3072 2965//3072
f 2477//3073 2966//3073 2608//3073
f 2631//3074 2006//3074 1859//3074
f 2384//3075 2496//3075 2497//3075
f 2967//3076 2959//3076 2964//3076
f 2968//3077 2970//3078 2969//3079
f 3759//3080 2971//3080 3784//3080
f 3784//3081 2960//3081 3766//3081
f 2972//3082 2033//3082 2032//3082
f 2007//3083 2973//3083 2008//3083
f 3560//3084 2134//3084 2133//3084
f 1836//3085 1832//3085 1831//3085
f 3506//3086 2090//3087 3551//3088
f 955//3089 959//3089 956//3089
f 672//3090 674//3090 673//3090
f 633//3091 713//3091 632//3091
f 2024//3092 733//3092 803//3092
f 2025//1695 803//3093 798//1688
f 425//3094 1550//3094 388//3094
f 2975//3095 888//3095 887//3095
f 1319//3096 1157//3096 2694//3096
f 1212//3097 2977//3097 1213//3097
f 889//3098 2228//3098 2227//3098
f 1978//3099 1975//3099 1979//3099
f 1138//3100 1329//3100 915//3100
f 751//3101 2979//3101 2978//3101
f 1619//3102 1625//3102 1624//3102
f 2252//3103 1728//3103 1727//3103
f 1157//3104 845//3104 1216//3104
f 2706//3105 1938//3105 2617//3105
f 2980//3106 2254//3107 2981//3108
f 2982//3109 887//3109 2630//3109
f 802//3110 711//3110 2679//3110
f 678//3111 2029//3111 2028//3111
f 527//3112 690//3112 528//3112
f 1839//3113 2629//3113 1840//3113
f 2983//3114 602//2570 1914//2569
f 2983//3115 1913//3115 1331//3115
f 2985//3116 1331//3116 1054//3116
f 2986//3117 2983//3117 2985//3117
f 2987//3118 2635//3118 2634//3118
f 2985//3119 2639//3119 2986//3119
f 2990//3120 1318//3120 2989//3120
f 2991//3121 2993//3121 2994//3121
f 2995//3122 2994//3122 2996//3122
f 1106//3123 2991//3124 2995//3125
f 1058//3126 2992//3126 2991//3126
f 1415//3127 1365//3127 1367//3127
f 1317//3128 2217//3129 2997//3130
f 1932//3131 2255//3131 2980//3131
f 926//3132 2999//3132 664//3132
f 3001//3133 2992//3134 3000//3135
f 3000//3136 1057//3136 2978//3136
f 2999//3137 2978//3137 2979//3137
f 2998//3138 3000//3138 2999//3138
f 3002//3139 2209//3139 3003//3139
f 3002//3140 2996//3140 2994//3140
f 2993//3141 3002//3141 2994//3141
f 3001//3142 2998//3142 3002//3142
f 1103//3143 2995//3143 3004//3143
f 3004//3144 2996//3144 3003//3144
f 2209//3145 3004//3145 3003//3145
f 588//3146 3004//3146 2210//3146
f 295//3147 433//3147 381//3147
f 2638//3148 2988//3148 3005//3148
f 3005//3149 1056//2523 1930//2522
f 1305//3150 1930//1520 1306//1519
f 1276//3151 3005//3151 1305//3151
f 1987//3152 1993//3152 1989//3152
f 2633//3153 1761//3153 2645//3153
f 1423//3154 1417//3154 1419//3154
f 3561//3155 739//3156 703//3157
f 2671//3158 2704//3158 2705//3158
f 1473//3159 2035//3160 1472//1816
f 922//3161 2694//3162 895//3163
f 1401//3164 1378//3164 1384//3164
f 556//3165 1884//3165 1037//3165
f 842//3166 3825//3166 3836//3166
f 1854//3167 2617//3167 1010//3167
f 933//3168 1081//3168 1075//3168
f 1440//3169 1436//3170 1437//3171
f 529//3172 719//3172 530//3172
f 1031//3173 1027//2382 1028//2381
f 777//3174 912//3174 1871//3174
f 2645//3175 1204//3175 2633//3175
f 441//3176 1538//3176 1537//3176
f 790//3177 587//3177 586//3177
f 2065//3178 1610//3178 1607//3178
f 1860//3179 990//3179 902//3179
f 60//3180 87//3180 59//3180
f 1424//3181 1948//3181 1947//3181
f 332//3182 1507//3182 331//3182
f 261//3183 138//3183 135//3183
f 187//3184 449//3184 507//3184
f 1719//3185 1726//3185 1725//3185
f 1931//3186 1059//3186 3006//3186
f 3006//3187 1105//3188 1104//3189
f 1287//3190 1104//3190 587//3190
f 1286//3191 3006//3192 1287//3193
f 3007//3194 3009//3195 3010//3196
f 3009//3197 653//3197 795//3197
f 618//3198 26//3198 25//3198
f 2029//3199 1210//3199 1209//3199
f 957//3200 600//3201 2228//3202
f 1049//3203 2228//3203 600//3203
f 2631//3204 3011//3204 2561//3204
f 890//3205 2227//3205 3011//3205
f 3011//3206 2145//3206 3012//3206
f 2561//3207 3012//3207 2375//3207
f 1026//3208 609//3208 608//3208
f 2706//3209 1961//3209 1964//3209
f 3013//3210 2485//3210 3014//3210
f 2148//3211 1267//3211 3015//3211
f 3015//3212 1266//3212 1311//3212
f 2997//3213 1101//3213 1317//3213
f 642//3214 1773//3214 1193//3214
f 186//3215 461//3215 511//3215
f 1041//3216 1320//3216 901//3216
f 1121//711 3017//3217 1122//709
f 2984//3218 2987//3219 3018//3220
f 3018//3221 2634//3222 2619//3223
f 1048//3224 3018//3221 2619//3223
f 603//3225 2984//3218 3018//3220
f 2679//3226 801//3226 802//3226
f 2062//3227 2074//3227 2061//3227
f 2061//3228 2076//3229 2064//3229
f 414//3230 1545//3230 1965//3230
f 3016//3231 2683//3231 3019//3231
f 3019//3232 2704//3232 2670//3232
f 3020//3233 2670//3233 720//3233
f 3007//3234 3019//3234 3020//3234
f 1871//3235 1091//3235 777//3235
f 3021//3236 1122//3236 3017//3236
f 3022//3237 3017//3238 3010//3239
f 1314//3240 3022//3240 1315//3240
f 1784//3241 3021//3242 1314//3243
f 1316//3244 1763//3244 611//3244
f 3023//3245 3010//3196 3009//3195
f 3023//3246 795//3246 1092//3246
f 1763//3247 1092//3248 1125//3249
f 1315//3250 3023//3250 1763//3250
f 3016//3251 3010//3252 3017//3253
f 752//3254 2978//3254 1057//3254
f 2986//3255 2637//3255 2987//3255
f 3024//3256 653//3256 3008//3256
f 3020//3257 3008//3257 3007//3257
f 720//3258 3024//3258 3020//3258
f 723//3259 654//3259 3024//3259
f 2681//3260 1268//3260 3025//3260
f 2671//2520 1268//3261 721//2520
f 2705//3262 3025//3262 2671//3262
f 1313//3263 3027//3264 1311//3265
f 3026//3266 3029//3266 3027//3266
f 3027//3267 3030//3267 3031//3267
f 1311//3268 3031//3268 3015//3268
f 2012//3269 731//3269 2023//3269
f 917//3270 974//3270 977//3270
f 743//3271 856//3271 744//3271
f 1888//3272 2030//3272 1425//3272
f 2682//3273 2684//3274 3032//3275
f 3032//3276 1124//3276 2989//3276
f 1100//3277 2989//3277 1318//3277
f 1099//694 3032//3278 1100//3279
f 1123//3280 2989//3280 1124//3280
f 3033//3281 1159//3281 1158//3281
f 2990//3282 1158//3282 1319//3282
f 1123//3283 3033//3283 2990//3283
f 1786//3284 1834//3284 3033//3284
f 1054//3285 2988//3285 2985//3285
f 2979//3286 664//3286 2999//3286
f 2623//3287 2663//3287 2643//3287
f 1095//3288 688//3288 687//3288
f 3034//3289 2261//3289 2956//3289
f 3036//3290 2956//3290 2957//3290
f 3037//3291 3034//3292 3036//3293
f 3038//3294 3035//3295 3034//3292
f 3040//3296 3026//3296 1313//3296
f 2263//3297 3041//3298 3040//3299
f 3042//3300 3043//3301 3041//3302
f 3041//3303 3028//3303 3026//3303
f 3044//3304 3043//3304 3039//3304
f 3046//3305 3045//3305 3044//3305
f 3047//3306 3049//3306 3045//3306
f 3043//3307 3049//3307 3028//3307
f 3038//3308 3051//3308 3050//3308
f 3050//3309 3053//3309 3052//3309
f 3052//3310 3044//3311 3050//3312
f 3039//3313 3050//3312 3044//3311
f 3054//3314 3039//3314 3042//3314
f 3042//3315 2262//3315 3054//3315
f 2261//3316 3054//3316 2262//3316
f 2216//3317 2997//3317 2217//3317
f 2212//3318 2667//3319 1936//3320
f 3056//3321 2209//3321 3055//3321
f 934//3322 1961//3322 1854//3322
f 2013//3323 3757//3323 567//3323
f 3058//3324 3060//3324 3061//3324
f 3059//3325 3063//3325 3060//3325
f 3060//3326 2213//3327 1963//3328
f 3061//3329 1963//3329 1962//3329
f 3063//3330 2214//3330 2213//3330
f 3062//3331 3064//3331 3063//3331
f 3065//3332 2260//3333 3064//3334
f 3064//3335 2215//3335 2214//3335
f 3066//3336 3031//3336 3030//3336
f 2608//3337 3067//3337 3066//3337
f 2966//3338 3068//3338 3067//3338
f 3031//3339 3068//3339 3015//3339
f 2455//3340 2461//3340 2474//3340
f 2476//3341 2226//3341 2477//3341
f 3551//3342 2089//3343 3525//3342
f 3526//3344 3769//3345 3786//3346
f 433//3347 355//3347 381//3347
f 2115//3348 1419//3348 2123//3348
f 3509//3349 2922//3349 3527//3349
f 3769//3350 2131//3350 2134//3350
f 3069//3351 2167//3352 2166//3353
f 2971//3354 2928//3354 2960//3354
f 2961//3355 2773//3356 2962//3357
f 3070//3358 2478//3358 2483//3358
f 2610//3359 3071//3359 2954//3359
f 2502//3360 2374//3360 2386//3360
f 3072//3361 2595//3361 3073//3361
f 2964//3362 3052//3362 2967//3362
f 3048//3363 3074//3363 3049//3363
f 2593//3364 3075//3364 3074//3364
f 3075//3365 3029//3365 3074//3365
f 3074//3366 3028//3366 3049//3366
f 3072//3367 3075//3367 2592//3367
f 3076//3368 2482//3368 2481//3368
f 2481//3369 3066//3369 3076//3369
f 3076//3370 3030//3370 3075//3370
f 2967//3371 3053//3371 2970//3371
f 2482//3372 3073//3373 2483//3374
f 479//3375 493//3375 494//3375
f 706//882 3873//3376 709//880
f 3561//3377 2221//1881 3517//1883
f 2013//3378 3754//3379 3755//3380
f 3533//3381 2016//3381 3529//3381
f 3562//3382 2222//3383 2974//3384
f 1171//3385 1155//3385 1176//3385
f 2586//3386 2565//3387 2587//3388
f 2982//3389 113//3389 2484//3389
f 2562//3390 3077//3390 3068//3390
f 2376//3391 3012//3392 3077//3393
f 3012//3394 2148//3395 3077//3396
f 3077//3397 3015//3397 3068//3397
f 2963//3398 3046//3398 2964//3398
f 3051//3399 2970//3399 3053//3399
f 1683//3400 491//3400 775//3400
f 3850//3401 1447//3401 3860//3401
f 1986//3402 3734//3402 3768//3402
f 3079//3403 2546//3403 2575//3403
f 3081//3404 2575//3404 2576//3404
f 1983//3405 3768//3405 3765//3405
f 3082//3406 2319//3406 2545//3406
f 3080//3407 2545//3407 2546//3407
f 3734//3408 3082//3408 3080//3408
f 3732//3409 2323//3409 3082//3409
f 1309//3410 1888//3411 748//3412
f 3073//3413 2772//3414 2771//3415
f 2760//3416 3084//3416 2762//3416
f 2760//3417 2088//3417 3083//3417
f 3085//3418 3086//3418 3087//3418
f 3089//3419 3090//3419 3088//3419
f 3089//3420 3084//3420 3085//3420
f 3092//3421 3090//3421 3091//3421
f 3093//3422 2744//3422 2743//3422
f 2751//3423 2748//3423 3093//3423
f 3093//3424 2752//3424 2751//3424
f 2742//3425 3093//3425 3094//3425
f 3094//3426 2743//3426 3095//3426
f 3096//3427 3098//3427 3087//3427
f 3099//3428 3087//3428 3086//3428
f 3097//3429 3095//3429 3098//3429
f 3100//3430 2746//3430 3101//3430
f 3101//3431 3102//3431 3100//3431
f 2764//3432 2927//3432 3101//3432
f 2745//3433 3101//3433 2746//3433
f 3102//3434 3091//3434 3100//3434
f 3100//3435 3095//3435 2743//3435
f 2869//3436 3592//3436 3634//3436
f 3102//3437 3104//3438 3092//3439
f 3658//3440 2869//3440 3634//3440
f 2927//3441 3103//3441 3102//3441
f 3098//3442 3091//3442 3090//3442
f 3087//3443 3090//3443 3085//3443
f 2088//3444 3105//3444 3083//3444
f 3083//3445 3086//3445 3084//3445
f 2483//3446 2771//3446 3070//3446
f 2401//3447 2185//3447 2321//3447
f 3099//3448 3105//3448 3106//3448
f 2125//3449 3106//3449 3105//3449
f 3108//3450 2742//3450 3107//3450
f 3107//3451 3094//3452 3097//3453
f 3110//3454 3107//3454 3109//3454
f 3109//3455 3097//3455 3096//3455
f 3111//3456 3096//3456 3099//3456
f 3112//3457 3109//3458 3111//3459
f 3113//3460 2737//3460 3108//3460
f 3115//3461 2722//3461 3114//3461
f 3117//3462 3114//3462 3116//3463
f 3119//3464 3116//3464 3118//3464
f 3118//3465 3120//3465 3121//3465
f 3116//3466 3113//3466 3120//3466
f 3122//3467 3111//3468 3123//3469
f 3122//3470 1755//3470 1754//3470
f 3124//3471 3126//3472 3127//3473
f 3125//3474 3121//3474 3126//3474
f 3128//3475 3118//3476 3125//3477
f 3129//3478 3125//3478 3124//3478
f 2020//3479 3128//3475 3129//3480
f 3853//3481 1346//3481 1352//3481
f 1065//3482 1047//3482 1066//3482
f 1814//3483 3830//3484 1649//3485
f 2021//3486 3129//3486 3130//3486
f 3111//3487 3106//3487 3123//3487
f 3123//3488 2207//3488 1755//3488
f 2377//3489 2224//3490 2973//3491
f 3014//3492 113//3492 112//3492
f 1756//3493 3782//3494 3767//3495
f 3131//3496 2530//3497 2528//3498
f 3133//3499 2528//3499 2529//3499
f 1753//3500 3767//3500 3775//3500
f 3134//3501 3127//3502 3135//3503
f 2327//3504 2314//3504 2313//3504
f 2436//3505 2317//2217 2349//2216
f 2018//3506 3711//3506 3712//3506
f 2534//3507 3137//3508 2535//3509
f 2320//3510 3136//3511 2534//3512
f 2185//3513 3712//3513 3771//3513
f 3138//3514 2542//3514 2539//3514
f 3134//3515 3744//3516 3745//3517
f 3785//3518 3134//3515 3745//3517
f 3140//3519 2539//3519 2538//3519
f 2535//3520 3140//3520 2538//3520
f 3711//3521 3130//3521 3785//3521
f 2558//3522 3132//3522 3141//3522
f 3782//3523 3141//3524 3132//3525
f 2560//3526 3141//3527 3142//3528
f 3760//3529 3142//3528 3141//3527
f 958//3530 2976//3530 2981//3530
f 1933//3531 2980//3531 3143//3531
f 2399//3532 2418//3532 2416//3532
f 2348//3533 2343//3534 2432//3535
f 2322//3536 2319//3536 2323//3536
f 2718//3537 2874//3537 2730//3537
f 2709//3538 2873//3538 2710//3538
f 2894//3539 1361//3539 1942//3539
f 346//2725 176//3540 347//2723
f 1876//3541 1882//3541 1881//3541
f 2802//3542 3607//3543 3592//3544
f 3104//3545 3088//3545 3092//3545
f 2974//3546 3649//3546 3603//3547
f 3089//3548 2761//3549 2762//3550
f 3088//3551 3145//3551 3089//3551
f 2803//3552 3603//3553 3607//3554
f 3870//3555 692//3555 628//3555
f 2123//3556 1418//3556 2126//3556
f 1365//3557 1368//3557 1367//3557
f 1581//3558 1782//3558 1783//3558
f 3569//3559 2129//3559 3520//3559
f 3555//3560 2002//3561 3521//3562
f 3146//3563 2551//3563 3147//3563
f 3751//3564 3147//3564 3750//3564
f 3742//3565 3146//3565 3751//3565
f 3149//3566 2585//3567 3146//3568
f 3196//3569 3197//3569 3195//3569
f 3604//3570 2191//3571 3623//3572
f 3142//3573 2556//3573 2560//3573
f 3777//3574 3150//3574 3142//3574
f 3646//3575 2550//3575 3593//3575
f 3150//3576 2555//3577 2556//3578
f 3778//3579 3151//3579 3150//3579
f 3788//3580 3152//3580 3646//3580
f 3153//3581 2551//3581 2549//3581
f 3152//3582 2549//3582 2550//3582
f 3781//3583 3153//3583 3152//3583
f 3776//3584 3147//3584 3153//3584
f 3148//3585 2206//3585 2205//3585
f 2183//3586 2321//3587 2184//3588
f 2132//3589 2928//3589 2133//3589
f 3684//3590 2204//3590 2203//3590
f 3719//3591 2197//3592 3721//3593
f 2594//3594 2773//3594 2951//3594
f 2595//3595 2951//3595 2772//3595
f 1870//3596 799//3596 1869//3596
f 3713//3597 2178//3597 3706//3597
f 3706//3598 3736//3598 3790//3598
f 336//3599 3774//3599 3722//3599
f 339//3600 3154//3600 336//3600
f 3789//3601 3149//3601 3742//3601
f 3683//3602 2584//3602 3149//3602
f 2963//3603 3048//3603 3047//3603
f 3722//3604 337//3605 336//3606
f 339//3607 2566//3607 2586//3607
f 3156//3608 2168//3608 2167//3608
f 2610//3609 2167//3610 2611//3611
f 2954//3612 3156//3612 2610//3612
f 3157//3613 2953//3614 2257//3615
f 3707//3616 2169//3616 3709//3616
f 2567//3617 3159//3617 2568//3617
f 337//3618 2567//3619 338//3620
f 3730//3621 2166//3621 3707//3621
f 3764//3622 1983//3622 3765//3622
f 2579//3623 3081//3623 2576//3623
f 2568//3624 3160//3624 2579//3624
f 3709//3625 2190//3626 3764//3627
f 3065//3628 3162//3628 3161//3628
f 3161//3629 1984//3629 2189//3629
f 3157//3630 2189//3630 2168//3630
f 2257//3631 3161//3631 3157//3631
f 734//3632 1922//3632 806//3632
f 3059//3633 2708//3634 3163//3635
f 3163//3636 2182//3636 1985//3636
f 3162//3637 1985//3638 1984//3639
f 3062//3640 3163//3640 3162//3640
f 3203//3641 3205//3641 3204//3641
f 2122//3642 1448//3643 1447//3644
f 3817//3645 1685//3645 3812//3645
f 139//3646 444//3646 69//3646
f 1570//3647 566//3647 533//3647
f 2957//3648 3165//3648 3036//3648
f 2955//3649 3164//3649 2957//3649
f 1912//3650 341//3650 1973//3650
f 3130//3651 3124//3651 3134//3651
f 1548//3652 319//3652 1547//3652
f 1949//3653 1327//3654 1887//3655
f 2969//3656 3078//3657 3167//3658
f 3167//3659 3169//3659 3168//3659
f 3724//3660 2017//3660 3720//3660
f 3720//3661 2033//3661 3759//3661
f 3168//3662 3165//3662 3170//3662
f 3170//3663 3164//3663 3171//3663
f 3779//3664 3171//3664 3756//3664
f 3724//3665 3170//3665 3779//3665
f 3171//3666 3166//3667 3172//3668
f 3172//3669 3071//3669 3173//3669
f 3752//3670 3173//3670 3749//3670
f 3756//3671 3172//3671 3752//3671
f 3169//3672 3036//3672 3165//3672
f 2593//3673 2962//3673 2594//3673
f 3173//3674 2609//2312 3174//3675
f 3174//3676 2199//3677 2198//3678
f 3783//3679 2198//3679 3719//3679
f 3749//3680 3174//3680 3783//3680
f 2190//3681 1984//3681 1983//3681
f 2196//3682 2767//3682 3148//3682
f 2119//3683 1414//3683 1448//3683
f 1464//3684 1466//3684 1465//3684
f 2199//3685 3069//3686 2200//3686
f 2457//3687 2587//3687 2565//3687
f 2226//3688 2562//3688 2966//3688
f 481//3689 1627//3689 1639//3689
f 333//3690 235//3690 236//3690
f 3078//3691 3037//3691 3169//3691
f 3040//3692 2997//3693 2263//3694
f 2219//3695 1933//3695 2220//3695
f 2385//3696 2497//3696 2503//3696
f 221//3697 3175//3697 2484//3697
f 2220//3698 3143//3699 3175//3700
f 3175//3701 2976//3701 2975//3701
f 2484//3702 2975//3702 2982//3702
f 2954//3703 3166//3704 2955//3705
f 2630//3706 110//3706 2982//3706
f 1547//3707 1952//3707 1955//3707
f 2091//3708 2188//3708 2187//3708
f 3733//3709 2178//3709 2177//3709
f 1918//3710 1927//3710 1926//3710
f 3563//3711 111//3711 3511//3711
f 955//3712 960//3712 954//3712
f 2037//3713 112//3714 3563//3715
f 3143//3716 2981//3716 2976//3716
f 2218//3717 2214//3717 2215//3717
f 672//3718 3787//3718 3541//3718
f 2152//3719 3014//3719 2037//3719
f 1147//3720 1143//3720 1145//3720
f 2248//3721 1409//3721 2245//3721
f 1615//3722 1635//3722 1616//3722
f 1410//3723 2246//3723 2247//3723
f 3241//3724 3242//3725 3240//3726
f 3177//3727 1383//3727 1382//3727
f 2238//3728 3176//3728 1382//3728
f 3176//3729 2230//3729 3178//3729
f 1410//3730 3179//3730 1407//3730
f 3179//3731 2243//3731 1407//3731
f 1633//3732 2800//3732 2249//3732
f 1621//3733 2758//3733 2912//3733
f 1622//3734 2245//3734 1634//3734
f 2236//3735 3181//3735 3182//3735
f 2237//3736 3182//3736 3183//3736
f 2250//3737 2233//3737 2229//3737
f 2912//3738 1628//3738 1621//3738
f 135//3739 1564//3739 1563//3739
f 1567//3740 512//3740 1565//3740
f 1085//3741 2653//3741 2685//3741
f 3184//3742 868//3742 3056//3742
f 869//3743 3057//3743 934//3743
f 1266//3744 1098//3745 1312//3746
f 1267//3747 722//3747 721//3747
f 937//3748 2646//3748 936//3748
f 2146//3749 722//3749 2147//3749
f 2211//3750 921//3750 2667//3750
f 1957//3751 507//3751 449//3751
f 1313//3752 2264//3752 3040//3752
f 1496//3753 1493//3753 1492//3753
f 2681//3754 2705//3754 2682//3754
f 2887//3755 2933//3755 2932//3755
f 1687//3756 1659//3756 1694//3756
f 145//3757 1498//3757 81//3757
f 1317//3758 1319//3758 2694//3758
f 37//3759 418//3759 71//3759
f 1935//3760 3185//3760 2977//3760
f 104//3761 301//3761 103//3761
f 2101//3762 2083//1530 2084//1529
f 543//3763 360//3763 207//3763
f 1934//3764 3186//3764 3185//3764
f 234//3765 212//3765 237//3765
f 3845//3766 1822//3766 1824//3766
f 1976//3767 1874//3767 1974//3767
f 223//3768 2219//3768 220//3768
f 3655//3769 3605//3769 3612//3769
f 468//3770 773//3770 2165//3770
f 1935//3771 1728//3771 1932//3771
f 3240//3772 3226//3772 3235//3772
f 3261//3773 3250//3773 3260//3773
f 3215//3774 3244//3774 3264//3774
f 3265//3775 3215//3775 3264//3775
f 3267//3776 3198//3776 3196//3776
f 3205//3777 3269//3777 3255//3777
f 3214//3778 3265//3778 3270//3778
f 3271//3779 3214//3779 3192//3779
f 3251//3780 3239//3780 3236//3780
f 3222//3781 3266//3781 3272//3781
f 3232//3782 3234//3782 3233//3782
f 3216//3783 3243//3783 3244//3783
f 3196//3784 3268//3784 3267//3784
f 3244//3785 3254//3785 3255//3785
f 3238//3786 3247//3786 3246//3786
f 3264//3787 3255//3787 3269//3787
f 3253//3788 3216//3788 3217//3788
f 3211//3789 3221//3789 3265//3789
f 3257//3790 3218//3790 3256//3790
f 3258//3791 3272//3791 3259//3791
f 3274//3792 3280//3792 3273//3792
f 3228//3793 3262//3793 3263//3793
f 3275//3794 3281//3794 3280//3794
f 3226//3795 3273//3795 3280//3795
f 3236//3796 3260//3796 3251//3796
f 3281//3797 3236//3797 3237//3797
f 3287//3798 3192//3798 3189//3798
f 3235//3799 3280//3799 3234//3799
f 3234//3800 3281//3801 3237//3802
f 3288//3803 3259//3803 3272//3803
f 3260//3804 3276//3805 3251//3805
f 3289//3806 3278//3806 3284//3806
f 3210//3807 3224//3807 3283//3807
f 3199//3808 3201//3808 3200//3808
f 3228//3809 3230//3809 3229//3809
f 3290//3810 3285//3810 3286//3810
f 3282//3811 3271//3811 3287//3811
f 3260//3812 3262//3812 3261//3812
f 3243//3813 3268//3813 3254//3813
f 3267//3814 3241//3814 3232//3814
f 3194//3815 3208//3815 3193//3815
f 3191//3816 3269//3816 3206//3816
f 3270//3817 3192//3817 3214//3817
f 3275//3818 3230//3819 3231//3820
f 3264//3821 3270//3821 3265//3821
f 3252//3822 3276//3822 3291//3822
f 3248//3823 3291//3823 3223//3823
f 3213//3824 3279//3824 3277//3824
f 3272//3825 3289//3825 3288//3825
f 3277//3826 3212//3826 3213//3826
f 3228//3827 3281//3828 3231//3829
f 3220//3830 3253//3830 3219//3830
f 3219//3831 3217//3831 3257//3831
f 3256//3832 3222//3832 3258//3832
f 3247//3833 3252//3833 3248//3833
f 3245//3834 3232//3834 3233//3834
f 3266//3835 3212//3835 3289//3835
f 3208//3836 3255//3836 3254//3836
f 3288//3837 3284//3837 3285//3837
f 3204//3838 3208//3838 3207//3838
f 560//3839 3187//3839 559//3839
f 3209//3840 3201//3840 3202//3840
f 3189//3841 3191//3841 3190//3841
f 448//3842 807//3842 447//3842
f 647//3843 122//3843 270//3843
f 1833//3844 1780//3844 1832//3844
f 510//3845 508//3845 507//3845
f 3210//3846 1887//3846 3201//3846
f 1887//3847 3200//3847 3201//3847
f 15//3848 3197//3848 3200//3848
f 16//3849 3195//3849 3197//3849
f 3195//3850 3187//3850 3194//3850
f 3194//3851 1899//3851 3207//3851
f 3207//3852 375//3853 3204//3854
f 387//3855 126//3856 127//3857
f 3189//3858 1760//3859 3287//3860
f 3577//3861 757//3861 758//3861
f 763//3862 2172//3862 2175//3862
f 3583//3863 3580//3863 3581//3863
f 3581//3864 3579//3864 3578//3864
f 3594//3865 3596//3865 3595//3865
f 3400//3866 3602//3866 3401//3866
f 3626//3867 3625//3867 3627//3867
f 3631//3868 3599//3868 3601//3868
f 3636//3869 3595//3869 3596//3869
f 3647//3870 3588//3870 3645//3870
f 3650//3871 3584//3872 3647//3873
f 3653//3874 3580//3874 3651//3874
f 3653//3875 3654//3875 3579//3875
f 1801//3876 3656//3876 3655//3876
f 3651//3877 3582//3877 3650//3877
f 3644//3878 3595//3878 3637//3878
f 1767//477 3659//3879 3660//478
f 1597//3880 3661//3880 1600//3880
f 1708//3881 3665//3881 3664//3881
f 3671//3882 3667//3882 3666//3882
f 3666//3883 3673//3883 3672//3883
f 1588//3884 3664//3884 1587//3884
f 2080//3885 3666//3885 2082//3885
f 2082//3886 3672//3887 2084//3888
f 3674//3889 3635//3889 3631//3889
f 3677//3890 3636//3891 3635//3892
f 3682//3893 3645//3893 3681//3893
f 3692//3894 3650//3894 3686//3894
f 3681//3895 3644//3896 3680//3897
f 786//3898 3692//3898 785//3898
f 3694//3899 3651//3899 3692//3899
f 785//3900 3686//3900 497//3900
f 497//3901 3682//3901 650//3901
f 650//3902 3681//3902 564//3902
f 3696//3903 3681//3903 3680//3903
f 3405//3904 3605//3904 3402//3904
f 3702//3905 3678//3906 3677//3907
f 3699//3908 3679//3908 3678//3908
f 3645//3909 3638//3910 3644//3896
f 1799//3911 3659//3911 1768//3911
f 3708//3912 3458//3912 3460//3912
f 3462//3913 3708//3913 3460//3913
f 3714//3914 564//3914 3696//3914
f 3615//3915 3602//3915 3600//3915
f 3710//3916 3696//3916 3698//3916
f 3635//3917 3596//3917 3599//3917
f 3629//3918 3627//3918 3630//3918
f 3597//3919 3599//3919 3596//3919
f 3630//3920 3715//3920 3629//3920
f 3627//3921 3597//3921 3594//3921
f 3717//3922 3723//3922 3718//3922
f 3715//3923 3660//3923 3629//3923
f 3716//3924 3725//3925 3715//3926
f 3668//3927 3661//3927 3725//3927
f 3668//3928 3717//3928 3667//3928
f 3667//3929 3718//3929 3673//3929
f 3727//3930 3673//3930 3718//3930
f 3728//3931 3672//3931 3673//3931
f 3726//3932 3718//3932 3723//3932
f 1576//3933 2084//3933 3672//3933
f 3727//3934 3731//3934 3729//3934
f 3203//3935 1387//3936 3190//3937
f 3190//3938 1791//3938 3189//3938
f 3283//3939 1949//3939 3210//3939
f 317//3940 259//3940 391//3940
f 2000//3941 3653//3941 3694//3941
f 3601//3942 3600//3942 3602//3942
f 3589//3943 3584//3943 3585//3943
f 3577//3944 756//3944 2170//3944
f 3585//3945 3582//3945 3583//3945
f 3678//3946 3637//3946 3636//3946
f 3204//3947 376//3947 3203//3947
f 1801//3948 3657//3948 1799//3948
f 3729//3949 3728//3949 3727//3949
f 1575//3950 3738//3950 1088//3950
f 3735//3951 1576//3952 3728//3953
f 1776//3954 1796//3954 1775//3954
f 1293//3955 1290//3955 1284//3955
f 1326//3956 1327//3956 12//3956
f 1294//3957 1234//3957 1290//3957
f 878//3958 1330//3958 1337//3958
f 497//3959 374//3959 498//3959
f 122//3960 413//3960 121//3960
f 3699//3961 3704//3961 3708//3961
f 3606//3962 3401//3962 3602//3962
f 3708//3963 3698//3963 3699//3963
f 3464//3964 3710//3965 3462//3966
f 3704//3967 3443//3967 3458//3967
f 439//3968 399//3968 438//3968
f 1512//3969 1526//3969 1511//3969
f 1668//3970 1738//3970 1671//3970
f 839//3971 1362//3971 838//3971
f 1362//3972 826//3972 1012//3972
f 3843//3973 1896//3974 3815//3975
f 2053//3976 2118//3976 2117//3976
f 3888//3977 2120//3977 2119//3977
f 696//3978 3816//3979 3831//3980
f 1826//3981 639//987 640//986
f 3740//3982 3729//3982 3731//3982
f 956//3983 886//3983 960//3983
f 1980//3984 1922//3985 807//3986
f 33//3987 105//3988 164//3989
f 1343//3990 3856//3990 3857//3990
f 3907//3991 2128//3991 3902//3991
f 1766//3992 1582//3992 1594//3992
f 14//3993 2163//3993 738//3993
f 595//3994 99//3994 594//3994
f 3233//3995 3246//3995 3245//3995
f 1346//3996 1044//3996 1352//3996
f 748//3997 1425//3997 747//3997
f 3193//3998 3254//3998 3268//3998
f 3190//3999 3206//3999 3203//3999
f 3612//4000 3606//4000 3615//4000
f 3624//4001 3615//4001 3625//4001
f 3631//4002 3443//4002 3674//4002
f 3679//4003 3644//4003 3637//4003
f 3686//4004 3647//4004 3682//4004
f 3702//4005 3674//4005 3704//4005
f 3625//4006 3600//4006 3597//4006
f 3601//4007 3415//4007 3631//4007
f 3739//4008 3735//4009 3729//4010
f 3630//4011 3594//4011 3741//4011
f 3741//4012 3716//4012 3630//4012
f 1284//4013 1288//4013 1285//4013
f 3698//4014 3680//4014 3679//4014
f 1778//4015 1780//4016 1779//4017
f 1792//4018 1584//4018 1789//4018
f 695//4019 571//4019 694//4019
f 3638//4020 3594//4020 3595//4020
f 3741//4021 3588//4021 3589//4021
f 3247//4022 3209//4022 3202//4022
f 3292//4023 3294//4023 3295//4023
f 3296//4024 3298//4024 3299//4024
f 3299//4025 3300//4025 3301//4025
f 3302//4026 3304//4026 3305//4026
f 3306//4027 3308//4027 3309//4027
f 3307//4028 3311//4028 3308//4028
f 3303//4029 3301//4029 3300//4029
f 3312//4030 3304//4030 3313//4030
f 3314//4031 3316//4031 3317//4031
f 3318//4032 3320//4032 3321//4032
f 3324//4033 3321//4033 3325//4033
f 3326//4034 3328//4034 3323//4034
f 3329//4035 3331//4035 3332//4035
f 3333//4036 3335//4036 3336//4036
f 3337//4037 3339//4037 3340//4037
f 3333//4038 3341//4038 3342//4038
f 3342//4039 3343//4039 3344//4039
f 3319//4040 3344//4040 3343//4040
f 3338//4041 3334//4041 3339//4041
f 3346//4042 3302//4042 3347//4042
f 3305//4043 3347//4043 3302//4043
f 3312//4044 3223//4044 3349//4044
f 3350//4045 3340//4046 3351//4047
f 3312//4048 3348//4048 3305//4048
f 3352//4049 3341//4049 3326//4049
f 3311//4050 3354//4050 3308//4050
f 3341//4051 3327//4051 3326//4051
f 3359//4052 3361//4052 3362//4052
f 3360//4053 3250//4053 3249//4053
f 3318//4054 3345//4054 3319//4054
f 3364//4055 3318//4056 3324//4057
f 3314//4058 3324//4058 3365//4058
f 3366//4059 3301//4059 3346//4059
f 3299//4060 3367//4060 3296//4060
f 3308//4061 3368//4062 3309//4063
f 3369//4064 3295//4064 3294//4064
f 3317//4065 3364//4065 3314//4065
f 3370//4066 3317//4066 3316//4066
f 3325//4067 3365//4067 3324//4067
f 3352//4068 3319//4068 3343//4068
f 3296//4069 3353//4069 3311//4069
f 3297//4070 3311//4070 3310//4070
f 3363//4071 3354//4071 3345//4071
f 3345//4072 3353//4072 3344//4072
f 3344//4073 3367//4073 3342//4073
f 3366//4074 3342//4074 3367//4074
f 3347//4075 3334//4075 3346//4075
f 3339//4076 3348//4076 3340//4076
f 3348//4077 3351//4047 3340//4046
f 3363//4078 3369//4079 3368//4080
f 3294//4081 3368//4080 3369//4079
f 3293//4082 3309//4083 3294//4084
f 3331//4085 3374//4085 3332//4085
f 3346//4086 3333//4086 3366//4086
f 3323//4087 3352//4087 3326//4087
f 3356//4088 3321//4088 3320//4088
f 3355//4089 3325//4089 3321//4089
f 3357//4090 3371//4090 3325//4090
f 3322//4091 3320//4092 3352//4093
f 3361//4094 3329//4094 3362//4094
f 3373//4095 3375//4096 3374//4097
f 3374//4098 3376//4098 3332//4098
f 3329//4099 3376//4100 3362//4101
f 3327//4102 3372//4102 3328//4102
f 3336//4103 3375//4104 3327//4105
f 3335//4106 3376//4106 3375//4106
f 3376//4107 3337//4107 3362//4107
f 3337//4108 3359//4108 3362//4108
f 3359//4109 3276//4109 3250//4109
f 3377//4110 3295//4110 3370//4110
f 3277//4111 3315//4111 3278//4111
f 3371//4112 3379//4112 3365//4112
f 3378//4113 3358//4113 3380//4113
f 3365//4114 3315//4114 3314//4114
f 3316//4115 3279//4115 3370//4115
f 3282//4116 3370//4117 3279//4118
f 3313//4119 3224//4119 3312//4119
f 3378//4120 3284//4120 3379//4120
f 3380//4121 3285//4121 3378//4121
f 3379//4122 3278//4122 3315//4122
f 3276//4123 3351//4123 3291//4123
f 3291//4124 3349//4124 3223//4124
f 3313//4125 2965//4125 3013//4125
f 2965//4126 3303//4126 222//4126
f 222//4127 3300//4127 223//4127
f 223//4128 3298//4129 3186//4130
f 3298//4131 3185//4131 3186//4131
f 3297//4132 2977//4132 3185//4132
f 3310//4133 1213//4133 2977//4133
f 3307//4134 1214//4134 1213//4134
f 2532//4135 3306//4135 3293//4135
f 2894//4136 3293//4136 3292//4136
f 2871//4137 3292//4137 3377//4137
f 3253//4138 3240//4138 3242//4138
f 3283//4139 3013//4140 2152//4141
f 1997//4142 1889//4142 1892//4142
f 1237//4143 744//4143 855//4143
f 1535//4144 120//4145 121//4146
f 1531//4147 201//4147 214//4147
f 1119//4148 1032//4148 984//4148
f 946//4149 824//4149 947//4149
f 163//4150 5//4150 162//4150
f 3589//4151 3723//4151 3741//4151
f 1155//4152 1162//4152 1164//4152
f 427//4153 327//4153 424//4153
f 553//4154 796//4154 498//4154
f 3381//4155 2231//4155 2237//4155
f 3381//4156 2230//4156 2232//4156
f 2237//4157 3180//4157 3381//4157
f 3383//4158 3385//4158 3382//4158
f 3384//4159 3387//4159 3385//4159
f 3386//4160 3389//4160 3387//4160
f 3388//4161 3391//4162 3389//4163
f 3392//4164 3394//4164 3395//4164
f 3395//4165 3396//4165 3397//4165
f 3398//4166 3397//4166 3396//4166
f 3400//4167 3399//4167 3398//4167
f 3403//4168 3405//4168 3402//4168
f 3406//4169 3404//4169 3403//4169
f 3408//4170 3407//4170 3406//4170
f 3410//4171 3409//4172 3408//4173
f 3412//4174 3411//4174 3410//4174
f 3415//4175 3398//4175 3414//4175
f 3414//4176 3396//4176 3416//4176
f 3416//4177 3394//4177 3417//4177
f 3417//4178 3393//4179 3418//4180
f 3393//4181 3420//4182 3418//4183
f 3419//4184 3421//4184 3420//4184
f 3390//4185 3422//4185 3421//4185
f 3388//4186 3423//4186 3422//4186
f 3386//4187 3424//4187 3423//4187
f 3384//4188 3425//4188 3424//4188
f 3425//4189 3426//4189 3184//4189
f 2904//4190 3428//4190 2947//4190
f 3429//4191 2904//4191 2902//4191
f 3430//4192 2902//4193 2876//4194
f 2875//4195 3430//4192 2876//4194
f 3432//4196 2733//4196 2736//4196
f 2825//4197 3435//4198 2824//4199
f 3437//4200 3439//4200 3436//4200
f 3441//4201 3436//4201 3440//4201
f 2724//4202 3434//4202 2825//4202
f 3436//4203 3115//4204 3117//4205
f 3440//4206 3117//4206 3119//4206
f 3443//4207 3414//4207 3442//4207
f 3442//4208 3416//4208 3444//4208
f 3444//4209 3417//4209 3445//4209
f 3445//4210 3418//4210 3446//4210
f 3446//4211 3420//4211 3447//4211
f 3420//4212 3448//4212 3447//4212
f 3421//4213 3449//4213 3448//4213
f 3422//4214 3450//4214 3449//4214
f 3423//4215 3451//4215 3450//4215
f 3424//4216 3452//4216 3451//4216
f 3425//4217 3056//4217 3452//4217
f 3451//4218 2253//4218 2252//4218
f 3450//4219 2252//4219 1727//4219
f 3449//4220 1727//4220 2150//4220
f 3448//4221 2150//4221 1941//4221
f 3453//4222 3448//4222 1941//4222
f 3454//4223 3447//4223 3453//4223
f 3455//4224 3446//4224 3454//4224
f 3456//4225 3445//4225 3455//4225
f 3442//4226 3456//4227 3457//4228
f 3443//4229 3457//4229 3458//4229
f 3459//4230 3458//4230 3457//4230
f 3457//4231 3455//4231 3459//4231
f 3459//4232 3454//4232 3461//4232
f 3462//4233 3459//4233 3461//4233
f 3461//4234 3453//4234 3463//4234
f 3464//3964 3461//4235 3463//4236
f 3463//4237 1941//4237 1360//4237
f 3404//4238 3401//4238 3405//4238
f 3407//4239 3399//4239 3404//4239
f 3409//4240 3397//4240 3407//4240
f 3411//4241 3395//4241 3409//4241
f 3465//4242 3413//4242 3412//4242
f 3467//4243 3469//4244 3466//4245
f 3465//4246 3431//4246 3433//4246
f 3470//4247 3466//4248 3465//4249
f 3438//4250 3432//4250 3435//4250
f 3467//4251 3438//4251 3437//4251
f 3468//4252 3437//4252 3441//4252
f 3471//4253 3468//4253 3472//4253
f 3472//4254 3441//4254 3473//4254
f 3473//4255 3440//4256 2712//4257
f 2712//4258 3119//4258 3128//4258
f 3475//4259 3472//4259 3474//4259
f 3474//4260 3473//4260 3476//4260
f 3476//4261 2712//4261 2711//4261
f 3477//4262 2711//4262 2400//4262
f 3478//4263 3476//4263 3477//4263
f 3479//4264 3474//4264 3478//4264
f 3392//4265 3413//4265 3480//4265
f 3466//4266 3480//4266 3413//4266
f 3419//4267 3392//4267 3480//4267
f 3390//4268 3480//4268 3391//4268
f 3469//4269 3391//4269 3480//4269
f 3389//4270 3471//4270 3475//4270
f 3387//4271 3475//4271 3479//4271
f 3385//4272 3479//4273 3481//4274
f 3482//4275 2400//4275 2402//4275
f 3483//4276 3477//4276 3482//4276
f 3481//4277 3478//4277 3483//4277
f 3484//4278 2402//4278 2707//4278
f 3058//4279 2707//4279 2708//4279
f 3061//4280 3484//4280 3058//4280
f 3485//4281 3482//4281 3484//4281
f 3382//4282 3481//4282 3486//4282
f 3486//4283 3483//4283 3485//4283
f 3426//4284 3382//4284 3487//4284
f 3487//4285 3486//4285 1962//4285
f 3486//4286 3061//4286 1962//4286
f 1961//4287 3487//4287 1962//4287
f 3057//4288 3426//4288 3487//4288
f 3428//4289 3402//4289 3488//4289
f 3427//4290 3403//4290 3428//4290
f 3429//4291 3406//4291 3427//4291
f 3430//4292 3408//4293 3429//4294
f 3431//4295 3410//4295 3430//4295
f 3470//4296 3433//4296 3432//4296
f 3434//4297 3438//4297 3435//4297
f 2723//4298 3439//4298 3434//4298
f 2875//4299 3433//4299 3431//4299
f 2736//4300 3435//4301 3432//4302
f 2947//4303 3488//4303 3500//4303
f 3464//4304 1360//4304 3497//4304
f 1900//4305 1924//4305 1901//4305
f 1736//4306 1718//4306 1750//4306
f 1955//4307 1943//4307 1956//4307
f 1671//4308 1735//4308 1751//4308
f 1696//4309 1698//4309 1692//4309
f 1800//4310 1864//4310 1801//4310
f 2063//4311 2056//4311 2060//4311
f 1737//4312 1717//4312 1736//4312
f 1751//1117 1697//4313 1695//1115
f 943//4314 3899//4314 684//4314
f 3656//4315 3402//4315 3605//4315
f 1577//4316 1764//4316 1703//4316
f 3917//4317 1599//4317 3923//4317
f 1945//4318 82//4318 1944//4318
f 68//4319 7//4319 248//4319
f 147//4320 1543//4320 148//4320
f 1109//4321 1133//4321 1102//4321
f 1503//4322 1907//4322 1908//4322
f 1499//4323 1909//4323 1498//4323
f 452//4324 735//4324 215//4324
f 1824//4325 3835//4325 3845//4325
f 1825//4326 2068//4326 1824//4326
f 1463//4327 1022//4327 1194//4327
f 841//4328 1009//4328 1011//4328
f 1568//4329 1955//4329 1534//4329
f 1926//4330 1927//4330 1923//4330
f 1910//4331 1502//4331 1939//4331
f 1939//4332 422//4333 442//4334
f 309//4335 1940//4336 308//4337
f 1804//4338 1866//4338 1803//4338
f 269//4339 1954//4339 56//4339
f 2065//4340 2060//4340 2056//4340
f 3812//4341 1758//4341 3835//4341
f 280//4342 552//4342 1940//4342
f 1875//4343 1869//4343 1874//4343
f 1739//4344 1734//4344 1737//4344
f 1778//4345 1790//4345 1788//4345
f 310//4346 1915//4346 279//4346
f 1909//4347 1906//4347 1954//4347
f 1789//4348 1778//4348 1788//4348
f 978//4349 980//933 979//932
f 1584//4350 1731//4350 1583//4350
f 425//4351 311//4351 312//4351
f 148//4352 115//4352 116//4352
f 2044//4353 3894//4353 2046//4353
f 277//4354 1939//4354 551//4354
f 1943//4355 1945//4355 1944//4355
f 1461//4356 1463//4356 1464//4356
f 2253//4357 3056//4357 3055//4357
f 2981//4358 3489//4358 958//4358
f 2209//4359 3489//4359 3055//4359
f 2254//4360 3055//4360 3489//4360
f 2998//4361 958//4361 3489//4361
f 2826//4362 2721//2772 2724//2774
f 3490//4363 2721//4364 2817//4365
f 2816//4366 3490//4366 2817//4366
f 2334//4367 2296//4367 2335//4367
f 2298//4368 2334//4368 2336//4368
f 2301//4369 2336//4369 2338//4369
f 2311//4370 2338//4370 2354//4370
f 2312//4371 2354//4371 2355//4371
f 2359//4372 2361//4372 2360//4372
f 2335//4373 2359//4373 2360//4373
f 2414//4374 2365//4375 2364//4376
f 2413//4377 2361//4377 2365//4377
f 2355//4378 2540//4378 2541//4378
f 2541//4379 2539//4380 2542//4381
f 2722//4382 2739//4382 2738//4382
f 3114//4383 2738//4383 3113//4383
f 3110//4384 3121//4384 3120//4384
f 3108//4385 3120//4385 3113//4385
f 3122//4386 3127//3473 3126//3472
f 3112//4387 3126//4387 3121//4387
f 3127//4388 1753//4388 3135//4388
f 3139//4389 2529//4389 2542//4389
f 3744//4390 3133//4390 3139//4390
f 3490//4363 2740//4391 2739//4392
f 3491//4393 2789//4394 3490//4395
f 228//4396 91//4396 88//4396
f 245//4397 243//4397 242//4397
f 248//4398 247//4398 191//4398
f 2//4399 296//4399 295//4399
f 145//4400 300//4400 267//4400
f 327//4401 210//4401 328//4401
f 329//4402 331//4402 330//4402
f 250//4403 228//4403 236//4403
f 239//4404 240//4404 230//4404
f 373//4405 375//4405 374//4405
f 178//4406 176//4407 175//4408
f 1218//4409 1228//4409 1321//4409
f 3862//4410 1295//4410 3854//4410
f 808//4411 824//4411 823//4411
f 3858//4412 1013//4412 1014//4412
f 3813//4413 1411//4414 1413//4415
f 2154//4416 2159//4416 2160//4416
f 3845//4417 1758//4417 1757//4417
f 306//4418 1922//4418 452//4418
f 2157//4419 1976//4420 1977//4421
f 708//4422 2031//4422 1474//4422
f 1450//4423 1227//4423 1428//4423
f 1672//4424 1605//4424 1624//4424
f 1813//4425 1821//4425 1816//4425
f 1717//4426 1715//4426 1718//4426
f 176//4427 402//4427 347//4427
f 1710//4428 3916//4428 3915//4428
f 1712//4429 1577//4429 1711//4429
f 1705//4430 1711//4430 1704//4430
f 971//4431 979//4431 970//4431
f 822//4432 1094//4432 1102//4432
f 2909//4433 2793//4433 2792//4433
f 2810//4434 2795//4434 2793//4434
f 2799//4435 2249//4435 2800//4435
f 3662//4436 2910//4436 2799//4436
f 2769//4437 2801//4437 2795//4437
f 3177//4438 3178//4438 3179//4438
f 3178//4439 3180//4439 3179//4439
f 3181//4440 1393//4440 2800//4440
f 3181//4441 1632//4441 3182//4441
f 3182//4442 2244//4442 3183//4442
f 3183//4443 2243//4443 3180//4443
f 3492//4444 2790//4445 3491//4446
f 2808//4447 3491//4448 2816//4449
f 2239//4450 3572//4450 2240//4450
f 1149//4451 3571//4451 3570//4451
f 1150//4452 3567//4452 3571//4452
f 2202//4453 3566//4453 2015//4453
f 2921//4454 3565//4454 2923//4454
f 3568//4455 2133//4456 2928//4457
f 1777//4458 1759//4458 1792//4458
f 1201//4459 1183//4459 1184//4459
f 3561//4460 2195//4460 2194//4460
f 3553//4461 2770//4461 2768//4461
f 3927//4462 1687//4462 1692//4462
f 1516//4463 154//4463 503//4463
f 3549//4464 2974//3384 2803//4465
f 3550//4466 2779//4466 2778//4466
f 2771//4467 3575//4467 3546//4467
f 3070//4468 3546//4468 3558//4468
f 3547//4469 2775//4469 2867//4469
f 1376//4470 1370//4470 1372//4470
f 2767//4471 3556//4471 2206//4471
f 2195//4472 3543//4472 2767//4472
f 2775//4473 3542//4473 2776//4473
f 3377//4474 3545//4474 2871//4474
f 3804//4475 3539//4475 2806//4475
f 2776//4476 3538//4476 2805//4476
f 2240//4477 3535//4478 2920//4479
f 2920//4480 3669//4480 3619//4480
f 3548//4481 2786//4481 2779//4481
f 1805//4482 1851//4482 1804//4482
f 3534//4483 2787//4483 2786//4483
f 2951//4484 3540//4484 3531//4484
f 2772//4485 3531//4486 3575//4487
f 2973//4488 3530//4488 3536//4488
f 2224//4489 3537//4490 3530//4491
f 1957//4492 320//4492 510//4492
f 306//4493 304//4493 303//4493
f 2770//4494 3528//4494 2913//4494
f 2913//4495 3574//4495 2239//4495
f 2923//4496 3527//4496 2922//4496
f 308//4497 431//4497 47//4497
f 207//4498 132//4498 543//4498
f 1879//4499 1881//4499 1880//4499
f 3733//4500 3525//4500 2089//4500
f 2475//4501 3558//4501 3524//4501
f 2476//4502 3524//4503 3523//4504
f 2223//4505 3523//4504 3537//4506
f 3522//4507 2803//4507 2802//4507
f 2037//4508 11//4508 1950//4508
f 1959//4509 450//4509 505//4509
f 2003//4510 3520//4510 2129//4510
f 9//4511 334//4511 540//4511
f 2009//4512 3518//4512 3567//4512
f 2008//4513 3536//4513 3518//4513
f 3877//4514 673//4514 3879//4514
f 3515//4515 2778//4515 2784//4515
f 2935//4516 3513//4516 2936//4516
f 111//4517 3570//4517 3511//4517
f 3510//4518 2935//4518 2938//4518
f 683//4519 3885//4519 943//4519
f 3508//4520 2810//4520 2909//4520
f 736//4521 732//4521 729//4521
f 1795//4522 1803//4522 1796//4522
f 3505//4523 2938//4523 2939//4523
f 3507//4524 2939//4524 2940//4524
f 2950//4525 3504//4525 2949//4525
f 2940//4526 3504//4526 3507//4526
f 3801//4527 3512//4527 2950//4527
f 2868//4528 3502//4528 2869//4528
f 2869//4529 3522//4529 2802//4529
f 1024//4530 1023//4530 1020//4530
f 3500//4531 2948//4531 2947//4531
f 551//4532 442//4532 443//4532
f 2972//4533 3568//4455 2928//4457
f 2032//4534 3499//4535 2972//4536
f 216//4537 1924//4537 1923//4537
f 203//4538 201//4538 200//4538
f 1828//4539 1847//4539 1837//4539
f 1958//4540 449//4540 450//4540
f 272//907 178//4541 175//905
f 2871//4542 3495//4542 1361//4542
f 3619//4543 3564//4543 2921//4543
f 2801//4544 3643//4544 3662//4544
f 2005//4545 3654//4545 2176//4545
f 960//4546 899//4546 962//4546
f 3657//4547 3612//4547 3624//4547
f 3780//4548 3646//4548 3151//4548
f 3151//4549 3593//4549 2555//4549
f 2193//4550 3623//4550 2194//4550
f 3607//4551 3145//4551 3144//4551
f 3603//4552 2761//4552 3145//4552
f 3592//4553 3144//4554 3104//4555
f 2926//4556 3634//4556 3103//4556
f 3634//4557 3104//4558 3103//4559
f 3755//4560 3746//4560 3753//4560
f 566//4561 3758//4561 2005//4561
f 3488//4562 1864//4562 3500//4562
f 1602//4563 2079//4563 2078//4563
f 2868//4564 3611//4564 2922//4564
f 2922//4565 3610//4565 2923//4565
f 2923//4566 3618//4566 2921//4566
f 3670//4567 2918//4567 3614//4567
f 3619//4568 3614//4568 2920//4568
f 2921//4569 3670//4569 3619//4569
f 2920//4570 3586//4570 2240//4570
f 3613//4571 2915//4571 2918//4571
f 2917//4572 3622//4573 3641//4574
f 2916//4575 3641//4575 3642//4575
f 2239//4576 3652//4576 2913//4576
f 2911//4577 3652//4577 2757//4577
f 3643//4578 2911//4579 2910//4580
f 2797//4581 3662//4581 3591//4581
f 2797//4582 3598//4582 2750//4582
f 3622//4583 2763//4583 2765//4583
f 3608//4584 2764//4584 2745//4584
f 2194//4585 3648//4585 2221//4585
f 2221//4586 3649//4586 2222//4586
f 2756//4587 3609//4587 2755//4587
f 2750//4588 3609//4588 2747//4588
f 3669//4589 1817//4589 3827//4589
f 3763//4590 1691//4590 1699//4590
f 2515//4591 3590//4591 2548//4591
f 2548//4592 3593//4592 2550//4592
f 2513//4593 3632//4593 3616//4593
f 2513//2183 3621//4594 2515//2184
f 2509//4595 3620//4595 2289//4595
f 2510//4596 3633//4596 2509//4596
f 2289//4597 3639//4597 2283//4597
f 2283//4598 3617//4598 2286//4598
f 2240//4599 3587//4599 2239//4599
f 3659//4600 3624//4601 3626//4602
f 716//4603 3887//4603 3888//4603
f 727//4604 3761//4604 1923//4604
f 2165//4605 2170//4605 2164//4605
f 3660//4606 3626//4606 3629//4606
f 3743//4607 3578//4608 3757//4609
f 2175//4610 769//4610 770//4610
f 2100//4611 2095//4611 2099//4611
f 3758//4612 3757//4609 3578//4608
f 640//4613 3568//4613 1826//4613
f 1653//4614 3553//4614 1651//4614
f 1895//4615 3530//4615 746//4615
f 746//4616 3537//4616 741//4616
f 1653//4617 3528//4617 3576//4617
f 3762//4618 1604//4618 1672//4618
f 2093//4619 2073//4619 2078//4619
f 959//4620 995//4620 884//4620
f 962//4621 919//4621 986//4621
f 1400//4622 1398//4622 1399//4622
f 1000//4623 1127//4623 1004//4623
f 956//4624 884//4624 885//4624
f 1662//4625 3550//4625 1661//4625
f 2034//4626 3546//4626 1654//4626
f 3926//4627 3539//4627 3802//4627
f 3535//4628 766//4628 1817//4628
f 3572//4629 765//4629 766//4629
f 334//4630 3571//4630 335//4630
f 1868//4631 3540//4631 1656//4631
f 1684//4632 1652//4632 1678//4632
f 1682//4633 775//4633 1807//4633
f 1585//4634 3762//4634 1700//4634
f 3763//4635 1672//4635 1673//4635
f 2173//4636 490//4636 491//4636
f 1658//4637 3547//4637 1752//4637
f 3556//4638 1650//4639 724//4640
f 1571//1068 2010//4641 1572//1066
f 1587//4642 3671//4642 2080//4642
f 2099//4643 2077//4644 2094//4645
f 787//4646 1999//4646 786//4646
f 2000//4647 786//4647 1999//4647
f 3155//4648 3697//4648 3683//4648
f 3713//4649 3683//4649 3789//4649
f 2180//4650 3685//4650 3684//4650
f 3496//4651 3684//4651 3705//4651
f 1684//4652 3840//4652 1651//4652
f 1760//4653 3495//4653 3545//4653
f 2607//4654 3693//4654 2590//4654
f 2581//4655 3689//4655 2607//4655
f 2371//4656 3700//4656 3695//4656
f 2371//4657 3693//4657 2372//4657
f 2587//3388 3675//4658 2586//3386
f 2586//4659 3697//4659 339//4659
f 2497//4660 3687//4660 2503//4660
f 2502//4661 3687//4662 3700//4663
f 2494//4664 3690//4664 2495//4664
f 3690//4665 2472//4665 2495//4665
f 3688//4666 2468//4666 2472//4666
f 3701//4667 2469//4667 2468//4667
f 726//4668 3892//4668 630//4668
f 581//4669 3518//4669 580//4669
f 10//4670 3570//4670 334//4670
f 1837//4671 3510//4671 1849//4671
f 741//4672 3523//4672 1300//4672
f 1299//4673 3558//4674 2034//4675
f 1851//4676 3504//4676 1866//4676
f 3527//4677 1820//4678 1819//4679
f 580//4680 3536//4681 1895//4682
f 1758//4683 3522//4683 3502//4683
f 1693//4684 3508//4684 1806//4684
f 3504//4685 1867//4685 1866//4685
f 1894//4686 3568//4687 3499//4688
f 2126//4689 3813//4689 3841//4689
f 3906//4690 3841//4690 3912//4690
f 2113//4691 3867//4691 2110//4691
f 2179//4692 3789//4692 3685//4692
f 624//4693 3904//4693 623//4693
f 2192//4694 3788//4694 3780//4694
f 2177//4695 3787//4695 3733//4695
f 1364//4696 3833//4696 1338//4696
f 3858//4697 1470//4697 1453//4697
f 3135//3503 3775//4698 3744//4699
f 2069//4700 3835//4700 2068//4700
f 1351//4701 3853//4701 1352//4701
f 2108//4702 3901//4702 499//4702
f 2089//4703 3736//4703 3733//4703
f 3828//4704 1358//4704 866//4704
f 2001//4705 3783//4705 2187//4705
f 2187//4706 3719//4706 2091//4706
f 2130//4707 3752//4707 2004//4707
f 2004//4708 3749//4708 2001//4708
f 2014//4709 3779//4709 2201//4709
f 2201//4710 3756//4710 2130//4710
f 3167//3658 3759//4711 2969//3656
f 3168//4712 3720//4712 3167//4712
f 3159//4713 3764//4713 3160//4713
f 3160//4714 3765//4714 3081//4714
f 3730//4715 3158//4716 337//4717
f 3158//4718 3709//4718 3159//4718
f 2200//4719 3730//4719 3722//4719
f 3685//4720 3742//4720 2204//4720
f 3722//4721 2197//4722 2200//4723
f 3790//4724 2092//4724 3721//4724
f 3774//4725 3721//3593 2197//3592
f 3154//4726 3790//4726 3774//4726
f 3155//4727 3706//4727 3154//4727
f 2091//4728 3721//4728 2092//4728
f 2196//4729 3750//4729 3776//4729
f 2193//4730 3776//4730 3781//4730
f 3604//4731 3781//4731 3788//4731
f 2086//4732 3780//4732 3778//4732
f 2087//4733 3778//4733 3777//4733
f 2204//4734 3751//4734 2205//4734
f 2205//4735 3750//4735 3148//4735
f 3909//4736 574//4736 692//4736
f 2124//4737 3777//4737 3760//4737
f 2208//4738 3760//4738 3782//4738
f 3711//4739 3140//4739 3137//4739
f 3785//4740 3138//4740 3140//4740
f 3745//4741 3139//4742 3138//4743
f 3771//4744 3136//3511 2322//4745
f 3712//4746 3137//4746 3136//4746
f 3775//4747 3131//4747 3133//4747
f 3767//4748 3132//4748 3131//4748
f 1813//4749 3838//4749 1814//4749
f 1293//4750 3856//4750 1344//4750
f 2184//4751 3748//4751 3732//4751
f 2181//4752 3732//4752 3734//4752
f 3765//4753 3079//4753 3081//4753
f 3768//4754 3080//4754 3079//4754
f 709//4755 3875//4756 2031//4757
f 2774//4758 3737//4758 3769//4758
f 3786//4759 2134//4759 3559//4759
f 3809//4760 766//4760 765//4760
f 2968//4761 3766//4761 2959//4761
f 2969//3079 3784//4762 2968//3077
f 2958//4763 3737//4763 2961//4763
f 2132//4764 3766//4764 2960//4764
f 2321//4765 3771//4766 3748//4767
f 3860//4768 1449//4768 28//4768
f 3905//4769 582//4769 710//4769
f 3886//4770 577//4770 574//4770
f 3847//4771 1818//4771 3827//4771
f 705//4772 3887//4772 2121//4772
f 3816//4773 3907//4773 698//4773
f 2111//4774 3911//4774 2113//4774
f 3810//4775 1366//4775 1411//4775
f 1812//4776 3822//4776 1815//4776
f 675//4777 3852//4777 674//4777
f 3496//4778 3851//4779 675//4780
f 2110//4781 3868//4781 2109//4781
f 2104//4782 3901//4782 2106//4782
f 2109//1573 3899//4783 944//1574
f 3842//4784 703//4784 739//4784
f 1680//4785 3846//4786 1684//4787
f 1639//4788 3819//4788 3818//4788
f 623//4789 3906//4789 697//4789
f 2139//4790 3866//4791 3865//4792
f 1808//4793 3844//4793 3837//4793
f 3820//4794 1819//4794 1820//4794
f 3872//4795 3900//4795 706//4795
f 1646//4796 3830//4796 1648//4796
f 3889//4797 633//4797 577//4797
f 2139//4798 3875//4798 18//4798
f 2156//4799 3871//4799 3874//4799
f 674//4800 3913//4800 3869//4800
f 2117//4801 3812//4801 2069//4801
f 1815//4802 3847//4802 3823//4802
f 3855//4803 1444//4803 1470//4803
f 697//4804 3912//4804 3816//4804
f 866//4805 3836//4805 3828//4805
f 3864//4806 2136//4807 2135//4808
f 3585//4809 3726//4809 3589//4809
f 3583//4810 3731//4810 3585//4810
f 3753//4811 3738//4811 3739//4811
f 3740//4812 3581//4813 3743//4814
f 1088//4815 3746//4815 1093//4815
f 3739//4816 3743//4816 3753//4816
f 2791//4817 3493//4818 2792//4819
f 3492//4820 2807//4820 3493//4820
f 2792//4821 3494//4821 2909//4821
f 3493//4822 2806//4822 3494//4822
f 3508//4823 3494//4823 3516//4823
f 3516//4824 2806//4824 3539//4824
f 2948//4825 3791//4825 3801//4825
f 2105//4826 3896//4826 2104//4826
f 3538//4827 3804//4827 2805//4827
f 680//4828 3876//4828 683//4828
f 1891//4829 3910//4829 3891//4829
f 2905//4830 3801//4830 2950//4830
f 2900//4831 3799//4831 2905//4831
f 2901//2969 3807//4832 2877//2970
f 2734//4833 3806//4833 3794//4833
f 2877//4834 3806//4834 2878//4834
f 2820//4835 3794//4835 2872//4835
f 2818//4836 3792//4836 2827//4836
f 2823//4837 3792//2863 2826//2862
f 2822//4838 3798//4838 2821//4838
f 2819//4839 3800//4839 3798//4839
f 2817//4840 3795//4840 2816//4840
f 2809//4841 3795//4841 2815//4841
f 2808//4842 3803//4842 2807//4842
f 2805//4843 3803//4843 2804//4843
f 1702//4844 3923//4844 1599//4844
f 3922//4845 1797//4845 1802//4845
f 3915//4846 1706//4846 1709//4846
f 3918//4847 1692//4847 1698//4847
f 1657//1428 3880//4848 1879//1426
f 1890//4849 3895//4849 3910//4849
f 3772//4850 1674//4850 1675//4850
f 1689//4851 3772//4851 3773//4851
f 3926//4852 3538//4852 1688//4852
f 3516//4853 1689//4853 3773//4853
f 3917//4854 1703//4854 1764//4854
f 1598//4855 3928//4855 1770//4855
f 3880//4856 1876//4856 1879//4856
f 1691//4857 3925//4858 3927//4859
f 3925//4860 1688//4860 1687//4860
f 1117//4861 1118//4861 3930//4861
f 1066//4862 1322//4862 3930//4862
f 1243//4863 847//4863 3930//4863
f 3825//4864 848//4864 3930//4864
f 1128//4865 1117//4866 3930//4867
f 1129//4868 1130//4868 3930//4868
f 841//4869 1011//4869 3930//4869
f 1230//4870 3863//4870 3930//4870
f 1242//4871 1243//4871 3930//4871
f 1322//4872 1229//4872 3930//4872
f 1064//4873 1065//4874 3930//4875
f 1003//4876 1128//4865 3930//4867
f 1229//4877 1230//4877 3930//4877
f 3863//4878 1285//4878 3930//4878
f 1285//4879 1288//4879 3930//4879
f 848//4880 839//4880 3930//4880
f 847//4881 3825//4881 3930//4881
f 1118//4882 1129//4882 3930//4882
f 1065//4874 1066//4883 3930//4875
f 1087//4884 1086//4884 3930//4884
f 1008//4885 1002//4885 3930//4885
f 1011//4886 1008//4886 3930//4886
f 1002//4887 1003//4887 3930//4887
f 1076//4888 1069//4888 3930//4888
f 838//4889 841//4889 3930//4889
f 839//4890 838//4890 3930//4890
f 1288//4891 1242//4891 3930//4891
f 1130//4892 1087//4892 3930//4892
f 1086//4893 1076//4893 3930//4893
f 1069//4894 1064//4894 3930//4894
f 2410//4895 2414//4895 3931//4895
f 2411//4896 2410//4896 3931//4896
f 3617//4897 2285//4897 3931//4897
f 2394//4898 2393//4898 3931//4898
f 2393//4899 2396//4899 3931//4899
f 2281//4900 2286//4900 3931//4900
f 2282//4901 2280//4901 3931//4901
f 2398//4902 2399//4902 3931//4902
f 2465//4903 2464//4903 3931//4903
f 2396//4904 2397//4904 3931//4904
f 2470//4905 2469//4905 3931//4905
f 2399//4906 2416//4906 3931//4906
f 2480//4907 2395//4907 3931//4907
f 2459//4908 2480//4908 3931//4908
f 2369//4909 2282//4909 3931//4909
f 2460//4910 2459//4910 3931//4910
f 2415//4911 2411//4911 3931//4911
f 2416//4912 2415//4912 3931//4912
f 2364//4913 2363//4913 3931//4913
f 2286//4914 3617//4914 3931//4914
f 2464//4915 2470//4915 3931//4915
f 2469//4916 3703//4916 3931//4916
f 2285//4917 2465//4917 3931//4917
f 2414//4918 2364//4918 3931//4918
f 2395//4919 2394//4919 3931//4919
f 2363//4920 2367//4920 3931//4920
f 2397//4921 2398//4921 3931//4921
f 2280//4922 2281//4922 3931//4922
f 3703//4923 2460//4923 3931//4923
f 2367//4924 2369//4924 3931//4924
f 3934//4925 3937//4925 3938//4926
f 3934//4927 3939//4928 3935//4929
f 3932//4930 3937//4931 3933//4932
f 3938//4933 3943//4934 3939//4935
f 3937//4936 3940//4937 3941//4938
f 3937//4939 3942//4939 3938//4940
f 3942//4941 3947//4942 3943//4943
f 3941//4944 3944//4945 3945//4946
f 3942//4947 3945//4947 3946//4948
f 3947//4949 3950//4950 3951//4951
f 3944//4952 3949//4953 3945//4954
f 3945//4955 3950//4956 3946//4957
f 3950//4958 3955//4958 3951//4959
f 3949//4960 3952//4961 3953//4962
f 3950//4963 3953//4964 3954//4965
f 3955//4966 3958//4967 3959//4968
f 3953//4969 3956//4970 3957//4971
f 3953//4972 3958//4973 3954//4974
f 3959//4975 3962//4976 3963//4977
f 3957//4978 3960//4979 3961//4980
f 3958//4981 3961//4982 3962//4983
f 3962//4984 3967//4984 3963//4984
f 3960//4985 3965//4986 3961//4987
f 3961//4988 3966//4989 3962//4990
f 3966//4991 3971//4992 3967//4993
f 3965//4994 3968//4995 3969//4996
f 3966//4997 3969//4998 3970//4999
f 3970//5000 3975//5001 3971//5002
f 3968//5003 3973//5004 3969//5005
f 3969//5006 3974//5007 3970//5008
f 3974//5009 3979//5010 3975//5011
f 3973//5012 3976//5012 3977//5013
f 3974//5014 3977//5015 3978//5016
f 3979//5017 3982//5018 3983//5019
f 3976//5020 3981//5021 3977//5022
f 3977//5023 3982//5024 3978//5025
f 3982//5026 3987//5027 3983//5028
f 3981//5029 3984//5030 3985//5031
f 3982//5032 3985//5033 3986//5034
f 3987//5035 3990//5036 3991//5037
f 3984//5038 3989//5039 3985//5040
f 3985//5041 3990//5042 3986//5043
f 3991//5044 3994//5045 3995//5046
f 3989//5047 3992//5048 3993//5049
f 3990//5050 3993//5051 3994//5052
f 3995//5053 3998//5054 3999//5055
f 3992//5056 3997//5057 3993//5058
f 3993//5059 3998//5060 3994//5061
f 3998//5062 4003//5063 3999//5064
f 3997//5065 4000//5065 4001//5066
f 3998//5067 4001//5068 4002//5069
f 4002//5070 4007//5071 4003//5072
f 4000//5073 4005//5074 4001//5075
f 4001//5076 4006//5077 4002//5078
f 4006//5079 4011//5080 4007//5081
f 4005//5082 4008//5083 4009//5084
f 4006//5085 4009//5086 4010//5087
f 4011//5088 4014//5089 4015//5090
f 4008//5091 4013//5092 4009//5093
f 4009//5094 4014//5095 4010//5096
f 4014//5097 4019//5098 4015//5099
f 4013//5100 4016//5101 4017//5102
f 4014//5103 4017//5104 4018//5105
f 4019//5106 4022//5107 4023//5108
f 4016//5109 4021//5110 4017//5111
f 4017//5112 4022//5113 4018//5114
f 4023//5115 4026//5116 4027//5117
f 4021//5118 4024//5119 4025//5120
f 4022//5121 4025//5122 4026//5123
f 4027//5124 4030//5125 4031//5126
f 4024//5127 4029//5128 4025//5129
f 4025//5130 4030//5131 4026//5132
f 4031//5133 4034//5134 4035//5135
f 4029//5136 4032//5137 4033//5138
f 4030//5139 4033//5140 4034//5141
f 4034//5142 4039//5143 4035//5144
f 4032//5145 4037//5146 4033//5147
f 4033//5148 4038//5149 4034//5150
f 4038//5151 4043//5152 4039//5153
f 4037//5154 4040//5155 4041//5156
f 4038//5157 4041//5157 4042//5158
f 4043//5159 4046//5160 4047//5161
f 4040//5162 4045//5163 4041//5164
f 4041//5165 4046//5166 4042//5167
f 4046//5168 4051//5169 4047//5170
f 4045//5171 4048//5172 4049//5173
f 4046//5174 4049//5175 4050//5176
f 4051//5177 4055//5178 4056//5179
f 4048//5180 4054//5181 4049//5182
f 4049//5183 4055//5184 4050//5185
f 4056//5186 4059//5187 4060//5188
f 4053//5189 4058//5190 4054//5191
f 4055//5192 4058//5193 4059//5194
f 3932//5195 4052//5195 3936//5195
f 3936//5196 4052//5196 3940//5196
f 3940//5197 4052//5197 3944//5197
f 3944//5198 4052//5198 3948//5198
f 3948//5199 4052//5199 3952//5199
f 3952//5200 4052//5200 3956//5200
f 3956//5201 4052//5202 3960//5202
f 3960//5202 4052//5202 3964//5203
f 3964//5204 4052//5205 3968//5206
f 3968//5206 4052//5205 3972//5207
f 3972//5208 4052//5209 3976//5209
f 3976//5209 4052//5209 3980//5210
f 3980//5211 4052//5212 3984//5212
f 3984//5212 4052//5212 3988//5213
f 3988//5214 4052//5215 3992//5215
f 3992//5215 4052//5215 3996//5214
f 3996//5216 4052//5217 4000//5218
f 4000//5218 4052//5217 4004//5219
f 4004//5220 4052//5220 4008//5220
f 4008//5221 4052//5222 4012//5223
f 4012//5223 4052//5222 4016//5224
f 4016//5225 4052//5226 4020//5227
f 4020//5227 4052//5226 4024//5228
f 4024//5229 4052//5230 4028//5230
f 4028//5230 4052//5230 4032//5231
f 4032//5232 4052//5233 4036//5234
f 4036//5234 4052//5233 4040//5235
f 4040//5236 4052//5237 4044//5237
f 4044//5237 4052//5237 4048//5238
f 4048//5239 4052//5239 4053//5239
f 4053//5240 4052//5240 4057//5240
f 4060//5241 3934//5242 3935//5243
f 4058//5244 3932//5245 3933//5246
f 4058//5247 3934//5248 4059//5249
f 4057//5250 4052//5250 3932//5250
f 4069//5251 4081//5252 4082//5253
f 4066//5254 4080//5254 4067//5255
f 4065//5256 4077//5257 4078//5258
f 4063//5259 4075//5260 4076//5260
f 4071//5261 4085//5262 4072//5262
f 4069//5263 4083//5264 4070//5265
f 4067//5266 4081//5267 4068//5268
f 4066//5269 4078//5270 4079//5271
f 4063//5272 4077//5273 4064//5274
f 4061//5275 4075//5276 4062//5277
f 4072//5278 4086//5279 4073//5280
f 4071//5281 4083//5282 4084//5283
f 4076//5284 4090//5285 4077//5286
f 4074//5287 4088//5288 4075//5289
f 4086//5290 4098//5291 4099//5292
f 4083//5293 4097//5294 4084//5295
f 4082//5296 4094//5296 4095//5297
f 4079//5298 4093//5298 4080//5299
f 4078//5300 4090//5301 4091//5302
f 4076//5303 4088//5304 4089//5305
f 4085//5306 4097//5307 4098//5308
f 4082//5309 4096//5310 4083//5311
f 4080//5312 4094//5312 4081//5312
f 4079//5313 4091//5313 4092//5314
f 4089//5315 4103//5315 4090//5315
f 4088//5316 4100//5317 4101//5318
f 4098//5319 4112//5320 4099//5321
f 4096//5322 4110//5323 4097//5324
f 4095//5325 4107//5326 4108//5327
f 4092//5328 4106//5328 4093//5329
f 4090//5330 4104//5330 4091//5331
f 4089//5332 4101//5333 4102//5334
f 4097//5335 4111//5336 4098//5337
f 4095//5338 4109//5339 4096//5340
f 4094//5341 4106//5342 4107//5343
f 4092//5344 4104//5344 4105//5345
f 4103//5346 4115//5347 4116//5348
f 4100//5349 4114//5350 4101//5351
f 4112//5352 4124//5353 4125//5354
f 4110//5355 4122//5356 4123//5357
f 4107//5358 4121//5358 4108//5359
f 4105//5360 4119//5360 4106//5361
f 4103//5362 4117//5363 4104//5364
f 4101//5365 4115//5366 4102//5367
f 4110//5368 4124//5369 4111//5370
f 4109//5371 4121//5372 4122//5373
f 4107//5374 4119//5374 4120//5375
f 4105//5376 4117//5376 4118//5377
f 4115//5378 4129//5379 4116//5380
f 4114//5381 4126//5382 4127//5382
f 4124//5383 4138//5383 4125//5384
f 4123//5385 4135//5386 4136//5387
f 4120//5388 4134//5389 4121//5390
f 4119//5391 4131//5391 4132//5392
f 4117//5393 4129//5393 4130//5394
f 4114//5395 4128//5396 4115//5397
f 4124//5398 4136//5399 4137//5400
f 4122//5401 4134//5402 4135//5403
f 4119//5404 4133//5404 4120//5404
f 4117//5405 4131//5405 4118//5405
f 4129//5406 4141//5406 4142//5407
f 4126//5408 4140//5409 4127//5410
f 4138//5411 4150//5412 4151//5413
f 4136//5414 4148//5415 4149//5416
f 4133//5417 4147//5418 4134//5419
f 4131//5420 4145//5420 4132//5421
f 4130//5422 4142//5423 4143//5424
f 4127//5425 4141//5426 4128//5427
f 4137//5428 4149//5429 4150//5430
f 4135//5431 4147//5431 4148//5431
f 4132//5432 4146//5432 4133//5433
f 4131//5434 4143//5434 4144//5435
f 4142//5436 4154//5437 4155//5438
f 4140//5439 4152//5440 4153//5441
f 4150//5442 4164//5443 4151//5444
f 4149//5445 4161//5446 4162//5447
f 4146//5448 4160//5448 4147//5449
f 4144//5450 4158//5451 4145//5452
f 4142//5453 4156//5454 4143//5455
f 4140//5456 4154//5457 4141//5458
f 4149//5459 4163//5460 4150//5461
f 4148//5462 4160//5463 4161//5464
f 4146//5465 4158//5466 4159//5467
f 4144//5468 4156//5468 4157//5469
f 4155//5470 4167//5471 4168//5472
f 4153//5473 4165//5474 4166//5475
f 4163//5476 4177//5477 4164//5478
f 4161//5479 4175//5480 4162//5481
f 4159//5482 4173//5483 4160//5482
f 4158//5484 4170//5485 4171//5486
f 4155//5487 4169//5487 4156//5488
f 4153//5489 4167//5490 4154//5489
f 4163//5491 4175//5492 4176//5493
f 4161//5494 4173//5495 4174//5496
f 4159//5497 4171//5497 4172//5498
f 4156//5499 4170//5500 4157//5501
f 4167//5502 4181//5503 4168//5504
f 4165//5505 4179//5505 4166//5506
f 4176//5507 4190//5508 4177//5509
f 4175//5510 4187//5511 4188//5512
f 4173//5513 4185//5514 4186//5515
f 4170//5516 4184//5517 4171//5518
f 4169//5519 4181//5519 4182//5520
f 4167//5521 4179//5522 4180//5523
f 4175//5524 4189//5525 4176//5526
f 4173//5527 4187//5528 4174//5529
f 4171//5530 4185//5531 4172//5532
f 4170//5533 4182//5533 4183//5534
f 4180//5535 4194//5536 4181//5536
f 4178//5537 4192//5538 4179//5539
f 4190//5540 4202//5541 4203//5542
f 4187//5543 4201//5544 4188//5544
f 4186//5545 4198//5546 4199//5547
f 4183//5548 4197//5548 4184//5549
f 4182//5550 4194//5550 4195//5551
f 4180//5552 4192//5553 4193//5554
f 4189//5555 4201//5556 4202//5557
f 4186//5558 4200//5559 4187//5560
f 4184//5561 4198//5562 4185//5563
f 4183//5564 4195//5565 4196//5566
f 4193//5567 4207//5568 4194//5569
f 4192//5570 4204//5571 4205//5572
f 4202//5573 4216//5574 4203//5575
f 4200//5576 4214//5577 4201//5578
f 4199//5579 4211//5580 4212//5581
f 4196//5582 4210//5583 4197//5584
f 4194//5585 4208//5586 4195//5587
f 4193//5588 4205//5589 4206//5590
f 4201//5591 4215//5592 4202//5593
f 4199//5594 4213//5594 4200//5595
f 4198//5596 4210//5597 4211//5596
f 4196//5598 4208//5599 4209//5600
f 4207//5601 4219//5602 4220//5603
f 4204//5604 4218//5605 4205//5606
f 4216//5607 4228//5608 4229//5609
f 4213//5610 4227//5611 4214//5612
f 4211//5613 4225//5613 4212//5614
f 4209//5615 4223//5615 4210//5616
f 4207//5617 4221//5617 4208//5617
f 4205//5618 4219//5619 4206//5620
f 4214//5621 4228//5622 4215//5623
f 4213//5624 4225//5625 4226//5626
f 4211//5627 4223//5627 4224//5628
f 4209//5629 4221//5630 4222//5631
f 4219//5632 4233//5633 4220//5634
f 4218//5635 4230//5636 4231//5637
f 4228//5638 4242//5639 4229//5640
f 4226//5641 4240//5642 4227//5643
f 4225//5644 4237//5644 4238//5645
f 4223//5646 4235//5647 4236//5648
f 4221//5649 4233//5650 4234//5651
f 4218//5652 4232//5652 4219//5653
f 4228//5654 4240//5655 4241//5656
f 4226//5657 4238//5658 4239//5659
f 4223//5660 4237//5660 4224//5661
f 4221//5662 4235//5662 4222//5662
f 4233//5663 4245//5664 4246//5665
f 4230//5666 4244//5667 4231//5667
f 4242//5668 4254//5669 4255//5670
f 4240//5671 4252//5672 4253//5673
f 4237//5674 4251//5675 4238//5676
f 4235//5677 4249//5677 4236//5678
f 4234//5679 4246//5679 4247//5680
f 4231//5681 4245//5682 4232//5683
f 4241//5684 4253//5685 4254//5686
f 4239//5687 4251//5688 4252//5689
f 4236//5690 4250//5691 4237//5692
f 4235//5693 4247//5693 4248//5694
f 4246//5695 4258//5695 4259//5696
f 4244//5697 4256//5698 4257//5699
f 4254//5700 4268//5701 4255//5702
f 4253//5703 4265//5704 4266//5705
f 4250//5706 4264//5707 4251//5708
f 4248//5709 4262//5710 4249//5711
f 4246//5712 4260//5713 4247//5714
f 4244//5715 4258//5716 4245//5717
f 4253//5718 4267//5719 4254//5720
f 4252//5721 4264//5722 4265//5723
f 4250//5724 4262//5724 4263//5725
f 4248//5726 4260//5726 4261//5727
f 4259//5728 4271//5728 4272//5729
f 4257//5730 4269//5731 4270//5732
f 4267//5733 4281//5734 4268//5735
f 4265//5736 4279//5737 4266//5738
f 4263//5739 4277//5740 4264//5741
f 4262//5742 4274//5742 4275//5743
f 4259//5744 4273//5745 4260//5746
f 4257//5747 4271//5747 4258//5748
f 4266//5749 4280//5749 4267//5750
f 4265//5751 4277//5752 4278//5753
f 4263//5754 4275//5754 4276//5755
f 4260//5756 4274//5756 4261//5757
f 4271//5758 4285//5759 4272//5760
f 4269//5761 4283//5761 4270//5762
f 4281//5763 4293//5764 4294//5765
f 4279//5766 4291//5766 4292//5766
f 4277//5767 4289//5767 4290//5768
f 4274//5769 4288//5769 4275//5770
f 4273//5771 4285//5772 4286//5773
f 4271//5774 4283//5775 4284//5776
f 4280//5777 4292//5778 4293//5779
f 4277//5780 4291//5781 4278//5782
f 4275//5783 4289//5784 4276//5785
f 4274//5786 4286//5786 4287//5787
f 4284//5788 4298//5789 4285//5790
f 4282//5791 4296//5792 4283//5793
f 4294//5794 4306//5795 4307//5796
f 4291//5797 4305//5798 4292//5799
f 4290//5800 4302//5801 4303//5802
f 4287//5803 4301//5803 4288//5804
f 4286//5805 4298//5806 4299//5807
f 4284//5808 4296//5809 4297//5810
f 4293//5811 4305//5812 4306//5813
f 4290//5814 4304//5815 4291//5816
f 4288//5817 4302//5817 4289//5818
f 4287//5819 4299//5819 4300//5820
f 4297//5821 4311//5822 4298//5823
f 4296//5824 4308//5825 4309//5826
f 4306//5827 4320//5828 4307//5827
f 4304//5829 4318//5830 4305//5831
f 4303//5832 4315//5832 4316//5833
f 4300//5834 4314//5834 4301//5834
f 4298//5835 4312//5836 4299//5837
f 4297//5838 4309//5839 4310//5840
f 4305//5841 4319//5842 4306//5843
f 4304//5844 4316//5845 4317//5846
f 4302//5847 4314//5847 4315//5848
f 4300//5849 4312//5849 4313//5850
f 4310//5851 4324//5852 4311//5853
f 4308//5854 4322//5855 4309//5856
f 4320//5857 4332//5858 4333//5859
f 4318//5860 4330//5861 4331//5862
f 4316//5863 4328//5864 4329//5865
f 4313//5866 4327//5866 4314//5867
f 4311//5868 4325//5869 4312//5870
f 4310//5871 4322//5872 4323//5873
f 4318//5874 4332//5875 4319//5876
f 4316//5877 4330//5878 4317//5879
f 4315//5880 4327//5881 4328//5882
f 4312//5883 4326//5883 4313//5884
f 4323//5885 4337//5886 4324//5887
f 4322//5888 4334//5889 4335//5890
f 4332//5891 4346//5892 4333//5893
f 4330//5894 4344//5895 4331//5896
f 4329//5897 4341//5898 4342//5899
f 4327//5900 4339//5901 4340//5902
f 4325//5903 4337//5903 4338//5904
f 4322//5905 4336//5906 4323//5907
f 4332//5908 4344//5909 4345//5910
f 4330//5911 4342//5912 4343//5913
f 4327//5914 4341//5915 4328//5916
f 4325//5917 4339//5918 4326//5919
f 4337//5920 4350//5920 4351//5921
f 4334//5922 4349//5923 4335//5924
f 4346//5925 4359//5926 4360//5927
f 4344//5928 4357//5929 4358//5930
f 4341//5931 4356//5932 4342//5933
f 4340//5934 4353//5934 4354//5935
f 4338//5936 4351//5937 4352//5938
f 4335//5939 4350//5939 4336//5940
f 4345//5941 4358//5942 4359//5943
f 4343//5944 4356//5945 4357//5946
f 4340//5947 4355//5948 4341//5949
f 4338//5950 4353//5951 4339//5952
f 4351//5953 4363//5954 4364//5955
f 4349//5956 4361//5957 4362//5958
f 4359//5959 4373//5959 4360//5960
f 4358//5961 4370//5961 4371//5962
f 4355//5963 4369//5963 4356//5964
f 4354//5965 4366//5965 4367//5966
f 4351//5967 4365//5968 4352//5969
f 4349//5970 4363//5971 4350//5972
f 4358//5973 4372//5974 4359//5975
f 4357//5976 4369//5976 4370//5977
f 4355//5978 4367//5979 4368//5980
f 4352//5981 4366//5982 4353//5983
f 4364//5984 4376//5985 4377//5986
f 4362//5987 4374//5988 4375//5989
f 4373//5990 4385//5991 4386//5991
f 4370//5992 4384//5993 4371//5994
f 4368//5995 4382//5996 4369//5997
f 4367//5998 4379//5999 4380//6000
f 4364//6001 4378//6002 4365//6003
f 4362//6004 4376//6005 4363//6006
f 4372//6007 4384//6008 4385//6009
f 4370//6010 4382//6010 4383//6010
f 4368//6011 4380//6012 4381//6013
f 4365//6014 4379//6015 4366//6016
f 4376//6017 4390//6018 4377//6019
f 4374//6020 4388//6020 4375//6021
f 4385//6022 4399//6022 4386//6023
f 4384//6024 4396//6025 4397//6026
f 4382//6027 4394//6027 4395//6028
f 4379//6029 4393//6030 4380//6031
f 4378//6032 4390//6033 4391//6034
f 4376//6035 4388//6036 4389//6037
f 4384//6038 4398//6039 4385//6040
f 4382//6041 4396//6042 4383//6043
f 4380//6044 4394//6045 4381//6045
f 4379//6046 4391//6047 4392//6048
f 4389//6049 4403//6050 4390//6051
f 4387//6052 4401//6053 4388//6054
f 4399//6055 4411//6056 4412//6057
f 4396//6058 4410//6059 4397//6060
f 4395//6061 4407//6061 4408//6062
f 4393//6063 4405//6064 4406//6065
f 4391//6066 4403//6067 4404//6068
f 4389//6069 4401//6069 4402//6070
f 4398//6071 4410//6072 4411//6073
f 4395//6074 4409//6074 4396//6075
f 4393//6076 4407//6077 4394//6078
f 4391//6079 4405//6079 4392//6080
f 4402//6081 4416//6082 4403//6083
f 4401//6084 4413//6085 4414//6086
f 4411//6087 4425//6088 4412//6089
f 4409//6090 4423//6091 4410//6092
f 4408//6093 4420//6094 4421//6095
f 4406//6096 4418//6097 4419//6098
f 4403//6099 4417//6100 4404//6101
f 4402//6102 4414//6103 4415//6104
f 4410//6105 4424//6106 4411//6107
f 4408//6108 4422//6108 4409//6109
f 4407//6110 4419//6111 4420//6112
f 4404//6113 4418//6114 4405//6115
f 4416//6116 4428//6117 4429//6118
f 4413//6119 4427//6120 4414//6121
f 4425//6122 4437//6122 4438//6123
f 4423//6124 4435//6124 4436//6125
f 4421//6126 4433//6127 4434//6128
f 4418//6129 4432//6129 4419//6130
f 4416//6131 4430//6131 4417//6132
f 4415//6133 4427//6133 4428//6133
f 4423//6134 4437//6135 4424//6136
f 4421//6137 4435//6138 4422//6139
f 4420//6140 4432//6140 4433//6141
f 4418//6142 4430//6143 4431//6144
f 4428//6145 4442//6146 4429//6147
f 4426//6148 4440//6149 4427//6150
f 4437//6151 4451//6152 4438//6153
f 4435//6154 4449//6155 4436//6156
f 4434//6157 4446//6158 4447//6159
f 4432//6160 4444//6160 4445//6161
f 4430//6162 4442//6162 4443//6162
f 4427//6163 4441//6164 4428//6165
f 4437//6166 4449//6167 4450//6166
f 4435//6168 4447//6169 4448//6170
f 4432//6171 4446//6171 4433//6172
f 4430//6173 4444//6173 4431//6174
f 4442//6175 4454//6176 4455//6177
f 4439//6178 4453//6179 4440//6180
f 4451//6181 4463//6182 4464//6183
f 4449//6184 4461//6185 4462//6186
f 4446//6187 4460//6188 4447//6189
f 4444//6190 4458//6190 4445//6191
f 4443//6192 4455//6192 4456//6193
f 4440//6194 4454//6195 4441//6196
f 4450//6197 4462//6198 4463//6199
f 4447//6200 4461//6201 4448//6202
f 4445//6203 4459//6203 4446//6204
f 4444//6205 4456//6206 4457//6207
f 4455//6208 4467//6209 4468//6210
f 4453//6211 4465//6212 4466//6213
f 4463//6214 4477//6215 4464//6216
f 4462//6217 4474//6218 4475//6219
f 4459//6220 4473//6220 4460//6221
f 4457//6222 4471//6223 4458//6224
f 4455//6225 4469//6225 4456//6226
f 4453//6227 4467//6228 4454//6229
f 4462//6230 4476//6231 4463//6232
f 4461//6233 4473//6234 4474//6235
f 4459//6236 4471//6237 4472//6238
f 4457//6239 4469//6239 4470//6240
f 4347//6241 4073//6241 4086//6241
f 4347//6242 4086//6242 4099//6242
f 4347//6243 4099//6243 4112//6243
f 4347//6244 4112//6244 4125//6244
f 4347//6245 4125//6245 4138//6245
f 4347//6246 4138//6246 4151//6246
f 4347//6247 4151//6247 4164//6247
f 4347//6248 4164//6248 4177//6248
f 4347//6249 4177//6249 4190//6249
f 4347//6250 4190//6250 4203//6250
f 4347//6251 4203//6251 4216//6251
f 4347//6252 4216//6252 4229//6252
f 4347//6253 4229//6253 4242//6253
f 4347//6254 4242//6254 4255//6254
f 4347//6255 4255//6255 4268//6255
f 4347//6256 4268//6256 4281//6256
f 4347//6257 4281//6257 4294//6257
f 4347//6258 4294//6258 4307//6258
f 4347//6259 4307//6259 4320//6259
f 4347//6260 4320//6260 4333//6260
f 4347//6261 4333//6261 4346//6261
f 4347//6262 4346//6262 4360//6262
f 4347//6263 4360//6263 4373//6263
f 4347//6264 4373//6264 4386//6264
f 4347//6265 4386//6265 4399//6265
f 4347//6266 4399//6266 4412//6266
f 4347//6267 4412//6267 4425//6267
f 4347//6268 4425//6268 4438//6268
f 4347//6269 4438//6269 4451//6269
f 4347//6270 4451//6270 4464//6270
f 4347//6271 4464//6271 4477//6271
f 4468//6272 4063//6273 4064//6274
f 4466//6275 4061//6276 4062//6277
f 4477//6278 4072//6278 4073//6279
f 4474//6280 4071//6281 4475//6282
f 4472//6283 4069//6283 4473//6284
f 4471//6285 4066//6285 4067//6286
f 4468//6287 4065//6287 4469//6288
f 4466//6289 4063//6290 4467//6291
f 4347//6292 4477//6292 4073//6292
f 4476//6293 4071//6294 4072//6295
f 4474//6296 4069//6297 4070//6298
f 4472//6299 4067//6299 4068//6300
f 4469//6301 4066//6301 4470//6302
f 3935//6303 4465//6304 4060//6305
f 4465//6306 4056//6307 4060//6308
f 4452//6309 4051//6310 4056//6311
f 4439//6312 4047//6313 4051//6314
f 4047//6315 4413//6316 4043//6317
f 4043//6318 4400//6319 4039//6320
f 4039//6321 4387//6321 4035//6322
f 4387//6323 4031//6324 4035//6324
f 4031//6325 4361//6326 4027//6327
f 4361//6328 4023//6329 4027//6330
f 4348//6331 4019//6332 4023//6333
f 4334//6334 4015//6335 4019//6336
f 4015//6337 4308//6338 4011//6339
f 4011//6340 4295//6341 4007//6342
f 4007//6343 4282//6343 4003//6344
f 4282//6345 3999//6346 4003//6347
f 3999//6348 4256//6349 3995//6350
f 4256//6351 3991//6352 3995//6352
f 4243//6353 3987//6354 3991//6355
f 4230//6356 3983//6356 3987//6357
f 3983//6358 4204//6359 3979//6360
f 3979//6361 4191//6362 3975//6363
f 3975//6364 4178//6364 3971//6365
f 4178//6366 3967//6367 3971//6368
f 3967//6369 4152//6370 3963//6371
f 4152//6372 3959//6372 3963//6373
f 4139//6374 3955//6375 3959//6376
f 4126//6377 3951//6378 3955//6379
f 3951//6380 4100//6381 3947//6382
f 3947//6383 4087//6384 3943//6385
f 3943//6386 4074//6387 3939//6388
f 4074//6389 3935//6390 3939//6391
f 4480//6392 4483//6393 4484//6394
f 4480//6395 4485//6396 4481//6397
f 4479//6398 4482//6399 4483//6400
f 4484//6401 4489//6402 4485//6403
f 4482//6404 4487//6405 4483//6406
f 4483//6407 4488//6408 4484//6409
f 4488//6410 4493//6411 4489//6412
f 4487//6413 4490//6414 4491//6415
f 4488//6416 4491//6417 4492//6418
f 4493//6419 4496//6420 4497//6421
f 4490//6422 4495//6422 4491//6423
f 4491//6424 4496//6424 4492//6425
f 4496//6426 4501//6427 4497//6428
f 4495//6429 4498//6430 4499//6431
f 4496//6432 4499//6433 4500//6434
f 4501//6435 4504//6436 4505//6437
f 4498//6438 4503//6439 4499//6440
f 4499//6441 4504//6442 4500//6443
f 4505//6444 4508//6445 4509//6446
f 4503//6447 4506//6448 4507//6449
f 4504//6450 4507//6451 4508//6452
f 4509//6453 4512//6454 4513//6455
f 4506//6456 4511//6456 4507//6456
f 4507//6457 4512//6458 4508//6457
f 4513//6459 4516//6460 4517//6461
f 4511//6462 4514//6463 4515//6464
f 4512//6465 4515//6466 4516//6467
f 4516//6468 4521//6469 4517//6470
f 4514//6471 4519//6472 4515//6473
f 4515//6474 4520//6475 4516//6476
f 4520//6477 4525//6477 4521//6477
f 4518//6478 4523//6479 4519//6480
f 4520//6481 4523//6482 4524//6483
f 4525//6484 4528//6485 4529//6486
f 4522//6487 4527//6488 4523//6489
f 4523//6490 4528//6491 4524//6492
f 4528//6493 4533//6494 4529//6495
f 4527//6496 4530//6497 4531//6498
f 4528//6499 4531//6500 4532//6501
f 4533//6502 4536//6503 4537//6504
f 4530//6505 4535//6506 4531//6507
f 4531//6508 4536//6509 4532//6510
f 4537//6511 4540//6512 4541//6513
f 4534//6514 4539//6515 4535//6516
f 4536//6517 4539//6518 4540//6519
f 4541//6520 4544//6521 4545//6522
f 4539//6523 4542//6524 4543//6525
f 4539//6526 4544//6527 4540//6528
f 4544//6529 4549//6530 4545//6531
f 4542//6532 4547//6533 4543//6534
f 4544//6535 4547//6536 4548//6537
f 4548//6538 4553//6539 4549//6540
f 4547//6541 4550//6542 4551//6543
f 4547//6544 4552//6545 4548//6546
f 4552//6547 4557//6548 4553//6549
f 4551//6550 4554//6551 4555//6552
f 4552//6553 4555//6554 4556//6555
f 4557//6556 4560//6557 4561//6558
f 4554//6559 4559//6560 4555//6561
f 4555//6562 4560//6563 4556//6564
f 4560//6565 4565//6566 4561//6567
f 4559//6568 4562//6568 4563//6569
f 4560//6570 4563//6571 4564//6572
f 4565//6573 4568//6574 4569//6575
f 4562//6576 4567//6577 4563//6578
f 4563//6579 4568//6580 4564//6581
f 4569//6582 4572//6583 4573//6584
f 4567//6585 4570//6586 4571//6587
f 4568//6588 4571//6589 4572//6590
f 4572//6591 4577//6592 4573//6593
f 4570//6594 4575//6595 4571//6596
f 4571//6597 4576//6598 4572//6599
f 4576//6600 4581//6601 4577//6602
f 4575//6603 4578//6604 4579//6605
f 4576//6606 4579//6607 4580//6608
f 4580//6609 4585//6609 4581//6609
f 4578//6610 4583//6611 4579//6612
f 4579//6613 4584//6614 4580//6615
f 4584//6616 4589//6617 4585//6618
f 4583//6619 4586//6620 4587//6621
f 4584//6622 4587//6622 4588//6622
f 4589//6623 4592//6624 4593//6625
f 4586//6620 4591//6626 4587//6621
f 4587//6627 4592//6627 4588//6627
f 4592//6628 4597//6628 4593//6628
f 4591//6629 4594//6630 4595//6631
f 4592//6632 4595//6632 4596//6632
f 4597//6633 4601//6634 4602//6635
f 4594//6636 4600//6637 4595//6638
f 4595//6639 4601//6639 4596//6639
f 4602//6640 4605//6641 4606//6642
f 4600//6643 4603//6644 4604//6645
f 4601//6646 4604//6646 4605//6646
f 4478//6647 4598//6648 4482//6649
f 4482//6649 4598//6648 4486//6650
f 4486//6651 4598//6651 4490//6651
f 4490//6652 4598//6652 4494//6652
f 4494//6653 4598//6653 4498//6653
f 4498//6654 4598//6655 4502//6656
f 4502//6656 4598//6655 4506//6657
f 4506//6658 4598//6659 4510//6660
f 4510//6660 4598//6659 4514//6661
f 4514//6662 4598//6662 4518//6662
f 4518//6663 4598//6663 4522//6663
f 4522//6664 4598//6664 4526//6664
f 4526//6665 4598//6665 4530//6665
f 4530//6666 4598//6666 4534//6666
f 4534//6667 4598//6667 4538//6667
f 4538//6668 4598//6668 4542//6668
f 4542//6669 4598//6669 4546//6669
f 4546//6670 4598//6670 4550//6670
f 4550//6671 4598//6672 4554//6673
f 4554//6673 4598//6672 4558//6674
f 4558//6675 4598//6675 4562//6675
f 4562//6676 4598//6676 4566//6676
f 4566//6677 4598//6677 4570//6677
f 4570//6678 4598//6678 4574//6678
f 4574//6679 4598//6680 4578//6681
f 4578//6681 4598//6680 4582//6682
f 4582//6683 4598//6683 4586//6683
f 4586//6684 4598//6684 4590//6684
f 4590//6685 4598//6685 4594//6685
f 4594//6686 4598//6686 4599//6686
f 4599//6687 4598//6688 4603//6689
f 4606//6690 4480//6691 4481//6692
f 4603//6693 4479//6694 4604//6695
f 4604//6696 4480//6697 4605//6698
f 4603//6689 4598//6688 4478//6699
f 4615//6700 4627//6701 4628//6702
f 4612//6703 4626//6703 4613//6704
f 4611//6705 4623//6706 4624//6707
f 4609//6708 4621//6709 4622//6710
f 4618//6711 4630//6712 4631//6713
f 4615//6714 4629//6715 4616//6716
f 4613//6717 4627//6717 4614//6718
f 4612//6719 4624//6720 4625//6721
f 4609//6722 4623//6723 4610//6724
f 4607//6725 4621//6726 4608//6727
f 4619//6728 4631//6729 4632//6730
f 4617//6731 4629//6732 4630//6733
f 4622//6734 4636//6735 4623//6736
f 4620//6737 4634//6738 4621//6739
f 4632//6740 4644//6741 4645//6742
f 4629//6743 4643//6744 4630//6745
f 4628//6746 4640//6747 4641//6746
f 4626//6748 4638//6748 4639//6749
f 4624//6750 4636//6751 4637//6752
f 4622//6753 4634//6754 4635//6755
f 4631//6756 4643//6757 4644//6758
f 4628//6759 4642//6760 4629//6761
f 4626//6762 4640//6762 4627//6763
f 4624//6764 4638//6765 4625//6766
f 4635//6767 4649//6768 4636//6769
f 4634//6770 4646//6771 4647//6772
f 4644//6773 4658//6774 4645//6775
f 4642//6776 4656//6777 4643//6778
f 4641//6779 4653//6779 4654//6779
f 4639//6780 4651//6781 4652//6782
f 4636//6783 4650//6784 4637//6785
f 4635//6786 4647//6787 4648//6788
f 4643//6789 4657//6790 4644//6791
f 4642//6792 4654//6793 4655//6794
f 4640//6795 4652//6796 4653//6797
f 4637//6798 4651//6798 4638//6799
f 4648//6800 4662//6801 4649//6802
f 4646//6803 4660//6804 4647//6805
f 4658//6806 4670//6807 4671//6808
f 4656//6809 4668//6810 4669//6811
f 4653//6812 4667//6813 4654//6814
f 4651//6815 4665//6816 4652//6817
f 4649//6818 4663//6819 4650//6820
f 4648//6821 4660//6822 4661//6823
f 4656//6824 4670//6825 4657//6824
f 4654//6826 4668//6827 4655//6828
f 4653//6829 4665//6830 4666//6831
f 4651//6832 4663//6832 4664//6833
f 4661//6834 4675//6835 4662//6836
f 4660//6837 4672//6837 4673//6838
f 4670//6839 4684//6840 4671//6841
f 4668//6842 4682//6843 4669//6844
f 4667//6845 4679//6845 4680//6846
f 4665//6847 4677//6847 4678//6848
f 4663//6849 4675//6849 4676//6850
f 4661//6851 4673//6852 4674//6853
f 4670//6854 4682//6855 4683//6856
f 4667//6857 4681//6858 4668//6859
f 4665//6860 4679//6860 4666//6861
f 4663//6862 4677//6862 4664//6863
f 4675//6864 4687//6865 4688//6866
f 4672//6867 4686//6868 4673//6869
f 4684//6870 4696//6871 4697//6872
f 4682//6873 4694//6874 4695//6875
f 4679//6876 4693//6877 4680//6878
f 4678//6879 4690//6879 4691//6880
f 4676//6881 4688//6881 4689//6882
f 4673//6883 4687//6884 4674//6885
f 4683//6886 4695//6887 4696//6888
f 4681//6889 4693//6890 4694//6891
f 4678//6892 4692//6893 4679//6894
f 4676//6895 4690//6895 4677//6896
f 4688//6897 4700//6898 4701//6899
f 4686//6900 4698//6900 4699//6901
f 4696//6902 4710//6903 4697//6904
f 4695//6905 4707//6906 4708//6907
f 4692//6908 4706//6909 4693//6910
f 4691//6911 4703//6911 4704//6912
f 4688//6913 4702//6914 4689//6915
f 4686//6916 4700//6917 4687//6918
f 4695//6919 4709//6920 4696//6921
f 4694//6922 4706//6922 4707//6923
f 4692//6924 4704//6925 4705//6926
f 4689//6927 4703//6927 4690//6928
f 4701//6929 4713//6929 4714//6930
f 4699//6931 4711//6932 4712//6933
f 4710//6934 4722//6935 4723//6936
f 4707//6937 4721//6937 4708//6938
f 4705//6939 4719//6940 4706//6941
f 4704//6942 4716//6943 4717//6944
f 4701//6945 4715//6945 4702//6946
f 4699//6947 4713//6948 4700//6948
f 4709//6949 4721//6950 4722//6951
f 4707//6952 4719//6953 4720//6954
f 4705//6955 4717//6956 4718//6957
f 4702//6958 4716//6959 4703//6960
f 4713//6961 4727//6962 4714//6963
f 4711//6964 4725//6965 4712//6966
f 4723//6967 4735//6968 4736//6969
f 4721//6970 4733//6971 4734//6972
f 4719//6973 4731//6973 4732//6974
f 4716//6975 4730//6976 4717//6977
f 4715//6978 4727//6978 4728//6979
f 4713//6980 4725//6981 4726//6982
f 4721//6983 4735//6984 4722//6985
f 4719//6986 4733//6986 4720//6986
f 4717//6987 4731//6988 4718//6989
f 4716//6990 4728//6991 4729//6992
f 4726//6993 4740//6994 4727//6995
f 4724//6996 4738//6996 4725//6997
f 4736//6998 4748//6999 4749//7000
f 4733//7001 4747//7002 4734//7003
f 4732//7004 4744//7005 4745//7006
f 4730//7007 4742//7008 4743//7009
f 4728//7010 4740//7011 4741//7012
f 4726//7013 4738//7014 4739//7015
f 4735//7016 4747//7017 4748//7018
f 4732//7019 4746//7020 4733//7021
f 4730//7022 4744//7023 4731//7024
f 4728//7025 4742//7025 4729//7026
f 4739//7027 4753//7028 4740//7029
f 4738//7030 4750//7030 4751//7031
f 4748//7032 4762//7033 4749//7034
f 4746//7035 4760//7036 4747//7037
f 4745//7038 4757//7038 4758//7039
f 4743//7040 4755//7041 4756//7042
f 4740//7043 4754//7043 4741//7044
f 4739//7045 4751//7046 4752//7047
f 4747//7048 4761//7049 4748//7050
f 4745//7051 4759//7051 4746//7052
f 4744//7053 4756//7054 4757//7055
f 4741//7056 4755//7057 4742//7058
f 4753//7059 4765//7059 4766//7059
f 4750//7060 4764//7061 4751//7062
f 4762//7063 4774//7064 4775//7065
f 4759//7066 4773//7067 4760//7068
f 4758//7069 4770//7070 4771//7071
f 4755//7072 4769//7073 4756//7074
f 4753//7075 4767//7075 4754//7076
f 4752//7077 4764//7077 4765//7078
f 4760//7079 4774//7080 4761//7081
f 4758//7082 4772//7083 4759//7084
f 4757//7085 4769//7086 4770//7087
f 4755//7088 4767//7088 4768//7089
f 4765//7090 4779//7090 4766//7091
f 4764//7092 4776//7093 4777//7094
f 4774//7095 4788//7096 4775//7097
f 4772//7098 4786//7099 4773//7100
f 4771//7101 4783//7102 4784//7102
f 4769//7103 4781//7103 4782//7104
f 4767//7105 4779//7105 4780//7105
f 4765//7106 4777//7107 4778//7108
f 4774//7109 4786//7110 4787//7111
f 4771//7112 4785//7113 4772//7114
f 4769//7115 4783//7115 4770//7116
f 4767//7117 4781//7117 4768//7118
f 4779//7119 4791//7120 4792//7121
f 4776//7122 4790//7123 4777//7124
f 4788//7125 4800//7126 4801//7127
f 4786//7128 4798//7129 4799//7130
f 4783//7131 4797//7132 4784//7133
f 4782//7134 4794//7135 4795//7136
f 4780//7137 4792//7137 4793//7138
f 4777//7139 4791//7140 4778//7141
f 4787//7142 4799//7143 4800//7144
f 4785//7145 4797//7146 4798//7147
f 4782//7148 4796//7149 4783//7150
f 4780//7151 4794//7152 4781//7152
f 4792//7153 4804//7154 4805//7155
f 4790//7156 4802//7157 4803//7158
f 4800//7159 4814//7160 4801//7161
f 4799//7162 4811//7163 4812//7164
f 4796//7165 4810//7166 4797//7167
f 4795//7168 4807//7168 4808//7169
f 4792//7170 4806//7170 4793//7171
f 4790//7172 4804//7173 4791//7174
f 4799//7175 4813//7176 4800//7177
f 4798//7178 4810//7179 4811//7180
f 4796//7181 4808//7182 4809//7183
f 4793//7184 4807//7185 4794//7186
f 4805//7187 4817//7188 4818//7189
f 4803//7190 4815//7191 4816//7192
f 4814//7193 4826//7193 4827//7193
f 4811//7194 4825//7195 4812//7196
f 4809//7197 4823//7198 4810//7199
f 4808//7200 4820//7201 4821//7202
f 4805//7203 4819//7203 4806//7203
f 4803//7204 4817//7204 4804//7205
f 4813//7206 4825//7207 4826//7208
f 4811//7209 4823//7210 4824//7211
f 4809//7212 4821//7213 4822//7214
f 4806//7215 4820//7216 4807//7217
f 4817//7218 4831//7219 4818//7220
f 4815//7221 4829//7222 4816//7223
f 4826//7224 4840//7225 4827//7224
f 4825//7226 4837//7227 4838//7228
f 4823//7229 4835//7230 4836//7231
f 4820//7232 4834//7233 4821//7234
f 4819//7235 4831//7236 4832//7237
f 4817//7238 4829//7239 4830//7240
f 4825//7241 4839//7242 4826//7243
f 4823//7244 4837//7245 4824//7246
f 4821//7247 4835//7247 4822//7248
f 4820//7249 4832//7249 4833//7250
f 4830//7251 4844//7252 4831//7253
f 4828//7254 4842//7254 4829//7254
f 4840//7255 4852//7256 4853//7257
f 4837//7258 4851//7259 4838//7260
f 4836//7261 4848//7262 4849//7263
f 4834//7264 4846//7264 4847//7265
f 4832//7266 4844//7267 4845//7268
f 4830//7269 4842//7270 4843//7271
f 4839//7272 4851//7273 4852//7274
f 4836//7275 4850//7276 4837//7277
f 4834//7278 4848//7279 4835//7280
f 4832//7281 4846//7281 4833//7282
f 4843//7283 4857//7284 4844//7285
f 4842//7286 4854//7287 4855//7288
f 4852//7289 4866//7289 4853//7290
f 4850//7291 4864//7292 4851//7293
f 4849//7294 4861//7295 4862//7296
f 4847//7297 4859//7297 4860//7298
f 4844//7299 4858//7300 4845//5835
f 4843//7301 4855//7302 4856//7303
f 4851//7304 4865//7305 4852//7306
f 4849//7307 4863//7308 4850//7309
f 4848//7310 4860//7310 4861//7311
f 4845//7312 4859//7312 4846//7313
f 4857//7314 4869//7315 4870//7316
f 4855//7317 4867//7318 4868//7319
f 4866//7320 4878//7321 4879//7322
f 4864//7323 4876//7324 4877//7325
f 4862//7326 4874//7327 4875//7327
f 4859//7328 4873//7328 4860//7329
f 4857//7330 4871//7330 4858//7331
f 4856//7332 4868//7333 4869//7334
f 4864//7335 4878//7335 4865//7336
f 4862//7337 4876//7338 4863//7339
f 4861//7340 4873//7340 4874//7340
f 4859//7341 4871//7341 4872//7342
f 4869//7343 4883//7344 4870//7345
f 4868//7346 4880//7347 4881//7348
f 4878//7349 4892//7350 4879//7351
f 4877//7352 4889//7353 4890//7354
f 4874//7355 4888//7356 4875//7357
f 4873//7358 4885//7358 4886//7359
f 4871//7360 4883//7360 4884//7361
f 4868//7362 4882//7363 4869//7364
f 4878//7365 4890//7366 4891//7367
f 4876//7368 4888//7368 4889//7369
f 4873//7370 4887//7370 4874//7371
f 4871//7372 4885//7372 4872//7373
f 4883//7374 4896//7375 4897//7376
f 4880//7377 4895//7378 4881//7379
f 4892//7380 4905//7381 4906//7382
f 4890//7383 4903//7383 4904//7383
f 4887//7384 4902//7385 4888//7386
f 4885//7387 4900//7388 4886//7389
f 4884//7390 4897//7391 4898//7392
f 4881//7393 4896//7394 4882//7395
f 4891//7396 4904//7397 4905//7398
f 4889//7399 4902//7400 4903//7401
f 4886//7402 4901//7402 4887//7403
f 4885//7404 4898//7404 4899//7405
f 4897//7406 4909//7407 4910//7408
f 4895//7409 4907//7410 4908//7411
f 4905//7412 4919//7413 4906//7414
f 4904//7415 4916//7416 4917//7417
f 4901//7418 4915//7419 4902//7420
f 4899//7421 4913//7422 4900//7423
f 4897//7424 4911//7424 4898//7425
f 4895//7426 4909//7427 4896//7428
f 4904//7429 4918//7430 4905//7431
f 4903//7432 4915//7433 4916//7434
f 4901//7435 4913//7436 4914//7437
f 4899//7438 4911//7438 4912//7439
f 4910//7440 4922//7441 4923//7442
f 4908//7443 4920//7444 4921//7445
f 4919//7446 4931//7446 4932//7447
f 4916//7448 4930//7449 4917//7450
f 4914//7451 4928//7452 4915//7453
f 4913//7454 4925//7455 4926//7456
f 4910//7457 4924//7458 4911//7459
f 4908//7460 4922//7461 4909//7462
f 4918//7463 4930//7464 4931//7465
f 4916//7466 4928//7467 4929//7468
f 4914//7469 4926//7469 4927//7470
f 4911//7471 4925//7471 4912//7472
f 4922//7473 4936//7474 4923//7475
f 4920//7476 4934//7477 4921//7478
f 4931//7479 4945//7480 4932//7481
f 4930//7482 4942//7483 4943//7484
f 4928//7485 4940//7485 4941//7486
f 4925//7487 4939//7488 4926//7489
f 4924//7490 4936//7491 4937//7492
f 4922//7493 4934//7494 4935//7495
f 4930//7496 4944//7497 4931//7498
f 4928//7499 4942//7500 4929//7501
f 4926//7502 4940//7503 4927//7504
f 4925//7505 4937//7506 4938//7507
f 4935//7508 4949//7509 4936//7510
f 4933//7511 4947//7512 4934//7513
f 4945//7514 4957//7514 4958//7515
f 4942//7516 4956//7517 4943//7518
f 4941//7519 4953//7520 4954//7521
f 4938//7522 4952//7523 4939//7524
f 4937//7525 4949//7526 4950//7527
f 4935//7528 4947//7529 4948//7530
f 4944//7531 4956//7532 4957//7533
f 4941//7534 4955//7535 4942//7536
f 4939//7537 4953//7537 4940//7538
f 4938//7539 4950//7539 4951//7540
f 4948//7541 4962//7542 4949//7543
f 4947//7544 4959//7545 4960//7546
f 4957//7547 4971//7548 4958//7549
f 4955//7550 4969//7551 4956//7552
f 4954//7553 4966//7554 4967//7555
f 4951//7556 4965//7556 4952//7557
f 4949//7558 4963//7559 4950//7560
f 4948//7561 4960//7562 4961//7563
f 4956//7564 4970//7565 4957//7566
f 4954//7567 4968//7568 4955//7569
f 4953//7570 4965//7571 4966//7572
f 4951//7573 4963//7574 4964//7575
f 4962//7576 4974//7577 4975//7578
f 4959//7579 4973//7580 4960//7581
f 4971//7582 4983//7583 4984//7584
f 4968//7585 4982//7586 4969//7587
f 4966//7588 4980//7589 4967//7590
f 4964//7591 4978//7591 4965//7592
f 4962//7593 4976//7594 4963//7595
f 4960//7596 4974//7597 4961//7598
f 4969//7599 4983//7600 4970//7601
f 4967//7602 4981//7603 4968//7604
f 4966//7605 4978//7606 4979//7607
f 4964//7608 4976//7608 4977//7609
f 4975//7610 4987//7611 4988//7612
f 4973//7613 4985//7614 4986//7615
f 4983//7616 4997//7617 4984//7618
f 4981//7619 4995//7620 4982//7621
f 4979//7622 4993//7623 4980//7624
f 4978//7625 4990//7625 4991//7626
f 4976//7627 4988//7627 4989//7628
f 4973//7629 4987//7630 4974//7631
f 4983//7632 4995//7633 4996//7634
f 4981//7635 4993//7635 4994//7636
f 4978//7637 4992//7637 4979//7637
f 4976//7638 4990//7638 4977//7639
f 4988//7640 5000//7641 5001//7642
f 4985//7643 4999//7644 4986//7645
f 4997//7646 5009//7647 5010//7648
f 4995//7649 5007//7650 5008//7651
f 4992//7652 5006//7653 4993//7654
f 4991//7655 5003//7655 5004//7656
f 4989//7657 5001//7657 5002//7658
f 4986//7659 5000//7660 4987//7661
f 4996//7662 5008//7663 5009//7664
f 4994//7665 5006//7666 5007//7667
f 4991//7668 5005//7668 4992//7668
f 4989//7669 5003//7669 4990//7670
f 5001//7671 5013//7671 5014//7672
f 4999//7673 5011//7674 5012//7675
f 5009//7676 5023//7677 5010//7678
f 5008//7679 5020//7680 5021//7681
f 5005//7682 5019//7683 5006//7684
f 5004//7685 5016//7686 5017//7687
f 5001//7688 5015//7689 5002//7690
f 4999//7691 5013//7692 5000//7693
f 5008//7694 5022//7695 5009//7696
f 5007//6234 5019//7697 5020//7698
f 5005//7699 5017//7700 5018//7701
f 5002//7702 5016//7703 5003//7704
f 4893//7705 4619//7705 4632//7705
f 4893//7706 4632//7707 4645//7706
f 4893//7706 4645//7706 4658//7708
f 4893//7709 4658//7710 4671//7711
f 4893//7709 4671//7711 4684//7712
f 4893//7713 4684//7714 4697//7713
f 4893//7713 4697//7713 4710//7715
f 4893//7716 4710//7716 4723//7716
f 4893//7717 4723//7717 4736//7717
f 4893//7718 4736//7719 4749//7720
f 4893//7718 4749//7720 4762//7721
f 4893//7722 4762//7723 4775//7724
f 4893//7722 4775//7724 4788//7725
f 4893//7726 4788//7727 4801//7728
f 4893//7726 4801//7728 4814//7729
f 4893//7730 4814//7731 4827//7730
f 4893//7730 4827//7730 4840//7732
f 4893//7733 4840//7734 4853//7735
f 4893//7733 4853//7735 4866//7736
f 4893//7737 4866//7737 4879//7737
f 4893//7738 4879//7738 4892//7738
f 4893//7739 4892//7739 4906//7739
f 4893//7740 4906//7740 4919//7740
f 4893//7741 4919//7741 4932//7741
f 4893//7742 4932//7742 4945//7742
f 4893//7743 4945//7743 4958//7743
f 4893//7744 4958//7744 4971//7744
f 4893//7745 4971//7745 4984//7745
f 4893//7746 4984//7746 4997//7746
f 4893//7747 4997//7748 5010//7747
f 4893//7747 5010//7747 5023//7749
f 5014//7750 4609//7751 4610//7752
f 5012//7753 4607//7753 4608//7753
f 5022//7754 4619//7755 5023//7756
f 5020//7757 4617//7758 5021//7759
f 5018//7760 4615//7760 5019//7761
f 5017//7762 4612//7763 4613//7764
f 5014//7765 4611//7766 5015//7767
f 5012//7768 4609//7769 5013//7770
f 4893//7771 5023//7771 4619//7771
f 5021//7772 4618//7772 5022//7773
f 5020//7774 4615//7775 4616//7776
f 5018//7777 4613//7777 4614//7778
f 5015//7779 4612//7779 5016//7780
f 4481//7781 5011//7782 4606//7783
f 5011//7784 4602//7785 4606//7786
f 4998//7787 4597//7787 4602//7787
f 4985//7788 4593//7788 4597//7788
f 4593//7789 4959//7790 4589//7791
f 4589//7792 4946//7792 4585//7792
f 4585//7793 4933//7794 4581//7795
f 4933//7796 4577//7797 4581//7798
f 4577//7799 4907//7800 4573//7801
f 4907//7802 4569//7803 4573//7804
f 4894//7805 4565//7806 4569//7807
f 4880//7808 4561//7809 4565//7810
f 4561//7811 4854//7812 4557//7813
f 4557//7814 4841//7815 4553//7816
f 4553//7817 4828//7818 4549//7819
f 4828//7820 4545//7820 4549//7821
f 4545//7822 4802//7823 4541//7824
f 4802//7825 4537//7826 4541//7827
f 4789//7828 4533//7829 4537//7830
f 4776//7831 4529//7832 4533//7833
f 4529//7834 4750//7835 4525//7836
f 4525//7837 4737//7838 4521//7839
f 4521//7840 4724//7841 4517//7842
f 4724//7843 4513//7843 4517//7844
f 4513//7845 4698//7845 4509//7846
f 4698//7847 4505//7848 4509//7849
f 4685//7850 4501//7851 4505//7852
f 4672//7853 4497//7854 4501//7855
f 4497//7856 4646//7857 4493//7858
f 4493//7859 4633//7860 4489//7861
f 4489//7862 4620//7863 4485//7864
f 4620//7865 4481//7866 4485//7867
f 4//7868 3//7868 2//7868
f 8//7869 7//7869 6//7869
f 13//7870 16//7870 15//7870
f 17//7871 28//7871 19//7871
f 32//7872 31//7872 30//7872
f 36//7873 35//7873 34//7873
f 37//7874 40//7874 39//7874
f 21//7875 22//7875 23//7875
f 25//7876 26//7876 27//7876
f 41//7877 44//7877 43//7877
f 48//7878 47//7878 46//7878
f 52//7879 51//7879 50//7879
f 53//7880 56//7881 55//7882
f 60//7883 59//7883 58//7883
f 29//7884 30//7884 62//7884
f 66//7885 65//7885 64//7885
f 67//7886 5//7886 6//7886
f 72//7887 71//7887 70//7887
f 76//7888 75//7888 74//7888
f 77//7889 80//7889 79//7889
f 81//7890 84//7890 83//7890
f 59//7891 87//7891 86//7891
f 88//7892 91//7892 90//7892
f 96//7893 95//7893 94//7893
f 100//7894 99//7894 98//7894
f 101//7895 104//7895 103//7895
f 106//7896 105//7896 34//7896
f 108//7897 116//7897 115//7897
f 117//7898 119//7898 36//7898
f 124//7899 127//7899 126//7899
f 131//35 130//7900 129//36
f 132//7901 102//7901 134//7901
f 142//7902 141//7902 140//7902
f 148//7903 106//7903 60//7903
f 144//7904 143//7904 127//7904
f 149//7905 152//7905 151//7905
f 156//7906 155//7906 154//7906
f 159//7907 150//7907 158//7907
f 116//7908 108//7908 164//7908
f 171//7909 170//7909 169//7909
f 174//7910 126//7910 173//7910
f 179//7911 182//7911 181//7911
f 186//7912 189//7912 188//7912
f 194//7913 197//7913 196//7913
f 199//7914 142//7914 139//7914
f 206//7915 209//7915 208//7915
f 213//7916 212//7916 211//7916
f 202//7917 215//7917 214//7917
f 96//7918 93//7918 216//7918
f 92//7919 238//7919 43//7919
f 97//7920 184//7920 246//7920
f 250//7921 249//7921 229//7921
f 252//7922 254//7922 58//7922
f 258//7923 257//7923 256//7923
f 260//7924 91//7924 229//7924
f 110//7925 111//7925 112//7925
f 114//7926 264//7926 263//7926
f 265//7927 268//7927 267//7927
f 56//7881 53//7880 270//7928
f 274//7929 273//7929 249//7929
f 185//7930 183//7930 63//7930
f 280//7931 279//7931 278//7931
f 285//69 284//7932 283//70
f 288//7933 219//7933 211//7933
f 141//7934 142//7934 92//7934
f 289//7935 290//7935 175//7935
f 148//7936 116//7936 105//7936
f 312//7937 311//7937 170//7937
f 238//7938 262//7938 42//7938
f 318//7939 163//7939 160//7939
f 310//7940 309//4335 308//4337
f 241//7941 239//7941 325//7941
f 160//83 230//7942 240//84
f 47//7943 48//7943 307//7943
f 108//7944 109//7944 315//7944
f 345//7945 85//7945 86//7945
f 348//91 351//7946 350//92
f 356//7947 359//7947 358//7947
f 355//7948 354//7948 353//7948
f 363//7949 31//7949 32//7949
f 364//7950 252//7950 253//7950
f 366//7951 125//7951 368//7951
f 183//7952 372//7952 371//7952
f 163//7953 162//7953 161//7953
f 209//7954 226//7954 101//7954
f 378//7955 377//7955 165//7955
f 379//7956 295//7956 381//7956
f 383//7957 382//7957 3//7957
f 284//7958 285//7958 386//7958
f 387//7959 127//7960 389//7961
f 391//7962 259//7962 229//7962
f 73//7963 281//7963 397//7963
f 405//7964 408//7965 407//7966
f 203//7967 218//7967 411//7967
f 414//7968 121//7968 413//7968
f 1//7969 356//7969 357//7969
f 277//7970 276//7970 131//7970
f 254//7971 344//7971 57//7971
f 358//7972 384//7972 415//7972
f 417//7973 416//7973 386//7973
f 401//118 400//7974 192//119
f 419//7975 389//7961 127//7960
f 421//7976 181//7976 182//7976
f 103//7977 301//7977 302//7977
f 428//7978 367//7978 368//7978
f 380//7979 390//7979 359//7979
f 62//7980 204//7980 266//7980
f 140//7981 141//7981 431//7981
f 357//7982 358//7982 351//7982
f 356//7983 1//7983 379//7983
f 415//7984 392//7984 403//7984
f 437//7985 428//7985 436//7985
f 438//7986 441//7987 440//7988
f 188//7989 451//7989 450//7989
f 265//7990 455//7990 181//7990
f 224//7991 185//7991 64//7991
f 237//7992 212//7992 213//7992
f 275//7993 131//7993 128//7993
f 281//7994 282//7994 460//7994
f 50//7995 462//7995 79//7995
f 73//7996 74//7996 282//7996
f 468//7997 467//7997 466//7997
f 390//7998 355//7998 352//7998
f 482//7999 485//7999 484//7999
f 489//8000 488//8000 487//8000
f 493//8001 496//8001 495//8001
f 472//8002 471//8002 470//8002
f 502//8003 501//8003 500//8003
f 220//8004 221//8004 222//8004
f 512//8005 419//121 143//123
f 518//8006 517//8006 511//8006
f 513//8007 239//8007 230//8007
f 205//8008 30//8008 31//8008
f 189//8009 370//8009 451//8009
f 163//8010 318//8010 532//8010
f 533//8011 224//8011 225//8011
f 446//8012 448//8012 447//8012
f 335//8013 541//8013 540//8013
f 544//8014 512//8014 546//8014
f 329//8015 519//8015 291//8015
f 199//8016 534//8016 262//8016
f 385//8017 386//8017 416//8017
f 532//8018 190//8018 191//8018
f 363//8019 117//8019 118//8019
f 578//8020 581//8020 580//8020
f 573//8021 572//8021 571//8021
f 561//8022 563//8022 562//8022
f 241//8023 260//8023 259//8023
f 590//8024 593//8024 592//8024
f 545//8025 546//8025 595//8025
f 503//8026 154//8026 155//8026
f 606//1467 625//1466 624//8027
f 478//8028 481//8028 480//8028
f 646//8029 649//8029 648//8029
f 590//8030 591//8030 689//8030
f 564//8031 565//8031 651//8031
f 728//8032 246//8032 184//8032
f 714//8033 724//8033 716//8033
f 692//8034 574//190 575//192
f 541//8035 335//8035 581//8035
f 346//8036 68//8036 248//8036
f 161//8037 231//8037 230//8037
f 128//8038 129//8038 94//8038
f 698//8039 705//8039 704//8039
f 574//8040 577//8040 576//8040
f 290//8041 289//8041 401//8041
f 630//8042 631//8042 725//8042
f 733//8043 736//8043 735//8043
f 755//8044 466//8044 496//8044
f 759//8045 480//8045 481//8045
f 757//8046 763//8046 762//8046
f 764//8047 496//8047 466//8047
f 768//8048 767//8048 3808//8048
f 759//8049 760//8049 488//8049
f 492//8050 474//8050 475//8050
f 474//8051 770//8051 769//8051
f 773//8052 468//8052 465//8052
f 771//8053 774//8053 486//8053
f 484//8054 485//8054 775//8054
f 774//8055 776//8055 489//8055
f 495//208 496//8056 764//209
f 495//8057 757//8057 761//8057
f 137//8058 397//8058 784//8058
f 325//8059 239//8059 797//8059
f 165//8060 519//8060 51//8060
f 369//8061 32//8061 29//8061
f 730//8062 731//8063 568//8064
f 90//8065 302//8065 301//8065
f 243//8066 118//8066 516//8066
f 800//8067 734//8067 806//8067
f 817//8068 815//8068 808//8068
f 816//8069 808//8069 823//8069
f 306//8070 303//8070 447//8070
f 815//8071 810//8071 809//8071
f 829//8072 830//8072 828//8072
f 726//8073 725//8073 501//8073
f 274//8074 427//8074 424//8074
f 879//8075 882//8075 881//8075
f 884//8076 883//8076 879//8076
f 219//8077 218//8077 217//8077
f 906//8078 905//8078 904//8078
f 455//8079 204//8079 205//8079
f 898//8080 882//8080 830//8080
f 903//8081 900//8082 880//8083
f 377//8084 291//8084 519//8084
f 923//8085 949//8085 948//8085
f 946//8086 947//8086 951//8086
f 3519//8087 740//8087 739//8087
f 900//8088 899//8088 886//8088
f 225//8089 64//8089 65//8089
f 182//247 445//8090 442//248
f 809//8091 952//8091 947//8091
f 954//8092 960//8092 962//8092
f 927//957 950//956 965//8093
f 885//254 879//8094 880//255
f 925//8095 927//252 966//253
f 343//8096 342//8096 341//8096
f 965//8097 964//8097 971//8097
f 968//263 971//262 970//8098
f 972//265 968//8099 969//266
f 963//8100 961//8100 981//8100
f 336//8101 337//8101 338//8101
f 992//270 993//8102 827//271
f 810//8103 815//8103 996//8103
f 1007//274 1001//8104 1002//275
f 1012//277 826//8105 827//278
f 1011//280 1009//8106 1007//281
f 294//8107 293//8107 292//8107
f 907//8108 908//8109 920//8110
f 1017//8111 579//8111 1019//8111
f 1020//8112 1023//8112 1022//8112
f 1035//8113 1024//8113 1020//8113
f 1061//8114 1060//8114 1047//8114
f 1063//8115 1061//8115 1046//8115
f 1044//8116 1020//8116 1021//8116
f 1102//8117 1094//8117 1097//8117
f 1116//8118 1126//1377 1118//1376
f 1016//8119 1015//8119 1014//8119
f 881//8120 897//8120 904//8120
f 816//303 1116//302 1127//8121
f 1094//1877 948//1876 949//8122
f 514//8123 342//8123 167//8123
f 146//8124 145//8124 81//8124
f 1133//8125 1135//8125 1130//8125
f 1102//8126 1133//8126 1126//8126
f 822//8127 1126//8127 1116//8127
f 1145//8128 1143//8128 1148//8128
f 1076//8129 1144//8129 1151//8129
f 1148//306 1143//8130 1086//307
f 1109//8131 1097//8131 1114//8131
f 1154//8132 1153//8132 1156//8132
f 1153//8133 925//8133 967//8133
f 3464//8134 3497//8134 463//8134
f 1144//8135 1147//8135 1152//8135
f 1156//8136 967//8136 1163//8136
f 1164//8137 1162//8137 1169//8137
f 1145//8138 1171//8138 1176//8138
f 1114//8139 1115//8139 1154//8139
f 1183//8140 1155//8140 1164//8140
f 1184//8141 1183//8141 1177//8141
f 1069//8142 1151//8142 1062//8142
f 1023//8143 1191//8143 1194//8143
f 1162//8144 1163//8144 1170//8144
f 1195//8145 1184//8145 1185//8145
f 1183//8146 1196//8146 1176//8146
f 1201//8147 1063//8147 1152//8147
f 1061//8148 1063//8148 1201//8148
f 3825//8149 847//8149 843//8149
f 1203//8150 1202//8150 1195//8150
f 1202//8151 1201//8151 1184//8151
f 1218//8152 1060//8152 1203//8152
f 1060//8153 1061//329 1202//331
f 1225//8154 1218//8154 1217//8154
f 671//8155 695//8155 694//8155
f 1219//8156 1217//8156 1024//8156
f 1217//8157 1203//8157 1034//8157
f 1226//8158 1014//8158 1015//8158
f 1243//8159 1242//8159 1234//8159
f 1231//8160 1230//8160 1229//8160
f 847//8161 1243//8161 1233//8161
f 843//8162 1233//8162 1244//8162
f 1233//8163 1234//8163 1245//8163
f 1923//8164 3761//8164 233//8164
f 2100//1565 2108//8165 499//8166
f 3914//8167 3864//8167 2135//8167
f 61//8168 62//8168 323//8168
f 210//8169 211//8169 217//8169
f 1299//354 1310//1425 1309//355
f 3863//8170 1230//8170 1231//8170
f 1066//8171 1047//8171 1321//8171
f 1322//359 1321//8172 1228//359
f 1060//8173 1218//8173 1321//8173
f 1325//362 1324//8174 1323//363
f 1244//8175 1245//8175 1332//8175
f 1290//8176 1234//8176 1242//8176
f 1337//8177 1330//8177 1339//8177
f 1330//370 1332//8178 1340//371
f 1341//8179 1332//8179 1245//8179
f 1342//8180 1340//8180 1332//8180
f 1343//8181 1342//8181 1341//8181
f 1344//8182 1341//8182 1294//8182
f 3857//8183 3856//8183 1345//8183
f 1347//8184 1348//404 1342//406
f 3856//379 3854//8185 1295//380
f 1349//382 1350//8186 1348//383
f 3861//8187 1349//8187 1347//8187
f 3853//8188 1347//8188 1343//8188
f 906//8189 898//234 829//236
f 905//8190 906//8190 1353//8190
f 865//8191 1356//8191 1355//8191
f 1355//8192 1353//8192 829//8192
f 1357//8193 1355//8193 825//8193
f 1356//8194 1354//8194 1353//8194
f 3834//8195 1337//8195 1338//8195
f 866//8196 1358//8196 1356//8196
f 1358//8197 1359//8197 1354//8197
f 3828//396 878//8198 1337//397
f 838//8199 1362//8199 1012//8199
f 1363//8200 1364//8200 1338//8200
f 1368//8201 1363//8201 1339//8201
f 1348//8202 1368//401 1340//403
f 1371//8203 1369//8203 3824//8203
f 524//8204 525//8204 526//8204
f 528//8205 529//8205 530//8205
f 1372//8206 1370//8206 1369//8206
f 535//8207 536//8207 537//8207
f 1367//414 1368//8208 1348//415
f 1370//417 1354//8209 1359//417
f 1369//8210 1359//8210 3833//8210
f 1373//8211 910//8211 903//8211
f 555//8212 556//8212 557//8212
f 1374//8213 909//8213 910//8213
f 1373//8214 904//8214 905//8214
f 1374//8215 1373//8215 1375//8215
f 1375//8216 905//8216 1354//8216
f 1378//8217 920//8110 908//8109
f 376//8218 373//8218 651//8218
f 1388//8219 928//8219 973//8219
f 586//8220 587//8220 588//8220
f 1390//8221 1389//8221 1388//8221
f 1391//8222 1388//8222 969//8222
f 597//8223 598//1934 599//1936
f 600//8224 601//8224 602//8224
f 1392//8225 1391//8225 970//8225
f 608//8226 609//8226 610//8226
f 612//8227 524//8227 523//8227
f 614//8228 615//8228 616//8228
f 617//2685 618//2684 25//8229
f 620//8230 621//8230 622//8230
f 1397//8231 1390//430 1391//432
f 1398//8232 1397//8232 1392//8232
f 1400//8233 987//8233 920//8233
f 1402//8234 1403//8234 1165//8234
f 636//8235 637//8235 638//8235
f 930//8236 1404//8237 1402//8238
f 641//8239 642//8239 643//8239
f 929//8240 1402//8240 1169//8240
f 1404//8241 1405//8241 1403//8241
f 1411//8242 1366//8242 1365//8242
f 1412//8243 1406//8243 1415//8243
f 652//8244 653//8244 654//8244
f 609//8245 656//8245 657//8245
f 659//8246 660//8246 661//8246
f 558//8247 663//8247 586//8247
f 665//8248 666//8248 667//8248
f 1413//8249 1411//8249 1406//8249
f 1418//8250 1416//8250 3810//8250
f 1417//8251 1372//8251 1371//8251
f 1416//8252 1371//8252 3829//8252
f 1419//8253 1417//8253 1416//8253
f 1386//8254 909//8254 1374//8254
f 677//8255 678//8255 679//8255
f 1385//8256 1386//8256 1420//8256
f 1420//8257 1374//8257 1376//8257
f 685//8258 686//8258 687//8258
f 1421//8259 1420//8259 1422//8259
f 528//8260 690//8260 691//8260
f 1422//8261 1376//8261 1372//8261
f 1018//8262 1019//8262 747//8262
f 699//8263 700//8263 701//8263
f 1424//8264 578//8264 579//8264
f 3663//8265 1597//8265 1767//8265
f 700//8266 699//8266 711//8266
f 1093//8267 3746//8267 3754//8267
f 717//8268 718//8268 530//8268
f 721//8269 722//8269 723//8269
f 704//8270 1650//8270 3543//8270
f 19//8271 1429//8271 1426//8271
f 1429//8272 1428//8273 1427//8274
f 1658//8275 1659//8275 3542//8275
f 1439//8276 1437//8276 1434//8276
f 1437//3171 1436//3170 1435//8277
f 1426//8278 1427//8278 1433//8278
f 1442//8279 1431//8279 1432//8279
f 742//8280 743//8280 744//8280
f 1432//8281 1433//8281 1441//8281
f 751//8282 752//8282 753//8282
f 1438//8283 1434//8283 1403//8283
f 1446//8284 1445//8284 1444//8284
f 1447//3644 1448//3643 1446//8285
f 3860//8286 1447//8286 1443//8286
f 1415//8287 1367//8287 1445//8287
f 1414//8288 1415//8288 1446//8288
f 2173//8289 1683//8289 469//8289
f 777//8290 778//8290 779//8290
f 780//8291 781//8291 782//8291
f 1676//8292 1693//8292 1806//8292
f 3859//8293 1451//8293 1349//8293
f 789//8294 790//8294 791//8294
f 745//8295 792//8295 793//8295
f 652//8296 794//8297 795//8298
f 1455//8299 1458//8299 1457//8299
f 1454//8300 1367//8300 1350//8300
f 610//8301 691//8301 802//8301
f 3831//3980 3816//3979 698//8302
f 1352//8303 1044//8303 1045//8303
f 1015//8304 1016//8304 1459//8304
f 811//8305 812//8305 813//8305
f 2118//1495 3815//1494 3817//8306
f 819//8307 820//8307 821//8307
f 1466//8308 1463//8308 1194//8308
f 1467//8309 1468//8310 1465//8311
f 1182//8312 1165//8312 1468//8312
f 832//8313 812//8313 833//8313
f 835//8314 836//8314 837//8314
f 1467//8315 1466//8315 1190//8315
f 1469//8316 1470//8316 1444//8316
f 840//8317 700//8317 712//8317
f 1453//8318 1470//8318 1469//8318
f 599//8319 844//8319 845//8319
f 1226//8320 1450//8320 3849//8320
f 851//8321 852//8321 853//8321
f 855//8322 744//8322 856//8322
f 858//8323 859//8323 860//8323
f 861//8324 862//8324 863//8324
f 1014//8325 1226//8325 3855//8325
f 867//8326 676//8326 868//8326
f 870//8327 871//8327 872//8327
f 874//8328 875//8328 876//8328
f 1310//8329 1323//8329 1471//8329
f 1476//541 1433//8330 1427//542
f 1461//8331 1476//8331 1475//8331
f 887//8332 888//8332 889//8332
f 788//8333 791//8333 892//8333
f 894//8334 895//2672 896//2674
f 1460//8335 1475//8335 1227//8335
f 901//8336 902//8336 524//8336
f 1465//8337 1478//8337 1477//8337
f 1865//8338 3503//8338 3500//8338
f 911//8339 912//8339 913//8339
f 916//8340 917//8340 918//8340
f 1850//8341 3505//8341 3507//8341
f 921//8342 922//3161 895//3163
f 1479//8343 1435//8343 1436//8343
f 926//8344 664//8344 667//8344
f 1481//8345 562//8345 563//8345
f 269//8346 1483//8346 84//8346
f 931//8347 932//8347 933//8347
f 934//8348 935//8348 614//8348
f 936//8349 685//8349 688//8349
f 938//8350 659//8350 662//8350
f 1484//8351 270//8351 122//8351
f 941//8352 942//8352 835//8352
f 320//8353 321//8353 509//8353
f 1849//8354 3510//8354 3505//8354
f 84//8355 1483//8356 1484//8357
f 1487//8358 1490//8358 1488//8358
f 1757//8359 1758//8359 3502//8359
f 365//577 1492//8360 1491//578
f 461//8361 79//8361 80//8361
f 117//581 363//8362 362//582
f 1494//8363 540//8363 541//8363
f 926//8364 601//8364 957//8364
f 1477//8365 1441//8365 1433//8365
f 1709//8366 1588//8366 1585//8366
f 119//8367 117//8367 1496//8367
f 271//8368 1497//8368 504//8368
f 511//8369 517//8369 189//8369
f 345//592 1496//591 1492//8370
f 57//597 344//8371 299//598
f 1501//8372 1499//8372 268//8372
f 267//8373 268//8373 1499//8373
f 974//8374 975//8374 976//8374
f 1678//8375 1652//8375 1693//8375
f 3846//8376 1682//8376 1807//8376
f 557//8377 982//8377 663//8377
f 983//8378 941//8378 984//8378
f 1443//8379 1444//8379 3849//8379
f 421//8380 1500//8380 268//8380
f 989//609 990//8381 991//610
f 1490//8382 1487//8382 418//8382
f 279//8383 280//8383 309//8383
f 997//614 868//8384 676//615
f 998//8385 26//8385 999//8385
f 1504//8386 418//8386 38//8386
f 1506//8387 1508//8387 1507//8387
f 360//8388 361//8388 1508//8388
f 1506//8389 1486//8389 207//8389
f 939//8390 1005//8390 1006//8390
f 270//8391 1484//8357 1483//8356
f 66//8392 63//8392 546//8392
f 1010//8393 742//8393 793//8393
f 367//8394 428//8394 437//8394
f 244//8395 31//8395 363//8395
f 1670//8396 3532//8396 3534//8396
f 209//8397 206//8397 1510//8397
f 388//8398 389//8398 426//8398
f 427//8399 274//8399 250//8399
f 161//8400 520//8400 521//8400
f 100//8401 246//8401 45//8401
f 1025//8402 1026//8402 608//8402
f 1029//8403 1030//8404 1031//8405
f 939//8406 662//8406 1033//8406
f 41//8407 42//8407 594//8407
f 1036//8408 780//8408 783//8408
f 702//8409 701//8409 1038//8409
f 1040//8410 1041//8410 1042//8410
f 362//8411 32//8411 369//8411
f 187//646 1520//8412 477//647
f 70//2668 1487//2668 539//8413
f 1049//8414 600//8414 603//8414
f 613//8415 867//8415 869//8415
f 860//8416 1050//8416 1051//8416
f 1005//8417 1052//8417 1053//8417
f 753//8418 1055//8418 1056//8418
f 1057//8419 1058//8419 1059//8419
f 293//8420 288//8420 1522//8420
f 288//658 212//8421 1521//659
f 292//8422 1522//8422 1523//8422
f 331//8423 1507//8423 1508//8423
f 306//8424 452//8424 453//8424
f 100//8425 44//8425 41//8425
f 462//8426 1524//8426 78//8426
f 330//8427 331//8427 1524//8427
f 635//8428 1067//8428 1068//8428
f 1485//8429 1527//8429 1526//8429
f 206//8430 1485//8430 1528//8430
f 1070//8431 1071//8431 1072//8431
f 942//8432 941//8432 1073//8432
f 916//8433 933//8433 1075//8433
f 440//8434 1529//8434 1530//8434
f 157//8435 158//8435 1514//8435
f 1529//8436 162//8436 5//8436
f 371//8437 595//8437 546//8437
f 790//8438 586//8438 663//8438
f 1077//8439 858//8439 857//8439
f 1403//8440 1434//8440 1435//8440
f 1080//8441 1081//8441 1082//8441
f 531//8442 520//8442 1529//8442
f 21//8443 1083//8443 1084//8443
f 272//8444 1532//8444 1531//8444
f 690//8445 712//8445 802//8445
f 335//8446 3571//8446 3567//8446
f 1090//8447 1030//8404 1029//8403
f 1092//8448 795//8298 794//8297
f 1533//8449 396//8449 137//8449
f 661//8450 660//8450 1095//8450
f 69//8451 444//8451 445//8451
f 1099//694 1100//3279 1101//695
f 38//8452 39//8452 1536//8452
f 1104//8453 1105//8453 1106//8453
f 852//8454 1107//8454 1108//8454
f 1377//8455 908//8455 909//8455
f 291//8456 377//8456 411//8456
f 316//8457 1536//8457 516//8457
f 539//8458 1488//8458 1533//8458
f 1505//8459 1536//8459 316//8459
f 1110//8460 1111//8460 1112//8460
f 1539//8461 1537//8461 460//8461
f 522//8462 441//8462 1537//8462
f 834//8463 837//8463 1120//8463
f 1122//8464 1123//8464 1124//8465
f 612//8466 1125//8466 1041//8466
f 935//8467 793//8467 615//8467
f 276//8468 278//8468 130//8468
f 1686//8469 3549//8469 3522//8469
f 193//8470 190//720 1541//722
f 231//8471 521//8471 1540//8471
f 556//8472 1037//8472 982//8472
f 365//8473 253//8473 85//8473
f 190//8474 532//8474 318//8474
f 1810//8475 765//8475 3574//8475
f 3924//724 1867//8476 3512//725
f 1132//8477 983//8477 985//8477
f 208//8478 101//8478 102//8478
f 1134//8479 1033//8479 662//8479
f 1491//8480 518//8480 80//8480
f 429//8481 133//8481 1542//8481
f 1137//8482 1138//8482 915//8482
f 172//8483 436//8483 428//8483
f 1139//8484 1140//8484 1141//8484
f 549//8485 96//8485 54//8485
f 1517//8486 1519//8486 1518//8486
f 834//8487 1119//8487 984//8487
f 1543//8488 513//8488 286//8488
f 1544//8489 797//8489 239//8489
f 133//8490 134//8490 1544//8490
f 506//8491 361//8491 257//8491
f 420//8492 327//8492 328//8492
f 1158//8493 1159//8493 1160//8493
f 587//8494 1104//8494 1103//8494
f 607//8495 1161//8495 1027//8495
f 304//8496 1546//8496 1545//8496
f 364//8497 1491//8497 77//8497
f 69//8498 70//8498 198//8498
f 700//8499 840//8499 1112//8499
f 3877//8500 626//8500 3525//8500
f 1166//756 719//8501 657//757
f 1167//8502 1168//8502 858//8502
f 1300//8503 3523//8503 3524//8503
f 1172//761 1173//8504 1174//762
f 218//8505 203//8505 200//8505
f 1179//8506 1180//8506 1181//8506
f 372//8507 183//8507 97//8507
f 89//8508 104//8508 227//8508
f 1186//8509 1187//8509 1188//8509
f 172//8510 173//8510 1517//8510
f 1482//563 84//562 81//8511
f 1090//8512 1192//8512 1193//8512
f 394//8513 395//8513 353//8513
f 526//8514 525//8514 1198//8514
f 1199//8515 1200//8515 1026//8515
f 606//8516 623//8516 697//8516
f 1204//8517 1205//8517 1206//8517
f 1207//778 1208//8518 523//779
f 1209//8519 1210//8519 867//8519
f 914//8520 913//8520 685//8520
f 1478//558 1436//557 1441//8521
f 1029//8522 1028//8522 1161//8522
f 1211//8523 1212//8523 1213//8523
f 3858//8524 1453//8524 1451//8524
f 844//8525 1215//8525 1216//8525
f 423//8526 193//8526 273//8526
f 1220//8527 1221//8527 1222//8527
f 22//8528 1223//8528 1224//8528
f 882//8529 898//8529 897//8529
f 1519//8530 1517//8530 173//8530
f 1189//8531 1188//8531 1232//8531
f 349//8532 350//8532 550//8532
f 1071//8533 1235//8533 1236//8533
f 1237//8534 1238//8534 1239//8534
f 1221//8535 1186//8535 1189//8535
f 1510//8536 1528//8536 1512//8536
f 939//8537 1032//8537 1241//8537
f 1556//8538 1530//8538 5//8538
f 1553//8539 1554//8539 394//8539
f 404//8540 1556//8540 67//8540
f 1247//8541 1248//8541 1249//8541
f 142//8542 199//8542 238//8542
f 1251//8543 1067//8543 635//8543
f 850//8544 1252//8544 1253//8544
f 1254//8545 1167//8545 1077//8545
f 57//8546 132//8546 133//8546
f 443//8547 430//8547 552//8547
f 1187//8548 1172//8548 1175//8548
f 1256//8549 1070//8549 831//8549
f 432//8550 405//8550 382//8550
f 741//8551 748//8551 747//8551
f 434//8552 350//8552 351//8552
f 349//8553 432//8553 383//8553
f 251//8554 124//8554 1481//8554
f 395//8555 384//8556 352//8557
f 1518//8558 1519//8558 1550//8558
f 1558//819 410//8559 378//819
f 109//8560 263//8560 314//8560
f 285//8561 1514//8561 1513//8561
f 395//8562 394//8562 393//8562
f 202//8563 203//8563 410//8563
f 417//8564 408//8564 405//8564
f 1246//8565 1257//8565 1258//8565
f 3//8566 1559//8566 297//8566
f 1259//8567 1260//8567 1261//8567
f 403//8568 404//8568 347//8568
f 955//8569 954//8569 953//8569
f 462//8570 50//8570 51//8570
f 1096//8571 1095//8571 687//8571
f 429//835 147//8572 60//836
f 896//8573 1264//8573 1265//8573
f 1267//8574 721//8574 1268//8574
f 423//8575 424//8575 327//8575
f 37//8576 179//8576 180//8576
f 20//8577 23//8577 1187//8577
f 1256//8578 1168//8578 1071//8578
f 1188//8579 1175//8579 1269//8579
f 1236//8580 1270//8580 1271//8580
f 1272//8581 536//8581 535//8581
f 565//8582 564//8582 463//8582
f 1273//849 792//8583 745//850
f 876//852 1254//8584 1255//853
f 316//8585 33//8585 164//8585
f 437//8586 1516//8586 503//8586
f 194//586 1494//584 1495//586
f 1275//8587 1276//8587 864//8587
f 624//8588 625//8588 631//8588
f 1277//8589 1274//8589 1137//8589
f 569//8590 568//8590 567//8590
f 1481//8591 124//8591 125//8591
f 324//8592 325//8592 547//8592
f 1279//8593 1108//8593 1107//8593
f 1525//8594 332//8594 329//8594
f 1281//8595 1278//8595 1137//8595
f 171//8596 168//8596 1553//8596
f 1488//1734 73//1733 396//8597
f 1557//1038 1561//1040 1562//8598
f 1282//8599 856//8599 1206//8599
f 1053//8600 1277//8600 1278//8600
f 778//8601 777//8601 607//8601
f 713//8602 583//8602 3566//8602
f 251//8603 225//8603 144//8603
f 4//8604 357//8604 348//8604
f 709//4755 708//8605 707//8606
f 728//8607 48//8607 45//8607
f 261//8608 135//8608 1563//8608
f 789//8609 1286//8609 1287//8609
f 74//8610 314//8610 263//8610
f 403//8611 284//8611 385//8611
f 1178//8612 1181//8612 1240//8612
f 1223//8613 1259//8613 1289//8613
f 1220//8614 20//8614 1186//8614
f 296//8615 1518//8615 354//8615
f 784//8616 459//8616 1538//8616
f 1181//8617 1180//8617 1291//8617
f 1269//8618 1292//8618 1257//8618
f 1566//8619 1538//8619 438//8619
f 136//8620 784//8620 1566//8620
f 1563//8621 1564//8621 169//8621
f 107//8622 114//8622 109//8622
f 1297//8623 1282//8623 1298//8623
f 1464//8624 1477//8624 1476//8624
f 1520//8625 187//8625 507//8625
f 1301//8626 1302//8627 1303//8628
f 1306//8629 1307//8629 1308//8629
f 175//8630 456//8630 1532//8630
f 1532//8631 456//8631 200//8631
f 1311//8632 1266//8632 1312//8632
f 872//8633 1314//8633 1315//8633
f 3836//8634 843//8634 878//8634
f 1305//8635 1308//8635 864//8635
f 1040//8636 1275//8636 863//8636
f 1564//8637 1566//8637 399//8637
f 592//8638 1576//8638 1575//8638
f 591//8639 1575//8639 1088//8639
f 1581//8640 1584//8640 1583//8640
f 1196//8641 1152//8641 1147//8641
f 710//8642 582//8642 583//8642
f 285//8643 407//7966 408//7965
f 953//8644 954//8644 961//8644
f 1594//8645 1592//8645 1589//8645
f 1585//924 1588//8646 1587//925
f 1592//8647 1591//8647 1590//8647
f 3885//8648 945//8648 944//8648
f 1600//1048 1599//1047 1598//8649
f 1604//8650 1603//8650 1602//8650
f 1399//8651 1392//8651 979//8651
f 1589//8652 1590//8652 1596//8652
f 1610//8653 1609//8653 1608//8653
f 298//8654 257//8654 361//8654
f 551//8655 552//8655 276//8655
f 1627//8656 1626//8656 3814//8656
f 859//8657 811//8657 818//8657
f 1078//8658 857//8658 1328//8658
f 1555//8659 439//8659 1530//8659
f 572//8660 573//8660 680//8660
f 772//8661 465//8661 776//8661
f 977//8662 1281//8662 918//8662
f 404//8663 403//8663 392//8663
f 1054//8664 1331//8664 750//8664
f 1644//8665 1645//8665 1643//8665
f 932//8666 1265//8666 1082//8666
f 1067//8667 1333//8667 1334//8667
f 1540//8668 1539//8668 264//8668
f 597//8669 1335//8669 643//8669
f 471//8670 761//8670 762//8670
f 1642//8671 696//3978 3831//3980
f 1644//8672 1642//8672 3842//8672
f 923//8673 946//8673 950//8673
f 96//958 549//8674 548//959
f 520//8675 531//8675 522//8675
f 445//8676 444//8676 443//8676
f 849//8677 839//8677 848//8677
f 480//8678 759//8678 755//8678
f 1646//8679 760//8679 481//8679
f 311//8680 426//2447 1567//2449
f 464//8681 463//8681 3497//8681
f 3497//8682 1360//8682 1361//8682
f 234//8683 237//8683 236//8683
f 190//8684 193//8684 192//8684
f 153//8685 154//8685 152//8685
f 231//8686 287//8686 286//8686
f 1552//8687 1553//8687 1551//8687
f 760//974 1646//974 1648//975
f 3832//8688 1647//8688 1649//8688
f 828//8689 827//8689 826//8689
f 52//8690 167//8690 166//8690
f 1663//8691 1662//8691 1661//8691
f 287//981 107//8692 115//982
f 668//8693 671//8693 670//8693
f 634//8694 645//8694 640//8694
f 553//8695 560//8695 559//8695
f 118//8696 36//8696 33//8696
f 492//8697 484//8697 491//8697
f 3552//8698 1652//8698 1651//8698
f 582//992 589//8699 584//993
f 384//8556 395//8555 392//8700
f 1381//8701 1382//8701 1383//8701
f 1562//997 1561//8702 435//998
f 952//8703 953//8703 951//8703
f 3529//8704 3566//8704 583//8704
f 1660//8705 1661//8705 1667//8705
f 1394//8706 1395//8706 1396//8706
f 1660//8707 1665//8707 1664//8707
f 1671//8708 1670//8708 1669//8708
f 1624//8709 1625//8709 1673//8709
f 1407//8710 1408//8710 1409//8710
f 1677//8711 1676//8711 1675//8711
f 1613//8712 1679//8712 1677//8712
f 1679//8713 1678//8713 1676//8713
f 1626//8714 1681//8714 3811//8714
f 534//8715 199//8715 198//8715
f 803//8716 733//8716 734//8716
f 400//8717 248//8717 191//8717
f 65//8718 66//8718 143//8718
f 3526//8719 1657//8719 1656//8719
f 402//8720 159//8720 157//8720
f 629//8721 628//8721 627//8721
f 461//8722 477//8722 49//8722
f 758//8723 757//8723 495//8723
f 796//8724 787//8724 786//8724
f 406//8725 407//8725 1513//8725
f 342//8726 343//8726 166//8726
f 1694//8727 1659//8727 1658//8727
f 1692//1026 1687//8728 1694//1027
f 3557//8729 1693//8729 1652//8729
f 3921//1030 1704//8730 1703//1030
f 326//8731 547//8731 302//8731
f 3916//8732 3921//8732 1702//8732
f 3919//8733 3918//8733 1698//8733
f 1699//8734 1691//8734 3927//8734
f 1557//8735 406//8735 1560//8735
f 1127//1041 1116//8736 1117//1042
f 400//8737 401//8737 289//8737
f 1706//8738 1702//8738 1707//8738
f 1707//8739 1702//8739 1599//8739
f 1709//8740 1706//8740 1708//8740
f 1714//1050 1712//8741 1711//1051
f 3919//8742 3915//8742 1709//8742
f 1704//8743 1711//8743 1577//8743
f 1716//1055 1714//8744 1713//1056
f 1559//873 1562//872 1549//1058
f 1722//8745 1721//8745 1720//8745
f 1335//8746 597//8746 596//8746
f 410//8747 411//8747 377//8747
f 973//8748 1170//8748 1163//8748
f 168//8749 169//8749 399//8749
f 1571//8750 682//8750 1089//8750
f 1572//8751 681//8751 682//8751
f 749//8752 646//8752 647//8752
f 1730//8753 1724//8753 1723//8753
f 1594//8754 1582//8754 1729//8754
f 1729//8755 1723//8755 1591//8755
f 1384//8756 1378//8756 1377//8756
f 1732//8757 1731//8757 1712//8757
f 1724//8758 1730//8758 1731//8758
f 1722//8759 1724//8759 1732//8759
f 1721//8760 1722//8760 1733//8760
f 1734//8761 1733//8761 1716//8761
f 1735//8762 1737//8762 1736//8762
f 1733//8763 1732//8763 1714//8763
f 1663//8764 1664//8764 1741//8764
f 1742//8765 1665//8765 1740//8765
f 1738//8766 1739//8766 1737//8766
f 1665//8767 1660//8767 1666//8767
f 1665//8768 1742//8768 1744//8768
f 1725//8769 1726//8769 1746//8769
f 1591//8770 1725//8770 1745//8770
f 1590//8771 1745//8771 1747//8771
f 1745//8772 1746//8772 1748//8772
f 1659//8773 1688//8773 3538//8773
f 3287//8774 1760//8774 3545//8774
f 1185//8775 1177//8775 1182//8775
f 1664//8776 1744//8776 1749//8776
f 1741//8777 1749//8778 1739//8779
f 1746//8780 1742//8780 1743//8780
f 1726//8781 1744//8781 1742//8781
f 1115//8782 924//8782 1153//8782
f 1654//8783 3546//8783 3575//8783
f 1896//8784 3562//8784 3549//8784
f 1720//1105 1749//8785 1744//1106
f 1721//8786 1739//8779 1749//8778
f 1750//8787 1718//8787 1701//8787
f 1697//8788 1736//8788 1750//8788
f 1151//8789 1152//8789 1063//8789
f 1751//1112 1752//8790 1670//1113
f 1695//8791 1658//8791 1752//8791
f 961//8792 962//8792 986//8792
f 1770//8793 1769//8793 1768//8793
f 1766//8794 1594//8794 1593//8794
f 1731//8795 1759//8795 1579//8795
f 1579//8796 1777//8796 1774//8796
f 3928//8797 1772//8797 1771//8797
f 1764//8798 1772//8798 3928//8798
f 1777//8799 1776//8799 1775//8799
f 3762//8800 3763//8800 1699//8800
f 1004//1129 1127//8801 1128//1130
f 1774//8802 1775//8802 1771//8802
f 987//8803 1400//8803 1399//8803
f 1578//8804 1774//1132 1772//1134
f 1783//8805 1782//8805 1781//8805
f 1597//8806 1598//8806 1770//8806
f 639//8807 1878//8808 3895//8809
f 3928//8810 3929//8810 1769//8810
f 1793//8811 1792//8811 1789//8811
f 3929//8812 3920//8812 1798//8812
f 3508//8813 3516//8813 3773//8813
f 1802//8814 1867//8814 3924//8814
f 1788//8815 1790//8815 1794//8815
f 1793//8816 1794//8816 1795//8816
f 3773//8817 3772//8817 1675//8817
f 1584//8818 1581//8818 1783//8818
f 1771//8819 1797//8819 3920//8819
f 1801//8820 1799//8820 1798//8820
f 1768//1155 1769//8821 1798//1156
f 1775//8822 1796//8822 1797//8822
f 508//8823 514//8823 515//8823
f 1796//8824 1803//8824 1802//8824
f 1800//8825 1798//8825 3920//8825
f 1794//8826 1805//8826 1804//8826
f 3532//8827 1670//8827 1752//8827
f 485//8828 1808//8828 1807//8828
f 3809//8829 3844//8829 1640//8829
f 3837//8830 3844//8830 1810//8830
f 485//8831 482//8831 1640//8831
f 1690//8832 1691//8832 3770//8832
f 487//8833 488//8833 1648//8833
f 3839//8834 1813//8834 1816//8834
f 3838//8835 1811//8835 1648//8835
f 3839//8836 1812//8836 1811//8836
f 1812//8837 1809//8837 487//8837
f 1641//8838 1809//8838 767//8838
f 465//8839 466//8839 755//8839
f 767//8840 1815//8840 3823//8840
f 3822//8841 1816//8841 3826//8841
f 1809//8842 1812//8842 1815//8842
f 3837//8843 1653//8843 1651//8843
f 675//1184 672//8844 3541//1185
f 1814//8845 1649//8845 1822//8845
f 1821//8846 1822//8846 3821//8846
f 1824//8847 1822//8847 1649//8847
f 1827//8848 1849//8848 1850//8848
f 1668//8849 1669//8849 1662//8849
f 1779//8850 1780//8850 1848//8850
f 1790//8851 1827//8851 1805//8851
f 1833//8852 1836//8852 1853//8852
f 3521//8853 3506//8853 693//8853
f 1614//8854 1615//8854 1616//8854
f 1852//8855 1853//8855 3498//8855
f 1620//8856 1621//8856 1622//8856
f 1855//8857 1765//8857 1574//8857
f 1847//1200 1852//8858 3501//1201
f 1766//8859 1765//8859 1855//8859
f 1629//8860 1630//8860 1631//8860
f 1633//8861 1622//8861 1634//8861
f 1635//8862 1636//8862 1637//8862
f 1848//8863 1833//8863 1852//8863
f 1855//8864 1861//8864 1863//8864
f 1803//8865 1866//8865 1867//8865
f 1862//8866 1863//8866 1831//8866
f 1782//1213 1855//8867 1862//1214
f 3922//1146 3924//1145 1865//8868
f 1873//8869 1872//8869 1870//8869
f 1874//8870 1869//8870 799//8870
f 2045//8871 3878//8871 3897//8871
f 1219//8872 1345//8872 1295//8872
f 1615//8873 1614//8873 1396//8873
f 3884//8874 3895//8874 1877//8874
f 645//8875 3898//8875 3786//8875
f 1345//8876 1219//8876 1035//8876
f 634//985 639//987 3884//8877
f 15//8878 1887//8878 1327//8878
f 3910//8879 3895//8879 1878//8879
f 1894//8880 604//8880 605//8880
f 3506//8881 3551//8881 627//8881
f 3560//8882 640//8882 645//8882
f 340//8883 341//8883 454//8883
f 1897//8884 194//8884 195//8884
f 1889//8885 1882//8885 1877//8885
f 1901//8886 94//8886 129//8886
f 196//8887 749//8887 754//8887
f 1705//8888 1704//8888 3921//8888
f 340//8889 378//8889 166//8889
f 1570//1238 1480//8890 563//1239
f 1904//8891 1494//8891 194//8891
f 1781//8892 1862//8892 1832//8892
f 1905//8893 549//8893 55//8893
f 1000//8894 994//8895 995//8896
f 986//8897 919//8897 920//8897
f 1191//8898 1185//8898 1190//8898
f 2094//4645 2077//4644 2075//8899
f 1920//8900 1921//8900 1919//8900
f 453//8901 454//8901 1912//8901
f 1915//8902 1919//8902 1918//8902
f 3882//8903 2112//8903 2106//8903
f 1655//8904 3575//8904 3531//8904
f 1916//8905 1918//8905 1926//8905
f 704//8906 3554//8906 3561//8906
f 278//8907 1916//8907 1925//8907
f 3565//1258 3564//8908 1818//1259
f 1097//8909 949//8909 1115//8909
f 1927//8910 1928//8910 727//8910
f 3578//8911 3579//8911 3654//8911
f 1920//8912 310//8912 307//8912
f 1929//8913 307//8913 48//8913
f 503//8914 504//8914 1497//8914
f 1902//8915 1903//8915 787//8915
f 1816//1268 1821//8916 3820//1269
f 1925//8917 1926//8917 1923//8917
f 1535//8918 1569//8918 1568//8918
f 254//8919 252//8919 258//8919
f 1509//8920 1497//8920 366//8920
f 119//8921 86//8921 35//8921
f 219//8922 288//8922 293//8922
f 141//8923 46//8923 47//8923
f 542//8924 205//8924 244//8924
f 1940//8925 552//8925 430//8925
f 1779//8926 1828//8926 1827//8926
f 1701//8927 1710//8927 3915//8927
f 1661//8928 3550//8928 3515//8928
f 270//8929 53//8929 754//8929
f 197//8930 1947//8930 749//8930
f 1727//8931 1728//8931 1212//8931
f 53//1292 54//8932 232//1293
f 1465//8311 1468//8310 1479//8933
f 1284//8934 3862//8934 3854//8934
f 1951//8935 446//8935 412//8935
f 168//8936 398//8936 1554//8936
f 1486//8937 1485//8937 206//8937
f 506//8938 77//8938 78//8938
f 994//8939 1001//8939 1007//8939
f 951//8940 953//8940 963//8940
f 1013//8941 3859//8941 3861//8941
f 3826//8942 3820//8942 1820//8942
f 1498//8943 1909//8943 1954//8943
f 299//8944 298//8944 543//8944
f 1754//8945 1755//8945 1756//8945
f 1681//8946 469//8946 1683//8946
f 1696//8947 1694//8947 1695//8947
f 13//8948 14//8948 738//8948
f 473//8949 476//8949 475//8949
f 482//8950 1641//8950 768//8950
f 204//8951 62//8951 30//8951
f 1761//8952 1762//8952 820//8952
f 611//8953 1763//8953 1125//8953
f 1501//8954 1503//8954 1908//8954
f 1074//1321 1073//8955 711//1322
f 1960//8956 1944//8956 82//8956
f 120//8957 1956//8957 1960//8957
f 35//8958 86//8958 87//8958
f 1773//8959 1199//8959 1025//8959
f 1965//8960 1545//8960 1569//8960
f 494//8961 761//8961 471//8961
f 1966//1359 1967//1358 1969//8962
f 446//8963 1951//8963 1971//8963
f 174//8964 368//8964 125//8964
f 1580//8965 1579//8965 1578//8965
f 1785//8966 1786//8966 1787//8966
f 1972//8967 1546//8967 304//8967
f 1254//8968 876//8968 875//8968
f 1973//8969 341//8969 342//8969
f 321//8970 1912//8970 1973//8970
f 1910//8971 277//8971 275//8971
f 509//8972 1973//8972 514//8972
f 1486//8973 1507//8973 1527//8973
f 1974//1342 1874//8974 804//1343
f 1977//8975 1976//8975 1974//8975
f 1980//8976 448//8976 1966//8976
f 379//8977 1//8977 2//8977
f 1718//8978 1715//8978 1710//8978
f 884//8979 995//8979 992//8979
f 1680//4785 1684//4787 1678//8980
f 902//8981 990//8981 525//8981
f 344//1352 255//8982 256//1353
f 135//8983 138//691 137//690
f 448//8984 446//8984 1967//8984
f 589//8985 605//8985 604//8985
f 910//8986 909//8986 908//8986
f 1981//8987 1966//8987 1968//8987
f 1982//8988 1981//8988 1987//8988
f 1988//8989 1979//8989 1987//8989
f 1990//8990 1988//8990 1989//8990
f 1991//8991 1989//8991 1993//8991
f 322//8992 321//8992 320//8992
f 992//8993 828//8993 830//8993
f 1144//1371 1076//8994 1086//1372
f 1995//8995 1977//8995 1978//8995
f 1133//8996 1129//8996 1118//8996
f 1997//8997 1995//8998 1994//8999
f 870//9000 1823//9000 1335//9000
f 805//9001 806//9001 1982//9001
f 727//9002 184//9002 2000//9002
f 1996//9003 1994//9003 1988//9003
f 1994//9004 1978//9004 1979//9004
f 1829//9005 616//9005 792//9005
f 1830//9006 1073//9006 941//9006
f 798//9007 803//9007 800//9007
f 729//9008 732//9008 731//9008
f 2011//9009 2012//9009 2023//9009
f 1834//9010 1835//9010 846//9010
f 402//9011 283//9011 284//9011
f 2022//1393 2023//9012 2024//1394
f 1838//9013 718//9013 989//9013
f 810//9014 955//9014 952//9014
f 1823//9015 1839//9015 1840//9015
f 1430//9016 1426//9016 1432//9016
f 1215//9017 844//9017 1841//9017
f 1316//9018 1208//9018 873//9018
f 2112//9019 1401//9019 1384//9019
f 1842//9020 1843//9020 1844//9020
f 1159//9021 846//9021 845//9021
f 837//9022 27//9022 1846//9022
f 1971//9023 1951//9023 2030//9023
f 517//9024 369//9024 370//9024
f 1471//9025 2026//9025 2027//9025
f 3551//3342 3525//3342 626//9026
f 2174//9027 2175//9027 770//9027
f 935//9028 934//9028 1854//9028
f 1613//9029 1619//9029 1611//9029
f 1231//9030 1228//9030 1225//9030
f 1856//9031 1857//9031 891//9031
f 1300//9032 1309//9032 748//9032
f 1150//9033 1149//9033 1858//9033
f 1643//9034 606//9034 696//9034
f 1215//9035 1265//9035 1264//9035
f 1320//9036 1860//9036 902//9036
f 1956//9037 1943//9037 1944//9037
f 2031//1675 668//1674 669//9038
f 2034//9039 1325//9039 1310//9039
f 1879//9040 1880//9040 1656//9040
f 40//9041 245//9041 242//9041
f 1992//9042 1993//9042 2039//9042
f 888//1431 958//9043 957//1432
f 1882//9044 1889//9044 1996//9044
f 1078//9045 1138//9045 1255//9045
f 1871//9046 912//9046 1192//9046
f 294//9047 411//9047 218//9047
f 1323//1438 2041//9048 2026//1438
f 123//9049 1960//9049 83//9049
f 1324//9050 2036//9050 2041//9050
f 384//9051 358//9051 359//9051
f 1324//9052 1325//9052 2038//9052
f 1883//9053 1884//9053 1885//9053
f 287//9054 1540//9054 114//9054
f 1096//9055 1886//9055 1134//9055
f 915//9056 1329//9056 931//9056
f 806//9057 1980//9057 1981//9057
f 3533//9058 3529//9058 584//9058
f 1425//9059 2030//9059 2042//9059
f 1018//9060 2042//9060 1948//9060
f 3562//9061 1896//9061 740//9061
f 1948//1453 2042//9062 649//1454
f 1881//9063 1882//9063 1990//9063
f 1900//9064 129//9064 130//9064
f 992//9065 995//8896 994//8895
f 923//9066 927//9066 925//9066
f 3878//9067 2045//9067 2047//9067
f 1643//9068 2048//9068 625//9068
f 2050//9069 2052//9069 2051//9069
f 2045//9070 1405//9070 1404//9070
f 3876//9071 2047//9071 945//9071
f 1139//9072 1080//9072 1079//9072
f 1037//9073 1856//9073 892//9073
f 2055//9074 2053//9074 2057//9074
f 1198//9075 989//9075 718//9075
f 1619//9076 2058//9076 1612//9076
f 2058//9077 1605//9077 1606//9077
f 2059//9078 2060//9078 1607//9078
f 2058//9079 1619//9079 1624//9079
f 71//9080 72//9080 179//9080
f 405//9081 406//9081 1557//9081
f 322//9082 1548//9082 1972//9082
f 2061//9083 2052//9083 2063//9083
f 2066//9084 2065//9084 2067//9084
f 2052//9085 2061//9085 2064//9085
f 1609//9086 1610//9086 2066//9086
f 1515//9087 151//9087 152//9087
f 1009//9088 827//9088 993//9088
f 1644//9089 3843//9089 3815//9089
f 279//9090 1915//9090 1916//9090
f 1285//9091 3863//9091 3862//9091
f 1647//9092 2066//9092 1825//9092
f 2056//9093 2057//9093 2067//9093
f 319//1369 320//1368 1953//9094
f 667//9095 666//9095 1913//9095
f 2070//9096 631//9096 625//9096
f 2052//9097 2050//9097 2055//9097
f 2038//9098 1654//9098 1655//9098
f 1606//9099 1601//9099 2073//9099
f 1235//9100 1917//9100 1270//9100
f 2072//9101 2073//9101 2075//9101
f 2059//9102 1606//9102 2072//9102
f 2074//1509 2075//1508 2077//9103
f 1601//1512 1602//9104 2078//1513
f 2049//1550 2048//1549 1643//9105
f 1000//9106 1004//9106 1001//9106
f 1089//9107 943//9107 684//9107
f 1931//9108 1286//9108 1306//9108
f 1462//9109 1459//9109 1021//9109
f 1932//9110 1933//9110 1934//9110
f 875//9111 874//9111 1846//9111
f 1936//9112 1051//9112 1937//9112
f 44//9113 45//9113 46//9113
f 1534//9114 1955//9114 1956//9114
f 1541//9115 318//78 317//80
f 2081//9116 2082//9116 2084//9116
f 146//9117 1945//9117 1959//9117
f 1360//9118 1941//9118 1942//9118
f 985//9119 984//9119 1032//9119
f 1995//8998 1997//8997 1892//9120
f 2079//1535 2080//9121 2082//1536
f 2095//9122 2096//9123 2076//9124
f 2081//9125 2093//9125 2078//9125
f 2055//1540 2050//9126 2054//1541
f 501//9127 2096//9123 2095//9122
f 2097//9128 2100//9128 2099//9128
f 2098//9129 2099//9129 2094//9129
f 2140//9130 2141//9130 3893//9130
f 2141//9131 2046//9131 3894//9131
f 2051//9132 2070//9132 2048//9132
f 592//9133 2102//1555 2101//1557
f 2071//9134 2064//3229 2076//3229
f 2102//9135 2097//9135 2098//9135
f 593//9136 2103//9136 2102//9136
f 1019//9137 1895//9137 746//9137
f 1950//9138 11//9138 12//9138
f 725//9139 2071//9139 2096//9139
f 1385//9140 2105//9140 2104//9140
f 1379//9141 2104//9141 2106//9141
f 2107//1564 2108//8165 2100//1565
f 3908//9142 726//9142 502//9142
f 3896//1569 502//1568 499//1570
f 940//1572 1389//1582 2109//1573
f 928//9143 929//9143 1170//9143
f 3868//9144 590//9144 684//9144
f 1962//9145 1963//9145 1964//9145
f 3878//9146 680//9146 573//9146
f 2039//1579 1993//9147 1968//1580
f 1389//9148 1390//1591 2110//1593
f 1398//9149 2111//9149 2113//9149
f 3757//9150 3755//9150 3753//9150
f 3911//1586 3883//9151 2107//1587
f 949//9152 923//1461 924//1463
f 260//9153 241//9153 324//9153
f 1390//9154 1397//9154 2113//9154
f 2070//9155 2051//9155 2064//9155
f 3867//9156 3911//9156 2103//9156
f 2105//9157 1385//9157 1421//9157
f 2114//1600 1421//1599 1423//9158
f 3892//9159 2114//9159 2115//9159
f 3908//9160 2105//9160 2114//9160
f 554//9161 2116//1847 1902//1849
f 972//9162 1163//9162 967//9162
f 1765//9163 1593//9163 1573//9163
f 1984//3639 1985//3638 1986//9164
f 2053//9165 2117//9165 2069//9165
f 3573//9166 3556//4638 724//4640
f 1625//9167 1677//9167 1674//9167
f 3881//9168 3888//9168 2119//9168
f 3903//9169 2115//9169 2123//9169
f 56//9170 1954//9170 1906//9170
f 626//9171 3877//9171 3879//9171
f 2001//9172 2002//9172 2003//9172
f 3912//9173 3841//9173 2127//9173
f 2006//1617 2007//9174 2008//1618
f 2127//9175 1413//9175 1412//9175
f 2014//9176 2015//9176 2016//9176
f 2018//1622 2019//9177 2020//1623
f 1495//9178 1424//9178 1947//9178
f 1379//9179 1377//9179 1386//9179
f 3814//9180 3811//9180 1680//9180
f 2029//9181 1885//9181 1884//9181
f 3902//9182 2128//9182 2120//9182
f 629//9183 3879//9183 3914//9183
f 682//9184 683//9184 943//9184
f 724//9185 1650//9185 2121//9185
f 1757//9186 1819//9186 3821//9186
f 765//9187 1810//9187 3844//9187
f 3851//9188 714//9188 715//9188
f 706//9189 707//9189 3870//9189
f 981//1120 986//1119 987//9190
f 1457//9191 1868//9191 1656//9191
f 2017//9192 2016//9192 2032//9192
f 1458//9193 1655//9193 1868//9193
f 1776//9194 1777//9194 1792//9194
f 1959//9195 1945//9195 1946//9195
f 3663//9196 3715//9196 3725//9196
f 3913//9197 3881//9197 2122//9197
f 1093//9198 1089//9198 689//9198
f 966//9199 965//9199 968//9199
f 3852//9200 715//9200 3881//9200
f 2172//9201 3577//9201 2170//9201
f 670//9202 2138//9202 2137//9202
f 3761//9203 787//9203 1903//9203
f 1429//9204 19//9204 28//9204
f 964//9205 963//9205 978//9205
f 3841//9206 3813//4413 1413//4415
f 1473//1654 1474//9207 669//1655
f 3834//9208 3833//9208 1359//9208
f 2138//9209 798//9209 1870//9209
f 1872//9210 1473//9210 2137//9210
f 715//9211 716//9211 3888//9211
f 1881//1456 1991//1458 1992//9212
f 3843//9213 3842//9213 739//9213
f 1837//9214 1847//9214 3513//9214
f 253//9215 58//9215 59//9215
f 1808//9216 3837//1181 3840//1183
f 1647//9217 3832//9217 3818//9217
f 3865//4792 3866//4791 671//9218
f 2112//9219 3882//9219 3883//9219
f 1405//9220 2045//9220 2044//9220
f 3829//409 3824//408 1364//9221
f 273//9222 1541//9222 391//9222
f 576//9223 632//9223 3520//9223
f 3875//9224 3865//9224 668//9224
f 1430//9225 1431//9225 2140//9225
f 2136//9226 3850//9226 3860//9226
f 1430//9227 2139//9227 18//9227
f 3893//9228 3894//9228 570//9228
f 1442//9229 1439//9229 2046//9229
f 1431//9230 1442//1680 2141//1682
f 3869//9231 3913//9231 3850//9231
f 3808//9232 3823//9232 1817//9232
f 3866//9233 3893//9233 695//9233
f 2142//1687 2025//1695 798//1688
f 571//9234 2143//9234 2142//9234
f 3819//9235 3814//9235 1618//9235
f 2143//9236 2022//9236 2025//9236
f 694//1692 2142//1691 2138//9237
f 681//9238 1572//9238 2144//9238
f 2144//9239 2011//9239 2022//9239
f 328//9240 210//9240 457//9240
f 1572//9241 2010//9241 2011//9241
f 630//9242 3892//9242 3903//9242
f 2085//9243 2086//9243 2087//9243
f 2090//9244 2091//9244 2092//9244
f 572//9245 2144//9245 2143//9245
f 1875//9246 1976//9246 2153//9246
f 1873//9247 1875//9247 2149//9247
f 2103//9248 2107//9248 2097//9248
f 2157//9249 2043//9249 2155//9249
f 2128//9250 1412//9250 1414//9250
f 3874//9251 3871//9251 589//9251
f 3872//9252 3870//9252 628//9252
f 2149//1707 2153//1706 2158//9253
f 2159//9254 2158//9254 3905//9254
f 698//9255 3907//9255 3902//9255
f 3823//1717 3847//9256 3827//1718
f 2158//9257 2156//9257 3874//9257
f 1438//9258 2044//9258 2046//9258
f 2035//9259 2154//9259 2160//9259
f 2161//9260 2160//1741 3889//1743
f 3871//1738 3891//1737 605//9261
f 3873//9262 17//9262 18//9262
f 370//9263 29//9263 61//9263
f 649//9264 1951//9264 413//9264
f 2153//9265 2157//9265 2156//9265
f 1428//9266 1429//9266 1449//9266
f 1490//9267 76//9267 73//9267
f 3890//9268 3905//9268 710//9268
f 2155//9269 1891//9269 3891//9269
f 1456//9270 1457//9270 1880//9270
f 2125//9271 2088//9271 2087//9271
f 2160//9272 2159//9272 3890//9272
f 300//9273 1959//9273 505//9273
f 1064//9274 1062//9274 1046//9274
f 2043//9275 1892//9275 1891//9275
f 2129//9276 2130//9276 2004//9276
f 2131//9277 2132//9277 2133//9277
f 3848//9278 3849//9278 1450//9278
f 1998//9279 1975//9279 804//9279
f 3879//1751 673//9280 3864//1752
f 474//9281 492//9281 490//9281
f 1164//9282 1165//9282 1182//9282
f 707//9283 2162//9283 3909//9283
f 708//9284 1472//9284 2162//9284
f 2162//9285 2161//9285 3886//9285
f 548//9286 549//9286 1905//9286
f 1145//9287 1136//9287 1114//9287
f 705//9288 2121//9288 1650//9288
f 2043//9289 2157//4419 1977//4421
f 737//9290 738//9290 554//9290
f 1034//9291 1195//324 1191//326
f 458//9292 1905//9292 1907//9292
f 195//9293 196//9293 232//9293
f 2040//9294 2039//9294 1969//9294
f 2145//1890 2146//1889 2147//9295
f 2054//9296 2050//9296 2049//9296
f 3832//9297 1646//9297 1639//9297
f 9//9298 12//9298 11//9298
f 252//9299 364//9299 506//9299
f 472//9300 478//9300 479//9300
f 1865//9301 3924//9301 3791//9301
f 900//8082 903//8081 910//9302
f 1941//1776 2150//9303 2151//1777
f 1921//9304 1928//9304 1927//9304
f 2163//9305 1897//9305 1898//9305
f 271//9306 156//9306 153//9306
f 1904//9307 1326//9307 12//9307
f 282//9308 263//9308 264//9308
f 1872//1784 1873//9309 2154//1785
f 1326//9310 1904//9310 1897//9310
f 628//9311 692//9311 693//9311
f 1724//9312 1722//9312 1719//9312
f 1549//9313 1562//9313 436//9313
f 1582//9314 1583//9314 1730//9314
f 1921//9315 1920//9315 1929//9315
f 3563//9316 3511//9316 10//9316
f 2152//9317 2037//9317 1950//9317
f 475//9318 772//9318 774//9318
f 769//9319 2172//9319 2171//9319
f 2171//9320 2165//9320 476//9320
f 476//9321 773//9321 772//9321
f 1791//9322 565//9322 464//9322
f 2166//9323 2167//9323 2168//9323
f 595//9324 371//9324 372//9324
f 483//9325 1809//9325 1641//9325
f 762//9326 2174//9326 2173//9326
f 771//9327 483//9327 484//9327
f 486//9328 487//9328 1809//9328
f 297//9329 1549//9329 1517//9329
f 763//9330 2175//9330 2174//9330
f 776//9331 755//9331 759//9331
f 184//9332 185//9332 2176//9332
f 412//9333 447//9333 303//9333
f 2005//9334 2176//9334 185//9334
f 3811//9335 1681//9335 1682//9335
f 2164//9336 2170//9336 756//9336
f 1472//1816 2035//3160 2161//1817
f 950//9337 951//9337 964//9337
f 2177//9338 2178//9338 2179//9338
f 227//9339 226//9339 1510//9339
f 2182//9340 2183//3586 2184//3588
f 2186//9341 2019//9341 2018//9341
f 1985//9342 2182//9342 2181//9342
f 214//9343 736//9343 729//9343
f 865//9344 849//9344 842//9344
f 849//9345 865//9345 1357//9345
f 559//9346 3187//9346 3188//9346
f 16//9347 13//9347 737//9347
f 560//9348 553//9348 498//9348
f 3193//9349 3196//9349 3195//9349
f 3200//9350 3197//9350 3198//9350
f 3211//9351 3214//9351 3213//9351
f 3215//9352 3218//9352 3217//9352
f 2187//9353 2188//9353 2002//9353
f 2169//9354 2168//9354 2189//9354
f 2192//9355 2086//9355 2085//9355
f 2193//9356 2194//9356 2195//9356
f 2198//9357 2199//9357 2200//9357
f 1998//9358 1982//9358 1979//9358
f 3664//9359 3665//9359 3668//9359
f 2116//9360 1898//9360 1903//9360
f 1859//9361 2006//9361 2009//9361
f 3904//9362 2123//9362 2126//9362
f 1135//2338 1148//2340 1087//9363
f 2201//9364 2202//9364 2015//9364
f 1149//9365 111//9365 110//9365
f 3221//9366 3222//9366 3218//9366
f 2203//9367 2204//9367 2205//9367
f 579//9368 580//9368 1895//9368
f 1755//9369 2207//9369 2208//9369
f 3891//9370 3910//9370 1893//9370
f 1211//9371 2151//9371 2150//9371
f 868//9372 997//9372 2210//9372
f 944//9373 945//9373 930//9373
f 2130//9374 2129//9374 2202//9374
f 233//9375 1903//9375 1898//9375
f 665//9376 751//9376 750//9376
f 1167//9377 1254//9377 999//9377
f 2211//9378 2212//9378 2213//9378
f 2215//9379 2216//9379 2217//9379
f 3867//1595 593//1597 590//9380
f 2220//9381 221//9381 220//9381
f 823//9382 824//9382 948//9382
f 3225//9383 3220//9383 3227//9383
f 266//9384 204//9384 455//9384
f 3882//9385 2108//9385 2107//9385
f 2221//9386 2222//9386 3519//9386
f 2223//9387 2224//9387 2225//9387
f 2207//9388 2125//9388 2124//9388
f 673//9389 674//9389 3869//9389
f 817//9390 1000//9390 996//9390
f 2227//9391 2228//9391 2146//9391
f 1947//9392 1948//9392 646//9392
f 3900//9393 2135//9393 17//9393
f 2229//9394 1635//9394 1638//9394
f 1679//9395 1613//9395 1618//9395
f 1637//9396 2231//9396 2232//9396
f 2233//9397 2234//9397 1617//9397
f 2231//9398 2235//9398 2236//9398
f 1381//9399 1638//9399 2238//9399
f 3586//1899 2241//9400 2242//1900
f 1630//9401 2234//9401 2233//9401
f 1681//9402 1626//9402 472//9402
f 1408//9403 1407//9403 2243//9403
f 3236//9404 3239//9404 3238//9404
f 3232//9405 3241//9405 3240//9405
f 1637//9406 2230//9406 2238//9406
f 3237//9407 3238//9407 3233//9407
f 1409//9408 1408//9408 1634//9408
f 1380//9409 1383//9409 2247//9409
f 1628//9410 2248//9410 2245//9410
f 2249//9411 1623//9411 1622//9411
f 1632//9412 1634//9412 1408//9412
f 2248//9413 1628//9413 1631//9413
f 2235//9414 2231//9414 1637//9414
f 3245//9415 3246//9415 3199//9415
f 631//9416 2070//9416 2071//9416
f 515//9417 167//9417 52//9417
f 782//9418 781//9418 2251//9418
f 2253//9419 2254//9419 2255//9419
f 397//9420 281//9420 459//9420
f 1456//9421 2039//9421 2040//9421
f 2040//9422 2041//9422 2036//9422
f 1401//9423 2112//9423 2111//9423
f 2041//9424 2040//9424 1970//9424
f 1535//9425 121//9425 414//9425
f 1586//9426 1587//9426 2080//9426
f 2256//9427 983//9427 1132//9427
f 1700//9428 1699//1035 3918//1037
f 3815//9429 1896//9429 1686//9429
f 1263//9430 2256//9430 1886//9430
f 598//9431 1841//9431 844//9431
f 2257//9432 2258//9432 2259//9432
f 2258//9433 2261//9434 2262//9435
f 2259//1940 2262//1939 2263//9436
f 2260//9437 2259//9437 2216//9437
f 1967//9438 1971//9438 1970//9438
f 2212//9439 1964//9439 1963//9439
f 922//9440 921//9440 2218//9440
f 1312//9441 1098//9441 1101//9441
f 1307//9442 1306//9442 1286//9442
f 1548//9443 1569//9443 1546//9443
f 2266//9444 2267//9444 2268//9444
f 2265//9445 2268//9445 2270//9445
f 2272//9446 2265//9446 2269//9446
f 2273//9447 2266//9447 2265//9447
f 2275//9448 2276//9448 2277//9448
f 2278//9449 2274//9449 2277//9449
f 2284//9450 2285//9450 3617//9450
f 2287//9451 2283//9451 2286//9451
f 2288//9452 2289//9452 2283//9452
f 2290//9453 2284//9453 3639//9453
f 2291//9454 2292//9454 2293//9454
f 2295//9455 2291//9455 2294//9455
f 2296//9456 2297//9456 2291//9456
f 2297//9457 2298//9458 2292//9459
f 2294//9460 2293//9460 2299//9460
f 2279//9461 2294//9461 2300//9461
f 2298//9462 2301//9462 2302//9462
f 2292//9463 2302//9463 2303//9463
f 2293//9464 2303//9464 2304//9464
f 2304//9465 2305//9465 2306//9465
f 2308//9466 2309//9466 2310//9466
f 2302//9467 2307//9467 2310//9467
f 2301//9468 2311//9468 2307//9468
f 2312//9469 2308//9469 2307//9469
f 2313//9470 2314//9470 2315//9470
f 2318//9471 2319//9471 2320//9471
f 3748//4767 3771//4766 2322//9472
f 2324//9473 2325//9473 2273//9473
f 2313//9474 2324//1979 2326//1981
f 2328//9475 2324//9475 2313//9475
f 2329//9476 2325//9476 2324//9476
f 2331//1996 2332//1998 2333//9477
f 2330//9478 2333//9478 2267//9478
f 2325//1987 2330//9479 2266//1988
f 2329//9480 2331//9480 2330//9480
f 2333//9481 2334//9481 2335//9481
f 2336//9482 2334//9482 2333//9482
f 2338//1993 2336//9483 2332//1994
f 2331//9484 2339//9484 2337//9484
f 2329//2002 2340//2001 2339//9485
f 2328//9486 2341//9486 2340//9486
f 2316//9487 2342//9487 2341//9487
f 2342//9488 2316//9488 2315//9488
f 2344//2012 2345//2011 2346//9489
f 2341//2006 2344//9490 2347//2007
f 2342//9491 2348//9491 2344//9491
f 2348//9492 2349//9492 2345//9492
f 2350//9493 2351//9494 2352//9495
f 2339//9496 2350//9496 2353//9496
f 2340//9497 2347//9497 2350//9497
f 2347//9498 2346//9498 2351//9498
f 2337//9499 2353//9499 2354//9499
f 2353//9500 2352//9500 2355//9500
f 2356//9501 2277//9501 2276//9501
f 2356//9502 2357//9502 2358//9502
f 2356//9503 2359//9503 2296//9503
f 2279//9504 2277//9504 2356//9504
f 2360//9505 2361//9505 2270//9505
f 2267//9506 2335//9506 2360//9506
f 2362//2025 2363//9507 2364//2026
f 2362//9508 2365//9508 2361//9508
f 2366//9509 2362//9509 2358//9509
f 2366//2030 2367//9510 2363//2031
f 2357//9511 2276//9511 2368//9511
f 2366//2034 2368//9512 2369//2035
f 2276//2037 2275//9513 2370//2038
f 2368//9514 2370//9514 2282//9514
f 2372//9515 2373//9515 2374//9515
f 2375//9516 2376//9516 2377//9516
f 2378//2043 2379//9517 2380//2043
f 2382//2048 2378//2047 2381//9518
f 2384//9519 2385//9519 2378//9519
f 2385//9520 2386//9520 2379//9520
f 2388//9521 2389//9521 2390//9521
f 2387//9522 2390//9523 2392//9524
f 2393//2052 2394//9525 2387//2053
f 2394//9526 2395//9526 2388//9526
f 2186//2056 2401//9527 2402//2057
f 2403//9528 2404//9528 2327//9528
f 2272//9529 2403//2059 2326//2061
f 2271//9530 2405//2064 2403//2066
f 2405//9531 2406//9531 2404//9531
f 2404//9532 2407//9532 2408//9532
f 2409//9533 2410//9533 2411//9533
f 2409//9534 2412//9534 2271//9534
f 2413//9535 2409//9535 2269//9535
f 2413//9536 2414//9536 2410//9536
f 2417//9537 2415//9537 2416//9537
f 2417//2072 2418//2074 2406//9538
f 2412//9539 2417//9539 2405//9539
f 2411//9540 2415//9540 2417//9540
f 2406//9541 2419//9541 2407//9541
f 3569//9542 3520//9542 632//9542
f 2420//9543 2398//9543 2397//9543
f 2420//9544 2421//9544 2423//9544
f 2424//9545 2420//9545 2422//9545
f 2424//9546 2399//9546 2398//9546
f 2425//9547 2391//9547 2392//9547
f 2421//9548 2425//9548 2426//9548
f 2397//9549 2396//9549 2425//9549
f 2396//9550 2393//9550 2391//9550
f 2427//9551 2314//9551 2408//9551
f 2430//9552 2427//9552 2428//9552
f 2343//9553 2315//9553 2427//9553
f 2432//3535 2343//3534 2430//9554
f 2431//9555 2430//9555 2429//9555
f 2435//2097 2431//2096 2433//9556
f 2436//9557 2432//9557 2431//9557
f 2428//9558 2408//9558 2407//9558
f 2422//9559 2437//9559 2407//9559
f 2438//9560 2437//9560 2422//9560
f 2429//9561 2428//9561 2437//9561
f 2440//9562 2434//9562 2433//9562
f 2441//9563 2439//9563 2433//9563
f 2442//9564 2443//9564 2439//9564
f 2443//9565 2444//2303 2440//2305
f 2445//9566 2446//9566 2444//9566
f 2447//9567 2445//9567 2443//9567
f 2383//9568 2381//9568 2445//9568
f 2381//9569 2380//9569 2446//9569
f 2448//9570 2438//9570 2423//9570
f 2449//9571 2448//9571 2426//9571
f 2441//9572 2448//9572 2449//9572
f 2441//9573 2429//9573 2438//9573
f 2449//9574 2392//9524 2390//9523
f 2450//9575 2390//9575 2389//9575
f 2447//9576 2450//9576 2451//9576
f 2442//9577 2449//9577 2450//9577
f 2451//2118 2389//9578 2453//2119
f 2452//9579 2453//9579 2455//9579
f 2382//9580 2452//9580 2454//9580
f 2383//9581 2451//9581 2452//9581
f 2456//9582 2457//2319 2373//2321
f 2459//9583 2460//9583 2461//9583
f 2463//2149 2464//2148 2465//9584
f 2462//9585 2465//9585 2285//9585
f 2466//9586 2462//9586 2284//9586
f 2467//9587 2463//9587 2462//9587
f 2461//9588 2460//9588 3703//9588
f 2468//9589 2469//9589 2470//9589
f 2472//9590 2468//2131 2471//2133
f 2474//9591 2461//9591 3701//9591
f 2475//9592 2476//9592 2477//9592
f 2458//9593 2455//9593 2453//9593
f 2479//9594 2453//9594 2389//9594
f 2395//2139 2480//9595 2479//2140
f 2480//2142 2459//9596 2458//2143
f 2481//9597 2482//3372 2483//3374
f 2484//9598 113//9598 2485//9598
f 2471//9599 2470//9599 2464//9599
f 2473//9600 2471//9600 2463//9600
f 2487//9601 2467//9601 2466//9601
f 2486//9602 2466//9602 2290//9602
f 2490//9603 2486//9603 2488//9603
f 2491//2154 2487//9604 2486//2155
f 2492//9605 2473//9605 2467//9605
f 2493//9606 2492//9606 2487//9606
f 2494//9607 2495//9607 2492//9607
f 2495//9608 2472//9608 2473//9608
f 3690//9609 2496//9609 2474//9609
f 3691//9610 2497//9610 2496//9610
f 2498//9611 2494//9611 2493//9611
f 2500//9612 2498//9612 2499//9612
f 3700//9613 3687//9613 2498//9613
f 3687//9614 3691//9614 2494//9614
f 2306//9615 2504//9615 2278//9615
f 2305//9616 2505//9616 2504//9616
f 2504//9617 2505//9617 2507//9617
f 2506//9618 2507//9618 2288//9618
f 2274//9619 2506//9619 2508//9619
f 2278//9620 2504//9620 2506//9620
f 3633//9621 3632//9621 2489//9621
f 3620//9622 3633//9622 2488//9622
f 2507//9623 2509//9623 2289//9623
f 2505//9624 2510//9624 2509//9624
f 2508//9625 2288//9625 2287//9625
f 2511//9626 2287//9626 2281//9626
f 2370//9627 2511//9627 2280//9627
f 2275//9628 2508//9628 2511//9628
f 2512//9629 2490//9629 2489//9629
f 2514//9630 2512//2188 2513//9631
f 2517//2186 2512//2188 2514//9630
f 2517//9632 2491//9632 2490//9632
f 2499//9633 2493//9633 2491//9633
f 2499//2190 2517//9634 2516//2191
f 2510//9635 2505//9635 2519//9635
f 2518//9636 2519//9636 2521//9636
f 3616//9637 2518//9637 2520//9637
f 3632//9638 2510//2193 2518//2195
f 2522//9639 2304//9639 2303//9639
f 2523//9640 2522//9640 2310//9640
f 2305//9641 2304//9641 2522//9641
f 2524//9642 2522//9642 2523//9642
f 2519//9643 2524//9643 2525//9643
f 2505//9644 2305//2201 2524//2203
f 2308//9645 2312//9645 2527//9645
f 2526//9646 2527//9646 2529//9646
f 2531//9647 2526//9647 2528//9647
f 2309//9648 2308//9648 2526//9648
f 1214//2211 2532//9649 2151//2212
f 2419//9650 2406//9650 2418//9650
f 2533//9651 2345//9651 2349//9651
f 2534//9652 2533//9652 2317//9652
f 2535//9653 2536//9653 2533//9653
f 2536//9654 2346//9654 2345//9654
f 2537//9655 2351//9655 2346//9655
f 2538//9656 2537//9656 2536//9656
f 2539//9657 2540//9657 2537//9657
f 2540//9658 2352//9495 2351//9494
f 2312//2225 2355//9659 2541//2226
f 2527//9660 2541//4379 2542//4381
f 2543//2229 2435//9661 2434//2230
f 2545//9662 2543//9662 2544//9662
f 2319//9663 2318//9663 2543//9663
f 2318//2234 2436//9664 2435//2235
f 2514//9665 2515//9665 2548//9665
f 2547//9666 2548//9666 2550//9666
f 2552//9667 2547//9667 2549//9667
f 2552//9668 2516//9668 2514//9668
f 2520//9669 2521//9669 2554//9669
f 2553//9670 2554//9670 2556//9670
f 3590//9671 2553//9671 2555//9671
f 3621//9672 2520//2241 2553//2243
f 2523//9673 2309//9673 2531//9673
f 2557//9674 2531//9674 2530//9674
f 2525//9675 2523//9675 2557//9675
f 2559//9676 2557//9676 2558//9676
f 2554//9677 2559//9677 2560//9677
f 2521//9678 2525//9678 2559//9678
f 2561//9679 2375//9679 2007//9679
f 2376//9680 2562//9680 2225//9680
f 2564//9681 2565//9681 2566//9681
f 2563//9682 2566//9682 338//9682
f 2569//9683 2563//9683 2567//9683
f 2570//9684 2564//2255 2563//2257
f 2572//9685 2573//2274 2574//2275
f 2571//9686 2574//2271 2576//2273
f 2544//9687 2571//2262 2575//2264
f 2544//9688 2434//9689 2572//9690
f 2578//9691 2570//9691 2569//9691
f 2579//9692 2577//9693 2569//9694
f 2574//9695 2577//9693 2579//9692
f 2573//2274 2578//2267 2577//2269
f 2581//9696 2582//9696 2583//9696
f 2584//9697 2580//9697 2583//9697
f 3697//9698 3675//9698 2580//9698
f 3676//9699 2581//9699 2580//9699
f 2582//9700 2516//9700 2552//9700
f 2583//9701 2552//9701 2551//9701
f 2500//9702 2501//9702 2589//9702
f 2590//9703 2588//9703 2589//9703
f 3693//9704 3695//9704 2588//9704
f 3695//9705 3700//9705 2500//9705
f 2501//9706 2516//9706 2591//9706
f 2592//2287 2593//2287 2594//2287
f 2386//9707 2385//9707 2503//9707
f 2596//9708 2379//9708 2386//9708
f 2596//9709 2374//9709 2373//9709
f 2599//2292 2596//2293 2597//2293
f 2599//9710 2380//9710 2379//9710
f 2600//2295 2446//9711 2380//2296
f 2600//9712 2599//9712 2598//9712
f 2603//9713 2600//9713 2601//9713
f 2603//9714 2444//9714 2446//9714
f 2604//9715 2603//9715 2602//9715
f 2440//9716 2604//9716 2605//9716
f 2444//9717 2603//9717 2604//9717
f 2606//9718 2582//9718 2581//9718
f 2606//9719 2607//9719 2590//9719
f 2591//9720 2516//9720 2582//9720
f 3676//9721 2587//9721 2456//9721
f 3689//9722 2456//9722 2372//9722
f 2478//9723 2477//9723 2608//9723
f 2609//9724 2610//9725 2611//9726
f 2564//9727 2570//9727 2613//9727
f 2612//2317 2613//2316 2598//9728
f 2457//9729 2612//9729 2597//9729
f 2565//9730 2564//9730 2612//9730
f 2614//9731 2613//9731 2570//9731
f 2615//9732 2614//9732 2578//9732
f 2602//9733 2601//9733 2614//9733
f 2601//9734 2598//9728 2613//2316
f 2572//9690 2434//9689 2605//9735
f 2616//9736 2605//9736 2602//9736
f 2573//9737 2572//2327 2616//2329
f 1459//9738 1016//9738 1045//9738
f 1265//9739 1215//9739 1079//9739
f 1612//9740 1608//9740 1609//9740
f 2067//9741 2057//9741 2069//9741
f 1135//9742 1109//9742 1136//9742
f 1938//9743 1937//9743 2618//9743
f 95//9744 548//9744 458//9744
f 2058//9745 1607//9745 1608//9745
f 1454//9746 1469//9746 1445//9746
f 655//9747 2620//9747 1048//9747
f 722//9748 1049//9748 2621//9748
f 1131//9749 985//9749 1033//9749
f 562//9750 1481//9750 366//9750
f 1723//1791 1719//1790 1725//9751
f 1786//9752 1123//8464 1122//8464
f 267//9753 300//9753 323//9753
f 1325//9754 2034//9754 1654//9754
f 1468//9755 1165//9755 1435//9755
f 658//2354 657//9756 529//2355
f 8//9757 532//9757 247//9757
f 382//9758 1557//9758 1559//9758
f 788//9759 619//9759 1307//9759
f 940//9760 930//9760 929//9760
f 911//9761 2622//9761 2623//9761
f 2621//9762 2620//9762 655//9762
f 2624//9763 1857//9763 2625//9763
f 998//9764 1846//9764 27//9764
f 635//9765 638//9765 2626//9765
f 2627//9766 641//9766 644//9766
f 2628//9767 2627//9767 1840//9767
f 1200//9768 1199//9768 2627//9768
f 1199//9769 1773//9769 641//9769
f 1520//9770 515//9770 49//9770
f 1452//9771 1350//9771 1349//9771
f 2630//9772 2631//9772 1859//9772
f 644//9773 643//9773 1335//9773
f 1197//9774 1198//9774 717//9774
f 2632//9775 717//9775 719//9775
f 2628//9776 2632//9776 1166//9776
f 2629//9777 1197//9777 2632//9777
f 1762//9778 2633//9778 1050//9778
f 1823//9779 870//9779 873//9779
f 2634//9780 2635//9780 794//9780
f 1042//9781 794//9781 2635//9781
f 93//9782 94//9782 1901//9782
f 2036//2386 2038//9783 1458//2387
f 1527//9784 332//9784 1525//9784
f 877//9785 876//9785 1274//9785
f 134//9786 409//9786 797//9786
f 1328//9787 893//9787 931//9787
f 607//9788 777//9788 1091//9788
f 1043//9789 2635//9789 2637//9789
f 2636//9790 2637//9790 2639//9790
f 1275//9791 2636//9791 2638//9791
f 1275//2397 1040//9792 1043//2398
f 1272//9793 2624//9793 2626//9793
f 2640//9794 2626//9794 638//9794
f 1110//9795 2641//9795 2640//9795
f 536//2403 1272//9796 2640//2404
f 1472//9797 708//9797 1474//9797
f 2042//9798 2030//9798 1951//9798
f 1058//9799 1106//9799 1105//9799
f 2642//9800 2623//9800 2643//9800
f 1192//9801 2642//2409 2644//2411
f 912//9802 2623//9802 2642//9802
f 3898//9803 1657//9803 3526//9803
f 1049//9804 1048//9804 2620//9804
f 616//9805 1829//9805 1885//9805
f 1331//9806 1913//9806 666//9806
f 990//9807 989//9807 1198//9807
f 1911//9808 1912//9808 321//9808
f 1298//9809 1282//9809 1205//9809
f 76//9810 1490//9810 1504//9810
f 1502//9811 1500//9811 421//9811
f 610//9812 609//9812 658//9812
f 1146//9813 937//9813 659//9813
f 2646//9814 911//9814 914//9814
f 1280//9815 1239//9815 1238//9815
f 1453//9816 1454//9816 1452//9816
f 835//9817 942//9817 1843//9817
f 1271//9818 1270//9818 1173//9818
f 1893//9819 1878//9819 1826//9819
f 1050//9820 2633//9820 1937//9820
f 2651//9821 2652//9821 814//9821
f 1006//9822 1053//9822 1281//9822
f 2653//9823 1084//9823 2654//9823
f 1001//2439 1004//9824 1003//2440
f 585//9825 997//9825 679//9825
f 2624//9826 1272//9826 621//9826
f 555//9827 678//9827 2028//9827
f 1207//9828 526//9828 1197//9828
f 1626//9829 1627//9829 478//9829
f 426//9830 389//9830 419//9830
f 1030//9831 1193//9831 1773//9831
f 3898//9832 645//9832 634//9832
f 534//9833 1533//9833 138//9833
f 1125//2455 1092//9834 1042//2456
f 333//9835 228//9835 88//9835
f 569//9836 1570//9836 561//9836
f 1489//9837 2656//9837 871//9837
f 1857//9838 2624//9838 620//9838
f 1673//9839 1674//9839 3770//9839
f 622//9840 861//9840 864//9840
f 619//9841 788//9841 891//9841
f 261//9842 544//9842 545//9842
f 393//9843 1555//9843 1556//9843
f 2658//9844 2659//9844 2647//9844
f 1075//9845 2658//9845 2657//9845
f 1081//9846 1080//9846 2658//9846
f 1080//9847 1139//9847 2659//9847
f 2644//9848 2643//2597 1141//2599
f 2660//9849 1141//9849 1140//9849
f 642//9850 2660//9850 1336//9850
f 1193//9851 2644//9851 2660//9851
f 679//9852 678//9852 555//9852
f 1503//9853 1501//9853 1500//9853
f 1318//9854 1317//9854 1101//9854
f 2661//9855 2659//9855 1139//9855
f 2661//9856 1142//9856 2663//9856
f 2662//9857 2647//9857 2659//9857
f 2662//9858 2663//9858 2622//9858
f 2664//9859 2622//9859 911//9859
f 2648//9860 2664//9860 2646//9860
f 2648//2487 2647//9861 2662//2482
f 2083//9862 2094//1247 2093//1249
f 1442//9863 1440//9863 1437//9863
f 519//9864 329//9864 330//9864
f 1885//2491 2029//9865 1209//2492
f 799//9866 800//9866 805//9866
f 1946//9867 1943//9867 1952//9867
f 1302//8627 1301//8626 1253//9868
f 566//9869 2005//9869 224//9869
f 1389//9870 940//9870 928//9870
f 683//9871 682//9871 681//9871
f 836//9872 835//9872 1842//9872
f 2665//9873 1842//9873 1845//9873
f 2666//2502 2665//9874 1303//2503
f 24//9875 836//9875 2665//9875
f 831//2506 1072//9876 2650//2507
f 1845//9877 1844//9877 1304//9877
f 2010//9878 2013//9878 2012//9878
f 1051//9879 1936//9879 2667//9879
f 1522//9880 1521//9880 1511//9880
f 531//9881 440//7988 441//7987
f 1250//9882 635//9882 2625//9882
f 2669//9883 2625//9883 1857//9883
f 783//9884 2669//9884 1856//9884
f 782//9885 1250//9885 2669//9885
f 720//9886 2670//9886 2671//9886
f 1055//9887 1931//9887 1930//9887
f 1333//9888 1067//9888 1251//9888
f 619//9889 622//9889 1308//9889
f 652//9890 655//9890 2619//9890
f 521//9891 522//9891 1539//9891
f 1838//9892 988//9892 537//9892
f 2672//9893 537//9893 536//9893
f 1113//9894 2672//9894 2641//9894
f 1113//9895 527//9895 1838//9895
f 1016//9896 1013//9896 1351//9896
f 3897//9897 573//9897 570//9897
f 226//9898 227//9898 104//9898
f 3564//9899 3669//9899 3827//9899
f 1036//9900 1037//9900 1884//9900
f 2674//9901 1301//9901 1304//9901
f 2673//9902 1304//9902 1844//9902
f 1334//9903 2673//9903 2675//9903
f 1333//9904 2674//9904 2673//9904
f 2676//9905 702//9905 1039//9905
f 1843//9906 2676//9906 2675//9906
f 942//9907 1074//9907 2676//9907
f 1074//9908 699//9908 702//9908
f 752//9909 1057//9909 1055//9909
f 1200//9910 1166//9910 656//9910
f 1120//9911 1846//9911 874//9911
f 2677//9912 874//9912 877//9912
f 1241//9913 2677//9913 1052//9913
f 1119//9914 1120//9914 2677//9914
f 1560//9915 1513//9915 151//9915
f 1208//9916 1316//9916 611//9916
f 215//9917 735//9917 736//9917
f 1460//9918 1459//9918 1462//9918
f 1208//9919 1207//9919 1839//9919
f 854//9920 856//9920 1282//9920
f 72//9921 445//9921 182//9921
f 544//9922 1563//9922 1565//9922
f 217//9923 200//9923 456//9923
f 2047//9924 1404//8237 930//8236
f 1204//9925 2618//9925 1937//9925
f 913//9926 777//9926 686//9926
f 840//9927 527//9927 1113//9927
f 1531//9928 729//9928 730//9928
f 2678//9929 778//9929 1283//9929
f 601//9930 667//9930 1914//9930
f 1537//9931 1538//9931 459//9931
f 1819//2572 1757//9932 3509//2573
f 991//9933 1860//9933 862//9933
f 2679//9934 711//9934 1073//9934
f 2680//9935 1830//9935 983//9935
f 779//9936 2680//9936 2256//9936
f 778//9937 2678//9937 2680//9937
f 2678//2580 2679//9938 1830//2581
f 180//9939 542//9939 245//9939
f 1886//9940 1132//9940 1131//9940
f 1138//9941 1137//9941 1274//9941
f 1841//2586 598//9942 1140//2587
f 75//9943 313//9943 314//9943
f 193//9944 423//9944 420//9944
f 2681//9945 2682//9945 1099//9945
f 170//9946 1567//9946 1565//9946
f 349//9947 416//9947 417//9947
f 1121//9948 1124//9948 2684//9948
f 547//9949 797//9949 409//9949
f 123//9950 122//9950 121//9950
f 2643//9951 2663//9951 1142//9951
f 1542//9952 1544//9952 513//9952
f 899//9953 900//9953 907//9953
f 1210//9954 677//9954 676//9954
f 791//9955 663//9955 982//9955
f 24//9956 27//9956 837//9956
f 893//9957 896//9957 932//9957
f 1860//9958 1320//9958 863//9958
f 535//9959 538//9959 862//9959
f 1569//9960 1548//9960 1547//9960
f 181//9961 455//9961 542//9961
f 660//9962 659//9962 937//9962
f 2013//9963 567//9963 568//9963
f 887//9964 890//9964 2631//9964
f 1524//9965 1508//9965 361//9965
f 520//9966 161//9966 162//9966
f 2653//9967 855//9967 854//9967
f 1238//9968 1237//9968 2655//9968
f 718//9969 1838//9969 527//9969
f 1492//9970 1493//9970 518//9970
f 792//9971 616//9971 615//9971
f 599//9972 846//9972 1835//9972
f 290//9973 457//9973 456//9973
f 312//9974 171//9974 1552//9974
f 1248//9975 2687//9975 1179//9975
f 153//9976 149//9976 177//9976
f 1240//9977 1181//9977 1222//9977
f 1257//9978 1292//9978 1235//9978
f 1291//9979 1084//9979 1083//9979
f 1052//9980 877//9980 1277//9980
f 743//9981 742//9981 2618//9981
f 444//9982 140//9982 430//9982
f 23//9983 1224//9983 1172//9983
f 2687//9984 2654//9984 1180//9984
f 102//9985 103//9985 409//9985
f 1283//9986 607//9986 610//9986
f 373//9987 497//9987 650//9987
f 1180//9988 2654//9988 1084//9988
f 855//9989 2653//9989 2655//9989
f 1173//9990 1270//9990 1917//9990
f 2689//9991 850//9991 853//9991
f 2688//9992 853//9992 1108//9992
f 2686//9993 2688//9993 1279//9993
f 2687//9994 2689//9994 2688//9994
f 2691//9995 1302//9995 1252//9995
f 2690//2647 1252//2646 850//9996
f 1248//9997 2690//9997 2689//9997
f 1248//9998 1247//9998 2691//9998
f 2692//9999 617//9999 24//9999
f 2691//10000 2692//10000 2666//10000
f 1247//10001 1258//10001 2692//10001
f 1258//10002 1168//10002 617//10002
f 394//10003 1554//10003 1555//10003
f 2693//10004 1260//10004 1259//10004
f 1072//10005 1236//10005 1262//10005
f 1257//10006 1071//10006 1168//10006
f 398//10007 439//10007 1555//10007
f 871//10008 1784//10008 1314//10008
f 1178//10009 1232//10009 1249//10009
f 1224//10010 1289//10010 1173//10010
f 1010//10011 2617//10011 2618//10011
f 1175//10012 1174//10012 1292//10012
f 2654//10013 2687//10013 2686//10013
f 2694//10014 1157//10014 1216//10014
f 71//10015 418//10015 1487//10015
f 701//10016 1112//10016 1111//10016
f 1072//10017 1261//10017 2649//10017
f 1085//10018 2695//10018 22//10018
f 895//10019 2694//10019 1264//10019
f 1601//10020 1606//10020 1605//10020
f 1259//10021 1262//10021 1271//10021
f 21//10022 20//10022 1220//10022
f 988//10023 991//10023 538//10023
f 598//10024 597//10024 1336//10024
f 1050//10025 860//10025 818//10025
f 1298//10026 2645//10026 1761//10026
f 1168//10027 1167//10027 618//10027
f 858//10028 1168//10028 1256//10028
f 39//10029 242//10029 516//10029
f 2652//2688 1761//10030 819//2689
f 313//10031 316//10031 315//10031
f 2026//10032 1970//10032 1971//10032
f 2656//10033 1489//10033 596//10033
f 814//10034 819//10034 818//10034
f 2696//10035 2651//10035 813//10035
f 1260//10036 2696//10036 2649//10036
f 2693//10037 2697//10037 2696//10037
f 2697//2698 1296//10038 2651//2699
f 381//10039 355//10039 390//10039
f 3818//10040 3819//10040 1611//10040
f 1475//10041 1427//8274 1428//8273
f 1292//10042 1174//10042 1917//10042
f 1551//10043 353//10043 354//10043
f 1526//10044 1525//10044 1523//10044
f 1593//10045 1589//10045 1595//10045
f 1232//10046 1269//10046 1246//10046
f 2695//10047 2693//10047 1223//10047
f 2698//10048 1297//10048 1296//10048
f 2698//10049 2697//10049 2693//10049
f 2685//10050 2698//10050 2695//10050
f 2685//10051 854//10051 1297//10051
f 562//10052 1497//10052 271//10052
f 2652//10053 2651//10053 1296//10053
f 1365//10054 1366//10054 1364//10054
f 1958//2717 1946//10055 1953//2718
f 585//10056 588//10056 2210//10056
f 1561//10057 1560//10057 1515//10057
f 975//10058 2648//10058 1146//10058
f 347//10059 67//10059 68//10059
f 1038//10060 1111//10060 636//10060
f 2700//10061 781//10061 780//10061
f 2699//10062 780//10062 1036//10062
f 2701//10063 2699//10063 1883//10063
f 851//10064 2700//10064 2699//10064
f 2674//10065 1333//10065 2251//10065
f 2702//10066 2251//10066 781//10066
f 1253//10067 2702//10067 2700//10067
f 1301//10068 2674//10068 2702//10068
f 1519//10069 387//10069 388//10069
f 1273//10070 1239//10070 1280//10070
f 2703//10071 1280//10071 1107//10071
f 2701//10072 2703//10072 852//10072
f 1829//10073 1273//10073 2703//10073
f 91//10074 260//10074 326//10074
f 1784//10075 871//10075 2656//10075
f 2683//10076 2684//10076 2705//10076
f 604//2743 1894//10077 3499//2744
f 1669//10078 3534//10078 3548//10078
f 2062//10079 2063//10079 2060//10079
f 621//10080 535//10080 861//10080
f 2023//10081 731//10081 732//10081
f 686//2750 779//10082 1263//2751
f 857//10083 1051//10083 2668//10083
f 883//10084 830//10084 882//10084
f 637//10085 636//10085 1111//10085
f 2668//10086 894//10086 893//10086
f 2667//10087 921//10087 894//10087
f 1039//10088 1038//10088 1068//10088
f 313//10089 75//10089 1504//10089
f 1911//1486 1972//1485 305//10090
f 1936//10091 2706//10091 1964//10091
f 2707//10092 2402//10092 2401//10092
f 2708//10093 2707//10093 2183//10093
f 738//2764 2163//10094 2116//2765
f 2349//10095 2348//10095 2432//10095
f 2711//10096 2712//10096 2020//10096
f 2400//10097 2711//10097 2019//10097
f 2714//10098 2715//10098 2716//10098
f 2717//10099 2718//10099 2719//10099
f 2721//10100 2722//10100 2723//10100
f 2726//10101 2727//10101 2728//10101
f 2725//10102 2728//10102 2730//10102
f 2731//10103 2725//10103 2729//10103
f 2732//10104 2726//10104 2725//10104
f 2734//10105 2735//10105 2736//10105
f 2738//10106 2739//10106 2740//10106
f 2737//10107 2740//10107 2741//10107
f 2744//10108 2745//10108 2746//10108
f 2745//10109 2744//10109 2748//10109
f 2749//10110 2750//10110 2747//10110
f 2753//10111 2749//10111 2751//10111
f 2250//10112 1380//10112 2246//10112
f 2754//10113 1396//10113 1614//10113
f 3598//10114 2754//10114 2755//10114
f 3608//10115 2745//10115 2747//10115
f 1617//10116 2756//10116 2755//10116
f 2242//2985 2758//2984 1620//10117
f 2191//10118 2085//10118 2760//10118
f 2761//10119 2759//10119 2760//10119
f 3648//10120 2759//10120 2761//10120
f 3623//3572 2191//3571 2759//10121
f 3209//10122 3248//10122 3223//10122
f 1395//10123 1394//10123 2236//10123
f 1395//10124 2235//10124 1636//10124
f 1616//10125 1635//10125 2229//10125
f 1617//10126 2234//10126 2763//10126
f 2756//10127 2763//10127 3628//10127
f 2765//10128 2763//10128 2234//10128
f 2766//10129 2764//10129 3628//10129
f 3202//10130 3199//10130 3246//10130
f 1516//10131 437//10131 435//10131
f 2768//10132 2769//10132 3552//10132
f 1495//2807 541//10133 578//2808
f 2135//4808 2136//4807 28//10134
f 3526//10135 3540//10135 2773//10135
f 1690//10136 1689//10136 3926//10136
f 2778//10137 2779//10137 2780//10137
f 2777//10138 2780//10138 2781//10138
f 2784//10139 2778//10139 2777//10139
f 3555//2818 3521//10140 575//2819
f 1494//10141 1904//10141 9//10141
f 3529//10142 2016//10142 2015//10142
f 451//10143 61//10143 505//10143
f 2786//10144 2787//10144 2788//10144
f 2779//10145 2786//10145 2785//10145
f 2789//10146 2752//10146 2741//10146
f 2790//10147 2753//10147 2752//10147
f 2792//10148 2793//10148 2794//10148
f 2793//10149 2795//10149 2796//10149
f 2796//10150 2797//10150 2750//10150
f 2794//10151 2796//10151 2749//10151
f 2798//10152 1393//10152 1396//10152
f 3591//10153 2798//10153 2754//10153
f 2798//10154 2799//10154 2800//10154
f 3591//10155 3662//10155 2799//10155
f 2797//10156 2796//10156 2795//10156
f 2791//10157 2794//10157 2753//10157
f 216//10158 233//10158 232//10158
f 3804//10159 2806//10159 2807//10159
f 3805//2840 2809//10160 2804//2841
f 2769//10161 2810//10161 3557//10161
f 183//10162 185//10162 184//10162
f 2811//10163 2812//10163 2775//10163
f 2804//10164 2811//10164 2776//10164
f 2809//10165 2813//10165 2811//10165
f 2812//10166 2811//10166 2813//10166
f 3805//2849 2808//10167 2816//2850
f 3796//2861 2818//10168 2815//10169
f 3798//10170 3800//10170 2820//10170
f 3793//10171 2823//10171 2819//10171
f 2824//10172 2736//10172 2735//10172
f 2823//10173 2825//10173 2824//10173
f 2825//10174 2823//10174 2826//10174
f 3793//10175 2822//10175 2827//10175
f 3796//2852 2817//10176 2826//10177
f 2713//10178 2716//10178 2829//10178
f 2828//2865 2829//10179 2831//2866
f 2822//10180 2821//10180 2828//10180
f 2821//10181 2820//10181 2713//10181
f 2832//10182 2827//10182 2822//10182
f 2833//10183 2832//10183 2830//10183
f 2834//10184 2835//10184 2832//10184
f 2835//10185 2818//10185 2827//10185
f 2837//10186 2838//10186 2839//10186
f 2836//10187 2839//10187 2841//10187
f 2842//10188 2836//2875 2840//2877
f 2843//10189 2837//10189 2836//10189
f 2840//10190 2841//10190 2845//10190
f 2718//10191 2844//10191 2845//10191
f 2730//10192 2728//10192 2844//10192
f 2727//10193 2840//10193 2844//10193
f 2846//10194 2845//10194 2841//10194
f 2829//10195 2846//10195 2847//10195
f 2847//10196 2841//10196 2839//10196
f 2848//10197 2839//10197 2838//10197
f 2833//10198 2848//10198 2849//10198
f 2831//2891 2847//10199 2848//2892
f 2850//10200 2814//10200 2851//10200
f 2853//10201 2850//10201 2852//10201
f 2783//10202 2777//2814 2782//2816
f 2785//10203 2788//10203 2853//10203
f 2780//10204 2785//10204 2856//10204
f 2857//10205 2858//10205 2855//10205
f 2859//2902 2857//10206 2782//2903
f 2861//10207 2843//10207 2842//10207
f 2860//10208 2842//10208 2727//10208
f 2862//10209 2860//10209 2726//10209
f 2863//10210 2861//10210 2860//10210
f 2861//10211 2863//10211 2858//10211
f 2843//10212 2861//10212 2857//10212
f 2856//2899 2853//2898 2854//10213
f 2781//2912 2856//10214 2864//2913
f 2837//10215 2843//10215 2859//10215
f 2838//10216 2837//10216 2864//10216
f 2852//10217 2851//10217 2834//10217
f 2854//10218 2852//10218 2849//10218
f 2865//10219 2815//10219 2818//10219
f 2851//10220 2865//10220 2835//10220
f 2813//10221 2809//10221 2815//10221
f 2814//10222 2813//10222 2865//10222
f 2866//10223 2812//10223 2814//10223
f 2788//10224 2866//10225 2850//10226
f 2866//10225 2788//10224 2787//10227
f 2812//10228 2866//10228 2867//10228
f 1892//10229 1889//10229 1890//10229
f 2720//10230 2719//10230 2846//10230
f 298//10231 299//10231 256//10231
f 2872//10232 2714//10232 2713//10232
f 3794//2931 3800//10233 2735//2932
f 2729//10234 2730//10234 2874//10234
f 2846//10235 2716//10235 2715//10235
f 2876//10236 2877//10236 2878//10236
f 2733//2937 2875//10237 2878//2938
f 3806//10238 3807//10238 2879//10238
f 3806//10239 2880//10239 2872//10239
f 2882//10240 2883//10240 2884//10240
f 2881//10241 2884//10241 2715//10241
f 2880//10242 2881//10242 2714//10242
f 2879//10243 2882//10243 2881//10243
f 2885//2946 2886//10244 2887//2947
f 2888//10245 2889//10245 2890//10245
f 2885//2950 2890//10246 2892//2951
f 2893//10247 2886//10247 2885//10247
f 1942//10248 2151//10248 2532//10248
f 2895//10249 2892//10249 2720//10249
f 2884//10250 2895//10250 2870//10250
f 2883//10251 2896//10251 2895//10251
f 2896//10252 2891//10252 2892//10252
f 2889//10253 2874//10253 2717//10253
f 2890//10254 2717//10254 2720//10254
f 2897//10255 2893//10255 2891//10255
f 2898//2962 2897//10256 2896//2963
f 2899//10257 2898//10257 2883//10257
f 2900//10258 2899//10258 2882//10258
f 3797//10259 2900//10259 2879//10259
f 2876//10260 2902//10260 2901//10260
f 2901//10261 2902//10261 2904//10261
f 1785//10262 2656//10262 1835//10262
f 2905//10263 2906//10263 2899//10263
f 2907//10264 2908//10264 2897//10264
f 3797//10265 2901//10265 2903//10265
f 632//10266 576//10266 577//10266
f 3532//10267 3547//10267 2867//10267
f 434//10268 385//10268 550//10268
f 2768//10269 2770//10269 3640//10269
f 2910//10270 2911//10270 1623//10270
f 2241//10271 2912//10271 2758//10271
f 3640//10272 2770//10272 2913//10272
f 1623//2987 2911//10273 2757//2988
f 3587//10274 2242//10274 2757//10274
f 2229//10275 1381//10275 1380//10275
f 2765//10276 1630//10276 1629//10276
f 2915//10277 2914//10277 1629//10277
f 3642//10278 3641//2995 2914//2997
f 3641//10279 3622//10279 2765//10279
f 2919//10280 2916//10280 3642//10280
f 2918//2999 2915//10281 2912//3000
f 3614//10282 2918//10282 2241//10282
f 3618//10283 2919//10283 3613//10283
f 3541//10284 2177//10284 2180//10284
f 3521//10285 2002//10285 2188//10285
f 3705//10286 3573//10286 714//10286
f 2925//10287 2766//10287 2917//10287
f 2924//10288 2917//10288 2916//10288
f 3610//10289 2924//10289 2919//10289
f 3611//10290 2925//10290 2924//10290
f 2926//3011 2927//10291 2766//3012
f 3658//10292 2926//10292 2925//10292
f 1715//10293 1713//10293 1705//10293
f 785//10294 497//10294 498//10294
f 1387//10295 651//10295 565//10295
f 374//1835 375//3853 1899//3018
f 3573//10296 2203//10296 2206//10296
f 2929//10297 2930//10297 2886//10297
f 2932//10298 2933//10298 2934//10298
f 1905//3022 1906//10299 1908//3023
f 2930//10300 2935//10300 2936//10300
f 2938//10301 2935//10301 2930//10301
f 1493//10302 369//10302 517//10302
f 1603//10303 1585//10303 1586//10303
f 2939//10304 2938//10304 2929//10304
f 2940//10305 2939//10305 2908//10305
f 3665//3031 1707//10306 1600//3032
f 2886//10307 2930//10307 2937//10307
f 2906//10308 2907//10308 2898//10308
f 2908//10309 2929//10309 2893//10309
f 2942//10310 2934//10310 2933//10310
f 2941//3038 2933//10311 2937//3039
f 3501//10312 2941//10312 2936//10312
f 3498//10313 2942//10313 2941//10313
f 2943//10314 2944//10314 2710//10314
f 2943//10315 2873//10315 2874//10315
f 2945//10316 2943//10316 2889//10316
f 2946//10317 2944//10317 2943//10317
f 2932//10318 2945//10318 2888//10318
f 2931//10319 2946//10319 2945//10319
f 727//10320 1928//10320 1929//10320
f 2903//10321 2904//10321 2947//10321
f 545//173 594//175 42//10322
f 1480//10323 1570//10323 533//10323
f 2907//10324 2906//10324 2949//10324
f 2906//10325 2905//10325 2950//10325
f 1558//10326 452//10326 215//10326
f 3799//10327 2903//10327 2948//10327
f 2054//10328 1645//10328 1644//10328
f 3705//10329 3684//10329 2203//10329
f 1828//10330 1837//10330 1849//10330
f 2953//10331 2954//10331 2955//10331
f 2952//3062 2955//10332 2957//3063
f 2956//10333 2261//9434 2258//9433
f 2953//10334 2952//10334 2258//10334
f 2454//10335 2455//10335 2474//10335
f 3747//10336 2958//10336 2959//10336
f 3747//10337 2132//10337 2131//10337
f 2961//3355 2962//3357 2963//10338
f 2958//10339 2963//10339 2964//10339
f 222//10340 221//10340 2485//10340
f 2477//10341 2226//10341 2966//10341
f 2631//10342 2561//10342 2006//10342
f 2384//10343 2454//10343 2496//10343
f 2967//10344 2968//10345 2959//10346
f 2968//10345 2967//10344 2970//10347
f 3759//10348 2033//10348 2971//10348
f 3784//10349 2971//10349 2960//10349
f 2972//10350 2971//10350 2033//10350
f 2007//10351 2377//10351 2973//10351
f 3560//10352 3559//10352 2134//10352
f 1836//10353 1833//10353 1832//10353
f 3506//3086 2188//10354 2090//3087
f 955//10355 810//10355 959//10355
f 672//10356 675//10356 674//10356
f 633//10357 710//10357 713//10357
f 2024//10358 732//10358 733//10358
f 2025//10359 2024//10359 803//10359
f 425//10360 1552//10360 1550//10360
f 2975//10361 2976//10361 888//10361
f 1319//10362 1158//10362 1157//10362
f 1212//10363 1935//10363 2977//10363
f 889//10364 957//3200 2228//3202
f 1978//10365 1974//10365 1975//10365
f 1138//10366 1078//10366 1329//10366
f 751//10367 665//10367 2979//10367
f 1619//10368 1613//10368 1625//10368
f 2252//10369 2255//10370 1728//10371
f 1157//10372 1160//10372 845//10372
f 2706//10373 1936//10373 1938//10373
f 2980//10374 2255//10374 2254//10374
f 2982//10375 2975//10375 887//10375
f 802//10376 712//10376 711//10376
f 678//10377 677//10377 2029//10377
f 527//10378 840//10378 690//10378
f 1839//10379 1207//10379 2629//10379
f 2983//3114 2984//10380 602//2570
f 2983//10381 1914//10381 1913//10381
f 2985//10382 2983//10382 1331//10382
f 2986//10383 2984//10383 2983//10383
f 2987//10384 2637//10384 2635//10384
f 2985//10385 2988//10385 2639//10385
f 2990//10386 1319//10386 1318//10386
f 2991//10387 2992//10387 2993//10387
f 2995//10388 2991//10388 2994//10388
f 1106//3123 1058//10389 2991//3124
f 1058//10390 1057//10390 2992//10390
f 1415//10391 1406//10391 1365//10391
f 1317//3128 922//10392 2217//3129
f 1932//10393 1728//10371 2255//10370
f 926//10394 2998//10394 2999//10394
f 3001//10395 2993//10395 2992//10395
f 3000//10396 2992//10396 1057//10396
f 2999//10397 3000//10397 2978//10397
f 2998//10398 3001//3133 3000//3135
f 3002//10399 2998//10399 2209//10399
f 3002//10400 3003//10400 2996//10400
f 2993//10401 3001//10401 3002//10401
f 1103//10402 1106//10402 2995//10402
f 3004//10403 2995//10403 2996//10403
f 2209//10404 2210//10404 3004//10404
f 588//10405 1103//10405 3004//10405
f 295//10406 296//10406 433//10406
f 2638//10407 2639//10407 2988//10407
f 3005//10408 2988//10408 1056//10408
f 1305//10409 3005//10409 1930//10409
f 1276//10410 2638//10410 3005//10410
f 1987//10411 1968//10411 1993//10411
f 2633//10412 1762//10412 1761//10412
f 1423//10413 1422//10413 1417//10413
f 3561//3155 3517//10414 739//3156
f 2671//10415 2670//10415 2704//10415
f 1473//10416 1872//10416 2035//10416
f 922//10417 1317//10417 2694//10417
f 1401//10418 1400//10418 1378//10418
f 556//10419 2028//10419 1884//10419
f 842//10420 848//10420 3825//10420
f 1854//10421 2706//10421 2617//10421
f 933//10422 1082//10422 1081//10422
f 1440//10423 1441//10423 1436//10423
f 529//10424 657//10424 719//10424
f 1031//10425 1025//10425 1027//10425
f 777//10426 913//10426 912//10426
f 2645//10427 1205//10427 1204//10427
f 441//10428 438//10428 1538//10428
f 790//10429 1287//10429 587//10429
f 2065//10430 2066//10430 1610//10430
f 1860//10431 991//10431 990//10431
f 60//10432 106//10432 87//10432
f 1424//10433 1017//10433 1948//10433
f 332//10434 1527//10434 1507//10434
f 261//10435 262//2454 138//2453
f 187//10436 188//10436 449//10436
f 1719//10437 1720//10437 1726//10437
f 1931//10438 1055//10438 1059//10438
f 3006//3187 1059//10439 1105//3188
f 1287//3193 3006//3192 1104//10440
f 1286//10441 1931//10441 3006//10441
f 3007//10442 3008//10442 3009//10442
f 3009//10443 3008//10443 653//10443
f 618//10444 999//10444 26//10444
f 2029//10445 677//10445 1210//10445
f 957//10446 601//10446 600//10446
f 1049//10447 2146//10448 2228//10449
f 2631//10450 890//10450 3011//10450
f 890//10451 889//10451 2227//10451
f 3011//10452 2227//10452 2145//10452
f 2561//10453 3011//10453 3012//10453
f 1026//10454 656//10454 609//10454
f 2706//10455 1854//10455 1961//10455
f 3013//10456 2965//10456 2485//10456
f 2148//10457 2147//10457 1267//10457
f 3015//10458 1267//10458 1266//10458
f 2997//10459 2264//10459 1101//10459
f 642//10460 641//10460 1773//10460
f 186//10461 477//10461 461//10461
f 1041//10462 1040//10462 1320//10462
f 1121//10463 3016//3251 3017//3253
f 2984//10464 2986//10464 2987//10464
f 3018//10465 2987//10465 2634//10465
f 1048//10466 603//10466 3018//10466
f 603//10467 602//10467 2984//10467
f 2679//10468 2678//10468 801//10468
f 2062//10469 2072//10469 2074//10469
f 2061//10470 2074//10470 2076//10470
f 414//10471 303//10471 1545//10471
f 3016//10472 1121//10472 2683//10472
f 3019//10473 2683//10473 2704//10473
f 3020//10474 3019//10474 2670//10474
f 3007//10475 3016//10475 3019//10475
f 1871//10476 1090//10476 1091//10476
f 3021//10477 1787//10477 1122//10477
f 3022//3237 3021//10478 3017//3238
f 1314//10479 3021//10479 3022//10479
f 1784//3241 1787//10480 3021//3242
f 1316//10481 1315//10481 1763//10481
f 3023//10482 3022//10482 3010//10482
f 3023//10483 3009//10483 795//10483
f 1763//3247 3023//10484 1092//3248
f 1315//10485 3022//10485 3023//10485
f 3016//10486 3007//3194 3010//3196
f 752//10487 751//10487 2978//10487
f 2986//10488 2639//10488 2637//10488
f 3024//10489 654//10489 653//10489
f 3020//10490 3024//10490 3008//10490
f 720//10491 723//10491 3024//10491
f 723//10492 2621//10492 654//10492
f 2681//10493 1098//10493 1268//10493
f 2671//10494 3025//10494 1268//10494
f 2705//10495 2681//10495 3025//10495
f 1313//3263 3026//10496 3027//3264
f 3026//10497 3028//10497 3029//10497
f 3027//10498 3029//10498 3030//10498
f 1311//10499 3027//10499 3031//10499
f 2012//10500 568//8064 731//8063
f 917//10501 2657//10501 974//10501
f 743//10502 1206//10502 856//10502
f 1888//10503 2027//10503 2030//10503
f 2682//3273 2705//3274 2684//3274
f 3032//10504 2684//10504 1124//10504
f 1100//10505 3032//10505 2989//10505
f 1099//10506 2682//10506 3032//10506
f 1123//10507 2990//10507 2989//10507
f 3033//10508 1834//10508 1159//10508
f 2990//10509 3033//10509 1158//10509
f 1123//10510 1786//10510 3033//10510
f 1786//10511 1785//10511 1834//10511
f 1054//10512 1056//10512 2988//10512
f 2979//10513 665//10513 664//10513
f 2623//10514 2622//10514 2663//10514
f 1095//10515 660//10515 688//10515
f 3034//10516 3035//10516 2261//10516
f 3036//10517 3034//10517 2956//10517
f 3037//3291 3038//3294 3034//3292
f 3038//10518 3039//10518 3035//10518
f 3040//10519 3041//10519 3026//10519
f 2263//3297 3042//10520 3041//3298
f 3042//3300 3039//10521 3043//3301
f 3041//10522 3043//10522 3028//10522
f 3044//10523 3045//10523 3043//10523
f 3046//10524 3047//10525 3045//10526
f 3047//10527 3048//10527 3049//10527
f 3043//10528 3045//10528 3049//10528
f 3038//10529 3037//10529 3051//10529
f 3050//10530 3051//10530 3053//10530
f 3052//10531 3046//10532 3044//10533
f 3039//10534 3038//10534 3050//10534
f 3054//10535 3035//10535 3039//10535
f 3042//10536 2263//10536 2262//10536
f 2261//10537 3035//10537 3054//10537
f 2216//10538 2263//10538 2997//10538
f 2212//3318 2211//10539 2667//3319
f 3056//10540 868//10540 2209//10540
f 934//10541 3057//10541 1961//10541
f 2013//10542 3755//10542 3757//10542
f 3058//10543 3059//3633 3060//10544
f 3059//10545 3062//10545 3063//10545
f 3060//3326 3063//10546 2213//3327
f 3061//10547 3060//10547 1963//10547
f 3063//10548 3064//10548 2214//10548
f 3062//10549 3065//10549 3064//10549
f 3065//10550 2257//10550 2260//10550
f 3064//3334 2260//3333 2215//10551
f 3066//10552 3067//10552 3031//10552
f 2608//10553 2966//10553 3067//10553
f 2966//10554 2562//10554 3068//10554
f 3031//10555 3067//10555 3068//10555
f 2455//10556 2458//10556 2461//10556
f 2476//10557 2223//10557 2226//10557
f 3551//10558 2090//10558 2089//10558
f 3526//10559 2774//10559 3769//10559
f 433//10560 354//10560 355//10560
f 2115//10561 1423//10561 1419//10561
f 3509//10562 2868//10562 2922//10562
f 3769//10563 3737//10563 2131//10563
f 3069//10564 2611//10564 2167//10564
f 2971//10565 2972//10565 2928//10565
f 2961//10566 2774//10566 2773//10566
f 3070//10567 2475//10567 2478//10567
f 2610//9725 2609//9724 3071//10568
f 2502//10569 2371//10569 2374//10569
f 3072//10570 2592//10570 2595//10570
f 2964//10571 3046//10532 3052//10531
f 3048//10572 2593//10572 3074//10572
f 2593//10573 2592//10573 3075//10573
f 3075//10574 3030//10574 3029//10574
f 3074//10575 3029//10575 3028//10575
f 3072//10576 3076//10576 3075//10576
f 3076//10577 3072//10577 2482//10577
f 2481//10578 2608//10578 3066//10578
f 3076//10579 3066//10579 3030//10579
f 2967//10580 3052//10580 3053//10580
f 2482//10581 3072//10581 3073//10581
f 479//10582 480//10582 493//10582
f 706//882 3900//10583 3873//3376
f 3561//10584 2194//10584 2221//10584
f 2013//10585 2010//10585 3754//10585
f 3533//10586 2032//10586 2016//10586
f 3562//10587 3519//10587 2222//10587
f 1171//10588 1154//10588 1155//10588
f 2586//10589 2566//10589 2565//10589
f 2982//10590 110//10590 113//10590
f 2562//10591 2376//10591 3077//10591
f 2376//3391 2375//10592 3012//3392
f 3012//10593 2145//10593 2148//10593
f 3077//3396 2148//3395 3015//10594
f 2963//10595 3047//10525 3046//10524
f 3051//10596 3078//10596 2970//10596
f 1683//10597 2173//10597 491//10597
f 3850//10598 2122//10598 1447//10598
f 1986//10599 2181//10599 3734//10599
f 3079//10600 3080//10600 2546//10600
f 3081//10601 3079//10601 2575//10601
f 1983//10602 1986//10602 3768//10602
f 3082//10603 2323//10603 2319//10603
f 3080//10604 3082//10604 2545//10604
f 3734//10605 3732//10605 3082//10605
f 3732//10606 3748//1976 2323//1978
f 1309//10607 1471//10607 1888//10607
f 3073//3413 2595//10608 2772//3414
f 2760//10609 3083//10609 3084//10609
f 2760//10610 2085//10610 2088//10610
f 3085//10611 3084//10611 3086//10611
f 3089//10612 3085//10612 3090//10612
f 3089//10613 2762//10613 3084//10613
f 3092//10614 3088//10614 3090//10614
f 3093//10615 2748//10615 2744//10615
f 2751//10616 2747//10616 2748//10616
f 3093//10617 2741//10617 2752//10617
f 2742//10618 2741//10618 3093//10618
f 3094//10619 3093//10619 2743//10619
f 3096//10620 3097//10620 3098//10620
f 3099//10621 3096//10621 3087//10621
f 3097//10622 3094//10622 3095//10622
f 3100//10623 2743//10623 2746//10623
f 3101//10624 2927//10624 3102//10624
f 2764//10625 2766//10625 2927//10625
f 2745//10626 2764//10626 3101//10626
f 3102//3437 3092//3439 3091//10627
f 3100//10628 3091//10628 3095//10628
f 2869//10629 2802//3542 3592//3544
f 3102//10630 3103//10630 3104//10630
f 3658//10631 2868//10631 2869//10631
f 2927//10632 2926//10632 3103//10632
f 3098//10633 3095//10633 3091//10633
f 3087//10634 3098//10634 3090//10634
f 2088//10635 2125//10635 3105//10635
f 3083//10636 3105//10636 3086//10636
f 2483//10637 3073//10637 2771//10637
f 2401//10638 2186//10638 2185//10638
f 3099//10639 3086//10639 3105//10639
f 2125//10640 2207//10640 3106//10640
f 3108//10641 2737//10641 2742//10641
f 3107//10642 2742//10642 3094//10642
f 3110//10643 3108//10643 3107//10643
f 3109//10644 3107//3451 3097//3453
f 3111//10645 3109//10645 3096//10645
f 3112//3457 3110//10646 3109//3458
f 3113//10647 2738//10647 2737//10647
f 3115//10648 2723//10648 2722//10648
f 3117//3462 3115//10649 3114//3462
f 3119//10650 3117//10650 3116//10650
f 3118//10651 3116//10651 3120//10651
f 3116//10652 3114//10652 3113//10652
f 3122//10653 3112//10653 3111//10653
f 3122//3467 3123//3469 1755//10654
f 3124//10655 3125//10655 3126//10655
f 3125//10656 3118//10656 3121//10656
f 3128//10657 3119//10657 3118//10657
f 3129//3480 3128//3475 3125//3477
f 2020//10658 2712//10658 3128//10658
f 3853//10659 3857//10659 1346//10659
f 1065//10660 1046//10660 1047//10660
f 1814//3483 3838//10661 3830//3484
f 2021//10662 2020//10662 3129//10662
f 3111//10663 3099//10663 3106//10663
f 3123//10664 3106//10664 2207//10664
f 2377//3489 2225//10665 2224//3490
f 3014//10666 2485//10666 113//10666
f 1756//10667 2208//10667 3782//10667
f 3131//3496 3132//10668 2530//3497
f 3133//10669 3131//10669 2528//10669
f 1753//10670 1756//3493 3767//3495
f 3134//3501 3124//10671 3127//3502
f 2327//10672 2408//10672 2314//10672
f 2436//10673 2318//10673 2317//10673
f 2018//10674 2021//10674 3711//10674
f 2534//10675 3136//10675 3137//10675
f 2320//3510 2322//4745 3136//3511
f 2185//10676 2018//10676 3712//10676
f 3138//10677 3139//10677 2542//10677
f 3134//3501 3135//3503 3744//4699
f 3785//10678 3130//10678 3134//10678
f 3140//10679 3138//10679 2539//10679
f 2535//3509 3137//3508 3140//10680
f 3711//10681 2021//10681 3130//10681
f 2558//10682 2530//10682 3132//10682
f 3782//3523 3760//10683 3141//3524
f 2560//10684 2558//10684 3141//10684
f 3760//10685 3777//10685 3142//10685
f 958//10686 888//10686 2976//10686
f 1933//10687 1932//10687 2980//10687
f 2399//10688 2424//10688 2418//10688
f 2348//10689 2342//10689 2343//10689
f 2322//10690 2320//10690 2319//10690
f 2718//10691 2717//10691 2874//10691
f 2709//10692 2729//10692 2873//10692
f 2894//10693 2871//10693 1361//10693
f 346//10694 289//10694 176//10694
f 1876//10695 1877//10695 1882//10695
f 2802//10696 2803//3552 3607//3554
f 3104//10697 3144//10697 3088//10697
f 2974//3546 2222//10698 3649//3546
f 3089//3548 3145//10699 2761//3549
f 3088//10700 3144//10700 3145//10700
f 2803//10701 2974//10701 3603//10701
f 3870//10702 3909//10702 692//10702
f 2123//10703 1419//10703 1418//10703
f 1365//10704 1363//10704 1368//10704
f 1581//10705 1766//10705 1782//10705
f 3569//10706 2202//10706 2129//10706
f 3555//3560 2003//10707 2002//3561
f 3146//10708 2585//10708 2551//10708
f 3751//10709 3146//10709 3147//10709
f 3742//10710 3149//10710 3146//10710
f 3149//3566 2584//10711 2585//3567
f 3196//10712 3198//10712 3197//10712
f 3604//10713 2192//10713 2191//10713
f 3142//10714 3150//10714 2556//10714
f 3777//10715 3778//10715 3150//10715
f 3646//10716 3152//10716 2550//10716
f 3150//3576 3151//10717 2555//3577
f 3778//10718 3780//10718 3151//10718
f 3788//10719 3781//10719 3152//10719
f 3153//10720 3147//10720 2551//10720
f 3152//10721 3153//10721 2549//10721
f 3781//10722 3776//10722 3153//10722
f 3776//10723 3750//10723 3147//10723
f 3148//10724 2767//10724 2206//10724
f 2183//10725 2401//10725 2321//10725
f 2132//10726 2960//10726 2928//10726
f 3684//10727 3685//10727 2204//10727
f 3719//3591 2198//10728 2197//3592
f 2594//10729 2962//10729 2773//10729
f 2595//10730 2594//10730 2951//10730
f 1870//10731 798//10731 799//10731
f 3713//10732 2179//10732 2178//10732
f 3706//10733 2178//10733 3736//10733
f 336//10734 3154//10734 3774//10734
f 339//10735 3155//10735 3154//10735
f 3789//10736 3683//10736 3149//10736
f 3683//10737 3697//10737 2584//10737
f 2963//10738 2962//10739 3048//10740
f 3722//3604 3730//10741 337//3605
f 339//10742 338//10742 2566//10742
f 3156//10743 3157//10743 2168//10743
f 2610//3609 3156//10744 2167//3610
f 2954//10745 2953//10745 3156//10745
f 3157//3613 3156//10746 2953//3614
f 3707//10747 2166//10747 2169//10747
f 2567//10748 3158//10748 3159//10748
f 337//3618 3158//10749 2567//3619
f 3730//10750 3069//3351 2166//3353
f 3764//10751 2190//10751 1983//10751
f 2579//10752 3160//10752 3081//10752
f 2568//10753 3159//10753 3160//10753
f 3709//10754 2169//10754 2190//10754
f 3065//10755 3062//10755 3162//10755
f 3161//10756 3162//10756 1984//10756
f 3157//10757 3161//10757 2189//10757
f 2257//10758 3065//10758 3161//10758
f 734//10759 735//10759 1922//10759
f 3059//3633 3058//10543 2708//3634
f 3163//10760 2708//10760 2182//10760
f 3162//10761 3163//10761 1985//10761
f 3062//10762 3059//10762 3163//10762
f 3203//10763 3206//10763 3205//10763
f 2122//10764 2119//10764 1448//10764
f 3817//1932 1686//1931 1685//10765
f 139//10766 140//10766 444//10766
f 1570//10767 569//10767 566//10767
f 2957//10768 3164//10768 3165//10768
f 2955//10769 3166//10769 3164//10769
f 1912//10770 454//10770 341//10770
f 3130//10771 3129//10771 3124//10771
f 1548//10772 322//10772 319//10772
f 1949//10773 1950//10773 1327//10773
f 2969//10774 2970//10774 3078//10774
f 3167//10775 3078//10775 3169//10775
f 3724//10776 2014//10776 2017//10776
f 3720//10777 2017//10777 2033//10777
f 3168//10778 3169//10778 3165//10778
f 3170//10779 3165//10779 3164//10779
f 3779//10780 3170//10780 3171//10780
f 3724//10781 3168//10781 3170//10781
f 3171//10782 3164//10782 3166//10782
f 3172//3668 3166//3667 3071//10783
f 3752//10784 3172//10784 3173//10784
f 3756//10785 3171//10785 3172//10785
f 3169//10786 3037//10786 3036//10786
f 2593//10787 3048//10740 2962//10739
f 3173//10788 3071//10568 2609//9724
f 3174//3675 2609//2312 2199//2314
f 3783//10789 3174//3676 2198//3678
f 3749//10790 3173//10790 3174//10790
f 2190//10791 2189//10791 1984//10791
f 2196//10792 2195//10792 2767//10792
f 2119//10793 2120//10793 1414//10793
f 1464//10794 1463//10794 1466//10794
f 2199//10795 2611//10795 3069//10795
f 2457//10796 2456//10796 2587//10796
f 2226//10797 2225//10797 2562//10797
f 481//10798 478//10798 1627//10798
f 333//10799 1512//10799 235//10799
f 3078//10800 3051//10800 3037//10800
f 3040//3692 2264//10801 2997//3693
f 2219//10802 1934//10802 1933//10802
f 2385//10803 2384//10803 2497//10803
f 221//10804 2220//10804 3175//10804
f 2220//3698 1933//10805 3143//3699
f 3175//10806 3143//10806 2976//10806
f 2484//10807 3175//10807 2975//10807
f 2954//3703 3071//10808 3166//3704
f 2630//10809 1858//10809 110//10809
f 1547//10810 319//10810 1952//10810
f 2091//10811 2090//10811 2188//10811
f 3733//10812 3736//10812 2178//10812
f 1918//10813 1919//10813 1927//10813
f 3563//10814 112//10814 111//10814
f 955//10815 956//10815 960//10815
f 2037//3713 3014//10816 112//3714
f 3143//10817 2980//10817 2981//10817
f 2218//10818 2211//10818 2214//10818
f 672//10819 3877//10819 3787//10819
f 2152//4141 3013//4140 3014//10820
f 1147//10821 1144//10821 1143//10821
f 2248//10822 2246//10822 1409//10822
f 1615//10823 1636//10823 1635//10823
f 1410//10824 1409//10824 2246//10824
f 3241//3724 3243//10825 3242//3725
f 1382//10826 3176//10826 3177//10826
f 3177//10827 1410//10827 2247//10827
f 2247//10828 1383//10828 3177//10828
f 3176//10829 2238//10829 2230//10829
f 1410//10830 3177//10830 3179//10830
f 3179//10831 3180//10831 2243//10831
f 1633//10832 3181//10832 2800//10832
f 1621//10833 1620//10833 2758//10833
f 1622//10834 1621//10834 2245//10834
f 2236//10835 1394//10835 3181//10835
f 2237//10836 2236//10836 3182//10836
f 2250//10837 1631//10837 2233//10837
f 2912//10838 1629//10838 1628//10838
f 135//10839 136//10839 1564//10839
f 1567//10840 419//10840 512//10840
f 1085//10841 1084//10841 2653//10841
f 3184//10842 869//10842 868//10842
f 869//10843 3184//10843 3057//10843
f 1266//3744 1268//10844 1098//3745
f 1267//10845 2147//10845 722//10845
f 937//10846 1146//10846 2646//10846
f 2146//10448 1049//10447 722//10847
f 2211//10848 2218//10848 921//10848
f 1957//10849 510//10849 507//10849
f 1313//10850 1312//10850 2264//10850
f 1496//10851 362//10851 1493//10851
f 2887//10852 2937//10852 2933//10852
f 1687//10853 1688//10853 1659//10853
f 145//10854 1499//10854 1498//10854
f 37//10855 38//10855 418//10855
f 1935//10856 1934//10856 3185//10856
f 104//10857 89//10857 301//10857
f 2101//10858 2098//10858 2083//10858
f 543//10859 298//10859 360//10859
f 1934//10860 2219//10860 3186//10860
f 234//10861 1521//10861 212//10861
f 3845//10862 3821//10862 1822//10862
f 1976//10863 1875//10863 1874//10863
f 223//10864 3186//10864 2219//10864
f 3655//10865 3656//10865 3605//10865
f 2165//10866 2164//10866 467//10866
f 467//10867 468//10867 2165//10867
f 773//10868 476//10868 2165//10868
f 1935//10869 1212//10869 1728//10869
f 3240//10870 3225//10870 3226//10870
f 3261//10871 3249//10871 3250//10871
f 3215//10872 3216//10872 3244//10872
f 3265//10873 3221//10873 3215//10873
f 3267//10874 3245//10874 3198//10874
f 3205//10875 3206//10875 3269//10875
f 3214//10876 3211//10876 3265//10876
f 3271//10877 3213//10877 3214//10877
f 3251//10878 3252//10878 3239//10878
f 3222//10879 3221//10879 3266//10879
f 3232//10880 3235//10880 3234//10880
f 3216//10881 3242//10881 3243//10881
f 3196//10882 3193//10882 3268//10882
f 3244//10883 3243//10883 3254//10883
f 3238//10884 3239//10884 3247//10884
f 3264//10885 3244//10885 3255//10885
f 3253//10886 3242//10886 3216//10886
f 3211//10887 3266//10887 3221//10887
f 3257//10888 3217//10888 3218//10888
f 3258//10889 3222//10889 3272//10889
f 3274//10890 3275//10890 3280//10890
f 3228//10891 3229//10891 3262//10891
f 3275//3818 3231//3820 3281//10892
f 3226//10893 3227//10893 3273//10893
f 3236//10894 3263//10894 3260//10894
f 3281//10895 3263//10895 3236//10895
f 3287//10896 3271//10896 3192//10896
f 3235//10897 3226//10897 3280//10897
f 3234//3800 3280//10898 3281//3801
f 3288//10899 3290//10899 3259//10899
f 3260//10900 3250//10900 3276//10900
f 3289//10901 3212//10901 3278//10901
f 3210//10902 3209//10902 3224//10902
f 3199//10903 3202//10903 3201//10903
f 3228//3827 3231//3829 3230//10904
f 3290//10905 3288//10905 3285//10905
f 3282//10906 3279//10906 3271//10906
f 3260//10907 3263//10907 3262//10907
f 3243//10908 3241//10908 3268//10908
f 3267//10909 3268//10909 3241//10909
f 3194//10910 3207//10910 3208//10910
f 3191//10911 3270//10911 3269//10911
f 3270//10912 3191//10912 3192//10912
f 3275//10913 3274//10913 3230//10913
f 3264//10914 3269//10914 3270//10914
f 3252//10915 3251//3805 3276//3805
f 3248//10916 3252//10916 3291//10916
f 3213//10917 3271//10917 3279//10917
f 3272//10918 3266//10918 3289//10918
f 3277//10919 3278//10919 3212//10919
f 3228//10920 3263//10920 3281//10920
f 3220//10921 3225//10921 3253//10921
f 3219//10922 3253//10922 3217//10922
f 3256//10923 3218//10923 3222//10923
f 3247//10924 3239//10924 3252//10924
f 3245//10925 3267//10925 3232//10925
f 3266//10926 3211//10926 3212//10926
f 3208//10927 3205//10927 3255//10927
f 3288//10928 3289//10928 3284//10928
f 3204//10929 3205//10929 3208//10929
f 560//10930 1899//10930 3187//10930
f 3209//10931 3210//10931 3201//10931
f 3189//10932 3192//10932 3191//10932
f 448//10933 1980//3984 807//3986
f 647//10934 648//10934 122//10934
f 1833//10935 1848//10935 1780//10935
f 510//10936 509//10936 508//10936
f 3210//10937 1949//3653 1887//3655
f 1887//10938 15//10938 3200//10938
f 15//10939 16//10939 3197//10939
f 16//10940 3188//10940 3195//10940
f 3195//10941 3188//10941 3187//10941
f 3194//10942 3187//10942 1899//10942
f 3207//3852 1899//3018 375//3853
f 387//3855 173//10943 126//3856
f 3189//3858 1791//10944 1760//3859
f 3577//10945 763//10945 757//10945
f 763//10946 3577//10946 2172//10946
f 3583//10947 3582//10947 3580//10947
f 3581//10948 3580//10949 3579//10950
f 3594//10951 3597//10951 3596//10951
f 3400//10952 3601//10952 3602//10952
f 3626//10953 3624//10953 3625//10953
f 3631//10954 3635//10954 3599//10954
f 3636//10955 3637//10955 3595//10955
f 3647//10956 3584//10956 3588//10956
f 3650//10957 3582//10957 3584//10957
f 3653//10958 3579//10950 3580//10949
f 3653//10959 2176//10959 3654//10959
f 1801//10960 1864//10960 3656//10960
f 3651//10961 3580//10961 3582//10961
f 3644//10962 3638//10962 3595//10962
f 1767//10963 1768//10963 3659//10963
f 1597//10964 3663//10964 3661//10964
f 1708//10965 1707//10965 3665//10965
f 3671//10966 3668//10966 3667//10966
f 3666//10967 3667//10967 3673//10967
f 1588//10968 1708//10968 3664//10968
f 2080//10969 3671//10969 3666//10969
f 2082//3886 3666//10970 3672//3887
f 3674//10971 3677//10971 3635//10971
f 3677//10972 3678//10972 3636//10972
f 3682//10973 3647//10973 3645//10973
f 3692//10974 3651//10974 3650//10974
f 3681//3895 3645//3909 3644//3896
f 786//10975 3694//10975 3692//10975
f 3694//10976 3653//10976 3651//10976
f 785//10977 3692//10977 3686//10977
f 497//10978 3686//10978 3682//10978
f 650//10979 3682//10979 3681//10979
f 3696//10980 564//10980 3681//10980
f 3405//10981 3606//10981 3605//10981
f 3702//3905 3699//10982 3678//3906
f 3699//10983 3698//10983 3679//10983
f 3645//10984 3588//10984 3638//10984
f 1799//10985 3657//10985 3659//10985
f 3708//10986 3704//10986 3458//10986
f 3462//10987 3710//10987 3708//10987
f 3714//10988 463//10988 564//10988
f 3615//10989 3606//10989 3602//10989
f 3710//10990 3714//10991 3696//10992
f 3635//3892 3636//3891 3596//10993
f 3629//10994 3626//10994 3627//10994
f 3597//10995 3600//10995 3599//10995
f 3630//10996 3716//3924 3715//3926
f 3627//10997 3625//10997 3597//10997
f 3717//10998 3716//10998 3723//10998
f 3715//10999 3663//10999 3660//10999
f 3716//11000 3717//11000 3725//11000
f 3668//11001 3665//11001 3661//11001
f 3668//11002 3725//11002 3717//11002
f 3667//11003 3717//11003 3718//11003
f 3727//11004 3728//11004 3673//11004
f 3728//3953 1576//3952 3672//11005
f 3726//11006 3727//11006 3718//11006
f 1576//1553 2101//1552 2084//11007
f 3727//11008 3726//11008 3731//11008
f 3203//3935 376//11009 1387//3936
f 3190//11010 1387//11010 1791//11010
f 3283//11011 2152//11011 1949//11011
f 317//11012 240//11012 259//11012
f 2000//11013 2176//11013 3653//11013
f 3601//11014 3599//11014 3600//11014
f 3589//11015 3588//11015 3584//11015
f 3577//11016 758//11016 756//11016
f 3585//11017 3584//11017 3582//11017
f 3678//11018 3679//11018 3637//11018
f 3204//11019 375//11019 376//11019
f 1801//11020 3655//11020 3657//11020
f 3729//11021 3735//11021 3728//11021
f 1575//11022 3735//4009 3738//11023
f 3735//11024 1575//11024 1576//11024
f 1776//11025 1795//11025 1796//11025
f 1293//11026 1294//11026 1290//11026
f 1326//11027 14//11027 1327//11027
f 1294//11028 1245//11028 1234//11028
f 878//11029 1244//11029 1330//11029
f 497//11030 373//11030 374//11030
f 122//11031 648//11031 413//11031
f 3699//11032 3702//11032 3704//11032
f 3606//11033 3405//11033 3401//11033
f 3708//11034 3710//11034 3698//11034
f 3464//11035 3714//10991 3710//10990
f 3704//11036 3674//11036 3443//11036
f 439//11037 398//11037 399//11037
f 1512//11038 1528//11038 1526//11038
f 1668//11039 1741//11039 1738//11039
f 839//11040 849//11040 1362//11040
f 1362//11041 1357//11041 826//11041
f 3843//3973 740//11042 1896//3974
f 2053//1542 2054//1541 2118//3058
f 3888//11043 3887//11043 2120//11043
f 696//11044 697//11044 3816//11044
f 1826//11045 1878//8808 639//8807
f 3740//11046 3739//11046 3729//11046
f 956//11047 885//11047 886//11047
f 1980//11048 806//11048 1922//11048
f 33//3987 34//11049 105//3988
f 1343//11050 1344//11050 3856//11050
f 3907//11051 2127//11051 2128//11051
f 1766//11052 1581//11052 1582//11052
f 14//11053 1326//11053 2163//11053
f 595//11054 98//11054 99//11054
f 3233//11055 3238//11055 3246//11055
f 1346//11056 1035//11056 1044//11056
f 748//3412 1888//3411 1425//11057
f 3193//11058 3208//11058 3254//11058
f 3190//11059 3191//11059 3206//11059
f 3612//11060 3605//11060 3606//11060
f 3624//11061 3612//11061 3615//11061
f 3631//11062 3415//11062 3443//11062
f 3679//11063 3680//11063 3644//11063
f 3686//11064 3650//3871 3647//3873
f 3702//11065 3677//11065 3674//11065
f 3625//11066 3615//11066 3600//11066
f 3601//11067 3400//11067 3415//11067
f 3739//4008 3738//11023 3735//4009
f 3630//11068 3627//11068 3594//11068
f 3741//11069 3723//11069 3716//11069
f 1284//11070 1290//366 1288//368
f 3698//11071 3696//11071 3680//11071
f 1778//4015 1781//11072 1780//4016
f 1792//11073 1759//11073 1584//11073
f 695//11074 570//11074 571//11074
f 3638//11075 3741//11075 3594//11075
f 3741//11076 3638//11076 3588//11076
f 3247//11077 3248//11077 3209//11077
f 3292//11078 3293//11078 3294//11078
f 3296//11079 3297//11079 3298//11079
f 3299//11080 3298//11080 3300//11080
f 3302//11081 3303//11081 3304//11081
f 3306//11082 3307//11082 3308//11082
f 3307//11083 3310//11083 3311//11083
f 3303//11084 3302//11084 3301//11084
f 3312//11085 3305//11085 3304//11085
f 3314//11086 3315//11086 3316//11086
f 3318//11087 3319//11087 3320//11087
f 3324//11088 3318//11088 3321//11088
f 3326//11089 3327//11089 3328//11089
f 3329//11090 3330//11090 3331//11090
f 3333//11091 3334//11091 3335//11091
f 3337//11092 3338//11092 3339//11092
f 3333//11093 3336//11093 3341//11093
f 3342//11094 3341//11094 3343//11094
f 3319//11095 3345//11095 3344//11095
f 3338//11096 3335//11096 3334//11096
f 3346//11097 3301//11097 3302//11097
f 3305//11098 3348//11098 3347//11098
f 3312//11099 3224//11099 3223//11099
f 3350//11100 3337//11100 3340//11100
f 3312//11101 3349//11101 3348//11101
f 3352//11102 3343//11102 3341//11102
f 3311//11103 3353//11103 3354//11103
f 3341//11104 3336//11104 3327//11104
f 3359//11105 3360//11105 3361//11105
f 3360//11106 3359//11106 3250//11106
f 3318//11107 3363//11107 3345//11107
f 3364//4055 3363//11108 3318//4056
f 3314//11109 3364//11109 3324//11109
f 3366//11110 3299//11110 3301//11110
f 3299//11111 3366//11111 3367//11111
f 3308//4061 3354//11112 3368//4062
f 3369//11113 3317//11113 3295//11113
f 3317//11114 3369//11114 3364//11114
f 3370//11115 3295//11115 3317//11115
f 3325//11116 3371//11116 3365//11116
f 3352//4093 3320//4092 3319//11117
f 3296//11118 3367//11118 3353//11118
f 3297//11119 3296//11119 3311//11119
f 3363//11120 3368//11120 3354//11120
f 3345//11121 3354//11121 3353//11121
f 3344//11122 3353//11122 3367//11122
f 3366//11123 3333//11123 3342//11123
f 3347//11124 3339//11124 3334//11124
f 3339//11125 3347//11125 3348//11125
f 3348//11126 3349//11127 3351//11128
f 3363//11129 3364//11129 3369//11129
f 3294//11130 3309//11130 3368//11130
f 3293//4082 3306//11131 3309//4083
f 3331//11132 3373//11132 3374//11132
f 3346//11133 3334//11133 3333//11133
f 3323//11134 3322//11134 3352//11134
f 3356//11135 3355//11135 3321//11135
f 3355//11136 3357//11136 3325//11136
f 3357//11137 3358//11137 3371//11137
f 3322//11138 3356//11138 3320//11138
f 3361//11139 3330//11139 3329//11139
f 3373//11140 3372//11140 3375//11140
f 3374//4097 3375//4096 3376//11141
f 3329//4099 3332//11142 3376//4100
f 3327//4105 3375//4104 3372//11143
f 3336//11144 3335//11144 3375//11144
f 3335//11145 3338//11145 3376//11145
f 3376//11146 3338//11146 3337//11146
f 3337//11147 3350//11147 3359//11147
f 3359//11148 3350//11148 3276//11148
f 3377//11149 3292//11149 3295//11149
f 3277//11150 3316//11150 3315//11150
f 3371//11151 3378//11151 3379//11151
f 3378//11152 3371//11152 3358//11152
f 3365//11153 3379//11153 3315//11153
f 3316//11154 3277//11154 3279//11154
f 3282//4116 3377//11155 3370//4117
f 3313//11156 3283//11156 3224//11156
f 3378//11157 3285//11157 3284//11157
f 3380//11158 3286//11158 3285//11158
f 3379//11159 3284//11159 3278//11159
f 3276//11160 3350//11160 3351//11160
f 3291//11161 3351//11128 3349//11127
f 3313//11162 3304//11162 2965//11162
f 2965//11163 3304//11163 3303//11163
f 222//11164 3303//11164 3300//11164
f 223//4128 3300//11165 3298//4129
f 3298//11166 3297//11166 3185//11166
f 3297//11167 3310//11167 2977//11167
f 3310//11168 3307//11168 1213//11168
f 3307//11169 3306//11169 1214//11169
f 2532//11170 1214//11170 3306//11170
f 2894//11171 2532//11171 3293//11171
f 2871//11172 2894//11172 3292//11172
f 3253//11173 3225//11173 3240//11173
f 3283//11174 3313//11174 3013//11174
f 1997//11175 1996//11175 1889//11175
f 1237//11176 745//11176 744//11176
f 1535//4144 1534//11177 120//4145
f 1531//11178 1532//11178 201//11178
f 1119//11179 1241//11179 1032//11179
f 946//242 948//241 824//11180
f 163//11181 8//11181 5//11181
f 3589//11182 3726//11182 3723//11182
f 1155//11183 1156//11183 1162//11183
f 427//11184 213//11184 327//11184
f 553//11185 1902//11185 796//11185
f 3381//11186 2232//11186 2231//11186
f 3381//11187 3178//11187 2230//11187
f 2237//11188 3183//11188 3180//11188
f 3383//11189 3384//11190 3385//11191
f 3384//11192 3386//11192 3387//11192
f 3386//11193 3388//4161 3389//4163
f 3388//11194 3390//11194 3391//11194
f 3392//11195 3393//11195 3394//11195
f 3395//11196 3394//11196 3396//11196
f 3398//11197 3399//11197 3397//11197
f 3400//11198 3401//11198 3399//11198
f 3403//11199 3404//11199 3405//11199
f 3406//11200 3407//11200 3404//11200
f 3408//11201 3409//11201 3407//11201
f 3410//4171 3411//11202 3409//4172
f 3412//11203 3413//11203 3411//11203
f 3415//11204 3400//11204 3398//11204
f 3414//11205 3398//11205 3396//11205
f 3416//11206 3396//11206 3394//11206
f 3417//11207 3394//11207 3393//11207
f 3393//4181 3419//11208 3420//4182
f 3419//11209 3390//11209 3421//11209
f 3390//11210 3388//11210 3422//11210
f 3388//11211 3386//11211 3423//11211
f 3386//11212 3384//11212 3424//11212
f 3384//11190 3383//11189 3425//11213
f 3425//11214 3383//11214 3426//11214
f 2904//11215 3427//11215 3428//11215
f 3429//11216 3427//11216 2904//11216
f 3430//11217 3429//11217 2902//11217
f 2875//11218 3431//11218 3430//11218
f 3432//11219 3433//11219 2733//11219
f 2825//4197 3434//11220 3435//4198
f 3437//11221 3438//11222 3439//11223
f 3441//11224 3437//11224 3436//11224
f 2724//11225 2723//11225 3434//11225
f 3436//11226 3439//11226 3115//11226
f 3440//11227 3436//4203 3117//4205
f 3443//11228 3415//11228 3414//11228
f 3442//11229 3414//11229 3416//11229
f 3444//11230 3416//11230 3417//11230
f 3445//11231 3417//4178 3418//4180
f 3446//11232 3418//11232 3420//11232
f 3420//11233 3421//11233 3448//11233
f 3421//11234 3422//11234 3449//11234
f 3422//11235 3423//11235 3450//11235
f 3423//11236 3424//11236 3451//11236
f 3424//11237 3425//11237 3452//11237
f 3425//11238 3184//11238 3056//11238
f 3451//11239 3452//11239 2253//11239
f 3450//11240 3451//11240 2252//11240
f 3449//11241 3450//11241 1727//11241
f 3448//11242 3449//11242 2150//11242
f 3453//11243 3447//11243 3448//11243
f 3454//11244 3446//11244 3447//11244
f 3455//11245 3445//11245 3446//11245
f 3456//11246 3444//11246 3445//11246
f 3442//11247 3444//11247 3456//11247
f 3443//11248 3442//4226 3457//4228
f 3459//11249 3460//11249 3458//11249
f 3457//11250 3456//11250 3455//11250
f 3459//11251 3455//11251 3454//11251
f 3462//11252 3460//11252 3459//11252
f 3461//11253 3454//11253 3453//11253
f 3464//3964 3462//3966 3461//4235
f 3463//11254 3453//11254 1941//11254
f 3404//11255 3399//11255 3401//11255
f 3407//11256 3397//11256 3399//11256
f 3409//11257 3395//11257 3397//11257
f 3411//11258 3392//11258 3395//11258
f 3465//4249 3466//4248 3413//11259
f 3467//4243 3468//11260 3469//4244
f 3465//11261 3412//11261 3431//11261
f 3470//11262 3467//11262 3466//11262
f 3438//11263 3470//11263 3432//11263
f 3467//11264 3470//11264 3438//11264
f 3468//11265 3467//11265 3437//11265
f 3471//11266 3469//11266 3468//11266
f 3472//11267 3468//11267 3441//11267
f 3473//11268 3441//11268 3440//11268
f 2712//11269 3440//11269 3119//11269
f 3475//11270 3471//11270 3472//11270
f 3474//11271 3472//11271 3473//11271
f 3476//11272 3473//4255 2712//4257
f 3477//11273 3476//11273 2711//11273
f 3478//11274 3474//11274 3476//11274
f 3479//11275 3475//11275 3474//11275
f 3392//11276 3411//11276 3413//11276
f 3466//11277 3469//11277 3480//11277
f 3419//11278 3393//11278 3392//11278
f 3390//11279 3419//11279 3480//11279
f 3469//11280 3471//11280 3391//11280
f 3389//11281 3391//11281 3471//11281
f 3387//11282 3389//11282 3475//11282
f 3385//4272 3387//11283 3479//4273
f 3482//11284 3477//11284 2400//11284
f 3483//11285 3478//11285 3477//11285
f 3481//11286 3479//11286 3478//11286
f 3484//11287 3482//11287 2402//11287
f 3058//11288 3484//11288 2707//11288
f 3061//11289 3485//11289 3484//11289
f 3485//11290 3483//11290 3482//11290
f 3382//11291 3385//11291 3481//11291
f 3486//11292 3481//11292 3483//11292
f 3426//11293 3383//11293 3382//11293
f 3487//11294 3382//11294 3486//11294
f 3486//11295 3485//11295 3061//11295
f 1961//11296 3057//11296 3487//11296
f 3057//11297 3184//11297 3426//11297
f 3428//11298 3403//11298 3402//11298
f 3427//11299 3406//11299 3403//11299
f 3429//11300 3408//11300 3406//11300
f 3430//4292 3410//11301 3408//4293
f 3431//11302 3412//11302 3410//11302
f 3470//11303 3465//11303 3433//11303
f 3434//11304 3439//11223 3438//11222
f 2723//11305 3115//11305 3439//11305
f 2875//11306 2733//11306 3433//11306
f 2736//4300 2824//11307 3435//4301
f 2947//11308 3428//11308 3488//11308
f 3464//11309 3463//11309 1360//11309
f 1900//11310 1925//11310 1924//11310
f 1736//11311 1717//11311 1718//11311
f 1955//11312 1952//11312 1943//11312
f 1671//11313 1738//11313 1735//11313
f 1696//11314 1750//11314 1698//11314
f 1800//11315 1865//11315 1864//11315
f 2063//11316 2055//11316 2056//11316
f 1737//11317 1734//11317 1717//11317
f 1751//11318 1735//11318 1697//11318
f 943//11319 3885//11319 3899//11319
f 3656//11320 3488//11320 3402//11320
f 1577//11321 1578//11321 1764//11321
f 3917//11322 1598//11322 1599//11322
f 1945//11323 146//11323 82//11323
f 68//11324 6//11324 7//11324
f 147//11325 1542//11325 1543//11325
f 1109//11326 1135//11326 1133//11326
f 1503//11327 1910//11327 1907//11327
f 1499//11328 1501//1318 1909//1320
f 452//11329 1922//11329 735//11329
f 1824//11330 2068//11330 3835//11330
f 1825//11331 2067//11331 2068//11331
f 1463//11332 1462//11332 1022//11332
f 841//11333 1012//11333 1009//11333
f 1568//11334 1547//11334 1955//11334
f 1910//11335 1503//11335 1502//11335
f 1939//4332 1502//11336 422//4333
f 309//11337 280//11337 1940//11337
f 1804//11338 1851//11338 1866//11338
f 269//11339 1482//11339 1954//11339
f 2065//11340 1607//11340 2060//11340
f 3812//11341 1685//11341 1758//11341
f 280//11342 276//11342 552//11342
f 1875//11343 1873//11343 1869//11343
f 1739//11344 1721//11344 1734//11344
f 1778//11345 1779//1282 1790//1284
f 310//11346 1920//11346 1915//11346
f 1909//11347 1908//11347 1906//11347
f 1789//11348 1783//11348 1778//11348
f 978//11349 981//11349 980//11349
f 1584//11350 1759//11350 1731//11350
f 425//11351 426//11351 311//11351
f 148//11352 1543//11352 115//11352
f 2044//11353 3897//11353 3894//11353
f 277//11354 1910//11354 1939//11354
f 1943//11355 1946//11355 1945//11355
f 1461//11356 1462//11356 1463//11356
f 2253//11357 3452//11357 3056//11357
f 2981//3108 2254//3107 3489//11358
f 2209//11359 2998//11359 3489//11359
f 2254//11360 2253//11360 3055//11360
f 2998//11361 926//11361 958//11361
f 2826//11362 2817//11362 2721//11362
f 3490//4363 2739//4392 2721//4364
f 2816//4449 3491//4448 3490//11363
f 2334//11364 2297//11364 2296//11364
f 2298//9458 2297//9457 2334//11365
f 2301//11366 2298//11366 2336//11366
f 2311//11367 2301//11367 2338//11367
f 2312//11368 2311//11368 2354//11368
f 2359//11369 2358//11369 2361//11369
f 2335//11370 2296//11370 2359//11370
f 2414//4374 2413//11371 2365//4375
f 2413//11372 2270//11372 2361//11372
f 2355//11373 2352//11373 2540//11373
f 2541//11374 2540//11374 2539//11374
f 2722//11375 2721//11375 2739//11375
f 3114//11376 2722//11376 2738//11376
f 3110//10646 3112//3457 3121//11377
f 3108//11378 3110//11378 3120//11378
f 3122//11379 1754//11379 3127//11379
f 3112//11380 3122//11380 3126//11380
f 3127//11381 1754//1307 1753//1309
f 3139//11382 3133//11382 2529//11382
f 3744//11383 3775//11383 3133//11383
f 3490//4395 2789//4394 2740//11384
f 3491//11385 2790//11385 2789//11385
f 228//11386 229//11386 91//11386
f 245//11387 244//11387 243//11387
f 248//11388 7//11388 247//11388
f 2//11389 297//11389 296//11389
f 145//8124 146//8124 300//11390
f 327//11391 213//11391 210//11391
f 329//11392 332//11392 331//11392
f 239//11393 241//11393 240//11393
f 373//11394 376//11394 375//11394
f 178//4406 177//11395 176//4407
f 1218//11396 1225//11396 1228//11396
f 3862//11397 1231//11397 1295//11397
f 808//11398 809//11398 824//11398
f 3858//11399 3859//11399 1013//11399
f 3813//11400 3810//11400 1411//11400
f 2154//11401 2149//11401 2159//11401
f 3845//11402 3835//11402 1758//11402
f 306//11403 807//11403 1922//11403
f 2157//11404 2153//11404 1976//11404
f 708//8605 709//4755 2031//4757
f 1450//11405 1226//11405 1227//11405
f 1672//11406 1604//11406 1605//11406
f 1813//11407 1814//11407 1821//11407
f 1717//11408 1716//11408 1715//11408
f 176//11409 159//11409 402//11409
f 1710//11410 1705//11410 3916//11410
f 1712//11411 1580//11411 1577//11411
f 1705//11412 1713//11412 1711//11412
f 971//11413 978//11413 979//11413
f 822//11414 823//11414 1094//11414
f 2909//11415 2810//11415 2793//11415
f 2810//11416 2769//11416 2795//11416
f 2799//11417 2910//2980 2249//2982
f 3662//11418 3643//11418 2910//11418
f 2769//11419 2768//11419 2801//11419
f 3177//11420 3176//11420 3178//11420
f 3178//11421 3381//11421 3180//11421
f 3181//11422 1394//11422 1393//11422
f 3181//11423 1633//1205 1632//1207
f 3182//11424 1632//11424 2244//11424
f 3183//11425 2244//11425 2243//11425
f 3492//11426 2791//11426 2790//11426
f 2808//11427 3492//4444 3491//4446
f 2239//11428 3574//11428 3572//11428
f 1149//11429 1150//11429 3571//11429
f 1150//11430 2009//11430 3567//11430
f 2202//11431 3569//11431 3566//11431
f 2921//11432 3564//11432 3565//11432
f 3568//11433 3560//11433 2133//11433
f 1777//11434 1579//11434 1759//11434
f 1201//11435 1196//11435 1183//11435
f 3561//11436 3554//11436 2195//11436
f 3553//11437 3576//11437 2770//11437
f 3927//11438 3925//11438 1687//11438
f 1516//11439 152//11439 154//11439
f 3549//4464 3562//3382 2974//3384
f 3550//11440 3548//11440 2779//11440
f 2771//11441 2772//11441 3575//11441
f 3070//11442 2771//11442 3546//11442
f 3547//11443 3544//11443 2775//11443
f 1376//11444 1375//11444 1370//11444
f 2767//11445 3543//11445 3556//11445
f 2195//11446 3554//11446 3543//11446
f 2775//11447 3544//11447 3542//11447
f 3377//11448 3282//11448 3545//11448
f 3804//11449 3802//11449 3539//11449
f 2776//11450 3542//1094 3538//1093
f 2240//4477 3572//11451 3535//4478
f 2920//11452 3535//11452 3669//11452
f 3548//11453 3534//11453 2786//11453
f 1805//11454 1850//11454 1851//11454
f 3534//11455 3532//11455 2787//11455
f 2951//11456 2773//11456 3540//11456
f 2772//4485 2951//11457 3531//4486
f 2973//11458 2224//11458 3530//11458
f 2224//4489 2223//11459 3537//4490
f 1957//2719 1953//2718 320//11460
f 306//11461 305//11461 304//11461
f 2770//11462 3576//11462 3528//11462
f 2913//11463 3528//11463 3574//11463
f 2923//11464 3565//11464 3527//11464
f 308//11465 1940//1279 431//1281
f 207//11466 208//11466 132//11466
f 1879//11467 1876//11467 1881//11467
f 3733//11468 3787//11468 3525//11468
f 2475//11469 3070//11469 3558//11469
f 2476//11470 2475//11470 3524//11470
f 2223//4505 2476//4502 3523//4504
f 3522//11471 3549//11471 2803//11471
f 2037//11472 3563//11472 11//11472
f 1959//11473 1958//11473 450//11473
f 2003//11474 3555//11474 3520//11474
f 9//11475 10//11475 334//11475
f 2009//11476 2008//11476 3518//11476
f 2008//11477 2973//11477 3536//11477
f 3877//11478 672//11478 673//11478
f 3515//11479 3550//11479 2778//11479
f 2935//11480 3514//11480 3513//11480
f 111//11481 1149//11481 3570//11481
f 3510//11482 3514//11482 2935//11482
f 683//11483 3876//11483 3885//11483
f 3508//11484 3557//11484 2810//11484
f 736//11485 733//11485 732//11485
f 1795//1164 1804//1163 1803//11486
f 3505//11487 3510//11487 2938//11487
f 3507//11488 3505//11488 2939//11488
f 2950//11489 3512//11489 3504//11489
f 2940//11490 2949//11490 3504//11490
f 3801//11491 3791//11491 3512//11491
f 2868//11492 3509//11492 3502//11492
f 2869//11493 3502//11493 3522//11493
f 1024//11494 1034//11494 1023//11494
f 3500//11495 3503//11495 2948//11495
f 551//11496 1939//11496 442//11496
f 2972//11497 3499//4688 3568//4687
f 2032//4534 3533//11498 3499//4535
f 216//11499 93//11499 1924//11499
f 203//11500 202//11500 201//11500
f 1828//11501 1848//11501 1847//11501
f 1958//11502 1957//11502 449//11502
f 272//11503 271//11503 178//11503
f 2871//11504 3545//11504 3495//11504
f 3619//11505 3669//11505 3564//11505
f 2801//11506 2768//11506 3643//11506
f 2005//11507 3758//11507 3654//11507
f 960//11508 886//11508 899//11508
f 3657//11509 3655//11509 3612//11509
f 3780//11510 3788//11510 3646//11510
f 3151//11511 3646//11511 3593//11511
f 2193//11512 3604//11512 3623//11512
f 3607//11513 3603//11513 3145//11513
f 3603//11514 3649//11514 2761//11514
f 3592//4553 3607//11515 3144//4554
f 2926//11516 3658//11516 3634//11516
f 3634//4557 3592//11517 3104//4558
f 3755//3380 3754//3379 3746//11518
f 566//11519 567//11519 3758//11519
f 3488//11520 3656//11520 1864//11520
f 1602//11521 1586//11521 2079//11521
f 2868//11522 3658//11522 3611//11522
f 2922//11523 3611//11523 3610//11523
f 2923//11524 3610//11524 3618//11524
f 3670//11525 3613//11525 2918//11525
f 3619//11526 3670//11526 3614//11526
f 2921//11527 3618//11527 3670//11527
f 2920//11528 3614//11528 3586//11528
f 3613//11529 3642//11529 2915//11529
f 2917//4572 2766//11530 3622//4573
f 2916//11531 2917//11531 3641//11531
f 2239//11532 3587//11532 3652//11532
f 2911//11533 3640//11533 3652//11533
f 3643//4578 3640//11534 2911//4579
f 2797//11535 2801//11535 3662//11535
f 2797//11536 3591//11536 3598//11536
f 3622//11537 3628//11537 2763//11537
f 3608//11538 3628//11538 2764//11538
f 2194//11539 3623//11539 3648//11539
f 2221//11540 3648//11540 3649//11540
f 2756//11541 3608//11541 3609//11541
f 2750//11542 3598//11542 3609//11542
f 3669//11543 3535//11543 1817//11543
f 3763//11544 3770//11544 1691//11544
f 2515//11545 3621//11545 3590//11545
f 2548//11546 3590//11546 3593//11546
f 2513//11547 2489//11547 3632//11547
f 2513//11548 3616//11548 3621//11548
f 2509//11549 3633//11549 3620//11549
f 2510//11550 3632//11550 3633//11550
f 2289//11551 3620//11551 3639//11551
f 2283//11552 3639//11552 3617//11552
f 2240//11553 3586//11553 3587//11553
f 3659//11554 3657//11554 3624//11554
f 716//11555 2121//11555 3887//11555
f 727//11556 1999//11556 3761//11556
f 2165//11557 2171//11557 2170//11557
f 3660//11558 3659//4600 3626//4602
f 3743//11559 3581//11559 3578//11559
f 2175//11560 2172//11560 769//11560
f 2100//11561 500//11561 2095//11561
f 3758//11562 567//11562 3757//11562
f 640//11563 3560//11563 3568//11563
f 1653//11564 3576//11564 3553//11564
f 1895//4682 3536//4681 3530//11565
f 746//11566 3530//11566 3537//11566
f 1653//11567 1810//11567 3528//11567
f 3762//11568 1603//11568 1604//11568
f 2093//11569 2075//11569 2073//11569
f 959//11570 996//11570 995//11570
f 962//11571 899//11571 919//11571
f 1400//11572 1401//11572 1398//11572
f 1000//11573 817//11573 1127//11573
f 956//11574 959//11574 884//11574
f 1662//11575 3548//11575 3550//11575
f 2034//11576 3558//11576 3546//11576
f 3926//11577 1689//11577 3539//11577
f 3535//11578 3572//11578 766//11578
f 3572//11579 3574//11579 765//11579
f 334//11580 3570//11580 3571//11580
f 1868//11581 3531//11581 3540//11581
f 1684//11582 1651//11582 1652//11582
f 1682//11583 1683//11583 775//11583
f 1585//11584 1603//11584 3762//11584
f 3763//11585 3762//11585 1672//11585
f 2173//11586 2174//11586 490//11586
f 1658//11587 3544//11587 3547//11587
f 3556//11588 3543//11588 1650//11588
f 1571//11589 3754//11589 2010//11589
f 1587//11590 3664//11590 3671//11590
f 2099//11591 2095//11591 2077//11591
f 787//11592 3761//11592 1999//11592
f 2000//11593 3694//11593 786//11593
f 3155//11594 339//11594 3697//11594
f 3713//11595 3155//11595 3683//11595
f 2180//11596 2179//11596 3685//11596
f 3496//11597 2180//11597 3684//11597
f 1684//11598 3846//11598 3840//11598
f 1760//11599 464//11599 3495//11599
f 2607//11600 3689//11600 3693//11600
f 2581//11601 3676//11601 3689//11601
f 2371//11602 2502//11602 3700//11602
f 2371//11603 3695//11603 3693//11603
f 2587//11604 3676//11604 3675//11604
f 2586//11605 3675//11605 3697//11605
f 2497//11606 3691//11606 3687//11606
f 2502//4661 2503//11607 3687//4662
f 2494//11608 3691//11608 3690//11608
f 3690//11609 3688//11609 2472//11609
f 3688//11610 3701//11610 2468//11610
f 3701//11611 3703//11611 2469//11611
f 726//11612 3908//11612 3892//11612
f 581//11613 3567//11613 3518//11613
f 10//11614 3511//11614 3570//11614
f 1837//11615 3514//11615 3510//11615
f 741//11616 3537//11616 3523//11616
f 1299//4673 3524//11617 3558//4674
f 1851//11618 3507//11618 3504//11618
f 3527//4677 3565//11619 1820//4678
f 580//11620 3518//11620 3536//11620
f 1758//11621 1685//11621 3522//11621
f 1693//11622 3557//11622 3508//11622
f 3504//11623 3512//11623 1867//11623
f 1894//11624 1826//11624 3568//11624
f 2126//11625 1418//11625 3813//11625
f 3906//11626 2126//11626 3841//11626
f 2113//11627 3911//11627 3867//11627
f 2179//11628 3713//11628 3789//11628
f 624//11629 3903//11629 3904//11629
f 2192//11630 3604//11630 3788//11630
f 2177//11631 3541//11631 3787//11631
f 1364//11632 3824//11632 3833//11632
f 3858//11633 3855//11633 1470//11633
f 3135//11634 1753//11634 3775//11634
f 2069//11635 3812//11635 3835//11635
f 1351//11636 3861//11636 3853//11636
f 2108//11637 3882//11637 3901//11637
f 2089//11638 2092//11638 3736//11638
f 3828//11639 3834//11639 1358//11639
f 2001//11640 3749//11640 3783//11640
f 2187//11641 3783//11641 3719//11641
f 2130//11642 3756//11642 3752//11642
f 2004//11643 3752//11643 3749//11643
f 2014//11644 3724//11644 3779//11644
f 2201//11645 3779//11645 3756//11645
f 3167//11646 3720//11646 3759//11646
f 3168//11647 3724//11647 3720//11647
f 3159//11648 3709//3625 3764//3627
f 3160//11649 3764//11649 3765//11649
f 3730//4715 3707//11650 3158//4716
f 3158//11651 3707//11651 3709//11651
f 2200//3686 3069//3686 3730//3686
f 3685//11652 3789//11652 3742//11652
f 3722//4721 3774//11653 2197//4722
f 3790//11654 3736//11654 2092//11654
f 3774//11655 3790//11655 3721//11655
f 3154//11656 3706//11656 3790//11656
f 3155//11657 3713//11657 3706//11657
f 2091//11658 3719//11658 3721//11658
f 2196//11659 3148//11659 3750//11659
f 2193//11660 2196//11660 3776//11660
f 3604//11661 2193//11661 3781//11661
f 2086//11662 2192//11662 3780//11662
f 2087//11663 2086//11663 3778//11663
f 2204//11664 3742//11664 3751//11664
f 2205//11665 3751//11665 3750//11665
f 3909//11666 3886//11666 574//11666
f 2124//11667 2087//11667 3777//11667
f 2208//11668 2124//11668 3760//11668
f 3711//11669 3785//11669 3140//11669
f 3785//11670 3745//11670 3138//11670
f 3745//4741 3744//11671 3139//4742
f 3771//11672 3712//11672 3136//11672
f 3712//11673 3711//11673 3137//11673
f 3775//11674 3767//11674 3131//11674
f 3767//11675 3782//11675 3132//11675
f 1813//11676 3839//11676 3838//11676
f 1293//11677 3854//11677 3856//11677
f 2184//11678 2321//11678 3748//11678
f 2181//11679 2184//11679 3732//11679
f 3765//11680 3768//11680 3079//11680
f 3768//11681 3734//11681 3080//11681
f 709//11682 3873//1725 3875//1727
f 2774//11683 2961//11683 3737//11683
f 3786//3346 3769//3345 2134//11684
f 3809//11685 3808//11685 766//11685
f 2968//11686 3784//11686 3766//11686
f 2969//11687 3759//11687 3784//11687
f 2958//11688 3747//11688 3737//11688
f 2132//11689 3747//11689 3766//11689
f 2321//11690 2185//11690 3771//11690
f 3860//11691 3848//11691 1449//11691
f 3905//11692 3874//11692 582//11692
f 3886//11693 3889//11693 577//11693
f 3847//11694 3826//11694 1818//11694
f 705//11695 3902//11695 3887//11695
f 3816//11696 3912//11696 3907//11696
f 2111//11697 3883//11697 3911//11697
f 3810//11698 3829//11698 1366//11698
f 1812//11699 3839//11699 3822//11699
f 675//4780 3851//4779 3852//11700
f 3496//11701 3705//11701 3851//11701
f 2110//11702 3867//1871 3868//1873
f 2104//11703 3896//11703 3901//11703
f 2109//11704 3868//11704 3899//11704
f 3842//11705 3831//513 703//515
f 1680//11706 3811//11706 3846//11706
f 1639//11707 1627//11707 3819//11707
f 623//11708 3904//11708 3906//11708
f 2139//11709 2140//11709 3866//11709
f 1808//11710 1640//11710 3844//11710
f 3820//11711 3821//11711 1819//11711
f 3872//11712 3914//11712 3900//11712
f 1646//11713 3832//11713 3830//11713
f 3889//11714 3890//11714 633//11714
f 2139//11715 3865//11715 3875//11715
f 2156//11716 2155//11716 3871//11716
f 674//11717 3852//11717 3913//11717
f 2117//11718 3817//11718 3812//11718
f 1815//11719 3822//11719 3847//11719
f 3855//11720 3849//11720 1444//11720
f 697//11721 3906//11721 3912//11721
f 866//11722 842//11722 3836//11722
f 3864//11723 3869//11723 2136//11723
f 3585//11724 3731//11724 3726//11724
f 3583//11725 3740//11725 3731//11725
f 3753//4811 3746//4811 3738//4811
f 3740//4812 3583//11726 3581//4813
f 1088//11727 3738//11727 3746//11727
f 3739//11728 3740//11728 3743//11728
f 2791//4817 3492//11729 3493//4818
f 3492//11730 2808//11730 2807//11730
f 2792//11731 3493//11731 3494//11731
f 3493//11732 2807//11732 2806//11732
f 3508//11733 2909//11733 3494//11733
f 3516//11734 3494//11734 2806//11734
f 2948//11735 3503//11735 3791//11735
f 2105//11736 3908//11736 3896//11736
f 3538//11737 3802//11737 3804//11737
f 680//11738 3878//11738 3876//11738
f 1891//11739 1890//11739 3910//11739
f 2905//11740 3799//11740 3801//11740
f 2900//11741 3797//11741 3799//11741
f 2901//11742 3797//11742 3807//11742
f 2734//11743 2878//11743 3806//11743
f 2877//11744 3807//11744 3806//11744
f 2820//11745 3800//11745 3794//11745
f 2818//10168 3796//2861 3792//2863
f 2823//11746 3793//11746 3792//11746
f 2822//11747 3793//11747 3798//11747
f 2819//11748 2735//11748 3800//11748
f 2817//10176 3796//2852 3795//2854
f 2809//11749 3805//2849 3795//2851
f 2808//11750 3805//2840 3803//2842
f 2805//11751 3804//11751 3803//11751
f 1702//11752 3921//11752 3923//11752
f 3922//11753 3920//11753 1797//11753
f 3915//11754 3916//11754 1706//11754
f 3918//11755 3927//11755 1692//11755
f 1657//11756 3898//11756 3880//11756
f 1890//11757 1877//11757 3895//11757
f 3772//11758 3770//11758 1674//11758
f 1689//11759 1690//11759 3772//11759
f 3926//11760 3802//11760 3538//11760
f 3516//11761 3539//11761 1689//11761
f 3917//11762 3923//11762 1703//11762
f 1598//11763 3917//11763 3928//11763
f 3880//11764 3884//11764 1876//11764
f 1691//4857 1690//11765 3925//4858
f 3925//11766 3926//11766 1688//11766
f 3934//4925 3933//11767 3937//4925
f 3934//4927 3938//11768 3939//4928
f 3932//4930 3936//11769 3937//4931
f 3938//4933 3942//11770 3943//4934
f 3937//4936 3936//11771 3940//4937
f 3937//4939 3941//11772 3942//4939
f 3942//4941 3946//11773 3947//4942
f 3941//4944 3940//11774 3944//4945
f 3942//4947 3941//11775 3945//4947
f 3947//4949 3946//11776 3950//4950
f 3944//4952 3948//11777 3949//4953
f 3945//4955 3949//4955 3950//4956
f 3950//4958 3954//11778 3955//4958
f 3949//4960 3948//11779 3952//4961
f 3950//4963 3949//11780 3953//4964
f 3955//4966 3954//11781 3958//4967
f 3953//4969 3952//11782 3956//4970
f 3953//4972 3957//11783 3958//4973
f 3959//4975 3958//11784 3962//4976
f 3957//4978 3956//11785 3960//4979
f 3958//4981 3957//11786 3961//4982
f 3962//4984 3966//11787 3967//4984
f 3960//4985 3964//11788 3965//4986
f 3961//4988 3965//11789 3966//4989
f 3966//4991 3970//11790 3971//4992
f 3965//4994 3964//11791 3968//4995
f 3966//4997 3965//11792 3969//4998
f 3970//5000 3974//11793 3975//5001
f 3968//5003 3972//11794 3973//5004
f 3969//5006 3973//11795 3974//5007
f 3974//5009 3978//11796 3979//5010
f 3973//5012 3972//5012 3976//5012
f 3974//5014 3973//11797 3977//5015
f 3979//5017 3978//11798 3982//5018
f 3976//5020 3980//5020 3981//5021
f 3977//5023 3981//11799 3982//5024
f 3982//5026 3986//11800 3987//5027
f 3981//5029 3980//11801 3984//5030
f 3982//5032 3981//11802 3985//5033
f 3987//5035 3986//11803 3990//5036
f 3984//5038 3988//11804 3989//5039
f 3985//5041 3989//11805 3990//5042
f 3991//5044 3990//11806 3994//5045
f 3989//5047 3988//11807 3992//5048
f 3990//5050 3989//11808 3993//5051
f 3995//5053 3994//11809 3998//5054
f 3992//5056 3996//11810 3997//5057
f 3993//5059 3997//11811 3998//5060
f 3998//5062 4002//11812 4003//5063
f 3997//5065 3996//11813 4000//5065
f 3998//5067 3997//11814 4001//5068
f 4002//5070 4006//11815 4007//5071
f 4000//5073 4004//11816 4005//5074
f 4001//5076 4005//11817 4006//5077
f 4006//5079 4010//11818 4011//5080
f 4005//5082 4004//11819 4008//5083
f 4006//5085 4005//11820 4009//5086
f 4011//5088 4010//11821 4014//5089
f 4008//5091 4012//11822 4013//5092
f 4009//5094 4013//11823 4014//5095
f 4014//5097 4018//11824 4019//5098
f 4013//5100 4012//11825 4016//5101
f 4014//5103 4013//11826 4017//5104
f 4019//5106 4018//11827 4022//5107
f 4016//5109 4020//11828 4021//5110
f 4017//5112 4021//11829 4022//5113
f 4023//5115 4022//11830 4026//5116
f 4021//5118 4020//11831 4024//5119
f 4022//5121 4021//11832 4025//5122
f 4027//5124 4026//11833 4030//5125
f 4024//5127 4028//11834 4029//5128
f 4025//5130 4029//11835 4030//5131
f 4031//5133 4030//11836 4034//5134
f 4029//5136 4028//11837 4032//5137
f 4030//5139 4029//11838 4033//5140
f 4034//5142 4038//11839 4039//5143
f 4032//5145 4036//11840 4037//5146
f 4033//5148 4037//11841 4038//5149
f 4038//5151 4042//11842 4043//5152
f 4037//5154 4036//11843 4040//5155
f 4038//5157 4037//11844 4041//5157
f 4043//5159 4042//11845 4046//5160
f 4040//5162 4044//11846 4045//5163
f 4041//5165 4045//11847 4046//5166
f 4046//5168 4050//11848 4051//5169
f 4045//5171 4044//11849 4048//5172
f 4046//5174 4045//11850 4049//5175
f 4051//5177 4050//11851 4055//5178
f 4048//5180 4053//11852 4054//5181
f 4049//5183 4054//11853 4055//5184
f 4056//5186 4055//11854 4059//5187
f 4053//5189 4057//11855 4058//5190
f 4055//5192 4054//11856 4058//5193
f 4060//5241 4059//11857 3934//5242
f 4058//5244 4057//11858 3932//5245
f 4058//5247 3933//11859 3934//5248
f 4069//5251 4068//11860 4081//5252
f 4066//5254 4079//11861 4080//5254
f 4065//5256 4064//11862 4077//5257
f 4063//5259 4062//11863 4075//5260
f 4071//5261 4084//11864 4085//5262
f 4069//5263 4082//11865 4083//5264
f 4067//5266 4080//11866 4081//5267
f 4066//5269 4065//11867 4078//5270
f 4063//5272 4076//11868 4077//5273
f 4061//5275 4074//11869 4075//5276
f 4072//5278 4085//11870 4086//5279
f 4071//5281 4070//5282 4083//5282
f 4076//5284 4089//11871 4090//5285
f 4074//5287 4087//11872 4088//5288
f 4086//5290 4085//5290 4098//5291
f 4083//5293 4096//11873 4097//5294
f 4082//5296 4081//11874 4094//5296
f 4079//5298 4092//11875 4093//5298
f 4078//5300 4077//11876 4090//5301
f 4076//5303 4075//11877 4088//5304
f 4085//5306 4084//11878 4097//5307
f 4082//5309 4095//11879 4096//5310
f 4080//5312 4093//11880 4094//5312
f 4079//5313 4078//11881 4091//5313
f 4089//5315 4102//11882 4103//5315
f 4088//5316 4087//11883 4100//5317
f 4098//5319 4111//11884 4112//5320
f 4096//5322 4109//11885 4110//5323
f 4095//5325 4094//11886 4107//5326
f 4092//5328 4105//11887 4106//5328
f 4090//5330 4103//11888 4104//5330
f 4089//5332 4088//11889 4101//5333
f 4097//5335 4110//11890 4111//5336
f 4095//5338 4108//11891 4109//5339
f 4094//5341 4093//11892 4106//5342
f 4092//5344 4091//11893 4104//5344
f 4103//5346 4102//11894 4115//5347
f 4100//5349 4113//5349 4114//5350
f 4112//5352 4111//11895 4124//5353
f 4110//5355 4109//11896 4122//5356
f 4107//5358 4120//11897 4121//5358
f 4105//5360 4118//11898 4119//5360
f 4103//5362 4116//11899 4117//5363
f 4101//5365 4114//11900 4115//5366
f 4110//5368 4123//11901 4124//5369
f 4109//5371 4108//11902 4121//5372
f 4107//5374 4106//11903 4119//5374
f 4105//5376 4104//5376 4117//5376
f 4115//5378 4128//11904 4129//5379
f 4114//5381 4113//11905 4126//5382
f 4124//5383 4137//11906 4138//5383
f 4123//5385 4122//11907 4135//5386
f 4120//5388 4133//11908 4134//5389
f 4119//5391 4118//11909 4131//5391
f 4117//5393 4116//11910 4129//5393
f 4114//5395 4127//11911 4128//5396
f 4124//5398 4123//5398 4136//5399
f 4122//5401 4121//11912 4134//5402
f 4119//5404 4132//5404 4133//5404
f 4117//5405 4130//11913 4131//5405
f 4129//5406 4128//11914 4141//5406
f 4126//5408 4139//11915 4140//5409
f 4138//5411 4137//11916 4150//5412
f 4136//5414 4135//11917 4148//5415
f 4133//5417 4146//11918 4147//5418
f 4131//5420 4144//11919 4145//5420
f 4130//5422 4129//11920 4142//5423
f 4127//5425 4140//11921 4141//5426
f 4137//5428 4136//11922 4149//5429
f 4135//5431 4134//11923 4147//5431
f 4132//5432 4145//11924 4146//5432
f 4131//5434 4130//11925 4143//5434
f 4142//5436 4141//11926 4154//5437
f 4140//5439 4139//11927 4152//5440
f 4150//5442 4163//11928 4164//5443
f 4149//5445 4148//11929 4161//5446
f 4146//5448 4159//11930 4160//5448
f 4144//5450 4157//11931 4158//5451
f 4142//5453 4155//11932 4156//5454
f 4140//5456 4153//11933 4154//5457
f 4149//5459 4162//11934 4163//5460
f 4148//5462 4147//11935 4160//5463
f 4146//5465 4145//11936 4158//5466
f 4144//5468 4143//11937 4156//5468
f 4155//5470 4154//11938 4167//5471
f 4153//5473 4152//11939 4165//5474
f 4163//5476 4176//11940 4177//5477
f 4161//5479 4174//11941 4175//5480
f 4159//5482 4172//11942 4173//5483
f 4158//5484 4157//11943 4170//5485
f 4155//5487 4168//11944 4169//5487
f 4153//5489 4166//5489 4167//5490
f 4163//5491 4162//11945 4175//5492
f 4161//5494 4160//11946 4173//5495
f 4159//5497 4158//11947 4171//5497
f 4156//5499 4169//11948 4170//5500
f 4167//5502 4180//11949 4181//5503
f 4165//5505 4178//11950 4179//5505
f 4176//5507 4189//11951 4190//5508
f 4175//5510 4174//11952 4187//5511
f 4173//5513 4172//11953 4185//5514
f 4170//5516 4183//11954 4184//5517
f 4169//5519 4168//5519 4181//5519
f 4167//5521 4166//11955 4179//5522
f 4175//5524 4188//11956 4189//5525
f 4173//5527 4186//11957 4187//5528
f 4171//5530 4184//11958 4185//5531
f 4170//5533 4169//11959 4182//5533
f 4180//5535 4193//11960 4194//5536
f 4178//5537 4191//11961 4192//5538
f 4190//5540 4189//11962 4202//5541
f 4187//5543 4200//5543 4201//5544
f 4186//5545 4185//11963 4198//5546
f 4183//5548 4196//11964 4197//5548
f 4182//5550 4181//11965 4194//5550
f 4180//5552 4179//11966 4192//5553
f 4189//5555 4188//11967 4201//5556
f 4186//5558 4199//11968 4200//5559
f 4184//5561 4197//11969 4198//5562
f 4183//5564 4182//11970 4195//5565
f 4193//5567 4206//11971 4207//5568
f 4192//5570 4191//11972 4204//5571
f 4202//5573 4215//11973 4216//5574
f 4200//5576 4213//11974 4214//5577
f 4199//5579 4198//11975 4211//5580
f 4196//5582 4209//11976 4210//5583
f 4194//5585 4207//5587 4208//5586
f 4193//5588 4192//11977 4205//5589
f 4201//5591 4214//11978 4215//5592
f 4199//5594 4212//5594 4213//5594
f 4198//5596 4197//5596 4210//5597
f 4196//5598 4195//11979 4208//5599
f 4207//5601 4206//11980 4219//5602
f 4204//5604 4217//11981 4218//5605
f 4216//5607 4215//11982 4228//5608
f 4213//5610 4226//11983 4227//5611
f 4211//5613 4224//11984 4225//5613
f 4209//5615 4222//11985 4223//5615
f 4207//5617 4220//5617 4221//5617
f 4205//5618 4218//11986 4219//5619
f 4214//5621 4227//11987 4228//5622
f 4213//5624 4212//11988 4225//5625
f 4211//5627 4210//11989 4223//5627
f 4209//5629 4208//11990 4221//5630
f 4219//5632 4232//11991 4233//5633
f 4218//5635 4217//11992 4230//5636
f 4228//5638 4241//11993 4242//5639
f 4226//5641 4239//11994 4240//5642
f 4225//5644 4224//11995 4237//5644
f 4223//5646 4222//11996 4235//5647
f 4221//5649 4220//11997 4233//5650
f 4218//5652 4231//11998 4232//5652
f 4228//5654 4227//11999 4240//5655
f 4226//5657 4225//5658 4238//5658
f 4223//5660 4236//12000 4237//5660
f 4221//5662 4234//12001 4235//5662
f 4233//5663 4232//12002 4245//5664
f 4230//5666 4243//12003 4244//5667
f 4242//5668 4241//5669 4254//5669
f 4240//5671 4239//12004 4252//5672
f 4237//5674 4250//12005 4251//5675
f 4235//5677 4248//12006 4249//5677
f 4234//5679 4233//12007 4246//5679
f 4231//5681 4244//12008 4245//5682
f 4241//5684 4240//12009 4253//5685
f 4239//5687 4238//12010 4251//5688
f 4236//5690 4249//12011 4250//5691
f 4235//5693 4234//12012 4247//5693
f 4246//5695 4245//12013 4258//5695
f 4244//5697 4243//12014 4256//5698
f 4254//5700 4267//12015 4268//5701
f 4253//5703 4252//12016 4265//5704
f 4250//5706 4263//12017 4264//5707
f 4248//5709 4261//12018 4262//5710
f 4246//5712 4259//12019 4260//5713
f 4244//5715 4257//5715 4258//5716
f 4253//5718 4266//12020 4267//5719
f 4252//5721 4251//12021 4264//5722
f 4250//5724 4249//12022 4262//5724
f 4248//5726 4247//12023 4260//5726
f 4259//5728 4258//12024 4271//5728
f 4257//5730 4256//12025 4269//5731
f 4267//5733 4280//12026 4281//5734
f 4265//5736 4278//12027 4279//5737
f 4263//5739 4276//12028 4277//5740
f 4262//5742 4261//12029 4274//5742
f 4259//5744 4272//12030 4273//5745
f 4257//5747 4270//12031 4271//5747
f 4266//5749 4279//12032 4280//5749
f 4265//5751 4264//12033 4277//5752
f 4263//5754 4262//12034 4275//5754
f 4260//5756 4273//12035 4274//5756
f 4271//5758 4284//12036 4285//5759
f 4269//5761 4282//12037 4283//5761
f 4281//5763 4280//5765 4293//5764
f 4279//5766 4278//5766 4291//5766
f 4277//5767 4276//12038 4289//5767
f 4274//5769 4287//12039 4288//5769
f 4273//5771 4272//12040 4285//5772
f 4271//5774 4270//12041 4283//5775
f 4280//5777 4279//12042 4292//5778
f 4277//5780 4290//12043 4291//5781
f 4275//5783 4288//12044 4289//5784
f 4274//5786 4273//12045 4286//5786
f 4284//5788 4297//12046 4298//5789
f 4282//5791 4295//12047 4296//5792
f 4294//5794 4293//12048 4306//5795
f 4291//5797 4304//12049 4305//5798
f 4290//5800 4289//12050 4302//5801
f 4287//5803 4300//12051 4301//5803
f 4286//5805 4285//12052 4298//5806
f 4284//5808 4283//12053 4296//5809
f 4293//5811 4292//12054 4305//5812
f 4290//5814 4303//12055 4304//5815
f 4288//5817 4301//12056 4302//5817
f 4287//5819 4286//12057 4299//5819
f 4297//5821 4310//12058 4311//5822
f 4296//5824 4295//12059 4308//5825
f 4306//5827 4319//12060 4320//5828
f 4304//5829 4317//12061 4318//5830
f 4303//5832 4302//12062 4315//5832
f 4300//5834 4313//5834 4314//5834
f 4298//5835 4311//12063 4312//5836
f 4297//5838 4296//12064 4309//5839
f 4305//5841 4318//12065 4319//5842
f 4304//5844 4303//5844 4316//5845
f 4302//5847 4301//12066 4314//5847
f 4300//5849 4299//5849 4312//5849
f 4310//5851 4323//12067 4324//5852
f 4308//5854 4321//12068 4322//5855
f 4320//5857 4319//12069 4332//5858
f 4318//5860 4317//12070 4330//5861
f 4316//5863 4315//12071 4328//5864
f 4313//5866 4326//12072 4327//5866
f 4311//5868 4324//12073 4325//5869
f 4310//5871 4309//12074 4322//5872
f 4318//5874 4331//12075 4332//5875
f 4316//5877 4329//12076 4330//5878
f 4315//5880 4314//12077 4327//5881
f 4312//5883 4325//12078 4326//5883
f 4323//5885 4336//12079 4337//5886
f 4322//5888 4321//12080 4334//5889
f 4332//5891 4345//12081 4346//5892
f 4330//5894 4343//12082 4344//5895
f 4329//5897 4328//12083 4341//5898
f 4327//5900 4326//12084 4339//5901
f 4325//5903 4324//12085 4337//5903
f 4322//5905 4335//12086 4336//5906
f 4332//5908 4331//12087 4344//5909
f 4330//5911 4329//12088 4342//5912
f 4327//5914 4340//12089 4341//5915
f 4325//5917 4338//12090 4339//5918
f 4337//5920 4336//12091 4350//5920
f 4334//5922 4348//12092 4349//5923
f 4346//5925 4345//12093 4359//5926
f 4344//5928 4343//12094 4357//5929
f 4341//5931 4355//12095 4356//5932
f 4340//5934 4339//12096 4353//5934
f 4338//5936 4337//12097 4351//5937
f 4335//5939 4349//12098 4350//5939
f 4345//5941 4344//12099 4358//5942
f 4343//5944 4342//12100 4356//5945
f 4340//5947 4354//12101 4355//5948
f 4338//5950 4352//12102 4353//5951
f 4351//5953 4350//12103 4363//5954
f 4349//5956 4348//12104 4361//5957
f 4359//5959 4372//12105 4373//5959
f 4358//5961 4357//12106 4370//5961
f 4355//5963 4368//12107 4369//5963
f 4354//5965 4353//12108 4366//5965
f 4351//5967 4364//12109 4365//5968
f 4349//5970 4362//12110 4363//5971
f 4358//5973 4371//12111 4372//5974
f 4357//5976 4356//12112 4369//5976
f 4355//5978 4354//12113 4367//5979
f 4352//5981 4365//12114 4366//5982
f 4364//5984 4363//12115 4376//5985
f 4362//5987 4361//12116 4374//5988
f 4373//5990 4372//12117 4385//5991
f 4370//5992 4383//12118 4384//5993
f 4368//5995 4381//12119 4382//5996
f 4367//5998 4366//12120 4379//5999
f 4364//6001 4377//12121 4378//6002
f 4362//6004 4375//12122 4376//6005
f 4372//6007 4371//12123 4384//6008
f 4370//6010 4369//6010 4382//6010
f 4368//6011 4367//12124 4380//6012
f 4365//6014 4378//12125 4379//6015
f 4376//6017 4389//12126 4390//6018
f 4374//6020 4387//12127 4388//6020
f 4385//6022 4398//12128 4399//6022
f 4384//6024 4383//12129 4396//6025
f 4382//6027 4381//12130 4394//6027
f 4379//6029 4392//12131 4393//6030
f 4378//6032 4377//12132 4390//6033
f 4376//6035 4375//12133 4388//6036
f 4384//6038 4397//12134 4398//6039
f 4382//6041 4395//6041 4396//6042
f 4380//6044 4393//12135 4394//6045
f 4379//6046 4378//12136 4391//6047
f 4389//6049 4402//12137 4403//6050
f 4387//6052 4400//12138 4401//6053
f 4399//6055 4398//12139 4411//6056
f 4396//6058 4409//12140 4410//6059
f 4395//6061 4394//12141 4407//6061
f 4393//6063 4392//12142 4405//6064
f 4391//6066 4390//12143 4403//6067
f 4389//6069 4388//12144 4401//6069
f 4398//6071 4397//12145 4410//6072
f 4395//6074 4408//12146 4409//6074
f 4393//6076 4406//12147 4407//6077
f 4391//6079 4404//6079 4405//6079
f 4402//6081 4415//12148 4416//6082
f 4401//6084 4400//12149 4413//6085
f 4411//6087 4424//12150 4425//6088
f 4409//6090 4422//12151 4423//6091
f 4408//6093 4407//12152 4420//6094
f 4406//6096 4405//12153 4418//6097
f 4403//6099 4416//12154 4417//6100
f 4402//6102 4401//12155 4414//6103
f 4410//6105 4423//12156 4424//6106
f 4408//6108 4421//12157 4422//6108
f 4407//6110 4406//12158 4419//6111
f 4404//6113 4417//12159 4418//6114
f 4416//6116 4415//12160 4428//6117
f 4413//6119 4426//12161 4427//6120
f 4425//6122 4424//12162 4437//6122
f 4423//6124 4422//12163 4435//6124
f 4421//6126 4420//12164 4433//6127
f 4418//6129 4431//12165 4432//6129
f 4416//6131 4429//12166 4430//6131
f 4415//6133 4414//12167 4427//6133
f 4423//6134 4436//12168 4437//6135
f 4421//6137 4434//12169 4435//6138
f 4420//6140 4419//12170 4432//6140
f 4418//6142 4417//12171 4430//6143
f 4428//6145 4441//6145 4442//6146
f 4426//6148 4439//12172 4440//6149
f 4437//6151 4450//12173 4451//6152
f 4435//6154 4448//12174 4449//6155
f 4434//6157 4433//12175 4446//6158
f 4432//6160 4431//12176 4444//6160
f 4430//6162 4429//12177 4442//6162
f 4427//6163 4440//12178 4441//6164
f 4437//6166 4436//12179 4449//6167
f 4435//6168 4434//12180 4447//6169
f 4432//6171 4445//12181 4446//6171
f 4430//6173 4443//6174 4444//6173
f 4442//6175 4441//12182 4454//6176
f 4439//6178 4452//12183 4453//6179
f 4451//6181 4450//12184 4463//6182
f 4449//6184 4448//12185 4461//6185
f 4446//6187 4459//12186 4460//6188
f 4444//6190 4457//12187 4458//6190
f 4443//6192 4442//12188 4455//6192
f 4440//6194 4453//12189 4454//6195
f 4450//6197 4449//12190 4462//6198
f 4447//6200 4460//12191 4461//6201
f 4445//6203 4458//12192 4459//6203
f 4444//6205 4443//12193 4456//6206
f 4455//6208 4454//12194 4467//6209
f 4453//6211 4452//12195 4465//6212
f 4463//6214 4476//6215 4477//6215
f 4462//6217 4461//12196 4474//6218
f 4459//6220 4472//12197 4473//6220
f 4457//6222 4470//12198 4471//6223
f 4455//6225 4468//12199 4469//6225
f 4453//6227 4466//12200 4467//6228
f 4462//6230 4475//12201 4476//6231
f 4461//6233 4460//12202 4473//6234
f 4459//6236 4458//12203 4471//6237
f 4457//6239 4456//12204 4469//6239
f 4468//6272 4467//12205 4063//6273
f 4466//6275 4465//12206 4061//6276
f 4477//6278 4476//12207 4072//6278
f 4474//6280 4070//12208 4071//6281
f 4472//6283 4068//12209 4069//6283
f 4471//6285 4470//12210 4066//6285
f 4468//6287 4064//12211 4065//6287
f 4466//6289 4062//12212 4063//6290
f 4476//6293 4475//12213 4071//6294
f 4474//6296 4473//12214 4069//6297
f 4472//6299 4471//12215 4067//6299
f 4469//6301 4065//12216 4066//6301
f 3935//6303 4061//12217 4465//6304
f 4465//6306 4452//12218 4056//6307
f 4452//6309 4439//12219 4051//6310
f 4439//6312 4426//12220 4047//6313
f 4047//6315 4426//12221 4413//6316
f 4043//6318 4413//12222 4400//6319
f 4039//6321 4400//12223 4387//6321
f 4387//6323 4374//12224 4031//6324
f 4031//6325 4374//12225 4361//6326
f 4361//6328 4348//12226 4023//6329
f 4348//6331 4334//12227 4019//6332
f 4334//6334 4321//12228 4015//6335
f 4015//6337 4321//12229 4308//6338
f 4011//6340 4308//12230 4295//6341
f 4007//6343 4295//12231 4282//6343
f 4282//6345 4269//12232 3999//6346
f 3999//6348 4269//12233 4256//6349
f 4256//6351 4243//12234 3991//6352
f 4243//6353 4230//12235 3987//6354
f 4230//6356 4217//12236 3983//6356
f 3983//6358 4217//12237 4204//6359
f 3979//6361 4204//12238 4191//6362
f 3975//6364 4191//12239 4178//6364
f 4178//6366 4165//12240 3967//6367
f 3967//6369 4165//12241 4152//6370
f 4152//6372 4139//12242 3959//6372
f 4139//6374 4126//12243 3955//6375
f 4126//6377 4113//12244 3951//6378
f 3951//6380 4113//12245 4100//6381
f 3947//6383 4100//12246 4087//6384
f 3943//6386 4087//12247 4074//6387
f 4074//6389 4061//12248 3935//6390
f 4480//6392 4479//12249 4483//6393
f 4480//6395 4484//12250 4485//6396
f 4479//6398 4478//12251 4482//6399
f 4484//6401 4488//12252 4489//6402
f 4482//6404 4486//12253 4487//6405
f 4483//6407 4487//12254 4488//6408
f 4488//6410 4492//12255 4493//6411
f 4487//6413 4486//12256 4490//6414
f 4488//6416 4487//12257 4491//6417
f 4493//6419 4492//12258 4496//6420
f 4490//6422 4494//12259 4495//6422
f 4491//6424 4495//12260 4496//6424
f 4496//6426 4500//12261 4501//6427
f 4495//6429 4494//12262 4498//6430
f 4496//6432 4495//12263 4499//6433
f 4501//6435 4500//12264 4504//6436
f 4498//6438 4502//12265 4503//6439
f 4499//6441 4503//12266 4504//6442
f 4505//6444 4504//6446 4508//6445
f 4503//6447 4502//12267 4506//6448
f 4504//6450 4503//12268 4507//6451
f 4509//6453 4508//12269 4512//6454
f 4506//6456 4510//12270 4511//6456
f 4507//6457 4511//12271 4512//6458
f 4513//6459 4512//12272 4516//6460
f 4511//6462 4510//12273 4514//6463
f 4512//6465 4511//12274 4515//6466
f 4516//6468 4520//12275 4521//6469
f 4514//6471 4518//12276 4519//6472
f 4515//6474 4519//12277 4520//6475
f 4520//6477 4524//6477 4525//6477
f 4518//6478 4522//12278 4523//6479
f 4520//6481 4519//12279 4523//6482
f 4525//6484 4524//12280 4528//6485
f 4522//6487 4526//12281 4527//6488
f 4523//6490 4527//12282 4528//6491
f 4528//6493 4532//12283 4533//6494
f 4527//6496 4526//12284 4530//6497
f 4528//6499 4527//12285 4531//6500
f 4533//6502 4532//12286 4536//6503
f 4530//6505 4534//6505 4535//6506
f 4531//6508 4535//12287 4536//6509
f 4537//6511 4536//12288 4540//6512
f 4534//6514 4538//12289 4539//6515
f 4536//6517 4535//12290 4539//6518
f 4541//6520 4540//12291 4544//6521
f 4539//6523 4538//12292 4542//6524
f 4539//6526 4543//12293 4544//6527
f 4544//6529 4548//12294 4549//6530
f 4542//6532 4546//12295 4547//6533
f 4544//6535 4543//12296 4547//6536
f 4548//6538 4552//12297 4553//6539
f 4547//6541 4546//12298 4550//6542
f 4547//6544 4551//12299 4552//6545
f 4552//6547 4556//12300 4557//6548
f 4551//6550 4550//12301 4554//6551
f 4552//6553 4551//12302 4555//6554
f 4557//6556 4556//12303 4560//6557
f 4554//6559 4558//12304 4559//6560
f 4555//6562 4559//12305 4560//6563
f 4560//6565 4564//12306 4565//6566
f 4559//6568 4558//12307 4562//6568
f 4560//6570 4559//12308 4563//6571
f 4565//6573 4564//12309 4568//6574
f 4562//6576 4566//12310 4567//6577
f 4563//6579 4567//12311 4568//6580
f 4569//6582 4568//12312 4572//6583
f 4567//6585 4566//12313 4570//6586
f 4568//6588 4567//12314 4571//6589
f 4572//6591 4576//12315 4577//6592
f 4570//6594 4574//12316 4575//6595
f 4571//6597 4575//12317 4576//6598
f 4576//6600 4580//12318 4581//6601
f 4575//6603 4574//12319 4578//6604
f 4576//6606 4575//12320 4579//6607
f 4580//12321 4584//12321 4585//12321
f 4578//6610 4582//12322 4583//6611
f 4579//6613 4583//12323 4584//6614
f 4584//6616 4588//12324 4589//6617
f 4583//6619 4582//12325 4586//6620
f 4584//12326 4583//12326 4587//12326
f 4589//6623 4588//12327 4592//6624
f 4586//6620 4590//12328 4591//6626
f 4587//12329 4591//12329 4592//12329
f 4592//12330 4596//12330 4597//12330
f 4591//6629 4590//12331 4594//6630
f 4592//12332 4591//12332 4595//12332
f 4597//6633 4596//12333 4601//6634
f 4594//6636 4599//12334 4600//6637
f 4595//12335 4600//12335 4601//12335
f 4602//6640 4601//12336 4605//6641
f 4600//6643 4599//12337 4603//6644
f 4601//12338 4600//12338 4604//12338
f 4606//6690 4605//12339 4480//6691
f 4603//6693 4478//12340 4479//6694
f 4604//6696 4479//12341 4480//6697
f 4615//6700 4614//12342 4627//6701
f 4612//6703 4625//12343 4626//6703
f 4611//6705 4610//12344 4623//6706
f 4609//6708 4608//12345 4621//6709
f 4618//6711 4617//12346 4630//6712
f 4615//6714 4628//12347 4629//6715
f 4613//6717 4626//12348 4627//6717
f 4612//6719 4611//12349 4624//6720
f 4609//6722 4622//12350 4623//6723
f 4607//6725 4620//12351 4621//6726
f 4619//6728 4618//12352 4631//6729
f 4617//6731 4616//6732 4629//6732
f 4622//6734 4635//12353 4636//6735
f 4620//6737 4633//12354 4634//6738
f 4632//6740 4631//12355 4644//6741
f 4629//6743 4642//12356 4643//6744
f 4628//6746 4627//12357 4640//6747
f 4626//6748 4625//12358 4638//6748
f 4624//6750 4623//12359 4636//6751
f 4622//6753 4621//12360 4634//6754
f 4631//6756 4630//12361 4643//6757
f 4628//6759 4641//12362 4642//6760
f 4626//6762 4639//12363 4640//6762
f 4624//6764 4637//12364 4638//6765
f 4635//6767 4648//12365 4649//6768
f 4634//6770 4633//12366 4646//6771
f 4644//6773 4657//12367 4658//6774
f 4642//6776 4655//12368 4656//6777
f 4641//6779 4640//6779 4653//6779
f 4639//6780 4638//12369 4651//6781
f 4636//6783 4649//12370 4650//6784
f 4635//6786 4634//12371 4647//6787
f 4643//6789 4656//12372 4657//6790
f 4642//6792 4641//12373 4654//6793
f 4640//6795 4639//12374 4652//6796
f 4637//6798 4650//12375 4651//6798
f 4648//6800 4661//12376 4662//6801
f 4646//6803 4659//12377 4660//6804
f 4658//6806 4657//12378 4670//6807
f 4656//6809 4655//6810 4668//6810
f 4653//6812 4666//12379 4667//6813
f 4651//6815 4664//12380 4665//6816
f 4649//6818 4662//12381 4663//6819
f 4648//6821 4647//12382 4660//6822
f 4656//6824 4669//12383 4670//6825
f 4654//6826 4667//12384 4668//6827
f 4653//6829 4652//12385 4665//6830
f 4651//6832 4650//12386 4663//6832
f 4661//6834 4674//12387 4675//6835
f 4660//6837 4659//12388 4672//6837
f 4670//6839 4683//12389 4684//6840
f 4668//6842 4681//12390 4682//6843
f 4667//6845 4666//12391 4679//6845
f 4665//6847 4664//12392 4677//6847
f 4663//6849 4662//12393 4675//6849
f 4661//6851 4660//12394 4673//6852
f 4670//6854 4669//6855 4682//6855
f 4667//6857 4680//12395 4681//6858
f 4665//6860 4678//12396 4679//6860
f 4663//6862 4676//12397 4677//6862
f 4675//6864 4674//12398 4687//6865
f 4672//6867 4685//12399 4686//6868
f 4684//6870 4683//12400 4696//6871
f 4682//6873 4681//12401 4694//6874
f 4679//6876 4692//12402 4693//6877
f 4678//6879 4677//12403 4690//6879
f 4676//6881 4675//12404 4688//6881
f 4673//6883 4686//12405 4687//6884
f 4683//6886 4682//12406 4695//6887
f 4681//6889 4680//12407 4693//6890
f 4678//6892 4691//12408 4692//6893
f 4676//6895 4689//12409 4690//6895
f 4688//6897 4687//12410 4700//6898
f 4686//6900 4685//6900 4698//6900
f 4696//6902 4709//12411 4710//6903
f 4695//6905 4694//12412 4707//6906
f 4692//6908 4705//6908 4706//6909
f 4691//6911 4690//12413 4703//6911
f 4688//6913 4701//12414 4702//6914
f 4686//6916 4699//12415 4700//6917
f 4695//6919 4708//12416 4709//6920
f 4694//6922 4693//12417 4706//6922
f 4692//6924 4691//12418 4704//6925
f 4689//6927 4702//12419 4703//6927
f 4701//6929 4700//12420 4713//6929
f 4699//6931 4698//12421 4711//6932
f 4710//6934 4709//6935 4722//6935
f 4707//6937 4720//12422 4721//6937
f 4705//6939 4718//12423 4719//6940
f 4704//6942 4703//12424 4716//6943
f 4701//6945 4714//12425 4715//6945
f 4699//6947 4712//6947 4713//6948
f 4709//6949 4708//12426 4721//6950
f 4707//6952 4706//12427 4719//6953
f 4705//6955 4704//12428 4717//6956
f 4702//6958 4715//12429 4716//6959
f 4713//6961 4726//12430 4727//6962
f 4711//6964 4724//12431 4725//6965
f 4723//6967 4722//12432 4735//6968
f 4721//6970 4720//12433 4733//6971
f 4719//6973 4718//12434 4731//6973
f 4716//6975 4729//12435 4730//6976
f 4715//6978 4714//12436 4727//6978
f 4713//6980 4712//12437 4725//6981
f 4721//6983 4734//12438 4735//6984
f 4719//6986 4732//12439 4733//6986
f 4717//6987 4730//12440 4731//6988
f 4716//6990 4715//12441 4728//6991
f 4726//6993 4739//12442 4740//6994
f 4724//6996 4737//12443 4738//6996
f 4736//6998 4735//12444 4748//6999
f 4733//7001 4746//12445 4747//7002
f 4732//7004 4731//12446 4744//7005
f 4730//7007 4729//12447 4742//7008
f 4728//7010 4727//12448 4740//7011
f 4726//7013 4725//12449 4738//7014
f 4735//7016 4734//12450 4747//7017
f 4732//7019 4745//12451 4746//7020
f 4730//7022 4743//12452 4744//7023
f 4728//7025 4741//12453 4742//7025
f 4739//7027 4752//12454 4753//7028
f 4738//7030 4737//12455 4750//7030
f 4748//7032 4761//12456 4762//7033
f 4746//7035 4759//12457 4760//7036
f 4745//7038 4744//12458 4757//7038
f 4743//7040 4742//12459 4755//7041
f 4740//7043 4753//12460 4754//7043
f 4739//7045 4738//7046 4751//7046
f 4747//7048 4760//12461 4761//7049
f 4745//7051 4758//12462 4759//7051
f 4744//7053 4743//12463 4756//7054
f 4741//7056 4754//12464 4755//7057
f 4753//7059 4752//7059 4765//7059
f 4750//7060 4763//12465 4764//7061
f 4762//7063 4761//12466 4774//7064
f 4759//7066 4772//12467 4773//7067
f 4758//7069 4757//12468 4770//7070
f 4755//7072 4768//12469 4769//7073
f 4753//7075 4766//12470 4767//7075
f 4752//7077 4751//12471 4764//7077
f 4760//7079 4773//12472 4774//7080
f 4758//7082 4771//12473 4772//7083
f 4757//7085 4756//12474 4769//7086
f 4755//7088 4754//7088 4767//7088
f 4765//7090 4778//12475 4779//7090
f 4764//7092 4763//12476 4776//7093
f 4774//7095 4787//12477 4788//7096
f 4772//7098 4785//12478 4786//7099
f 4771//7101 4770//12479 4783//7102
f 4769//7103 4768//12480 4781//7103
f 4767//7105 4766//7105 4779//7105
f 4765//7106 4764//12481 4777//7107
f 4774//7109 4773//12482 4786//7110
f 4771//7112 4784//12483 4785//7113
f 4769//7115 4782//12484 4783//7115
f 4767//7117 4780//12485 4781//7117
f 4779//7119 4778//12486 4791//7120
f 4776//7122 4789//12487 4790//7123
f 4788//7125 4787//12488 4800//7126
f 4786//7128 4785//12489 4798//7129
f 4783//7131 4796//12490 4797//7132
f 4782//7134 4781//12491 4794//7135
f 4780//7137 4779//12492 4792//7137
f 4777//7139 4790//12493 4791//7140
f 4787//7142 4786//12494 4799//7143
f 4785//7145 4784//12495 4797//7146
f 4782//7148 4795//12496 4796//7149
f 4780//7151 4793//12497 4794//7152
f 4792//7153 4791//12498 4804//7154
f 4790//7156 4789//12499 4802//7157
f 4800//7159 4813//7159 4814//7160
f 4799//7162 4798//12500 4811//7163
f 4796//7165 4809//12501 4810//7166
f 4795//7168 4794//12502 4807//7168
f 4792//7170 4805//12503 4806//7170
f 4790//7172 4803//12504 4804//7173
f 4799//7175 4812//12505 4813//7176
f 4798//7178 4797//12506 4810//7179
f 4796//7181 4795//12507 4808//7182
f 4793//7184 4806//12508 4807//7185
f 4805//7187 4804//12509 4817//7188
f 4803//7190 4802//12510 4815//7191
f 4814//7193 4813//12511 4826//7193
f 4811//7194 4824//12512 4825//7195
f 4809//7197 4822//12513 4823//7198
f 4808//7200 4807//12514 4820//7201
f 4805//7203 4818//7203 4819//7203
f 4803//7204 4816//12515 4817//7204
f 4813//7206 4812//12516 4825//7207
f 4811//7209 4810//12517 4823//7210
f 4809//7212 4808//12518 4821//7213
f 4806//7215 4819//12519 4820//7216
f 4817//7218 4830//12520 4831//7219
f 4815//7221 4828//12521 4829//7222
f 4826//7224 4839//7225 4840//7225
f 4825//7226 4824//12522 4837//7227
f 4823//7229 4822//12523 4835//7230
f 4820//7232 4833//12524 4834//7233
f 4819//7235 4818//12525 4831//7236
f 4817//7238 4816//12526 4829//7239
f 4825//7241 4838//12527 4839//7242
f 4823//7244 4836//12528 4837//7245
f 4821//7247 4834//12529 4835//7247
f 4820//7249 4819//12530 4832//7249
f 4830//7251 4843//12531 4844//7252
f 4828//7254 4841//7254 4842//7254
f 4840//7255 4839//7257 4852//7256
f 4837//7258 4850//12532 4851//7259
f 4836//7261 4835//12533 4848//7262
f 4834//7264 4833//12534 4846//7264
f 4832//7266 4831//12535 4844//7267
f 4830//7269 4829//12536 4842//7270
f 4839//7272 4838//12537 4851//7273
f 4836//7275 4849//12538 4850//7276
f 4834//7278 4847//12539 4848//7279
f 4832//7281 4845//12540 4846//7281
f 4843//7283 4856//12541 4857//7284
f 4842//7286 4841//12542 4854//7287
f 4852//7289 4865//12543 4866//7289
f 4850//7291 4863//12544 4864//7292
f 4849//7294 4848//12545 4861//7295
f 4847//7297 4846//12546 4859//7297
f 4844//7299 4857//12547 4858//7300
f 4843//7301 4842//12548 4855//7302
f 4851//7304 4864//12549 4865//7305
f 4849//7307 4862//12550 4863//7308
f 4848//7310 4847//12551 4860//7310
f 4845//7312 4858//12552 4859//7312
f 4857//7314 4856//12553 4869//7315
f 4855//7317 4854//12554 4867//7318
f 4866//7320 4865//12555 4878//7321
f 4864//7323 4863//12556 4876//7324
f 4862//7326 4861//7327 4874//7327
f 4859//7328 4872//12557 4873//7328
f 4857//7330 4870//7330 4871//7330
f 4856//7332 4855//12558 4868//7333
f 4864//7335 4877//12559 4878//7335
f 4862//7337 4875//12560 4876//7338
f 4861//7340 4860//7340 4873//7340
f 4859//7341 4858//12561 4871//7341
f 4869//7343 4882//12562 4883//7344
f 4868//7346 4867//12563 4880//7347
f 4878//7349 4891//12564 4892//7350
f 4877//7352 4876//12565 4889//7353
f 4874//7355 4887//12566 4888//7356
f 4873//7358 4872//12567 4885//7358
f 4871//7360 4870//12568 4883//7360
f 4868//7362 4881//12569 4882//7363
f 4878//7365 4877//12570 4890//7366
f 4876//7368 4875//12571 4888//7368
f 4873//7370 4886//12572 4887//7370
f 4871//7372 4884//12573 4885//7372
f 4883//7374 4882//12574 4896//7375
f 4880//7377 4894//12575 4895//7378
f 4892//7380 4891//12576 4905//7381
f 4890//7383 4889//7383 4903//7383
f 4887//7384 4901//12577 4902//7385
f 4885//7387 4899//12578 4900//7388
f 4884//7390 4883//12579 4897//7391
f 4881//7393 4895//12580 4896//7394
f 4891//7396 4890//12581 4904//7397
f 4889//7399 4888//12582 4902//7400
f 4886//7402 4900//12583 4901//7402
f 4885//7404 4884//12584 4898//7404
f 4897//7406 4896//12585 4909//7407
f 4895//7409 4894//12586 4907//7410
f 4905//7412 4918//12587 4919//7413
f 4904//7415 4903//12588 4916//7416
f 4901//7418 4914//12589 4915//7419
f 4899//7421 4912//12590 4913//7422
f 4897//7424 4910//12591 4911//7424
f 4895//7426 4908//12592 4909//7427
f 4904//7429 4917//12593 4918//7430
f 4903//7432 4902//12594 4915//7433
f 4901//7435 4900//12595 4913//7436
f 4899//7438 4898//12596 4911//7438
f 4910//7440 4909//12597 4922//7441
f 4908//7443 4907//12598 4920//7444
f 4919//7446 4918//7447 4931//7446
f 4916//7448 4929//12599 4930//7449
f 4914//7451 4927//12600 4928//7452
f 4913//7454 4912//12601 4925//7455
f 4910//7457 4923//12602 4924//7458
f 4908//7460 4921//12603 4922//7461
f 4918//7463 4917//12604 4930//7464
f 4916//7466 4915//12605 4928//7467
f 4914//7469 4913//12606 4926//7469
f 4911//7471 4924//12607 4925//7471
f 4922//7473 4935//12608 4936//7474
f 4920//7476 4933//12609 4934//7477
f 4931//7479 4944//12610 4945//7480
f 4930//7482 4929//12611 4942//7483
f 4928//7485 4927//12612 4940//7485
f 4925//7487 4938//12613 4939//7488
f 4924//7490 4923//12614 4936//7491
f 4922//7493 4921//12615 4934//7494
f 4930//7496 4943//12616 4944//7497
f 4928//7499 4941//12617 4942//7500
f 4926//7502 4939//12618 4940//7503
f 4925//7505 4924//12619 4937//7506
f 4935//7508 4948//12620 4949//7509
f 4933//7511 4946//12621 4947//7512
f 4945//7514 4944//12622 4957//7514
f 4942//7516 4955//12623 4956//7517
f 4941//7519 4940//12624 4953//7520
f 4938//7522 4951//12625 4952//7523
f 4937//7525 4936//12626 4949//7526
f 4935//7528 4934//12627 4947//7529
f 4944//7531 4943//12628 4956//7532
f 4941//7534 4954//12629 4955//7535
f 4939//7537 4952//12630 4953//7537
f 4938//7539 4937//12631 4950//7539
f 4948//7541 4961//12632 4962//7542
f 4947//7544 4946//12633 4959//7545
f 4957//7547 4970//12634 4971//7548
f 4955//7550 4968//12635 4969//7551
f 4954//7553 4953//12636 4966//7554
f 4951//7556 4964//12637 4965//7556
f 4949//7558 4962//12638 4963//7559
f 4948//7561 4947//12639 4960//7562
f 4956//7564 4969//7565 4970//7565
f 4954//7567 4967//12640 4968//7568
f 4953//7570 4952//12641 4965//7571
f 4951//7573 4950//12642 4963//7574
f 4962//7576 4961//12643 4974//7577
f 4959//7579 4972//12644 4973//7580
f 4971//7582 4970//12645 4983//7583
f 4968//7585 4981//12646 4982//7586
f 4966//7588 4979//12647 4980//7589
f 4964//7591 4977//12648 4978//7591
f 4962//7593 4975//12649 4976//7594
f 4960//7596 4973//12650 4974//7597
f 4969//7599 4982//12651 4983//7600
f 4967//7602 4980//12652 4981//7603
f 4966//7605 4965//12653 4978//7606
f 4964//7608 4963//12654 4976//7608
f 4975//7610 4974//12655 4987//7611
f 4973//7613 4972//12656 4985//7614
f 4983//7616 4996//12657 4997//7617
f 4981//7619 4994//7619 4995//7620
f 4979//7622 4992//12658 4993//7623
f 4978//7625 4977//12659 4990//7625
f 4976//7627 4975//12660 4988//7627
f 4973//7629 4986//12661 4987//7630
f 4983//7632 4982//12662 4995//7633
f 4981//7635 4980//12663 4993//7635
f 4978//7637 4991//7637 4992//7637
f 4976//7638 4989//12664 4990//7638
f 4988//7640 4987//12665 5000//7641
f 4985//7643 4998//12666 4999//7644
f 4997//7646 4996//12667 5009//7647
f 4995//7649 4994//12668 5007//7650
f 4992//7652 5005//12669 5006//7653
f 4991//7655 4990//7655 5003//7655
f 4989//7657 4988//12670 5001//7657
f 4986//7659 4999//12671 5000//7660
f 4996//7662 4995//7663 5008//7663
f 4994//7665 4993//12672 5006//7666
f 4991//7668 5004//12673 5005//7668
f 4989//7669 5002//12674 5003//7669
f 5001//7671 5000//12675 5013//7671
f 4999//7673 4998//12676 5011//7674
f 5009//7676 5022//12677 5023//7677
f 5008//7679 5007//12678 5020//7680
f 5005//7682 5018//12679 5019//7683
f 5004//7685 5003//12680 5016//7686
f 5001//7688 5014//12681 5015//7689
f 4999//7691 5012//12682 5013//7692
f 5008//7694 5021//12683 5022//7695
f 5007//6234 5006//12684 5019//7697
f 5005//7699 5004//12685 5017//7700
f 5002//7702 5015//12686 5016//7703
f 5014//7750 5013//12687 4609//7751
f 5012//12688 5011//12688 4607//12688
f 5022//7754 4618//12689 4619//7755
f 5020//7757 4616//7759 4617//7758
f 5018//7760 4614//12690 4615//7760
f 5017//7762 5016//12691 4612//7763
f 5014//7765 4610//12692 4611//7766
f 5012//7768 4608//12693 4609//7769
f 5021//7772 4617//7772 4618//7772
f 5020//7774 5019//12694 4615//7775
f 5018//7777 5017//12695 4613//7777
f 5015//7779 4611//12696 4612//7779
f 4481//7781 4607//12697 5011//7782
f 5011//7784 4998//12698 4602//7785
f 4998//12699 4985//12699 4597//12699
f 4985//12700 4972//12700 4593//12700
f 4593//7789 4972//12701 4959//7790
f 4589//12702 4959//12702 4946//12702
f 4585//7793 4946//12703 4933//7794
f 4933//7796 4920//12704 4577//7797
f 4577//7799 4920//12705 4907//7800
f 4907//7802 4894//12706 4569//7803
f 4894//7805 4880//12707 4565//7806
f 4880//7808 4867//12708 4561//7809
f 4561//7811 4867//12709 4854//7812
f 4557//7814 4854//12710 4841//7815
f 4553//7817 4841//12711 4828//7818
f 4828//7820 4815//12712 4545//7820
f 4545//7822 4815//12713 4802//7823
f 4802//7825 4789//12714 4537//7826
f 4789//7828 4776//12715 4533//7829
f 4776//7831 4763//12716 4529//7832
f 4529//7834 4763//12717 4750//7835
f 4525//7837 4750//12718 4737//7838
f 4521//7840 4737//12719 4724//7841
f 4724//7843 4711//12720 4513//7843
f 4513//7845 4711//12721 4698//7845
f 4698//7847 4685//12722 4505//7848
f 4685//7850 4672//12723 4501//7851
f 4672//7853 4659//12724 4497//7854
f 4497//7856 4659//12725 4646//7857
f 4493//7859 4646//12726 4633//7860
f 4489//7862 4633//12727 4620//7863
f 4620//7865 4607//12728 4481//7866
