# Blender 4.4.0
# www.blender.org
#mtllib sentence01.000018.mtl
#o sentence01.000018
v 0.052036 -0.029112 -0.021544
v 0.055261 -0.027477 -0.020284
v 0.056061 -0.026998 -0.021833
v 0.052857 -0.028734 -0.022552
v 0.066175 -0.035039 -0.021255
v 0.067451 -0.030934 -0.024854
v 0.066977 -0.030146 -0.027515
v 0.066744 -0.032761 -0.027558
v 0.022042 -0.085514 0.016381
v 0.008499 -0.090837 0.014916
v 0.007522 -0.085470 0.024906
v 0.019129 -0.077085 0.028989
v 0.032633 -0.053929 0.050936
v 0.028081 -0.060703 0.043057
v 0.028433 -0.061620 0.055801
v 0.035510 -0.052987 0.059042
v 0.021484 0.052634 -0.077683
v 0.029100 0.047551 -0.076595
v 0.028334 0.052149 -0.070882
v -0.071439 -0.041022 -0.026490
v -0.075160 -0.039863 -0.025494
v -0.075727 -0.039629 -0.026951
v -0.071948 -0.040860 -0.027546
v -0.082310 -0.049152 -0.026662
v -0.083578 -0.045085 -0.030221
v -0.082955 -0.044123 -0.032543
v -0.082323 -0.046814 -0.032608
v 0.021356 0.056438 -0.071978
v 0.084286 -0.042535 -0.042386
v 0.084754 -0.043871 -0.039753
v 0.085462 -0.042349 -0.037790
v 0.084861 -0.040799 -0.040016
v 0.080049 -0.043658 -0.025265
v 0.080004 -0.044201 -0.032562
v 0.081604 -0.044459 -0.035012
v 0.082095 -0.044083 -0.032634
v 0.080638 -0.040027 -0.014898
v 0.079284 -0.039917 -0.015617
v 0.080828 -0.042076 -0.019980
v 0.082740 -0.042497 -0.019429
v 0.063181 -0.013999 0.006165
v 0.066621 -0.016892 0.002666
v 0.066808 -0.017999 0.006084
v 0.061736 -0.016245 0.007641
v 0.058329 -0.017720 0.004989
v 0.063395 -0.022028 0.005328
v 0.062996 -0.023613 0.001045
v 0.058815 -0.020537 0.001020
v 0.078597 -0.030278 -0.051984
v 0.079656 -0.028958 -0.048487
v 0.078503 -0.026617 -0.047587
v 0.077034 -0.028028 -0.050978
v 0.062359 -0.040123 -0.022381
v 0.060398 -0.038335 -0.016429
v 0.066391 -0.040557 -0.020931
v 0.066946 -0.041230 -0.023383
v 0.077611 -0.035721 -0.042733
v 0.078289 -0.038697 -0.043187
v 0.078799 -0.040168 -0.040987
v 0.077444 -0.038008 -0.039843
v 0.080944 -0.043517 -0.044281
v 0.081457 -0.044924 -0.041330
v 0.061387 -0.015042 -0.004485
v 0.060641 -0.014709 -0.008108
v 0.060989 -0.016229 -0.009382
v 0.061297 -0.017513 -0.008203
v 0.065177 -0.032539 -0.021275
v 0.067010 -0.029825 -0.026001
v 0.076460 -0.034225 -0.004229
v 0.076288 -0.033307 -0.006324
v 0.078936 -0.036668 -0.010441
v 0.078946 -0.038009 -0.009023
v 0.073979 -0.030884 -0.008467
v 0.076322 -0.034287 -0.011400
v 0.077084 -0.036530 -0.012184
v 0.076326 -0.034273 -0.009937
v 0.080332 -0.036716 -0.044980
v 0.078941 -0.031704 -0.047372
v 0.080409 -0.030559 -0.046116
v 0.082012 -0.034814 -0.043841
v 0.069394 -0.040840 -0.034373
v 0.067785 -0.039069 -0.039168
v 0.066647 -0.039253 -0.038619
v 0.067752 -0.040848 -0.034528
v 0.080594 -0.041529 -0.042062
v 0.081004 -0.042956 -0.039787
v 0.079137 -0.041822 -0.038583
v 0.068629 -0.025293 -0.040843
v 0.070271 -0.027152 -0.041903
v 0.070417 -0.028093 -0.040354
v 0.070182 -0.027338 -0.039211
v 0.066690 -0.021753 0.006532
v 0.058880 -0.031885 -0.008551
v 0.060591 -0.033537 -0.008914
v 0.063436 -0.036223 -0.012764
v 0.061770 -0.036626 -0.013967
v 0.057774 -0.012083 0.003210
v 0.061239 -0.012076 0.003488
v 0.062010 -0.013323 0.004796
v 0.058847 -0.013029 0.006177
v 0.071368 -0.027139 -0.045021
v 0.073419 -0.028780 -0.044123
v 0.071604 -0.028468 -0.043525
v 0.070292 -0.027188 -0.044096
v 0.078243 -0.042643 -0.030826
v 0.077690 -0.040047 -0.037160
v 0.078090 -0.036411 -0.021766
v 0.077863 -0.039901 -0.022125
v 0.078312 -0.037719 -0.017941
v -0.031237 -0.086980 0.013537
v -0.017115 -0.091653 0.013055
v -0.017393 -0.086233 0.022324
v -0.029240 -0.079241 0.026603
v 0.077590 -0.034700 -0.017839
v 0.077565 -0.036414 -0.029736
v 0.077610 -0.040347 -0.029790
v 0.082831 -0.041420 -0.037407
v 0.083033 -0.042909 -0.031619
v 0.082035 -0.042219 -0.038306
v 0.065829 -0.037768 -0.042154
v 0.068041 -0.042797 -0.045216
v 0.066498 -0.044640 -0.039426
v 0.066052 -0.039463 -0.039878
v 0.060897 -0.017300 -0.013360
v 0.061624 -0.019012 -0.015737
v 0.059368 -0.021115 -0.013332
v 0.058763 -0.020205 -0.010587
v 0.064339 -0.035059 -0.010524
v 0.061576 -0.032720 -0.007821
v 0.062304 -0.032043 -0.006984
v 0.065092 -0.033630 -0.008740
v 0.075729 -0.030429 -0.044537
v 0.075526 -0.031940 -0.040326
v 0.074014 -0.030777 -0.040567
v 0.067586 -0.024614 -0.008655
v 0.068067 -0.026940 -0.009774
v 0.070474 -0.027257 -0.007556
v 0.069694 -0.025243 -0.005667
v 0.071912 -0.028316 0.002373
v 0.068745 -0.029110 0.002091
v 0.066000 -0.025411 0.004192
v 0.069369 -0.025056 0.004798
v 0.060490 -0.018834 -0.009448
v 0.060812 -0.016835 -0.010816
v 0.072175 -0.042197 -0.034471
v 0.070805 -0.039700 -0.040244
v 0.076783 -0.035865 -0.038513
v 0.077158 -0.037562 -0.036070
v 0.063874 -0.022849 -0.026941
v 0.062480 -0.024757 -0.027525
v 0.062422 -0.024674 -0.026579
v 0.064194 -0.022607 -0.025343
v 0.063515 -0.021333 -0.026472
v 0.063760 -0.021193 -0.024756
v 0.062965 -0.020412 -0.024708
v 0.062671 -0.020261 -0.025606
v 0.061783 -0.025420 -0.027711
v 0.062091 -0.025068 -0.027438
v 0.062480 -0.025086 -0.028011
v 0.068372 -0.033674 -0.030411
v 0.067646 -0.034970 -0.022825
v 0.067347 -0.035957 -0.021473
v 0.069475 -0.033307 -0.027296
v 0.078326 -0.042134 -0.023070
v 0.074487 -0.023965 -0.047855
v 0.072649 -0.025007 -0.050539
v 0.075343 -0.028491 -0.053056
v 0.060140 -0.031214 -0.011541
v 0.063991 -0.027941 -0.011421
v 0.062615 -0.026559 -0.011452
v 0.060053 -0.029505 -0.011304
v 0.060329 -0.024238 -0.017779
v 0.057509 -0.024336 -0.014454
v 0.061559 -0.021837 -0.016040
v 0.064824 -0.020474 -0.032413
v 0.064104 -0.023701 -0.028657
v 0.063507 -0.022451 -0.027714
v 0.063363 -0.021091 -0.028041
v 0.080583 -0.040984 -0.014369
v 0.082459 -0.043669 -0.019337
v 0.080135 -0.044882 -0.019673
v 0.078515 -0.042205 -0.014269
v 0.059261 -0.012049 -0.001096
v 0.054395 -0.016071 -0.000100
v 0.058203 -0.013290 -0.004641
v 0.082193 -0.037756 -0.049194
v 0.079716 -0.038375 -0.051158
v 0.080157 -0.040386 -0.049173
v 0.083017 -0.039641 -0.047211
v 0.066568 -0.027558 -0.033835
v 0.066050 -0.027795 -0.031731
v 0.066362 -0.026400 -0.032962
v 0.066190 -0.026217 -0.035305
v 0.046502 -0.070007 0.002470
v 0.055183 -0.049369 0.002434
v 0.059174 -0.060352 -0.011737
v 0.050942 -0.077714 -0.011375
v 0.072534 -0.027742 -0.000751
v 0.071546 -0.024706 0.001510
v 0.067064 -0.018464 -0.040017
v 0.065606 -0.018271 -0.041564
v 0.066039 -0.021682 -0.046793
v 0.068131 -0.019733 -0.043923
v 0.082369 -0.046900 -0.033808
v 0.085249 -0.045750 -0.032764
v 0.071170 -0.025441 -0.045110
v 0.073623 -0.028021 -0.047533
v 0.071823 -0.027258 -0.045583
v 0.070395 -0.025884 -0.044451
v 0.070670 -0.022805 -0.037078
v 0.071389 -0.022591 -0.038307
v 0.069634 -0.022898 -0.039300
v 0.068614 -0.023283 -0.038095
v 0.063714 -0.019570 -0.046397
v 0.065056 -0.024681 -0.051426
v 0.057329 -0.031568 -0.007725
v 0.069636 -0.020069 -0.038918
v 0.070489 -0.020157 -0.041404
v 0.072061 -0.022250 -0.039948
v -0.046701 -0.058856 0.048628
v -0.042321 -0.065386 0.040441
v -0.040252 -0.067534 0.053794
v -0.048166 -0.058478 0.056528
v 0.059621 -0.013135 -0.009445
v 0.061033 -0.014912 -0.010710
v 0.069854 -0.025760 -0.044204
v 0.069077 -0.025767 -0.043147
v 0.067929 -0.024283 -0.039330
v 0.068896 -0.026381 -0.038360
v 0.072769 -0.031647 -0.030983
v 0.073749 -0.032736 -0.022545
v 0.060037 -0.046275 -0.012757
v 0.055669 -0.031637 0.000077
v 0.068469 -0.023280 -0.039797
v 0.068570 -0.023480 -0.040332
v 0.067939 -0.023383 -0.039619
v 0.067578 -0.023784 -0.038811
v 0.070145 -0.021652 0.003556
v 0.072404 -0.030935 -0.037414
v 0.070002 -0.028879 -0.035707
v 0.071361 -0.029192 -0.037671
v 0.082971 -0.042814 -0.023875
v 0.084536 -0.042691 -0.031194
v 0.086114 -0.043698 -0.031287
v 0.084500 -0.043718 -0.023675
v 0.056150 -0.016512 0.003518
v 0.066079 -0.029221 -0.030892
v 0.066910 -0.028840 -0.029538
v 0.067648 -0.026826 -0.036904
v 0.066853 -0.024317 -0.037999
v 0.061149 -0.014789 -0.013715
v 0.079505 -0.038465 -0.045832
v 0.080186 -0.039946 -0.044106
v 0.078191 -0.037354 -0.044812
v 0.078045 -0.035791 -0.045916
v 0.077562 -0.034112 -0.048238
v 0.077141 -0.033612 -0.048926
v 0.078864 -0.036711 -0.047450
v 0.069697 -0.027434 -0.037372
v 0.070738 -0.028266 -0.038295
v 0.067621 -0.022237 -0.007869
v 0.068610 -0.021972 -0.002542
v 0.077719 -0.035121 -0.014319
v 0.076216 -0.032374 -0.014946
v 0.077065 -0.045615 -0.025608
v 0.077315 -0.045549 -0.034109
v 0.074780 -0.043451 -0.034263
v 0.075076 -0.043996 -0.026171
v 0.067213 -0.041566 -0.028764
v 0.064155 -0.042043 -0.029632
v 0.062350 -0.019754 -0.026498
v 0.061944 -0.017692 -0.030366
v 0.066509 -0.026168 -0.036116
v 0.066547 -0.024729 -0.037787
v 0.068588 -0.037553 -0.012548
v 0.064777 -0.030113 -0.005682
v 0.069124 -0.035723 -0.010177
v 0.060249 -0.028128 -0.006015
v 0.059864 -0.025667 -0.004922
v 0.062810 -0.027230 -0.004166
v 0.073638 -0.029865 -0.010225
v 0.076046 -0.032166 -0.011630
v 0.062438 -0.026035 -0.027195
v 0.061480 -0.027962 -0.025625
v 0.060378 -0.025999 -0.027221
v 0.075961 -0.033717 -0.030067
v 0.076770 -0.034292 -0.022091
v 0.071233 -0.023105 -0.040488
v 0.067721 -0.023876 -0.031018
v 0.068418 -0.021552 -0.034423
v 0.074473 -0.022951 -0.043091
v 0.073192 -0.023404 -0.041821
v 0.072303 -0.023216 -0.041043
v 0.073080 -0.022282 -0.041449
v 0.054182 -0.028623 -0.018059
v 0.055970 -0.026598 -0.016093
v 0.057981 -0.025663 -0.019196
v 0.076438 -0.031140 -0.048170
v 0.076738 -0.032268 -0.046410
v 0.073376 -0.040884 -0.040591
v 0.070889 -0.027965 -0.042120
v 0.070905 -0.029106 -0.040751
v 0.071118 -0.038821 -0.053298
v 0.069600 -0.034543 -0.051281
v 0.068925 -0.033223 -0.051627
v 0.070527 -0.034254 -0.055928
v 0.059160 -0.022017 -0.001421
v 0.062211 -0.024766 -0.001313
v 0.061796 -0.025446 -0.003063
v 0.059619 -0.023505 -0.003476
v 0.061388 -0.026200 -0.011472
v 0.059538 -0.028525 -0.011216
v 0.078099 -0.039214 -0.015812
v 0.077750 -0.037584 -0.014900
v 0.078356 -0.040198 -0.018922
v 0.078649 -0.041897 -0.020301
v 0.067186 -0.030615 -0.034761
v 0.067389 -0.029100 -0.033429
v 0.067414 -0.034036 -0.046285
v 0.070267 -0.035169 -0.047934
v 0.069973 -0.032711 -0.050094
v 0.067839 -0.032857 -0.048752
v 0.075960 -0.042685 -0.041049
v 0.070901 -0.029122 -0.039260
v 0.071180 -0.029945 -0.039323
v 0.070753 -0.028568 -0.039702
v 0.067831 -0.023740 -0.037259
v 0.069895 -0.023744 -0.035934
v 0.074550 -0.024226 -0.043400
v 0.077739 -0.026561 -0.046312
v 0.076700 -0.027877 -0.047065
v 0.073945 -0.024510 -0.044312
v 0.069148 -0.024038 -0.041925
v 0.009579 -0.100433 0.004798
v 0.013017 -0.111938 -0.002696
v -0.051660 0.047671 -0.081459
v -0.058380 0.041612 -0.080394
v -0.058695 0.046195 -0.075024
v -0.051941 0.050966 -0.075466
v 0.070543 -0.025649 -0.050501
v 0.070655 -0.029087 -0.052013
v 0.072256 -0.028834 -0.052699
v 0.071361 -0.025784 -0.051171
v 0.077831 -0.035442 -0.044822
v 0.081337 -0.040907 -0.040906
v 0.067319 -0.027957 -0.027539
v 0.064005 -0.029104 -0.024650
v 0.052969 -0.029313 -0.024297
v 0.053489 -0.028929 -0.025494
v 0.054248 -0.030060 -0.025161
v 0.054094 -0.030621 -0.024249
v 0.056637 -0.031239 -0.018550
v 0.058535 -0.030205 -0.017409
v 0.057039 -0.028761 -0.015878
v 0.055615 -0.030520 -0.017160
v 0.052085 -0.029905 -0.021474
v 0.052555 -0.029594 -0.023026
v 0.053506 -0.031164 -0.022582
v 0.052864 -0.031816 -0.020937
v 0.075753 -0.029420 -0.048855
v 0.077684 -0.031516 -0.048452
v 0.083542 -0.039714 -0.039113
v 0.084209 -0.041103 -0.036921
v 0.080735 -0.037734 -0.044927
v 0.081167 -0.039250 -0.042994
v 0.061937 -0.018896 -0.018701
v 0.062727 -0.020582 -0.018815
v 0.062343 -0.020579 -0.017102
v 0.084512 -0.039144 -0.041655
v 0.083672 -0.040989 -0.044718
v 0.062071 -0.013560 -0.001160
v 0.060727 -0.012028 0.000739
v 0.030936 0.002756 0.063662
v 0.042514 -0.005806 0.059508
v 0.042291 -0.003861 0.069950
v 0.031461 0.004922 0.074637
v 0.073079 -0.022385 -0.046142
v 0.070692 -0.023910 -0.048840
v 0.051756 -0.030174 -0.019421
v 0.051809 -0.030331 -0.019279
v 0.054127 -0.029835 -0.017289
v 0.056824 -0.026826 -0.023378
v 0.053365 -0.028395 -0.023958
v 0.057781 -0.031176 -0.020162
v 0.057916 -0.029182 -0.025578
v 0.057501 -0.027811 -0.026768
v 0.055844 -0.025366 -0.012323
v 0.056987 -0.027317 -0.011271
v 0.058957 -0.023664 -0.010691
v 0.052924 -0.031857 -0.018689
v 0.067818 -0.028998 -0.036345
v 0.060920 -0.030550 -0.020407
v 0.062069 -0.032215 -0.017940
v 0.060626 -0.031487 -0.015787
v 0.059733 -0.030608 -0.018464
v 0.071986 -0.028318 -0.007488
v 0.071756 -0.028475 -0.009072
v 0.060714 -0.033245 -0.012844
v 0.064448 -0.030867 -0.011752
v 0.067901 -0.027608 -0.030452
v 0.069088 -0.024941 -0.033320
v 0.063408 -0.026448 -0.027304
v 0.061291 -0.029480 -0.022713
v 0.063323 -0.031422 -0.020182
v 0.057243 -0.026893 -0.024612
v 0.060354 -0.025174 -0.024831
v 0.060314 -0.025531 -0.025924
v 0.057476 -0.027144 -0.025625
v 0.072573 -0.030237 -0.040767
v 0.069175 -0.021998 -0.046901
v 0.071917 -0.021049 -0.043818
v 0.074534 -0.051600 -0.057099
v 0.072938 -0.055645 -0.049175
v 0.070626 -0.041894 -0.050152
v 0.058895 -0.030841 -0.021909
v 0.053978 -0.028946 -0.026055
v 0.054364 -0.028510 -0.025457
v 0.078036 -0.036735 -0.011624
v 0.060354 -0.022633 -0.009933
v 0.066900 -0.024401 -0.035371
v 0.076008 -0.044109 -0.020834
v 0.074802 -0.041956 -0.015609
v 0.066594 -0.024532 -0.036874
v 0.066749 -0.024471 -0.037907
v 0.058371 -0.028192 -0.011117
v 0.060508 -0.025039 -0.011001
v 0.067010 -0.024175 -0.038152
v 0.062701 -0.022073 -0.018283
v 0.076829 -0.034642 -0.040012
v 0.067013 -0.029813 -0.001204
v 0.064713 -0.026632 0.000215
v 0.053986 -0.028136 -0.024982
v 0.055841 -0.028133 -0.016229
v 0.058061 -0.029778 -0.023874
v 0.062063 -0.024020 -0.022402
v 0.061343 -0.023861 -0.020087
v 0.063122 -0.021852 -0.020716
v 0.066105 -0.031925 -0.012958
v 0.062068 -0.034701 -0.015341
v 0.063952 -0.035964 -0.016554
v 0.068503 -0.032429 -0.014440
v 0.073422 -0.039511 -0.010561
v 0.071395 -0.036102 -0.006099
v 0.074085 -0.035897 -0.003628
v 0.076898 -0.039345 -0.008530
v 0.076068 -0.062034 -0.072984
v 0.075228 -0.044167 -0.062412
v 0.076284 -0.048208 -0.077692
v 0.074508 -0.038773 -0.048983
v 0.074534 -0.040052 -0.046671
v 0.080549 -0.041999 -0.046909
v 0.067989 -0.029510 -0.054293
v 0.068423 -0.031982 -0.051651
v 0.070147 -0.029727 -0.051336
v 0.081237 -0.046575 -0.024668
v 0.066287 -0.018795 -0.036353
v 0.068793 -0.020515 -0.036577
v 0.067259 -0.038491 -0.013977
v 0.071180 -0.029254 -0.012142
v 0.073964 -0.030409 -0.013134
v 0.080990 -0.031392 -0.048342
v 0.079076 -0.028549 -0.046595
v -0.006309 0.032253 0.073599
v -0.006091 0.030501 0.083471
v -0.007854 0.073298 -0.026634
v -0.006569 0.072036 -0.026399
v -0.007883 0.070855 -0.027969
v -0.008366 0.071479 -0.028023
v -0.007908 0.072841 -0.018041
v -0.008184 0.071888 -0.019345
v -0.006615 0.070792 -0.019275
v -0.006185 0.072003 -0.018497
v -0.009375 0.071130 -0.028053
v -0.010776 0.073809 -0.026156
v -0.009891 0.074544 -0.026296
v -0.009037 0.071425 -0.028008
v 0.080796 -0.032419 -0.051337
v -0.004179 0.072763 -0.019159
v -0.004636 0.071878 -0.020603
v -0.004775 0.073697 -0.021223
v -0.003313 0.074548 -0.020408
v -0.012915 0.081480 -0.019224
v -0.011493 0.081198 -0.021527
v -0.012208 0.078887 -0.020514
v -0.012750 0.078843 -0.018436
v -0.009247 0.080273 -0.022150
v -0.007743 0.082292 -0.022313
v -0.005681 0.080209 -0.022483
v -0.007479 0.078452 -0.021958
v -0.010953 0.073924 -0.022287
v -0.010450 0.075333 -0.020233
v -0.012082 0.077153 -0.022982
v -0.004453 0.072119 -0.023068
v -0.004300 0.070683 -0.022149
v -0.006073 0.070598 -0.025416
v -0.006072 0.070666 -0.025815
v 0.032153 -0.000111 0.046975
v 0.043436 -0.009864 0.046680
v 0.016310 0.049699 -0.039032
v 0.015486 0.051081 -0.036501
v 0.011593 0.051536 -0.037976
v 0.012578 0.050226 -0.040093
v 0.063643 -0.020916 -0.022846
v 0.062857 -0.020009 -0.023677
v 0.074857 -0.041302 -0.043995
v 0.079504 -0.037171 -0.046343
v 0.074650 -0.037132 -0.050573
v 0.073786 -0.032771 -0.052105
v 0.071671 -0.032614 -0.051030
v 0.072183 -0.036119 -0.049273
v 0.082963 -0.035923 -0.045648
v 0.062535 -0.021472 -0.008556
v 0.074160 -0.032412 -0.036252
v 0.073000 -0.030666 -0.052617
v 0.076830 -0.030400 -0.053562
v 0.080888 -0.042800 -0.024501
v 0.083584 -0.037686 -0.044096
v 0.082385 -0.036611 -0.042645
v 0.076021 -0.023554 -0.044897
v 0.066775 -0.035946 -0.019545
v 0.072618 -0.032781 -0.019079
v 0.070834 -0.032627 -0.016219
v -0.101779 -0.057456 -0.048913
v -0.102993 -0.059134 -0.046140
v -0.104028 -0.058049 -0.044210
v -0.102758 -0.056155 -0.046481
v -0.097362 -0.058035 -0.031508
v -0.096511 -0.058969 -0.038596
v -0.097845 -0.059532 -0.041216
v -0.098986 -0.058946 -0.038885
v 0.065912 -0.036066 -0.017397
v 0.066926 -0.029228 -0.032178
v 0.061385 -0.012407 -0.014683
v 0.070538 -0.025782 -0.003072
v -0.099907 -0.054688 -0.021133
v -0.098154 -0.054115 -0.022007
v -0.099489 -0.056495 -0.026345
v -0.101847 -0.057509 -0.025691
v 0.072114 -0.028201 -0.004448
v 0.025189 -0.093893 0.003920
v 0.031064 -0.104614 -0.005140
v 0.083854 -0.045180 -0.024009
v 0.076107 -0.030909 -0.049053
v 0.065580 -0.021608 -0.008216
v 0.066372 -0.018363 -0.003299
v 0.064037 -0.017364 -0.004136
v 0.071029 -0.029790 -0.039876
v 0.066300 -0.038340 -0.015447
v 0.066092 -0.039563 -0.017615
v 0.054557 -0.029704 -0.025811
v 0.070029 -0.035744 -0.008306
v 0.066094 -0.029877 -0.003568
v 0.048288 -0.022039 0.045337
v 0.044803 -0.035896 0.043140
v -0.087706 -0.025574 0.001963
v -0.089990 -0.028905 -0.001606
v -0.090761 -0.029949 0.002008
v -0.085908 -0.027951 0.003474
v 0.044817 -0.031861 0.054514
v 0.047822 -0.018680 0.057462
v 0.059816 -0.015209 -0.028595
v 0.061000 -0.017011 -0.021510
v 0.061577 -0.014904 -0.020353
v 0.007664 0.023121 0.063985
v 0.006564 0.023779 0.078043
v 0.058369 -0.010284 -0.015949
v 0.054731 -0.001193 -0.016337
v 0.056176 -0.001676 -0.031076
v 0.057507 -0.010804 -0.025669
v 0.042456 0.031513 -0.061538
v 0.043421 0.026893 -0.062342
v 0.044641 0.027427 -0.053064
v 0.043170 0.031290 -0.054231
v 0.006094 0.041055 -0.116830
v -0.004286 0.041938 -0.117626
v -0.003227 0.037055 -0.125292
v 0.007248 0.035632 -0.124162
v 0.034182 -0.110389 -0.012772
v 0.036149 -0.115090 -0.024190
v 0.017258 -0.123051 -0.021022
v 0.015444 -0.117722 -0.010655
v 0.009874 0.016546 -0.143444
v -0.000565 0.018896 -0.145002
v 0.000096 0.008670 -0.150554
v -0.082100 -0.029004 0.001457
v -0.085996 -0.033774 0.001871
v -0.084971 -0.035185 -0.002066
v -0.081867 -0.031599 -0.001995
v 0.010742 0.006560 -0.148853
v 0.034340 0.043462 -0.035628
v 0.035845 0.044380 -0.030247
v 0.032016 0.047014 -0.029939
v 0.030803 0.045411 -0.035543
v 0.065248 -0.015630 0.001529
v 0.063903 -0.014560 0.000148
v -0.094816 -0.043418 -0.057123
v -0.095968 -0.042791 -0.053412
v -0.094615 -0.040914 -0.051967
v -0.093003 -0.041225 -0.055639
v -0.078486 -0.049496 -0.026824
v -0.078496 -0.048155 -0.020405
v -0.083547 -0.051027 -0.025428
v -0.083052 -0.051050 -0.028188
v 0.001624 -0.001658 -0.158162
v 0.012686 -0.003041 -0.156697
v -0.004211 0.057482 -0.048570
v -0.092863 -0.050577 -0.048135
v -0.093766 -0.053527 -0.048784
v -0.094650 -0.055020 -0.046792
v -0.093401 -0.052703 -0.045421
v -0.097762 -0.057589 -0.050470
v -0.098898 -0.059306 -0.047460
v -0.085629 -0.026796 -0.009077
v -0.084494 -0.026791 -0.012666
v -0.084670 -0.028565 -0.014409
v -0.085309 -0.029428 -0.013424
v -0.081480 -0.046513 -0.026756
v -0.083336 -0.043823 -0.031173
v -0.095971 -0.047952 -0.010030
v -0.095643 -0.047145 -0.012419
v -0.098147 -0.050920 -0.016743
v -0.097721 -0.052229 -0.015046
v -0.003700 0.054457 -0.050101
v -0.000362 0.053143 -0.046435
v -0.000850 0.055801 -0.044924
v -0.008084 0.053615 -0.091354
v -0.006767 0.050711 -0.098245
v 0.002165 0.050069 -0.097857
v 0.000364 0.053751 -0.090977
v 0.003684 0.051620 -0.043388
v 0.002825 0.053658 -0.041914
v -0.002297 0.031190 -0.131650
v 0.008044 0.029432 -0.130424
v 0.015270 -0.051010 -0.162668
v -0.093437 -0.044958 -0.014713
v -0.095382 -0.048739 -0.017593
v -0.096006 -0.050832 -0.018452
v -0.095581 -0.048484 -0.016248
v 0.015966 -0.042152 -0.162388
v 0.004785 -0.042913 -0.164831
v -0.096047 -0.051301 -0.050613
v -0.094681 -0.046250 -0.052597
v -0.096693 -0.044835 -0.051446
v -0.098427 -0.049307 -0.049758
v 0.005657 -0.056148 -0.165715
v 0.065283 -0.072788 -0.030382
v 0.064406 -0.054988 -0.029737
v 0.070297 -0.057815 -0.040938
v 0.070401 -0.076315 -0.047111
v 0.018050 0.010132 0.058975
v 0.017443 0.011642 0.071139
v -0.085546 -0.051386 -0.039533
v -0.083824 -0.049466 -0.044267
v -0.082384 -0.048733 -0.043648
v -0.083306 -0.050404 -0.039595
v -0.096479 -0.056498 -0.048064
v -0.096997 -0.058013 -0.045896
v -0.095050 -0.056712 -0.044497
v -0.085289 -0.039093 -0.044844
v -0.086925 -0.041133 -0.045967
v -0.086674 -0.042124 -0.044545
v -0.086549 -0.041440 -0.043298
v -0.089856 -0.033849 0.002329
v -0.079230 -0.041619 -0.012066
v -0.080582 -0.043735 -0.012590
v -0.082690 -0.046896 -0.016810
v -0.080940 -0.046850 -0.017884
v 0.036921 0.037055 -0.083465
v 0.040131 0.032303 -0.088999
v 0.042241 0.029463 -0.081632
v 0.039125 0.034470 -0.077311
v -0.010273 0.058757 -0.080389
v -0.003054 0.060457 -0.080005
v -0.005128 0.061165 -0.074194
v -0.011114 0.059642 -0.074586
v -0.082315 -0.023384 -0.000483
v -0.085754 -0.023727 -0.000597
v -0.086412 -0.024929 0.000609
v -0.083354 -0.024830 0.001970
v 0.043082 0.031825 -0.046950
v 0.044963 0.029007 -0.044118
v 0.043527 0.033851 -0.036285
v 0.041215 0.035697 -0.040012
v 0.037332 0.041080 -0.036411
v -0.087674 -0.041266 -0.049309
v -0.089292 -0.043259 -0.048760
v -0.087613 -0.042673 -0.047929
v -0.086755 -0.041153 -0.048229
v 0.038961 0.041252 -0.031353
v -0.095123 -0.057086 -0.036706
v -0.093976 -0.054661 -0.042943
v 0.004086 0.046902 -0.107883
v -0.005640 0.047777 -0.108196
v 0.043558 0.027731 -0.072154
v 0.040842 0.032512 -0.069825
v -0.006837 0.059919 -0.051977
v -0.005980 0.056092 -0.053170
v -0.008416 0.057954 -0.057080
v -0.096416 -0.051172 -0.027667
v -0.095917 -0.054408 -0.028099
v -0.096674 -0.052422 -0.024021
v -0.096137 -0.049585 -0.023748
v -0.012044 0.064461 -0.057572
v -0.012236 0.061560 -0.060391
v -0.009510 0.057763 -0.059775
v 0.018221 0.049427 -0.090705
v 0.020102 0.045471 -0.098023
v 0.027643 0.040755 -0.096838
v 0.025369 0.045087 -0.089876
v 0.009096 0.023910 -0.137114
v -0.095065 -0.051088 -0.035424
v -0.094989 -0.054786 -0.035600
v -0.001581 0.025543 -0.137941
v -0.012027 0.059350 -0.067959
v -0.007854 0.058193 -0.067830
v -0.008966 0.057111 -0.064743
v -0.100012 -0.056535 -0.043764
v -0.100762 -0.057854 -0.037975
v -0.098594 -0.057272 -0.044594
v -0.081063 -0.047168 -0.047184
v -0.080720 -0.051085 -0.050465
v -0.079964 -0.051993 -0.044505
v -0.081137 -0.048190 -0.044943
v -0.012238 0.059301 -0.065094
v 0.007097 0.052382 -0.039661
v 0.007905 0.050805 -0.041413
v 0.055190 -0.022681 -0.002352
v 0.057006 -0.020461 0.000266
v 0.060373 -0.014456 -0.046495
v 0.057539 -0.011922 -0.035901
v 0.055796 -0.003454 -0.043277
v 0.059722 -0.006409 -0.056782
v 0.063433 -0.010239 -0.069771
v 0.069776 -0.014289 -0.077726
v 0.067218 -0.022177 -0.061750
v 0.064125 -0.017625 -0.055767
v 0.038044 -0.042905 0.052079
v 0.035247 -0.047719 0.042064
v -0.011998 0.068238 -0.055067
v -0.012023 0.071589 -0.052663
v 0.020057 -0.132932 -0.067966
v -0.083432 -0.030352 -0.018668
v -0.083416 -0.032360 -0.021015
v -0.081754 -0.033914 -0.018879
v -0.082051 -0.032610 -0.015995
v 0.020208 -0.132131 -0.052531
v 0.040574 -0.124007 -0.056571
v 0.040005 -0.124353 -0.070058
v 0.059539 -0.066178 -0.020263
v -0.084011 -0.045801 -0.014808
v -0.081795 -0.042967 -0.011742
v -0.082756 -0.042425 -0.011057
v -0.085092 -0.044362 -0.013285
v 0.062683 -0.050977 -0.020415
v -0.005771 0.074022 -0.023901
v -0.007879 0.070022 -0.028107
v -0.007309 0.071070 -0.025029
v -0.007718 0.070022 -0.028092
v -0.005933 0.076209 -0.021745
v -0.003912 0.077741 -0.021974
v -0.006981 0.070160 -0.020952
v -0.008229 0.070744 -0.020965
v -0.008156 0.071384 -0.025221
v -0.007612 0.070162 -0.028200
v -0.016852 0.084423 -0.016673
v -0.016266 0.087492 -0.018195
v -0.011878 0.086176 -0.020405
v -0.013513 0.083987 -0.018718
v -0.009072 0.071101 -0.028121
v -0.010250 0.072549 -0.025548
v -0.011552 0.078707 -0.023706
v -0.008971 0.074239 -0.026553
v -0.008738 0.071499 -0.028069
v -0.009420 0.077733 -0.024174
v -0.011048 0.076030 -0.018173
v -0.007645 0.076073 -0.024220
v -0.091079 -0.045219 -0.049580
v -0.091428 -0.046685 -0.045444
v -0.089912 -0.045315 -0.045389
v -0.088644 -0.037429 -0.014586
v -0.088600 -0.040071 -0.015785
v -0.090415 -0.040801 -0.013438
v -0.090305 -0.038329 -0.011250
v 0.069254 -0.028341 -0.010950
v 0.042427 -0.010295 0.029464
v 0.048478 -0.017379 0.015710
v 0.049233 -0.021650 0.017337
v -0.093068 -0.041228 -0.002839
v -0.090174 -0.041653 -0.002348
v -0.088501 -0.037496 0.000037
v -0.091766 -0.037558 0.000013
v -0.084232 -0.031071 -0.014828
v -0.084034 -0.029511 -0.015935
v -0.088687 -0.053918 -0.039795
v -0.087271 -0.051110 -0.045471
v 0.046081 -0.016483 0.031999
v 0.072468 -0.030822 -0.039198
v 0.052882 0.012316 -0.088710
v 0.057529 0.004046 -0.099073
v 0.065626 -0.005466 -0.088365
v -0.092805 -0.050551 -0.043957
v -0.093748 -0.052094 -0.041724
v 0.061099 -0.002289 -0.079156
v 0.057385 -0.003093 -0.107365
v 0.064499 -0.012513 -0.097519
v 0.070825 -0.021484 -0.085294
v 0.074391 -0.035196 -0.065490
v 0.025874 0.047410 -0.048869
v 0.025929 0.047290 -0.048795
v 0.024248 0.048441 -0.048574
v -0.082522 -0.036529 -0.031624
v -0.080804 -0.038262 -0.032131
v -0.081093 -0.038199 -0.031401
v -0.083292 -0.036338 -0.030242
v 0.024368 0.048506 -0.048610
v 0.025556 0.047022 -0.048933
v 0.023858 0.047896 -0.048660
v -0.082513 -0.034998 -0.031040
v -0.083197 -0.034904 -0.029581
v -0.082576 -0.034027 -0.029455
v -0.082095 -0.033851 -0.030186
v 0.026630 0.046195 -0.049109
v 0.027001 0.046509 -0.049080
v 0.027106 0.046363 -0.048961
v 0.008144 0.049458 -0.050449
v 0.008903 0.049304 -0.050649
v 0.011472 0.049645 -0.049536
v 0.010736 0.050261 -0.049591
v 0.007884 0.049527 -0.050353
v 0.010598 0.050355 -0.049503
v -0.080034 -0.038895 -0.032525
v -0.080458 -0.038557 -0.032166
v -0.080656 -0.038604 -0.032645
v -0.083482 -0.048836 -0.035421
v -0.084488 -0.049820 -0.027785
v -0.083715 -0.050379 -0.026634
v -0.084427 -0.048449 -0.032531
v 0.012482 0.044184 -0.052457
v 0.012019 0.044017 -0.052800
v -0.095949 -0.056482 -0.029154
v 0.013250 0.044390 -0.052047
v 0.006636 0.047491 -0.052377
v 0.006744 0.047392 -0.053504
v -0.090958 -0.037548 -0.051804
v -0.089130 -0.037314 -0.054573
v -0.091383 -0.040952 -0.057550
v 0.011858 0.043883 -0.053595
v 0.011792 0.043870 -0.053043
v 0.006823 0.047852 -0.052010
v -0.080448 -0.043636 -0.017306
v -0.085094 -0.040540 -0.017594
v -0.084136 -0.039022 -0.017655
v -0.081029 -0.041787 -0.017270
v -0.081316 -0.037341 -0.023218
v -0.079360 -0.036900 -0.019960
v -0.083151 -0.035101 -0.021530
v -0.082928 -0.034153 -0.036284
v -0.082003 -0.037345 -0.033219
v -0.082053 -0.036076 -0.032172
v -0.082066 -0.034674 -0.032252
v -0.099696 -0.055915 -0.020195
v -0.101758 -0.059250 -0.025236
v -0.099214 -0.059769 -0.025231
v -0.097091 -0.056444 -0.019837
v 0.005283 0.047474 -0.051842
v 0.004454 0.046833 -0.052189
v -0.083617 -0.023377 -0.004846
v -0.078094 -0.026674 -0.003028
v -0.082519 -0.024664 -0.008429
v -0.098540 -0.051493 -0.055200
v -0.095444 -0.051526 -0.056740
v -0.096224 -0.053791 -0.055056
v -0.099761 -0.053778 -0.053562
v -0.082419 -0.041806 -0.038113
v -0.082088 -0.041881 -0.036238
v -0.082644 -0.040441 -0.037087
v -0.082482 -0.040242 -0.039199
v 0.004597 0.046957 -0.053811
v 0.015833 0.050495 -0.048462
v 0.015983 0.050317 -0.047769
v 0.011204 0.050186 -0.048295
v 0.010845 0.050299 -0.049058
v 0.015693 0.050525 -0.048816
v 0.019146 0.049907 -0.048769
v 0.019200 0.049768 -0.048408
v 0.019211 0.049628 -0.047676
v -0.058927 -0.075643 -0.001581
v -0.071533 -0.059053 -0.001166
v -0.073211 -0.068953 -0.015960
v -0.062187 -0.082494 -0.016455
v -0.093166 -0.040954 -0.006224
v -0.093308 -0.037622 -0.003588
v -0.084901 -0.032349 -0.043237
v -0.083724 -0.031190 -0.044775
v -0.083653 -0.033082 -0.050283
v -0.085379 -0.033091 -0.047269
v 0.007919 0.049689 -0.049313
v 0.007862 0.049654 -0.050099
v 0.019125 0.049491 -0.047034
v 0.016127 0.050057 -0.047175
v -0.100749 -0.061664 -0.039872
v -0.104268 -0.061537 -0.039012
v 0.011398 0.049858 -0.047774
v 0.007900 0.049674 -0.049015
v 0.005253 0.049012 -0.050525
v 0.006351 0.049270 -0.050442
v 0.016001 0.049759 -0.046412
v 0.015866 0.049236 -0.045775
v 0.011038 0.049205 -0.046560
v 0.011286 0.049568 -0.047172
v -0.087541 -0.039559 -0.049387
v -0.089176 -0.042464 -0.052214
v -0.087772 -0.041487 -0.050075
v -0.086874 -0.039879 -0.048658
v -0.087582 -0.037324 -0.040865
v -0.088206 -0.037248 -0.042066
v -0.086368 -0.037251 -0.042994
v -0.085389 -0.037509 -0.041727
v 0.019051 0.049103 -0.046236
v 0.018888 0.048684 -0.045430
v -0.082339 -0.030406 -0.049714
v -0.082530 -0.034053 -0.055006
v 0.028228 0.044604 -0.048912
v 0.028893 0.043876 -0.049243
v 0.028707 0.043757 -0.048763
v -0.077360 -0.040861 -0.010915
v 0.028254 0.044056 -0.048469
v 0.030662 0.040903 -0.046352
v 0.031997 0.040539 -0.047644
v 0.033670 0.039581 -0.047269
v -0.086882 -0.034523 -0.042444
v -0.087487 -0.034714 -0.044848
v -0.088732 -0.037054 -0.043658
v -0.083005 -0.025302 -0.013462
v -0.084240 -0.027565 -0.015349
v -0.086466 -0.039690 -0.048295
v -0.085846 -0.039577 -0.047115
v -0.084671 -0.038126 -0.043161
v -0.085266 -0.040437 -0.042241
v 0.031993 0.040177 -0.045779
v -0.089257 -0.046484 -0.036055
v -0.091371 -0.047690 -0.027934
v 0.039694 0.038251 -0.037747
v 0.034253 0.040141 -0.043101
v 0.036167 0.038709 -0.044545
v 0.027667 0.045295 -0.048837
v 0.026980 0.046149 -0.048619
v 0.027765 0.045560 -0.049046
v 0.028318 0.044742 -0.049206
v 0.027683 0.044788 -0.048172
v 0.026927 0.045720 -0.047995
v 0.025861 0.047055 -0.048519
v 0.025813 0.046713 -0.047856
v 0.024137 0.047903 -0.047655
v 0.024130 0.048176 -0.048343
v 0.022045 0.049070 -0.048317
v -0.075927 -0.055245 -0.017221
v -0.075316 -0.040398 -0.003228
v 0.022359 0.049225 -0.048634
v 0.022034 0.048843 -0.047570
v 0.024170 0.047545 -0.046973
v 0.022068 0.048622 -0.046905
v 0.025751 0.046205 -0.047147
v 0.026928 0.045123 -0.047399
v 0.027757 0.044152 -0.047696
v 0.028526 0.043511 -0.047988
v 0.029128 0.043163 -0.048486
v 0.028020 0.043467 -0.047131
v 0.028567 0.042624 -0.046410
v 0.027221 0.043756 -0.045993
v 0.027036 0.044508 -0.046782
v 0.029007 0.042761 -0.047535
v 0.029753 0.041791 -0.046942
v -0.085190 -0.037387 -0.043485
v -0.085314 -0.037488 -0.044133
v -0.084759 -0.037287 -0.043356
v -0.084294 -0.037799 -0.042406
v 0.025889 0.045638 -0.046506
v 0.025851 0.045053 -0.045747
v 0.023968 0.046494 -0.045460
v 0.024115 0.047061 -0.046259
v -0.093218 -0.034138 -0.001242
v -0.088262 -0.045244 -0.042232
v -0.086149 -0.043069 -0.040073
v -0.087460 -0.043373 -0.042080
v 0.022012 0.048160 -0.046197
v 0.021913 0.047602 -0.045314
v -0.101535 -0.057713 -0.030254
v -0.103104 -0.057945 -0.037532
v -0.105268 -0.059737 -0.037566
v -0.103509 -0.059410 -0.029931
v 0.015625 0.050641 -0.048667
v 0.015342 0.049908 -0.048807
v 0.018819 0.049511 -0.048602
v 0.019129 0.050031 -0.048621
v 0.022433 0.049358 -0.048525
v -0.080031 -0.027587 0.000130
v -0.081789 -0.043230 -0.035656
v -0.083008 -0.042826 -0.034338
v 0.021767 0.048893 -0.048530
v 0.018670 0.048588 -0.048465
v 0.017372 0.044436 -0.050974
v 0.018717 0.044145 -0.050939
v 0.021477 0.048039 -0.048380
v -0.084050 -0.040811 -0.040510
v -0.083580 -0.038126 -0.041619
v 0.015541 0.048927 -0.048851
v 0.015839 0.044647 -0.051150
v 0.012291 0.048767 -0.049776
v -0.083948 -0.027872 -0.018543
v 0.014367 0.044557 -0.051591
v 0.009612 0.048836 -0.050662
v 0.018075 0.050039 -0.062587
v 0.017881 0.050367 -0.062965
v 0.022908 0.050152 -0.061468
v 0.022734 0.049782 -0.061116
v 0.048109 -0.104763 -0.028582
v 0.051552 -0.111772 -0.045472
v 0.038764 -0.120511 -0.040029
v 0.024973 0.050023 -0.056922
v 0.024989 0.049330 -0.058633
v 0.027310 0.047833 -0.057119
v 0.027205 0.048339 -0.055495
v 0.025009 0.050852 -0.055086
v -0.094837 -0.053314 -0.051466
v -0.095805 -0.054874 -0.049955
v -0.093502 -0.052144 -0.050254
v -0.093401 -0.050549 -0.051283
v -0.092862 -0.048721 -0.053512
v -0.092511 -0.048190 -0.054173
v -0.094061 -0.051517 -0.052912
v -0.085851 -0.041609 -0.041486
v -0.086885 -0.042418 -0.042514
v 0.027060 0.048909 -0.053702
v 0.022264 0.052498 -0.056691
v -0.089349 -0.034938 -0.013417
v -0.090442 -0.034585 -0.007505
v -0.096428 -0.049929 -0.020409
v -0.095317 -0.047312 -0.020697
v -0.095325 -0.059045 -0.031122
v -0.095531 -0.059000 -0.039655
v -0.092192 -0.056088 -0.039672
v -0.092577 -0.056706 -0.031597
v 0.022306 0.051466 -0.058557
v 0.022431 0.050577 -0.060123
v 0.026236 0.044899 -0.053203
v 0.025474 0.045587 -0.053988
v -0.082725 -0.050979 -0.033738
v -0.078545 -0.050294 -0.034504
v -0.081759 -0.033238 -0.030879
v -0.081045 -0.030816 -0.034171
v -0.082920 -0.040127 -0.039823
v -0.083179 -0.038608 -0.041350
v -0.087738 -0.048950 -0.017305
v -0.085541 -0.041181 -0.010002
v -0.088768 -0.047446 -0.015073
v -0.081564 -0.038504 -0.009386
v -0.081855 -0.036257 -0.007976
v -0.084304 -0.038285 -0.007914
v 0.026022 0.047023 -0.053263
v 0.027086 0.045772 -0.052712
v 0.026999 0.044308 -0.052654
v 0.027807 0.044884 -0.052285
v 0.021686 0.042371 -0.052939
v 0.021314 0.042667 -0.053200
v 0.020794 0.043074 -0.053568
v -0.093037 -0.044303 -0.016122
v -0.095055 -0.046876 -0.017716
v 0.021903 0.042180 -0.052666
v -0.080620 -0.039637 -0.032187
v -0.079292 -0.041503 -0.030827
v -0.078752 -0.039338 -0.032163
v -0.092860 -0.048486 -0.035502
v -0.094802 -0.049190 -0.027779
v -0.087779 -0.037736 -0.044245
v 0.021999 0.042073 -0.052352
v -0.084986 -0.037990 -0.035377
v -0.085836 -0.035776 -0.038351
v -0.091047 -0.037860 -0.046876
v -0.089753 -0.038245 -0.045635
v -0.088735 -0.038016 -0.044830
v -0.089561 -0.037195 -0.045205
v -0.074262 -0.040732 -0.023358
v -0.076635 -0.038964 -0.021486
v -0.078346 -0.038551 -0.024540
v 0.021979 0.042034 -0.052035
v 0.021885 0.042157 -0.051833
v 0.040257 0.038930 -0.023784
v 0.041483 0.037737 -0.033111
v -0.091831 -0.045784 -0.053283
v -0.092101 -0.046982 -0.051600
v -0.089970 -0.053223 -0.046043
v 0.043044 0.034869 -0.025820
v 0.027629 0.045632 -0.049194
v -0.087371 -0.042041 -0.046287
v -0.087007 -0.043183 -0.045071
v 0.028220 0.044831 -0.049391
v -0.082088 -0.047497 -0.058508
v -0.082557 -0.043866 -0.055789
v -0.082657 -0.042732 -0.055773
v -0.082448 -0.043451 -0.060578
v 0.027246 0.045456 -0.049261
v -0.081823 -0.032906 -0.004183
v -0.084470 -0.036076 -0.004795
v -0.083807 -0.036502 -0.006498
v -0.081924 -0.034249 -0.006175
v -0.083226 -0.038619 -0.017569
v -0.081019 -0.040753 -0.017139
v 0.027790 0.044794 -0.049526
v -0.096704 -0.053505 -0.022045
v -0.096424 -0.052084 -0.021056
v -0.096532 -0.054622 -0.025092
v -0.096812 -0.056052 -0.026525
v 0.028854 0.044085 -0.049785
v 0.029104 0.043821 -0.049708
v 0.024980 0.046465 -0.048891
v 0.020621 0.043398 -0.051131
v 0.021154 0.043025 -0.051222
v -0.082619 -0.044962 -0.038963
v -0.082548 -0.043791 -0.037967
v -0.083275 -0.044824 -0.050745
v -0.085814 -0.046389 -0.052516
v -0.085241 -0.043542 -0.054388
v -0.083268 -0.043270 -0.052957
v -0.093077 -0.055830 -0.046694
v 0.025856 0.045656 -0.049293
v 0.023384 0.047208 -0.048652
v 0.019772 0.043785 -0.051019
v 0.021465 0.042767 -0.051415
v 0.021715 0.042406 -0.051593
v -0.086994 -0.043196 -0.043597
v -0.087246 -0.044007 -0.043791
v 0.026256 0.045091 -0.049579
v -0.086909 -0.042646 -0.043961
v 0.026792 0.044426 -0.049936
v 0.028219 0.044316 -0.050100
v -0.084553 -0.037877 -0.040935
v -0.086737 -0.038152 -0.039859
v -0.090911 -0.039044 -0.047492
v -0.093504 -0.041375 -0.050915
v -0.092248 -0.042704 -0.051659
v -0.090306 -0.039121 -0.048556
v 0.027335 0.043616 -0.050872
v 0.027424 0.043700 -0.051433
v 0.028350 0.044079 -0.050538
v -0.085840 -0.037986 -0.045878
v 0.028444 0.044103 -0.051041
v 0.027163 0.043869 -0.050446
v -0.017831 -0.100995 0.002149
v -0.019850 -0.112949 -0.005362
v 0.027304 0.043906 -0.052032
v 0.028266 0.044410 -0.051527
v 0.029206 0.043484 -0.049276
v 0.029463 0.043543 -0.050012
v 0.029989 0.043075 -0.050887
v 0.029680 0.043002 -0.049218
v -0.086915 -0.037114 -0.054269
v -0.086397 -0.040218 -0.055929
v -0.088116 -0.040570 -0.056854
v -0.087672 -0.037429 -0.055126
v -0.093022 -0.050245 -0.050202
v 0.030379 0.042319 -0.049243
v 0.029694 0.042323 -0.048178
v 0.031054 0.042665 -0.051684
v 0.032470 0.041852 -0.052568
v -0.097710 -0.055880 -0.047074
v -0.084079 -0.041950 -0.032338
v -0.081136 -0.042869 -0.029819
v 0.031613 0.041358 -0.049394
v 0.030614 0.041380 -0.047986
v 0.029306 0.043757 -0.050423
v -0.071584 -0.041475 -0.029206
v -0.071882 -0.041289 -0.030327
v -0.072481 -0.042426 -0.030105
v -0.072416 -0.042815 -0.029269
v 0.029381 0.043640 -0.050698
v 0.030504 0.044051 -0.052448
v -0.075872 -0.043356 -0.024068
v -0.078233 -0.042526 -0.023112
v -0.077400 -0.041000 -0.021482
v -0.075439 -0.042535 -0.022668
v 0.031240 0.043611 -0.053814
v 0.029815 0.044332 -0.051666
v 0.029250 0.045642 -0.052148
v 0.029684 0.045336 -0.053313
v -0.071179 -0.041667 -0.026596
v -0.071387 -0.041565 -0.028037
v -0.072067 -0.043088 -0.027690
v -0.071767 -0.043384 -0.026106
v 0.030117 0.044759 -0.054616
v 0.028640 0.046735 -0.054182
v -0.091145 -0.044020 -0.053772
v -0.093049 -0.046193 -0.053628
v 0.028928 0.046237 -0.055725
v 0.028387 0.047138 -0.052750
v 0.029198 0.044418 -0.051294
v -0.101064 -0.054913 -0.045544
v -0.102240 -0.056562 -0.043322
v -0.096493 -0.052566 -0.050766
v -0.097253 -0.054142 -0.049025
v 0.028658 0.045428 -0.051786
v 0.027962 0.046847 -0.052096
v 0.026745 0.048746 -0.052550
v -0.082970 -0.032384 -0.023631
v -0.083562 -0.034152 -0.023975
v -0.083597 -0.034068 -0.022366
v -0.102016 -0.054216 -0.048205
v -0.100767 -0.055550 -0.051249
v -0.086120 -0.025386 -0.005378
v -0.085040 -0.023560 -0.003207
v -0.054582 -0.005259 0.063297
v -0.065283 -0.015651 0.058961
v -0.064234 -0.012796 0.069417
v -0.054525 -0.002301 0.074771
v -0.089672 -0.036414 -0.049819
v -0.087345 -0.036351 -0.052476
v 0.024787 0.050754 -0.053592
v 0.024028 0.048744 -0.054153
v 0.021850 0.052484 -0.054727
v -0.071368 -0.041975 -0.024477
v -0.071355 -0.041973 -0.024407
v -0.074072 -0.041845 -0.022707
v -0.076126 -0.039645 -0.028382
v -0.072407 -0.040700 -0.028768
v 0.021273 0.050172 -0.055128
v 0.018139 0.051446 -0.063711
v 0.023628 0.051012 -0.062452
v 0.020840 0.048334 -0.055712
v 0.018559 0.044308 -0.054421
v 0.016959 0.044743 -0.054708
v 0.017673 0.049089 -0.056023
v -0.076407 -0.043581 -0.025648
v 0.007257 0.048084 -0.054323
v 0.008159 0.048900 -0.055041
v -0.075885 -0.042288 -0.030730
v -0.075789 -0.040829 -0.031682
v -0.078725 -0.037467 -0.017844
v -0.079319 -0.039411 -0.016823
v -0.082000 -0.035982 -0.016373
v -0.072224 -0.043345 -0.024068
v -0.083773 -0.043128 -0.040169
v 0.012537 0.044586 -0.054141
v 0.012095 0.044225 -0.053907
v 0.005830 0.048278 -0.054548
v 0.007108 0.049353 -0.055269
v -0.079086 -0.043715 -0.026047
v -0.080240 -0.045451 -0.023621
v -0.079868 -0.044207 -0.021605
v -0.078586 -0.043304 -0.024185
v -0.091812 -0.041907 -0.013617
v -0.091302 -0.042546 -0.014955
v -0.079841 -0.046001 -0.018562
v -0.084353 -0.043827 -0.017890
v -0.084323 -0.041791 -0.034972
v -0.085865 -0.039271 -0.037520
v -0.081332 -0.040147 -0.032198
v -0.079213 -0.042886 -0.028134
v -0.080786 -0.045031 -0.025746
v -0.076148 -0.039810 -0.029506
v -0.079386 -0.038503 -0.029859
v -0.079074 -0.038864 -0.030941
v -0.076054 -0.040124 -0.030480
v -0.088524 -0.044521 -0.045319
v -0.085978 -0.034584 -0.050480
v -0.088343 -0.035395 -0.047447
v -0.084165 -0.059288 -0.062989
v -0.081775 -0.062231 -0.054752
v -0.081597 -0.050320 -0.055547
v -0.077167 -0.043858 -0.027410
v -0.072145 -0.041440 -0.030853
v -0.072904 -0.041083 -0.030158
v -0.097140 -0.050909 -0.018036
v -0.083527 -0.034906 -0.015582
v -0.083546 -0.038435 -0.039189
v -0.094373 -0.057515 -0.026157
v -0.093372 -0.055291 -0.020823
v -0.083185 -0.038522 -0.040550
v -0.083353 -0.038454 -0.041488
v -0.080131 -0.040373 -0.016744
v -0.082881 -0.037416 -0.017003
v -0.083675 -0.038155 -0.041714
v -0.083624 -0.035568 -0.023663
v -0.092650 -0.049447 -0.045371
v 0.011791 0.049570 -0.055928
v 0.014104 0.045032 -0.054492
v -0.088058 -0.042022 -0.005466
v -0.086607 -0.038474 -0.003699
v 0.013166 0.044865 -0.054332
v -0.072808 -0.040599 -0.029726
v 0.010015 0.049183 -0.055498
v -0.076192 -0.040361 -0.021745
v -0.076250 -0.042674 -0.029103
v 0.011134 0.051242 -0.056391
v 0.008749 0.050262 -0.055801
v 0.017951 0.051012 -0.055970
v -0.081834 -0.037456 -0.027545
v -0.081707 -0.037198 -0.025353
v -0.083452 -0.035432 -0.025929
v 0.021246 -0.126080 -0.105275
v 0.020937 -0.129614 -0.088344
v -0.085502 -0.045480 -0.018676
v -0.080920 -0.047710 -0.020875
v -0.082417 -0.049475 -0.021718
v -0.087469 -0.046633 -0.019926
v -0.092435 -0.052770 -0.015639
v -0.091137 -0.048971 -0.010958
v -0.093751 -0.049214 -0.008665
v -0.095726 -0.053250 -0.013998
v 0.039760 -0.121267 -0.089243
v 0.039436 -0.118357 -0.104250
v -0.087096 -0.068322 -0.078941
v -0.085035 -0.053156 -0.068866
v -0.089013 -0.057658 -0.085704
v -0.090396 -0.051116 -0.054213
v -0.090768 -0.052574 -0.052117
v -0.096872 -0.055765 -0.053032
v -0.082868 -0.038724 -0.057925
v -0.082852 -0.041605 -0.055501
v -0.085605 -0.040263 -0.055102
v -0.100253 -0.061303 -0.030458
v 0.023342 0.047089 -0.054898
v 0.019814 0.043710 -0.054015
v 0.048341 -0.111717 -0.105230
v 0.047562 -0.109745 -0.115417
v 0.039918 -0.114696 -0.117680
v 0.026614 -0.067284 0.030515
v 0.018557 -0.071458 0.041965
v -0.084211 -0.032686 -0.039779
v -0.086171 -0.034820 -0.040240
v 0.003867 0.049027 -0.054782
v -0.086058 -0.049558 -0.018486
v 0.005659 0.049700 -0.055669
v -0.090558 -0.043530 -0.017752
v -0.093040 -0.045160 -0.018904
v -0.097717 -0.045115 -0.053904
v -0.094966 -0.043007 -0.051479
v 0.002654 0.048530 -0.053850
v 0.002078 0.048263 -0.054270
v 0.003218 0.048602 -0.055510
v 0.004776 0.049126 -0.056583
v 0.007755 0.050581 -0.056317
v 0.007185 0.050274 -0.057224
v 0.010509 0.052100 -0.057901
v 0.010596 0.052209 -0.056843
v 0.017945 0.053491 -0.056416
v 0.018063 0.052989 -0.058138
v 0.010149 0.050757 -0.059675
v 0.006734 0.049079 -0.058823
v 0.009585 0.049580 -0.061684
v 0.006587 0.048248 -0.060530
v 0.018166 0.051034 -0.061336
v 0.018170 0.052136 -0.059725
v 0.005209 0.048918 -0.051218
v 0.003066 0.048471 -0.051984
v 0.005738 0.049128 -0.051289
v 0.003392 0.048666 -0.051917
v 0.006882 0.048634 -0.051458
v 0.002715 0.048324 -0.052575
v 0.002053 0.048198 -0.052846
v -0.026483 0.033614 0.073793
v -0.026372 0.032054 0.084033
v 0.007670 0.048468 -0.051446
v 0.002591 0.047943 -0.056136
v 0.001261 0.047942 -0.054685
v 0.001560 0.046806 -0.057334
v 0.000673 0.047370 -0.055304
v 0.003851 0.046910 -0.059569
v 0.004204 0.047925 -0.057700
v 0.001125 0.047968 -0.053169
v 0.001539 0.048107 -0.052387
v 0.000527 0.047773 -0.053556
v 0.000895 0.048055 -0.052652
v 0.007632 0.049509 -0.048591
v 0.007295 0.049147 -0.048267
v 0.004487 0.048881 -0.050350
v 0.003903 0.048627 -0.050319
v 0.015484 0.048630 -0.045151
v 0.018581 0.048165 -0.044780
v 0.014966 0.048326 -0.044306
v -0.026849 0.073627 -0.026837
v -0.027952 0.072255 -0.026676
v -0.026366 0.071275 -0.028156
v -0.025965 0.071932 -0.028174
v 0.018208 0.047632 -0.043933
v 0.010068 0.048794 -0.045202
v 0.010697 0.048993 -0.045870
v 0.018178 0.012850 0.080644
v 0.029191 0.041955 -0.045585
v 0.029988 0.041451 -0.044721
v 0.028112 0.042618 -0.043970
v 0.027577 0.043096 -0.045157
v 0.025833 0.044376 -0.044868
v -0.028078 0.073253 -0.018118
v -0.027339 0.072464 -0.019440
v -0.028569 0.071241 -0.019500
v -0.029597 0.072184 -0.018692
v 0.025939 0.044146 -0.043567
v 0.023515 0.045501 -0.043490
v 0.023754 0.045923 -0.044542
v 0.021725 0.047021 -0.044587
v 0.021217 0.046506 -0.043550
v 0.033324 0.040261 -0.049141
v 0.034884 0.040314 -0.052568
v 0.035144 0.039259 -0.048570
v 0.037224 0.038843 -0.052113
v -0.000188 0.046648 -0.058896
v -0.024949 0.071659 -0.028185
v -0.024130 0.074499 -0.026172
v -0.025043 0.075024 -0.026411
v -0.025306 0.071904 -0.028154
v -0.000432 0.046836 -0.056019
v -0.001919 0.047598 -0.059722
v -0.001894 0.047472 -0.056927
v -0.000804 0.048516 -0.062369
v 0.001301 0.047112 -0.061671
v -0.000109 0.047801 -0.054086
v 0.000335 0.047796 -0.052784
v -0.000976 0.048286 -0.054464
v -0.000265 0.048335 -0.052803
v 0.006759 0.048875 -0.047852
v 0.006234 0.048802 -0.047279
v 0.003316 0.048857 -0.050161
v 0.002532 0.048874 -0.049736
v 0.046261 -0.098952 -0.016077
v 0.054263 -0.114561 -0.060031
v 0.030799 0.049672 -0.064689
v 0.028380 0.049846 -0.062751
v 0.025048 0.052080 -0.064283
v 0.026782 0.052965 -0.066754
v 0.033743 0.047880 -0.068589
v 0.036211 0.045642 -0.065219
v 0.033642 0.046982 -0.062557
v 0.031075 0.047583 -0.060985
v 0.035882 0.041211 -0.055422
v 0.033858 0.042297 -0.055518
v 0.033775 0.043498 -0.057307
v 0.035722 0.042554 -0.057750
v 0.038127 0.039596 -0.055281
v 0.038259 0.041080 -0.058463
v 0.034927 0.044522 -0.060102
v 0.032628 0.045365 -0.059090
v 0.037629 0.043406 -0.061460
v 0.007377 0.051857 -0.066486
v 0.008073 0.049411 -0.065970
v 0.005187 0.047794 -0.063813
v 0.003613 0.048841 -0.064457
v 0.006390 0.053280 -0.067378
v 0.001519 0.050097 -0.064807
v 0.020296 0.055715 -0.067849
v 0.019186 0.053566 -0.065785
v 0.009254 0.048743 -0.062810
v 0.007220 0.048366 -0.061725
v 0.008990 0.048315 -0.063558
v 0.006670 0.047934 -0.062107
v 0.054616 -0.092020 -0.127477
v 0.055749 -0.078449 -0.133371
v 0.041689 -0.085560 -0.145574
v 0.040558 -0.098368 -0.137171
v 0.025123 0.049248 -0.059462
v 0.025551 0.049093 -0.060015
v 0.027844 0.047527 -0.058658
v 0.027437 0.047719 -0.058092
v 0.029243 0.045926 -0.056836
v 0.029755 0.045776 -0.057606
v 0.031135 0.044374 -0.056397
v 0.030526 0.044490 -0.055801
v 0.031331 0.043524 -0.054938
v 0.031959 0.043230 -0.055156
v 0.006715 0.047980 -0.063366
v 0.008753 0.048766 -0.064300
v 0.051135 -0.113385 -0.091910
v 0.029645 0.034729 -0.104009
v 0.037347 0.029894 -0.100517
v 0.035170 0.035831 -0.094345
v 0.026385 0.049607 -0.061111
v 0.028939 0.047699 -0.059752
v 0.030877 0.045756 -0.058378
v 0.032226 0.044167 -0.056948
v 0.032788 0.043111 -0.055886
v 0.062107 -0.014268 -0.017416
v 0.061334 -0.016445 -0.017288
v 0.069042 -0.041628 -0.027971
v 0.066957 -0.040860 -0.034482
v 0.065836 -0.040014 -0.037846
v 0.072006 -0.024887 -0.045279
v 0.074339 -0.027477 -0.048225
v 0.076097 -0.033167 -0.008419
v 0.072747 -0.029218 -0.006393
v -0.097127 -0.045828 -0.056908
v 0.076099 -0.033769 -0.009223
v 0.081622 -0.036850 -0.043250
v 0.082020 -0.038384 -0.041469
v 0.082972 -0.038059 -0.040917
v 0.036534 -0.083373 0.002822
v 0.043129 -0.092829 -0.008106
v 0.082331 -0.039953 -0.039571
v 0.062217 -0.019316 -0.022092
v 0.070602 -0.041601 -0.027399
v 0.072951 -0.043167 -0.026696
v 0.074317 -0.043032 -0.021652
v 0.072970 -0.042495 -0.022299
v 0.073462 -0.041172 -0.016704
v 0.072166 -0.040722 -0.017749
v 0.077490 -0.036980 -0.012034
v 0.077447 -0.040531 -0.016418
v 0.075580 -0.028805 -0.048501
v 0.075600 -0.027974 -0.047747
v 0.076618 -0.029126 -0.048383
v 0.063008 -0.020624 -0.020841
v 0.069790 -0.025343 -0.043289
v 0.069868 -0.023376 -0.041478
v 0.069375 -0.023994 -0.041962
v 0.061656 -0.024978 -0.026203
v 0.061673 -0.025149 -0.027088
v 0.062526 -0.024427 -0.024570
v 0.063997 -0.022200 -0.023116
v 0.057026 -0.025206 -0.015214
v 0.056553 -0.027003 -0.014347
v 0.055613 -0.026267 -0.013434
v 0.078072 -0.033113 -0.053523
v 0.069964 -0.022961 -0.040511
v 0.071337 -0.023135 -0.041388
v 0.072079 -0.023382 -0.042423
v 0.077658 -0.029209 -0.047570
v 0.072675 -0.023564 -0.043229
v 0.071402 -0.023937 -0.043443
v 0.072970 -0.024609 -0.044879
v 0.070513 -0.024497 -0.043620
v 0.066245 -0.036534 -0.018209
v 0.064542 -0.035364 -0.017960
v 0.061816 -0.015888 -0.037870
v 0.063819 -0.016908 -0.035980
v 0.071314 -0.026980 -0.005506
v 0.065937 -0.034849 -0.043379
v 0.067915 -0.037682 -0.046572
v 0.079424 -0.042158 -0.020384
v 0.071306 -0.030991 -0.013974
v 0.068807 -0.030393 -0.012648
v 0.073671 -0.031864 -0.015612
v 0.075595 -0.033128 -0.018340
v 0.066930 -0.027580 -0.034913
v 0.075237 -0.032964 -0.038192
v 0.075878 -0.033903 -0.035781
v 0.073780 -0.031757 -0.038642
v 0.069101 -0.037235 -0.050133
v 0.068480 -0.034212 -0.049975
v 0.065029 -0.034100 -0.046813
v 0.067923 -0.032893 -0.048019
v 0.059469 -0.024547 -0.018756
v 0.056328 -0.028904 -0.012586
v 0.059180 -0.030200 -0.013907
v 0.058215 -0.029667 -0.011474
v 0.060501 -0.031055 -0.012470
v 0.061430 -0.032237 -0.013909
v 0.062470 -0.033217 -0.016122
v 0.064412 -0.033108 -0.018502
v 0.059959 -0.025078 -0.023183
v 0.067547 -0.025342 -0.049947
v 0.059128 -0.025277 -0.021241
v 0.061653 -0.024652 -0.024820
v 0.061309 -0.024377 -0.022978
v 0.060510 -0.024283 -0.020977
v 0.065714 -0.024489 -0.009420
v 0.066105 -0.027347 -0.010724
v 0.063784 -0.024213 -0.010153
v 0.067073 -0.029432 -0.011380
v 0.061823 -0.024371 -0.010640
v 0.067397 -0.034286 -0.044441
v 0.068446 -0.034966 -0.047541
v 0.061117 -0.013119 -0.021057
v 0.045969 0.029914 -0.029944
v 0.047835 0.024384 -0.038620
v 0.008475 0.050992 0.017382
v 0.007753 0.051255 0.020830
v 0.036787 0.042534 -0.021626
v 0.031988 0.046260 -0.019393
v 0.005442 0.062229 0.010866
v 0.004683 0.062293 0.012546
v 0.003751 0.062459 0.012398
v 0.004584 0.062185 0.011322
v 0.002991 0.060878 0.011927
v 0.004055 0.060198 0.011519
v 0.003974 0.061369 0.011714
v 0.002923 0.061954 0.012155
v 0.008246 0.061907 -0.006154
v 0.010828 0.058287 -0.009892
v 0.013251 0.057144 -0.005576
v 0.010842 0.060506 -0.002208
v 0.006273 0.053365 0.013465
v 0.006124 0.053926 0.011391
v 0.005182 0.056704 0.010842
v 0.005119 0.056287 0.011965
v 0.006251 0.053242 0.015052
v 0.004960 0.056135 0.012851
v 0.008376 0.051033 0.015160
v 0.008039 0.051378 0.012046
v 0.013149 0.056717 0.017190
v 0.010398 0.059294 0.015173
v 0.011088 0.059794 0.011405
v 0.013965 0.057374 0.012003
v 0.005702 0.059937 -0.017917
v 0.008451 0.059166 -0.014130
v 0.005965 0.061651 -0.010011
v 0.002753 0.061883 -0.014637
v -0.000168 0.062444 -0.019203
v 0.002744 0.060628 -0.022174
v -0.000359 0.066143 -0.027107
v 0.000841 0.068212 -0.023430
v 0.000643 0.071791 -0.022504
v 0.001059 0.070453 -0.024519
v -0.001832 0.070236 -0.018633
v 0.000824 0.066797 -0.021375
v -0.006294 0.071222 -0.017212
v -0.031773 0.072501 -0.019492
v -0.030646 0.071931 -0.020922
v -0.030730 0.073589 -0.021563
v -0.032796 0.073923 -0.020941
v -0.006356 0.071893 -0.017833
v -0.002101 0.068817 -0.017953
v -0.023771 0.081567 -0.019400
v -0.024729 0.081297 -0.021756
v -0.024193 0.079399 -0.020509
v -0.024084 0.079153 -0.018407
v -0.002600 0.066597 -0.016901
v -0.005962 0.070312 -0.016330
v -0.006171 0.072283 -0.018100
v -0.003419 0.072305 -0.018720
v -0.026750 0.080229 -0.022484
v -0.028662 0.081857 -0.022771
v -0.030569 0.079769 -0.022967
v -0.028376 0.078359 -0.022314
v -0.024524 0.074708 -0.022266
v -0.025910 0.076095 -0.020229
v -0.023713 0.077889 -0.022920
v -0.030379 0.072171 -0.023423
v -0.030278 0.071007 -0.022422
v -0.028243 0.071068 -0.025649
v -0.028291 0.070916 -0.026073
v -0.002098 0.073834 -0.021092
v -0.014111 0.081452 -0.017854
v -0.012454 0.083341 -0.019535
v -0.007157 0.063413 -0.050007
v -0.004424 0.060469 -0.046445
v -0.007364 0.066330 -0.047683
v -0.004784 0.062971 -0.044213
v -0.003011 0.077376 -0.023158
v -0.000769 0.076069 -0.025253
v -0.005832 0.081274 -0.024016
v -0.004762 0.081254 -0.027028
v -0.012453 0.059933 -0.062751
v -0.016561 0.077499 -0.014722
v -0.016202 0.077171 -0.014617
v -0.016955 0.079271 -0.015490
v 0.023205 -0.118149 -0.131030
v 0.021603 -0.105838 -0.144867
v 0.018098 -0.082815 -0.157030
v 0.014115 -0.071032 -0.161111
v -0.013909 0.078518 -0.000357
v -0.014057 0.078534 -0.001820
v -0.006165 0.062033 0.005082
v -0.011545 0.063345 0.004442
v -0.011832 0.066267 0.005012
v -0.006479 0.065180 0.006075
v -0.002835 0.063445 0.006920
v -0.001999 0.060223 0.005947
v -0.005796 0.059436 0.003963
v -0.011320 0.060365 0.003221
v -0.007480 0.070737 0.006710
v -0.012667 0.072497 0.005551
v -0.013148 0.075049 0.003849
v -0.007895 0.072853 0.004904
v -0.000823 0.065178 -0.012745
v -0.004257 0.068412 -0.013114
v -0.007989 0.072706 -0.013176
v -0.011367 0.075426 -0.012972
v -0.011977 0.075526 -0.015039
v -0.009174 0.073278 -0.015785
v -0.012385 0.075525 -0.015690
v -0.009624 0.073413 -0.016537
v -0.009642 0.073616 -0.016953
v -0.008278 0.073119 -0.017496
v -0.010528 0.074644 -0.017338
v -0.009513 0.074245 -0.018003
v -0.012439 0.075698 -0.015971
v -0.012826 0.081158 -0.042986
v -0.012565 0.077935 -0.046646
v -0.009354 0.076864 -0.002898
v -0.014005 0.077739 -0.003218
v -0.014593 0.076257 -0.007255
v -0.010135 0.075536 -0.006946
v -0.005857 0.072971 -0.006205
v -0.004471 0.074215 -0.001371
v -0.015807 0.076894 -0.014254
v -0.009159 0.077069 -0.001468
v -0.008855 0.076557 0.000290
v -0.004042 0.074358 0.000452
v -0.003842 0.073702 0.002295
v 0.000138 0.070828 0.001107
v -0.000773 0.069812 -0.004657
v 0.004710 0.066361 -0.002758
v 0.003780 0.067313 0.003810
v 0.010875 0.061063 0.007995
v 0.006718 0.061870 0.010856
v 0.006701 0.062538 0.009320
v 0.006370 0.063611 0.007660
v 0.010065 0.062281 0.004645
v 0.013624 0.058874 0.007190
v 0.012561 0.059698 0.002225
v 0.008303 0.063672 0.000890
v 0.005598 0.065035 0.005834
v 0.005503 0.062882 0.009480
v 0.004690 0.062591 0.010284
v 0.005162 0.063795 0.008356
v 0.004437 0.063391 0.009292
v 0.004547 0.064939 0.007180
v 0.003812 0.064416 0.008282
v 0.002772 0.066052 0.007022
v 0.003376 0.066953 0.005639
v 0.003268 0.061795 0.009995
v 0.002095 0.062889 0.009452
v 0.001928 0.064066 0.009105
v 0.003054 0.062724 0.009955
v 0.004085 0.060873 0.010555
v 0.003676 0.061909 0.010556
v 0.004713 0.057492 0.009967
v 0.003911 0.058316 0.008960
v -0.057469 -0.008260 0.046771
v -0.066483 -0.020351 0.045209
v 0.004580 0.060295 0.010978
v 0.004416 0.061138 0.011119
v 0.004030 0.062113 0.011329
v 0.003855 0.062730 0.010056
v 0.003273 0.063643 0.009204
v 0.002242 0.065023 0.008265
v -0.003886 0.072228 0.004216
v -0.000252 0.070120 0.004678
v -0.000571 0.068574 0.006440
v -0.003945 0.070218 0.006476
v -0.000766 0.067049 0.007950
v -0.001130 0.057523 0.004911
v -0.003843 0.068219 0.007877
v 0.002009 0.057533 0.007071
v 0.003247 0.055004 0.006279
v 0.000820 0.060729 0.007914
v 0.005679 0.054799 0.009847
v 0.004949 0.055378 0.008516
v 0.007376 0.052046 0.009749
v 0.006368 0.052962 0.007926
v -0.000601 0.065437 0.008756
v 0.000063 0.070816 0.003017
v -0.008446 0.075030 0.002430
v -0.013550 0.077050 0.001525
v -0.048643 0.045379 -0.042055
v -0.048257 0.046651 -0.039447
v -0.044314 0.047639 -0.040680
v -0.044807 0.046345 -0.042900
v -0.012945 0.088671 -0.034335
v -0.012664 0.084736 -0.039181
v 0.003117 0.062471 0.012276
v -0.004722 0.028370 0.091234
v -0.083551 -0.034607 -0.027791
v -0.082643 -0.033603 -0.028372
v -0.091460 -0.054127 -0.049584
v 0.006031 0.061813 0.012855
v 0.005769 0.053261 0.017702
v 0.004244 0.056316 0.014515
v 0.011004 0.057434 0.022516
v 0.007303 0.060531 0.027027
v 0.005465 0.062544 0.023019
v 0.008666 0.060005 0.019354
v 0.002223 0.064980 0.017667
v 0.004647 0.062926 0.014899
v -0.094843 -0.051935 -0.051875
v 0.003219 0.063486 0.014200
v 0.000600 0.065534 0.016164
v -0.000580 0.065680 0.015008
v 0.002165 0.063564 0.013600
v -0.002038 0.064900 0.013063
v -0.006603 0.066565 0.013558
v -0.006398 0.061709 0.017002
v -0.001644 0.060078 0.016410
v 0.002932 0.057504 0.015446
v 0.001684 0.061805 0.012548
v -0.090295 -0.049370 -0.055593
v -0.089703 -0.044842 -0.056819
v -0.087193 -0.044105 -0.055572
v -0.087694 -0.047831 -0.054015
v -0.001690 0.065429 0.013445
v 0.001533 0.062977 0.013014
v -0.006262 0.067747 0.013806
v 0.006656 0.021733 0.086918
v 0.001731 0.063447 0.013036
v -0.001255 0.065641 0.013828
v -0.005759 0.068522 0.014753
v -0.004935 0.068989 0.016501
v -0.003740 0.069275 0.018405
v -0.002298 0.068734 0.020890
v 0.000358 0.065268 0.027340
v 0.001725 0.063586 0.031993
v -0.006060 0.067140 0.030433
v -0.005184 0.066057 0.035084
v -0.007761 0.071635 0.023069
v -0.008930 0.072803 0.020044
v -0.009806 0.072092 0.017834
v -0.010342 0.070739 0.015767
v -0.015046 0.076402 -0.012704
v -0.012315 0.076202 -0.017139
v -0.013908 0.078733 -0.017229
v -0.010045 0.084127 -0.021314
v -0.017024 0.081619 -0.015919
v -0.007476 0.083395 -0.023403
v -0.009316 0.085130 -0.022589
v -0.009025 0.086081 -0.024539
v -0.007657 0.084775 -0.025492
v -0.011075 0.086787 -0.021553
v -0.009909 0.087392 -0.023947
v -0.015623 0.088938 -0.019461
v -0.014629 0.090975 -0.023265
v -0.013430 0.090820 -0.029932
v -0.014176 0.091547 -0.025826
v -0.008558 0.086944 -0.026141
v -0.007086 0.085049 -0.028511
v -0.099890 -0.050146 -0.051837
v -0.006809 0.082455 -0.031811
v -0.003824 0.078496 -0.029850
v 0.004596 -0.026978 -0.164511
v -0.010906 0.069594 0.014386
v -0.011529 0.067971 0.013949
v -0.085957 -0.033630 -0.014213
v -0.090241 -0.046898 -0.041430
v -0.005581 0.054995 0.026468
v -0.005826 0.057315 0.022253
v -0.010847 0.058199 0.023271
v -0.088885 -0.042541 -0.057058
v -0.092819 -0.043098 -0.058388
v -0.010622 0.056149 0.027420
v -0.015540 0.068510 0.014051
v -0.098959 -0.057166 -0.030834
v -0.100760 -0.052337 -0.050516
v -0.099201 -0.051301 -0.048856
v -0.092356 -0.038332 -0.048868
v -0.084392 -0.050151 -0.024561
v -0.090729 -0.047737 -0.024550
v -0.089454 -0.047295 -0.021673
v -0.084024 -0.050046 -0.022526
v -0.082459 -0.043616 -0.036898
v -0.015126 0.062863 0.018059
v -0.011325 0.062637 0.017502
v -0.015499 0.069943 0.014756
v -0.015159 0.070865 0.016593
v -0.014662 0.072984 0.019006
v -0.014644 0.058386 0.023984
v -0.014328 0.056393 0.028452
v -0.084375 -0.025402 -0.019020
v 0.004118 0.054162 0.019646
v -0.091193 -0.038767 -0.008404
v -0.092229 -0.041406 -0.010275
v -0.033568 -0.095421 0.000021
v -0.037543 -0.105886 -0.009732
v -0.103380 -0.061364 -0.029872
v 0.005084 0.052024 0.023381
v -0.000712 0.056198 0.021713
v -0.000095 0.053970 0.024873
v -0.012141 0.067979 0.036284
v -0.012733 0.067796 0.031759
v -0.014144 0.074022 0.021287
v -0.013776 0.072837 0.024499
v 0.021041 -0.094292 -0.152695
v 0.050719 0.010032 -0.105013
v 0.047530 0.017291 -0.098720
v -0.091311 -0.045517 -0.054057
v 0.040739 0.023230 -0.105852
v 0.042508 0.016152 -0.110532
v 0.052281 0.003194 -0.112497
v 0.044873 0.010276 -0.117260
v 0.034914 -0.045018 -0.156445
v 0.034570 -0.031652 -0.155001
v 0.015656 -0.028003 -0.161739
v 0.029127 -0.058653 -0.155900
v 0.042265 -0.067584 -0.147431
v 0.043458 -0.047773 -0.149166
v 0.043637 -0.033782 -0.150009
v -0.088217 -0.034041 -0.013780
v -0.089152 -0.030882 -0.008129
v -0.087906 -0.029515 -0.009298
v -0.087116 -0.043833 -0.044259
v 0.018452 -0.069327 0.055645
v 0.052431 -0.113928 -0.073393
v 0.039929 -0.021365 -0.147810
v 0.032251 -0.018823 -0.153435
v 0.030162 -0.006820 -0.148795
v 0.037354 -0.009633 -0.144540
v 0.015001 -0.013766 -0.162564
v 0.003792 -0.012601 -0.164553
v 0.018218 -0.128086 -0.035987
v -0.012322 0.074681 -0.049984
v 0.039115 -0.060957 0.018098
v 0.049562 -0.043856 0.018232
v 0.047424 -0.016589 0.067446
v 0.059231 -0.029186 -0.006695
v 0.058786 -0.029826 -0.007482
v 0.049204 -0.026883 0.031905
v 0.051167 -0.029522 0.018696
v 0.031058 -0.073951 0.017434
v 0.067993 -0.039822 -0.016862
v 0.068737 -0.041073 -0.020256
v 0.069891 -0.039442 -0.015703
v 0.070557 -0.040835 -0.019496
v 0.070827 -0.041561 -0.023524
v 0.071049 -0.038565 -0.013703
v 0.068141 -0.032652 -0.049754
v 0.069953 -0.031177 -0.050982
v -0.084832 -0.049270 -0.019808
v -0.084094 -0.050312 -0.021974
v 0.058227 -0.024699 -0.005333
v 0.058138 -0.026544 -0.006221
v -0.072655 -0.042214 -0.030718
v 0.057153 -0.025776 -0.006187
v 0.057068 -0.024326 -0.005360
v 0.058082 -0.022957 -0.004001
v 0.056975 -0.023153 -0.004481
v 0.073009 -0.026453 -0.065897
v 0.056699 -0.027282 -0.004714
v 0.057964 -0.029565 -0.006968
v 0.057913 -0.028004 -0.006684
v 0.056935 -0.026602 -0.006255
v 0.056757 -0.024454 -0.005048
v 0.056731 -0.022685 -0.003780
v 0.057339 -0.021938 -0.002346
v -0.089815 -0.048001 -0.013165
v -0.086993 -0.041671 -0.007800
v -0.068928 -0.032707 0.042876
v -0.063362 -0.044017 0.040346
v -0.063143 -0.040538 0.052296
v -0.068273 -0.028977 0.055551
v -0.080550 -0.027663 -0.032274
v -0.081755 -0.030247 -0.025907
v -0.083118 -0.028196 -0.024647
v 0.072004 -0.038856 -0.012249
v 0.063957 -0.027109 -0.002256
v -0.038007 0.020778 0.064225
v -0.036235 0.021799 0.078533
v 0.067251 -0.035908 -0.042952
v 0.067273 -0.037466 -0.041040
v 0.070203 -0.038326 -0.042409
v 0.070131 -0.037119 -0.044561
v 0.055262 -0.084493 -0.018430
v 0.058469 -0.090950 -0.031015
v 0.006904 -0.074784 0.052236
v 0.006460 -0.078193 0.038468
v 0.073989 -0.079015 -0.063922
v 0.067176 -0.034792 -0.044602
v 0.070194 -0.036089 -0.046337
v 0.069196 -0.041673 -0.024105
v 0.064916 -0.035237 -0.044578
v 0.065345 -0.036554 -0.042704
v 0.072076 -0.037509 -0.047772
v 0.071997 -0.038654 -0.045778
v 0.072026 -0.039731 -0.043403
v 0.065757 -0.037915 -0.040781
v -0.081400 -0.022003 -0.019451
v -0.079861 -0.011175 -0.019050
v -0.080750 -0.011564 -0.034571
v -0.079883 -0.021827 -0.029014
v 0.069160 -0.038542 -0.048418
v 0.073089 -0.051427 -0.092074
v 0.073885 -0.067133 -0.087066
v 0.068559 -0.054779 -0.110237
v 0.069788 -0.070627 -0.105260
v 0.067189 -0.088145 -0.100029
v 0.071874 -0.085420 -0.081041
v 0.068237 -0.032964 -0.049936
v 0.071275 -0.030769 -0.051779
v 0.051431 -0.005001 -0.118597
v 0.056664 -0.011755 -0.113753
v 0.044620 0.002994 -0.123135
v 0.044421 -0.003876 -0.129272
v 0.050771 -0.012430 -0.125478
v 0.058208 -0.023332 -0.118714
v 0.074197 -0.035320 -0.082450
v 0.069948 -0.036890 -0.097562
v 0.065748 -0.023339 -0.101923
v -0.071421 0.023262 -0.066017
v -0.071441 0.018150 -0.067009
v -0.073298 0.018576 -0.057627
v -0.072486 0.022760 -0.058588
v 0.064213 -0.039454 -0.114836
v 0.055252 -0.029243 -0.129879
v 0.059094 -0.043522 -0.126463
v 0.050770 -0.033050 -0.140942
v 0.052874 -0.047133 -0.138325
v 0.054111 -0.063091 -0.136549
v 0.062238 -0.057986 -0.122529
v 0.050382 -0.018509 -0.132537
v 0.043735 -0.009184 -0.135260
v 0.047130 -0.021822 -0.140592
v 0.042642 -0.013907 -0.140241
v 0.063076 -0.016654 -0.103615
v 0.051647 -0.024203 0.001359
v 0.052774 -0.019206 0.001721
v -0.032701 0.038525 -0.118014
v -0.023087 0.040520 -0.118385
v -0.022399 0.035644 -0.125802
v -0.032040 0.032858 -0.125510
v 0.057091 -0.011101 -0.007598
v -0.040386 -0.111001 -0.016391
v -0.041341 -0.115626 -0.027780
v -0.020342 -0.122209 -0.023589
v -0.020450 -0.117510 -0.012831
v 0.051358 0.018295 -0.032073
v 0.050247 0.015583 -0.043542
v 0.054800 0.006193 -0.036252
v 0.054292 0.008132 -0.023162
v -0.030012 0.014725 -0.147282
v -0.019903 0.017658 -0.146838
v -0.019285 0.009398 -0.153962
v -0.029692 0.006482 -0.153651
v -0.065967 0.036583 -0.039435
v -0.068105 0.037389 -0.033898
v -0.064543 0.040583 -0.033583
v -0.062821 0.039308 -0.039215
v 0.049337 0.013886 -0.057551
v 0.053728 0.004205 -0.049285
v 0.056779 0.001588 -0.065539
v 0.051551 0.012635 -0.073066
v 0.060380 -0.102568 -0.095580
v 0.063773 -0.101396 -0.077590
v -0.088602 -0.027686 -0.002767
v -0.087641 -0.026539 -0.004152
v 0.065128 -0.101053 -0.063865
v 0.032863 0.040496 -0.088329
v -0.018260 -0.002887 -0.158279
v -0.028437 -0.005452 -0.157107
v 0.022625 -0.122298 -0.120597
v 0.032825 0.028522 -0.110959
v 0.051918 -0.103624 -0.119768
v -0.005299 -0.083330 0.036031
v 0.040659 -0.109934 -0.126564
v 0.063059 -0.073115 -0.118662
v 0.061669 -0.087993 -0.114076
v 0.055830 -0.103022 -0.108041
v 0.063016 -0.098348 -0.049936
v 0.036464 -0.002706 -0.139725
v 0.040593 0.036972 -0.055096
v 0.039844 0.036175 -0.050817
v 0.040693 0.038203 -0.059698
v 0.037589 0.037550 -0.046248
v -0.001515 0.057975 -0.042878
v -0.002040 0.060166 -0.040832
v -0.002809 0.062062 -0.038284
v 0.000759 0.057612 -0.037681
v -0.000159 0.059423 -0.034789
v -0.005802 0.068559 -0.039118
v -0.005230 0.065512 -0.041637
v -0.003245 0.064499 -0.036074
v -0.003305 0.066805 -0.033307
v -0.005680 0.071001 -0.036279
v 0.000341 0.063953 -0.021156
v 0.000972 0.061428 -0.025638
v -0.001011 0.063346 -0.029640
v 0.003196 0.057802 -0.031742
v 0.002237 0.059639 -0.028947
v -0.000700 0.061324 -0.032509
v 0.004659 0.055897 -0.034798
v -0.001772 0.069978 -0.029988
v 0.000127 0.073669 -0.027148
v -0.005137 0.074671 -0.032920
v -0.007180 0.078630 -0.035154
v -0.007535 0.075097 -0.038729
v 0.001719 0.055740 -0.039927
v 0.006067 0.054253 -0.037281
v 0.005255 0.058951 -0.025568
v 0.008801 0.058115 -0.022305
v 0.007382 0.056909 -0.029244
v 0.010968 0.056317 -0.026600
v 0.008851 0.055245 -0.032414
v 0.012661 0.054606 -0.029931
v 0.011820 0.057217 -0.018312
v 0.014377 0.056016 -0.014455
v 0.016752 0.054170 -0.009190
v 0.017873 0.054393 -0.018991
v 0.020684 0.052329 -0.013957
v 0.020649 0.053017 -0.023663
v 0.024377 0.051267 -0.018612
v -0.028472 0.055708 -0.049728
v -0.028211 0.052520 -0.051236
v -0.031907 0.050894 -0.047951
v -0.032180 0.053660 -0.046439
v -0.022669 0.052492 -0.091683
v -0.023273 0.049391 -0.098798
v -0.031350 0.047665 -0.099199
v -0.030560 0.051552 -0.092161
v 0.014752 0.055531 -0.023239
v 0.016945 0.053773 -0.026856
v 0.014263 0.052661 -0.033097
v 0.010380 0.053289 -0.035237
v 0.023061 0.049884 -0.033620
v 0.022262 0.051415 -0.028535
v 0.018287 0.052012 -0.030945
v 0.019408 0.050513 -0.035071
v 0.027010 0.049946 -0.024748
v 0.027354 0.048683 -0.031858
v 0.026955 0.047039 -0.036145
v 0.013984 0.048524 -0.042700
v 0.009287 0.049120 -0.043773
v 0.017363 0.047882 -0.042146
v 0.023215 0.048144 -0.036996
v 0.019966 0.048901 -0.037928
v 0.031663 0.041731 -0.042027
v 0.029096 0.043183 -0.041262
v 0.023348 0.045950 -0.041249
v 0.020545 0.046925 -0.041614
v 0.026320 0.044617 -0.041050
v 0.005210 0.049425 -0.045839
v 0.001043 0.049849 -0.048420
v 0.046111 -0.040685 0.030902
v -0.007999 0.072413 -0.041916
v -0.007799 0.069339 -0.044899
v -0.001364 0.051695 -0.064858
v -0.003536 0.050754 -0.062267
v -0.009665 0.057184 -0.062265
v 0.002786 0.055480 -0.067981
v -0.001577 0.050264 -0.051612
v -0.035961 0.048875 -0.045342
v -0.035717 0.050999 -0.043731
v -0.003103 0.050216 -0.054398
v -0.004256 0.049757 -0.056975
v -0.004642 0.050095 -0.059879
v -0.021372 0.029766 -0.132137
v -0.030740 0.026560 -0.131586
v -0.024774 -0.051468 -0.164644
v -0.026468 -0.042264 -0.163478
v -0.015908 -0.043128 -0.165850
v -0.015871 -0.056385 -0.165833
v 0.013282 0.057169 -0.078646
v 0.010404 0.060255 -0.073001
v 0.043741 0.025632 -0.093369
v 0.046596 0.022406 -0.085162
v 0.034058 0.044100 -0.074012
v 0.037285 0.042040 -0.069943
v 0.039498 0.039965 -0.064867
v 0.046812 0.020602 -0.073703
v 0.045981 0.020304 -0.061213
v 0.047068 0.021699 -0.049331
v -0.073238 -0.076185 -0.035465
v -0.077683 -0.061443 -0.034465
v -0.078809 -0.063076 -0.046473
v -0.079206 -0.079371 -0.050507
v 0.035561 0.016530 -0.121931
v -0.045154 0.004058 0.059918
v -0.043445 0.005570 0.071635
v -0.005266 -0.078574 0.050029
v 0.036032 0.010536 -0.127702
v 0.033989 0.022273 -0.115592
v 0.028585 0.001783 -0.143889
v 0.027407 0.009535 -0.137817
v 0.036592 0.003959 -0.133852
v 0.027138 0.016450 -0.131996
v 0.026616 0.022098 -0.125565
v 0.025616 0.027998 -0.119650
v 0.024521 0.033725 -0.114653
v 0.021711 0.040514 -0.106120
v 0.033827 -0.055845 0.029600
v -0.007929 0.070351 -0.028244
v -0.008528 0.070887 -0.028143
v -0.063806 0.029562 -0.087459
v -0.065586 0.024569 -0.092768
v -0.068194 0.021244 -0.085837
v -0.066347 0.026661 -0.081628
v -0.008180 0.070161 -0.028187
v -0.008873 0.070745 -0.028135
v -0.008465 0.070781 -0.027743
v -0.009316 0.073310 -0.019582
v -0.009980 0.072218 -0.021541
v -0.009290 0.071629 -0.025281
v 0.057386 -0.012809 -0.001108
v -0.021676 0.058040 -0.080549
v -0.028850 0.058280 -0.080721
v -0.026989 0.059014 -0.075095
v -0.020982 0.058562 -0.074999
v -0.072563 0.023142 -0.051237
v -0.074067 0.020179 -0.048453
v -0.073722 0.025428 -0.040552
v -0.071523 0.027229 -0.044152
v -0.068678 0.033506 -0.040290
v -0.070947 0.033588 -0.035013
v -0.032374 0.044029 -0.108828
v -0.023574 0.046151 -0.108940
v -0.070063 0.018889 -0.076836
v -0.068807 0.024345 -0.074255
v -0.025495 0.058472 -0.052755
v -0.025745 0.054481 -0.054022
v -0.023307 0.056648 -0.057730
v -0.020386 0.063613 -0.057920
v -0.020043 0.060676 -0.060783
v -0.022345 0.056425 -0.060435
v -0.046618 0.044443 -0.093385
v -0.047192 0.039704 -0.100183
v -0.054182 0.034625 -0.099877
v -0.053155 0.039236 -0.093175
v -0.030155 0.021173 -0.138672
v -0.020454 0.024117 -0.138665
v -0.019812 0.058103 -0.068595
v -0.023988 0.056553 -0.068816
v -0.022728 0.055482 -0.065667
v -0.019715 0.058196 -0.065696
v -0.039984 0.049022 -0.041836
v -0.040397 0.047554 -0.043806
v -0.077228 -0.032683 -0.004459
v -0.080067 -0.031271 -0.002649
v -0.080641 -0.024247 -0.050019
v -0.079171 -0.022601 -0.039364
v -0.078765 -0.012102 -0.047929
v -0.079917 -0.014938 -0.061363
v -0.082401 -0.019035 -0.073944
v -0.082661 -0.024974 -0.082740
v -0.083175 -0.031576 -0.065751
v -0.082136 -0.027175 -0.059425
v -0.054676 -0.050125 0.049629
v -0.053525 -0.054240 0.038773
v -0.020680 0.067366 -0.055456
v -0.020778 0.070777 -0.052959
v -0.021866 -0.132761 -0.069273
v -0.021193 -0.133316 -0.054842
v -0.043092 -0.124965 -0.060422
v -0.042908 -0.123877 -0.074202
v -0.072961 -0.072392 -0.025209
v -0.076429 -0.058778 -0.025323
v -0.029280 0.074078 -0.024221
v -0.026253 0.070532 -0.028266
v -0.027273 0.071591 -0.025260
v -0.026424 0.070577 -0.028258
v -0.029818 0.076062 -0.022110
v -0.032278 0.077082 -0.022550
v -0.027807 0.070746 -0.021147
v -0.026810 0.071396 -0.021137
v -0.026512 0.071933 -0.025423
v -0.026505 0.070618 -0.028361
v -0.020862 0.084277 -0.016997
v -0.021515 0.087156 -0.018585
v -0.025205 0.085467 -0.020957
v -0.023655 0.083664 -0.019074
v -0.025264 0.071623 -0.028268
v -0.024599 0.073264 -0.025591
v -0.024190 0.079171 -0.023776
v -0.025872 0.074644 -0.026714
v -0.025595 0.071964 -0.028209
v -0.026090 0.078010 -0.024370
v -0.025712 0.076578 -0.018050
v -0.027675 0.076233 -0.024479
v -0.088878 -0.042088 -0.016733
v -0.067453 -0.019596 0.028150
v -0.073009 -0.027389 0.014434
v -0.071615 -0.031155 0.014959
v -0.068605 -0.026349 0.029816
v -0.088479 -0.045077 -0.043829
v -0.075275 0.003966 -0.093114
v -0.075406 -0.006087 -0.104484
v -0.080926 -0.016700 -0.094100
v -0.080618 -0.011070 -0.083458
v -0.075570 -0.013281 -0.114785
v -0.082559 -0.024195 -0.105018
v -0.087435 -0.032867 -0.093512
v -0.085288 -0.045196 -0.072128
v -0.057006 0.042118 -0.053614
v -0.057096 0.042071 -0.053420
v -0.055542 0.043346 -0.053017
v -0.055693 0.043366 -0.053165
v -0.056658 0.041616 -0.053509
v -0.055232 0.042680 -0.052900
v -0.057579 0.040647 -0.053940
v -0.058013 0.041084 -0.053895
v -0.058123 0.041012 -0.053692
v -0.039558 0.046042 -0.053533
v -0.040268 0.045735 -0.053656
v -0.043009 0.045724 -0.052954
v -0.042251 0.046596 -0.052947
v -0.039179 0.046226 -0.053287
v -0.042056 0.046872 -0.052691
v -0.043143 0.040090 -0.055659
v -0.042572 0.040016 -0.055974
v -0.043980 0.040141 -0.055366
v -0.037489 0.044164 -0.055553
v -0.037703 0.044151 -0.056586
v -0.042335 0.039980 -0.056908
v -0.042203 0.039907 -0.056316
v -0.037869 0.044523 -0.054906
v -0.036193 0.044366 -0.054813
v -0.035170 0.043748 -0.055238
v -0.035286 0.043920 -0.056761
v -0.047304 0.046435 -0.051893
v -0.047451 0.046285 -0.051178
v -0.042696 0.046783 -0.051344
v -0.042307 0.046908 -0.052154
v -0.047189 0.046427 -0.052331
v -0.050548 0.045410 -0.052561
v -0.050548 0.045296 -0.052123
v -0.050576 0.045137 -0.051387
v -0.039291 0.046745 -0.052140
v -0.039198 0.046588 -0.052988
v -0.050478 0.044992 -0.050734
v -0.047556 0.046005 -0.050581
v -0.042823 0.046553 -0.050768
v -0.039278 0.046647 -0.051761
v -0.036459 0.046102 -0.053004
v -0.037562 0.046265 -0.053080
v -0.047427 0.045698 -0.049817
v -0.047276 0.045255 -0.049077
v -0.042417 0.045954 -0.049395
v -0.042671 0.046261 -0.050106
v -0.050386 0.044598 -0.049963
v -0.050265 0.044275 -0.049054
v -0.059143 0.039209 -0.053558
v -0.059670 0.038353 -0.053973
v -0.059556 0.038352 -0.053349
v -0.059185 0.038757 -0.052980
v -0.061534 0.035217 -0.050497
v -0.062607 0.034444 -0.051804
v -0.064129 0.032759 -0.051277
v -0.062817 0.034051 -0.049791
v -0.070607 0.030229 -0.041741
v -0.065131 0.033236 -0.047009
v -0.066689 0.031166 -0.048506
v -0.058614 0.039949 -0.053477
v -0.057956 0.040834 -0.053262
v -0.058731 0.040132 -0.053801
v -0.059184 0.039228 -0.054006
v -0.058696 0.039510 -0.052679
v -0.057837 0.040427 -0.052554
v -0.056987 0.041862 -0.053019
v -0.056881 0.041501 -0.052260
v -0.055299 0.042806 -0.051892
v -0.055348 0.043105 -0.052641
v -0.053367 0.044224 -0.052319
v -0.053745 0.044278 -0.052811
v -0.053335 0.043968 -0.051569
v -0.055314 0.042479 -0.051198
v -0.053290 0.043700 -0.050934
v -0.056828 0.041096 -0.051486
v -0.057921 0.039970 -0.051798
v -0.058761 0.038953 -0.052092
v -0.059466 0.038234 -0.052430
v -0.059946 0.037739 -0.053003
v -0.059031 0.038304 -0.051440
v -0.059587 0.037409 -0.050644
v -0.058315 0.038682 -0.050184
v -0.058077 0.039443 -0.051065
v -0.059913 0.037455 -0.051905
v -0.060618 0.036374 -0.051228
v -0.056931 0.040592 -0.050775
v -0.056948 0.040073 -0.049926
v -0.055180 0.041663 -0.049540
v -0.055268 0.042121 -0.050411
v -0.052822 0.043294 -0.050256
v -0.052812 0.042890 -0.049252
v -0.047236 0.046434 -0.052357
v -0.047023 0.045354 -0.052529
v -0.050421 0.044517 -0.052409
v -0.050695 0.045400 -0.052591
v -0.053911 0.044350 -0.052836
v -0.053299 0.043718 -0.052444
v -0.050183 0.043630 -0.052207
v -0.048113 0.039693 -0.054658
v -0.049279 0.039256 -0.054723
v -0.052892 0.042775 -0.052299
v -0.047096 0.044319 -0.052427
v -0.046655 0.040081 -0.054718
v -0.043759 0.044578 -0.053119
v -0.045150 0.040162 -0.055044
v -0.041022 0.045046 -0.053698
v -0.047840 0.045569 -0.066488
v -0.047635 0.046337 -0.066338
v -0.052784 0.045242 -0.065080
v -0.052717 0.044723 -0.065078
v -0.055232 -0.106909 -0.031994
v -0.055717 -0.112094 -0.048631
v -0.041484 -0.121001 -0.043482
v -0.055300 0.044118 -0.060889
v -0.055223 0.043727 -0.062495
v -0.057628 0.042079 -0.061128
v -0.057663 0.042437 -0.059758
v -0.055614 0.044855 -0.059388
v -0.057678 0.042965 -0.058235
v -0.052889 0.046766 -0.060812
v -0.052763 0.046031 -0.062484
v -0.052745 0.045399 -0.064067
v -0.056809 0.039111 -0.057974
v -0.056099 0.039892 -0.058750
v -0.056805 0.041192 -0.058143
v -0.057773 0.039856 -0.057653
v -0.057465 0.038450 -0.057437
v -0.058355 0.038951 -0.057188
v -0.051969 0.037177 -0.057206
v -0.051640 0.037506 -0.057473
v -0.051147 0.038001 -0.057804
v -0.052150 0.036990 -0.056925
v -0.052248 0.036903 -0.056592
v -0.052290 0.036926 -0.056302
v -0.052206 0.037080 -0.056040
v -0.072285 0.031122 -0.026995
v -0.072700 0.029683 -0.036998
v -0.074226 0.026665 -0.029284
v -0.058558 0.040116 -0.054046
v -0.059034 0.039220 -0.054299
v -0.058066 0.039801 -0.054175
v -0.058513 0.039093 -0.054423
v -0.059517 0.038331 -0.054689
v -0.059798 0.038177 -0.054538
v -0.056024 0.040981 -0.053315
v -0.051171 0.038353 -0.055089
v -0.051603 0.037980 -0.055348
v -0.056700 0.040085 -0.053980
v -0.054737 0.041790 -0.052679
v -0.050435 0.038792 -0.054850
v -0.051871 0.037678 -0.055572
v -0.052047 0.037342 -0.055804
v -0.057015 0.039434 -0.054283
v -0.057447 0.038755 -0.054643
v -0.058887 0.038545 -0.054919
v -0.057930 0.037836 -0.055677
v -0.057881 0.037846 -0.056207
v -0.059019 0.038263 -0.055385
v -0.059048 0.038176 -0.055988
v -0.057809 0.038136 -0.055132
v -0.057720 0.038050 -0.056827
v -0.058762 0.038468 -0.056461
v -0.059932 0.037928 -0.053965
v -0.059986 0.037837 -0.054804
v -0.060501 0.037290 -0.055625
v -0.060349 0.037369 -0.053840
v -0.060955 0.036553 -0.053749
v -0.060469 0.036836 -0.052603
v -0.061412 0.036683 -0.056221
v -0.062436 0.035541 -0.056790
v -0.062088 0.035317 -0.053729
v -0.061350 0.035723 -0.052279
v -0.059721 0.037974 -0.055292
v -0.059911 0.037761 -0.055632
v -0.060872 0.037985 -0.057094
v -0.061433 0.037531 -0.058188
v -0.060312 0.038315 -0.056498
v -0.059829 0.039603 -0.056965
v -0.060114 0.039337 -0.057878
v -0.060490 0.038866 -0.058935
v -0.059109 0.040816 -0.058646
v -0.059319 0.040442 -0.059909
v -0.058991 0.041128 -0.057475
v -0.059731 0.038384 -0.056309
v -0.059269 0.039395 -0.056806
v -0.058538 0.040761 -0.057193
v -0.057588 0.042851 -0.057298
v -0.055591 0.045050 -0.057884
v -0.054895 0.043155 -0.058775
v -0.052781 0.046778 -0.059353
v -0.052241 0.045198 -0.059544
v -0.047859 0.047192 -0.066956
v -0.053548 0.045828 -0.065943
v -0.051693 0.043328 -0.059983
v -0.048997 0.039613 -0.058355
v -0.047437 0.040258 -0.058437
v -0.048580 0.044618 -0.059959
v -0.038370 0.044795 -0.057266
v -0.039234 0.045463 -0.058034
v -0.043065 0.040558 -0.057458
v -0.042625 0.040277 -0.057187
v -0.036786 0.045134 -0.057324
v -0.038183 0.045992 -0.058171
v -0.042803 0.045722 -0.059307
v -0.044647 0.040863 -0.057947
v -0.043702 0.040769 -0.057700
v -0.041010 0.045510 -0.058702
v -0.042290 0.047430 -0.059771
v -0.039817 0.046744 -0.058848
v -0.048989 0.046592 -0.060120
v -0.022426 -0.129123 -0.107902
v -0.022766 -0.130154 -0.090658
v -0.040811 -0.122190 -0.093320
v -0.039134 -0.121125 -0.108432
v -0.054085 0.041683 -0.059461
v -0.050222 0.038813 -0.058113
v -0.047900 -0.113807 -0.108528
v -0.045195 -0.110415 -0.116847
v -0.037200 -0.116440 -0.119755
v -0.039972 -0.071833 0.028006
v -0.029362 -0.075876 0.039617
v -0.034723 0.046004 -0.057148
v -0.036468 0.046486 -0.058372
v -0.033437 0.045630 -0.056259
v -0.032769 0.045518 -0.056477
v -0.033971 0.045704 -0.057857
v -0.035461 0.046098 -0.059102
v -0.038607 0.047119 -0.059347
v -0.037760 0.047022 -0.060219
v -0.041288 0.048339 -0.061317
v -0.041628 0.048379 -0.060190
v -0.048861 0.048045 -0.060465
v -0.048782 0.047949 -0.061937
v -0.040393 0.047184 -0.063214
v -0.037047 0.046014 -0.061605
v -0.039452 0.046170 -0.065013
v -0.036612 0.045420 -0.063160
v -0.048450 0.046339 -0.065355
v -0.048735 0.047286 -0.063537
v -0.036355 0.045875 -0.053794
v -0.034067 0.045730 -0.054294
v -0.036975 0.045999 -0.054068
v -0.034464 0.045746 -0.054370
v -0.038107 0.045374 -0.054271
v -0.033597 0.045462 -0.054949
v -0.032867 0.045530 -0.055029
v -0.038956 0.045029 -0.054265
v -0.033183 0.045166 -0.058323
v -0.031823 0.045333 -0.056670
v -0.031931 0.044231 -0.059258
v -0.031094 0.044884 -0.057108
v -0.034099 0.044262 -0.061760
v -0.034714 0.045002 -0.060056
v -0.031840 0.045414 -0.055207
v -0.032405 0.045630 -0.054475
v -0.031158 0.045274 -0.055490
v -0.031714 0.045496 -0.054584
v -0.038976 0.046587 -0.051246
v -0.038580 0.046361 -0.050789
v -0.035664 0.046204 -0.052690
v -0.035009 0.046064 -0.052499
v -0.046902 0.044732 -0.048307
v -0.049969 0.043858 -0.048229
v -0.046335 0.044434 -0.047368
v -0.049622 0.043395 -0.047181
v -0.041584 0.045674 -0.047868
v -0.042109 0.045742 -0.048641
v -0.043191 0.008340 0.081290
v -0.060229 0.036572 -0.049739
v -0.061138 0.035825 -0.048745
v -0.059331 0.037398 -0.048014
v -0.058729 0.037968 -0.049264
v -0.057088 0.039460 -0.048886
v -0.057285 0.039155 -0.047473
v -0.054909 0.040785 -0.047222
v -0.055025 0.041187 -0.048469
v -0.052647 0.042360 -0.048369
v -0.052627 0.042048 -0.047076
v -0.063702 0.033775 -0.053317
v -0.064731 0.033399 -0.056674
v -0.065532 0.032173 -0.052652
v -0.067311 0.031436 -0.056258
v -0.030164 0.044649 -0.060404
v -0.029924 0.044598 -0.057573
v -0.028716 0.045989 -0.060891
v -0.028544 0.045636 -0.058176
v -0.030088 0.046822 -0.063388
v -0.031792 0.045010 -0.063229
v -0.030473 0.045380 -0.055879
v -0.031111 0.045425 -0.054624
v -0.029532 0.045868 -0.055987
v -0.030489 0.046012 -0.054503
v -0.038092 0.046119 -0.050238
v -0.037614 0.046135 -0.049595
v -0.034487 0.046210 -0.052238
v -0.033830 0.046448 -0.051777
v -0.053996 -0.101018 -0.020311
v -0.057113 -0.115853 -0.065336
v -0.061254 0.043695 -0.068690
v -0.058551 0.044097 -0.066333
v -0.055132 0.046367 -0.067922
v -0.057203 0.047103 -0.070447
v -0.063573 0.041291 -0.072782
v -0.066323 0.038711 -0.069625
v -0.063794 0.040503 -0.066662
v -0.061187 0.041558 -0.064682
v -0.065480 0.034231 -0.059508
v -0.063544 0.035799 -0.059508
v -0.063425 0.037070 -0.061178
v -0.065329 0.035677 -0.061795
v -0.067941 0.032223 -0.059478
v -0.067977 0.033781 -0.062672
v -0.064659 0.037836 -0.064064
v -0.062502 0.039117 -0.062840
v -0.067315 0.036129 -0.065757
v -0.037547 0.048632 -0.068233
v -0.037992 0.046867 -0.067432
v -0.035345 0.045433 -0.065489
v -0.034180 0.046545 -0.065652
v -0.036765 0.049892 -0.069139
v -0.032393 0.047829 -0.065763
v -0.050411 0.050340 -0.071308
v -0.049147 0.048597 -0.069215
v -0.039108 0.045682 -0.065919
v -0.037121 0.045539 -0.064389
v -0.038769 0.045592 -0.066031
v -0.036657 0.045310 -0.064399
v -0.054543 -0.096429 -0.127078
v -0.058484 -0.084718 -0.132502
v -0.041532 -0.090047 -0.144134
v -0.039051 -0.100739 -0.138142
v -0.055237 0.043890 -0.063320
v -0.055592 0.043809 -0.063675
v -0.058024 0.041981 -0.062380
v -0.057605 0.042074 -0.061940
v -0.059514 0.040214 -0.060776
v -0.059985 0.040098 -0.061320
v -0.061215 0.038498 -0.060239
v -0.060742 0.038659 -0.059862
v -0.061451 0.037539 -0.059098
v -0.061956 0.037141 -0.059197
v -0.036638 0.045601 -0.065252
v -0.038499 0.046287 -0.066326
v -0.051583 -0.115289 -0.096330
v -0.054897 0.029143 -0.107441
v -0.061803 0.023092 -0.104593
v -0.060671 0.028986 -0.097906
v -0.056553 0.044269 -0.064575
v -0.059069 0.041962 -0.063348
v -0.060922 0.039834 -0.062035
v -0.062066 0.038058 -0.060726
v -0.062597 0.036924 -0.059768
v -0.084382 -0.027661 -0.021901
v -0.083223 -0.029778 -0.022059
v -0.085186 -0.051837 -0.033089
v -0.081964 -0.049784 -0.039469
v -0.080907 -0.048527 -0.042806
v -0.088309 -0.039147 -0.049563
v -0.089758 -0.042002 -0.052863
v -0.095544 -0.046923 -0.014879
v -0.092736 -0.042618 -0.012677
v -0.095455 -0.047717 -0.015664
v -0.097919 -0.051612 -0.049230
v -0.098687 -0.053300 -0.047659
v -0.100167 -0.053013 -0.047298
v -0.046222 -0.086079 -0.000667
v -0.050283 -0.094114 -0.013660
v -0.099285 -0.055006 -0.045865
v -0.082518 -0.032800 -0.026829
v -0.087286 -0.052623 -0.032588
v -0.090123 -0.055080 -0.032002
v -0.092181 -0.055666 -0.026968
v -0.090567 -0.054533 -0.027549
v -0.092030 -0.053891 -0.021858
v -0.090482 -0.052851 -0.022814
v -0.096484 -0.051152 -0.018366
v -0.096047 -0.054552 -0.022606
v -0.090900 -0.043448 -0.053270
v -0.091105 -0.042671 -0.052351
v -0.091975 -0.043835 -0.053241
v -0.083441 -0.034228 -0.025879
v -0.086423 -0.039293 -0.047346
v -0.086423 -0.037639 -0.045329
v -0.085946 -0.038037 -0.045919
v -0.080419 -0.038472 -0.031183
v -0.080162 -0.038618 -0.031947
v -0.081716 -0.037934 -0.029571
v -0.083670 -0.035904 -0.028197
v -0.078236 -0.037785 -0.020626
v -0.077578 -0.039276 -0.019851
v -0.077406 -0.038402 -0.018965
v -0.093884 -0.045957 -0.058733
v -0.086595 -0.037338 -0.044263
v -0.087821 -0.037725 -0.045210
v -0.088675 -0.037966 -0.046326
v -0.093157 -0.043887 -0.052480
v -0.089211 -0.038103 -0.047320
v -0.087941 -0.038266 -0.047493
v -0.089298 -0.039054 -0.049156
v -0.087085 -0.038599 -0.047712
v -0.083587 -0.050522 -0.023454
v -0.082418 -0.048921 -0.023381
v -0.081373 -0.028180 -0.041114
v -0.082592 -0.030210 -0.039242
v -0.091298 -0.040329 -0.011376
v -0.081630 -0.045086 -0.048403
v -0.081706 -0.047215 -0.051637
v -0.097740 -0.056211 -0.026740
v -0.090317 -0.045576 -0.019504
v -0.088115 -0.044402 -0.018254
v -0.092611 -0.046808 -0.021136
v -0.094041 -0.048185 -0.024011
v -0.082889 -0.041820 -0.038959
v -0.091407 -0.047576 -0.043396
v -0.092195 -0.048527 -0.041262
v -0.089813 -0.046220 -0.043557
v -0.081820 -0.046396 -0.054881
v -0.082506 -0.043970 -0.054424
v -0.080764 -0.044706 -0.051187
v -0.083104 -0.043342 -0.052461
v -0.080018 -0.037632 -0.024083
v -0.077671 -0.040999 -0.017858
v -0.079389 -0.042642 -0.019734
v -0.079248 -0.041898 -0.017239
v -0.080544 -0.043571 -0.018476
v -0.080820 -0.045008 -0.019821
v -0.081004 -0.046372 -0.021854
v -0.081843 -0.046784 -0.024134
v -0.079401 -0.038312 -0.028309
v -0.084239 -0.036064 -0.053471
v -0.079081 -0.038407 -0.026498
v -0.080775 -0.038124 -0.029846
v -0.080835 -0.037703 -0.028088
v -0.080543 -0.037548 -0.026184
v -0.087454 -0.036967 -0.015504
v -0.086915 -0.040138 -0.016892
v -0.085819 -0.036598 -0.016241
v -0.086883 -0.042720 -0.017427
v -0.084172 -0.036697 -0.016679
v -0.082940 -0.044848 -0.049265
v -0.082976 -0.045008 -0.052235
v -0.083258 -0.026038 -0.025041
v -0.076024 0.021388 -0.033704
v -0.076629 0.015347 -0.042973
v -0.045127 0.047345 0.018480
v -0.044390 0.047568 0.021819
v -0.069317 0.035174 -0.024978
v -0.065215 0.039408 -0.022814
v -0.043756 0.059944 0.011247
v -0.043101 0.059939 0.012687
v -0.042334 0.060194 0.012525
v -0.042973 0.059949 0.011552
v -0.041607 0.058118 0.012711
v -0.042395 0.057484 0.012436
v -0.042413 0.058714 0.012344
v -0.041619 0.059354 0.012693
v -0.045655 0.059252 -0.007438
v -0.047599 0.055275 -0.011675
v -0.049796 0.054122 -0.007019
v -0.048155 0.057907 -0.003324
v -0.043649 0.050343 0.014502
v -0.043577 0.051054 0.012309
v -0.042989 0.053990 0.011779
v -0.042991 0.053462 0.013053
v -0.043545 0.050108 0.016088
v -0.042814 0.053245 0.013901
v -0.045092 0.047538 0.016182
v -0.044893 0.048133 0.012962
v -0.050014 0.053034 0.017513
v -0.047883 0.056010 0.015501
v -0.048804 0.056849 0.011639
v -0.051009 0.054043 0.012175
v -0.042215 0.057062 -0.019459
v -0.045146 0.056197 -0.015943
v -0.043251 0.059158 -0.011579
v -0.039936 0.059769 -0.016119
v -0.036815 0.060806 -0.020380
v -0.038674 0.058012 -0.023386
v -0.034839 0.064230 -0.027673
v -0.036833 0.066245 -0.024151
v -0.037267 0.069934 -0.023483
v -0.036772 0.068336 -0.025396
v -0.035416 0.069086 -0.019169
v -0.037464 0.065001 -0.022000
v -0.031434 0.070556 -0.017739
v -0.031045 0.071422 -0.018171
v -0.035611 0.067529 -0.018479
v -0.035156 0.065439 -0.017777
v -0.031969 0.069521 -0.017129
v -0.030136 0.072156 -0.018438
v -0.032921 0.071627 -0.019295
v -0.034310 0.072664 -0.021849
v -0.023107 0.081427 -0.018089
v -0.024229 0.083190 -0.019882
v -0.025818 0.062021 -0.050799
v -0.028924 0.058834 -0.047635
v -0.026174 0.065011 -0.048434
v -0.029067 0.061417 -0.045329
v -0.033264 0.076160 -0.024182
v -0.035892 0.074264 -0.026592
v -0.030656 0.080446 -0.024620
v -0.031938 0.079705 -0.028193
v -0.019639 0.058989 -0.063209
v -0.021583 0.077703 -0.014621
v -0.022115 0.077225 -0.014675
v -0.020878 0.079199 -0.015660
v -0.019404 -0.118062 -0.132599
v -0.019521 -0.107881 -0.144208
v -0.021848 -0.084370 -0.157936
v -0.021380 -0.072564 -0.160606
v -0.024824 0.077913 -0.000173
v -0.024656 0.078089 -0.001871
v -0.031436 0.060792 0.005031
v -0.026052 0.062591 0.004325
v -0.025931 0.065495 0.004934
v -0.031340 0.063902 0.006019
v -0.035055 0.061818 0.007025
v -0.035627 0.058534 0.006020
v -0.031403 0.058301 0.004043
v -0.025870 0.059772 0.003198
v -0.030895 0.069523 0.006846
v -0.025757 0.071761 0.005541
v -0.025521 0.074346 0.003871
v -0.030751 0.071879 0.005165
v -0.036951 0.063646 -0.013956
v -0.033855 0.067366 -0.014162
v -0.030434 0.072061 -0.014158
v -0.027236 0.075163 -0.013789
v -0.026319 0.075300 -0.015662
v -0.029034 0.072820 -0.016550
v -0.025716 0.075441 -0.015943
v -0.028253 0.073131 -0.016957
v -0.027884 0.073534 -0.017124
v -0.028110 0.073388 -0.017606
v -0.026379 0.075075 -0.017248
v -0.026885 0.074762 -0.017973
v -0.025497 0.075810 -0.015969
v -0.021873 0.080509 -0.043105
v -0.021262 0.077243 -0.046772
v -0.029146 0.075557 -0.003135
v -0.024691 0.077152 -0.003537
v -0.024202 0.075922 -0.007643
v -0.028364 0.074488 -0.007726
v -0.032424 0.071436 -0.007160
v -0.034049 0.072715 -0.001615
v -0.022713 0.076899 -0.014479
v -0.029473 0.075996 -0.001337
v -0.029877 0.075740 0.000512
v -0.034656 0.073121 0.000492
v -0.034942 0.072711 0.002524
v -0.038664 0.069373 0.000939
v -0.037426 0.068004 -0.005633
v -0.042719 0.064211 -0.003761
v -0.042269 0.065680 0.003848
v -0.048868 0.058375 0.008132
v -0.044940 0.059492 0.011255
v -0.044882 0.060248 0.009639
v -0.044616 0.061525 0.007957
v -0.048143 0.059767 0.004284
v -0.051039 0.055840 0.007058
v -0.050053 0.057025 0.001561
v -0.046577 0.061504 0.000094
v -0.043933 0.063153 0.006038
v -0.043817 0.060742 0.009909
v -0.043047 0.060426 0.010696
v -0.043517 0.061810 0.008818
v -0.042738 0.061403 0.009751
v -0.043034 0.063156 0.007661
v -0.042239 0.062606 0.008845
v -0.041326 0.064453 0.007605
v -0.041922 0.065319 0.006069
v -0.041568 0.059584 0.010629
v -0.040376 0.060832 0.009982
v -0.040135 0.062166 0.009749
v -0.041216 0.060623 0.010431
v -0.042419 0.058383 0.011359
v -0.041950 0.059626 0.011112
v -0.042458 0.054955 0.010749
v -0.041672 0.055901 0.009581
v -0.042952 0.057564 0.011912
v -0.042764 0.058495 0.011868
v -0.042427 0.059804 0.011655
v -0.042163 0.060613 0.010590
v -0.041557 0.061714 0.009831
v -0.040619 0.063311 0.008941
v -0.034865 0.071311 0.004629
v -0.038503 0.068957 0.005124
v -0.038036 0.067319 0.006937
v -0.034562 0.069004 0.006895
v -0.037598 0.065550 0.008482
v -0.036162 0.055848 0.005022
v -0.034481 0.066749 0.008075
v -0.039488 0.055411 0.007407
v -0.040425 0.052754 0.006648
v -0.038689 0.058695 0.008211
v -0.043050 0.052078 0.010721
v -0.042306 0.052818 0.009127
v -0.044315 0.049030 0.010551
v -0.043383 0.050180 0.008541
v -0.037720 0.063698 0.009074
v -0.038795 0.069547 0.003204
v -0.030330 0.074238 0.002628
v -0.025167 0.076318 0.001517
v -0.023571 0.087314 -0.034580
v -0.022882 0.083782 -0.039335
v -0.041845 0.060093 0.012551
v -0.025612 0.028843 0.092074
v -0.044258 0.059283 0.013160
v -0.042994 0.050060 0.018713
v -0.042121 0.053370 0.015470
v -0.047610 0.053324 0.022720
v -0.044147 0.056447 0.027293
v -0.043004 0.058896 0.023386
v -0.045953 0.056221 0.019770
v -0.041026 0.062231 0.017767
v -0.043064 0.060259 0.015029
v -0.041982 0.061069 0.014182
v -0.039846 0.063162 0.016028
v -0.038962 0.063525 0.014856
v -0.041148 0.061280 0.013565
v -0.037743 0.062476 0.013417
v -0.033644 0.064619 0.013725
v -0.032643 0.059860 0.017445
v -0.037015 0.057631 0.017122
v -0.041080 0.054507 0.016194
v -0.040631 0.059028 0.013075
v -0.038032 0.063070 0.013569
v -0.040581 0.060321 0.013325
v -0.034064 0.065976 0.013725
v -0.034801 0.021196 0.087708
v -0.040824 0.061027 0.013207
v -0.038419 0.063371 0.013845
v -0.034576 0.066717 0.014470
v -0.035320 0.067204 0.016240
v -0.036251 0.067386 0.018206
v -0.037102 0.066322 0.020821
v -0.038426 0.062305 0.027435
v -0.039602 0.060724 0.031967
v -0.032838 0.065241 0.030447
v -0.033557 0.064380 0.034836
v -0.032456 0.070036 0.023270
v -0.031969 0.071349 0.019884
v -0.031135 0.070756 0.017506
v -0.030615 0.069548 0.015363
v -0.023551 0.076599 -0.013147
v -0.025026 0.076683 -0.016932
v -0.023532 0.078951 -0.017251
v -0.026528 0.083718 -0.021801
v -0.020676 0.081538 -0.016289
v -0.029197 0.082538 -0.023965
v -0.027537 0.084375 -0.023027
v -0.028109 0.084930 -0.025165
v -0.029349 0.083496 -0.026285
v -0.026061 0.085995 -0.022026
v -0.027403 0.086248 -0.024665
v -0.022004 0.088441 -0.019912
v -0.023081 0.090239 -0.023753
v -0.023886 0.089537 -0.030624
v -0.023594 0.090554 -0.026511
v -0.028416 0.085434 -0.027128
v -0.029309 0.083290 -0.029470
v -0.029241 0.080718 -0.032408
v -0.032318 0.076779 -0.030635
v -0.017273 -0.027452 -0.165435
v -0.030053 0.068493 0.014129
v -0.029113 0.066671 0.013942
v -0.031715 0.053337 0.027157
v -0.032071 0.055532 0.022903
v -0.027273 0.057091 0.023635
v -0.026896 0.055161 0.027826
v -0.025055 0.067764 0.014044
v -0.024247 0.062225 0.018103
v -0.027987 0.061498 0.017683
v -0.025447 0.069452 0.014509
v -0.025954 0.070600 0.016086
v -0.026462 0.072387 0.018480
v -0.023577 0.057772 0.024154
v -0.023195 0.055923 0.028584
v -0.041544 0.050992 0.020424
v -0.041800 0.048772 0.024557
v -0.036971 0.053549 0.022289
v -0.037037 0.051512 0.025750
v -0.027249 0.067166 0.036204
v -0.026693 0.066973 0.031920
v -0.026931 0.073387 0.021013
v -0.026991 0.071949 0.024577
v -0.020685 -0.095902 -0.151082
v -0.070001 0.000900 -0.111171
v -0.069972 0.009108 -0.104592
v -0.063609 0.015269 -0.111215
v -0.063811 0.007895 -0.116187
v -0.070959 -0.005467 -0.119863
v -0.064416 0.002815 -0.123663
v -0.043155 -0.048203 -0.157835
v -0.046437 -0.033066 -0.158658
v -0.028159 -0.028979 -0.164938
v -0.036323 -0.062307 -0.157193
v -0.046862 -0.072452 -0.148312
v -0.050540 -0.054058 -0.152329
v -0.052466 -0.037685 -0.151720
v -0.028947 -0.074539 0.053829
v -0.056087 -0.116259 -0.078850
v -0.052369 -0.025678 -0.150104
v -0.044779 -0.022246 -0.156174
v -0.043775 -0.011991 -0.151435
v -0.050812 -0.015819 -0.147655
v -0.028277 -0.016687 -0.163279
v -0.017786 -0.014570 -0.165191
v -0.021038 -0.128652 -0.037479
v -0.020857 0.073838 -0.050125
v -0.053191 -0.066294 0.014188
v -0.067784 -0.051669 0.015066
v -0.067807 -0.026344 0.065847
v -0.080207 -0.039143 -0.010172
v -0.079482 -0.039689 -0.010941
v -0.069834 -0.036749 0.029007
v -0.071793 -0.038411 0.015747
v -0.043176 -0.078138 0.014718
v -0.086044 -0.050800 -0.021504
v -0.086051 -0.051725 -0.025073
v -0.088358 -0.050980 -0.020582
v -0.088449 -0.052250 -0.024451
v -0.087957 -0.052796 -0.028641
v -0.089958 -0.050635 -0.018704
v -0.083104 -0.042597 -0.053720
v -0.085292 -0.041730 -0.054956
v -0.080662 -0.035047 -0.007650
v -0.080266 -0.036699 -0.008794
v -0.079666 -0.035868 -0.008057
v -0.079727 -0.034551 -0.007399
v -0.080629 -0.033477 -0.006327
v -0.079552 -0.033458 -0.006567
v -0.083760 -0.036717 -0.071192
v -0.077451 -0.036796 -0.007640
v -0.078899 -0.039215 -0.010198
v -0.079390 -0.037871 -0.009468
v -0.079210 -0.036516 -0.008157
v -0.078691 -0.034499 -0.006748
v -0.078852 -0.032974 -0.005549
v -0.080056 -0.032501 -0.004757
v -0.091070 -0.051416 -0.017318
v -0.085563 -0.038636 -0.006101
v -0.083545 -0.046619 -0.047859
v -0.083459 -0.047859 -0.046060
v -0.086158 -0.049537 -0.047663
v -0.086119 -0.048515 -0.049627
v -0.062642 -0.086317 -0.024070
v -0.067549 -0.093791 -0.033551
v -0.017169 -0.077788 0.051415
v -0.017007 -0.080557 0.036910
v -0.081795 -0.081275 -0.068377
v -0.083363 -0.045698 -0.049293
v -0.085968 -0.047496 -0.051197
v -0.085681 -0.052045 -0.029152
v -0.080908 -0.045644 -0.049247
v -0.081346 -0.046622 -0.047617
v -0.087658 -0.049293 -0.052708
v -0.087853 -0.050538 -0.050921
v -0.088517 -0.051670 -0.048645
v -0.081598 -0.047580 -0.045788
v -0.082108 -0.047812 -0.053380
v -0.086261 -0.060014 -0.098774
v -0.083428 -0.072700 -0.093352
v -0.078002 -0.063007 -0.113947
v -0.076045 -0.076960 -0.109348
v -0.071465 -0.092295 -0.104698
v -0.077480 -0.088225 -0.086842
v -0.082691 -0.042867 -0.054168
v -0.087009 -0.042037 -0.055951
v -0.070658 -0.012263 -0.126365
v -0.075890 -0.020164 -0.121341
v -0.064940 -0.003271 -0.131468
v -0.063726 -0.009537 -0.137578
v -0.069500 -0.018767 -0.132626
v -0.075970 -0.030428 -0.124297
v -0.088920 -0.045382 -0.090525
v -0.085635 -0.046009 -0.103933
v -0.083827 -0.033412 -0.108674
v -0.077655 -0.047359 -0.119557
v -0.068381 -0.035951 -0.132538
v -0.070281 -0.050720 -0.128900
v -0.060691 -0.039036 -0.141972
v -0.060833 -0.053908 -0.139838
v -0.059402 -0.069893 -0.137741
v -0.070296 -0.065778 -0.124804
v -0.065333 -0.024129 -0.136516
v -0.061024 -0.014762 -0.141242
v -0.059522 -0.026823 -0.142813
v -0.056985 -0.019205 -0.143667
v -0.081547 -0.026985 -0.110707
v -0.073389 -0.033463 -0.001350
v -0.075758 -0.029100 -0.000661
v -0.081213 -0.022340 -0.010825
v -0.079221 0.009204 -0.035712
v -0.077068 0.006301 -0.048440
v -0.080383 -0.002850 -0.040193
v -0.080118 -0.001287 -0.025954
v -0.075225 0.004403 -0.062876
v -0.078206 -0.004533 -0.054623
v -0.078949 -0.007149 -0.070068
v -0.076008 0.004089 -0.077334
v -0.062872 -0.105930 -0.100075
v -0.067230 -0.105413 -0.083621
v -0.069056 -0.103593 -0.070403
v -0.059573 0.033598 -0.092017
v -0.020949 -0.123624 -0.122459
v -0.056430 0.022036 -0.115386
v -0.050406 -0.104691 -0.120171
v -0.037002 -0.110994 -0.127556
v -0.068512 -0.080521 -0.120335
v -0.065146 -0.093413 -0.116619
v -0.057485 -0.105480 -0.111385
v -0.068775 -0.099193 -0.052842
v -0.054444 -0.007398 -0.145731
v -0.070315 0.029227 -0.059375
v -0.069714 0.028246 -0.055078
v -0.070212 0.030490 -0.064065
v -0.067926 0.029767 -0.050344
v -0.032182 0.056004 -0.044426
v -0.032001 0.058324 -0.042280
v -0.031696 0.060358 -0.039547
v -0.034981 0.055322 -0.039482
v -0.034469 0.057325 -0.036320
v -0.028622 0.067164 -0.039632
v -0.029081 0.064073 -0.042544
v -0.031275 0.062897 -0.036875
v -0.031203 0.065259 -0.033604
v -0.029078 0.069587 -0.036485
v -0.036655 0.062075 -0.021905
v -0.036169 0.059056 -0.026498
v -0.033605 0.061462 -0.030247
v -0.037720 0.055041 -0.033429
v -0.037055 0.057102 -0.030222
v -0.033967 0.059429 -0.033537
v -0.038656 0.052823 -0.036821
v -0.033097 0.068185 -0.030572
v -0.035802 0.071789 -0.028002
v -0.030205 0.073184 -0.033192
v -0.028344 0.077167 -0.035431
v -0.027222 0.073743 -0.038907
v -0.035432 0.053267 -0.041778
v -0.039498 0.050944 -0.039368
v -0.040354 0.055920 -0.027066
v -0.044515 0.054871 -0.024096
v -0.041789 0.053421 -0.031123
v -0.045617 0.052536 -0.028740
v -0.042647 0.051325 -0.034566
v -0.046584 0.050320 -0.032362
v -0.047740 0.053671 -0.020347
v -0.050216 0.052068 -0.016570
v -0.052430 0.050309 -0.011045
v -0.052932 0.049865 -0.021542
v -0.055784 0.047579 -0.016280
v -0.054921 0.048000 -0.026600
v -0.058844 0.045789 -0.021624
v -0.049688 0.051423 -0.025637
v -0.051120 0.049246 -0.029621
v -0.047594 0.048288 -0.035884
v -0.043655 0.049374 -0.037728
v -0.055951 0.044878 -0.037019
v -0.055821 0.046411 -0.031810
v -0.051785 0.047358 -0.033989
v -0.052268 0.045790 -0.038275
v -0.060475 0.044210 -0.028241
v -0.060027 0.043100 -0.035348
v -0.059144 0.041638 -0.039794
v -0.045649 0.044854 -0.045662
v -0.041017 0.046032 -0.046283
v -0.049083 0.043822 -0.045300
v -0.055507 0.043275 -0.040493
v -0.052284 0.044307 -0.041207
v -0.062898 0.035459 -0.045856
v -0.060444 0.037588 -0.045156
v -0.055028 0.041248 -0.044854
v -0.052259 0.042591 -0.045003
v -0.057868 0.039498 -0.044889
v -0.036869 0.046788 -0.048097
v -0.032616 0.047655 -0.050353
v -0.065038 -0.047616 0.027259
v -0.026270 0.071190 -0.042208
v -0.026148 0.068142 -0.045385
v -0.029892 0.049771 -0.065758
v -0.027615 0.049115 -0.063265
v -0.022150 0.055772 -0.063080
v -0.033990 0.052474 -0.069445
v -0.029503 0.048073 -0.053128
v -0.027632 0.048135 -0.055615
v -0.026549 0.048199 -0.057910
v -0.026333 0.048673 -0.060763
v -0.043952 0.052708 -0.081617
v -0.041723 0.055813 -0.075113
v -0.067929 0.017786 -0.097745
v -0.071471 0.014541 -0.089388
v -0.063025 0.037333 -0.077871
v -0.066469 0.034775 -0.074149
v -0.068977 0.032437 -0.069265
v -0.072610 0.012275 -0.078231
v -0.072608 0.011467 -0.066227
v -0.074735 0.012571 -0.054022
v -0.055622 0.010561 -0.125884
v -0.056712 0.005423 -0.135371
v -0.056242 0.015591 -0.120144
v -0.046581 -0.001431 -0.148955
v -0.048532 0.006892 -0.145317
v -0.056933 -0.000140 -0.142600
v -0.048315 0.011804 -0.137293
v -0.047856 0.016704 -0.128268
v -0.048755 0.022560 -0.123138
v -0.048836 0.029034 -0.117816
v -0.048215 0.035377 -0.108771
v -0.051150 -0.061561 0.025587
v -0.026248 0.070802 -0.028429
v -0.025733 0.071358 -0.028305
v -0.025975 0.070635 -0.028375
v -0.025393 0.071253 -0.028295
v -0.025905 0.071281 -0.027926
v -0.026467 0.073980 -0.019649
v -0.025238 0.072976 -0.021605
v -0.025428 0.072256 -0.025400
v -0.081519 -0.023870 -0.004116
v -0.063358 -0.038445 0.062325
v -0.055095 -0.048919 0.059043
v 0.045467 -0.029931 0.065041
v 0.040302 -0.042254 0.061729
v 0.007664 0.020417 0.095113
v 0.019686 0.013782 0.089473
v 0.022329 0.013492 0.100596
v 0.009462 0.018859 0.106403
v 0.053507 -0.032123 0.081764
v 0.047599 -0.030621 0.074074
v 0.044283 -0.043196 0.071595
v 0.051680 -0.045731 0.080073
v 0.037496 -0.053609 0.071066
v 0.043392 -0.055643 0.082285
v 0.032411 -0.064203 0.082987
v 0.029033 -0.061744 0.070930
v 0.018394 -0.067783 0.070973
v 0.020381 -0.070842 0.084819
v 0.032508 0.006102 0.083500
v 0.042707 -0.003661 0.079068
v 0.044061 -0.005493 0.090091
v 0.034638 0.005621 0.093705
v 0.047969 -0.016795 0.076406
v 0.050438 -0.019429 0.085651
v 0.008886 -0.074712 0.084495
v 0.007513 -0.071892 0.069086
v 0.014146 0.013798 0.127552
v 0.001365 0.016875 0.132945
v 0.000751 0.019081 0.122612
v 0.011682 0.016257 0.118056
v 0.048228 0.005289 0.124188
v 0.063827 -0.002257 0.113757
v 0.072621 0.005194 0.120628
v 0.054726 0.014308 0.132375
v 0.097560 -0.002421 0.115085
v 0.109610 -0.022716 0.102170
v 0.032025 0.013649 0.129483
v 0.035998 0.022266 0.141716
v -0.000913 -0.089508 0.090906
v -0.003821 -0.075634 0.082443
v 0.098936 -0.027691 0.097518
v 0.098312 -0.053371 0.101581
v 0.112803 -0.049060 0.106553
v 0.058029 -0.102548 0.132689
v 0.059135 -0.106038 0.140727
v 0.074942 -0.101212 0.135292
v 0.069643 -0.097765 0.127621
v 0.074059 -0.054432 0.091584
v 0.064422 -0.072536 0.089891
v 0.072358 -0.075118 0.101455
v 0.086108 -0.056687 0.095068
v 0.037258 -0.096255 0.113447
v 0.055006 -0.087149 0.107338
v 0.047428 -0.082981 0.092477
v 0.031833 -0.090485 0.098453
v 0.086424 -0.032619 0.096388
v 0.074151 -0.034027 0.093203
v 0.075897 -0.015702 0.104850
v 0.065655 -0.019016 0.101089
v 0.054768 -0.008656 0.110105
v 0.052480 -0.061978 0.089439
v 0.040030 -0.073028 0.090193
v 0.027283 -0.085083 0.088792
v 0.014364 -0.089870 0.089858
v 0.000043 -0.110990 0.145241
v -0.000452 -0.107540 0.132235
v 0.017665 -0.099904 0.115437
v 0.016483 -0.094869 0.101109
v 0.086763 -0.010506 0.109176
v 0.057758 -0.020610 0.095131
v 0.047322 -0.008478 0.100589
v 0.062110 0.028060 0.142005
v 0.082382 0.015177 0.131257
v 0.041302 0.034069 0.153873
v 0.022278 0.038756 0.160543
v 0.020605 -0.104922 0.130294
v 0.020107 -0.107702 0.143714
v 0.041254 -0.107543 0.141148
v 0.044117 -0.102249 0.127476
v 0.041787 0.003659 0.115718
v 0.027838 0.008228 0.120532
v 0.016744 0.020525 0.134101
v 0.059946 -0.048619 0.087825
v 0.060039 -0.033780 0.090054
v 0.037326 0.003107 0.106783
v 0.024549 0.010199 0.113362
v -0.002036 0.023313 0.110762
v 0.019312 0.028206 0.148161
v 0.102637 -0.074904 0.116894
v 0.089809 -0.091756 0.126999
v 0.081155 -0.091505 0.122781
v -0.001435 -0.102697 0.116520
v -0.010329 0.019503 0.124490
v -0.008591 0.014444 0.134674
v -0.012225 0.024231 0.112455
v 0.084556 -0.079678 0.111758
v 0.063490 -0.093382 0.117917
v -0.013913 0.027457 0.102415
v -0.004936 -0.075310 0.066927
v -0.007470 0.017564 0.142357
v -0.007925 0.029281 0.153691
v -0.008317 0.038201 0.167867
v -0.003388 0.026874 0.100154
v 0.005508 0.029469 0.151686
v 0.004270 0.019741 0.139672
v 0.006338 0.040116 0.163815
v 0.001248 -0.097161 0.099546
v -0.033661 0.020018 0.095833
v -0.042637 0.009756 0.089618
v -0.043267 0.009617 0.099967
v -0.032859 0.017648 0.106057
v -0.065892 -0.039078 0.078976
v -0.064157 -0.038113 0.071492
v -0.056782 -0.049589 0.067876
v -0.060236 -0.053290 0.079475
v -0.049405 -0.060666 0.067637
v -0.051127 -0.063343 0.081657
v -0.040248 -0.070573 0.081769
v -0.039289 -0.068456 0.068196
v -0.027879 -0.072801 0.068923
v -0.028335 -0.074625 0.082308
v -0.054494 -0.000205 0.084133
v -0.063707 -0.011429 0.078624
v -0.063350 -0.011876 0.089208
v -0.054840 0.000055 0.094405
v -0.067820 -0.024931 0.074971
v -0.068058 -0.025535 0.084306
v -0.015902 -0.076618 0.083042
v -0.016868 -0.074914 0.068101
v -0.032875 0.015029 0.128729
v -0.020540 0.015223 0.133978
v -0.021570 0.018951 0.122229
v -0.033447 0.015627 0.118181
v -0.062960 -0.000469 0.122178
v -0.077486 -0.012971 0.114365
v -0.086346 -0.007501 0.121296
v -0.069969 0.006407 0.131276
v -0.110233 -0.016016 0.113988
v -0.119110 -0.035303 0.101361
v -0.047617 0.008882 0.129092
v -0.052406 0.016970 0.139298
v -0.108261 -0.038781 0.097718
v -0.105435 -0.066365 0.099190
v -0.118608 -0.063299 0.104021
v -0.058555 -0.107535 0.130314
v -0.058496 -0.111401 0.138081
v -0.075114 -0.109255 0.131707
v -0.070758 -0.104806 0.124785
v -0.080435 -0.062319 0.086948
v -0.068121 -0.078049 0.092468
v -0.077791 -0.084552 0.099523
v -0.093223 -0.066734 0.094336
v -0.040501 -0.100438 0.112083
v -0.059570 -0.094806 0.104938
v -0.051355 -0.087188 0.096129
v -0.034456 -0.092749 0.099215
v -0.097335 -0.042375 0.093121
v -0.082125 -0.040402 0.087325
v -0.088104 -0.024174 0.101710
v -0.075680 -0.028667 0.100557
v -0.069896 -0.013455 0.108162
v -0.059942 -0.073159 0.083511
v -0.047433 -0.083435 0.086469
v -0.031924 -0.088001 0.088736
v -0.015689 -0.090516 0.089534
v -0.020733 -0.102172 0.115693
v -0.017234 -0.094355 0.099380
v -0.099863 -0.021347 0.106894
v -0.070987 -0.027019 0.092102
v -0.063939 -0.013350 0.099003
v -0.078149 0.016273 0.142808
v -0.096203 0.001725 0.130533
v -0.058345 0.026075 0.153669
v -0.039346 0.033175 0.160008
v -0.022015 -0.105885 0.129682
v -0.020389 -0.109654 0.143355
v -0.041148 -0.109776 0.140012
v -0.045628 -0.105381 0.126070
v -0.057321 -0.003596 0.115448
v -0.045192 0.005673 0.123474
v -0.033303 0.014878 0.136017
v -0.066713 -0.056073 0.083157
v -0.070139 -0.041967 0.088030
v -0.055684 -0.001779 0.105784
v -0.044348 0.007894 0.112871
v -0.023155 0.022341 0.110432
v -0.036021 0.024822 0.144748
v -0.105955 -0.087342 0.112780
v -0.091001 -0.101803 0.122697
v -0.083151 -0.100479 0.119553
v -0.088876 -0.090448 0.107700
v -0.065993 -0.100132 0.115730
v -0.024608 0.025773 0.099959
v -0.021339 0.027345 0.149963
v -0.019959 0.014324 0.141296
v -0.023186 0.037777 0.163848
v -0.026392 0.070821 -0.028023
v -0.078166 -0.003978 -0.003409
v -0.077727 -0.011296 0.004320
v -0.075554 -0.004232 0.015456
v -0.076689 0.003493 0.006746
v -0.070741 0.003368 0.025001
v -0.074495 0.009429 0.015152
v -0.063633 0.012654 0.031379
v -0.069385 0.016344 0.022267
v -0.058900 0.022268 0.035615
v -0.063913 0.024083 0.026884
v -0.048914 0.044159 0.042383
v -0.046293 0.040543 0.046047
v -0.040626 0.047752 0.049442
v -0.042109 0.052094 0.047188
v -0.034315 0.054410 0.052727
v -0.035611 0.058902 0.050954
v -0.027170 0.058928 0.055466
v -0.027787 0.063786 0.053705
v -0.018316 0.061725 0.056128
v -0.019106 0.066444 0.053828
v -0.019705 0.070151 0.044999
v -0.028667 0.068622 0.045330
v -0.028606 0.067110 0.050059
v -0.019504 0.068916 0.050083
v -0.035731 0.064663 0.043817
v -0.035909 0.062234 0.048105
v -0.041442 0.058815 0.040331
v -0.042551 0.055896 0.044838
v -0.047670 0.051368 0.035052
v -0.049045 0.048133 0.039312
v -0.051777 0.046346 0.029284
v -0.054012 0.041516 0.031584
v -0.025500 0.052219 0.055230
v -0.017647 0.055224 0.056591
v -0.032110 0.048460 0.053647
v -0.038633 0.042975 0.051905
v -0.043893 0.036441 0.049695
v -0.054064 0.032020 0.039870
v -0.048576 0.029090 0.046543
v -0.054230 0.020515 0.041959
v -0.059190 0.009857 0.038304
v -0.066253 -0.001471 0.030831
v -0.073288 -0.011288 0.020705
v -0.077306 -0.018188 0.009207
v -0.079103 -0.015879 -0.003174
v -0.034641 0.064896 0.039968
v -0.027914 0.068434 0.040738
v -0.040342 0.060518 0.036959
v -0.045660 0.054241 0.031321
v -0.049402 0.050018 0.025743
v -0.052484 0.049547 0.012639
v -0.051564 0.048829 0.019495
v -0.051414 0.052751 -0.001148
v -0.052516 0.051694 0.005811
v -0.057067 0.044261 -0.008642
v -0.056679 0.040126 0.000230
v -0.053898 0.045826 0.003985
v -0.053710 0.048105 -0.004451
v -0.060923 0.041346 -0.015036
v -0.060738 0.035752 -0.004729
v -0.024307 0.047265 0.056808
v -0.017147 0.048964 0.057403
v -0.030383 0.043620 0.056338
v -0.036016 0.038934 0.055773
v -0.039967 0.033205 0.054876
v -0.043809 0.026747 0.053013
v -0.047672 0.018731 0.050819
v -0.053414 0.007608 0.047377
v -0.060689 -0.005375 0.038425
v -0.070600 -0.016995 0.025609
v -0.074670 -0.024604 0.013353
v -0.035144 0.025376 0.059778
v -0.032552 0.029356 0.059871
v -0.029238 0.032903 0.060382
v -0.026013 0.036708 0.060579
v -0.021783 0.036833 0.061282
v -0.015851 0.037227 0.061269
v -0.020669 0.031191 0.061332
v -0.015140 0.031816 0.061643
v -0.022831 0.030062 0.063769
v -0.015108 0.030472 0.063845
v -0.025107 0.031955 0.066976
v -0.016030 0.033748 0.069392
v -0.053498 0.043740 0.021672
v -0.056036 0.037861 0.021400
v -0.056186 0.037405 0.010539
v -0.060186 0.032267 0.006593
v -0.060562 0.032150 0.019602
v -0.054001 0.043705 0.013076
v -0.066901 0.025888 0.015427
v -0.067818 0.028297 0.002107
v -0.066791 0.033296 -0.010849
v -0.072263 0.024804 -0.003197
v -0.072414 0.019835 0.010063
v -0.070936 0.029935 -0.014634
v -0.073568 0.026375 -0.018429
v -0.074745 0.020795 -0.007729
v -0.075255 0.015221 0.003779
v -0.057836 0.033623 0.032693
v -0.077050 0.010055 -0.002105
v -0.075332 0.021841 -0.021783
v -0.076509 0.016026 -0.012596
v -0.077043 0.016041 -0.026645
v -0.078310 0.007748 -0.018035
v -0.078559 0.001901 -0.009512
v -0.079370 -0.012294 -0.011362
v -0.019931 0.070404 0.040565
v -0.074100 -0.036978 -0.002096
v -0.040139 0.063837 -0.008659
v -0.035337 0.067301 -0.009968
v -0.031258 0.071565 -0.010498
v -0.027833 0.074825 -0.010756
v -0.023849 0.076224 -0.010477
v -0.016621 0.034482 0.086144
v -0.015914 0.059196 -0.074859
v -0.017374 0.036731 0.077197
v -0.018922 0.056276 0.028812
v -0.007357 -0.012634 -0.164842
v -0.019920 0.068915 0.036638
v -0.019165 0.058300 0.024216
v -0.017863 0.086232 -0.039509
v -0.019802 0.067879 0.032186
v -0.020545 0.074185 0.022131
v -0.020572 0.070655 0.016424
v -0.014676 0.047420 -0.108229
v -0.020596 0.072421 0.019095
v -0.019496 0.076344 -0.012433
v -0.018430 0.089577 -0.034879
v -0.020441 0.069805 0.014641
v -0.004284 -0.092327 0.013467
v -0.020221 0.072323 0.025015
v -0.019843 0.062529 0.018657
v -0.020331 0.068379 0.014042
v -0.018484 0.060506 0.002926
v -0.019449 0.075596 -0.009470
v -0.016164 0.069126 -0.056434
v -0.001608 -0.124240 -0.020627
v -0.016442 0.072266 -0.053992
v -0.012111 0.031486 -0.132301
v -0.014108 0.041917 -0.118274
v -0.017321 0.082482 -0.044215
v 0.000490 -0.132223 -0.088643
v 0.000108 -0.129987 -0.106447
v -0.015389 0.052945 -0.091843
v -0.004081 -0.076836 -0.166491
v -0.018793 0.091767 -0.030225
v -0.018946 0.081729 -0.015732
v -0.009818 0.010279 -0.152514
v 0.000067 -0.135586 -0.051373
v 0.002209 -0.098236 -0.155128
v -0.019378 0.075456 0.003766
v -0.008578 -0.001271 -0.158147
v -0.019207 0.072441 0.005166
v -0.018953 0.089370 -0.018989
v -0.000648 -0.130202 -0.035298
v 0.000039 -0.134967 -0.066797
v -0.019399 0.077036 -0.003015
v -0.019443 0.075595 -0.006589
v 0.000174 -0.085193 -0.160756
v -0.015718 0.058209 -0.080580
v -0.019424 0.078608 -0.001600
v -0.016262 0.061064 -0.063344
v -0.019447 0.078908 0.000127
v -0.015246 0.029800 0.093808
v 0.002225 -0.121033 -0.133445
v -0.019420 0.077571 0.001998
v -0.018773 0.066430 0.004291
v -0.016891 0.078921 -0.047965
v -0.018667 0.063506 0.003842
v -0.015029 0.050416 -0.098530
v -0.019237 0.077835 -0.014059
v -0.019076 0.078316 -0.014213
v -0.016453 0.062504 -0.061257
v -0.013082 0.036892 -0.126014
v -0.016140 0.060356 -0.065525
v -0.019294 0.077318 -0.013903
v 0.000705 -0.126468 -0.122363
v -0.005576 -0.057489 -0.166488
v -0.005769 -0.043821 -0.166838
v -0.016408 0.065829 -0.058750
v -0.016533 0.075392 -0.051368
v -0.004785 -0.089200 0.021052
v -0.018866 0.091702 -0.022907
v -0.018952 0.092429 -0.025748
v -0.010574 0.019422 -0.145819
v -0.002518 -0.118654 -0.010445
v -0.006318 -0.026706 -0.165901
v -0.011278 0.025598 -0.138281
v -0.004012 -0.101766 0.003963
v -0.003392 -0.113525 -0.001917
v -0.018980 0.087693 -0.017648
v -0.016160 0.059686 -0.068480
v -0.018924 0.084481 -0.016324
v 0.003162 -0.110886 -0.147804
v -0.018962 0.079528 -0.014904
v -0.007841 0.070322 -0.027815
v 0.050454 0.005144 -0.001013
v 0.050679 -0.001539 0.006337
v 0.046954 0.005549 0.017557
v 0.047410 0.012876 0.009329
v 0.041236 0.012151 0.027044
v 0.043366 0.018365 0.017688
v 0.033774 0.019703 0.032991
v 0.037719 0.023753 0.024041
v -0.023437 0.086421 -0.019671
v -0.022296 0.084002 -0.017970
v 0.027496 0.028306 0.036813
v 0.031333 0.030212 0.027801
v -0.030237 0.045024 -0.056722
v -0.027928 0.073495 -0.017546
v -0.024702 0.077701 -0.041404
v -0.029011 0.045689 -0.057063
v 0.013501 0.048401 0.041726
v 0.012267 0.044807 0.045851
v 0.005445 0.051197 0.048949
v 0.005902 0.055650 0.046342
v -0.030446 0.071879 -0.018562
v -0.001755 0.057045 0.052144
v -0.000956 0.061925 0.050335
v -0.009082 0.060541 0.055062
v -0.009196 0.065648 0.053015
v -0.023494 0.071272 -0.048228
v -0.024064 0.055732 -0.056142
v -0.010700 0.070213 0.045073
v -0.009892 0.068894 0.049376
v -0.023825 0.074715 -0.044738
v -0.036043 0.071213 -0.022591
v -0.034063 0.070315 -0.019633
v -0.026347 0.088302 -0.027108
v -0.026727 0.087015 -0.030461
v -0.002813 0.067104 0.043627
v -0.026917 0.086231 -0.023400
v -0.024191 0.087385 -0.020899
v -0.001537 0.065173 0.047619
v -0.031631 0.045376 -0.056020
v -0.042136 0.039780 -0.056648
v -0.025690 0.088436 -0.024314
v -0.022460 0.089323 -0.021474
v -0.034819 0.043464 -0.056145
v -0.031016 0.045165 -0.056393
v -0.031220 0.080237 -0.026557
v -0.023317 0.060704 -0.055485
v 0.003934 0.062100 0.040289
v 0.005301 0.059388 0.043859
v 0.010885 0.055458 0.034690
v 0.012753 0.052274 0.038582
v -0.034383 0.075354 -0.025506
v 0.015441 0.050904 0.028995
v 0.017975 0.045968 0.031170
v -0.009365 0.053509 0.055033
v -0.032463 0.045282 -0.055864
v -0.033082 0.045317 -0.055677
v -0.025981 0.080876 -0.037778
v -0.002352 0.050652 0.053307
v 0.004935 0.046081 0.051691
v 0.010858 0.040457 0.049481
v 0.021002 0.037164 0.040150
v -0.037485 0.043917 -0.056168
v -0.022349 0.079189 -0.016341
v -0.029307 0.083040 -0.025186
v -0.027964 0.084800 -0.024198
v -0.023260 0.077422 -0.015800
v 0.016770 0.033726 0.046697
v 0.023429 0.025863 0.042470
v -0.026933 0.048163 -0.056832
v 0.029551 0.015958 0.038978
v -0.023320 0.065028 -0.053537
v -0.023258 0.068551 -0.051057
v 0.038107 0.006360 0.032232
v 0.045944 -0.001909 0.022206
v -0.021980 0.081527 -0.017085
v 0.050820 -0.008093 0.010866
v 0.053183 -0.005738 -0.000654
v -0.004279 0.067159 0.039862
v -0.011596 0.069720 0.040737
v 0.002293 0.063492 0.036894
v -0.026604 0.084527 -0.033933
v 0.008955 0.058254 0.031176
v 0.013256 0.054528 0.025705
v 0.016399 0.053260 0.012515
v -0.025915 0.075586 -0.016935
v 0.015547 0.053106 0.019361
v 0.015064 0.055828 -0.000359
v 0.016099 0.055025 0.005978
v 0.021876 0.048597 -0.007116
v 0.021127 0.043384 0.000690
v 0.018635 0.049215 0.004253
v -0.018877 0.090552 -0.020799
v -0.024954 0.088015 -0.022248
v 0.018403 0.051734 -0.003348
v 0.026641 0.047116 -0.012505
v 0.025914 0.040492 -0.003326
v -0.009728 0.048065 0.056621
v -0.043602 0.050349 -0.070243
v -0.043336 0.048409 -0.068621
v -0.003107 0.045430 0.056278
v 0.003352 0.041496 0.055342
v 0.007662 0.036674 0.054435
v 0.012533 0.030872 0.053008
v 0.017570 0.023244 0.050568
v 0.024412 0.013170 0.046834
v -0.037577 0.054564 -0.071832
v -0.020372 0.058258 -0.071590
v -0.025481 0.058042 -0.071606
v 0.033379 0.001701 0.039150
v -0.044511 0.047532 -0.063251
v -0.045424 0.047090 -0.060167
v -0.042962 0.046966 -0.066995
v -0.045245 0.048338 -0.060388
v -0.045032 0.048433 -0.061419
v 0.044381 -0.007717 0.026794
v -0.043189 0.046283 -0.066352
v 0.049252 -0.014520 0.014434
v -0.042997 0.046128 -0.066579
v 0.004872 0.027866 0.060240
v -0.042140 0.052292 -0.071540
v 0.001552 0.031780 0.060194
v -0.001832 0.034593 0.060455
v -0.043531 0.046389 -0.065465
v -0.045459 0.045465 -0.059717
v -0.005370 0.037732 0.060519
v -0.045925 0.040717 -0.058210
v -0.009723 0.037471 0.061370
v -0.015961 0.059532 -0.071617
v -0.036114 0.056655 -0.081437
v -0.063332 0.033993 -0.082547
v -0.009657 0.031992 0.061874
v -0.066168 0.031436 -0.077389
v -0.007935 0.031049 0.064478
v -0.061433 0.038175 -0.042601
v -0.064036 0.035763 -0.043228
v -0.033762 0.058166 -0.075304
v -0.006088 0.031998 0.067827
v 0.017608 0.048377 0.021580
v 0.019898 0.041901 0.021186
v 0.020235 0.040614 0.010609
v 0.024815 0.036129 0.007203
v -0.039710 0.044356 -0.099648
v -0.039086 0.002873 -0.151378
v -0.039041 0.049053 -0.092982
v -0.051875 0.044145 -0.086764
v 0.025088 0.036304 0.019745
v -0.040165 0.010847 -0.146534
v 0.018418 0.047607 0.012969
v 0.033147 0.031746 0.016433
v 0.033006 0.033945 0.003425
v 0.032855 0.039807 -0.008389
v 0.038698 0.031870 -0.001324
v -0.058553 0.037931 -0.085878
v 0.039458 0.027312 0.012162
v -0.069445 0.028742 -0.047931
v -0.022143 0.056033 -0.085768
v -0.071015 0.026224 -0.053637
v 0.037723 0.037394 -0.011779
v -0.029946 0.055824 -0.086307
v -0.030195 -0.056452 -0.160563
v 0.041432 0.034219 -0.015542
v 0.042398 0.028725 -0.005331
v 0.043238 0.023802 0.006153
v 0.023246 0.038482 0.032550
v -0.028631 0.054745 -0.069076
v 0.046512 0.018779 0.000384
v -0.052208 0.043192 -0.043404
v -0.055123 0.041885 -0.042856
v 0.044376 0.030083 -0.018790
v -0.035728 -0.044412 -0.160761
v -0.068191 0.030723 -0.045893
v -0.041674 0.035017 -0.118263
v -0.024392 0.052493 -0.063218
v -0.026259 0.052592 -0.065789
v -0.040929 0.028621 -0.124769
v 0.045614 0.024546 -0.009911
v 0.047511 0.024611 -0.023387
v 0.049201 0.016576 -0.015178
v -0.039616 0.022060 -0.130358
v 0.049608 0.010734 -0.007175
v 0.053473 -0.002409 -0.008751
v -0.036976 -0.008266 -0.154319
v -0.036424 0.047573 -0.046836
v 0.053010 -0.028199 0.000468
v 0.002324 0.065962 -0.007389
v -0.002652 0.068940 -0.008877
v -0.068706 0.029146 -0.071403
v -0.070706 0.027785 -0.064856
v -0.038599 -0.030210 -0.162977
v -0.045210 0.045399 -0.044429
v -0.071269 0.026713 -0.059099
v -0.018299 -0.065150 -0.163634
v -0.007095 0.072646 -0.009559
v -0.066399 0.033239 -0.044239
v -0.010800 0.075314 -0.009965
v -0.014981 0.076246 -0.010049
v -0.045488 0.049185 -0.087235
v -0.048899 0.044397 -0.043862
v -0.023942 0.052498 -0.060592
v -0.032074 0.048721 -0.049170
v -0.028775 0.049703 -0.052154
v -0.039675 0.016736 -0.137847
v -0.026414 0.050941 -0.054986
v -0.024513 0.052208 -0.057701
v -0.040743 0.046640 -0.045216
v -0.041181 0.040575 -0.108857
v -0.037271 -0.019253 -0.160713
v -0.058410 0.040160 -0.042688
v -0.004469 -0.068000 -0.167727
v -0.015736 0.055971 -0.085997
v -0.025320 0.051784 -0.056411
v -0.031387 0.057007 -0.071674
v -0.038001 0.053844 -0.087020
v -0.019867 0.069437 0.028275
v -0.045028 0.062907 0.003705
v -0.046201 0.061028 0.006411
v -0.045832 0.058140 0.013746
v -0.038381 0.068778 -0.002168
v -0.042619 0.065487 0.000739
v -0.037822 0.064355 0.024045
v -0.046661 0.059695 0.008956
v -0.032748 0.067729 0.026718
v -0.046680 0.058567 0.011177
v -0.026913 0.069346 0.027788
v -0.019424 0.076073 -0.004763
v -0.028655 0.074883 -0.005392
v -0.024183 0.076375 -0.005439
v -0.033384 0.071987 -0.004292
v -0.044334 0.058758 0.017139
v -0.041990 0.060779 0.020839
v -0.014047 0.087038 -0.019116
v -0.015241 0.084266 -0.017559
v -0.000181 0.047447 -0.055055
v -0.008982 0.073396 -0.017396
v -0.009991 0.078831 -0.041257
v -0.001344 0.047932 -0.055693
v -0.006426 0.072261 -0.018224
v -0.009930 0.072425 -0.048004
v -0.007444 0.057132 -0.055515
v -0.010265 0.075740 -0.044566
v -0.000686 0.072673 -0.021534
v -0.002756 0.071229 -0.019058
v -0.011090 0.089640 -0.026045
v -0.010011 0.088626 -0.029487
v -0.010310 0.087217 -0.022859
v -0.013231 0.088147 -0.020359
v 0.001046 0.047941 -0.054013
v 0.011781 0.043699 -0.053244
v -0.011888 0.089433 -0.023638
v -0.015115 0.090002 -0.021008
v 0.004230 0.046550 -0.053310
v 0.000581 0.047653 -0.054477
v -0.005471 0.081432 -0.025654
v -0.008848 0.061963 -0.054930
v -0.002136 0.076908 -0.024295
v 0.001842 0.047965 -0.053737
v 0.002376 0.048111 -0.053395
v -0.009465 0.082244 -0.037581
v 0.006657 0.047251 -0.052876
v -0.015418 0.079079 -0.016265
v -0.007609 0.084061 -0.024597
v -0.009119 0.085770 -0.023689
v -0.014571 0.076952 -0.016035
v -0.003724 0.050037 -0.055788
v -0.009495 0.066198 -0.053007
v -0.009799 0.069750 -0.050622
v -0.015554 0.081535 -0.016771
v -0.009419 0.086183 -0.033591
v -0.011540 0.075257 -0.016983
v -0.012534 0.088882 -0.021761
v 0.013399 0.054757 -0.067420
v 0.013465 0.052183 -0.066112
v 0.006426 0.058385 -0.070052
v -0.011580 0.059572 -0.071036
v -0.006558 0.060042 -0.070607
v 0.014031 0.051761 -0.059445
v 0.014298 0.051164 -0.056430
v 0.013480 0.049997 -0.064820
v 0.014231 0.052686 -0.056719
v 0.014204 0.052849 -0.057797
v 0.013452 0.049748 -0.063261
v 0.013319 0.050103 -0.062829
v 0.011557 0.056732 -0.069088
v 0.013593 0.050551 -0.061408
v 0.014485 0.049538 -0.056118
v 0.015406 0.044990 -0.054632
v 0.005129 0.060062 -0.079578
v 0.034894 0.040956 -0.078506
v 0.037506 0.038691 -0.073149
v 0.029846 0.044031 -0.038733
v 0.032745 0.042403 -0.039422
v 0.002030 0.061546 -0.073982
v 0.011618 0.048486 -0.097873
v 0.020555 0.004464 -0.146671
v 0.010123 0.052616 -0.090771
v 0.022585 0.049385 -0.083261
v 0.019676 0.013162 -0.140683
v 0.030587 0.044380 -0.082286
v 0.039137 0.037007 -0.043889
v -0.009417 0.056895 -0.085598
v 0.041184 0.034529 -0.049416
v -0.001331 0.057853 -0.085408
v 0.021608 -0.054483 -0.160243
v -0.002981 0.057131 -0.067700
v 0.020268 0.047640 -0.040065
v 0.023242 0.046662 -0.039302
v 0.026226 -0.043297 -0.160293
v 0.037669 0.038582 -0.041953
v 0.016175 0.038625 -0.115886
v -0.007080 0.054026 -0.062296
v -0.005264 0.054377 -0.064701
v 0.017089 0.032518 -0.122460
v 0.017741 0.026613 -0.128156
v 0.022020 -0.005062 -0.152791
v 0.004475 0.050264 -0.044664
v 0.039872 0.036871 -0.067031
v 0.041438 0.035716 -0.060516
v 0.025954 -0.029658 -0.159214
v 0.013320 0.049121 -0.041558
v 0.041696 0.034856 -0.054843
v 0.010090 -0.064354 -0.164933
v 0.035546 0.040544 -0.040385
v 0.015847 0.053438 -0.084076
v 0.016912 0.048482 -0.040739
v -0.007408 0.053839 -0.059899
v 0.000323 0.051008 -0.047506
v -0.002583 0.051777 -0.050867
v 0.019011 0.020341 -0.135273
v -0.004773 0.052755 -0.053988
v -0.006730 0.053572 -0.057029
v 0.008644 0.049816 -0.042752
v 0.013823 0.044894 -0.106965
v 0.024134 -0.016510 -0.157711
v 0.026618 0.045410 -0.038926
v -0.005811 0.053387 -0.055605
v -0.000450 0.059877 -0.070343
v 0.007848 0.057337 -0.084947
v 0.006762 0.064901 0.003874
v 0.008034 0.063286 0.006258
v 0.007904 0.060914 0.013359
v -0.000028 0.070367 -0.001501
v 0.004188 0.067241 0.001190
v -0.001066 0.067249 0.023935
v 0.008484 0.062155 0.008632
v -0.006754 0.069566 0.026507
v 0.008618 0.061183 0.010813
v -0.013032 0.070161 0.027556
v -0.009777 0.076170 -0.004718
v -0.014542 0.076739 -0.005009
v -0.005084 0.073509 -0.003585
v 0.006448 0.061958 0.016815
v 0.003798 0.064082 0.020544
v 0.015651 0.039439 -0.053628
v -0.045599 0.034994 -0.057129
v 0.013514 0.052105 -0.054596
v 0.011980 0.051533 -0.054648
v 0.010584 0.050675 -0.054698
v 0.009433 0.049609 -0.054740
v 0.013557 0.052105 -0.054918
v 0.012064 0.051534 -0.055276
v 0.010706 0.050677 -0.055606
v 0.009590 0.049610 -0.055880
v 0.013660 0.052109 -0.055223
v 0.012268 0.051543 -0.055873
v 0.011003 0.050690 -0.056470
v 0.009963 0.049627 -0.056967
v 0.013820 0.052116 -0.055501
v 0.012584 0.051559 -0.056416
v 0.011461 0.050714 -0.057257
v 0.010542 0.049656 -0.057961
v 0.014032 0.052128 -0.055742
v 0.012999 0.051580 -0.056887
v 0.012064 0.050746 -0.057939
v 0.011300 0.049698 -0.058821
v 0.014286 0.052141 -0.055934
v 0.013497 0.051608 -0.057262
v 0.012788 0.050787 -0.058487
v 0.012215 0.049747 -0.059514
v 0.014572 0.052157 -0.056072
v 0.014060 0.051640 -0.057535
v 0.013605 0.050834 -0.058883
v 0.013245 0.049806 -0.060013
v 0.014881 0.052175 -0.056151
v 0.014663 0.051677 -0.057689
v 0.014482 0.050886 -0.059109
v 0.014351 0.049870 -0.060301
v 0.015199 0.052196 -0.056172
v 0.015288 0.051714 -0.057729
v 0.015388 0.050940 -0.059162
v 0.015494 0.049938 -0.060368
v 0.015514 0.052215 -0.056125
v 0.015905 0.051753 -0.057637
v 0.016286 0.050994 -0.059034
v 0.016629 0.050007 -0.060210
v 0.015817 0.052236 -0.056023
v 0.016497 0.051790 -0.057438
v 0.017144 0.051048 -0.058736
v 0.017709 0.050074 -0.059831
v 0.016090 0.052253 -0.055859
v 0.017033 0.051824 -0.057114
v 0.017925 0.051097 -0.058273
v 0.018694 0.050136 -0.059246
v 0.016327 0.052269 -0.055650
v 0.017499 0.051856 -0.056705
v 0.018600 0.051141 -0.057670
v 0.019547 0.050194 -0.058479
v 0.016517 0.052281 -0.055396
v 0.017873 0.051878 -0.056204
v 0.019146 0.051176 -0.056948
v 0.020236 0.050238 -0.057569
v 0.016657 0.052291 -0.055116
v 0.018148 0.051897 -0.055654
v 0.019542 0.051201 -0.056139
v 0.020735 0.050272 -0.056544
v 0.016740 0.052295 -0.054814
v 0.018308 0.051905 -0.055054
v 0.019774 0.051218 -0.055264
v 0.021024 0.050296 -0.055444
v 0.016762 0.052300 -0.054500
v 0.018354 0.051912 -0.054439
v 0.019834 0.051228 -0.054368
v 0.021088 0.050315 -0.054299
v 0.016724 0.052299 -0.054185
v 0.018279 0.051911 -0.053816
v 0.019717 0.051232 -0.053470
v 0.020937 0.050313 -0.053174
v 0.016619 0.052300 -0.053875
v 0.018076 0.051910 -0.053217
v 0.019430 0.051222 -0.052607
v 0.020567 0.050303 -0.052094
v 0.016459 0.052296 -0.053591
v 0.017762 0.051900 -0.052663
v 0.018972 0.051205 -0.051813
v 0.019996 0.050279 -0.051099
v 0.016241 0.052290 -0.053345
v 0.017337 0.051886 -0.052185
v 0.018364 0.051177 -0.051124
v 0.019235 0.050243 -0.050234
v 0.015984 0.052283 -0.053144
v 0.016836 0.051866 -0.051799
v 0.017638 0.051143 -0.050566
v 0.018324 0.050187 -0.049534
v 0.015695 0.052268 -0.053006
v 0.016266 0.051838 -0.051525
v 0.016816 0.051099 -0.050167
v 0.017291 0.050127 -0.049027
v 0.015385 0.052253 -0.052923
v 0.015661 0.051805 -0.051366
v 0.015935 0.051049 -0.049934
v 0.016183 0.050064 -0.048732
v 0.015069 0.052228 -0.052908
v 0.015037 0.051763 -0.051332
v 0.015027 0.050993 -0.049879
v 0.015039 0.049993 -0.048662
v 0.014756 0.052206 -0.052950
v 0.014420 0.051719 -0.051418
v 0.014128 0.050932 -0.050004
v 0.013905 0.049922 -0.048819
v 0.014458 0.052181 -0.053056
v 0.013834 0.051675 -0.051624
v 0.013275 0.050875 -0.050303
v 0.012825 0.049853 -0.049194
v 0.014186 0.052160 -0.053214
v 0.013296 0.051638 -0.051939
v 0.012493 0.050823 -0.050762
v 0.011840 0.049788 -0.049774
v 0.013949 0.052142 -0.053426
v 0.012832 0.051604 -0.052353
v 0.011816 0.050776 -0.051364
v 0.010983 0.049731 -0.050535
v 0.013757 0.052127 -0.053676
v 0.012455 0.051577 -0.052847
v 0.011270 0.050736 -0.052086
v 0.010298 0.049680 -0.051449
v 0.015127 0.052367 -0.054550
v 0.013617 0.052116 -0.053963
v 0.012181 0.051555 -0.053410
v 0.010874 0.050705 -0.052903
v 0.009796 0.049642 -0.052479
v 0.013536 0.052109 -0.054276
v 0.012019 0.051540 -0.054017
v 0.010641 0.050685 -0.053783
v 0.009508 0.049615 -0.053590
v 0.008302 0.048683 -0.054782
v 0.006567 0.047121 -0.054849
v 0.005125 0.045128 -0.054903
v 0.004099 0.042891 -0.054942
v 0.003528 0.040494 -0.054963
v 0.003430 0.038033 -0.054975
v 0.003818 0.035602 -0.054938
v 0.004669 0.033294 -0.054891
v 0.005953 0.031196 -0.054830
v 0.007620 0.029389 -0.054755
v 0.009605 0.027943 -0.054671
v 0.011835 0.026912 -0.054579
v 0.014221 0.026340 -0.054484
v 0.008491 0.048686 -0.056151
v 0.006803 0.047126 -0.056573
v 0.005404 0.045134 -0.056930
v 0.004408 0.042898 -0.057194
v 0.003856 0.040501 -0.057354
v 0.003770 0.038040 -0.057398
v 0.004147 0.035609 -0.057329
v 0.004979 0.033300 -0.057143
v 0.006233 0.031201 -0.056856
v 0.007857 0.029395 -0.056478
v 0.009793 0.027947 -0.056025
v 0.011963 0.026916 -0.055513
v 0.014287 0.026342 -0.054960
v 0.008941 0.048706 -0.057458
v 0.007370 0.047152 -0.058218
v 0.006071 0.045164 -0.058863
v 0.005151 0.042930 -0.059341
v 0.004644 0.040537 -0.059631
v 0.004573 0.038077 -0.059717
v 0.004936 0.035645 -0.059605
v 0.005722 0.033334 -0.059289
v 0.006902 0.031231 -0.058787
v 0.008426 0.029420 -0.058123
v 0.010239 0.027966 -0.057316
v 0.012271 0.026928 -0.056401
v 0.014444 0.026348 -0.055414
v 0.009636 0.048742 -0.058652
v 0.008246 0.047197 -0.059721
v 0.007102 0.045217 -0.060628
v 0.006297 0.042989 -0.061299
v 0.005861 0.040600 -0.061709
v 0.005813 0.038141 -0.061836
v 0.006152 0.035708 -0.061682
v 0.006868 0.033393 -0.061246
v 0.007932 0.031284 -0.060552
v 0.009303 0.029465 -0.059624
v 0.010928 0.028001 -0.058496
v 0.012746 0.026954 -0.057214
v 0.014685 0.026360 -0.055827
v 0.010549 0.048791 -0.059685
v 0.009399 0.047257 -0.061021
v 0.008455 0.045290 -0.062158
v 0.007802 0.043069 -0.062998
v 0.007459 0.040686 -0.063510
v 0.007442 0.038229 -0.063674
v 0.007751 0.035794 -0.063483
v 0.008373 0.033473 -0.062944
v 0.009286 0.031357 -0.062081
v 0.010454 0.029526 -0.060923
v 0.011833 0.028050 -0.059517
v 0.013368 0.026987 -0.057917
v 0.015004 0.026377 -0.056186
v 0.011647 0.048851 -0.060518
v 0.010780 0.047333 -0.062070
v 0.010081 0.045379 -0.063392
v 0.009607 0.043170 -0.064370
v 0.009377 0.040791 -0.064967
v 0.009396 0.038337 -0.065160
v 0.009667 0.035899 -0.064939
v 0.010179 0.033574 -0.064317
v 0.010911 0.031448 -0.063315
v 0.011836 0.029603 -0.061973
v 0.012919 0.028110 -0.060341
v 0.014118 0.027028 -0.058485
v 0.015385 0.026399 -0.056475
v 0.012886 0.048920 -0.061119
v 0.012341 0.047421 -0.062828
v 0.011916 0.045483 -0.064284
v 0.011646 0.043284 -0.065362
v 0.011539 0.040914 -0.066022
v 0.011603 0.038460 -0.066237
v 0.011831 0.036022 -0.065996
v 0.012217 0.033689 -0.065310
v 0.012745 0.031552 -0.064208
v 0.013396 0.029692 -0.062731
v 0.014144 0.028180 -0.060937
v 0.014960 0.027076 -0.058896
v 0.015814 0.026423 -0.056684
v 0.014217 0.048998 -0.061466
v 0.014019 0.047518 -0.063264
v 0.013888 0.045597 -0.064800
v 0.013838 0.043410 -0.065936
v 0.013866 0.041048 -0.066635
v 0.013974 0.038598 -0.066863
v 0.014157 0.036156 -0.066609
v 0.014409 0.033815 -0.065885
v 0.014718 0.031666 -0.064724
v 0.015074 0.029789 -0.063169
v 0.015462 0.028257 -0.061281
v 0.015869 0.027129 -0.059133
v 0.016278 0.026450 -0.056805
v 0.015590 0.049079 -0.061544
v 0.015748 0.047621 -0.063365
v 0.015922 0.045717 -0.064917
v 0.016097 0.043544 -0.066068
v 0.016265 0.041189 -0.066775
v 0.016417 0.038743 -0.067019
v 0.016555 0.036298 -0.066749
v 0.016669 0.033950 -0.066018
v 0.016752 0.031787 -0.064844
v 0.016804 0.029892 -0.063271
v 0.016822 0.028338 -0.061362
v 0.016805 0.027185 -0.059188
v 0.016755 0.026479 -0.056833
v 0.016952 0.049161 -0.061353
v 0.017464 0.047725 -0.063125
v 0.017940 0.045839 -0.064633
v 0.018339 0.043680 -0.065756
v 0.018645 0.041334 -0.066442
v 0.018847 0.038890 -0.066662
v 0.018937 0.036442 -0.066417
v 0.018911 0.034086 -0.065706
v 0.018770 0.031909 -0.064560
v 0.018520 0.029996 -0.063032
v 0.018171 0.028419 -0.061173
v 0.017735 0.027241 -0.059057
v 0.017229 0.026507 -0.056766
v 0.018251 0.049242 -0.060897
v 0.019101 0.047827 -0.062551
v 0.019864 0.045959 -0.063958
v 0.020478 0.043813 -0.065006
v 0.020917 0.041476 -0.065645
v 0.021163 0.039035 -0.065848
v 0.021209 0.036584 -0.065620
v 0.021050 0.034218 -0.064956
v 0.020695 0.032028 -0.063886
v 0.020158 0.030097 -0.062460
v 0.019456 0.028499 -0.060725
v 0.018620 0.027296 -0.058749
v 0.017680 0.026535 -0.056609
v 0.019436 0.049319 -0.060195
v 0.020593 0.047922 -0.061668
v 0.021621 0.046072 -0.062921
v 0.022430 0.043939 -0.063850
v 0.022989 0.041608 -0.064419
v 0.023276 0.039170 -0.064599
v 0.023281 0.036716 -0.064394
v 0.023002 0.034343 -0.063801
v 0.022453 0.032139 -0.062850
v 0.021652 0.030192 -0.061578
v 0.020631 0.028573 -0.060032
v 0.019430 0.027346 -0.058271
v 0.018093 0.026561 -0.056365
v 0.020462 0.049387 -0.059274
v 0.021887 0.048008 -0.060508
v 0.023143 0.046171 -0.061560
v 0.024120 0.044049 -0.062337
v 0.024784 0.041726 -0.062811
v 0.025107 0.039290 -0.062963
v 0.025077 0.036833 -0.062787
v 0.024695 0.034453 -0.062289
v 0.023976 0.032238 -0.061490
v 0.022946 0.030275 -0.060420
v 0.021649 0.028639 -0.059122
v 0.020130 0.027392 -0.057646
v 0.018449 0.026584 -0.056046
v 0.021290 0.049443 -0.058170
v 0.022931 0.048079 -0.059118
v 0.024373 0.046254 -0.059926
v 0.025487 0.044140 -0.060522
v 0.026235 0.041823 -0.060885
v 0.026587 0.039387 -0.061000
v 0.026527 0.036929 -0.060861
v 0.026062 0.034543 -0.060475
v 0.025205 0.032319 -0.059857
v 0.023993 0.030344 -0.059031
v 0.022470 0.028693 -0.058031
v 0.020696 0.027430 -0.056893
v 0.018738 0.026603 -0.055663
v 0.021888 0.049484 -0.056934
v 0.023681 0.048137 -0.057553
v 0.025257 0.046320 -0.058085
v 0.026471 0.044215 -0.058481
v 0.027282 0.041899 -0.058719
v 0.027653 0.039465 -0.058791
v 0.027576 0.037005 -0.058693
v 0.027048 0.034614 -0.058432
v 0.026094 0.032383 -0.058017
v 0.024748 0.030399 -0.057467
v 0.023063 0.028736 -0.056802
v 0.021104 0.027460 -0.056048
v 0.018946 0.026618 -0.055232
v 0.022232 0.049517 -0.055605
v 0.024113 0.048179 -0.055874
v 0.025767 0.046367 -0.056108
v 0.027040 0.044267 -0.056286
v 0.027887 0.041949 -0.056389
v 0.028270 0.039515 -0.056417
v 0.028181 0.037053 -0.056363
v 0.027619 0.034660 -0.056234
v 0.026608 0.032424 -0.056038
v 0.025184 0.030434 -0.055783
v 0.023406 0.028764 -0.055479
v 0.021341 0.027478 -0.055135
v 0.019066 0.026628 -0.054766
v 0.022309 0.049538 -0.054231
v 0.024214 0.048200 -0.054143
v 0.025885 0.046393 -0.054076
v 0.027172 0.044291 -0.054020
v 0.028026 0.041976 -0.053983
v 0.028412 0.039539 -0.053975
v 0.028321 0.037075 -0.053955
v 0.027752 0.034680 -0.053965
v 0.026727 0.032443 -0.053996
v 0.025286 0.030450 -0.054046
v 0.023487 0.028776 -0.054113
v 0.021396 0.027487 -0.054193
v 0.019095 0.026633 -0.054286
v 0.022128 0.049538 -0.052884
v 0.023980 0.048200 -0.052433
v 0.025608 0.046398 -0.052060
v 0.026861 0.044289 -0.051771
v 0.027698 0.041971 -0.051595
v 0.028078 0.039535 -0.051525
v 0.027992 0.037070 -0.051566
v 0.027442 0.034675 -0.051714
v 0.026446 0.032439 -0.051970
v 0.025048 0.030445 -0.052323
v 0.023299 0.028772 -0.052759
v 0.021267 0.027485 -0.053262
v 0.019029 0.026631 -0.053812
v 0.021686 0.049527 -0.051587
v 0.023427 0.048183 -0.050804
v 0.024952 0.046370 -0.050130
v 0.026125 0.044258 -0.049625
v 0.026913 0.041936 -0.049310
v 0.027277 0.039501 -0.049194
v 0.027206 0.037038 -0.049281
v 0.026699 0.034644 -0.049565
v 0.025779 0.032410 -0.050037
v 0.024479 0.030422 -0.050679
v 0.022853 0.028753 -0.051469
v 0.020959 0.027471 -0.052373
v 0.018872 0.026624 -0.053359
v 0.020999 0.049502 -0.050390
v 0.022559 0.048144 -0.049298
v 0.023927 0.046317 -0.048364
v 0.024985 0.044201 -0.047664
v 0.025698 0.041877 -0.047227
v 0.026037 0.039439 -0.047069
v 0.025989 0.036977 -0.047196
v 0.025553 0.034587 -0.047601
v 0.024747 0.032357 -0.048270
v 0.023603 0.030377 -0.049178
v 0.022164 0.028718 -0.050288
v 0.020485 0.027447 -0.051560
v 0.018630 0.026612 -0.052943
v 0.020087 0.049448 -0.049358
v 0.021409 0.048076 -0.047999
v 0.022573 0.046240 -0.046834
v 0.023484 0.044120 -0.045967
v 0.024104 0.041793 -0.045426
v 0.024411 0.039353 -0.045232
v 0.024392 0.036892 -0.045393
v 0.024049 0.034506 -0.045902
v 0.023394 0.032285 -0.046742
v 0.022452 0.030315 -0.047878
v 0.021260 0.028670 -0.049267
v 0.019860 0.027415 -0.050857
v 0.018312 0.026595 -0.052587
v 0.018989 0.049380 -0.048520
v 0.020025 0.047991 -0.046945
v 0.020950 0.046146 -0.045602
v 0.021679 0.044016 -0.044596
v 0.022187 0.041682 -0.043972
v 0.022457 0.039242 -0.043748
v 0.022475 0.036784 -0.043941
v 0.022244 0.034405 -0.044533
v 0.021770 0.032194 -0.045508
v 0.021071 0.030238 -0.046830
v 0.020174 0.028609 -0.048443
v 0.019113 0.027372 -0.050289
v 0.017931 0.026574 -0.052296
v 0.016672 0.026244 -0.054392
v 0.017751 0.049302 -0.047914
v 0.018466 0.047896 -0.046186
v 0.019115 0.046036 -0.044707
v 0.019640 0.043892 -0.043606
v 0.020025 0.041554 -0.042922
v 0.020253 0.039113 -0.042678
v 0.020314 0.036658 -0.042892
v 0.020207 0.034287 -0.043546
v 0.019936 0.032088 -0.044617
v 0.019511 0.030148 -0.046072
v 0.018948 0.028538 -0.047848
v 0.018270 0.027323 -0.049880
v 0.017501 0.026549 -0.052089
v 0.016418 0.049221 -0.047560
v 0.016787 0.047793 -0.045744
v 0.017142 0.045916 -0.044190
v 0.017449 0.043761 -0.043034
v 0.017697 0.041415 -0.042318
v 0.017879 0.038971 -0.042064
v 0.017986 0.036519 -0.042288
v 0.018014 0.034157 -0.042974
v 0.017963 0.031972 -0.044102
v 0.017833 0.030049 -0.045634
v 0.017631 0.028461 -0.047504
v 0.017362 0.027270 -0.049641
v 0.017038 0.026522 -0.051967
v 0.015042 0.049137 -0.047476
v 0.015056 0.047688 -0.045639
v 0.015107 0.045791 -0.044069
v 0.015189 0.043624 -0.042899
v 0.015300 0.041271 -0.042177
v 0.015430 0.038823 -0.041935
v 0.015587 0.036375 -0.042147
v 0.015755 0.034021 -0.042841
v 0.015929 0.031850 -0.043984
v 0.016104 0.029946 -0.045532
v 0.016271 0.028380 -0.047424
v 0.016426 0.027214 -0.049588
v 0.016561 0.026493 -0.051939
v 0.013680 0.049053 -0.047663
v 0.013340 0.047582 -0.045876
v 0.013088 0.045667 -0.044347
v 0.012945 0.043487 -0.043210
v 0.012915 0.041126 -0.042507
v 0.013003 0.038676 -0.042262
v 0.013205 0.036232 -0.042478
v 0.013510 0.033886 -0.043153
v 0.013909 0.031729 -0.044266
v 0.014386 0.029842 -0.045771
v 0.014921 0.028299 -0.047612
v 0.015495 0.027159 -0.049716
v 0.016086 0.026465 -0.052005
v 0.012382 0.048971 -0.048114
v 0.011702 0.047480 -0.046444
v 0.011162 0.045547 -0.045016
v 0.010805 0.043355 -0.043953
v 0.010644 0.040986 -0.043292
v 0.010689 0.038533 -0.043061
v 0.010935 0.036093 -0.043265
v 0.011372 0.033755 -0.043898
v 0.011984 0.031610 -0.044937
v 0.012748 0.029741 -0.046342
v 0.013635 0.028219 -0.048060
v 0.014610 0.027103 -0.050025
v 0.015635 0.026437 -0.052163
v 0.011194 0.048894 -0.048811
v 0.010206 0.047384 -0.047322
v 0.009405 0.045436 -0.046049
v 0.008853 0.043232 -0.045100
v 0.008573 0.040856 -0.044510
v 0.008575 0.038402 -0.044302
v 0.008861 0.035962 -0.044482
v 0.009419 0.033633 -0.045046
v 0.010227 0.031500 -0.045971
v 0.011253 0.029648 -0.047222
v 0.012460 0.028146 -0.048752
v 0.013801 0.027053 -0.050502
v 0.015222 0.026411 -0.052405
v 0.010165 0.048827 -0.049727
v 0.008911 0.047300 -0.048477
v 0.007879 0.045337 -0.047408
v 0.007160 0.043122 -0.046610
v 0.006776 0.040740 -0.046113
v 0.006744 0.038283 -0.045936
v 0.007065 0.035847 -0.046086
v 0.007726 0.033523 -0.046555
v 0.008705 0.031402 -0.047331
v 0.009959 0.029564 -0.048379
v 0.011443 0.028080 -0.049661
v 0.013100 0.027007 -0.051128
v 0.014866 0.026388 -0.052726
v 0.009336 0.048770 -0.050826
v 0.007866 0.047229 -0.049864
v 0.006652 0.045254 -0.049039
v 0.005793 0.043031 -0.048423
v 0.005326 0.040642 -0.048039
v 0.005264 0.038184 -0.047900
v 0.005614 0.035749 -0.048012
v 0.006360 0.033432 -0.048369
v 0.007474 0.031319 -0.048962
v 0.008913 0.029494 -0.049766
v 0.010622 0.028025 -0.050752
v 0.012535 0.026970 -0.051880
v 0.014577 0.026369 -0.053108
v 0.008737 0.048725 -0.052067
v 0.007110 0.047174 -0.051427
v 0.005761 0.045190 -0.050880
v 0.004805 0.042958 -0.050471
v 0.004275 0.040566 -0.050212
v 0.004196 0.038105 -0.050119
v 0.004566 0.035673 -0.050186
v 0.005373 0.033361 -0.050419
v 0.006586 0.031256 -0.050805
v 0.008158 0.029440 -0.051333
v 0.010029 0.027982 -0.051982
v 0.012126 0.026939 -0.052727
v 0.014370 0.026353 -0.053540
v 0.008387 0.048694 -0.053402
v 0.006671 0.047137 -0.053111
v 0.005246 0.045148 -0.052860
v 0.004233 0.042911 -0.052672
v 0.003668 0.040515 -0.052554
v 0.003577 0.038055 -0.052507
v 0.003959 0.035623 -0.052528
v 0.004802 0.033314 -0.052621
v 0.006071 0.031214 -0.052786
v 0.007721 0.029405 -0.053018
v 0.009686 0.027955 -0.053305
v 0.011889 0.026922 -0.053639
v 0.014249 0.026345 -0.054005
v -0.047529 0.047876 -0.056956
v -0.049059 0.047297 -0.057025
v -0.050440 0.046433 -0.057084
v -0.051574 0.045363 -0.057125
v -0.047482 0.047877 -0.057271
v -0.048967 0.047302 -0.057638
v -0.050316 0.046442 -0.057968
v -0.051424 0.045368 -0.058250
v -0.047378 0.047886 -0.057567
v -0.048765 0.047319 -0.058222
v -0.050023 0.046464 -0.058817
v -0.051056 0.045391 -0.059320
v -0.047216 0.047897 -0.057839
v -0.048447 0.047341 -0.058754
v -0.049567 0.046492 -0.059594
v -0.050484 0.045426 -0.060297
v -0.047007 0.047909 -0.058073
v -0.048037 0.047365 -0.059219
v -0.048968 0.046526 -0.060269
v -0.049730 0.045469 -0.061152
v -0.046755 0.047924 -0.058262
v -0.047541 0.047392 -0.059589
v -0.048248 0.046566 -0.060814
v -0.048821 0.045521 -0.061842
v -0.046471 0.047938 -0.058399
v -0.046983 0.047421 -0.059862
v -0.047435 0.046611 -0.061210
v -0.047795 0.045580 -0.062341
v -0.046163 0.047954 -0.058476
v -0.046381 0.047454 -0.060015
v -0.046559 0.046661 -0.061439
v -0.046691 0.045645 -0.062630
v -0.045846 0.047973 -0.058494
v -0.045758 0.047491 -0.060054
v -0.045656 0.046715 -0.061492
v -0.045550 0.045714 -0.062697
v -0.045531 0.047992 -0.058448
v -0.045139 0.047528 -0.059964
v -0.044758 0.046770 -0.061365
v -0.044417 0.045783 -0.062538
v -0.045229 0.048013 -0.058344
v -0.044549 0.047566 -0.059760
v -0.043900 0.046823 -0.061067
v -0.043337 0.045851 -0.062162
v -0.044954 0.048033 -0.058184
v -0.044009 0.047601 -0.059442
v -0.043118 0.046874 -0.060605
v -0.042350 0.045914 -0.061580
v -0.044716 0.048050 -0.057972
v -0.043542 0.047635 -0.059028
v -0.042441 0.046919 -0.059999
v -0.041495 0.045972 -0.060815
v -0.044525 0.048060 -0.057712
v -0.043168 0.047658 -0.058522
v -0.041895 0.046956 -0.059271
v -0.040806 0.046018 -0.059898
v -0.044388 0.048071 -0.057425
v -0.042895 0.047679 -0.057959
v -0.041500 0.046983 -0.058450
v -0.040310 0.046052 -0.058861
v -0.044308 0.048078 -0.057115
v -0.042740 0.047690 -0.057352
v -0.041274 0.046999 -0.057567
v -0.040022 0.046075 -0.057750
v -0.044291 0.048080 -0.056793
v -0.042704 0.047697 -0.056724
v -0.041220 0.047010 -0.056658
v -0.039955 0.046087 -0.056602
v -0.044332 0.048081 -0.056478
v -0.042788 0.047697 -0.056100
v -0.041344 0.047010 -0.055753
v -0.040110 0.046084 -0.055465
v -0.044436 0.048078 -0.056172
v -0.042989 0.047692 -0.055505
v -0.041637 0.047001 -0.054892
v -0.040481 0.046070 -0.054379
v -0.044595 0.048073 -0.055893
v -0.043304 0.047677 -0.054961
v -0.042093 0.046979 -0.054106
v -0.041056 0.046045 -0.053388
v -0.044805 0.048063 -0.055658
v -0.043714 0.047659 -0.054496
v -0.042691 0.046950 -0.053427
v -0.041814 0.046007 -0.052530
v -0.045057 0.048051 -0.055463
v -0.044210 0.047633 -0.054116
v -0.043410 0.046914 -0.052878
v -0.042721 0.045958 -0.051839
v -0.045342 0.048034 -0.055326
v -0.044770 0.047601 -0.053845
v -0.044224 0.046867 -0.052481
v -0.043748 0.045900 -0.051339
v -0.045649 0.048017 -0.055242
v -0.045372 0.047567 -0.053684
v -0.045101 0.046816 -0.052251
v -0.044853 0.045835 -0.051050
v -0.045966 0.047998 -0.055225
v -0.045993 0.047532 -0.053647
v -0.046002 0.046766 -0.052195
v -0.045994 0.045768 -0.050983
v -0.046278 0.047982 -0.055265
v -0.046609 0.047499 -0.053728
v -0.046899 0.046713 -0.052319
v -0.047123 0.045700 -0.051140
v -0.046581 0.047961 -0.055374
v -0.047199 0.047458 -0.053938
v -0.047754 0.046659 -0.052618
v -0.048202 0.045633 -0.051519
v -0.046856 0.047943 -0.055539
v -0.047740 0.047420 -0.054262
v -0.048538 0.046602 -0.053088
v -0.049186 0.045564 -0.052112
v -0.047097 0.047921 -0.055762
v -0.048212 0.047381 -0.054694
v -0.049218 0.046545 -0.053716
v -0.050037 0.045497 -0.052902
v -0.047291 0.047902 -0.056029
v -0.048593 0.047341 -0.055218
v -0.049765 0.046491 -0.054468
v -0.050723 0.045438 -0.053836
v -0.045917 0.048146 -0.056873
v -0.047431 0.047888 -0.056323
v -0.048869 0.047319 -0.055791
v -0.050165 0.046461 -0.055301
v -0.051218 0.045397 -0.054883
v -0.047511 0.047877 -0.056643
v -0.049024 0.047298 -0.056412
v -0.050387 0.046440 -0.056191
v -0.051505 0.045371 -0.055991
v -0.052698 0.044444 -0.057162
v -0.054431 0.042891 -0.057223
v -0.055877 0.040910 -0.057270
v -0.056912 0.038678 -0.057301
v -0.057491 0.036283 -0.057319
v -0.057602 0.033830 -0.057332
v -0.057214 0.031390 -0.057279
v -0.056362 0.029080 -0.057227
v -0.055079 0.026980 -0.057161
v -0.053412 0.025174 -0.057085
v -0.051426 0.023730 -0.057000
v -0.049198 0.022702 -0.056909
v -0.046815 0.022131 -0.056815
v -0.052517 0.044447 -0.058511
v -0.054199 0.042896 -0.058930
v -0.055608 0.040911 -0.059277
v -0.056609 0.038681 -0.059547
v -0.057171 0.036287 -0.059702
v -0.057263 0.033828 -0.059747
v -0.056885 0.031396 -0.059669
v -0.056054 0.029085 -0.059478
v -0.054800 0.026984 -0.059186
v -0.053176 0.025178 -0.058807
v -0.051242 0.023732 -0.058353
v -0.049072 0.022703 -0.057841
v -0.046751 0.022132 -0.057290
v -0.052076 0.044470 -0.059797
v -0.053644 0.042921 -0.060556
v -0.054950 0.040937 -0.061200
v -0.055874 0.038709 -0.061682
v -0.056385 0.036317 -0.061968
v -0.056461 0.033861 -0.062061
v -0.056097 0.031427 -0.061938
v -0.055312 0.029116 -0.061621
v -0.054133 0.027013 -0.061117
v -0.052609 0.025203 -0.060450
v -0.050797 0.023751 -0.059644
v -0.048767 0.022716 -0.058730
v -0.046595 0.022139 -0.057744
v -0.051389 0.044510 -0.060983
v -0.052779 0.042967 -0.062053
v -0.053926 0.040988 -0.062959
v -0.054733 0.038763 -0.063633
v -0.055170 0.036377 -0.064043
v -0.055222 0.033920 -0.064171
v -0.054885 0.031487 -0.064012
v -0.054169 0.029172 -0.063575
v -0.053106 0.027064 -0.062878
v -0.051734 0.025246 -0.061950
v -0.050109 0.023785 -0.060823
v -0.048292 0.022740 -0.059542
v -0.046353 0.022151 -0.058158
v -0.050480 0.044560 -0.062015
v -0.051632 0.043028 -0.063350
v -0.052577 0.041060 -0.064486
v -0.053232 0.038843 -0.065328
v -0.053577 0.036461 -0.065842
v -0.053596 0.034006 -0.066005
v -0.053288 0.031572 -0.065813
v -0.052666 0.029253 -0.065273
v -0.051753 0.027137 -0.064408
v -0.050585 0.025308 -0.063249
v -0.049205 0.023834 -0.061844
v -0.047670 0.022773 -0.060246
v -0.046036 0.022168 -0.058516
v -0.049388 0.044623 -0.062848
v -0.050256 0.043105 -0.064399
v -0.050956 0.041151 -0.065720
v -0.051431 0.038943 -0.066700
v -0.051666 0.036567 -0.067298
v -0.051646 0.034115 -0.067491
v -0.051376 0.031678 -0.067270
v -0.050864 0.029354 -0.066646
v -0.050130 0.027227 -0.065643
v -0.049203 0.025385 -0.064301
v -0.048121 0.023895 -0.062669
v -0.046922 0.022815 -0.060813
v -0.045655 0.022189 -0.058805
v -0.048153 0.044694 -0.063448
v -0.048700 0.043194 -0.065157
v -0.049126 0.041257 -0.066615
v -0.049400 0.039061 -0.067695
v -0.049510 0.036693 -0.068357
v -0.049444 0.034242 -0.068569
v -0.049217 0.031803 -0.068330
v -0.048829 0.029471 -0.067641
v -0.048298 0.027333 -0.066537
v -0.047647 0.025474 -0.065059
v -0.046897 0.023965 -0.063265
v -0.046081 0.022864 -0.061224
v -0.045226 0.022214 -0.059015
v -0.046825 0.044772 -0.063795
v -0.047026 0.043293 -0.065595
v -0.047157 0.041373 -0.067132
v -0.047213 0.039189 -0.068270
v -0.047187 0.036831 -0.068973
v -0.047079 0.034384 -0.069199
v -0.046896 0.031942 -0.068946
v -0.046642 0.029600 -0.068218
v -0.046329 0.027450 -0.067055
v -0.045971 0.025573 -0.065498
v -0.045581 0.024042 -0.063610
v -0.045172 0.022917 -0.061462
v -0.044762 0.022240 -0.059135
v -0.045454 0.044855 -0.063876
v -0.045298 0.043397 -0.065698
v -0.045126 0.041495 -0.067251
v -0.044955 0.039325 -0.068405
v -0.044789 0.036974 -0.069114
v -0.044642 0.034538 -0.069366
v -0.044500 0.032086 -0.069087
v -0.044383 0.029736 -0.068352
v -0.044296 0.027571 -0.067175
v -0.044243 0.025677 -0.065601
v -0.044222 0.024124 -0.063691
v -0.044238 0.022973 -0.061518
v -0.044286 0.022269 -0.059163
v -0.044093 0.044938 -0.063685
v -0.043583 0.043502 -0.065459
v -0.043109 0.041618 -0.066968
v -0.042713 0.039463 -0.068093
v -0.042410 0.037120 -0.068783
v -0.042210 0.034679 -0.069009
v -0.042118 0.032231 -0.068756
v -0.042141 0.029873 -0.068041
v -0.042279 0.027694 -0.066893
v -0.042527 0.025782 -0.065363
v -0.042874 0.024206 -0.063504
v -0.043308 0.023030 -0.061389
v -0.043813 0.022298 -0.059098
v -0.042794 0.045019 -0.063231
v -0.041946 0.043604 -0.064887
v -0.041184 0.041738 -0.066296
v -0.040574 0.039596 -0.067344
v -0.040137 0.037260 -0.067983
v -0.039891 0.034821 -0.068194
v -0.039844 0.032370 -0.067956
v -0.040001 0.030005 -0.067292
v -0.040353 0.027813 -0.066220
v -0.040889 0.025884 -0.064792
v -0.041588 0.024286 -0.063057
v -0.042423 0.023086 -0.061081
v -0.043362 0.022327 -0.058941
v -0.041608 0.045096 -0.062532
v -0.040452 0.043700 -0.064007
v -0.039426 0.041851 -0.065260
v -0.038619 0.039719 -0.066189
v -0.038061 0.037391 -0.066758
v -0.037775 0.034954 -0.066941
v -0.037771 0.032502 -0.066732
v -0.038047 0.030129 -0.066138
v -0.038595 0.027925 -0.065185
v -0.039393 0.025979 -0.063912
v -0.040413 0.024361 -0.062364
v -0.041613 0.023136 -0.060604
v -0.042948 0.022352 -0.058697
v -0.040579 0.045164 -0.061615
v -0.039156 0.043786 -0.062850
v -0.037903 0.041951 -0.063901
v -0.036926 0.039831 -0.064679
v -0.036265 0.037509 -0.065153
v -0.035943 0.035074 -0.065304
v -0.035973 0.032619 -0.065127
v -0.036354 0.030240 -0.064627
v -0.037072 0.028025 -0.063826
v -0.038098 0.026063 -0.062755
v -0.039394 0.024427 -0.061456
v -0.040912 0.023183 -0.059978
v -0.042592 0.022376 -0.058379
v -0.039750 0.045221 -0.060513
v -0.038110 0.043859 -0.061463
v -0.036672 0.042036 -0.062271
v -0.035559 0.039925 -0.062867
v -0.034814 0.037608 -0.063231
v -0.034462 0.035175 -0.063344
v -0.034523 0.032719 -0.063205
v -0.034987 0.030333 -0.062816
v -0.035841 0.028109 -0.062196
v -0.037051 0.026134 -0.061368
v -0.038573 0.024484 -0.060366
v -0.040346 0.023221 -0.059226
v -0.042302 0.022395 -0.057995
v -0.039151 0.045263 -0.059269
v -0.037355 0.043913 -0.059897
v -0.035782 0.042101 -0.060431
v -0.034573 0.039997 -0.060826
v -0.033767 0.037686 -0.061066
v -0.033393 0.035253 -0.061134
v -0.033474 0.032796 -0.061040
v -0.034000 0.030405 -0.060775
v -0.034951 0.028174 -0.060356
v -0.036296 0.026190 -0.059805
v -0.037979 0.024527 -0.059137
v -0.039938 0.023252 -0.058382
v -0.042095 0.022412 -0.057565
v -0.038806 0.045292 -0.057931
v -0.036920 0.043949 -0.058212
v -0.035268 0.042143 -0.058452
v -0.034001 0.040047 -0.058629
v -0.033161 0.037738 -0.058738
v -0.032778 0.035307 -0.058763
v -0.032869 0.032848 -0.058712
v -0.033429 0.030453 -0.058579
v -0.034436 0.028216 -0.058379
v -0.035859 0.026226 -0.058121
v -0.037635 0.024555 -0.057814
v -0.039699 0.023270 -0.057468
v -0.041974 0.022421 -0.057099
v -0.038726 0.045306 -0.056551
v -0.036817 0.043966 -0.056475
v -0.035150 0.042162 -0.056409
v -0.033867 0.040068 -0.056359
v -0.033019 0.037761 -0.056328
v -0.032640 0.035339 -0.056331
v -0.032728 0.032871 -0.056303
v -0.033294 0.030475 -0.056310
v -0.034316 0.028236 -0.056337
v -0.035756 0.026242 -0.056385
v -0.037554 0.024568 -0.056450
v -0.039644 0.023281 -0.056531
v -0.041945 0.022426 -0.056621
v -0.038911 0.045302 -0.055184
v -0.037053 0.043961 -0.054752
v -0.035428 0.042157 -0.054382
v -0.034176 0.040061 -0.054107
v -0.033348 0.037755 -0.053938
v -0.032969 0.035325 -0.053874
v -0.033054 0.032864 -0.053912
v -0.033602 0.030469 -0.054057
v -0.034595 0.028231 -0.054310
v -0.035992 0.026238 -0.054662
v -0.037740 0.024565 -0.055095
v -0.039772 0.023277 -0.055595
v -0.042011 0.022424 -0.056144
v -0.039359 0.045284 -0.053879
v -0.037617 0.043936 -0.053108
v -0.036093 0.042128 -0.052449
v -0.034916 0.040028 -0.051957
v -0.034131 0.037719 -0.051649
v -0.033767 0.035287 -0.051539
v -0.033837 0.032829 -0.051623
v -0.034342 0.030436 -0.051906
v -0.035261 0.028202 -0.052375
v -0.036558 0.026214 -0.053016
v -0.038185 0.024546 -0.053804
v -0.040079 0.023265 -0.054708
v -0.042167 0.022418 -0.055692
v -0.040052 0.045251 -0.052688
v -0.038492 0.043893 -0.051608
v -0.037121 0.042077 -0.050683
v -0.036058 0.039971 -0.049992
v -0.035342 0.037656 -0.049563
v -0.035002 0.035224 -0.049409
v -0.035051 0.032766 -0.049537
v -0.035485 0.030378 -0.049941
v -0.036290 0.028150 -0.050609
v -0.037433 0.026169 -0.051514
v -0.038873 0.024511 -0.052623
v -0.040552 0.023240 -0.053894
v -0.042408 0.022406 -0.055276
v -0.040965 0.045203 -0.051657
v -0.039641 0.043833 -0.050309
v -0.038473 0.042004 -0.049154
v -0.037560 0.039890 -0.048293
v -0.036937 0.037570 -0.047758
v -0.036628 0.035136 -0.047569
v -0.036645 0.032680 -0.047732
v -0.036987 0.030297 -0.048240
v -0.037641 0.028077 -0.049078
v -0.038583 0.026108 -0.050213
v -0.039776 0.024463 -0.051602
v -0.041175 0.023207 -0.053190
v -0.042726 0.022389 -0.054920
v -0.042058 0.045143 -0.050825
v -0.041020 0.043757 -0.049260
v -0.040094 0.041913 -0.047920
v -0.039362 0.039789 -0.046922
v -0.038851 0.037464 -0.046305
v -0.038581 0.035028 -0.046086
v -0.038561 0.032575 -0.046278
v -0.038791 0.030197 -0.046870
v -0.039265 0.027986 -0.047843
v -0.039964 0.026031 -0.049164
v -0.040861 0.024402 -0.050777
v -0.041922 0.023165 -0.052623
v -0.043107 0.022367 -0.054629
v -0.044367 0.022040 -0.056722
v -0.043291 0.045072 -0.050224
v -0.042575 0.043668 -0.048503
v -0.041926 0.041808 -0.047029
v -0.041399 0.039674 -0.045937
v -0.041014 0.037341 -0.045256
v -0.040786 0.034904 -0.045022
v -0.040722 0.032450 -0.045229
v -0.040828 0.030081 -0.045883
v -0.041098 0.027881 -0.046952
v -0.041522 0.025941 -0.048406
v -0.042086 0.024332 -0.050182
v -0.042765 0.023117 -0.052213
v -0.043536 0.022343 -0.054421
v -0.044620 0.044995 -0.049878
v -0.044250 0.043570 -0.048069
v -0.043896 0.041693 -0.046517
v -0.043588 0.039546 -0.045369
v -0.043341 0.037206 -0.044658
v -0.043159 0.034766 -0.044412
v -0.043050 0.032316 -0.044630
v -0.043019 0.029953 -0.045314
v -0.043069 0.027766 -0.046439
v -0.043199 0.025843 -0.047968
v -0.043402 0.024255 -0.049837
v -0.043672 0.023064 -0.051974
v -0.043999 0.022316 -0.054299
v -0.045992 0.044913 -0.049802
v -0.045977 0.043466 -0.047969
v -0.045927 0.041572 -0.046403
v -0.045846 0.039410 -0.045237
v -0.045736 0.037063 -0.044520
v -0.045609 0.034627 -0.044287
v -0.045449 0.032173 -0.044490
v -0.045278 0.029818 -0.045180
v -0.045102 0.027645 -0.046321
v -0.044927 0.025740 -0.047866
v -0.044761 0.024173 -0.049756
v -0.044608 0.023007 -0.051920
v -0.044476 0.022287 -0.054272
v -0.047349 0.044831 -0.049993
v -0.047691 0.043360 -0.048210
v -0.047941 0.041448 -0.046689
v -0.048086 0.039273 -0.045550
v -0.048116 0.036917 -0.044852
v -0.048026 0.034471 -0.044605
v -0.047827 0.032027 -0.044821
v -0.047519 0.029680 -0.045492
v -0.047118 0.027522 -0.046602
v -0.046643 0.025635 -0.048104
v -0.046109 0.024091 -0.049944
v -0.045537 0.022951 -0.052048
v -0.044950 0.022259 -0.054337
v -0.048644 0.044748 -0.050453
v -0.049323 0.043257 -0.048788
v -0.049861 0.041327 -0.047366
v -0.050222 0.039139 -0.046299
v -0.050384 0.036774 -0.045638
v -0.050336 0.034324 -0.045403
v -0.050094 0.031884 -0.045607
v -0.049655 0.029546 -0.046236
v -0.049041 0.027401 -0.047272
v -0.048280 0.025533 -0.048675
v -0.047395 0.024011 -0.050391
v -0.046423 0.022895 -0.052357
v -0.045401 0.022230 -0.054495
v -0.049827 0.044668 -0.051167
v -0.050815 0.043160 -0.049679
v -0.051616 0.041213 -0.048405
v -0.052168 0.039013 -0.047453
v -0.052452 0.036640 -0.046857
v -0.052447 0.034188 -0.046646
v -0.052164 0.031751 -0.046822
v -0.051606 0.029421 -0.047382
v -0.050799 0.027288 -0.048305
v -0.049774 0.025437 -0.049555
v -0.048569 0.023936 -0.051083
v -0.047231 0.022844 -0.052833
v -0.045813 0.022204 -0.054737
v -0.050850 0.044594 -0.052100
v -0.052102 0.043071 -0.050847
v -0.053137 0.041113 -0.049768
v -0.053855 0.038901 -0.048969
v -0.054243 0.036523 -0.048464
v -0.054277 0.034068 -0.048280
v -0.053958 0.031633 -0.048426
v -0.053298 0.029310 -0.048892
v -0.052321 0.027189 -0.049665
v -0.051068 0.025352 -0.050712
v -0.049586 0.023869 -0.051992
v -0.047932 0.022798 -0.053459
v -0.046170 0.022180 -0.055057
v -0.051674 0.044533 -0.053214
v -0.053142 0.043000 -0.052248
v -0.054363 0.041029 -0.051407
v -0.055221 0.038810 -0.050786
v -0.055692 0.036425 -0.050395
v -0.055757 0.033968 -0.050244
v -0.055408 0.031535 -0.050355
v -0.054664 0.029218 -0.050707
v -0.053552 0.027106 -0.051296
v -0.052113 0.025281 -0.052100
v -0.050408 0.023813 -0.053083
v -0.048497 0.022760 -0.054211
v -0.046459 0.022161 -0.055439
v -0.052265 0.044477 -0.054467
v -0.053889 0.042938 -0.053823
v -0.055247 0.040966 -0.053260
v -0.056208 0.038742 -0.052837
v -0.056744 0.036352 -0.052569
v -0.056828 0.033893 -0.052465
v -0.056458 0.031461 -0.052532
v -0.055653 0.029148 -0.052758
v -0.054442 0.027042 -0.053138
v -0.052871 0.025227 -0.053664
v -0.051002 0.023770 -0.054312
v -0.048908 0.022729 -0.055057
v -0.046667 0.022146 -0.055871
v -0.052609 0.044447 -0.055800
v -0.054325 0.042906 -0.055500
v -0.055757 0.040927 -0.055243
v -0.056776 0.038699 -0.055037
v -0.057352 0.036305 -0.054912
v -0.057449 0.033845 -0.054855
v -0.057070 0.031413 -0.054873
v -0.056227 0.029101 -0.054959
v -0.054958 0.027000 -0.055119
v -0.053309 0.025190 -0.055348
v -0.051346 0.023741 -0.055633
v -0.049145 0.022710 -0.055967
v -0.046788 0.022136 -0.056335
vn 0.4441 -0.8956 0.0251
vn 0.9466 -0.3210 -0.0306
vn 0.8595 -0.5075 -0.0603
vn 0.5320 0.6930 -0.4864
vn 0.9785 -0.0512 -0.1999
vn -0.0582 0.9956 -0.0737
vn 0.2603 0.8988 -0.3527
vn -0.2981 -0.9545 -0.0028
vn -0.8920 -0.4214 -0.1637
vn 0.7313 0.6596 0.1736
vn -0.6068 -0.6814 0.4093
vn 0.6377 0.6368 -0.4335
vn -0.1829 -0.9600 0.2118
vn -0.1846 -0.9565 0.2260
vn -0.1844 -0.9564 0.2265
vn 0.9611 0.1868 0.2034
vn 0.9608 0.1878 0.2041
vn 0.4753 -0.7591 -0.4449
vn 0.9572 0.2297 -0.1762
vn 0.3738 0.7343 0.5667
vn 0.8919 0.4365 0.1180
vn 0.8205 0.5716 -0.0077
vn -0.7036 0.1374 0.6971
vn -0.0133 -0.9394 -0.3425
vn 0.6831 0.6676 0.2961
vn 0.7925 0.5515 0.2604
vn -0.6316 -0.7183 0.2917
vn -0.0268 0.9496 0.3123
vn 0.3234 0.7322 0.5994
vn 0.8115 0.5739 0.1100
vn 0.9954 -0.0571 -0.0765
vn 0.9962 -0.0580 -0.0656
vn 0.9954 -0.0574 -0.0769
vn -0.8353 0.5248 0.1641
vn 0.8146 -0.3230 0.4818
vn -0.0344 -0.7729 0.6336
vn 0.5495 0.7777 0.3055
vn 0.0672 -0.5612 0.8249
vn 0.9616 0.2713 0.0408
vn 0.8518 -0.5096 0.1216
vn 0.7882 -0.6070 0.1016
vn 0.7101 0.6862 -0.1574
vn 0.5281 -0.7584 0.3820
vn 0.9603 0.2776 -0.0285
vn -0.0818 0.1323 -0.9878
vn 0.5891 -0.6497 0.4804
vn 0.3260 -0.7747 0.5418
vn 0.6153 -0.4813 -0.6243
vn 0.8047 -0.3376 0.4883
vn 0.9640 0.1502 0.2195
vn 0.7503 0.0999 0.6535
vn 0.2398 -0.9704 -0.0290
vn 0.5723 0.7077 -0.4143
vn -0.0736 -0.7999 0.5957
vn 0.3240 0.1021 0.9405
vn -0.8451 0.3386 0.4136
vn 0.6454 0.5448 0.5354
vn 0.6274 0.6958 0.3495
vn 0.8595 0.4821 0.1698
vn 0.7021 0.6919 0.1682
vn -0.2868 -0.8044 0.5203
vn 0.9725 0.2328 -0.0078
vn -0.6365 -0.7709 -0.0247
vn 0.1348 -0.9885 0.0684
vn 0.0660 0.4164 0.9068
vn 0.4827 0.8756 -0.0189
vn -0.3178 -0.6020 0.7325
vn 0.0016 0.6438 0.7652
vn 0.0422 -0.9731 0.2263
vn -0.2645 -0.4838 0.8343
vn 0.4430 0.6363 0.6316
vn 0.9779 0.2092 0.0004
vn -0.1000 0.0373 -0.9943
vn 0.7802 0.6064 0.1537
vn 0.9732 0.0642 -0.2209
vn 0.9733 0.0636 -0.2206
vn 0.9714 0.0697 -0.2272
vn -0.6323 -0.6877 0.3567
vn 0.9109 0.3288 -0.2494
vn -0.2637 0.7539 0.6018
vn -0.2694 0.7525 0.6009
vn -0.2627 0.7541 0.6019
vn -0.5876 -0.6323 0.5048
vn 0.9599 0.2513 -0.1243
vn -0.8403 0.3589 0.4064
vn 0.6612 0.5839 0.4709
vn 0.6616 0.5825 0.4722
vn 0.6606 0.5824 0.4738
vn 0.7582 0.5557 0.3410
vn -0.1359 0.8356 -0.5322
vn 0.7039 0.6770 0.2148
vn 0.6787 -0.6175 0.3976
vn -0.7991 0.3733 0.4713
vn 0.8926 0.4044 0.1992
vn 0.4174 0.7950 -0.4402
vn 0.5381 -0.8379 -0.0916
vn 0.7642 0.3456 0.5445
vn 0.1252 0.8930 -0.4324
vn 0.6482 -0.3784 -0.6608
vn 0.4821 -0.8754 -0.0363
vn 0.4815 -0.8758 -0.0338
vn 0.4802 -0.8768 -0.0259
vn -0.1979 0.6077 0.7691
vn 0.5214 -0.1477 -0.8404
vn 0.7037 0.2283 0.6729
vn 0.7451 0.6444 -0.1721
vn 0.4812 -0.8383 0.2562
vn 0.2949 0.8075 -0.5108
vn 0.9429 0.1785 0.2810
vn 0.7542 -0.4992 0.4266
vn -0.1718 -0.7607 0.6260
vn 0.9726 0.2047 0.1105
vn -0.0921 0.9559 0.2789
vn 0.3754 -0.7968 0.4736
vn 0.3299 -0.7559 -0.5655
vn 0.3335 -0.7604 -0.5573
vn 0.3340 -0.7607 -0.5566
vn 0.4960 0.0925 -0.8634
vn -0.1839 -0.9230 0.3379
vn 0.5347 0.7841 0.3151
vn 0.8737 -0.1552 0.4611
vn 0.8886 0.4163 0.1925
vn -0.3737 -0.8809 -0.2906
vn -0.6103 -0.6459 0.4586
vn 0.6995 0.6150 0.3638
vn 0.8584 0.4724 0.1998
vn -0.2689 0.7948 0.5441
vn 0.7608 -0.5870 0.2769
vn -0.0256 0.6723 -0.7398
vn -0.2574 -0.8468 -0.4655
vn 0.7009 -0.4597 -0.5453
vn -0.2438 -0.9392 0.2420
vn 0.8062 0.5867 0.0757
vn 0.4863 -0.8686 -0.0953
vn -0.1447 -0.7604 0.6332
vn 0.3380 0.9313 -0.1360
vn 0.8747 0.4823 0.0478
vn 0.7386 0.6355 0.2251
vn -0.5380 -0.4104 0.7363
vn -0.1650 0.9860 0.0224
vn 0.8485 -0.0316 0.5282
vn -0.0143 0.0911 0.9957
vn -0.8626 0.2043 0.4628
vn 0.2127 0.7669 -0.6055
vn 0.2397 0.8830 -0.4036
vn -0.7647 -0.6346 -0.1114
vn 0.6541 0.2678 -0.7074
vn 0.8990 0.3561 0.2550
vn 0.5399 0.8415 0.0203
vn 0.9453 -0.2874 -0.1544
vn 0.5419 -0.6373 -0.5479
vn 0.0994 0.7885 0.6069
vn 0.9958 -0.0848 0.0349
vn 0.9941 -0.0165 0.1068
vn 0.2469 -0.4760 0.8441
vn 0.4871 0.6908 -0.5344
vn 0.7204 -0.1218 0.6828
vn 0.8153 0.5301 -0.2330
vn -0.1030 0.2322 0.9672
vn 0.7914 0.3216 0.5200
vn -0.2131 0.9383 0.2723
vn 0.3187 -0.8978 -0.3041
vn 0.4119 -0.8155 0.4067
vn 0.9718 0.2187 -0.0883
vn 0.7704 0.6366 0.0332
vn 0.7010 0.5972 0.3899
vn 0.5278 0.8004 -0.2842
vn 0.7281 0.6552 -0.2014
vn 0.8080 0.5724 -0.1396
vn 0.7450 0.3971 -0.5360
vn -0.9574 0.0249 0.2877
vn 0.8875 0.0271 0.4600
vn 0.5742 0.7909 -0.2118
vn 0.7728 0.6334 -0.0401
vn -0.6320 -0.3169 0.7072
vn 0.2340 0.8881 0.3956
vn 0.0932 0.8524 -0.5144
vn 0.3391 -0.6783 0.6518
vn 0.8078 -0.5823 0.0916
vn -0.4033 0.9076 0.1165
vn -0.1335 -0.8564 0.4988
vn 0.7863 0.4030 -0.4683
vn 0.1121 0.8447 -0.5234
vn 0.1120 0.8451 -0.5228
vn 0.1122 0.8434 -0.5254
vn 0.8629 0.3024 0.4049
vn 0.3875 0.7669 -0.5116
vn 0.7837 0.4980 0.3713
vn -0.7610 -0.2686 0.5906
vn -0.2022 0.4004 0.8937
vn 0.4168 0.8937 0.1660
vn -0.4952 -0.4428 0.7475
vn 0.5596 0.2020 0.8038
vn 0.5669 0.2027 0.7985
vn 0.5680 0.2032 0.7975
vn 0.1164 0.1731 0.9780
vn 0.8269 -0.0198 0.5619
vn -0.1375 0.5234 -0.8409
vn -0.3428 -0.4769 0.8094
vn -0.0614 -0.6563 0.7520
vn 0.8879 0.4476 0.1063
vn -0.5728 -0.4866 0.6596
vn -0.4353 0.8947 0.1006
vn -0.1641 0.9844 0.0632
vn 0.4876 0.7655 -0.4198
vn 0.5569 0.8273 0.0736
vn 0.5568 0.8271 0.0773
vn 0.5557 0.8275 0.0802
vn 0.4980 0.7027 -0.5081
vn 0.9656 -0.0084 -0.2598
vn 0.9904 0.1374 -0.0119
vn 0.8015 0.5416 0.2535
vn 0.0016 0.9999 0.0171
vn 0.9228 0.2420 -0.2999
vn 0.9228 0.2368 -0.3038
vn 0.9239 0.2397 -0.2981
vn -0.0520 0.2049 -0.9774
vn -0.0473 0.1486 -0.9878
vn 0.9143 0.2051 0.3493
vn 0.5414 0.6065 0.5823
vn -0.0287 0.7716 -0.6354
vn 0.2302 0.8718 -0.4324
vn 0.8028 -0.5901 0.0857
vn -0.0551 0.9639 0.2605
vn 0.1948 0.9251 0.3260
vn 0.7002 0.5856 0.4084
vn -0.2785 0.9599 0.0306
vn 0.4412 -0.8882 0.1281
vn -0.1256 0.8850 -0.4484
vn -0.1286 0.8840 -0.4495
vn -0.1259 0.8849 -0.4484
vn -0.0836 0.8290 0.5530
vn -0.2400 0.9704 -0.0268
vn 0.4714 0.8066 -0.3565
vn 0.5602 0.3754 0.7384
vn 0.5596 0.3759 0.7386
vn 0.5573 0.3775 0.7395
vn 0.7501 0.5345 0.3894
vn 0.3624 0.5920 -0.7199
vn 0.1852 0.9161 0.3555
vn 0.9910 -0.1098 -0.0766
vn -0.1986 -0.9023 0.3827
vn 0.5542 0.6007 0.5762
vn 0.5532 0.5988 0.5791
vn 0.5558 0.6036 0.5716
vn 0.4275 0.8088 0.4039
vn 0.6746 0.6484 0.3527
vn 0.2002 0.9629 0.1807
vn 0.6658 0.6503 0.3658
vn 0.6669 0.6505 0.3633
vn 0.6706 0.6475 0.3618
vn -0.5697 0.3152 -0.7590
vn 0.7358 0.5761 0.3560
vn 0.6666 0.6848 0.2946
vn 0.6358 0.6968 0.3320
vn 0.6377 0.6948 0.3326
vn 0.6375 0.6944 0.3339
vn 0.5943 0.6613 0.4577
vn -0.5407 0.7262 -0.4246
vn 0.1756 0.1215 -0.9769
vn 0.1760 0.1203 -0.9770
vn 0.1752 0.1220 -0.9769
vn -0.2453 -0.5286 0.8127
vn 0.1632 0.4751 -0.8647
vn 0.1593 0.4739 -0.8660
vn 0.1645 0.4753 -0.8643
vn 0.2850 0.4902 -0.8237
vn 0.2849 0.4905 -0.8236
vn 0.2850 0.4903 -0.8237
vn 0.2199 0.4748 -0.8522
vn 0.2247 0.4735 -0.8517
vn 0.2262 0.4731 -0.8515
vn 0.7224 -0.1516 0.6746
vn 0.1576 0.8625 0.4808
vn 0.6271 -0.6659 0.4042
vn 0.6434 0.7115 -0.2825
vn 0.6081 0.7004 -0.3737
vn -0.6232 0.1785 0.7614
vn -0.4977 0.1509 0.8541
vn 0.5722 0.7320 -0.3698
vn 0.2169 0.5109 -0.8318
vn 0.1519 0.4332 -0.8884
vn -0.1816 0.6945 0.6962
vn -0.2467 0.7760 0.5804
vn -0.1222 0.0725 -0.9899
vn 0.7840 0.6087 -0.1217
vn -0.2434 0.0669 -0.9676
vn -0.2819 -0.9269 -0.2477
vn 0.0939 0.4907 -0.8662
vn 0.0578 0.2465 -0.9674
vn 0.0582 0.2469 -0.9673
vn 0.0577 0.2460 -0.9676
vn -0.1227 0.0514 -0.9911
vn -0.1233 0.0516 -0.9910
vn -0.1236 0.0518 -0.9910
vn -0.1880 0.8392 -0.5103
vn -0.3215 0.8618 0.3925
vn -0.1204 0.8220 -0.5566
vn 0.4643 0.8199 -0.3351
vn 0.7997 0.5749 0.1732
vn 0.6496 0.6798 0.3404
vn 0.1676 0.9852 -0.0371
vn -0.5755 0.7310 0.3667
vn 0.6445 0.6445 0.4114
vn 0.6103 0.7427 0.2757
vn 0.6047 0.7459 0.2793
vn 0.6032 0.7471 0.2792
vn 0.4041 0.9069 0.1194
vn 0.6841 0.7204 0.1143
vn 0.7209 0.5311 0.4452
vn 0.7901 0.5974 0.1376
vn -0.2806 0.6680 0.6892
vn 0.7563 0.6369 -0.1494
vn 0.5916 0.6950 0.4086
vn 0.8078 0.5890 -0.0236
vn 0.8080 0.5887 -0.0229
vn 0.8066 0.5906 -0.0245
vn 0.6302 0.4693 0.6185
vn 0.6294 0.4704 0.6185
vn 0.6306 0.4697 0.6179
vn -0.2316 0.3231 0.9176
vn -0.5172 -0.0662 0.8533
vn -0.5173 -0.0673 0.8532
vn -0.5178 -0.0656 0.8530
vn 0.5632 0.7861 0.2545
vn 0.6882 0.6679 0.2834
vn 0.5540 0.5650 0.6114
vn -0.5075 -0.0485 0.8603
vn -0.5197 -0.1313 0.8442
vn -0.3912 -0.0616 0.9183
vn 0.8417 0.5396 -0.0183
vn 0.8461 0.5326 -0.0199
vn 0.8421 0.5389 -0.0184
vn 0.4658 0.8787 0.1045
vn 0.6278 0.7650 0.1438
vn -0.0815 0.7790 0.6217
vn 0.2791 0.4418 0.8526
vn -0.0182 0.3146 0.9490
vn 0.3986 0.5621 0.7246
vn -0.2336 0.6308 0.7399
vn -0.0460 0.5936 0.8035
vn 0.9781 -0.0021 0.2081
vn 0.2703 0.8793 -0.3921
vn 0.4403 0.8235 -0.3578
vn -0.3391 -0.8940 -0.2928
vn 0.7556 0.5374 0.3745
vn 0.3924 -0.9017 -0.1818
vn 0.3922 -0.9016 -0.1823
vn 0.3914 -0.9022 -0.1812
vn 0.0159 0.3137 0.9494
vn -0.1550 0.3979 0.9042
vn -0.1196 0.3648 0.9234
vn -0.1229 0.3655 0.9227
vn -0.1240 0.3660 0.9223
vn -0.5116 -0.2236 0.8296
vn 0.5728 -0.7957 -0.1971
vn 0.5733 -0.7951 -0.1977
vn 0.5721 -0.7963 -0.1965
vn 0.1462 0.6232 0.7683
vn 0.1288 0.3451 0.9297
vn -0.3673 0.9263 -0.0845
vn -0.4152 0.8955 -0.1601
vn -0.4116 0.8975 -0.1582
vn -0.4108 0.8979 -0.1580
vn -0.1493 0.6862 0.7119
vn -0.4019 0.9139 -0.0572
vn -0.5030 0.8630 -0.0467
vn 0.0403 0.4419 0.8962
vn -0.0597 0.9572 -0.2831
vn -0.4981 0.7368 -0.4571
vn -0.1169 0.1759 0.9774
vn -0.1142 0.1778 0.9774
vn -0.1178 0.1756 0.9774
vn -0.4816 0.8084 -0.3384
vn -0.1922 0.8540 -0.4835
vn -0.1536 0.8320 -0.5331
vn -0.1492 0.9643 -0.2186
vn -0.1602 0.9794 -0.1231
vn -0.0028 0.3178 -0.9482
vn 0.0514 0.8705 -0.4894
vn -0.0071 0.7786 -0.6275
vn -0.2838 0.8578 0.4285
vn -0.4232 0.8575 0.2925
vn 0.1984 0.2550 -0.9464
vn 0.1992 0.2553 -0.9461
vn 0.2003 0.2546 -0.9461
vn -0.5257 0.8445 0.1022
vn 0.4138 0.5312 0.7393
vn 0.4153 0.5319 0.7379
vn 0.4133 0.5308 0.7399
vn 0.3002 0.4989 -0.8130
vn -0.5446 0.7888 -0.2850
vn -0.5521 0.6935 -0.4629
vn -0.4792 0.7629 -0.4339
vn -0.4791 0.7625 -0.4348
vn -0.4807 0.7620 -0.4339
vn -0.4153 0.8987 -0.1409
vn -0.4199 0.8978 -0.1328
vn -0.4158 0.8996 -0.1336
vn -0.9219 0.0285 -0.3864
vn 0.0241 0.9915 -0.1278
vn -0.1631 0.9586 -0.2333
vn -0.4461 0.8339 -0.3249
vn -0.4390 0.8374 -0.3255
vn -0.4479 0.8330 -0.3247
vn -0.5075 0.7914 -0.3408
vn -0.5098 0.7923 -0.3351
vn -0.5070 0.7914 -0.3416
vn -0.2177 0.9745 -0.0542
vn -0.2206 0.9738 -0.0554
vn -0.2219 0.9735 -0.0555
vn -0.0194 0.9993 -0.0312
vn -0.1476 0.9498 0.2759
vn -0.3798 0.2743 0.8835
vn -0.2447 0.7623 0.5992
vn -0.1764 0.9837 -0.0358
vn -0.3546 0.8593 0.3687
vn -0.2174 0.9745 -0.0552
vn -0.2182 0.9745 -0.0526
vn 0.0226 0.7109 0.7029
vn 0.4571 0.8772 -0.1468
vn 0.6150 0.7718 0.1616
vn 0.7091 -0.5398 0.4536
vn 0.5856 0.8084 0.0591
vn 0.5871 0.8073 0.0602
vn 0.5863 0.8079 0.0600
vn 0.6670 0.6963 0.2650
vn -0.6170 0.7218 -0.3135
vn 0.3048 -0.9504 0.0626
vn 0.6494 0.5962 0.4720
vn -0.9576 0.2860 0.0338
vn -0.2388 -0.8020 -0.5476
vn -0.8944 0.3548 -0.2724
vn -0.8912 0.3565 -0.2806
vn -0.8910 0.3562 -0.2813
vn -0.7731 0.2637 0.5768
vn -0.9278 0.3730 -0.0008
vn -0.9258 0.3781 0.0006
vn -0.9261 0.3773 0.0009
vn 0.5990 0.7954 0.0918
vn 0.5845 0.6985 0.4130
vn 0.2175 0.7105 0.6692
vn 0.4931 0.8295 0.2622
vn -0.7858 0.5759 -0.2255
vn 0.4433 0.8657 0.2325
vn 0.4485 0.1581 0.8797
vn 0.4406 0.8463 0.2994
vn 0.4217 0.8831 0.2056
vn -0.0297 0.9973 -0.0677
vn 0.3905 0.8063 0.4442
vn 0.3793 -0.8827 -0.2776
vn -0.6819 0.6405 0.3534
vn -0.9067 0.4015 -0.1294
vn 0.3987 -0.2490 0.8826
vn 0.7760 -0.5652 0.2801
vn 0.4677 0.8832 0.0356
vn 0.5248 0.7635 -0.3763
vn 0.0576 0.9982 -0.0162
vn 0.0064 0.9393 -0.3432
vn 0.5553 0.7895 -0.2614
vn -0.2001 0.9178 0.3430
vn -0.1030 0.8754 0.4724
vn -0.0441 0.9954 0.0854
vn 0.2482 0.8923 -0.3770
vn -0.6873 0.4932 0.5332
vn 0.0207 0.9998 -0.0019
vn -0.8752 0.4826 -0.0321
vn -0.4429 0.8847 0.1456
vn 0.5920 -0.7640 0.2566
vn -0.9824 0.1868 -0.0056
vn 0.6797 -0.6216 0.3893
vn 0.7243 0.6808 0.1089
vn 0.7255 0.6796 0.1084
vn 0.7251 0.6799 0.1091
vn -0.9924 -0.0146 -0.1220
vn 0.8974 0.4216 0.1299
vn 0.5631 0.7817 0.2679
vn -0.9977 -0.0432 -0.0527
vn 0.2872 0.8005 -0.5260
vn 0.5956 0.7990 0.0825
vn 0.4168 0.7902 0.4493
vn 0.0544 0.9839 -0.1705
vn 0.5252 0.7626 0.3777
vn 0.4097 0.8021 0.4345
vn 0.4409 0.7955 0.4158
vn 0.5246 0.7229 0.4497
vn -0.8976 -0.4289 0.1015
vn 0.4808 0.7323 0.4822
vn -0.0105 -0.7305 0.6828
vn 0.4566 0.8275 0.3268
vn 0.2775 0.2733 0.9210
vn 0.0194 0.5411 0.8408
vn -0.1420 0.5581 0.8176
vn 0.2250 0.7334 0.6415
vn 0.2803 0.6612 0.6959
vn 0.7143 0.4844 -0.5052
vn -0.7651 0.6027 0.2268
vn -0.8746 0.3426 -0.3431
vn 0.2544 0.9667 -0.0283
vn -0.2108 0.9431 -0.2570
vn -0.2176 -0.5496 0.8066
vn -0.8423 -0.5386 -0.0198
vn 0.4735 -0.8627 -0.1777
vn 0.7084 -0.3301 -0.6239
vn -0.5201 0.8320 -0.1929
vn -0.9237 0.3545 -0.1451
vn 0.7459 0.3675 -0.5555
vn 0.7470 0.3750 -0.5491
vn 0.7466 0.3743 -0.5499
vn 0.2417 0.8006 -0.5483
vn 0.3623 0.9319 0.0200
vn -0.7036 -0.6424 -0.3037
vn 0.8824 0.3560 -0.3077
vn -0.7391 0.5545 -0.3823
vn 0.7362 0.6690 0.1022
vn 0.5162 0.7682 0.3787
vn 0.4123 0.9103 -0.0371
vn -0.4502 -0.8514 0.2692
vn -0.7896 -0.5867 -0.1796
vn 0.7139 0.7002 0.0035
vn -0.2204 0.8989 0.3786
vn -0.9866 0.1137 -0.1170
vn -0.1429 0.9892 0.0313
vn -0.1405 0.9894 0.0361
vn -0.1311 0.9908 0.0334
vn -0.5930 0.6971 -0.4031
vn -0.3411 0.4766 0.8103
vn 0.0943 0.0490 -0.9943
vn -0.5247 -0.7430 0.4156
vn -0.9760 -0.0942 0.1965
vn -0.2380 -0.7822 0.5758
vn -0.1468 0.9772 0.1534
vn 0.5399 0.8311 -0.1331
vn -0.3559 -0.4113 -0.8391
vn -0.9914 -0.0992 -0.0854
vn 0.5335 -0.8281 -0.1721
vn 0.3254 0.7965 0.5097
vn 0.3339 0.7947 0.5069
vn 0.3239 0.7968 0.5101
vn 0.2252 0.8052 0.5486
vn -0.6960 -0.5820 0.4206
vn -0.9978 -0.0612 0.0237
vn -0.7271 0.6854 -0.0399
vn -0.0437 0.7679 0.6391
vn -0.1442 -0.9345 -0.3256
vn 0.3594 0.7867 0.5020
vn 0.1166 0.9916 -0.0556
vn -0.7599 -0.1358 0.6357
vn -0.0903 -0.9958 -0.0156
vn -0.0824 0.7563 -0.6490
vn -0.0816 0.7572 -0.6481
vn -0.0904 0.7569 -0.6473
vn -0.8697 0.4633 -0.1703
vn 0.4378 0.7428 0.5066
vn 0.4357 0.7445 0.5058
vn 0.4364 0.7440 0.5060
vn 0.1824 -0.7900 0.5854
vn 0.9362 -0.3381 -0.0957
vn 0.0111 -0.9924 -0.1225
vn 0.0175 -0.9924 -0.1218
vn 0.0168 -0.9925 -0.1214
vn -0.8306 0.4492 0.3292
vn -0.7123 0.7016 -0.0201
vn -0.8761 0.1930 0.4418
vn -0.7483 0.4024 0.5273
vn -0.7487 0.4025 0.5268
vn -0.7476 0.4025 0.5283
vn 0.9867 0.0964 0.1310
vn 0.3564 0.9196 0.1654
vn -0.6504 -0.4142 -0.6368
vn -0.0208 0.8951 -0.4454
vn 0.3721 -0.8264 -0.4227
vn 0.7268 0.6768 -0.1173
vn 0.1892 0.8067 -0.5598
vn -0.9058 0.2105 0.3676
vn 0.8650 0.4742 0.1642
vn -0.3643 0.7300 0.5782
vn -0.3694 0.7296 0.5756
vn -0.3630 0.7302 0.5789
vn 0.5766 -0.4126 0.7052
vn 0.5765 -0.4128 0.7051
vn 0.5770 -0.4121 0.7051
vn -0.9418 -0.2091 0.2630
vn 0.3603 0.7508 0.5536
vn 0.6995 0.6918 -0.1790
vn -0.8549 0.3333 0.3975
vn 0.9267 0.3506 -0.1350
vn 0.9532 0.1289 -0.2736
vn -0.8934 0.3136 0.3216
vn 0.9741 0.1840 0.1314
vn 0.9744 0.1841 0.1293
vn 0.9742 0.1835 0.1312
vn 0.9192 0.3714 0.1305
vn -0.4176 -0.9004 0.1220
vn -0.4282 -0.9010 -0.0697
vn 0.3429 -0.7467 -0.5699
vn 0.2962 0.9366 -0.1871
vn 0.5084 0.5291 0.6794
vn -0.2932 0.0107 0.9560
vn -0.8167 0.3108 0.4862
vn -0.0787 0.4500 0.8895
vn -0.6446 -0.7584 0.0965
vn -0.6365 0.7630 0.1131
vn -0.6352 0.7640 0.1134
vn -0.6368 0.7627 0.1130
vn 0.2061 0.6935 -0.6904
vn -0.5699 -0.5005 0.6517
vn 0.6905 0.4567 0.5609
vn 0.6926 0.4571 0.5579
vn 0.6899 0.4568 0.5615
vn -0.7309 -0.4006 -0.5526
vn 0.0148 0.7769 -0.6294
vn -0.4787 -0.5836 0.6559
vn -0.2570 -0.5354 0.8045
vn 0.2584 -0.4259 0.8671
vn -0.7472 0.4028 0.5286
vn 0.1884 -0.9736 -0.1286
vn 0.7875 0.2945 -0.5414
vn -0.9933 -0.0802 -0.0834
vn 0.9853 0.1052 0.1345
vn 0.5356 0.8211 0.1971
vn -0.0539 0.5470 0.8354
vn -0.0203 -0.9104 0.4133
vn 0.4738 -0.7453 0.4690
vn 0.4074 -0.8277 0.3858
vn 0.0934 -0.0265 -0.9953
vn 0.7986 -0.3958 0.4535
vn -0.3381 0.9360 -0.0982
vn -0.5689 -0.1423 0.8100
vn -0.7767 0.5226 0.3517
vn -0.9028 0.4130 0.1204
vn -0.7570 0.5762 0.3080
vn 0.5442 0.8374 -0.0520
vn -0.9701 0.1530 -0.1885
vn -0.9213 0.3867 -0.0405
vn 0.6451 -0.7636 -0.0277
vn 0.6482 0.6520 0.3933
vn 0.6404 -0.1388 -0.7554
vn 0.6372 -0.1383 -0.7582
vn 0.6363 -0.1382 -0.7590
vn 0.7330 0.6599 -0.1652
vn 0.3487 -0.8734 0.3399
vn 0.1612 -0.9869 -0.0031
vn -0.5334 0.8291 -0.1675
vn -0.9026 0.3579 0.2392
vn -0.1291 0.3979 0.9083
vn 0.3009 -0.7207 0.6245
vn 0.3231 -0.6404 0.6968
vn -0.1196 -0.9876 0.1015
vn -0.1124 -0.9934 0.0211
vn -0.1122 -0.9935 0.0209
vn -0.1126 -0.9934 0.0199
vn -0.1911 -0.9282 0.3193
vn -0.5205 -0.6034 0.6042
vn 0.8969 0.3676 0.2460
vn 0.2103 0.9360 0.2823
vn -0.5567 -0.1762 0.8118
vn -0.3949 -0.3844 0.8345
vn -0.9096 0.1842 0.3724
vn 0.3789 -0.7649 0.5210
vn 0.7219 -0.3949 0.5682
vn -0.0863 0.4686 0.8792
vn -0.4012 0.9158 -0.0174
vn 0.1192 -0.9636 0.2392
vn 0.6808 0.5254 0.5104
vn 0.4671 -0.7773 0.4214
vn 0.5643 0.7462 0.3533
vn 0.6285 0.6541 -0.4208
vn 0.0039 -0.5311 0.8473
vn -0.6699 0.4910 0.5570
vn 0.5023 0.7884 0.3552
vn -0.7074 -0.1532 0.6900
vn -0.1939 0.8133 -0.5487
vn -0.3601 -0.9298 0.0760
vn 0.7964 0.5909 0.1285
vn 0.5716 0.8042 -0.1627
vn -0.9815 0.1459 -0.1238
vn -0.9830 0.1425 -0.1160
vn -0.9830 0.1425 -0.1158
vn 0.0485 -0.8009 0.5968
vn -0.9425 0.3246 0.0799
vn 0.5109 -0.8365 -0.1980
vn 0.6966 0.6155 -0.3686
vn 0.6968 0.6154 -0.3686
vn 0.6970 0.6153 -0.3683
vn -0.9217 0.1042 0.3737
vn 0.5082 -0.5280 0.6803
vn -0.9940 -0.1047 -0.0314
vn -0.1143 0.8977 -0.4256
vn 0.6671 -0.6329 0.3929
vn 0.2268 0.1203 -0.9665
vn 0.0264 0.9521 0.3046
vn 0.5633 0.8131 0.1466
vn -0.4445 0.7973 -0.4083
vn 0.8371 0.5471 -0.0035
vn 0.8397 0.5430 -0.0095
vn 0.8373 0.5467 -0.0022
vn 0.7233 -0.5501 0.4174
vn -0.9130 0.3639 -0.1846
vn 0.2956 0.8082 -0.5093
vn -0.0963 0.8139 -0.5729
vn -0.9864 0.1369 -0.0906
vn 0.6713 -0.6069 -0.4254
vn 0.6713 -0.6074 -0.4247
vn 0.6717 -0.6050 -0.4276
vn 0.4541 -0.8762 -0.1615
vn -0.9528 0.2556 -0.1636
vn 0.1073 -0.6469 0.7550
vn 0.3725 0.7095 -0.5982
vn 0.7823 0.5223 0.3393
vn 0.4690 0.8744 -0.1244
vn -0.8517 0.5232 -0.0305
vn -0.8605 0.3627 0.3579
vn 0.8150 0.5161 0.2635
vn 0.8202 0.5069 0.2652
vn 0.8195 0.5080 0.2652
vn 0.1062 0.2081 0.9723
vn -0.0091 0.7485 0.6631
vn -0.0073 0.7511 0.6602
vn -0.0095 0.7482 0.6634
vn -0.9092 0.3402 -0.2401
vn 0.5926 0.7868 0.1725
vn -0.9388 0.3351 -0.0801
vn -0.9408 0.3279 -0.0855
vn -0.9386 0.3354 -0.0805
vn -0.7496 0.3129 0.5832
vn 0.8397 0.4078 0.3585
vn -0.1794 -0.9508 -0.2524
vn 0.6621 -0.6315 0.4035
vn 0.6156 -0.6794 0.3992
vn -0.1488 -0.9508 0.2718
vn 0.8374 -0.4001 -0.3724
vn -0.9187 -0.0034 0.3949
vn 0.1935 0.6686 0.7180
vn 0.8607 0.5083 -0.0290
vn 0.5890 0.7983 0.1253
vn 0.4939 0.7560 0.4296
vn -0.8738 -0.3054 0.3785
vn 0.1296 -0.9161 -0.3795
vn 0.5756 0.4583 -0.6772
vn 0.6961 -0.6101 0.3784
vn 0.4370 -0.8816 0.1786
vn -0.9578 0.2745 0.0858
vn 0.8553 0.0609 0.5146
vn -0.7768 -0.2802 0.5640
vn -0.7791 -0.2808 0.5605
vn -0.7769 -0.2782 0.5648
vn 0.8818 0.4003 0.2495
vn -0.8153 0.0494 0.5769
vn -0.9796 0.0332 -0.1980
vn -0.0997 0.8812 -0.4621
vn 0.6731 0.5163 0.5295
vn 0.6783 0.5153 0.5239
vn 0.6791 0.5156 0.5225
vn -0.5923 0.4007 0.6990
vn 0.1887 -0.9620 -0.1973
vn 0.1889 -0.9617 -0.1986
vn 0.1889 -0.9606 -0.2040
vn -0.8186 0.4935 0.2939
vn -0.8191 0.4900 0.2982
vn -0.8182 0.4942 0.2936
vn 0.4824 0.8655 0.1349
vn 0.0859 0.8476 -0.5236
vn -0.0035 0.9998 0.0181
vn 0.7525 0.6585 0.0112
vn -0.8956 0.3752 0.2392
vn 0.3046 -0.9519 0.0330
vn 0.0611 -0.9911 -0.1186
vn -0.1645 -0.3010 0.9393
vn 0.5792 0.8080 -0.1081
vn -0.6491 0.7337 0.2010
vn -0.6809 -0.7177 0.1459
vn 0.5071 0.4163 0.7547
vn 0.8472 0.3211 -0.4232
vn -0.9585 0.2323 -0.1653
vn -0.9225 0.0168 -0.3857
vn -0.9244 0.0156 -0.3810
vn -0.9246 0.0155 -0.3805
vn -0.5355 0.7630 -0.3619
vn -0.6754 0.0440 0.7362
vn 0.3783 0.7757 0.5052
vn -0.9464 0.3084 0.0962
vn -0.6741 0.7161 -0.1813
vn -0.2413 0.7120 -0.6594
vn -0.3351 0.9314 -0.1425
vn 0.9970 -0.0687 -0.0365
vn -0.4908 -0.5008 -0.7130
vn -0.3108 -0.9504 -0.0077
vn -0.2182 0.9453 0.2426
vn 0.7551 -0.5771 0.3110
vn -0.0542 0.9910 -0.1228
vn 0.6004 0.6205 0.5045
vn 0.1130 0.5012 0.8579
vn -0.3705 0.0979 -0.9237
vn -0.8495 0.4884 -0.1994
vn 0.2425 -0.6413 0.7279
vn -0.8197 -0.0139 0.5726
vn 0.8804 0.3540 0.3155
vn 0.6020 0.7944 -0.0808
vn 0.6381 0.6393 0.4291
vn -0.7809 0.6205 0.0724
vn 0.6451 0.1278 0.7533
vn -0.6679 0.5398 -0.5124
vn 0.1413 0.1205 -0.9826
vn -0.8948 -0.1100 0.4327
vn 0.8939 0.4406 0.0822
vn -0.6631 -0.6862 0.2991
vn -0.8563 0.4429 0.2658
vn -0.0454 0.2963 0.9540
vn 0.4105 -0.9117 0.0183
vn 0.3777 -0.9249 0.0443
vn -0.2237 0.8144 0.5355
vn 0.8605 -0.4556 0.2279
vn 0.9276 -0.3182 0.1955
vn -0.1589 0.8486 -0.5046
vn 0.5429 0.5352 0.6471
vn -0.0602 0.6899 -0.7214
vn -0.0614 0.6919 -0.7193
vn -0.0620 0.6921 -0.7191
vn 0.9814 -0.0553 0.1838
vn 0.4173 -0.8480 0.3266
vn 0.4867 0.8123 0.3215
vn 0.0409 0.6619 -0.7485
vn 0.1861 -0.6945 0.6950
vn -0.5514 0.7800 0.2958
vn 0.5479 -0.8362 0.0244
vn -0.4049 -0.8810 0.2446
vn -0.4049 -0.8816 0.2426
vn -0.4047 -0.8829 0.2379
vn 0.2108 0.8611 0.4626
vn 0.5235 0.7418 0.4191
vn 0.7720 0.4562 0.4426
vn -0.6618 0.7011 0.2654
vn 0.9615 0.1858 0.2026
vn -0.6135 0.7897 -0.0048
vn -0.9566 0.0336 0.2896
vn 0.5313 -0.8465 -0.0344
vn 0.8565 -0.1670 0.4884
vn -0.9161 -0.3870 0.1044
vn -0.3070 0.4080 0.8598
vn 0.7828 0.6030 -0.1541
vn -0.1535 0.9842 -0.0885
vn -0.3028 -0.8495 0.4321
vn -0.5391 0.7337 -0.4136
vn 0.5105 0.8485 0.1393
vn -0.4110 0.1016 -0.9060
vn -0.4051 0.0971 -0.9091
vn -0.4037 0.0959 -0.9098
vn -0.1865 -0.7502 -0.6344
vn -0.1878 -0.7529 -0.6308
vn -0.1869 -0.7495 -0.6351
vn 0.9524 0.2735 -0.1348
vn 0.9515 0.1173 0.2843
vn 0.8292 -0.3312 0.4503
vn 0.4496 -0.8285 0.3338
vn 0.6082 0.6173 -0.4991
vn -0.4291 -0.9032 0.0114
vn 0.9252 0.3657 -0.1013
vn 0.9779 0.1774 0.1102
vn 0.9731 0.2269 -0.0389
vn 0.9732 0.2260 -0.0419
vn 0.9734 0.2258 -0.0398
vn 0.3984 0.2944 -0.8687
vn -0.3356 -0.9413 -0.0356
vn -0.3516 -0.9340 -0.0634
vn 0.0203 0.6048 -0.7961
vn 0.8183 0.5652 -0.1041
vn 0.5568 -0.8160 0.1551
vn 0.5544 -0.8175 0.1563
vn 0.5593 -0.8127 0.1633
vn -0.9990 0.0385 -0.0237
vn 0.7504 0.6029 -0.2708
vn -0.9115 0.4004 -0.0936
vn 0.0266 0.7745 -0.6321
vn 0.9944 -0.0927 0.0502
vn 0.8685 -0.4511 0.2056
vn 0.5203 0.7997 -0.2996
vn 0.5204 0.8000 -0.2987
vn 0.5196 0.8002 -0.2994
vn -0.6539 -0.5604 0.5084
vn 0.2681 0.3821 -0.8844
vn 0.6765 -0.5520 0.4875
vn 0.9074 0.1602 0.3885
vn -0.2064 0.9180 0.3386
vn -0.0029 0.9998 -0.0195
vn -0.2717 -0.9623 0.0123
vn 0.6353 -0.7650 0.1061
vn 0.5337 -0.8424 -0.0749
vn 0.3087 0.0582 -0.9494
vn -0.1796 0.6501 -0.7383
vn -0.1913 0.3267 -0.9256
vn 0.3047 0.8912 0.3360
vn -0.2047 0.5790 -0.7892
vn 0.3243 0.4176 -0.8488
vn 0.3760 0.3170 -0.8707
vn 0.9954 -0.0568 -0.0772
vn -0.7256 -0.6773 0.1218
vn 0.4028 0.7527 0.5208
vn -0.3183 -0.3697 -0.8729
vn 0.0981 0.6498 -0.7538
vn 0.3714 -0.7687 0.5208
vn 0.7668 0.5487 0.3331
vn 0.7668 0.5489 0.3328
vn 0.7668 0.5486 0.3332
vn 0.2775 0.9500 -0.1431
vn -0.9714 -0.0249 0.2361
vn 0.4512 -0.7068 -0.5449
vn -0.3913 -0.5937 -0.7031
vn -0.3210 0.8364 0.4443
vn 0.3610 -0.8627 0.3543
vn 0.4295 -0.8860 0.1746
vn 0.2713 0.1499 -0.9507
vn 0.5693 0.8144 0.1122
vn 0.7212 0.6872 0.0872
vn -0.2757 0.1393 -0.9511
vn 0.0114 0.6096 0.7926
vn 0.1631 0.7300 -0.6637
vn 0.5277 -0.7284 0.4370
vn 0.5901 0.6308 0.5039
vn -0.8986 -0.4362 -0.0463
vn 0.6872 0.6975 -0.2029
vn 0.6869 0.6974 -0.2042
vn 0.6874 0.6979 -0.2011
vn -0.9227 -0.3837 -0.0378
vn 0.4837 0.8025 -0.3493
vn 0.5921 0.7826 0.1923
vn 0.4363 0.8896 -0.1352
vn 0.5658 0.6345 0.5266
vn 0.5663 0.6351 0.5253
vn 0.5673 0.6373 0.5216
vn -0.7450 -0.6670 0.0067
vn 0.9596 -0.1928 -0.2047
vn 0.3252 0.4587 0.8269
vn -0.6264 -0.7216 0.2949
vn 0.1619 -0.2038 0.9655
vn -0.9353 -0.0288 -0.3527
vn -0.7134 0.5661 0.4130
vn 0.7558 0.1941 0.6254
vn 0.8755 0.4694 -0.1144
vn -0.4823 -0.5345 0.6941
vn -0.2559 -0.9667 0.0009
vn 0.2693 0.8557 0.4419
vn 0.2674 0.8524 0.4494
vn 0.2669 0.8519 0.4506
vn 0.0987 -0.6874 0.7195
vn 0.8601 0.3538 -0.3675
vn -0.7437 0.5718 0.3464
vn -0.7025 0.6803 -0.2088
vn 0.6367 0.7199 -0.2764
vn -0.6587 0.6297 0.4118
vn 0.5090 0.6964 -0.5059
vn 0.8720 0.2986 -0.3880
vn 0.8734 0.2989 -0.3845
vn 0.8677 0.3093 -0.3891
vn 0.8780 0.3164 -0.3593
vn 0.7782 0.4160 0.4704
vn -0.1600 -0.8524 0.4978
vn -0.1581 -0.8507 0.5014
vn -0.1574 -0.8500 0.5027
vn -0.4324 0.8448 -0.3152
vn -0.2585 -0.8207 0.5096
vn 0.3190 0.5906 -0.7412
vn -0.8435 -0.4720 0.2564
vn 0.6294 0.5062 0.5896
vn 0.1276 0.3854 -0.9139
vn 0.3896 0.9004 0.1936
vn -0.2854 0.9235 0.2562
vn 0.2971 -0.8747 0.3829
vn 0.9712 -0.0069 0.2383
vn 0.9286 0.2911 -0.2300
vn 0.5340 0.8442 0.0469
vn 0.3965 0.9170 -0.0436
vn 0.7297 0.5932 0.3402
vn 0.7248 0.6227 0.2949
vn 0.7252 0.6228 0.2935
vn 0.7234 0.6227 0.2983
vn -0.0183 0.7570 -0.6532
vn 0.4283 0.7040 -0.5666
vn -0.1870 -0.3125 0.9313
vn 0.8611 0.5059 -0.0509
vn 0.8205 0.5714 -0.0147
vn 0.2023 0.0167 -0.9792
vn 0.2126 0.0154 -0.9770
vn 0.2123 0.0211 -0.9770
vn 0.9624 -0.2563 0.0897
vn -0.6089 0.7688 -0.1953
vn 0.8961 0.2316 -0.3787
vn 0.2602 0.2143 0.9415
vn 0.2320 0.4772 -0.8476
vn 0.2342 0.4766 -0.8474
vn 0.2336 0.4756 -0.8481
vn -0.1901 0.9795 0.0666
vn 0.5319 -0.3357 0.7774
vn 0.3121 -0.9353 0.1669
vn 0.3070 -0.9381 0.1607
vn 0.3053 -0.9388 0.1594
vn 0.5724 0.6522 0.4970
vn 0.2442 0.4748 -0.8455
vn -0.1889 -0.4111 0.8918
vn -0.2923 0.7404 -0.6053
vn -0.3536 -0.3134 0.8813
vn 0.0535 0.6543 0.7543
vn 0.6875 0.7247 -0.0465
vn -0.2404 -0.4579 0.8559
vn 0.6193 0.7773 -0.1105
vn 0.6557 0.6350 0.4084
vn 0.5787 0.7895 -0.2046
vn -0.1920 -0.8228 0.5349
vn 0.7815 0.6021 -0.1635
vn 0.6807 -0.6066 0.4107
vn 0.7862 0.5903 0.1828
vn 0.4804 -0.6379 -0.6019
vn 0.9814 -0.1870 -0.0427
vn 0.2389 -0.4638 -0.8531
vn 0.3916 0.7994 0.4557
vn 0.0025 0.9217 -0.3879
vn 0.8119 0.4208 -0.4047
vn -0.0163 -0.9754 0.2198
vn 0.8399 0.5345 0.0942
vn 0.3626 -0.9069 0.2146
vn -0.1540 0.4976 -0.8536
vn 0.3303 0.9199 0.2112
vn 0.5136 0.8370 -0.1888
vn 0.5137 0.8373 -0.1874
vn 0.5137 0.8374 -0.1866
vn 0.2290 0.2576 0.9387
vn 0.3269 0.8675 0.3750
vn 0.3275 0.8674 0.3747
vn 0.3230 0.8717 0.3686
vn 0.8805 0.4610 -0.1104
vn 0.8773 0.4666 -0.1122
vn 0.8788 0.4641 -0.1108
vn 0.5414 0.8237 0.1686
vn 0.6598 0.7469 0.0822
vn 0.5785 0.7684 -0.2735
vn 0.5864 0.7628 -0.2726
vn 0.5855 0.7630 -0.2738
vn 0.4253 -0.8801 0.2111
vn 0.4254 -0.8800 0.2111
vn 0.1051 0.4878 -0.8666
vn 0.1011 0.4901 -0.8658
vn 0.1071 0.4866 -0.8670
vn 0.9758 0.0780 0.2043
vn 0.7032 0.7102 -0.0327
vn 0.6068 0.7701 0.1970
vn 0.6989 0.7007 -0.1433
vn 0.2745 0.7818 0.5599
vn 0.2757 0.7832 0.5573
vn 0.2771 0.7850 0.5541
vn 0.6495 0.7558 -0.0826
vn 0.2535 0.8881 0.3835
vn 0.3173 0.7565 0.5719
vn 0.3176 0.7565 0.5717
vn 0.3175 0.7571 0.5709
vn 0.5556 -0.8155 0.1621
vn 0.5612 -0.8118 0.1612
vn -0.4732 -0.0710 0.8781
vn -0.7032 0.6483 -0.2920
vn 0.1944 0.7702 -0.6074
vn 0.6809 0.6837 0.2624
vn -0.0836 0.5213 -0.8493
vn 0.8654 0.5010 0.0118
vn 0.8996 0.4294 -0.0803
vn 0.8997 0.4291 -0.0800
vn 0.8984 0.4314 -0.0818
vn 0.9466 -0.1932 0.2581
vn -0.7802 -0.2478 0.5743
vn -0.9625 -0.1796 -0.2035
vn -0.9805 -0.1599 -0.1141
vn -0.8217 -0.2120 -0.5289
vn 0.1451 0.8993 0.4125
vn -0.0441 0.7721 0.6340
vn -0.8767 0.3748 0.3015
vn -0.1165 0.9292 0.3508
vn -0.1002 0.6442 0.7583
vn 0.1407 0.6266 0.7665
vn 0.2583 0.6872 0.6790
vn 0.3550 0.7378 0.5742
vn 0.1068 0.7298 0.6753
vn -0.4091 -0.1760 0.8953
vn -0.4988 -0.4718 0.7270
vn 0.3461 0.6965 0.6285
vn -0.3461 -0.4311 0.8333
vn -0.4875 -0.3659 0.7928
vn -0.8806 -0.3310 0.3390
vn -0.9480 -0.3011 0.1030
vn -0.8054 -0.5896 0.0610
vn -0.8312 -0.5194 0.1983
vn -0.0212 0.6687 -0.7432
vn -0.0246 0.6686 -0.7432
vn -0.0245 0.6686 -0.7432
vn 0.1062 0.9635 0.2458
vn 0.7333 0.6776 -0.0562
vn -0.4587 -0.2668 0.8476
vn 0.1976 0.5694 0.7980
vn -0.6386 -0.5148 0.5720
vn -0.5971 -0.3220 0.7347
vn 0.7271 0.5457 0.4166
vn 0.7304 0.6116 0.3041
vn 0.2949 -0.6967 -0.6540
vn 0.3510 0.6832 -0.6404
vn -0.4984 -0.2867 0.8182
vn -0.4911 -0.2929 0.8204
vn -0.5002 -0.2866 0.8171
vn 0.0227 0.2857 0.9581
vn 0.6820 0.7307 0.0314
vn 0.5518 0.8029 0.2256
vn -0.6239 0.4804 0.6164
vn 0.1906 0.7595 0.6220
vn 0.1911 0.7581 0.6236
vn 0.1914 0.7576 0.6240
vn 0.2265 0.8128 0.5367
vn 0.4035 0.7425 0.5347
vn 0.6912 0.7189 0.0735
vn -0.8168 -0.5585 -0.1446
vn -0.1251 0.9342 -0.3341
vn 0.2236 0.8735 -0.4324
vn 0.5729 0.8175 -0.0585
vn 0.4487 0.8901 -0.0795
vn 0.3171 0.8356 -0.4485
vn 0.5775 0.7325 -0.3604
vn 0.5831 0.7267 -0.3631
vn 0.5828 0.7272 -0.3626
vn 0.1012 0.4949 -0.8630
vn 0.0957 0.4969 -0.8625
vn 0.1036 0.4940 -0.8632
vn 0.4541 0.8582 -0.2393
vn 0.4270 0.7198 0.5473
vn 0.3735 0.8972 -0.2356
vn -0.5221 -0.5147 -0.6801
vn 0.6312 0.7607 0.1518
vn 0.2081 0.0813 -0.9747
vn 0.6506 0.7588 0.0316
vn 0.6422 0.7660 0.0298
vn 0.6415 0.7666 0.0292
vn 0.3519 0.5903 -0.7264
vn 0.5540 0.8211 0.1371
vn -0.0094 0.9982 0.0589
vn 0.1612 0.8656 0.4741
vn 0.1613 0.8651 0.4750
vn 0.2823 0.6641 -0.6923
vn 0.2831 0.6648 -0.6913
vn 0.2838 0.6653 -0.6905
vn 0.5061 0.8029 -0.3150
vn 0.5035 0.8047 -0.3146
vn 0.5047 0.8036 -0.3153
vn 0.2596 0.9644 0.0506
vn -0.3212 0.3139 -0.8935
vn 0.5321 0.8463 -0.0271
vn 0.3433 0.9270 0.1512
vn 0.5627 0.8164 0.1298
vn 0.5093 0.8246 -0.2460
vn -0.3216 -0.1606 -0.9332
vn 0.4475 0.8919 -0.0655
vn 0.4936 0.7762 0.3924
vn 0.4075 0.8159 -0.4101
vn 0.4062 0.8152 -0.4128
vn 0.4036 0.8136 -0.4185
vn 0.1179 0.6383 0.7607
vn 0.6054 0.4290 0.6704
vn 0.5672 0.1430 0.8111
vn 0.4606 0.1726 0.8707
vn 0.6959 0.2098 0.6868
vn 0.5875 0.7873 -0.1873
vn 0.7196 0.3921 0.5731
vn 0.8101 0.4536 0.3715
vn 0.7983 0.5571 0.2286
vn 0.8001 0.5569 0.2229
vn 0.7982 0.5568 0.2296
vn 0.7868 0.5722 0.2315
vn 0.6724 0.4315 0.6014
vn 0.6453 0.1013 0.7572
vn -0.6308 -0.4817 0.6084
vn 0.5795 0.3810 0.7204
vn 0.6676 0.6202 0.4118
vn 0.6860 0.3238 0.6516
vn 0.6879 0.3244 0.6493
vn 0.6854 0.3238 0.6522
vn 0.5815 0.3128 0.7510
vn -0.0814 0.9817 -0.1722
vn 0.8804 0.4274 0.2057
vn 0.7291 0.6838 0.0271
vn 0.8283 0.5127 -0.2258
vn -0.0850 0.7838 -0.6152
vn -0.2218 -0.1501 0.9635
vn -0.2201 -0.5466 -0.8079
vn 0.1977 0.7118 -0.6740
vn 0.1932 0.7086 -0.6786
vn 0.1916 0.7072 -0.6805
vn -0.1194 -0.9098 -0.3974
vn 0.0327 0.8518 -0.5228
vn 0.2932 0.7774 0.5564
vn -0.0033 -0.9152 -0.4029
vn -0.9852 0.1564 0.0697
vn -0.5281 -0.7886 -0.3148
vn -0.0161 -0.7982 -0.6021
vn -0.0197 -0.7971 -0.6036
vn -0.0201 -0.7969 -0.6038
vn -0.7450 -0.6083 -0.2737
vn -0.0414 0.1261 0.9912
vn -0.7977 0.0805 -0.5976
vn 0.1181 0.9302 -0.3476
vn -0.1339 -0.7959 -0.5905
vn -0.5009 -0.7506 -0.4309
vn 0.2489 0.9320 0.2636
vn -0.2356 -0.8571 -0.4581
vn -0.5029 -0.7394 -0.4477
vn -0.5070 -0.7353 -0.4498
vn -0.5081 -0.7352 -0.4486
vn 0.1817 0.8506 0.4935
vn 0.7006 0.6176 -0.3574
vn 0.8462 0.3964 -0.3560
vn 0.8497 0.4712 0.2365
vn -0.2681 -0.0990 0.9583
vn 0.4898 0.8101 -0.3223
vn 0.4204 0.1081 -0.9009
vn 0.0536 0.1225 -0.9910
vn 0.2004 0.9442 -0.2615
vn 0.2938 -0.1255 -0.9476
vn 0.7503 -0.6575 -0.0680
vn 0.4620 -0.0301 -0.8864
vn 0.2014 0.5032 -0.8404
vn -0.0368 0.9574 -0.2864
vn 0.0715 -0.0245 -0.9971
vn -0.1566 0.2127 -0.9645
vn 0.7660 -0.4714 0.4371
vn 0.6217 0.2047 -0.7561
vn -0.4703 -0.5355 0.7014
vn 0.9383 -0.0326 0.3442
vn 0.4334 0.8428 0.3190
vn -0.2626 0.8320 -0.4887
vn 0.9636 0.1655 -0.2100
vn 0.9633 0.1647 -0.2118
vn 0.9633 0.1647 -0.2119
vn 0.6780 -0.4501 0.5811
vn -0.3274 -0.7419 -0.5851
vn -0.2813 -0.9188 0.2768
vn 0.0243 -0.0234 -0.9994
vn 0.2660 0.8011 0.5361
vn 0.7951 0.6046 -0.0467
vn 0.3748 0.9025 -0.2120
vn 0.3751 0.9026 -0.2113
vn 0.3706 0.9036 -0.2150
vn -0.2121 -0.6049 0.7676
vn 0.5262 -0.8234 -0.2126
vn -0.2853 -0.4044 0.8689
vn 0.2880 0.9107 -0.2961
vn 0.2182 -0.5404 -0.8127
vn -0.0125 -0.3005 0.9537
vn 0.3803 0.6315 -0.6757
vn -0.2766 -0.3169 0.9072
vn 0.1804 0.9528 0.2442
vn 0.1835 0.9535 0.2392
vn 0.1798 0.9527 0.2449
vn 0.7366 0.6711 -0.0846
vn 0.8749 0.0391 0.4828
vn 0.9600 0.2452 0.1352
vn -0.2524 -0.8704 0.4226
vn -0.2267 -0.8599 0.4573
vn 0.7727 0.6156 0.1551
vn 0.9528 0.2852 0.1043
vn 0.7076 0.6440 0.2906
vn 0.7008 0.6483 0.2976
vn 0.7087 0.6432 0.2899
vn 0.8373 -0.0713 0.5421
vn 0.6354 -0.3386 0.6940
vn 0.9045 0.2993 0.3037
vn 0.9025 0.4145 0.1169
vn -0.9195 0.3704 0.1315
vn 0.7541 -0.4006 0.5204
vn -0.7429 -0.5336 0.4042
vn 0.8823 -0.4324 0.1859
vn -0.6863 -0.6458 0.3346
vn -0.6864 -0.6456 0.3346
vn -0.0358 0.2139 -0.9762
vn -0.0363 0.2152 -0.9759
vn -0.0296 0.2118 -0.9769
vn 0.6261 0.7760 0.0762
vn -0.0455 -0.3817 0.9232
vn 0.9845 0.0177 0.1744
vn 0.8611 -0.4018 0.3114
vn -0.7032 0.7109 -0.0062
vn -0.6947 0.7192 -0.0092
vn -0.6956 0.7184 -0.0090
vn 0.9550 0.0845 0.2844
vn 0.9540 0.0883 0.2865
vn 0.9562 0.0795 0.2816
vn 0.4079 0.7463 0.5259
vn 0.0186 0.2736 0.9617
vn 0.9841 -0.0611 0.1670
vn 0.8929 0.2309 0.3866
vn 0.6982 -0.0084 0.7158
vn -0.6431 0.0772 0.7619
vn 0.0656 0.0581 -0.9962
vn 0.6254 0.5518 0.5517
vn -0.0730 0.7831 -0.6176
vn 0.4994 0.8224 0.2725
vn 0.0224 -0.9997 -0.0124
vn 0.8871 0.4610 0.0253
vn -0.3030 0.8739 -0.3802
vn -0.3036 0.8735 -0.3806
vn -0.2997 0.8745 -0.3814
vn 0.5392 0.7573 0.3685
vn 0.3926 0.8791 0.2703
vn 0.8986 -0.4368 -0.0410
vn 0.4305 -0.3607 0.8274
vn 0.7520 0.0467 0.6575
vn 0.4386 -0.8596 -0.2621
vn -0.7728 0.5835 -0.2496
vn 0.5197 -0.8116 -0.2668
vn -0.4612 -0.8770 0.1349
vn -0.4569 -0.8803 0.1280
vn -0.4608 -0.8782 0.1284
vn -0.7726 0.6219 -0.1278
vn -0.0986 -0.8638 -0.4940
vn 0.9704 0.2295 0.0754
vn 0.5149 0.8201 0.2499
vn 0.7448 0.1922 0.6390
vn 0.8355 0.0323 0.5485
vn -0.6539 0.5232 -0.5465
vn 0.9703 -0.0007 -0.2419
vn 0.9847 -0.1417 -0.1013
vn 0.7631 -0.0863 0.6404
vn -0.0934 0.9924 -0.0800
vn 0.6136 -0.2801 -0.7382
vn 0.8295 0.4932 0.2622
vn -0.3399 -0.7660 -0.5456
vn -0.4172 -0.2087 -0.8845
vn -0.4203 -0.4173 -0.8057
vn -0.1410 -0.8741 0.4647
vn -0.4433 -0.3647 -0.8188
vn -0.0436 -0.7673 0.6398
vn 0.8243 0.2900 -0.4862
vn 0.7925 0.3750 -0.4809
vn 0.9550 0.1010 -0.2790
vn 0.5846 -0.8010 -0.1291
vn 0.6129 0.7386 0.2808
vn -0.1534 -0.8143 0.5597
vn 0.6356 0.7053 0.3139
vn 0.6357 0.7049 0.3147
vn 0.6357 0.7046 0.3154
vn -0.8924 -0.3546 -0.2792
vn 0.9324 0.3562 0.0618
vn 0.9315 0.3576 0.0664
vn 0.9336 0.3527 0.0637
vn 0.6401 0.4365 -0.6322
vn 0.8929 0.1287 0.4316
vn 0.9769 -0.0184 -0.2129
vn 0.9768 -0.0185 -0.2133
vn 0.9762 -0.0193 -0.2158
vn 0.2407 0.5985 -0.7641
vn -0.1304 0.7793 0.6129
vn 0.9288 0.1636 -0.3326
vn 0.8868 0.2346 -0.3981
vn 0.8888 0.1343 -0.4383
vn 0.8793 0.0432 -0.4743
vn 0.8634 0.0108 -0.5044
vn -0.5387 -0.7203 -0.4370
vn -0.5390 -0.7200 -0.4371
vn -0.5392 -0.7191 -0.4383
vn -0.0534 -0.8019 0.5951
vn -0.3009 0.9488 0.0958
vn -0.3008 0.9489 0.0953
vn -0.3008 0.9490 0.0944
vn 0.7916 0.4407 -0.4232
vn 0.0788 0.4941 -0.8659
vn 0.0776 0.4953 -0.8653
vn 0.0707 0.5038 -0.8609
vn 0.7504 0.4471 -0.4868
vn -0.9585 0.1701 -0.2286
vn 0.8868 0.2587 -0.3829
vn 0.8873 0.2579 -0.3823
vn 0.8841 0.2637 -0.3858
vn 0.7489 -0.2143 0.6271
vn 0.8486 0.2889 -0.4432
vn 0.8714 0.2990 -0.3890
vn -0.4519 0.0914 -0.8874
vn -0.6271 0.7770 0.0550
vn 0.8098 0.5784 -0.0985
vn 0.9267 0.3365 0.1674
vn 0.9358 0.3376 -0.1017
vn 0.2060 0.0209 -0.9783
vn 0.0513 0.7117 0.7006
vn 0.8765 0.4734 0.0877
vn 0.8764 0.4734 0.0883
vn 0.8763 0.4739 0.0868
vn -0.2053 0.9786 0.0131
vn 0.4925 0.5976 0.6327
vn -0.7979 0.4767 0.3691
vn 0.5618 0.8168 0.1310
vn -0.5372 0.8289 0.1560
vn 0.8483 0.5107 -0.1395
vn -0.3036 -0.6317 -0.7133
vn 0.2877 0.9577 0.0021
vn 0.4328 0.8929 -0.1243
vn -0.2743 0.4930 -0.8257
vn -0.9219 0.3872 0.0130
vn 0.8827 -0.4639 -0.0755
vn 0.9733 0.0672 -0.2194
vn -0.7150 -0.6592 0.2329
vn 0.7276 -0.6823 -0.0709
vn -0.0193 0.9200 -0.3914
vn 0.8721 0.4890 -0.0182
vn -0.9804 -0.1834 -0.0720
vn 0.3571 0.6520 0.6689
vn -0.2437 0.0085 0.9698
vn -0.8391 0.3150 -0.4434
vn 0.3798 -0.9155 -0.1327
vn -0.3986 -0.5397 0.7415
vn 0.8605 0.3077 -0.4059
vn -0.4640 0.7966 -0.3875
vn -0.0263 -0.9989 0.0397
vn 0.1342 -0.7948 -0.5918
vn 0.7179 0.6559 -0.2333
vn 0.3928 -0.9004 -0.1869
vn 0.3928 -0.9005 -0.1863
vn 0.4369 -0.1569 -0.8857
vn 0.4379 -0.1585 -0.8850
vn 0.4328 -0.1507 -0.8888
vn 0.2304 0.9714 -0.0578
vn 0.8950 0.0032 -0.4460
vn -0.9600 -0.1700 0.2224
vn -0.9600 -0.1699 0.2224
vn -0.9600 -0.1697 0.2225
vn 0.7482 0.2616 -0.6097
vn -0.9389 0.0870 0.3331
vn 0.8440 -0.1891 0.5018
vn 0.5893 0.7104 0.3849
vn 0.6993 -0.6765 -0.2310
vn 0.6994 -0.6763 -0.2314
vn 0.5965 -0.7884 -0.1504
vn 0.7142 -0.6750 -0.1853
vn -0.1216 0.9914 -0.0475
vn 0.6137 -0.6984 -0.3682
vn -0.2553 0.6891 -0.6782
vn 0.8510 0.5125 -0.1149
vn -0.9391 0.3345 -0.0789
vn -0.7847 0.4415 0.4351
vn 0.9327 0.1906 -0.3060
vn 0.0214 0.5950 -0.8034
vn 0.7755 -0.5775 0.2550
vn 0.7731 -0.5145 0.3711
vn 0.3119 0.6162 -0.7232
vn 0.8765 -0.3405 0.3402
vn 0.8766 -0.3392 0.3414
vn 0.8765 -0.3407 0.3400
vn 0.7552 -0.0142 -0.6553
vn 0.7552 -0.0090 -0.6554
vn 0.7552 -0.0093 -0.6555
vn -0.2406 -0.3503 0.9052
vn 0.0764 0.1596 -0.9842
vn 0.7576 0.5018 0.4174
vn 0.5436 0.8225 -0.1674
vn 0.7564 0.4141 -0.5063
vn 0.7560 0.4159 -0.5054
vn 0.7552 0.4215 -0.5021
vn 0.7767 0.5946 -0.2077
vn 0.5567 0.8303 0.0249
vn 0.5229 0.8109 -0.2629
vn -0.7291 -0.3795 0.5695
vn -0.8656 0.2949 -0.4047
vn 0.9077 0.3318 -0.2569
vn 0.0331 0.9735 0.2261
vn 0.7913 0.1360 0.5961
vn 0.7499 0.6159 -0.2414
vn 0.9635 0.2673 -0.0150
vn 0.8624 0.2664 0.4306
vn 0.9527 0.1033 0.2859
vn 0.4668 -0.8603 0.2049
vn 0.2370 -0.8023 -0.5478
vn 0.9452 0.1094 0.3076
vn 0.6773 0.6995 -0.2278
vn 0.7365 0.2513 -0.6281
vn 0.5624 0.7693 -0.3032
vn 0.9436 0.3298 0.0285
vn 0.7621 -0.6216 0.1810
vn 0.2680 0.0974 -0.9585
vn 0.8962 0.3643 -0.2532
vn 0.8963 0.3633 -0.2543
vn 0.8966 0.3598 -0.2581
vn -0.3973 -0.4237 0.8140
vn 0.0703 0.3333 0.9402
vn 0.8064 0.5341 -0.2539
vn 0.7936 0.2129 -0.5700
vn -0.5478 -0.7315 -0.4060
vn 0.2720 -0.8277 0.4909
vn 0.7324 0.5718 -0.3696
vn 0.8594 0.4741 -0.1913
vn 0.4923 -0.5860 -0.6437
vn 0.3742 0.9110 -0.1733
vn -0.0970 0.5480 0.8309
vn 0.3580 0.8887 -0.2865
vn 0.3572 0.8893 -0.2856
vn 0.3539 0.8923 -0.2803
vn 0.4860 0.8329 -0.2645
vn 0.3473 0.8869 -0.3046
vn 0.3995 0.9116 -0.0971
vn 0.3989 0.9112 -0.1032
vn 0.3991 0.9118 -0.0967
vn 0.8430 0.4205 -0.3354
vn -0.0065 -0.1451 -0.9894
vn 0.7211 0.6445 -0.2542
vn 0.7984 -0.5546 0.2345
vn 0.7985 -0.5558 0.2313
vn 0.7985 -0.5559 0.2313
vn 0.5532 0.8327 -0.0247
vn -0.8807 -0.4401 0.1750
vn -0.8813 0.0087 0.4724
vn -0.8679 -0.3809 -0.3188
vn -0.2793 -0.4246 0.8612
vn -0.0696 0.3880 0.9190
vn 0.8859 0.0977 0.4534
vn 0.4335 0.9011 -0.0078
vn 0.4336 0.9011 -0.0079
vn 0.4336 0.9011 -0.0078
vn -0.4303 -0.8888 -0.1576
vn -0.7449 0.6583 0.1084
vn -0.7533 0.5877 0.2952
vn 0.7237 0.4542 -0.5196
vn 0.4987 0.8634 0.0767
vn 0.4988 0.8634 0.0755
vn 0.3689 0.8635 -0.3438
vn 0.4230 0.9061 0.0018
vn 0.8926 0.3754 -0.2498
vn 0.8875 0.3841 -0.2544
vn 0.8895 0.3783 -0.2562
vn 0.2348 0.9112 -0.3386
vn 0.2825 0.9299 -0.2356
vn 0.3483 0.9185 -0.1870
vn 0.9140 0.3103 -0.2612
vn 0.9517 0.2447 -0.1854
vn 0.8094 0.4925 -0.3198
vn 0.8096 0.4924 -0.3195
vn 0.8108 0.4914 -0.3181
vn 0.5508 0.8324 0.0610
vn 0.5518 0.8319 0.0597
vn 0.5518 0.8318 0.0596
vn 0.3712 0.8452 -0.3846
vn 0.3936 0.9082 -0.1423
vn 0.3943 0.9079 -0.1422
vn 0.3860 0.9113 -0.1432
vn 0.4379 0.8349 -0.3336
vn 0.4364 0.8356 -0.3335
vn 0.4471 0.8298 -0.3341
vn 0.3997 -0.8870 0.2312
vn 0.3618 -0.8494 0.3843
vn 0.3145 0.8566 -0.4090
vn 0.1053 0.9928 -0.0574
vn 0.2131 0.9764 -0.0358
vn 0.3185 0.8504 -0.4188
vn 0.3182 0.8499 -0.4200
vn 0.3149 0.8495 -0.4233
vn 0.2506 0.8295 -0.4991
vn 0.2573 0.8276 -0.4989
vn 0.2598 0.8273 -0.4980
vn 0.2586 0.8292 -0.4955
vn 0.2607 0.8272 -0.4978
vn 0.3949 0.8606 -0.3217
vn 0.6127 0.7633 0.2048
vn 0.4480 0.8371 -0.3141
vn -0.9777 0.1446 -0.1524
vn 0.9118 0.3957 0.1099
vn 0.8943 -0.0651 -0.4428
vn 0.8954 -0.0663 -0.4403
vn 0.8966 -0.0679 -0.4376
vn 0.3870 0.8609 -0.3302
vn 0.3881 0.8603 -0.3307
vn 0.3798 0.8656 -0.3263
vn 0.4692 0.8525 -0.2305
vn 0.9532 0.2915 0.0802
vn 0.3488 0.7902 -0.5039
vn 0.3487 0.7900 -0.5043
vn 0.3482 0.7898 -0.5049
vn 0.8001 0.5184 0.3018
vn 0.9728 0.2283 -0.0387
vn 0.4119 0.8502 -0.3278
vn 0.4135 0.8495 -0.3277
vn 0.4041 0.8547 -0.3258
vn 0.4635 0.8369 -0.2913
vn 0.4058 0.7882 -0.4627
vn 0.2038 0.9430 -0.2630
vn 0.2040 0.9427 -0.2639
vn 0.1971 0.9429 -0.2687
vn 0.2952 0.8967 -0.3299
vn 0.4812 0.7073 -0.5178
vn 0.2891 0.8553 -0.4299
vn 0.9510 -0.2646 0.1603
vn 0.6714 0.6482 0.3592
vn -0.6460 -0.7595 -0.0773
vn -0.9897 0.0310 -0.1398
vn 0.9280 0.2618 -0.2650
vn 0.0782 0.9967 0.0228
vn 0.7547 0.6559 -0.0124
vn 0.1838 0.4978 0.8476
vn 0.6495 0.6366 -0.4159
vn -0.2643 -0.9437 0.1990
vn 0.0134 0.8070 -0.5904
vn -0.2390 0.7643 -0.5989
vn 0.7611 0.4875 -0.4279
vn -0.3471 -0.8604 0.3733
vn -0.3452 -0.8594 0.3771
vn -0.3475 -0.8606 0.3724
vn 0.6760 0.7369 -0.0041
vn -0.1902 0.5956 -0.7804
vn -0.6001 0.7209 -0.3467
vn 0.7171 -0.2283 0.6585
vn 0.0332 0.9489 0.3140
vn 0.4992 0.6742 0.5443
vn -0.8556 0.4785 -0.1974
vn 0.6702 0.7272 0.1484
vn 0.1048 0.7922 -0.6012
vn 0.7703 0.5942 -0.2314
vn 0.5421 0.8305 0.1284
vn 0.5883 0.7293 -0.3493
vn 0.4877 0.1900 0.8521
vn -0.1232 0.8516 0.5095
vn 0.3355 0.8433 -0.4198
vn 0.4192 0.7019 0.5758
vn 0.4243 -0.1065 -0.8992
vn -0.1742 0.2570 -0.9506
vn 0.4658 -0.5138 -0.7205
vn 0.5059 0.8026 -0.3159
vn -0.7129 -0.6419 -0.2824
vn 0.9313 0.3426 0.1236
vn 0.0755 0.5144 0.8542
vn 0.8307 0.5559 0.0283
vn 0.6356 0.6551 0.4085
vn -0.0120 0.6991 0.7149
vn 0.4995 0.6443 -0.5791
vn 0.8631 0.5022 -0.0536
vn 0.7917 0.5983 0.1235
vn 0.3427 0.9066 0.2464
vn 0.6778 0.5766 0.4561
vn 0.6306 0.6429 -0.4348
vn 0.7475 0.5905 -0.3042
vn 0.7472 0.5908 -0.3042
vn 0.7400 0.5998 -0.3043
vn -0.0984 0.9724 -0.2114
vn 0.8734 0.4725 -0.1181
vn 0.7852 0.5451 -0.2937
vn 0.1288 0.6796 0.7222
vn 0.6940 -0.1042 -0.7124
vn 0.7756 0.3718 -0.5102
vn 0.0184 -0.6183 -0.7857
vn 0.6899 0.6327 0.3518
vn 0.5026 0.3445 0.7929
vn 0.7002 0.5350 0.4729
vn 0.8415 0.5348 -0.0767
vn 0.3481 0.8864 -0.3052
vn 0.3492 0.8862 -0.3044
vn 0.3598 0.8827 -0.3023
vn 0.6711 0.6551 0.3470
vn -0.4534 0.8268 -0.3330
vn 0.6418 0.2383 0.7289
vn 0.0349 0.7604 -0.6485
vn 0.7363 0.6604 -0.1471
vn 0.7362 0.6607 -0.1466
vn 0.7348 0.6629 -0.1439
vn 0.7693 0.5442 -0.3346
vn 0.2057 0.7566 0.6206
vn 0.6657 0.6224 -0.4117
vn 0.9414 0.3036 -0.1468
vn 0.8658 0.4996 -0.0296
vn 0.8657 0.4997 -0.0298
vn 0.8657 0.4996 -0.0297
vn 0.8567 0.4852 -0.1752
vn 0.0557 0.8075 0.5872
vn 0.4180 0.4861 0.7675
vn 0.8961 0.4343 -0.0919
vn 0.8565 0.5123 0.0629
vn 0.8565 0.5123 0.0634
vn 0.8570 0.5113 0.0643
vn 0.9125 0.4062 0.0474
vn 0.9125 0.4063 0.0470
vn 0.9125 0.4063 0.0472
vn 0.3522 0.6257 0.6960
vn 0.8550 0.5141 0.0691
vn 0.8531 0.5173 0.0680
vn 0.8463 0.5324 -0.0203
vn 0.9371 0.3364 -0.0931
vn 0.9072 0.4002 -0.1300
vn 0.8727 0.3629 0.3266
vn 0.9284 0.3392 -0.1515
vn 0.6332 0.4997 -0.5911
vn -0.7187 0.2775 -0.6375
vn -0.0854 0.9160 -0.3920
vn 0.9307 0.3373 -0.1418
vn 0.6399 0.5585 -0.5279
vn 0.6393 0.5590 -0.5280
vn 0.6322 0.5628 -0.5324
vn 0.6790 0.6199 -0.3933
vn 0.3858 0.8488 -0.3614
vn 0.5896 0.5517 -0.5899
vn 0.5747 0.6809 0.4541
vn 0.3851 0.4652 -0.7970
vn 0.1127 0.8880 -0.4458
vn 0.5947 0.6274 -0.5027
vn 0.5031 0.6910 -0.5191
vn 0.8165 0.4488 -0.3632
vn 0.4452 0.6628 0.6021
vn 0.5244 0.5429 -0.6559
vn 0.7886 0.5442 0.2865
vn 0.6063 0.5855 -0.5382
vn 0.4793 0.6753 -0.5606
vn 0.2945 0.6397 -0.7100
vn 0.5318 0.7916 -0.3010
vn 0.5317 0.7913 -0.3020
vn 0.5324 0.7942 -0.2928
vn 0.5551 -0.6814 -0.4770
vn 0.9551 -0.0890 0.2828
vn 0.6257 0.5165 -0.5846
vn -0.0081 0.6949 0.7191
vn 0.8063 0.5915 0.0038
vn 0.3494 0.7488 -0.5632
vn 0.4304 0.5338 -0.7279
vn 0.4292 0.5340 -0.7284
vn 0.4231 0.5349 -0.7313
vn 0.6899 -0.0754 -0.7199
vn -0.6300 0.5141 -0.5821
vn 0.5219 0.6207 -0.5851
vn 0.5219 0.6213 -0.5844
vn 0.5213 0.6162 -0.5904
vn -0.5833 -0.7972 -0.1559
vn -0.2164 0.4784 0.8510
vn 0.6072 0.4747 -0.6372
vn -0.2220 0.6966 -0.6823
vn -0.1333 -0.0016 -0.9911
vn -0.0541 0.7058 0.7064
vn 0.8839 0.2642 -0.3858
vn 0.0718 0.9041 -0.4213
vn 0.0665 0.9066 -0.4166
vn 0.0720 0.9036 -0.4222
vn 0.9170 0.3977 0.0300
vn 0.8255 0.4857 0.2877
vn 0.3170 0.9059 -0.2810
vn 0.5346 0.7639 -0.3615
vn 0.4747 0.7741 -0.4188
vn -0.5115 -0.8223 0.2492
vn 0.3350 0.9132 -0.2320
vn 0.7719 0.4881 -0.4074
vn 0.7267 0.4707 -0.5005
vn 0.8172 -0.5435 0.1918
vn 0.7888 0.6014 -0.1274
vn 0.0365 -0.8507 0.5244
vn 0.9516 0.0147 0.3071
vn 0.9025 -0.2406 -0.3573
vn -0.9218 -0.0718 0.3809
vn 0.8377 0.4543 -0.3030
vn 0.6305 0.5637 0.5335
vn 0.2767 -0.8350 0.4756
vn -0.8027 0.2185 0.5549
vn -0.6511 0.5602 -0.5121
vn 0.0332 0.9287 0.3694
vn -0.0941 0.9324 0.3490
vn -0.9238 0.3727 0.0871
vn -0.9237 0.3729 0.0876
vn -0.9237 0.3730 0.0878
vn 0.7300 -0.3719 0.5735
vn 0.7140 -0.6083 0.3467
vn 0.8045 0.5938 0.0136
vn 0.6497 -0.5540 0.5205
vn 0.6509 0.7591 -0.0142
vn 0.6805 0.5140 -0.5222
vn 0.6804 0.5144 -0.5220
vn 0.6806 0.5139 -0.5222
vn 0.7373 -0.4228 0.5269
vn 0.0808 0.9585 -0.2735
vn -0.7433 -0.2940 0.6009
vn 0.3416 -0.9398 -0.0034
vn -0.7159 -0.0220 -0.6979
vn -0.1612 -0.8457 0.5087
vn 0.1139 -0.8705 0.4788
vn 0.2523 -0.9411 0.2249
vn -0.0655 -0.5460 0.8352
vn -0.2244 -0.0867 -0.9706
vn 0.0240 -0.1782 0.9837
vn 0.0946 -0.4590 0.8834
vn 0.5368 0.8330 0.1340
vn -0.8849 0.4337 -0.1699
vn 0.6089 0.7870 -0.0997
vn 0.8383 -0.1187 0.5321
vn 0.7495 0.5307 -0.3956
vn 0.9513 -0.2269 0.2084
vn 0.1989 -0.1686 0.9654
vn 0.6922 -0.6792 0.2440
vn 0.6138 0.7791 0.1277
vn -0.7233 -0.4487 0.5250
vn 0.4452 -0.6106 -0.6549
vn 0.9391 0.1607 0.3038
vn 0.7062 0.6695 0.2301
vn 0.7136 0.6611 0.2317
vn 0.7067 0.6692 0.2297
vn 0.5735 0.6903 0.4412
vn 0.1109 0.3973 0.9110
vn 0.6076 0.7089 -0.3582
vn 0.6076 0.7083 -0.3593
vn 0.6103 0.7055 -0.3603
vn 0.7258 0.4644 0.5076
vn 0.0763 0.9918 -0.1028
vn 0.4561 -0.5259 0.7179
vn -0.3656 -0.4199 0.8307
vn -0.9189 0.3847 -0.0870
vn -0.6729 0.6762 -0.2999
vn -0.9824 0.1856 -0.0198
vn 0.8366 0.5456 -0.0494
vn 0.9776 0.1969 0.0747
vn -0.2695 0.7035 -0.6576
vn 0.1314 0.5650 -0.8145
vn 0.1327 0.5725 -0.8091
vn 0.1315 0.5664 -0.8135
vn 0.6903 0.5560 -0.4630
vn 0.8564 -0.4883 -0.1675
vn 0.9134 -0.3604 -0.1894
vn 0.9198 0.3883 -0.0560
vn 0.9198 0.3883 -0.0567
vn 0.9210 0.3869 -0.0459
vn 0.7821 -0.0845 -0.6174
vn 0.5710 -0.7583 -0.3146
vn 0.3020 0.9358 0.1818
vn -0.0954 0.7333 -0.6731
vn -0.1945 0.8445 -0.4991
vn -0.9261 0.3129 -0.2107
vn -0.7905 0.2297 -0.5677
vn -0.8400 0.4276 -0.3340
vn -0.5688 0.6965 -0.4375
vn 0.8659 0.2901 -0.4075
vn 0.8186 0.5522 0.1580
vn 0.9554 -0.2281 0.1877
vn 0.9555 -0.2278 0.1875
vn 0.9548 -0.2281 0.1908
vn -0.4248 -0.7570 0.4964
vn 0.7535 0.5530 -0.3555
vn -0.0326 0.6816 -0.7310
vn -0.2011 0.7825 -0.5893
vn -0.3450 -0.7682 0.5393
vn 0.0790 0.6382 -0.7658
vn -0.6693 0.7430 -0.0014
vn 0.3841 -0.8523 0.3551
vn -0.3194 0.8476 -0.4237
vn 0.4240 0.5034 -0.7529
vn -0.7040 0.7102 -0.0060
vn 0.4835 -0.1362 0.8647
vn 0.2029 0.9663 -0.1582
vn -0.2318 0.7651 -0.6008
vn 0.9439 0.0179 0.3296
vn 0.1438 -0.8252 0.5462
vn -0.8422 -0.4830 -0.2394
vn -0.9882 0.1433 0.0545
vn -0.9899 0.1150 0.0826
vn -0.9901 0.1118 0.0847
vn -0.9900 0.1146 0.0825
vn 0.3774 0.8387 -0.3927
vn 0.3776 0.8386 -0.3928
vn 0.3774 0.8387 -0.3926
vn -0.7160 -0.6746 0.1798
vn 0.7227 0.5685 -0.3930
vn 0.7230 0.5672 -0.3944
vn 0.7231 0.5671 -0.3943
vn 0.3614 -0.1543 -0.9196
vn -0.2212 -0.9751 -0.0141
vn 0.3835 0.7790 -0.4961
vn -0.3768 0.5482 -0.7467
vn -0.3755 0.5481 -0.7474
vn -0.3768 0.5504 -0.7451
vn -0.3722 -0.9249 -0.0780
vn -0.4005 0.7730 -0.4920
vn 0.0587 0.9725 -0.2254
vn -0.0057 0.0864 -0.9962
vn -0.9462 -0.2944 0.1344
vn -0.9463 -0.2944 0.1337
vn -0.9469 -0.2943 0.1294
vn 0.8208 -0.1361 0.5548
vn 0.5131 0.7819 -0.3541
vn 0.8776 -0.0063 0.4794
vn 0.5069 0.7834 0.3597
vn -0.2524 -0.9676 0.0061
vn 0.3015 0.0986 0.9484
vn -0.3927 0.9155 0.0874
vn 0.5126 -0.3527 0.7829
vn -0.6469 0.2099 0.7331
vn -0.6471 0.2099 0.7329
vn -0.6474 0.2098 0.7327
vn -0.1659 0.1901 0.9676
vn 0.3860 0.9010 -0.1979
vn -0.9330 0.3596 0.0113
vn 0.3063 -0.8644 -0.3986
vn 0.2859 0.0487 -0.9570
vn -0.2372 0.9223 -0.3051
vn 0.3995 -0.7974 -0.4522
vn -0.9120 -0.0693 0.4043
vn 0.3429 -0.4304 0.8350
vn 0.0918 -0.6736 0.7334
vn -0.8879 0.4596 -0.0212
vn -0.9453 0.3064 -0.1117
vn 0.5292 -0.5134 0.6755
vn 0.0720 0.9953 0.0642
vn 0.3167 -0.4737 -0.8218
vn 0.4558 0.7849 -0.4198
vn 0.4994 0.6183 -0.6070
vn -0.5045 0.6981 -0.5080
vn -0.9410 0.2233 0.2543
vn 0.2617 0.9227 -0.2832
vn 0.8864 -0.2447 -0.3930
vn 0.8512 -0.4131 -0.3239
vn 0.3994 0.9042 -0.1514
vn 0.8297 -0.4797 -0.2855
vn 0.8459 0.0989 0.5242
vn 0.5678 0.8225 0.0323
vn -0.6539 0.7501 0.0982
vn 0.6292 0.7721 -0.0889
vn 0.7949 0.4736 -0.3792
vn 0.7948 0.4748 -0.3779
vn 0.7943 0.4818 -0.3701
vn -0.6361 0.6418 0.4284
vn -0.6247 0.7064 -0.3327
vn -0.6298 0.7005 -0.3358
vn -0.6246 0.7061 -0.3336
vn -0.9570 0.2671 -0.1136
vn -0.9228 0.3679 -0.1145
vn -0.9229 0.3676 -0.1143
vn -0.9229 0.3677 -0.1144
vn -0.9178 0.3743 0.1325
vn -0.9877 0.1417 -0.0665
vn 0.9640 -0.1966 -0.1793
vn -0.9865 -0.0789 -0.1434
vn -0.9901 0.1114 0.0851
vn -0.9713 0.0631 0.2293
vn 0.5777 -0.6667 0.4709
vn 0.9710 0.1846 0.1519
vn -0.6604 0.7403 -0.1258
vn 0.3580 0.0537 -0.9322
vn 0.1671 0.2638 -0.9500
vn -0.6940 0.7092 -0.1242
vn -0.0779 0.5207 -0.8502
vn 0.0010 0.6807 -0.7326
vn -0.5619 0.5611 0.6078
vn -0.4341 0.6101 -0.6628
vn 0.1076 0.8950 -0.4329
vn 0.1388 0.8436 0.5187
vn -0.0881 0.9899 0.1108
vn -0.0936 0.9895 -0.1104
vn -0.2828 0.9548 -0.0917
vn -0.3366 0.9331 0.1265
vn 0.0542 0.9830 -0.1757
vn -0.0166 0.6372 -0.7705
vn -0.3437 0.8720 0.3485
vn -0.0853 0.9319 0.3526
vn 0.0687 0.9666 0.2471
vn 0.3700 0.9025 0.2206
vn 0.1826 0.9702 -0.1596
vn -0.0688 0.8497 0.5227
vn -0.0884 0.9045 0.4173
vn -0.0881 0.9034 0.4197
vn -0.0889 0.9066 0.4125
vn -0.3189 0.8596 0.3993
vn -0.3411 0.8705 0.3547
vn -0.8241 0.4735 0.3107
vn -0.6458 0.7592 0.0811
vn -0.6676 0.6955 -0.2658
vn -0.6679 0.6951 -0.2661
vn -0.6675 0.6956 -0.2657
vn -0.7334 0.4433 0.5153
vn -0.8982 0.4276 0.1017
vn -0.8526 0.4397 0.2823
vn -0.7197 0.6371 0.2759
vn -0.6095 0.6793 0.4088
vn -0.6260 0.6090 0.4870
vn -0.6861 0.5396 0.4879
vn -0.7030 0.5587 0.4402
vn -0.4125 0.6555 0.6326
vn -0.5193 0.7815 0.3459
vn -0.5167 0.7777 0.3582
vn -0.5174 0.7757 0.3615
vn -0.5164 0.7785 0.3568
vn -0.6477 0.6927 0.3171
vn -0.6468 0.6949 0.3144
vn -0.6480 0.6928 0.3165
vn -0.7455 0.5682 0.3484
vn -0.7158 0.6302 0.3009
vn -0.7171 0.6310 0.2958
vn -0.7174 0.6310 0.2952
vn -0.8494 0.4265 0.3107
vn -0.7928 0.5897 0.1541
vn -0.7928 0.5897 0.1540
vn -0.7925 0.5901 0.1537
vn -0.7798 0.5625 0.2747
vn -0.7810 0.5733 0.2476
vn -0.7811 0.5732 0.2476
vn -0.7808 0.5739 0.2469
vn -0.7480 0.5986 0.2866
vn -0.7332 0.6456 0.2137
vn -0.7288 0.6488 0.2190
vn -0.7326 0.6462 0.2138
vn -0.6666 0.6301 0.3982
vn -0.6687 0.6613 0.3399
vn -0.7216 0.6096 0.3281
vn -0.7044 0.6118 0.3599
vn -0.4470 0.5964 0.6667
vn -0.4239 0.8388 0.3417
vn -0.1165 0.1334 -0.9842
vn 0.1157 -0.1656 -0.9794
vn -0.2606 0.7137 0.6502
vn -0.0574 0.9382 0.3413
vn 0.2741 -0.1807 -0.9446
vn -0.4749 0.6685 0.5723
vn -0.1270 0.4746 -0.8710
vn -0.1223 0.4756 -0.8711
vn -0.1209 0.4759 -0.8712
vn 0.0685 -0.2040 -0.9766
vn -0.0111 -0.0970 -0.9952
vn -0.1593 0.4569 -0.8751
vn -0.1635 0.4573 -0.8742
vn -0.1644 0.4576 -0.8738
vn -0.1963 -0.0821 -0.9771
vn -0.2124 0.4472 -0.8688
vn -0.2142 0.4457 -0.8692
vn -0.2119 0.4476 -0.8688
vn -0.2455 0.2942 -0.9237
vn -0.2299 0.4487 -0.8636
vn 0.3095 -0.2608 0.9144
vn -0.5693 -0.7762 0.2709
vn -0.6316 0.7460 -0.2111
vn -0.6316 0.7461 -0.2108
vn -0.6317 0.7460 -0.2107
vn -0.7244 0.6490 -0.2326
vn -0.6582 0.6120 -0.4385
vn -0.6538 0.6131 -0.4435
vn -0.6531 0.6137 -0.4436
vn -0.6684 0.7147 -0.2060
vn 0.5137 0.3222 0.7951
vn 0.4086 0.2961 0.8633
vn 0.0970 0.5673 0.8178
vn 0.0970 0.5672 0.8178
vn 0.0971 0.5677 0.8175
vn 0.1251 0.6397 0.7583
vn -0.9112 0.4111 -0.0249
vn -0.9093 0.4157 -0.0182
vn -0.9116 0.4103 -0.0259
vn -0.7051 0.4761 -0.5254
vn -0.7052 0.4734 -0.5279
vn -0.7042 0.4771 -0.5258
vn -0.7885 0.5730 -0.2235
vn 0.0337 0.1355 -0.9902
vn -0.0590 0.2996 -0.9522
vn -0.0584 0.3000 -0.9522
vn -0.7031 0.6020 -0.3786
vn 0.0236 0.5843 -0.8112
vn 0.3583 0.0734 -0.9307
vn 0.3973 -0.0073 -0.9176
vn 0.0260 0.5919 -0.8056
vn -0.0567 0.4952 -0.8669
vn 0.0147 0.3213 -0.9469
vn 0.0940 0.2162 -0.9718
vn -0.0565 0.4445 -0.8940
vn -0.1025 0.4455 -0.8894
vn 0.0276 0.7454 -0.6660
vn 0.1674 0.9853 0.0347
vn 0.3254 0.9335 -0.1508
vn 0.1997 0.8120 -0.5485
vn 0.0846 0.8646 -0.4953
vn 0.4682 0.5918 0.6561
vn 0.3182 0.7088 0.6296
vn 0.1780 0.9206 0.3477
vn 0.1613 0.7930 0.5874
vn -0.8397 0.5208 0.1538
vn -0.8757 0.4829 0.0044
vn -0.7538 0.6562 0.0350
vn -0.7851 0.6099 0.1084
vn -0.7799 0.5988 0.1824
vn -0.6158 0.7726 0.1545
vn -0.7700 0.6240 0.1332
vn -0.7233 0.6663 0.1813
vn -0.7228 0.6671 0.1803
vn -0.7220 0.6704 0.1712
vn -0.6910 0.6998 -0.1810
vn -0.4198 0.8240 -0.3805
vn -0.4659 0.8785 -0.1054
vn -0.6182 0.7735 -0.1395
vn -0.8382 0.4975 0.2234
vn -0.6820 0.5427 0.4902
vn -0.7616 0.4538 0.4627
vn -0.8086 0.5592 0.1826
vn -0.8180 0.5741 0.0352
vn -0.8530 0.5083 0.1185
vn -0.8246 0.5618 -0.0666
vn -0.7655 0.6404 -0.0625
vn 0.0101 0.8481 0.5297
vn 0.5330 0.5354 0.6551
vn -0.1198 0.3780 0.9180
vn -0.2857 0.7413 0.6074
vn 0.4973 -0.0204 0.8673
vn 0.5073 -0.1882 0.8410
vn -0.7744 0.6150 0.1488
vn -0.2157 0.4142 0.8843
vn 0.4878 -0.2180 0.8453
vn 0.4419 0.0433 0.8960
vn -0.5616 0.8267 0.0348
vn -0.6975 0.7120 -0.0813
vn 0.0687 0.5959 0.8001
vn -0.1368 0.3126 0.9400
vn -0.4134 0.4033 0.8163
vn -0.4260 0.4108 0.8061
vn 0.1114 0.5281 0.8418
vn -0.1022 0.6098 0.7859
vn -0.1575 0.3128 0.9367
vn -0.2642 0.3407 0.9023
vn -0.2435 0.3428 0.9073
vn -0.0246 0.2673 0.9633
vn -0.4263 -0.8978 -0.1106
vn 0.3547 -0.2277 0.9068
vn 0.4542 -0.1617 0.8761
vn 0.4541 -0.1597 0.8765
vn 0.4539 -0.1626 0.8761
vn -0.0266 0.3924 0.9194
vn -0.0313 0.3892 0.9206
vn -0.0254 0.3934 0.9190
vn -0.0515 0.3681 0.9284
vn -0.0545 0.3671 0.9286
vn -0.0505 0.3681 0.9284
vn -0.5867 -0.7080 -0.3931
vn -0.5933 -0.7549 0.2793
vn -0.3210 0.3539 0.8785
vn -0.3204 0.3535 0.8789
vn -0.3183 0.3520 0.8802
vn -0.1332 0.4879 0.8627
vn -0.3242 0.6264 0.7088
vn -0.4876 0.2850 0.8252
vn 0.1618 0.9868 -0.0082
vn 0.3110 0.9477 -0.0714
vn 0.3107 0.9478 -0.0724
vn 0.3158 0.9468 -0.0617
vn -0.1173 0.6955 0.7088
vn 0.3675 0.9299 0.0128
vn 0.2940 0.9385 0.1811
vn 0.0848 0.6862 0.7224
vn -0.0114 0.1758 0.9844
vn -0.0821 0.9938 0.0746
vn 0.4567 0.8146 -0.3575
vn 0.3874 0.8920 -0.2327
vn 0.0975 0.8879 -0.4495
vn 0.0781 0.8672 -0.4917
vn 0.0830 0.6383 -0.7653
vn 0.1583 0.9542 -0.2538
vn 0.1194 0.9776 0.1735
vn -0.0524 0.3943 -0.9175
vn -0.1238 0.6023 -0.7886
vn -0.0901 0.8591 -0.5038
vn 0.2584 0.9083 0.3290
vn -0.5646 0.3983 0.7229
vn -0.1130 0.4292 -0.8961
vn 0.0981 0.9435 -0.3164
vn -0.2257 0.5413 -0.8100
vn -0.3585 0.5222 -0.7738
vn -0.2701 0.4520 -0.8502
vn -0.2480 0.3261 -0.9122
vn 0.1449 0.9654 -0.2169
vn 0.3060 0.8712 -0.3838
vn 0.3086 0.8734 -0.3766
vn 0.3099 0.8726 -0.3776
vn 0.3290 0.9037 -0.2741
vn 0.3511 0.8518 -0.3889
vn 0.3505 0.8514 -0.3902
vn 0.3512 0.8532 -0.3855
vn 0.5707 0.7249 -0.3859
vn 0.4946 0.8482 -0.1896
vn 0.4955 0.8483 -0.1869
vn 0.4949 0.8488 -0.1862
vn 0.0691 0.9701 -0.2325
vn 0.1371 0.9782 -0.1558
vn 0.2854 0.9559 -0.0697
vn -0.1270 0.9887 -0.0792
vn 0.0413 0.9172 0.3962
vn 0.0412 0.9229 0.3828
vn -0.0090 0.9572 -0.2893
vn -0.0119 0.9594 -0.2817
vn -0.0116 0.9590 -0.2833
vn 0.1599 0.9733 0.1649
vn 0.1965 0.9795 0.0437
vn 0.1965 0.9795 0.0436
vn 0.1966 0.9795 0.0438
vn 0.0307 0.9664 -0.2550
vn -0.2013 0.7616 0.6160
vn -0.2504 0.8689 0.4269
vn -0.2224 0.9464 0.2343
vn -0.1724 0.9277 0.3312
vn -0.6046 0.7701 -0.2034
vn -0.6043 0.7720 -0.1974
vn -0.6042 0.7723 -0.1961
vn 0.0667 0.5938 -0.8018
vn -0.7454 0.6579 0.1073
vn -0.7436 0.6597 0.1087
vn -0.7437 0.6596 0.1086
vn -0.6957 0.7128 -0.0891
vn -0.6913 0.7167 -0.0917
vn -0.6964 0.7120 -0.0897
vn -0.6503 0.7592 -0.0245
vn -0.6987 0.6993 0.1511
vn -0.6833 0.6928 0.2306
vn -0.6555 0.7546 0.0284
vn -0.5700 0.8160 0.0967
vn -0.6452 0.6930 0.3216
vn -0.4380 0.7317 0.5222
vn -0.4365 0.7308 0.5248
vn -0.4361 0.7304 0.5257
vn -0.3469 0.8102 0.4725
vn -0.6705 0.7309 0.1272
vn -0.6680 0.7329 0.1287
vn -0.6736 0.7285 0.1249
vn -0.5876 0.7992 0.1266
vn -0.5797 0.7713 0.2628
vn -0.6616 0.7338 0.1544
vn -0.2083 0.9774 0.0353
vn -0.6472 0.7497 0.1385
vn -0.5947 0.6056 0.5288
vn -0.1092 0.9761 0.1877
vn -0.2369 0.9594 -0.1528
vn -0.2370 0.9591 -0.1547
vn -0.2371 0.9593 -0.1535
vn -0.4606 0.8046 -0.3748
vn -0.5201 0.7653 -0.3792
vn 0.0558 0.9312 0.3603
vn -0.0954 0.9944 0.0462
vn -0.1525 0.9607 -0.2319
vn -0.1999 0.9572 -0.2093
vn -0.4507 0.6116 -0.6502
vn 0.1034 0.9789 -0.1763
vn 0.1034 0.9790 -0.1758
vn 0.1032 0.9789 -0.1764
vn -0.6179 -0.7090 0.3397
vn -0.5756 -0.7824 0.2377
vn -0.4823 0.7716 0.4147
vn -0.4753 0.7775 0.4119
vn -0.4813 0.7709 0.4172
vn -0.7112 0.7029 -0.0099
vn -0.6343 0.7693 0.0761
vn -0.5840 0.7122 0.3895
vn -0.5740 0.7087 0.4102
vn -0.5869 0.7241 0.3621
vn -0.5871 0.7249 0.3602
vn -0.5857 0.7231 0.3662
vn -0.5470 0.7822 0.2982
vn -0.5854 0.7229 0.3670
vn -0.5855 0.7229 0.3670
vn -0.6315 0.6367 0.4425
vn -0.6302 0.6369 0.4440
vn -0.6310 0.6393 0.4395
vn -0.7318 0.6384 0.2385
vn -0.6175 0.6840 0.3884
vn -0.6181 0.6838 0.3878
vn -0.6176 0.6828 0.3903
vn -0.6177 0.6526 0.4388
vn -0.6190 0.6521 0.4377
vn -0.6170 0.6477 0.4469
vn -0.3439 0.4586 0.8194
vn -0.3400 0.5400 0.7699
vn -0.0773 0.6132 0.7861
vn -0.0760 0.6334 0.7701
vn -0.4071 0.5351 0.7402
vn -0.4092 0.6269 0.6630
vn 0.3305 0.8776 -0.3472
vn 0.4035 0.8331 -0.3782
vn 0.1673 0.9519 -0.2566
vn 0.1729 0.8931 -0.4154
vn 0.4398 0.8930 -0.0951
vn -0.5921 -0.4941 -0.6366
vn -0.3220 0.8180 -0.4766
vn -0.5558 0.6839 -0.4727
vn -0.3788 0.9096 0.1704
vn -0.4753 0.8334 0.2821
vn -0.4761 0.8332 0.2812
vn -0.4768 0.8332 0.2802
vn -0.5344 0.8274 0.1725
vn -0.7056 0.7082 -0.0255
vn -0.7056 0.7081 -0.0269
vn -0.7054 0.7084 -0.0250
vn -0.5594 0.7637 0.3222
vn -0.5688 0.7136 0.4089
vn -0.7814 0.6239 0.0117
vn -0.6080 0.6649 0.4338
vn -0.6085 0.6647 0.4335
vn -0.6085 0.6648 0.4334
vn -0.8082 0.5518 0.2056
vn -0.8110 0.5847 0.0222
vn -0.8112 0.5845 0.0210
vn -0.8101 0.5858 0.0261
vn 0.0457 0.8759 0.4803
vn -0.1205 0.9401 0.3189
vn 0.1798 0.9295 0.3219
vn 0.0399 0.7519 0.6581
vn 0.0106 0.6832 0.7302
vn -0.6143 -0.7395 -0.2753
vn -0.6676 0.6310 -0.3951
vn -0.6681 0.6310 -0.3942
vn -0.6679 0.6312 -0.3943
vn -0.4686 0.7550 0.4587
vn -0.2282 0.7464 0.6251
vn -0.0818 0.7841 0.6153
vn -0.0926 0.7837 0.6142
vn -0.0876 0.7826 0.6164
vn -0.2502 0.8646 0.4357
vn -0.5549 0.6707 0.4922
vn -0.6182 0.6443 0.4503
vn -0.5944 0.6887 0.4151
vn -0.5330 0.7291 0.4293
vn -0.6238 0.6319 0.4599
vn -0.6000 0.6614 0.4501
vn -0.6201 0.6553 0.4314
vn 0.4461 0.8948 -0.0169
vn -0.6208 0.7406 0.2573
vn 0.8014 0.1594 0.5764
vn 0.8979 0.2652 -0.3512
vn -0.0350 0.6621 -0.7486
vn -0.8452 -0.4399 -0.3036
vn -0.3006 -0.7914 0.5324
vn 0.9782 -0.1748 -0.1122
vn -0.2363 0.9634 0.1263
vn 0.2978 -0.9467 -0.1225
vn -0.9558 -0.2882 0.0574
vn -0.9891 0.1470 -0.0068
vn 0.8858 0.4637 0.0157
vn -0.9286 -0.2240 0.2960
vn 0.7324 -0.3440 -0.5876
vn -0.6185 -0.7616 -0.1935
vn 0.4719 -0.7929 -0.3856
vn 0.4645 0.7908 0.3986
vn -0.6138 0.7761 0.1443
vn -0.6166 0.7746 0.1406
vn -0.6130 0.7766 0.1453
vn 0.9575 -0.0808 -0.2768
vn 0.4658 -0.8749 0.1324
vn -0.2179 -0.5630 0.7972
vn 0.4125 0.8942 0.1741
vn -0.7854 -0.1438 0.6020
vn 0.3003 -0.9040 -0.3045
vn -0.4177 0.6147 -0.6691
vn -0.8969 -0.2015 -0.3938
vn -0.6080 0.6169 -0.4997
vn 0.3312 0.2793 0.9013
vn 0.2970 0.5456 0.7837
vn 0.7403 0.2456 0.6258
vn 0.6085 -0.3017 0.7339
vn 0.5995 -0.2994 0.7422
vn 0.5985 -0.3008 0.7425
vn 0.5415 0.3214 -0.7768
vn -0.3967 0.7887 -0.4697
vn -0.4271 -0.5243 0.7367
vn -0.7934 0.4907 0.3603
vn 0.1515 0.7736 0.6154
vn 0.6839 0.5043 0.5272
vn 0.7442 0.4027 0.5330
vn 0.2966 0.6406 0.7083
vn -0.9374 0.1664 -0.3060
vn -0.9186 0.1425 -0.3687
vn 0.6266 -0.7792 0.0182
vn -0.9368 0.2294 0.2642
vn 0.5476 -0.8359 -0.0379
vn 0.3853 -0.4114 0.8260
vn 0.6354 -0.5190 -0.5718
vn 0.6334 -0.5221 -0.5711
vn 0.6309 -0.5258 -0.5706
vn 0.1486 -0.8233 0.5478
vn -0.8459 -0.4972 -0.1932
vn 0.3803 0.8047 0.4559
vn -0.7316 0.6034 0.3173
vn -0.9400 0.3182 0.1234
vn 0.6000 -0.7900 0.1262
vn 0.6381 -0.7330 0.2358
vn 0.7603 -0.6377 0.1232
vn 0.6557 -0.7475 0.1058
vn 0.6628 -0.7408 0.1089
vn 0.6642 -0.7395 0.1093
vn -0.1450 0.6383 -0.7560
vn -0.5246 0.6312 -0.5713
vn -0.5548 0.7154 -0.4247
vn -0.0233 0.7805 -0.6247
vn -0.0182 0.7794 -0.6263
vn -0.0165 0.7792 -0.6265
vn 0.6116 0.6668 -0.4257
vn 0.9085 -0.3363 0.2479
vn 0.5238 -0.6145 0.5899
vn 0.2701 -0.6983 0.6629
vn 0.2712 -0.7043 0.6560
vn 0.2731 -0.6977 0.6623
vn 0.4515 -0.3410 0.8245
vn -0.1138 -0.6274 0.7704
vn 0.2173 -0.1259 -0.9680
vn 0.2532 -0.9290 -0.2698
vn -0.6804 0.6036 -0.4156
vn 0.2908 -0.7455 0.5997
vn -0.6577 0.7503 0.0679
vn -0.0723 -0.9726 -0.2208
vn -0.9979 0.0118 -0.0639
vn 0.7544 0.5727 -0.3207
vn -0.6027 -0.7771 0.1811
vn -0.9112 0.3987 0.1036
vn -0.9164 -0.0923 0.3895
vn 0.0881 -0.9204 0.3809
vn 0.0028 -0.0850 -0.9964
vn -0.2797 -0.8854 0.3712
vn -0.0394 -0.9862 0.1610
vn -0.3551 0.8597 -0.3671
vn 0.3859 -0.8858 0.2577
vn 0.3548 0.9311 0.0850
vn -0.0105 -0.6647 0.7470
vn -0.3869 -0.9210 0.0461
vn 0.1754 0.0069 -0.9845
vn -0.9825 0.1599 -0.0954
vn -0.6786 -0.7236 -0.1261
vn 0.7205 -0.0840 -0.6884
vn -0.9041 -0.2034 0.3757
vn 0.1252 0.4839 -0.8661
vn 0.1222 0.4841 -0.8665
vn 0.1265 0.4837 -0.8660
vn 0.4753 0.0347 0.8792
vn -0.8411 0.5407 0.0150
vn -0.7246 0.6699 -0.1620
vn -0.6296 0.6662 0.3997
vn -0.4465 0.7386 -0.5051
vn 0.0427 0.4064 -0.9127
vn 0.0433 0.4076 -0.9121
vn 0.0442 0.4050 -0.9132
vn 0.8187 -0.1740 0.5472
vn 0.3651 0.0163 -0.9308
vn 0.8662 0.4641 -0.1853
vn 0.8666 0.4633 -0.1853
vn 0.8665 0.4635 -0.1855
vn 0.6527 -0.7496 -0.1099
vn 0.6524 -0.7498 -0.1099
vn 0.6530 -0.7494 -0.1098
vn 0.9534 -0.1992 0.2267
vn 0.8704 0.4897 -0.0510
vn -0.4412 -0.1564 -0.8837
vn -0.7901 0.5617 -0.2454
vn 0.6343 0.7002 -0.3276
vn -0.5871 -0.6445 0.4898
vn -0.1677 -0.9555 0.2427
vn -0.9279 0.3728 -0.0015
vn 0.8523 0.4902 -0.1826
vn 0.4106 0.7629 0.4995
vn 0.0833 -0.9555 0.2829
vn 0.3184 -0.9479 0.0086
vn 0.2945 -0.9554 -0.0234
vn 0.2573 -0.9663 0.0120
vn 0.4030 -0.7100 0.5775
vn 0.2255 -0.4925 0.8406
vn 0.3178 -0.2839 0.9046
vn 0.5143 -0.3628 0.7771
vn 0.5073 -0.3649 0.7807
vn 0.5059 -0.3653 0.7814
vn -0.0848 0.4880 0.8687
vn -0.4819 -0.8443 0.2341
vn -0.9860 -0.1659 -0.0180
vn 0.4365 -0.8450 0.3088
vn -0.0504 -0.8859 0.4612
vn -0.0992 -0.9771 0.1882
vn -0.2271 -0.8806 0.4159
vn -0.2354 -0.8785 0.4157
vn -0.2361 -0.8779 0.4165
vn -0.7491 -0.4656 0.4711
vn 0.1181 -0.7646 0.6336
vn -0.2310 -0.8774 0.4205
vn 0.3894 0.9202 -0.0396
vn 0.5402 0.7160 0.4421
vn 0.8360 0.2470 0.4901
vn -0.7100 0.6215 -0.3311
vn 0.8860 0.3437 -0.3113
vn -0.5542 -0.7114 -0.4322
vn 0.2501 0.7193 -0.6481
vn 0.4732 0.8367 0.2757
vn 0.5665 0.8230 -0.0424
vn 0.8558 0.5142 -0.0567
vn 0.3894 0.9207 0.0258
vn -0.0689 0.8741 -0.4808
vn -0.7925 0.5780 0.1943
vn -0.7962 0.5736 0.1924
vn -0.7920 0.5790 0.1936
vn -0.8045 0.5900 -0.0683
vn -0.4111 -0.8542 0.3183
vn 0.1239 0.6774 -0.7251
vn 0.9318 0.3225 -0.1665
vn -0.6802 0.6741 0.2881
vn 0.1341 -0.9377 0.3204
vn -0.3739 0.7307 -0.5712
vn -0.4880 0.7006 -0.5206
vn -0.7420 0.6163 -0.2640
vn -0.8399 0.4920 -0.2289
vn -0.9396 0.2243 -0.2586
vn -0.7945 0.4220 -0.4368
vn -0.9687 -0.2038 0.1420
vn -0.9681 -0.2075 0.1402
vn -0.9682 -0.2061 0.1417
vn 0.7654 -0.5943 0.2471
vn 0.7691 -0.5880 0.2505
vn 0.7673 -0.5909 0.2491
vn -0.4449 0.8012 -0.4002
vn -0.6410 -0.4789 0.5998
vn 0.3316 -0.9397 -0.0843
vn 0.1843 0.9349 -0.3032
vn -0.1948 0.9665 -0.1675
vn 0.0764 0.9141 -0.3981
vn -0.6823 -0.6284 0.3737
vn -0.1230 0.9740 -0.1904
vn 0.2440 0.7915 -0.5603
vn 0.9714 0.2373 -0.0082
vn 0.6251 0.2477 0.7402
vn 0.1878 0.8866 0.4227
vn -0.6381 0.6223 -0.4535
vn 0.1134 0.6167 -0.7790
vn 0.0164 0.7868 -0.6170
vn -0.2396 0.7585 -0.6061
vn -0.0694 0.6441 -0.7618
vn -0.2241 0.9177 -0.3280
vn 0.1159 0.9728 -0.2008
vn -0.1279 0.9911 0.0380
vn -0.5615 0.8208 -0.1055
vn -0.8345 0.3308 -0.4407
vn -0.0606 -0.7210 0.6903
vn 0.6327 0.4615 0.6219
vn -0.8711 0.0921 0.4824
vn -0.7594 0.2846 0.5850
vn -0.5437 0.0580 0.8373
vn -0.7698 -0.0670 0.6348
vn 0.2194 -0.9697 0.1079
vn -0.2849 -0.6785 -0.6771
vn 0.9806 0.1787 0.0801
vn 0.5248 0.8464 0.0899
vn -0.9352 0.0807 -0.3449
vn -0.6153 -0.7860 0.0597
vn 0.4480 -0.7158 0.5357
vn 0.1172 0.5393 -0.8339
vn 0.5521 0.7597 0.3436
vn 0.4885 0.8550 -0.1740
vn -0.9243 0.3394 -0.1748
vn -0.7844 0.6154 -0.0768
vn -0.7954 0.4997 -0.3431
vn 0.7008 0.7064 0.0994
vn -0.9005 0.3851 0.2019
vn 0.2905 -0.9269 0.2379
vn 0.2901 -0.9269 0.2381
vn 0.2898 -0.9269 0.2385
vn 0.0574 0.7264 -0.6848
vn 0.1810 0.8953 -0.4070
vn 0.1882 0.8908 -0.4135
vn 0.1803 0.8953 -0.4072
vn -0.9366 0.0430 0.3478
vn -0.6423 0.7623 -0.0796
vn -0.6225 0.7652 0.1644
vn -0.4827 0.8157 0.3189
vn -0.6299 0.6821 0.3714
vn -0.6357 0.7644 0.1077
vn -0.6375 0.7624 0.1114
vn -0.6369 0.7623 0.1148
vn 0.8893 -0.1802 0.4204
vn -0.9858 0.1662 0.0229
vn 0.0115 -0.9003 -0.4350
vn -0.7167 -0.1828 0.6730
vn -0.7214 -0.1786 0.6691
vn -0.7229 -0.1770 0.6678
vn 0.9518 0.2801 0.1247
vn 0.9258 -0.3655 -0.0965
vn -0.9629 -0.2299 0.1409
vn 0.3406 0.3197 -0.8842
vn 0.2746 -0.6371 0.7202
vn -0.0802 -0.7504 -0.6561
vn 0.4918 0.7187 0.4915
vn 0.9353 0.3216 0.1475
vn 0.3713 -0.7173 0.5896
vn 0.3773 -0.7146 0.5891
vn 0.3718 -0.7221 0.5834
vn 0.6290 0.7662 0.1312
vn 0.1639 0.8811 0.4436
vn -0.0997 0.9944 0.0354
vn -0.0946 0.9951 0.0303
vn -0.0939 0.9951 0.0296
vn -0.8916 -0.2369 0.3860
vn -0.6218 0.7191 0.3104
vn -0.7106 0.6927 0.1238
vn -0.1784 -0.8702 0.4592
vn -0.9410 0.0880 0.3267
vn -0.6478 -0.7370 -0.1929
vn -0.3185 -0.9323 0.1715
vn 0.2150 0.9667 -0.1390
vn 0.3825 -0.8396 0.3857
vn -0.8427 0.5341 -0.0681
vn 0.9837 0.1796 0.0116
vn -0.5508 -0.6218 0.5567
vn -0.6496 -0.2779 0.7077
vn -0.9371 0.2095 -0.2794
vn -0.1850 -0.9814 0.0521
vn -0.6682 -0.2330 -0.7065
vn 0.4348 0.8771 -0.2040
vn -0.6256 0.5162 0.5850
vn -0.9398 -0.1105 -0.3234
vn -0.4479 0.7247 -0.5237
vn 0.4901 0.7214 0.4894
vn -0.0149 0.2367 -0.9715
vn -0.7801 0.5999 -0.1776
vn 0.9930 0.0847 -0.0828
vn -0.5224 0.1218 -0.8440
vn 0.1891 0.8757 0.4442
vn -0.6167 -0.4732 -0.6291
vn -0.9874 -0.1581 0.0105
vn -0.9858 0.0057 -0.1681
vn -0.4374 -0.7220 0.5361
vn -0.7535 -0.6530 0.0767
vn -0.7310 0.6430 -0.2284
vn 0.2612 0.8596 0.4391
vn -0.9723 0.2235 0.0676
vn 0.5169 0.8523 -0.0800
vn -0.2600 0.0953 -0.9609
vn -0.5977 -0.8009 -0.0352
vn -0.7806 0.4875 0.3912
vn 0.0497 0.5686 -0.8211
vn 0.2169 0.4127 -0.8847
vn -0.3545 0.2238 -0.9079
vn -0.5453 0.8112 -0.2111
vn -0.8492 -0.3997 0.3451
vn -0.8491 -0.4000 0.3451
vn -0.8490 -0.4007 0.3444
vn -0.9903 0.1085 0.0873
vn -0.7690 0.5733 -0.2827
vn -0.8479 0.4726 -0.2403
vn -0.9687 0.2434 -0.0494
vn -0.8798 0.2435 0.4083
vn -0.6556 0.7476 0.1062
vn -0.8827 0.4640 -0.0743
vn 0.6879 0.6891 0.2280
vn -0.3704 -0.9179 0.1425
vn -0.4046 -0.8835 0.2361
vn -0.3935 0.7976 0.4572
vn 0.8748 -0.1274 0.4675
vn 0.3873 -0.6323 -0.6710
vn 0.0411 0.8027 -0.5949
vn -0.6685 -0.7417 0.0550
vn -0.9757 -0.1983 -0.0937
vn 0.0552 0.8039 0.5921
vn -0.9896 0.1284 0.0651
vn -0.2477 0.8034 -0.5415
vn 0.7686 0.6391 -0.0274
vn 0.7688 0.6389 -0.0274
vn 0.7689 0.6388 -0.0274
vn -0.9958 -0.0284 0.0874
vn -0.4525 -0.8916 0.0182
vn -0.3809 -0.9246 -0.0003
vn -0.5036 0.8150 -0.2865
vn -0.5027 0.8159 -0.2858
vn -0.5031 0.8156 -0.2860
vn 0.4167 0.8954 -0.1566
vn -0.1042 -0.6507 0.7522
vn -0.4440 -0.8795 -0.1712
vn -0.4101 0.9094 -0.0687
vn -0.5978 0.2756 0.7528
vn -0.6938 0.6550 -0.2992
vn -0.9127 0.3989 -0.0887
vn -0.9945 0.0656 0.0819
vn -0.5977 0.5482 0.5850
vn -0.5910 0.5542 0.5862
vn -0.5914 0.5539 0.5860
vn -0.1039 0.3185 0.9422
vn -0.0125 0.9873 -0.1582
vn -0.9635 0.1617 -0.2132
vn -0.9635 0.1572 -0.2166
vn -0.9636 0.1623 -0.2124
vn 0.9798 0.1994 0.0180
vn 0.8719 -0.4710 -0.1338
vn -0.5445 0.2975 -0.7843
vn -0.8449 0.1946 -0.4983
vn -0.4065 -0.9048 0.1270
vn -0.3092 -0.9253 0.2196
vn -0.2604 -0.9586 0.1153
vn -0.1270 -0.9659 0.2255
vn -0.1209 -0.9675 0.2220
vn -0.1286 -0.9654 0.2268
vn 0.6232 0.1593 -0.7656
vn 0.6974 0.3887 0.6021
vn 0.1325 0.8080 0.5741
vn -0.0232 0.9739 0.2259
vn 0.7351 0.5493 -0.3974
vn 0.1626 -0.9080 0.3861
vn -0.7210 -0.6927 0.0193
vn -0.0175 0.9773 -0.2110
vn -0.3283 -0.9390 0.1020
vn -0.1834 -0.9771 0.1076
vn -0.4996 -0.8652 0.0426
vn -0.4565 -0.8834 0.1064
vn -0.2694 -0.9626 0.0289
vn 0.9421 0.3267 0.0753
vn -0.6735 -0.7080 0.2123
vn -0.4325 0.8098 -0.3964
vn -0.7220 -0.5872 -0.3660
vn -0.7223 -0.5870 -0.3656
vn -0.7226 -0.5846 -0.3689
vn 0.6793 -0.4462 0.5827
vn 0.2655 -0.9357 0.2324
vn -0.0623 -0.9546 0.2913
vn 0.4501 0.5222 0.7244
vn 0.4508 0.5217 0.7243
vn 0.4501 0.5223 0.7243
vn -0.9443 0.1838 0.2731
vn -0.6471 0.2107 -0.7327
vn -0.5155 0.3313 -0.7903
vn -0.2520 0.5379 -0.8044
vn -0.4415 0.2176 -0.8705
vn -0.1322 0.5136 -0.8478
vn -0.5367 0.1648 -0.8275
vn -0.3591 0.0031 -0.9333
vn 0.0271 0.4249 -0.9048
vn 0.0180 0.4209 -0.9069
vn 0.0174 0.4195 -0.9076
vn 0.8567 0.0679 -0.5113
vn 0.0642 0.5043 -0.8611
vn -0.0835 0.3846 -0.9193
vn -0.4146 0.2263 -0.8814
vn -0.1839 0.5487 -0.8155
vn 0.8811 0.4574 -0.1206
vn 0.4610 -0.2876 -0.8395
vn -0.1108 0.9925 -0.0521
vn 0.0207 0.5075 -0.8614
vn 0.0184 0.5089 -0.8606
vn 0.0180 0.5090 -0.8606
vn -0.1051 -0.0997 0.9894
vn 0.7563 0.6513 -0.0624
vn -0.9472 0.0787 0.3109
vn -0.9486 0.0828 0.3056
vn -0.9491 0.0846 0.3035
vn 0.8945 0.4362 0.0977
vn -0.4708 0.7891 0.3945
vn -0.4711 0.7890 0.3945
vn -0.4707 0.7892 0.3945
vn -0.7850 0.4132 0.4616
vn -0.0514 0.9934 0.1029
vn -0.9872 0.1269 0.0971
vn -0.8380 0.5011 0.2160
vn -0.8255 0.5600 0.0697
vn -0.6644 0.7456 -0.0508
vn 0.7070 -0.5529 0.4409
vn 0.8928 0.3662 0.2621
vn -0.9844 0.1569 -0.0795
vn -0.9371 0.3270 -0.1221
vn -0.9365 0.3096 -0.1648
vn 0.7232 -0.6133 0.3174
vn 0.7232 -0.6134 0.3174
vn 0.7232 -0.6134 0.3173
vn -0.7581 0.6386 0.1324
vn -0.6693 0.7373 0.0921
vn -0.8065 0.5893 0.0467
vn -0.0099 0.9999 0.0082
vn 0.4087 -0.0093 -0.9126
vn -0.7606 0.5904 -0.2699
vn -0.7602 0.5917 -0.2685
vn -0.7601 0.5915 -0.2691
vn 0.9737 -0.2243 -0.0408
vn 0.9495 -0.2952 -0.1060
vn 0.8559 -0.5163 -0.0303
vn 0.8805 -0.4728 -0.0332
vn -0.6954 0.6713 0.2565
vn -0.5513 0.7911 -0.2650
vn -0.5747 0.7456 -0.3374
vn -0.8974 -0.2061 -0.3901
vn -0.8952 0.1607 0.4157
vn -0.4385 0.4095 0.8001
vn -0.4349 0.2002 0.8779
vn 0.4857 -0.4781 0.7318
vn -0.3369 0.6051 0.7213
vn -0.2840 0.0002 0.9588
vn -0.4654 0.7112 0.5269
vn -0.2996 0.5666 0.7676
vn -0.8929 -0.0208 0.4498
vn -0.8006 0.2317 -0.5526
vn -0.8495 0.3244 -0.4160
vn -0.8221 0.3373 -0.4587
vn -0.8308 0.2284 -0.5076
vn 0.1736 -0.4861 -0.8565
vn -0.4846 0.7503 -0.4497
vn 0.5062 0.7842 -0.3589
vn 0.8721 -0.2256 0.4343
vn -0.7141 0.5237 0.4646
vn -0.6794 0.5846 0.4436
vn -0.7943 0.5464 0.2656
vn -0.8093 0.5614 0.1726
vn 0.2455 -0.1483 -0.9580
vn 0.7108 -0.6481 0.2735
vn -0.2362 0.3671 0.8997
vn 0.6222 -0.4810 0.6177
vn 0.6240 -0.4813 0.6156
vn 0.6243 -0.4815 0.6152
vn 0.4664 0.7408 -0.4835
vn -0.3583 -0.1924 -0.9136
vn 0.1309 0.9478 -0.2907
vn 0.2223 -0.3014 0.9272
vn 0.3820 -0.3312 0.8628
vn 0.3818 -0.3306 0.8631
vn 0.3837 -0.3353 0.8604
vn 0.2328 -0.3559 0.9051
vn 0.0246 0.8440 -0.5357
vn 0.0329 0.8400 -0.5415
vn 0.0252 0.8447 -0.5346
vn 0.5975 -0.5874 0.5459
vn -0.0232 0.5894 -0.8075
vn -0.2990 -0.8779 -0.3740
vn -0.0474 0.5821 0.8118
vn 0.2392 -0.1598 0.9577
vn -0.6581 0.6834 -0.3160
vn -0.7688 0.6364 -0.0625
vn -0.6763 0.7172 -0.1682
vn -0.5215 0.7295 -0.4426
vn -0.5936 0.5569 0.5810
vn -0.7285 0.5857 0.3555
vn -0.2832 0.8112 -0.5116
vn -0.3810 0.0122 0.9245
vn -0.7570 0.6187 -0.2104
vn -0.4448 0.2751 0.8523
vn -0.6998 0.4542 0.5513
vn -0.8052 0.5868 -0.0856
vn 0.9583 0.0829 0.2735
vn -0.3122 0.9298 -0.1948
vn -0.3155 0.9298 -0.1893
vn -0.3122 0.9295 -0.1962
vn -0.5476 0.7619 -0.3459
vn -0.5483 0.7622 -0.3442
vn -0.5472 0.7619 -0.3466
vn -0.2608 0.3044 0.9162
vn -0.6479 0.7299 -0.2180
vn -0.3920 0.9185 0.0527
vn -0.3906 0.9195 0.0455
vn -0.3926 0.9180 0.0560
vn -0.3361 0.8239 -0.4563
vn -0.5457 0.7858 -0.2911
vn -0.4779 0.8716 0.1088
vn -0.6043 0.7249 -0.3305
vn -0.6012 0.7242 -0.3379
vn -0.6053 0.7251 -0.3283
vn -0.6815 0.7058 -0.1937
vn -0.6820 0.7043 -0.1970
vn -0.6791 0.7098 -0.1874
vn -0.4036 0.8342 0.3758
vn -0.5695 0.7660 0.2983
vn -0.7851 0.5626 0.2591
vn -0.7738 0.6282 0.0814
vn -0.8045 0.5547 -0.2124
vn -0.6459 0.7291 0.2263
vn -0.7116 0.7018 0.0326
vn -0.7113 0.7022 0.0329
vn -0.7070 0.7066 0.0293
vn -0.1763 0.8417 0.5103
vn -0.3499 0.7160 0.6040
vn -0.5604 0.6636 0.4956
vn -0.4667 0.7501 0.4686
vn -0.5682 0.6441 0.5121
vn -0.4187 0.6507 0.6334
vn -0.4662 0.6403 0.6105
vn -0.6816 0.6275 0.3764
vn 0.4692 0.0096 0.8831
vn 0.7660 -0.1648 0.6213
vn 0.9149 -0.0810 0.3956
vn 0.8736 -0.1560 0.4610
vn 0.8058 -0.1367 0.5761
vn 0.8114 -0.0318 -0.5837
vn 0.6273 -0.3090 -0.7148
vn 0.9999 -0.0103 -0.0027
vn 0.8292 -0.2911 -0.4771
vn 0.7436 0.4306 0.5115
vn -0.0632 0.7043 0.7071
vn 0.1419 0.8699 0.4725
vn 0.1374 0.5096 0.8493
vn -0.1223 0.5368 0.8348
vn -0.3168 0.6316 0.7076
vn -0.2191 0.6433 0.7336
vn -0.3321 0.6558 0.6780
vn -0.2780 0.5919 0.7565
vn 0.3732 -0.3875 0.8430
vn -0.0530 0.4616 0.8855
vn -0.0604 0.4612 0.8853
vn -0.0546 0.4615 0.8855
vn 0.3745 -0.2346 0.8970
vn 0.5709 -0.3834 0.7259
vn 0.5381 -0.3296 0.7758
vn 0.5396 -0.3232 0.7774
vn 0.5375 -0.3310 0.7756
vn 0.9204 -0.1927 0.3401
vn 0.9632 -0.1530 0.2210
vn 0.9153 -0.3963 0.0720
vn 0.9014 -0.3851 0.1976
vn 0.7203 -0.4132 0.5572
vn 0.6289 -0.3258 0.7059
vn 0.0076 0.3037 0.9527
vn 0.4816 -0.2359 0.8440
vn 0.4803 -0.2380 0.8442
vn 0.4805 -0.2386 0.8439
vn 0.5385 -0.2434 0.8067
vn 0.0766 0.2985 0.9513
vn -0.3759 0.5967 0.7090
vn -0.2368 0.4914 0.8381
vn -0.7072 0.6720 0.2197
vn -0.7153 0.6634 0.2196
vn -0.7081 0.6711 0.2198
vn -0.5239 0.6388 0.5634
vn -0.6856 0.7218 -0.0951
vn -0.5670 0.7592 0.3195
vn -0.2756 0.7957 0.5393
vn -0.1862 0.6759 0.7131
vn -0.1765 0.7674 0.6163
vn -0.2270 0.7308 0.6437
vn -0.2149 0.7306 0.6482
vn -0.2262 0.7301 0.6448
vn 0.5766 0.3800 -0.7233
vn 0.8098 0.1384 -0.5702
vn 0.8917 0.3438 -0.2944
vn -0.3463 0.9110 0.2239
vn -0.5549 0.7717 0.3108
vn -0.5542 0.7717 0.3119
vn -0.5512 0.7784 0.3005
vn 0.8852 -0.4231 -0.1935
vn 0.2047 0.8851 -0.4180
vn -0.7726 0.6126 0.1669
vn -0.7666 0.6204 0.1653
vn -0.7728 0.6122 0.1671
vn -0.6837 0.6752 0.2768
vn -0.6834 0.6759 0.2759
vn -0.6836 0.6758 0.2756
vn -0.7276 0.6842 0.0488
vn -0.5607 0.8222 0.0978
vn -0.4725 0.8027 -0.3639
vn -0.3627 0.8537 -0.3737
vn -0.5227 0.8457 -0.1076
vn -0.6363 0.7674 -0.0790
vn 0.3336 -0.5406 -0.7723
vn 0.3377 -0.5353 -0.7742
vn 0.3328 -0.5408 -0.7725
vn 0.5940 -0.4306 -0.6795
vn -0.1164 0.1955 -0.9738
vn -0.1156 0.1936 -0.9742
vn -0.1150 0.1967 -0.9737
vn -0.1068 0.1982 -0.9743
vn -0.8617 0.4794 0.1662
vn 0.5387 0.0029 -0.8425
vn 0.1629 0.5838 -0.7954
vn -0.2625 0.6602 -0.7037
vn 0.3054 -0.0543 -0.9507
vn 0.6581 -0.4708 -0.5876
vn 0.4015 0.1588 -0.9020
vn -0.2556 0.4531 -0.8540
vn -0.5654 0.7145 -0.4120
vn -0.6560 0.7017 -0.2779
vn -0.6883 0.7208 -0.0812
vn -0.6967 0.7080 0.1160
vn -0.7005 0.6787 0.2205
vn -0.7007 0.6783 0.2211
vn -0.7009 0.6784 0.2204
vn -0.4998 0.8618 0.0872
vn 0.3403 -0.2160 -0.9152
vn -0.6515 0.7528 0.0943
vn -0.5097 0.7505 -0.4207
vn -0.6451 0.6427 0.4133
vn 0.2007 0.7088 -0.6763
vn -0.1284 0.7696 0.6254
vn -0.1999 0.8963 0.3959
vn -0.5545 0.4915 0.6716
vn -0.7454 0.5277 0.4074
vn -0.7975 -0.0585 0.6004
vn -0.8018 -0.0559 0.5950
vn -0.8022 -0.0540 0.5947
vn -0.4932 0.3335 0.8034
vn -0.8393 0.2964 0.4557
vn -0.8401 0.2972 0.4538
vn -0.8391 0.2965 0.4561
vn -0.6637 0.1755 0.7271
vn 0.6377 -0.3958 0.6608
vn -0.7584 0.3588 0.5441
vn -0.6225 0.3495 0.7002
vn -0.7652 0.4632 0.4471
vn -0.8272 0.4900 0.2751
vn -0.8265 0.4906 0.2760
vn -0.8323 0.4827 0.2726
vn -0.8402 0.4312 0.3289
vn -0.7091 0.2114 0.6727
vn -0.6655 0.3319 0.6686
vn -0.7343 0.5647 0.3767
vn -0.1176 0.9779 -0.1727
vn -0.0858 0.8717 -0.4824
vn -0.0183 0.9974 0.0693
vn -0.9068 0.4198 -0.0385
vn -0.8908 0.3867 0.2386
vn -0.7894 0.5934 0.1574
vn -0.8035 0.5806 -0.1318
vn -0.8000 0.4422 -0.4056
vn -0.7999 0.4423 -0.4056
vn -0.8086 0.4643 -0.3614
vn 0.4613 0.7836 0.4161
vn 0.8705 0.4881 -0.0632
vn 0.6565 0.7365 0.1630
vn 0.9222 0.3834 -0.0511
vn -0.5013 0.8446 -0.1881
vn 0.0837 0.0265 -0.9961
vn 0.3701 -0.8126 -0.4503
vn -0.0203 -0.9396 0.3416
vn -0.0201 -0.9396 0.3418
vn -0.0204 -0.9397 0.3415
vn 0.1974 -0.5461 -0.8141
vn 0.0547 0.1298 -0.9900
vn 0.7846 0.5800 0.2190
vn 0.5650 0.8116 -0.1486
vn -0.0645 0.7436 -0.6655
vn -0.1843 0.8364 -0.5162
vn 0.8509 0.5157 0.1003
vn 0.8508 0.5158 0.1002
vn 0.2395 -0.5662 -0.7887
vn -0.5649 0.7531 -0.3372
vn -0.2522 0.5939 -0.7640
vn 0.2196 -0.8934 -0.3918
vn 0.2186 -0.7737 -0.5946
vn 0.2243 -0.7705 -0.5966
vn 0.2173 -0.7745 -0.5940
vn 0.1307 -0.7813 -0.6103
vn 0.1139 -0.9071 -0.4051
vn 0.7015 -0.6755 -0.2270
vn 0.7914 -0.5100 -0.3370
vn 0.5964 -0.6274 -0.5007
vn 0.5668 -0.7147 -0.4098
vn 0.3995 -0.6975 -0.5949
vn 0.3830 -0.8075 -0.4487
vn 0.2819 -0.8193 0.4992
vn -0.2535 0.9643 -0.0763
vn 0.8537 0.4962 -0.1580
vn 0.9678 0.0060 0.2516
vn -0.2287 0.8903 -0.3938
vn -0.4168 0.8454 0.3341
vn 0.5015 0.6740 -0.5424
vn -0.3150 0.8157 0.4852
vn 0.8898 0.3726 -0.2636
vn 0.8893 0.3779 -0.2574
vn -0.3951 0.9159 -0.0704
vn -0.0560 0.2796 -0.9585
vn -0.8015 0.3757 -0.4652
vn -0.8101 0.5133 -0.2834
vn -0.8107 0.5120 -0.2840
vn -0.8114 0.5105 -0.2845
vn -0.8642 0.4466 -0.2319
vn -0.9061 0.3221 -0.2743
vn 0.2037 0.2091 0.9564
vn -0.4078 -0.2207 -0.8860
vn -0.4490 -0.2206 -0.8659
vn -0.4413 -0.2530 -0.8609
vn -0.6772 -0.1855 -0.7120
vn -0.5246 -0.8461 0.0949
vn -0.4960 -0.8505 -0.1750
vn -0.6247 -0.4673 0.6256
vn -0.2956 0.9521 -0.0780
vn -0.7805 0.0896 -0.6186
vn -0.5898 0.3855 -0.7096
vn -0.5905 0.3855 -0.7090
vn -0.5857 0.3864 -0.7125
vn -0.3642 0.4757 -0.8007
vn -0.2052 0.2218 -0.9532
vn -0.2206 0.4900 -0.8433
vn -0.3463 -0.8443 0.4090
vn -0.0971 -0.0015 -0.9953
vn -0.2792 -0.8480 -0.4505
vn -0.1087 0.9486 -0.2971
vn -0.1113 0.9477 -0.2991
vn -0.1083 0.9487 -0.2970
vn 0.3080 0.6996 0.6448
vn -0.2151 0.9572 -0.1934
vn 0.2019 0.7402 -0.6414
vn 0.8837 0.4419 0.1545
vn 0.8520 0.5198 0.0619
vn 0.3928 0.4845 -0.7816
vn -0.6605 -0.5155 0.5459
vn 0.1566 0.3129 -0.9368
vn -0.9684 0.2476 0.0295
vn -0.9671 -0.2458 0.0653
vn 0.8447 0.3020 -0.4419
vn -0.6656 0.1957 0.7202
vn 0.4330 -0.4903 0.7564
vn 0.4645 0.2918 0.8361
vn -0.8041 0.5902 0.0718
vn -0.0283 0.9173 -0.3972
vn -0.9100 -0.1309 -0.3934
vn -0.9892 0.0396 0.1412
vn -0.9893 0.0389 0.1407
vn -0.9906 0.0372 0.1318
vn -0.5829 -0.6692 0.4608
vn -0.8757 0.4135 -0.2491
vn -0.7746 0.6323 -0.0139
vn -0.7006 0.6917 -0.1753
vn -0.7145 0.6465 0.2675
vn 0.2915 -0.9262 0.2392
vn 0.5331 -0.7815 0.3241
vn 0.0551 -0.8535 0.5182
vn 0.1929 -0.9336 0.3019
vn 0.6620 -0.7453 0.0799
vn 0.4642 -0.8447 0.2664
vn -0.0658 -0.8675 -0.4930
vn -0.0038 -0.4470 0.8945
vn 0.1820 -0.6139 0.7681
vn 0.4303 -0.5873 0.6855
vn 0.2827 -0.4994 0.8190
vn 0.0221 0.9974 0.0691
vn -0.9968 0.0357 0.0715
vn -0.9972 0.0318 0.0679
vn -0.9967 0.0366 0.0726
vn -0.9929 0.1149 0.0314
vn -0.2486 -0.5727 0.7811
vn -0.3131 -0.6394 0.7022
vn -0.3134 -0.6385 0.7029
vn -0.3102 -0.6413 0.7017
vn 0.1958 -0.5682 0.7993
vn -0.0346 -0.8300 0.5567
vn -0.3945 -0.5457 0.7393
vn -0.3700 -0.5980 0.7109
vn -0.4433 -0.4967 0.7462
vn -0.4696 -0.4119 0.7809
vn -0.3165 -0.4870 0.8141
vn 0.3278 -0.8514 0.4095
vn -0.0485 -0.8885 0.4563
vn -0.1001 -0.9140 0.3931
vn 0.3226 -0.8168 0.4783
vn 0.7323 -0.3883 -0.5594
vn 0.7220 -0.6602 0.2072
vn 0.7690 -0.5879 0.2510
vn 0.7967 -0.5580 0.2320
vn 0.7837 -0.6024 0.1513
vn 0.9016 0.0804 -0.4251
vn -0.8544 0.5168 -0.0533
vn 0.5453 0.5852 -0.6002
vn 0.3670 0.5137 -0.7755
vn 0.3653 0.5172 -0.7740
vn 0.3696 0.5104 -0.7764
vn -0.8704 -0.4909 0.0370
vn 0.6073 0.7101 -0.3563
vn 0.6071 0.7102 -0.3565
vn -0.8310 0.4719 -0.2945
vn -0.8272 0.4782 -0.2950
vn -0.8280 0.4769 -0.2949
vn 0.2172 0.7799 0.5870
vn -0.9340 0.2903 -0.2080
vn 0.5155 0.7803 -0.3541
vn -0.9821 -0.1474 0.1177
vn -0.1593 -0.7628 0.6267
vn 0.4705 0.7484 0.4674
vn 0.4771 0.7437 0.4682
vn 0.4699 0.7433 0.4761
vn 0.7705 0.5954 0.2275
vn -0.9426 0.2209 0.2504
vn -0.8208 0.5713 0.0045
vn -0.8766 0.4456 -0.1819
vn -0.2211 0.6627 -0.7155
vn 0.6568 -0.6392 0.4001
vn 0.8885 -0.0170 -0.4585
vn -0.8374 -0.5388 0.0916
vn 0.8738 0.4493 0.1860
vn 0.7985 -0.4282 0.4232
vn -0.3060 -0.7401 0.5989
vn 0.8218 0.1679 -0.5444
vn -0.2445 -0.6637 -0.7069
vn -0.8499 -0.2883 0.4410
vn 0.7258 -0.5630 0.3953
vn 0.7378 -0.5293 0.4188
vn 0.7397 -0.5323 0.4117
vn 0.7377 -0.5290 0.4195
vn 0.7752 -0.5446 0.3201
vn 0.7791 -0.5042 0.3726
vn 0.6950 -0.6431 -0.3215
vn 0.6947 -0.6436 -0.3211
vn 0.6954 -0.6420 -0.3230
vn 0.4972 -0.8045 -0.3249
vn -0.9642 -0.0149 -0.2649
vn -0.6974 0.6804 -0.2253
vn -0.9710 -0.1908 0.1440
vn -0.9708 -0.1919 0.1438
vn -0.9735 -0.1799 0.1411
vn -0.9769 -0.2115 0.0297
vn -0.7112 -0.2503 0.6569
vn -0.7734 -0.5469 0.3207
vn -0.7990 -0.1964 0.5684
vn -0.6963 -0.6086 0.3805
vn -0.6327 0.7277 0.2646
vn -0.8272 0.5487 -0.1211
vn -0.3152 -0.9328 0.1746
vn -0.9820 -0.1091 0.1539
vn -0.9482 -0.1682 0.2695
vn -0.9921 -0.1158 0.0492
vn 0.5292 0.0922 0.8435
vn 0.9248 0.2167 -0.3128
vn 0.4543 -0.8908 0.0102
vn 0.6716 -0.6045 -0.4285
vn 0.3326 -0.9374 0.1037
vn 0.3494 -0.9370 -0.0056
vn 0.3271 -0.9449 -0.0088
vn 0.3192 -0.9421 0.1030
vn -0.9073 0.4081 -0.1011
vn 0.4121 0.8197 -0.3979
vn 0.3454 0.8617 -0.3718
vn 0.3458 0.8612 -0.3726
vn 0.3458 0.8611 -0.3726
vn 0.9315 0.3041 0.1997
vn 0.0279 -0.9007 -0.4334
vn 0.3513 0.8906 -0.2890
vn 0.6206 -0.2636 -0.7385
vn 0.0542 -0.8628 -0.5026
vn -0.8712 0.4907 0.0125
vn 0.8094 -0.4932 -0.3188
vn 0.8092 -0.5253 -0.2631
vn 0.6291 -0.6860 -0.3655
vn 0.6462 -0.4992 -0.5772
vn 0.6478 -0.4956 -0.5786
vn 0.6479 -0.4951 -0.5790
vn 0.4850 -0.7832 -0.3891
vn 0.7053 -0.6345 -0.3162
vn 0.6271 -0.7712 -0.1101
vn 0.6543 -0.7518 -0.0819
vn 0.6517 -0.7543 -0.0797
vn 0.6506 -0.7551 -0.0810
vn 0.6663 -0.7029 -0.2489
vn 0.6907 -0.6355 -0.3451
vn 0.6909 -0.6350 -0.3457
vn 0.6902 -0.6372 -0.3429
vn 0.2815 -0.4476 0.8488
vn 0.5947 -0.7853 0.1722
vn 0.2044 -0.7493 -0.6299
vn 0.0617 -0.8202 -0.5687
vn -0.6148 -0.6604 -0.4311
vn -0.1682 -0.8407 -0.5147
vn -0.9781 -0.0205 -0.2070
vn -0.9691 -0.2056 0.1363
vn -0.8533 -0.4005 0.3340
vn -0.9493 -0.2761 -0.1504
vn -0.9492 -0.2717 -0.1590
vn -0.9492 -0.2715 -0.1591
vn -0.8863 -0.3347 -0.3200
vn -0.8836 -0.4229 -0.2012
vn -0.9075 -0.4165 -0.0553
vn 0.9778 0.1795 -0.1078
vn -0.1960 -0.9592 -0.2036
vn -0.8353 -0.1785 0.5201
vn 0.7533 -0.6439 -0.1338
vn -0.9601 -0.1079 -0.2579
vn -0.9602 -0.1022 -0.2598
vn -0.9603 -0.1010 -0.2602
vn -0.7828 -0.3739 -0.4974
vn -0.9718 -0.1190 -0.2038
vn -0.9957 -0.0882 -0.0290
vn -0.9957 -0.0877 -0.0284
vn -0.9957 -0.0883 -0.0291
vn 0.4761 -0.7080 -0.5215
vn 0.4922 -0.1554 -0.8565
vn 0.7219 0.0857 -0.6867
vn 0.5185 -0.2424 -0.8200
vn 0.5371 -0.1981 -0.8200
vn 0.3455 -0.8256 0.4461
vn -0.5140 -0.4811 0.7102
vn 0.5299 -0.6946 0.4866
vn -0.8743 0.4821 -0.0572
vn -0.8884 0.2963 -0.3508
vn -0.8087 0.4889 -0.3269
vn -0.8447 0.2850 -0.4530
vn -0.8447 0.2817 -0.4551
vn -0.8456 0.2796 -0.4548
vn -0.8497 0.2794 -0.4472
vn -0.8501 0.2788 -0.4468
vn -0.9787 -0.0687 -0.1937
vn -0.9711 0.0523 -0.2328
vn -0.9692 0.0576 -0.2396
vn -0.9690 0.0577 -0.2401
vn -0.8897 -0.0391 -0.4549
vn -0.8911 -0.0419 -0.4519
vn -0.8912 -0.0420 -0.4516
vn -0.8815 -0.1280 -0.4545
vn -0.7649 -0.1019 -0.6360
vn -0.7824 -0.0522 -0.6206
vn -0.7697 -0.1669 -0.6162
vn -0.8234 -0.1752 -0.5397
vn -0.7047 -0.0334 -0.7088
vn -0.6931 0.1518 -0.7046
vn -0.7417 -0.0342 -0.6698
vn -0.7424 -0.0338 -0.6691
vn -0.7451 -0.0321 -0.6661
vn -0.7457 -0.0317 -0.6655
vn -0.8916 0.1857 -0.4129
vn -0.9287 0.2400 -0.2829
vn -0.9021 0.3017 -0.3084
vn -0.9947 0.1028 0.0098
vn -0.9343 0.3483 0.0753
vn -0.9345 0.3494 0.0678
vn -0.9351 0.3481 0.0667
vn -0.6177 -0.4385 0.6528
vn -0.7311 0.6612 0.1683
vn 0.9451 0.2208 0.2410
vn -0.9956 0.0929 0.0083
vn -0.9656 0.1977 -0.1687
vn -0.9883 -0.0532 -0.1431
vn -0.9881 -0.0520 -0.1446
vn -0.9881 -0.0518 -0.1447
vn -0.9983 0.0137 0.0568
vn -0.9904 0.1249 0.0586
vn -0.9505 0.3107 -0.0069
vn -0.9603 0.2764 0.0388
vn -0.9603 0.2762 0.0393
vn -0.9629 0.2667 0.0421
vn -0.9635 0.2437 0.1109
vn -0.8139 -0.5624 -0.1460
vn -0.6053 -0.7844 -0.1357
vn -0.6980 -0.7161 0.0022
vn -0.8690 -0.4945 -0.0170
vn 0.1287 0.1071 0.9859
vn -0.3855 -0.9145 -0.1230
vn -0.0638 0.9323 -0.3560
vn -0.0658 0.9321 -0.3561
vn -0.3081 -0.1451 -0.9402
vn -0.3084 -0.1460 -0.9400
vn -0.3088 -0.1490 -0.9394
vn 0.2330 0.3341 -0.9133
vn 0.6124 0.6728 -0.4151
vn -0.3356 0.8420 -0.4224
vn -0.2260 -0.1777 -0.9578
vn -0.7959 0.5506 -0.2517
vn -0.7958 0.5509 -0.2513
vn -0.7965 0.5486 -0.2541
vn -0.0638 0.1329 -0.9891
vn -0.4506 -0.2753 -0.8492
vn -0.4551 -0.2700 -0.8485
vn -0.4505 -0.2753 -0.8493
vn -0.4251 -0.8084 -0.4071
vn -0.7397 0.5260 -0.4197
vn -0.3300 0.7805 -0.5310
vn -0.5793 -0.6386 -0.5065
vn -0.7180 0.0985 -0.6890
vn -0.7773 -0.2668 -0.5697
vn -0.7781 -0.3529 -0.5196
vn -0.8225 -0.3451 -0.4521
vn -0.8180 -0.2552 -0.5155
vn -0.6119 -0.6647 -0.4286
vn -0.5016 -0.7277 -0.4679
vn -0.5010 -0.7279 -0.4681
vn -0.4995 -0.7332 -0.4614
vn -0.5720 -0.7623 -0.3028
vn -0.7264 -0.6037 -0.3285
vn -0.6245 0.2798 -0.7292
vn -0.6358 -0.6244 -0.4537
vn -0.6358 -0.6252 -0.4526
vn -0.6353 -0.6215 -0.4584
vn -0.9829 -0.1612 -0.0889
vn 0.5192 0.8003 -0.2999
vn -0.3761 0.5511 -0.7449
vn 0.9086 0.3763 0.1813
vn 0.9089 0.3758 0.1809
vn 0.9104 0.3733 0.1781
vn 0.0949 0.4446 -0.8907
vn -0.4138 0.6123 -0.6737
vn -0.4138 0.6127 -0.6733
vn -0.4172 0.6101 -0.6737
vn 0.6509 0.7462 -0.1400
vn -0.1235 0.7246 0.6780
vn -0.4595 -0.7544 0.4688
vn -0.7404 -0.6491 0.1745
vn -0.7219 -0.6537 0.2270
vn -0.7220 -0.6537 0.2269
vn -0.7205 -0.6545 0.2291
vn -0.8600 -0.4746 0.1876
vn -0.8603 -0.4746 0.1862
vn -0.8623 -0.4746 0.1769
vn -0.8546 -0.5004 0.1391
vn -0.7582 -0.0651 -0.6488
vn -0.5334 -0.0234 -0.8455
vn 0.7582 0.6520 -0.0005
vn -0.0169 0.4640 0.8857
vn -0.9507 0.3019 0.0712
vn -0.7446 0.6001 0.2923
vn -0.8473 0.4736 0.2406
vn -0.9830 0.1722 -0.0641
vn -0.5641 0.7904 0.2388
vn -0.7339 0.6385 0.2316
vn -0.7979 0.5925 0.1110
vn -0.6692 0.7350 -0.1091
vn 0.6159 -0.7766 -0.1328
vn 0.6161 -0.7765 -0.1319
vn 0.6183 -0.7763 -0.1229
vn -0.4408 -0.6770 -0.5893
vn -0.8266 0.3486 -0.4418
vn -0.7956 0.3943 -0.4600
vn -0.8210 0.5329 -0.2046
vn -0.8863 0.3804 -0.2641
vn -0.8728 0.4330 -0.2252
vn -0.9257 0.3161 -0.2076
vn -0.8973 -0.2384 -0.3716
vn -0.7991 -0.2026 0.5660
vn -0.9182 -0.0693 0.3900
vn -0.7414 0.5221 -0.4216
vn -0.8503 0.1013 -0.5165
vn -0.7213 0.6088 -0.3302
vn -0.6782 0.6655 -0.3117
vn -0.7526 0.5939 -0.2842
vn -0.8017 -0.2000 -0.5633
vn -0.6813 0.0106 -0.7319
vn -0.7988 0.2756 -0.5347
vn -0.9559 0.0502 -0.2893
vn -0.7795 0.1300 -0.6128
vn -0.8816 0.0439 -0.4699
vn -0.6862 0.4098 -0.6009
vn -0.8836 0.1340 -0.4487
vn -0.8837 0.1339 -0.4484
vn -0.8835 0.1341 -0.4488
vn -0.7023 0.4560 -0.5467
vn -0.7701 0.0012 -0.6380
vn -0.8696 0.4091 -0.2763
vn -0.8408 0.4524 -0.2974
vn -0.7593 0.4236 -0.4940
vn -0.8092 0.4318 -0.3985
vn -0.4198 -0.7673 -0.4848
vn -0.7709 0.5751 -0.2740
vn -0.6083 0.7213 -0.3310
vn -0.6355 0.5481 -0.5438
vn -0.4250 0.8565 -0.2929
vn -0.5513 0.7854 -0.2814
vn -0.5507 0.7859 -0.2813
vn -0.5540 0.7822 -0.2850
vn -0.4190 0.8318 -0.3641
vn -0.5207 0.7633 -0.3825
vn -0.5029 0.7804 -0.3716
vn -0.4281 0.8157 -0.3891
vn -0.4300 0.8160 -0.3863
vn -0.4267 0.8158 -0.3903
vn -0.4984 0.8528 -0.1558
vn -0.7194 0.6912 -0.0682
vn -0.6277 0.7784 -0.0029
vn -0.6277 0.7784 -0.0020
vn -0.5650 0.8211 -0.0806
vn -0.4902 0.8269 -0.2757
vn -0.5647 0.8137 -0.1378
vn -0.4137 0.8231 -0.3891
vn -0.4075 0.8295 -0.3819
vn -0.4113 0.8278 -0.3814
vn -0.3282 0.8800 -0.3434
vn -0.3228 0.9000 -0.2929
vn -0.3238 0.8997 -0.2926
vn -0.3299 0.8980 -0.2913
vn -0.3762 0.8700 -0.3188
vn -0.5267 0.8341 -0.1641
vn -0.5222 0.8367 -0.1650
vn -0.5219 0.8370 -0.1643
vn -0.4688 0.8505 -0.2386
vn -0.5283 0.8332 -0.1634
vn -0.5220 0.8370 -0.1640
vn -0.1112 0.8722 -0.4763
vn -0.1965 0.5064 0.8396
vn 0.7925 0.5018 0.3466
vn 0.7906 0.5002 0.3532
vn 0.7933 0.5024 0.3440
vn -0.5394 0.7623 -0.3578
vn -0.4506 0.8168 -0.3603
vn -0.3746 0.8334 -0.4062
vn -0.4012 -0.8837 0.2412
vn -0.3994 -0.8836 0.2443
vn -0.4014 -0.8836 0.2409
vn -0.3820 -0.8578 0.3439
vn -0.3100 0.8435 -0.4386
vn -0.3113 0.8429 -0.4388
vn -0.2608 0.9574 -0.1243
vn -0.2628 0.9563 -0.1281
vn -0.2632 0.9560 -0.1295
vn -0.3055 0.9437 -0.1267
vn -0.2975 0.8559 -0.4230
vn -0.3625 0.8275 -0.4287
vn -0.3607 0.8323 -0.4209
vn -0.3607 0.8260 -0.4332
vn -0.8683 0.4856 0.1015
vn -0.7442 0.6588 0.1102
vn -0.5533 0.7102 -0.4352
vn -0.5667 0.7776 -0.2724
vn -0.6014 0.7473 -0.2826
vn -0.6084 0.7435 -0.2776
vn -0.6105 0.7417 -0.2779
vn -0.5900 0.7079 -0.3883
vn -0.4655 0.8639 -0.1925
vn -0.4288 0.7447 -0.5114
vn -0.4303 0.7457 -0.5088
vn -0.4266 0.7446 -0.5134
vn -0.4200 0.7507 -0.5099
vn -0.5342 0.8139 -0.2286
vn -0.5964 0.7670 -0.2366
vn -0.4877 0.7212 -0.4920
vn -0.2826 0.9228 -0.2617
vn -0.3356 0.8494 -0.4073
vn -0.3328 0.8524 -0.4034
vn -0.3312 0.8539 -0.4015
vn -0.3779 0.8398 -0.3897
vn -0.3779 0.8399 -0.3896
vn -0.3779 0.8399 -0.3897
vn -0.3779 0.8399 -0.3895
vn -0.9341 -0.2929 0.2041
vn -0.8765 -0.4236 0.2287
vn 0.0135 0.6650 -0.7467
vn -0.8196 0.5484 0.1659
vn -0.8194 0.5491 0.1647
vn -0.8226 0.5468 0.1560
vn -0.6856 0.6880 -0.2379
vn 0.8987 -0.2200 -0.3794
vn 0.7849 -0.6052 -0.1328
vn -0.7529 0.6385 0.1596
vn 0.4471 0.5275 0.7224
vn 0.6373 -0.0545 -0.7687
vn -0.7309 0.4023 -0.5513
vn -0.7307 0.4017 -0.5520
vn -0.7317 0.4048 -0.5484
vn -0.9220 0.2305 -0.3111
vn -0.7623 0.4313 -0.4827
vn -0.7646 0.4312 -0.4791
vn -0.7645 0.4316 -0.4789
vn -0.8569 0.3638 -0.3652
vn -0.8540 0.3734 -0.3622
vn -0.8537 0.3747 -0.3617
vn -0.8608 0.4108 -0.3004
vn -0.7795 0.4062 -0.4769
vn -0.7795 0.4074 -0.4758
vn -0.7786 0.3998 -0.4837
vn 0.1586 0.9498 -0.2696
vn 0.6227 0.6983 -0.3531
vn -0.4050 0.8333 -0.3764
vn -0.6428 -0.5478 -0.5355
vn -0.1416 0.6954 -0.7045
vn -0.1222 0.8245 -0.5524
vn -0.1223 0.8245 -0.5524
vn -0.1216 0.8251 -0.5518
vn -0.5404 0.5486 0.6380
vn -0.6361 0.6001 0.4850
vn -0.4390 0.5730 0.6921
vn -0.3804 0.4907 0.7839
vn -0.3746 0.4935 0.7850
vn -0.3815 0.4901 0.7837
vn 0.6371 -0.3812 -0.6699
vn -0.8379 0.1933 -0.5104
vn -0.8380 0.1937 -0.5101
vn -0.8393 0.2012 -0.5050
vn -0.2768 0.8364 -0.4730
vn -0.4964 0.7457 -0.4445
vn -0.7084 0.6255 -0.3270
vn -0.6345 0.6154 -0.4677
vn -0.6344 0.6163 -0.4667
vn -0.6339 0.6156 -0.4682
vn -0.6575 0.5806 -0.4802
vn -0.8603 0.4172 -0.2929
vn -0.6439 0.5461 0.5359
vn -0.7890 0.6009 0.1281
vn -0.8918 0.4524 0.0080
vn -0.7584 0.4531 0.4686
vn -0.6675 0.7417 0.0660
vn -0.8367 0.4745 -0.2734
vn -0.8365 0.4750 -0.2733
vn -0.8372 0.4729 -0.2748
vn -0.2186 0.0068 -0.9758
vn -0.3510 0.9294 0.1137
vn -0.4344 0.7560 -0.4897
vn -0.4341 0.7570 -0.4884
vn -0.4307 0.7516 -0.4996
vn -0.3969 -0.4982 -0.7709
vn -0.4159 -0.4827 -0.7707
vn 0.7611 0.5822 -0.2859
vn -0.2003 0.9664 -0.1613
vn -0.1870 0.9014 -0.3906
vn -0.5772 0.6907 -0.4357
vn -0.4987 0.7495 -0.4354
vn -0.2867 0.5503 0.7842
vn -0.3103 0.4337 0.8460
vn -0.7638 -0.1507 -0.6276
vn -0.6500 0.6409 -0.4084
vn -0.6477 0.6459 -0.4041
vn -0.6471 0.6468 -0.4036
vn -0.3852 0.8811 0.2744
vn -0.8996 0.4136 -0.1401
vn -0.7973 0.5123 -0.3191
vn -0.7958 0.5144 -0.3194
vn -0.7959 0.5147 -0.3189
vn -0.8051 0.4804 -0.3480
vn -0.8923 0.3901 -0.2272
vn -0.8869 0.4003 -0.2305
vn -0.8876 0.3240 -0.3274
vn -0.8235 0.4409 -0.3570
vn -0.7221 0.5061 -0.4717
vn -0.7228 0.5049 -0.4718
vn -0.7234 0.5036 -0.4723
vn -0.7332 0.5386 -0.4151
vn -0.9460 0.2127 -0.2447
vn -0.8478 0.4937 0.1938
vn -0.9202 0.3907 0.0248
vn -0.9266 0.2073 -0.3138
vn -0.9268 0.2061 -0.3141
vn -0.9259 0.2154 -0.3103
vn -0.9223 0.3857 0.0261
vn -0.9211 0.3760 -0.1009
vn -0.8833 0.4646 -0.0619
vn -0.9378 0.3463 -0.0254
vn 0.9774 0.2034 -0.0579
vn -0.9650 0.1684 -0.2010
vn -0.9629 0.1723 -0.2075
vn -0.9627 0.1727 -0.2084
vn -0.9796 0.1675 -0.1114
vn -0.9692 0.1460 -0.1985
vn -0.9693 0.1456 -0.1982
vn -0.9696 0.1431 -0.1983
vn -0.9467 0.2612 -0.1886
vn 0.6986 0.7148 0.0330
vn 0.1460 0.4768 0.8668
vn 0.1457 0.4772 0.8666
vn 0.1439 0.4793 0.8658
vn 0.7097 0.4846 -0.5114
vn 0.5008 -0.4444 0.7428
vn 0.6033 0.7894 -0.1135
vn -0.7516 0.5437 -0.3735
vn -0.6631 0.6430 -0.3832
vn -0.4314 -0.2787 -0.8580
vn -0.4383 0.7935 -0.4222
vn 0.1371 -0.8451 -0.5168
vn 0.3874 -0.9105 0.1445
vn 0.3875 -0.9104 0.1448
vn 0.3879 -0.9105 0.1436
vn -0.4372 0.0940 -0.8944
vn -0.4377 0.0937 -0.8942
vn -0.4333 0.0954 -0.8962
vn -0.4830 0.2532 -0.8382
vn -0.3686 0.4457 -0.8158
vn -0.3571 0.1746 -0.9176
vn -0.6106 0.6827 -0.4014
vn -0.6455 0.6845 -0.3388
vn -0.5609 0.6768 -0.4768
vn -0.4577 0.7477 -0.4811
vn -0.6546 0.4388 -0.6156
vn -0.6545 0.4386 -0.6159
vn -0.6539 0.4372 -0.6175
vn -0.6379 0.4843 -0.5988
vn -0.5218 0.5777 -0.6277
vn -0.5241 0.4891 -0.6972
vn -0.7499 0.5351 -0.3889
vn -0.6023 -0.3525 -0.7162
vn -0.6672 0.6306 -0.3964
vn -0.6675 0.6313 -0.3947
vn -0.5665 0.7611 -0.3160
vn -0.5667 0.7609 -0.3159
vn -0.5666 0.7610 -0.3160
vn -0.4962 0.8281 -0.2607
vn -0.5467 0.7331 -0.4045
vn -0.9537 0.0609 -0.2946
vn -0.7756 0.5972 -0.2046
vn 0.3295 0.6173 0.7143
vn 0.4963 0.7931 0.3532
vn -0.6516 0.6679 -0.3597
vn -0.6518 0.6676 -0.3598
vn -0.6514 0.6667 -0.3621
vn -0.2339 0.8743 0.4253
vn -0.4973 -0.8675 -0.0117
vn 0.6242 0.4508 0.6382
vn 0.3429 -0.8408 0.4188
vn -0.6688 0.0890 -0.7381
vn -0.9696 0.1550 0.1894
vn -0.9693 0.1590 0.1876
vn -0.9693 0.1597 0.1871
vn -0.6926 -0.6957 0.1903
vn -0.3627 0.8571 -0.3658
vn -0.6851 -0.6915 0.2291
vn -0.6708 -0.6890 0.2744
vn -0.6669 -0.6958 0.2666
vn -0.6668 -0.6960 0.2663
vn -0.6402 -0.6621 0.3896
vn -0.6961 -0.5690 0.4378
vn -0.7130 0.4031 -0.5737
vn -0.7122 0.4056 -0.5729
vn -0.7121 0.4058 -0.5729
vn -0.4932 -0.7293 0.4741
vn 0.1690 -0.8819 -0.4401
vn -0.2257 0.9191 -0.3230
vn 0.0398 0.9314 -0.3617
vn 0.7839 -0.2535 0.5668
vn -0.0607 -0.9242 0.3770
vn 0.3957 0.8550 0.3352
vn -0.1810 -0.9176 0.3538
vn -0.1886 -0.9138 0.3598
vn -0.1803 -0.9179 0.3535
vn -0.9084 -0.2901 0.3010
vn -0.9721 0.1965 0.1279
vn -0.0794 0.9214 -0.3804
vn -0.1962 -0.9283 0.3159
vn -0.4057 0.9134 -0.0325
vn 0.0727 -0.5454 0.8350
vn 0.9889 0.0940 0.1148
vn -0.2604 -0.4909 0.8314
vn 0.1585 0.5188 -0.8401
vn 0.2434 -0.1218 0.9622
vn 0.4654 -0.3517 0.8122
vn 0.1436 0.5079 0.8494
vn -0.0553 -0.2033 0.9776
vn 0.2558 -0.0187 -0.9665
vn -0.8400 0.5408 -0.0435
vn -0.6297 -0.4562 0.6288
vn -0.9418 -0.3354 0.0225
vn -0.6362 0.4467 -0.6290
vn -0.2781 0.9462 -0.1657
vn 0.6822 -0.4380 0.5855
vn -0.2530 -0.1703 0.9523
vn 0.3663 0.4273 -0.8266
vn 0.1592 0.5502 -0.8197
vn -0.4341 -0.8817 0.1848
vn -0.5648 -0.7867 -0.2491
vn -0.8630 0.5049 0.0190
vn -0.9685 0.0810 0.2357
vn -0.9694 0.0828 0.2312
vn -0.9695 0.0832 0.2304
vn -0.9903 0.0429 0.1322
vn -0.5228 -0.7778 0.3488
vn -0.9865 -0.1222 0.1091
vn -0.9628 0.2674 0.0389
vn -0.5829 -0.5388 -0.6082
vn -0.9778 0.0829 0.1922
vn -0.5445 0.6005 0.5856
vn -0.9317 -0.2073 -0.2983
vn 0.3277 -0.7233 -0.6079
vn 0.2935 0.9399 -0.1743
vn -0.4390 -0.8982 -0.0220
vn -0.7532 0.4363 -0.4924
vn 0.4762 0.7800 -0.4059
vn -0.9160 -0.3769 0.1378
vn 0.6772 0.7311 0.0829
vn 0.4337 0.9010 -0.0079
vn 0.5342 0.0151 0.8452
vn -0.7616 -0.6374 0.1167
vn 0.3631 -0.9208 -0.1426
vn 0.8438 0.4541 -0.2861
vn 0.7619 0.3341 -0.5549
vn -0.7402 -0.6640 -0.1055
vn 0.3448 0.9309 -0.1207
vn -0.1303 -0.1621 0.9781
vn -0.9807 0.1953 -0.0068
vn 0.4614 0.0425 -0.8862
vn 0.1029 -0.9748 -0.1981
vn 0.4729 0.7260 -0.4993
vn 0.1916 0.9264 -0.3240
vn 0.4647 -0.5444 -0.6983
vn 0.7452 0.6655 -0.0422
vn 0.4390 0.8973 0.0453
vn 0.3997 0.9079 0.1266
vn 0.1290 -0.9089 -0.3965
vn 0.1168 0.8624 -0.4925
vn 0.7388 -0.3388 -0.5826
vn -0.0970 0.5934 -0.7990
vn 0.6992 0.1019 -0.7076
vn 0.5752 0.6914 -0.4371
vn 0.1879 -0.0849 -0.9785
vn 0.6095 0.7122 -0.3483
vn 0.0717 0.6291 -0.7740
vn 0.0652 0.8397 -0.5391
vn -0.0511 0.5911 -0.8050
vn -0.0370 0.7650 -0.6430
vn 0.3612 -0.6662 -0.6524
vn 0.1071 -0.9345 -0.3394
vn 0.2582 -0.6974 -0.6686
vn 0.3557 -0.4931 -0.7939
vn 0.1385 -0.9297 -0.3414
vn 0.1879 -0.7729 -0.6061
vn 0.5163 0.8557 0.0359
vn 0.4061 -0.5546 -0.7263
vn 0.2770 -0.7140 -0.6430
vn 0.2768 -0.7140 -0.6431
vn 0.2771 -0.7140 -0.6429
vn -0.0913 0.7687 -0.6331
vn 0.1173 -0.9336 -0.3385
vn 0.1174 -0.9337 -0.3382
vn -0.2451 0.9102 -0.3339
vn 0.2709 -0.9618 -0.0396
vn 0.4698 -0.8299 -0.3009
vn 0.1344 -0.9021 -0.4102
vn -0.2506 0.8162 -0.5205
vn 0.1174 0.9459 0.3026
vn -0.0173 -0.9789 -0.2034
vn 0.5050 0.3852 -0.7724
vn 0.2852 0.0745 -0.9556
vn 0.7749 0.3488 -0.5272
vn 0.5560 0.8299 0.0453
vn 0.4560 0.8831 0.1103
vn 0.2260 -0.8208 -0.5246
vn 0.2257 -0.8208 -0.5247
vn 0.2279 -0.8223 -0.5214
vn 0.3409 0.9347 0.1006
vn 0.1709 -0.9444 -0.2810
vn -0.0627 -0.7548 -0.6529
vn 0.0950 0.9315 0.3510
vn -0.0875 0.7786 -0.6214
vn 0.0718 0.9763 0.2042
vn 0.1430 -0.8622 -0.4860
vn 0.1453 -0.8639 -0.4823
vn 0.1441 -0.8630 -0.4843
vn 0.0407 0.5535 -0.8318
vn 0.0563 0.7015 -0.7105
vn -0.1574 0.7420 -0.6517
vn 0.2815 -0.8561 -0.4334
vn 0.0816 0.0497 -0.9954
vn -0.1973 0.9297 -0.3109
vn 0.6081 0.6954 -0.3829
vn -0.1165 0.6882 -0.7161
vn 0.9107 0.3915 -0.1317
vn 0.9758 -0.2179 -0.0203
vn 0.3154 -0.9161 -0.2477
vn 0.4510 0.8886 -0.0840
vn 0.9935 0.1066 0.0405
vn 0.9734 0.0170 0.2284
vn -0.2554 -0.7550 -0.6040
vn -0.5478 -0.3714 -0.7497
vn 0.3371 -0.9366 0.0956
vn 0.4920 -0.8660 0.0891
vn 0.6929 -0.7203 -0.0334
vn 0.8301 -0.5327 -0.1647
vn 0.9494 -0.2031 -0.2396
vn 0.9980 -0.0164 -0.0611
vn 0.9235 0.3804 -0.0501
vn 0.9231 0.3814 -0.0482
vn 0.9235 0.3802 -0.0505
vn 0.7605 -0.5475 0.3491
vn 0.5247 0.8488 0.0648
vn 0.5231 0.8493 0.0710
vn 0.5250 0.8487 0.0638
vn 0.7524 0.5859 -0.3010
vn 0.2174 0.9430 -0.2520
vn 0.9254 0.2562 0.2794
vn 0.9712 0.1905 0.1434
vn 0.6792 0.4405 0.5870
vn 0.1089 0.4502 0.8863
vn 0.7417 0.6478 0.1740
vn 0.3623 -0.0184 0.9319
vn 0.6237 0.3201 0.7132
vn 0.7388 0.2338 0.6321
vn 0.7364 0.2028 0.6454
vn 0.7362 0.2023 0.6458
vn 0.7376 0.2054 0.6432
vn 0.9320 0.0922 0.3505
vn 0.9553 0.1816 0.2331
vn 0.2898 0.9191 -0.2669
vn 0.8147 0.0749 0.5750
vn 0.6807 0.3267 0.6557
vn 0.7254 0.6799 0.1073
vn 0.8329 0.5173 0.1966
vn 0.8189 0.5707 -0.0614
vn 0.8117 0.4467 0.3762
vn 0.6915 0.5587 0.4579
vn 0.7581 0.6443 -0.1009
vn 0.6567 0.7042 0.2697
vn 0.5877 0.7536 0.2943
vn 0.3246 0.2449 0.9136
vn 0.4298 0.3988 0.8101
vn 0.4295 0.3981 0.8106
vn 0.4278 0.3943 0.8133
vn 0.7364 0.2703 0.6202
vn 0.7833 0.1129 0.6114
vn 0.7308 0.2848 0.6203
vn 0.7306 0.2846 0.6206
vn 0.7313 0.2847 0.6197
vn 0.8664 -0.1708 0.4692
vn 0.9351 0.0275 0.3534
vn 0.8582 0.4539 0.2396
vn 0.7455 0.4399 0.5007
vn 0.7422 0.3808 0.5515
vn 0.6367 0.1807 0.7496
vn -0.0086 0.9716 0.2364
vn 0.3499 0.3711 0.8602
vn 0.3483 0.3742 0.8595
vn 0.3505 0.3708 0.8600
vn 0.4740 0.2658 0.8394
vn 0.7303 0.2847 0.6209
vn 0.7302 0.2844 0.6213
vn 0.5965 0.7797 0.1904
vn -0.0440 0.0631 0.9970
vn -0.0493 0.8522 0.5209
vn 0.5698 0.6889 0.4480
vn 0.4807 0.6115 0.6285
vn 0.3687 0.3230 0.8716
vn 0.4787 0.1137 0.8706
vn 0.8461 0.5070 0.1648
vn 0.6048 0.3552 0.7128
vn 0.8697 0.4856 0.0887
vn 0.7452 0.5011 0.4399
vn 0.6898 0.7235 -0.0251
vn 0.8322 0.5518 0.0551
vn 0.9423 0.3296 0.0590
vn 0.9423 0.3296 0.0592
vn 0.9425 0.3300 0.0531
vn 0.9360 0.3412 0.0863
vn 0.9394 0.2989 0.1679
vn 0.6787 0.6507 0.3405
vn 0.3998 0.8313 0.3862
vn 0.4645 0.7002 0.5421
vn 0.4851 0.8742 -0.0228
vn 0.5428 0.7744 0.3251
vn 0.5087 0.8239 0.2498
vn 0.4473 0.8782 -0.1692
vn 0.4473 0.8782 -0.1696
vn 0.4473 0.8783 -0.1691
vn 0.5086 0.8577 0.0752
vn 0.2363 -0.9591 0.1561
vn -0.2547 0.7257 0.6392
vn 0.9542 -0.0714 0.2907
vn 0.4275 0.3445 0.8358
vn 0.7392 0.4284 0.5197
vn 0.4520 0.5917 -0.6675
vn 0.8277 0.3619 0.4288
vn 0.6050 0.3576 0.7114
vn 0.6400 0.7481 -0.1752
vn 0.3288 0.9442 -0.0200
vn 0.5694 0.7392 0.3595
vn 0.7665 0.5986 0.2329
vn 0.6054 0.7064 0.3666
vn 0.4782 0.7876 -0.3887
vn 0.1564 0.3202 0.9343
vn 0.7362 -0.6084 0.2963
vn 0.1535 0.4300 0.8897
vn 0.3894 0.5001 0.7735
vn 0.6392 0.7452 -0.1898
vn 0.9133 0.2487 0.3226
vn 0.1482 0.0914 0.9847
vn 0.1479 0.0924 0.9847
vn 0.1490 0.0892 0.9848
vn 0.1137 0.7521 0.6492
vn 0.1493 0.0882 0.9849
vn -0.0240 0.8590 -0.5113
vn -0.0280 0.3099 0.9503
vn -0.0278 0.3088 0.9507
vn -0.0235 0.3104 0.9503
vn -0.0659 0.7034 -0.7077
vn 0.4089 -0.7421 0.5311
vn 0.1457 0.6584 0.7384
vn 0.3482 0.5673 -0.7463
vn 0.2672 0.4287 -0.8630
vn 0.7812 0.4564 -0.4260
vn 0.7754 0.4566 -0.4362
vn 0.7820 0.4554 -0.4255
vn 0.9076 0.3212 -0.2702
vn 0.4621 0.6358 0.6183
vn 0.8718 0.3002 -0.3872
vn 0.8723 0.3001 -0.3861
vn 0.2120 0.0221 -0.9770
vn 0.7929 0.5894 0.1545
vn 0.2468 0.9262 0.2851
vn 0.9878 0.1554 -0.0124
vn 0.9877 0.1556 -0.0124
vn 0.9878 0.1555 -0.0124
vn 0.6247 0.7785 -0.0609
vn 0.6205 0.7820 -0.0589
vn 0.6187 0.7835 -0.0580
vn -0.2005 0.9679 0.1514
vn 0.7974 0.5884 -0.1336
vn -0.8849 -0.3108 -0.3469
vn 0.8639 -0.4613 0.2023
vn 0.6018 0.7980 0.0326
vn -0.0112 -0.0555 -0.9984
vn 0.2639 0.8569 -0.4428
vn 0.5675 -0.8234 -0.0028
vn 0.7703 0.3411 -0.5388
vn 0.4916 0.8687 -0.0617
vn 0.4388 0.8559 0.2738
vn 0.7007 0.6713 0.2416
vn 0.1332 0.2693 0.9538
vn 0.6718 0.3122 0.6718
vn 0.7800 0.2165 0.5871
vn 0.1521 0.4044 0.9019
vn 0.1504 0.4046 0.9020
vn 0.1456 0.4049 0.9027
vn 0.7218 0.4597 0.5173
vn 0.1826 -0.0114 0.9831
vn 0.7638 0.5961 0.2475
vn 0.7663 0.5948 0.2428
vn 0.7672 0.5939 0.2423
vn 0.7842 0.5885 0.1968
vn 0.8217 0.5653 -0.0720
vn 0.0978 0.3452 0.9334
vn 0.5437 0.2602 0.7979
vn -0.2891 -0.5618 -0.7751
vn -0.2891 -0.5616 -0.7752
vn -0.3979 0.2094 -0.8932
vn 0.8791 0.4737 0.0527
vn 0.7204 0.4016 0.5654
vn 0.7568 0.4949 0.4269
vn 0.1018 -0.2212 -0.9699
vn -0.6727 0.7074 0.2168
vn -0.8590 -0.3548 -0.3690
vn -0.6998 -0.6809 -0.2160
vn -0.3133 -0.9395 -0.1387
vn -0.8046 0.5923 -0.0421
vn -0.9493 0.3110 0.0452
vn -0.5874 -0.7786 -0.2208
vn -0.1946 -0.9759 -0.0987
vn -0.2909 0.9542 0.0699
vn -0.1875 0.7088 -0.6801
vn -0.1462 0.7330 -0.6643
vn -0.1462 0.7399 -0.6566
vn -0.1461 0.7408 -0.6556
vn -0.3441 -0.0949 -0.9341
vn 0.0449 -0.8530 -0.5200
vn -0.2993 -0.4965 -0.8148
vn -0.1643 -0.8109 -0.5617
vn -0.3548 -0.0113 -0.9349
vn 0.1842 0.6891 -0.7009
vn 0.1716 0.6618 -0.7298
vn -0.1915 -0.6470 -0.7381
vn -0.0413 -0.3225 -0.9457
vn -0.0630 -0.3113 -0.9482
vn 0.1122 -0.4191 -0.9010
vn -0.0790 -0.8923 -0.4445
vn -0.0163 -0.4299 -0.9027
vn -0.0161 -0.4295 -0.9029
vn -0.0156 -0.4297 -0.9028
vn -0.1780 0.5241 -0.8328
vn -0.9446 0.3282 -0.0074
vn -0.4114 -0.0905 -0.9070
vn 0.0269 -0.9509 -0.3084
vn -0.0397 -0.9662 -0.2548
vn -0.3777 0.7649 -0.5218
vn -0.2332 0.7935 -0.5621
vn -0.2344 0.7960 -0.5580
vn -0.2349 0.7969 -0.5566
vn -0.3849 0.9229 -0.0035
vn -0.1285 -0.0714 -0.9891
vn -0.8061 -0.3379 -0.4859
vn -0.8204 0.5710 0.0317
vn -0.8229 0.5671 0.0352
vn -0.8201 0.5713 0.0313
vn -0.6286 0.7760 0.0510
vn -0.6239 0.7776 0.0779
vn -0.3510 0.8864 0.3019
vn -0.0225 0.7784 -0.6274
vn -0.0854 0.7805 -0.6193
vn -0.9354 -0.0105 -0.3534
vn -0.9654 -0.2574 -0.0413
vn -0.4751 0.8274 -0.2995
vn -0.8029 0.4812 -0.3519
vn 0.1333 0.7084 -0.6931
vn 0.1001 0.3465 -0.9327
vn -0.3630 -0.6375 -0.6795
vn -0.2057 -0.8718 -0.4447
vn -0.0799 -0.9006 -0.4273
vn -0.6594 0.7512 0.0295
vn -0.6642 0.7462 0.0440
vn -0.6311 0.7747 -0.0392
vn -0.6290 0.7768 -0.0297
vn -0.6287 0.7771 -0.0278
vn -0.0507 -0.8253 -0.5624
vn -0.2192 -0.1070 -0.9698
vn -0.1234 0.5081 -0.8524
vn -0.0950 0.6518 -0.7524
vn -0.1136 0.7137 -0.6912
vn -0.1872 0.7930 -0.5798
vn -0.0655 0.7494 -0.6589
vn -0.0643 0.7488 -0.6596
vn -0.0594 0.7468 -0.6623
vn 0.0541 -0.9472 -0.3160
vn -0.1119 -0.7845 -0.6099
vn -0.1126 -0.7848 -0.6095
vn -0.1118 -0.7852 -0.6091
vn -0.0928 -0.8640 -0.4948
vn 0.0062 -0.8904 -0.4550
vn 0.0006 -0.8917 -0.4527
vn -0.0000 -0.8917 -0.4526
vn -0.3984 -0.4917 -0.7743
vn -0.3212 -0.5089 -0.7986
vn -0.3306 -0.5085 -0.7951
vn -0.3294 -0.5078 -0.7960
vn -0.0864 -0.7489 -0.6570
vn -0.0617 -0.9337 -0.3526
vn 0.0293 -0.9458 -0.3235
vn -0.0388 -0.9556 -0.2921
vn -0.5274 0.7830 0.3298
vn 0.0329 0.8973 0.4401
vn 0.2956 0.6747 -0.6764
vn -0.0815 0.7916 -0.6056
vn -0.0239 0.9995 0.0193
vn -0.2157 0.9304 0.2963
vn -0.2203 0.9174 0.3315
vn -0.2200 0.9173 0.3318
vn 0.0748 -0.9902 -0.1178
vn -0.0712 0.5475 -0.8338
vn 0.0498 0.8017 -0.5957
vn 0.0578 0.9914 0.1172
vn -0.1390 -0.9348 -0.3268
vn 0.1124 -0.7297 -0.6745
vn -0.2297 -0.9584 0.1692
vn -0.5266 -0.8499 -0.0192
vn -0.7668 -0.6081 -0.2053
vn -0.8178 -0.5406 -0.1975
vn -0.8178 -0.5406 -0.1974
vn -0.8177 -0.5408 -0.1972
vn -0.7988 -0.5689 -0.1957
vn -0.9427 -0.3261 -0.0704
vn -0.9633 0.2652 -0.0424
vn -0.7166 0.6947 -0.0621
vn -0.6151 0.7830 -0.0922
vn -0.7937 0.5762 0.1949
vn -0.6113 0.7081 0.3535
vn 0.1055 0.4966 -0.8615
vn -0.0426 -0.9808 0.1903
vn -0.0425 -0.9809 0.1900
vn -0.0429 -0.9814 0.1872
vn 0.7409 0.3262 -0.5870
vn -0.7682 -0.6375 0.0594
vn 0.8935 0.1436 0.4254
vn 0.8943 0.1355 0.4265
vn 0.8950 0.1348 0.4252
vn 0.2414 0.9093 -0.3389
vn 0.1338 0.6750 0.7256
vn 0.7180 0.4393 0.5399
vn 0.5890 0.6325 0.5031
vn 0.7098 0.7042 -0.0177
vn 0.5083 0.8219 0.2571
vn 0.6335 -0.7412 -0.2220
vn 0.9290 0.3702 0.0005
vn -0.4456 0.8155 -0.3693
vn 0.1402 0.6771 -0.7224
vn -0.6111 0.7172 -0.3350
vn -0.9930 0.0523 0.1059
vn -0.9768 0.0801 0.1984
vn -0.8747 0.1857 0.4477
vn -0.7865 0.2091 0.5811
vn -0.7864 0.2093 0.5812
vn -0.7873 0.2070 0.5808
vn -0.6770 0.1435 0.7218
vn -0.6006 0.1381 0.7876
vn -0.4617 0.2072 0.8625
vn -0.1698 0.3167 0.9332
vn -0.1547 0.9586 0.2390
vn -0.5140 0.8151 0.2672
vn -0.7655 0.5730 0.2928
vn -0.8110 0.5615 0.1644
vn -0.8109 0.5616 0.1643
vn -0.8109 0.5617 0.1643
vn -0.8367 0.5312 0.1333
vn -0.1441 -0.0706 0.9870
vn -0.2607 0.0524 0.9640
vn -0.4450 0.2567 0.8580
vn -0.6380 0.2697 0.7213
vn -0.6375 0.2690 0.7219
vn -0.6399 0.2720 0.7187
vn -0.7224 0.1730 0.6694
vn -0.7258 0.1771 0.6647
vn -0.7247 0.1760 0.6662
vn -0.7367 0.1311 0.6634
vn -0.7757 0.1509 0.6127
vn -0.8104 0.1281 0.5717
vn -0.8052 -0.0336 0.5920
vn -0.9356 -0.0396 0.3507
vn -0.9463 0.2641 0.1866
vn -0.3306 0.8952 -0.2988
vn -0.5035 0.8631 -0.0390
vn -0.7322 0.6745 0.0944
vn -0.7321 0.6747 0.0945
vn -0.7323 0.6745 0.0943
vn -0.7324 0.6743 0.0942
vn -0.9168 0.3248 0.2323
vn -0.9294 0.3579 -0.0902
vn -0.9299 0.3558 -0.0933
vn -0.9294 0.3580 -0.0895
vn -0.8485 0.4645 0.2536
vn -0.8287 0.4855 0.2784
vn -0.8623 0.4369 -0.2561
vn -0.7543 0.6389 0.1508
vn -0.7547 0.6385 0.1506
vn -0.7469 0.6465 0.1554
vn -0.7349 0.6467 0.2042
vn -0.1430 0.2690 0.9525
vn -0.2964 0.3811 0.8757
vn -0.4501 0.4479 0.7725
vn -0.6398 0.3328 0.6927
vn -0.7326 0.2536 0.6316
vn -0.7554 0.1926 0.6263
vn -0.7660 0.2071 0.6086
vn -0.8306 0.0861 0.5501
vn -0.8008 0.0229 0.5985
vn -0.9204 -0.1114 0.3748
vn -0.9452 -0.2824 0.1640
vn -0.7521 -0.3938 0.5284
vn -0.9059 0.1427 0.3988
vn -0.7968 0.1816 0.5762
vn -0.8087 0.2035 0.5519
vn -0.6178 0.7105 0.3369
vn -0.5456 0.3374 0.7672
vn -0.4320 0.2802 0.8572
vn -0.3686 0.2663 0.8906
vn -0.1628 0.3553 0.9205
vn -0.1635 0.3552 0.9204
vn -0.1614 0.3556 0.9206
vn -0.0186 0.3109 0.9502
vn 0.0016 0.0092 1.0000
vn -0.1128 -0.0135 0.9935
vn -0.1799 0.9437 0.2776
vn -0.0528 0.9231 0.3809
vn -0.1251 0.8130 -0.5687
vn -0.0290 0.8517 -0.5233
vn -0.5869 0.7515 -0.3013
vn -0.1632 0.8153 0.5555
vn -0.5408 0.5576 0.6298
vn -0.6945 0.4307 0.5764
vn -0.7857 0.2566 0.5629
vn -0.8966 0.4397 0.0522
vn -0.7816 0.6236 -0.0156
vn -0.7824 0.6225 -0.0166
vn -0.7813 0.6240 -0.0154
vn -0.8762 0.4279 0.2218
vn -0.9177 0.3938 0.0521
vn -0.9175 0.3944 0.0516
vn -0.9175 0.3957 0.0414
vn -0.9756 0.2080 0.0700
vn -0.9230 0.3589 0.1389
vn -0.8220 0.5318 0.2038
vn -0.5372 0.8228 0.1858
vn -0.5736 0.7785 0.2549
vn -0.7235 0.6488 0.2359
vn -0.7224 0.6497 0.2367
vn -0.7303 0.6426 0.2319
vn -0.7082 0.7060 0.0061
vn -0.7530 0.6190 0.2234
vn -0.7244 0.6564 0.2104
vn -0.7528 0.6272 0.1998
vn -0.8332 0.5270 0.1673
vn -0.8657 0.4766 0.1533
vn -0.9075 0.3924 0.1499
vn -0.8450 0.4500 0.2888
vn -0.8986 0.4383 0.0213
vn -0.8326 0.2510 0.4937
vn -0.8280 0.2112 0.5193
vn -0.8699 0.4765 0.1275
vn -0.8252 0.4548 0.3349
vn -0.9340 0.2894 0.2098
vn -0.9749 0.1590 0.1561
vn -0.9769 0.1569 0.1454
vn -0.9746 0.1591 0.1577
vn -0.9294 0.3572 0.0927
vn -0.9470 0.3121 0.0762
vn -0.9615 0.2573 0.0967
vn -0.9602 0.2712 0.0668
vn -0.9563 0.2696 -0.1133
vn -0.9789 0.1777 0.1011
vn -0.9716 0.2249 0.0736
vn -0.9895 0.0668 0.1281
vn -0.9837 0.1605 0.0814
vn -0.9946 0.0796 0.0673
vn -0.9964 0.0477 0.0706
vn -0.9955 0.0353 0.0876
vn -0.9871 0.1372 0.0830
vn -0.9762 0.1851 0.1129
vn -0.2377 0.9690 0.0674
vn -0.4527 0.8848 -0.1105
vn -0.5676 0.8157 -0.1114
vn -0.7851 0.6170 0.0549
vn -0.7845 0.6178 0.0538
vn -0.7856 0.6163 0.0549
vn -0.7827 0.6199 0.0557
vn -0.7830 0.6196 0.0558
vn -0.9533 0.2591 0.1551
vn -0.9589 0.2608 -0.1122
vn -0.8546 0.5058 -0.1174
vn -0.7962 0.5822 0.1647
vn -0.9417 0.3198 0.1050
vn -0.1981 0.9163 -0.3480
vn -0.1705 0.9103 -0.3773
vn 0.1130 -0.8012 0.5876
vn 0.5354 0.7380 0.4108
vn 0.1881 -0.7828 -0.5932
vn 0.2235 0.7559 0.6154
vn 0.6498 0.7305 -0.2102
vn 0.2890 0.9430 0.1651
vn 0.8978 0.3999 -0.1845
vn 0.3841 0.6584 0.6473
vn 0.2493 0.8102 0.5305
vn 0.6186 0.6925 -0.3713
vn -0.0059 0.9937 -0.1118
vn 0.2697 0.9554 0.1199
vn 0.4392 0.8722 0.2153
vn -0.4520 -0.7349 -0.5057
vn 0.9996 0.0132 -0.0249
vn 0.9428 0.3235 0.0800
vn 0.1182 0.4510 -0.8847
vn -0.2545 -0.9214 0.2936
vn -0.5627 -0.8256 0.0412
vn 0.8854 0.3739 0.2761
vn 0.8302 0.3919 -0.3965
vn 0.7942 0.3544 -0.4936
vn 0.7017 0.7125 0.0069
vn 0.7021 0.7121 0.0013
vn 0.7023 0.7119 -0.0001
vn 0.2659 0.4892 -0.8306
vn -0.3579 0.9338 0.0022
vn 0.9886 -0.0025 0.1506
vn -0.5759 -0.7871 0.2207
vn -0.6090 -0.7673 0.2007
vn -0.6047 -0.7693 0.2062
vn -0.6033 -0.7699 0.2080
vn -0.6491 -0.6443 0.4043
vn -0.6481 -0.6454 0.4043
vn -0.6501 -0.6437 0.4038
vn 0.1330 0.9269 -0.3509
vn -0.1766 -0.9829 0.0526
vn 0.8758 0.0755 -0.4767
vn 0.6658 0.4971 -0.5564
vn -0.6160 -0.6711 0.4125
vn 0.7550 0.5548 -0.3494
vn 0.3554 0.6343 0.6865
vn 0.3564 0.6346 0.6857
vn 0.3607 0.6361 0.6821
vn 0.1834 0.4942 -0.8498
vn -0.4853 -0.5234 0.7003
vn 0.0121 -0.9878 0.1555
vn 0.2371 0.4619 -0.8546
vn 0.5676 0.6381 0.5202
vn -0.5245 -0.3601 -0.7715
vn -0.0943 -0.0345 -0.9949
vn 0.9977 0.0123 -0.0663
vn 0.9618 0.2585 0.0900
vn -0.6046 -0.7439 0.2846
vn -0.4626 -0.6899 -0.5568
vn 0.5825 0.7777 0.2362
vn -0.8450 -0.4919 0.2096
vn -0.9464 0.2883 0.1455
vn -0.6333 -0.0360 0.7730
vn -0.9801 0.1811 0.0810
vn -0.8466 0.1302 0.5160
vn -0.7610 0.5900 -0.2696
vn -0.6416 0.6654 -0.3815
vn -0.6387 0.6654 -0.3865
vn -0.6385 0.6651 -0.3871
vn -0.6238 0.6826 -0.3807
vn -0.3365 0.8720 0.3554
vn -0.3880 0.8674 0.3117
vn -0.4083 0.8304 0.3791
vn -0.4144 0.6252 0.6614
vn -0.4702 0.8171 0.3335
vn 0.1919 -0.3763 -0.9064
vn -0.1077 0.0984 0.9893
vn -0.1023 0.4909 -0.8652
vn 0.2276 -0.0513 -0.9724
vn -0.3939 0.7537 0.5260
vn -0.4839 0.8488 0.2130
vn -0.4836 0.8492 0.2124
vn -0.4845 0.8483 0.2134
vn -0.6480 0.7308 -0.2145
vn -0.6236 0.7777 -0.0788
vn -0.4549 0.8401 -0.2955
vn -0.5110 0.8426 -0.1699
vn -0.3308 0.8977 -0.2911
vn -0.3940 0.8640 -0.3135
vn -0.3451 0.8383 -0.4221
vn -0.3452 0.8392 -0.4202
vn -0.3446 0.8432 -0.4126
vn -0.4083 0.8982 -0.1628
vn -0.3684 0.8739 -0.3172
vn -0.6430 0.6649 -0.3801
vn -0.6386 0.6662 -0.3853
vn -0.6088 0.6868 -0.3970
vn -0.6065 0.6925 -0.3906
vn -0.6110 0.6849 -0.3971
vn 0.8050 0.5928 -0.0233
vn 0.4936 0.8614 0.1200
vn 0.8552 -0.2498 -0.4542
vn 0.7423 -0.6699 0.0149
vn -0.4007 -0.8766 -0.2667
vn 0.3026 -0.8270 -0.4738
vn 0.2354 -0.6160 0.7517
vn 0.7610 0.1907 0.6201
vn 0.6676 0.7432 0.0444
vn 0.5555 0.8195 -0.1408
vn 0.9219 0.1804 0.3428
vn 0.9243 0.1834 0.3348
vn -0.4031 -0.2311 0.8855
vn -0.1157 0.1739 0.9779
vn -0.1145 0.1744 0.9780
vn 0.6284 0.7118 0.3138
vn -0.1452 0.7089 0.6902
vn 0.5862 0.6382 -0.4992
vn 0.5872 0.6371 -0.4992
vn 0.5869 0.6372 -0.4995
vn 0.6415 0.5946 -0.4847
vn 0.5675 0.6550 -0.4990
vn 0.8447 0.2988 0.4441
vn 0.7383 0.4377 -0.5132
vn 0.7382 0.4374 -0.5136
vn 0.7382 0.4376 -0.5134
vn 0.5911 0.7313 -0.3404
vn 0.0726 0.8360 0.5439
vn 0.8124 0.5620 -0.1555
vn 0.8254 0.3603 0.4347
vn 0.3781 0.6912 0.6158
vn -0.6447 0.4630 0.6083
vn 0.5326 0.8051 0.2612
vn 0.1007 0.8985 0.4273
vn 0.3009 0.8271 0.4747
vn 0.6598 0.6149 0.4318
vn 0.0569 0.2460 -0.9676
vn -0.3459 0.9328 -0.1011
vn -0.3262 0.9140 -0.2413
vn -0.7881 0.5229 0.3248
vn -0.7715 0.6240 0.1244
vn -0.4543 0.3283 0.8282
vn -0.0555 -0.0770 0.9955
vn -0.4728 0.5365 -0.6990
vn -0.6826 0.5821 -0.4418
vn -0.8126 0.1177 -0.5708
vn -0.7775 0.6239 -0.0795
vn -0.5448 0.8118 -0.2103
vn -0.7159 0.6546 -0.2428
vn -0.5984 0.6937 -0.4009
vn -0.5984 0.6934 -0.4014
vn -0.3905 0.3754 0.8406
vn -0.1409 -0.4487 0.8825
vn -0.1347 -0.8552 0.5005
vn -0.0795 0.7795 -0.6214
vn -0.3934 0.9023 0.1762
vn -0.0438 0.0173 -0.9989
vn -0.0440 0.0226 -0.9988
vn -0.0438 0.0199 -0.9988
vn 0.3448 0.8304 -0.4376
vn 0.3414 0.4507 0.8248
vn -0.4659 0.5891 -0.6602
vn -0.2726 0.6322 0.7253
vn 0.5303 0.7542 -0.3873
vn 0.9649 0.2616 0.0212
vn -0.4158 0.6108 -0.6738
vn -0.4181 0.6116 -0.6716
vn 0.0895 -0.2080 0.9740
vn -0.1332 -0.8053 -0.5777
vn -0.1143 -0.8857 -0.4500
vn -0.2140 0.7314 0.6475
vn 0.0411 0.9569 -0.2875
vn -0.4918 0.8338 -0.2508
vn -0.4502 0.6962 -0.5591
vn -0.1030 0.9904 0.0921
vn -0.1472 0.9152 0.3751
vn 0.1115 0.9733 -0.2007
vn 0.0674 0.8690 -0.4902
vn -0.3891 0.5796 0.7160
vn -0.3928 0.5829 0.7113
vn -0.3930 0.5837 0.7105
vn -0.3625 0.7623 0.5362
vn 0.1018 -0.0987 0.9899
vn 0.0202 0.8341 -0.5512
vn -0.0083 0.5432 0.8396
vn -0.1992 -0.4143 -0.8881
vn -0.1999 -0.5022 -0.8413
vn -0.1051 -0.9444 0.3116
vn -0.0994 -0.9943 -0.0390
vn -0.0969 -0.9947 -0.0345
vn -0.0997 -0.9942 -0.0397
vn -0.6457 -0.5368 -0.5431
vn 0.9489 0.2404 0.2042
vn -0.3220 0.2717 0.9069
vn -0.3401 0.2134 0.9159
vn -0.3803 0.9037 -0.1965
vn -0.6933 -0.5289 0.4894
vn 0.7562 0.6543 -0.0060
vn 0.4873 -0.1053 -0.8669
vn -0.0646 0.8587 -0.5083
vn -0.0234 -0.9760 -0.2167
vn -0.0775 -0.9895 -0.1219
vn -0.0774 -0.9894 -0.1226
vn -0.0845 -0.9891 -0.1205
vn -0.0852 -0.9884 -0.1257
vn -0.0853 -0.9884 -0.1259
vn -0.4318 0.6366 -0.6390
vn 0.2691 -0.8397 0.4716
vn -0.5100 -0.8013 -0.3127
vn -0.1447 0.7135 -0.6855
vn 0.3418 -0.7376 0.5823
vn -0.1183 -0.8750 0.4695
vn -0.1570 -0.9185 0.3630
vn -0.0941 0.8848 -0.4564
vn 0.0706 -0.3661 0.9279
vn 0.1411 -0.5717 -0.8082
vn -0.0598 -0.7091 0.7026
vn 0.0067 0.2666 -0.9638
vn 0.6936 0.6630 -0.2818
vn 0.0201 0.9726 0.2316
vn 0.8972 0.3735 0.2354
vn 0.4295 0.8138 -0.3914
vn 0.0280 0.8127 -0.5820
vn 0.0571 0.8058 -0.5894
vn -0.1782 0.9136 0.3656
vn 0.0477 0.8633 -0.5024
vn -0.0834 0.7731 0.6288
vn -0.3713 0.7188 -0.5877
vn -0.4293 0.6220 -0.6549
vn 0.6910 0.6536 -0.3088
vn -0.2274 0.9710 -0.0733
vn -0.6289 -0.7287 0.2710
vn -0.0437 0.0172 -0.9989
vn -0.0657 0.5057 -0.8602
vn -0.0712 0.5011 -0.8625
vn -0.0652 0.5061 -0.8600
vn 0.5147 -0.4409 0.7353
vn 0.3395 0.9179 -0.2055
vn -0.0986 -0.5808 -0.8081
vn -0.5463 -0.7355 -0.4007
vn 0.7668 0.5483 0.3336
vn -0.2999 0.8758 0.3781
vn -0.3719 0.8218 0.4316
vn -0.5866 0.8071 0.0667
vn 0.8585 0.5043 0.0937
vn 0.2590 0.9205 0.2927
vn 0.6059 0.7949 0.0331
vn -0.7833 0.4389 -0.4402
vn -0.6593 0.6219 -0.4227
vn -0.7699 0.3076 -0.5592
vn -0.8673 0.3421 -0.3615
vn -0.8467 0.3748 -0.3777
vn -0.8544 0.2617 -0.4489
vn -0.8501 0.2616 -0.4570
vn -0.8547 0.2612 -0.4485
vn -0.8375 0.2159 -0.5021
vn -0.8417 0.2244 -0.4910
vn -0.8379 0.2158 -0.5014
vn -0.8408 0.2243 -0.4926
vn 0.9295 0.3569 0.0930
vn 0.9002 0.3981 0.1767
vn 0.0958 0.9307 -0.3530
vn 0.4676 0.8833 -0.0350
vn -0.6150 0.6655 -0.4229
vn -0.6063 0.7810 -0.1501
vn -0.5857 0.7857 0.1990
vn -0.6796 0.4373 0.5890
vn -0.5505 0.6479 0.5265
vn -0.5204 0.7338 0.4367
vn -0.5635 0.4800 0.6724
vn -0.7619 0.3624 0.5369
vn -0.8534 0.4714 0.2227
vn -0.8528 0.4707 0.2263
vn -0.8525 0.4704 0.2278
vn -0.8294 0.5236 0.1948
vn -0.5135 0.1819 0.8386
vn -0.6417 0.3424 0.6862
vn -0.6061 0.4889 0.6273
vn -0.6065 0.4878 0.6278
vn -0.6063 0.4884 0.6276
vn -0.7220 0.6918 0.0113
vn -0.5717 0.8167 0.0787
vn -0.8309 0.5246 0.1854
vn -0.7866 0.5049 0.3554
vn -0.7297 0.3344 -0.5964
vn -0.7524 0.3746 -0.5418
vn -0.6903 0.4567 0.5611
vn -0.4966 0.7262 0.4754
vn 0.1485 0.7915 0.5928
vn 0.5684 0.7181 -0.4015
vn 0.0475 0.9000 -0.4333
vn -0.6541 0.6911 -0.3074
vn -0.1183 0.9925 -0.0313
vn 0.3110 0.8725 -0.3768
vn -0.6221 0.6456 -0.4429
vn -0.1194 0.9544 -0.2736
vn 0.2122 0.9074 -0.3627
vn -0.5814 0.7138 -0.3904
vn -0.5747 0.2914 0.7647
vn 0.7360 0.6653 0.1251
vn 0.7362 0.6651 0.1249
vn 0.7361 0.6653 0.1251
vn 0.5140 0.7035 0.4908
vn 0.8167 -0.0281 0.5764
vn 0.1973 0.0350 0.9797
vn 0.7840 0.6038 0.1444
vn 0.9578 0.2657 0.1095
vn 0.9577 0.2659 0.1100
vn 0.9570 0.2676 0.1116
vn 0.7010 0.7089 -0.0780
vn 0.2865 0.9228 -0.2574
vn 0.9569 0.2680 0.1117
vn 0.1268 0.0214 -0.9917
vn 0.3127 0.4356 0.8441
vn 0.1777 -0.9508 0.2538
vn 0.1039 -0.9933 0.0505
vn 0.3035 0.3338 0.8924
vn 0.4953 0.7693 -0.4036
vn 0.3856 0.9187 -0.0849
vn -0.1880 -0.7636 0.6177
vn 0.2484 0.8017 0.5436
vn 0.4253 0.8023 0.4188
vn -0.1864 -0.1082 -0.9765
vn 0.2158 0.9220 0.3215
vn -0.0867 -0.1989 0.9762
vn 0.1674 -0.9193 -0.3563
vn -0.1432 0.9578 -0.2492
vn 0.1880 0.5983 0.7789
vn 0.2094 0.4021 0.8913
vn 0.0909 -0.5243 0.8467
vn 0.2316 -0.2912 -0.9282
vn 0.4555 0.7944 0.4019
vn 0.5642 0.5710 0.5964
vn 0.5770 0.7329 -0.3604
vn 0.6648 0.6677 -0.3350
vn 0.8389 0.3305 -0.4324
vn 0.1185 0.7938 0.5966
vn 0.2773 0.9343 -0.2239
vn 0.2774 0.9338 -0.2261
vn 0.2769 0.9362 -0.2164
vn 0.8983 0.4317 -0.0819
vn 0.7007 0.7069 0.0964
vn 0.3639 0.8929 -0.2651
vn 0.3642 0.8926 -0.2657
vn 0.3668 0.8903 -0.2699
vn 0.9703 0.2143 0.1123
vn 0.9213 -0.2305 0.3130
vn -0.3049 0.6959 0.6502
vn -0.3331 0.8130 0.4775
vn -0.0423 0.9945 0.0963
vn -0.2766 0.9554 -0.1030
vn 0.4633 0.8071 0.3660
vn 0.2318 0.8481 0.4765
vn -0.0054 0.3929 0.9195
vn 0.0600 0.8724 0.4850
vn -0.1153 0.9534 -0.2787
vn 0.0006 -0.1916 0.9815
vn -0.1063 0.7316 0.6734
vn -0.2180 0.9501 0.2232
vn -0.0280 0.9231 -0.3836
vn -0.0196 0.8849 -0.4654
vn -0.0202 0.8853 -0.4646
vn -0.0194 0.8847 -0.4657
vn -0.0092 0.9992 -0.0382
vn -0.0541 0.4347 0.8990
vn -0.1516 0.3013 0.9414
vn -0.1750 0.3264 0.9289
vn 0.3966 0.7411 -0.5417
vn 0.0654 -0.8828 0.4652
vn 0.0286 -0.7238 0.6895
vn 0.0086 0.4412 -0.8974
vn 0.1273 -0.9798 -0.1540
vn 0.1993 -0.9554 -0.2179
vn -0.0306 0.9124 -0.4082
vn 0.1791 0.9738 -0.1400
vn 0.1775 0.9744 -0.1381
vn 0.1796 0.9738 -0.1398
vn 0.1171 -0.9390 0.3234
vn 0.1173 -0.9391 0.3229
vn 0.1173 -0.9399 0.3206
vn 0.2583 0.7698 -0.5837
vn 0.0058 0.9539 0.2999
vn 0.0685 0.9385 0.3384
vn 0.0256 0.0769 -0.9967
vn 0.0224 0.0767 -0.9968
vn 0.6244 0.6893 -0.3674
vn 0.7986 0.5149 -0.3116
vn 0.3973 0.8282 -0.3953
vn -0.1666 0.9289 0.3308
vn 0.7345 0.4510 -0.5071
vn -0.8343 0.2860 -0.4713
vn -0.0038 0.9335 -0.3586
vn -0.4662 0.8439 0.2656
vn -0.2865 0.7756 0.5624
vn -0.3608 0.8266 -0.4320
vn -0.3605 0.8268 -0.4318
vn 0.8754 0.2976 -0.3810
vn -0.1123 0.8203 -0.5608
vn 0.3217 0.8209 -0.4718
vn 0.0126 0.8574 -0.5144
vn 0.6581 0.6885 -0.3049
vn -0.3189 0.8183 -0.4783
vn -0.3102 0.8254 -0.4718
vn -0.3192 0.8179 -0.4787
vn -0.3372 0.8919 -0.3015
vn -0.3460 0.8861 -0.3083
vn -0.3369 0.8921 -0.3010
vn -0.3507 0.6117 -0.7091
vn -0.2784 0.7542 -0.5947
vn -0.3902 0.7338 -0.5561
vn -0.4334 0.6998 -0.5678
vn -0.4326 0.0956 -0.8965
vn -0.4344 0.2733 -0.8582
vn -0.9074 0.1739 -0.3827
vn -0.9646 0.2191 -0.1470
vn -0.7302 0.5777 -0.3647
vn -0.7303 0.5777 -0.3647
vn -0.7941 0.3848 -0.4704
vn -0.6587 0.6551 -0.3701
vn -0.3247 0.7512 0.5747
vn -0.5803 0.6943 -0.4258
vn -0.5748 0.7014 -0.4214
vn -0.5728 0.7020 -0.4232
vn -0.1726 0.7823 -0.5985
vn -0.4305 0.7513 -0.5002
vn -0.4841 0.7948 -0.3661
vn -0.4288 0.8636 -0.2653
vn -0.2110 0.8655 -0.4543
vn -0.9172 0.3667 0.1560
vn -0.9525 0.2577 -0.1623
vn -0.8500 0.2999 -0.4331
vn -0.7913 0.3268 -0.5168
vn -0.6776 0.3987 -0.6179
vn -0.5719 0.6793 0.4599
vn -0.8218 0.5568 0.1212
vn 0.2199 0.8385 -0.4986
vn -0.4609 0.7348 -0.4976
vn -0.3463 0.8237 -0.4490
vn -0.5259 0.7616 -0.3788
vn -0.4864 0.7965 -0.3593
vn -0.4299 0.8542 -0.2924
vn -0.6025 0.7485 -0.2771
vn -0.6016 0.7481 -0.2801
vn -0.5626 0.7574 -0.3313
vn -0.3032 0.8976 -0.3198
vn -0.2730 0.9119 -0.3066
vn 0.7634 0.5243 0.3773
vn -0.0818 0.3843 0.9196
vn -0.7526 0.6393 -0.1578
vn -0.8818 0.4703 0.0351
vn -0.9847 0.1722 0.0250
vn -0.9061 0.3670 0.2105
vn 0.5404 0.7851 -0.3025
vn 0.5426 0.7846 -0.2999
vn 0.5418 0.7818 -0.3085
vn -0.3841 -0.2078 -0.8996
vn -0.0512 0.1116 -0.9924
vn 0.4812 0.3141 0.8184
vn -0.5378 0.2661 -0.8000
vn -0.5851 0.3867 -0.7128
vn -0.3207 -0.1975 -0.9264
vn -0.1684 -0.1288 -0.9773
vn -0.6676 0.6779 -0.3078
vn -0.6680 0.6775 -0.3078
vn -0.6685 0.6773 -0.3073
vn 0.0863 0.9773 0.1933
vn 0.3551 0.6307 -0.6900
vn 0.2439 0.7977 -0.5516
vn 0.4622 0.7738 0.4331
vn 0.7585 0.6228 -0.1920
vn 0.8697 0.3304 -0.3667
vn 0.4009 0.8383 -0.3695
vn -0.0753 0.8509 -0.5199
vn 0.7191 0.4146 0.5577
vn -0.2538 0.9473 0.1954
vn -0.0929 0.9956 0.0074
vn -0.0935 0.9956 0.0074
vn -0.0933 0.9956 0.0074
vn 0.3700 0.8508 -0.3732
vn 0.2272 0.9200 -0.3195
vn 0.3973 0.8612 -0.3169
vn 0.7500 0.3589 -0.5555
vn 0.6325 0.7360 0.2412
vn 0.5644 0.4147 0.7137
vn 0.8253 0.3970 -0.4016
vn 0.8407 0.5045 -0.1966
vn 0.8404 0.5052 -0.1964
vn 0.8378 0.5107 -0.1929
vn 0.5589 0.1969 0.8055
vn 0.5220 0.8511 -0.0559
vn 0.3394 0.8537 -0.3950
vn 0.7646 0.6033 0.2267
vn 0.3299 0.6915 -0.6427
vn 0.6361 0.7327 -0.2420
vn 0.5012 0.5245 -0.6883
vn -0.0604 0.9223 0.3818
vn 0.8686 0.3093 -0.3870
vn 0.6394 0.5030 0.5816
vn -0.1854 0.8889 0.4188
vn 0.8510 0.3798 -0.3628
vn -0.2406 0.9515 -0.1916
vn 0.3492 0.8856 -0.3061
vn 0.3386 0.8877 -0.3120
vn 0.3485 0.8858 -0.3063
vn 0.7530 0.6254 0.2046
vn 0.8073 0.5223 0.2747
vn 0.8622 0.4752 0.1758
vn 0.8630 0.4744 0.1737
vn 0.8632 0.4742 0.1735
vn 0.9016 0.3952 0.1761
vn 0.9031 0.3943 0.1703
vn 0.9033 0.3942 0.1694
vn 0.8506 0.4954 0.1761
vn 0.8662 0.4643 0.1846
vn -0.6916 0.7201 -0.0561
vn -0.6905 0.7210 -0.0573
vn -0.6918 0.7199 -0.0559
vn -0.6905 0.7222 -0.0407
vn -0.3749 0.9229 0.0878
vn -0.3333 0.9411 0.0572
vn -0.3271 0.9437 0.0489
vn -0.3342 0.9407 0.0583
vn 0.0824 0.9666 0.2427
vn 0.0688 0.9976 0.0002
vn -0.0457 0.8652 0.4993
vn 0.1983 0.9109 -0.3617
vn 0.0563 0.9294 -0.3646
vn 0.7330 0.6586 -0.1703
vn 0.4713 0.4203 -0.7754
vn -0.3890 0.7110 0.5858
vn -0.6909 0.6265 0.3607
vn -0.7010 0.6777 0.2220
vn -0.6476 0.7471 0.1499
vn -0.7575 0.6361 0.1472
vn -0.4984 0.8242 0.2689
vn -0.6922 0.6756 0.2537
vn -0.7070 0.7066 0.0287
vn -0.4269 0.7516 0.5028
vn -0.5744 0.7319 0.3665
vn -0.6242 0.7081 -0.3302
vn -0.6449 0.7377 -0.2000
vn -0.6062 0.7683 -0.2056
vn -0.3442 0.8765 -0.3366
vn 0.4138 0.8614 0.2947
vn 0.5397 0.7817 0.3124
vn 0.6217 0.7833 -0.0016
vn 0.6419 0.7470 -0.1729
vn 0.4315 -0.1487 -0.8898
vn 0.4962 0.1661 -0.8521
vn 0.6215 0.7784 -0.0882
vn 0.2181 0.9753 -0.0341
vn -0.1320 0.8818 -0.4528
vn -0.1419 0.9897 0.0158
vn 0.3917 0.9060 0.1604
vn 0.5859 0.8034 0.1061
vn 0.4013 -0.2060 -0.8925
vn 0.5271 0.7907 -0.3113
vn 0.5251 0.7903 -0.3157
vn 0.5246 0.7901 -0.3170
vn 0.1961 0.9002 -0.3888
vn 0.1306 0.4064 -0.9043
vn -0.2257 0.3040 0.9256
vn 0.4698 0.3951 0.7894
vn 0.5994 0.5929 -0.5379
vn 0.0874 0.4505 -0.8885
vn 0.0879 0.4501 -0.8886
vn 0.0876 0.4503 -0.8886
vn 0.0623 0.4746 -0.8780
vn 0.2897 0.4158 -0.8621
vn 0.0767 0.1807 0.9805
vn 0.2781 0.2605 0.9245
vn -0.1814 0.2627 0.9477
vn -0.2928 0.3984 0.8692
vn -0.2949 0.4036 0.8661
vn -0.2930 0.3994 0.8687
vn 0.0868 0.4509 -0.8883
vn -0.1122 0.2247 0.9679
vn 0.1104 0.1816 0.9771
vn 0.1327 0.1871 0.9733
vn 0.4622 0.4991 -0.7330
vn 0.6799 0.5769 0.4527
vn -0.0237 0.5818 -0.8130
vn -0.2955 0.4038 0.8658
vn -0.1837 0.7993 -0.5722
vn 0.1603 0.4194 -0.8935
vn 0.2386 0.4102 -0.8802
vn 0.1166 0.4342 -0.8932
vn -0.4186 0.8127 0.4053
vn 0.3329 0.4295 -0.8394
vn 0.4110 0.4676 -0.7825
vn 0.1952 0.2136 0.9572
vn -0.0755 0.6644 -0.7436
vn -0.3965 0.9140 0.0861
vn -0.3711 0.5967 0.7115
vn -0.0160 0.4994 -0.8662
vn 0.0263 0.5504 -0.8345
vn -0.5896 0.3537 0.7261
vn 0.1665 0.5156 0.8405
vn 0.2420 0.7286 0.6407
vn -0.5182 0.4758 -0.7107
vn -0.2831 0.3893 -0.8765
vn 0.1719 0.8253 -0.5379
vn -0.3970 0.2333 0.8876
vn 0.2853 0.9035 0.3197
vn -0.2327 0.1712 0.9574
vn 0.0767 0.6415 -0.7633
vn 0.0497 0.3052 0.9510
vn 0.0160 0.2675 0.9634
vn -0.2390 0.3811 -0.8931
vn -0.0427 0.2269 0.9730
vn 0.0406 0.5707 -0.8202
vn 0.0320 0.5565 -0.8302
vn -0.1062 0.4177 -0.9024
vn -0.7359 0.5693 -0.3666
vn -0.2934 0.1890 0.9371
vn -0.2168 0.1692 0.9614
vn -0.4955 0.2880 0.8195
vn -0.0780 0.4381 -0.8955
vn 0.1378 0.4521 0.8813
vn -0.1435 0.3994 -0.9055
vn 0.2730 0.9613 -0.0378
vn -0.3938 0.4249 -0.8151
vn -0.1972 0.1710 0.9653
vn -0.2153 0.3814 -0.8990
vn -0.5206 0.8511 -0.0681
vn -0.5206 0.8511 -0.0682
vn -0.6759 0.7311 -0.0926
vn -0.6769 0.7305 -0.0903
vn -0.6748 0.7322 -0.0923
vn -0.3473 0.9367 -0.0449
vn -0.3476 0.9365 -0.0452
vn -0.3477 0.9365 -0.0450
vn -0.6480 0.7319 -0.2107
vn -0.6480 0.7320 -0.2104
vn -0.6483 0.7317 -0.2106
vn -0.3342 0.9371 -0.1005
vn -0.3343 0.9371 -0.1005
vn -0.3343 0.9371 -0.1001
vn -0.4994 0.8518 -0.1585
vn -0.4995 0.8517 -0.1584
vn -0.4990 0.8519 -0.1587
vn -0.5955 0.7346 -0.3253
vn -0.5957 0.7344 -0.3251
vn -0.5954 0.7346 -0.3254
vn -0.3097 0.9383 -0.1538
vn -0.3099 0.9384 -0.1532
vn -0.3099 0.9384 -0.1527
vn -0.4608 0.8536 -0.2430
vn -0.4609 0.8536 -0.2428
vn -0.4610 0.8537 -0.2422
vn -0.5225 0.7383 -0.4265
vn -0.5228 0.7387 -0.4254
vn -0.5230 0.7389 -0.4249
vn -0.2763 0.9401 -0.1998
vn -0.2768 0.9400 -0.1995
vn -0.2757 0.9402 -0.2002
vn -0.4059 0.8566 -0.3186
vn -0.4057 0.8566 -0.3187
vn -0.4061 0.8565 -0.3185
vn -0.4287 0.7435 -0.5132
vn -0.4295 0.7432 -0.5130
vn -0.4286 0.7436 -0.5132
vn -0.2323 0.9424 -0.2407
vn -0.2328 0.9424 -0.2401
vn -0.2334 0.9424 -0.2396
vn -0.3369 0.8603 -0.3825
vn -0.3373 0.8602 -0.3824
vn -0.3373 0.8605 -0.3819
vn -0.3232 0.7490 -0.5784
vn -0.3231 0.7489 -0.5787
vn -0.3231 0.7490 -0.5784
vn -0.1834 0.9452 -0.2701
vn -0.1836 0.9453 -0.2695
vn -0.1844 0.9452 -0.2695
vn -0.2581 0.8649 -0.4305
vn -0.2582 0.8650 -0.4302
vn -0.2583 0.8650 -0.4302
vn -0.2058 0.7555 -0.6220
vn -0.2058 0.7556 -0.6219
vn -0.2056 0.7558 -0.6216
vn -0.1293 0.9484 -0.2895
vn -0.1287 0.9486 -0.2892
vn -0.1306 0.9484 -0.2888
vn -0.1705 0.8700 -0.4627
vn -0.1705 0.8699 -0.4627
vn -0.1710 0.8700 -0.4625
vn -0.0830 0.7629 -0.6412
vn -0.0834 0.7628 -0.6412
vn -0.0771 0.9514 -0.2980
vn -0.0805 0.9509 -0.2987
vn -0.0758 0.9516 -0.2977
vn -0.0803 0.8753 -0.4768
vn -0.0825 0.8746 -0.4778
vn -0.0798 0.8752 -0.4771
vn 0.0422 0.7707 -0.6358
vn 0.0434 0.7713 -0.6350
vn 0.0418 0.7703 -0.6363
vn -0.0150 0.9549 -0.2967
vn -0.0157 0.9549 -0.2964
vn -0.0163 0.9549 -0.2963
vn 0.0144 0.8802 -0.4743
vn 0.0145 0.8802 -0.4743
vn 0.0142 0.8803 -0.4742
vn 0.1644 0.7782 -0.6061
vn 0.1632 0.7773 -0.6076
vn 0.1642 0.7786 -0.6056
vn 0.0341 0.9580 -0.2847
vn 0.0319 0.9576 -0.2862
vn 0.0349 0.9582 -0.2840
vn 0.1016 0.8853 -0.4538
vn 0.0989 0.8843 -0.4562
vn 0.1021 0.8856 -0.4531
vn 0.2793 0.7844 -0.5538
vn 0.2794 0.7844 -0.5537
vn 0.2788 0.7845 -0.5540
vn 0.0947 0.9616 -0.2575
vn 0.0948 0.9616 -0.2575
vn 0.0947 0.9616 -0.2576
vn 0.1920 0.8901 -0.4133
vn 0.1899 0.8904 -0.4136
vn 0.1891 0.8906 -0.4135
vn 0.3795 0.7905 -0.4807
vn 0.3796 0.7904 -0.4809
vn 0.3799 0.7901 -0.4810
vn 0.1352 0.9642 -0.2280
vn 0.1352 0.9642 -0.2281
vn 0.1353 0.9642 -0.2280
vn 0.2622 0.8950 -0.3609
vn 0.2609 0.8942 -0.3637
vn 0.2627 0.8954 -0.3595
vn 0.4638 0.7958 -0.3893
vn 0.4638 0.7956 -0.3897
vn 0.1801 0.9671 -0.1796
vn 0.1805 0.9671 -0.1795
vn 0.1808 0.9671 -0.1790
vn 0.3300 0.8989 -0.2884
vn 0.3276 0.8993 -0.2898
vn 0.3263 0.8995 -0.2904
vn 0.5277 0.8006 -0.2838
vn 0.5277 0.8007 -0.2837
vn 0.5276 0.8007 -0.2836
vn 0.2069 0.9688 -0.1364
vn 0.2069 0.9688 -0.1363
vn 0.2068 0.9689 -0.1361
vn 0.3741 0.9026 -0.2130
vn 0.3740 0.9019 -0.2161
vn 0.3743 0.9028 -0.2119
vn 0.5704 0.8043 -0.1667
vn 0.5704 0.8042 -0.1671
vn 0.5695 0.8048 -0.1672
vn 0.2299 0.9704 -0.0745
vn 0.2297 0.9704 -0.0744
vn 0.2297 0.9704 -0.0743
vn 0.4080 0.9048 -0.1219
vn 0.4064 0.9053 -0.1235
vn 0.4063 0.9052 -0.1246
vn 0.5886 0.8070 -0.0487
vn 0.5903 0.8058 -0.0478
vn 0.5899 0.8062 -0.0462
vn 0.2360 0.9713 -0.0310
vn 0.2370 0.9710 -0.0318
vn 0.2367 0.9711 -0.0296
vn 0.4188 0.9071 -0.0415
vn 0.4203 0.9064 -0.0417
vn 0.4195 0.9069 -0.0388
vn 0.5853 0.8069 0.0798
vn 0.5887 0.8048 0.0757
vn 0.5840 0.8078 0.0802
vn 0.2350 0.9715 0.0308
vn 0.2350 0.9715 0.0305
vn 0.2350 0.9715 0.0301
vn 0.4167 0.9076 0.0516
vn 0.4166 0.9076 0.0517
vn 0.4166 0.9077 0.0510
vn 0.5591 0.8057 0.1956
vn 0.5609 0.8043 0.1960
vn 0.5586 0.8053 0.1985
vn 0.2243 0.9714 0.0775
vn 0.2264 0.9712 0.0745
vn 0.2235 0.9715 0.0784
vn 0.3957 0.9076 0.1405
vn 0.3978 0.9070 0.1382
vn 0.3950 0.9078 0.1413
vn 0.5089 0.8027 0.3110
vn 0.5090 0.8027 0.3109
vn 0.5085 0.8029 0.3112
vn 0.2030 0.9708 0.1279
vn 0.2036 0.9703 0.1309
vn 0.2017 0.9705 0.1319
vn 0.3602 0.9061 0.2221
vn 0.3594 0.9054 0.2260
vn 0.3599 0.9050 0.2270
vn 0.4337 0.7998 0.4150
vn 0.4337 0.7998 0.4151
vn 0.4337 0.7998 0.4149
vn 0.1696 0.9695 0.1769
vn 0.1703 0.9695 0.1765
vn 0.1691 0.9695 0.1772
vn 0.3043 0.9028 0.3039
vn 0.3095 0.9017 0.3020
vn 0.3038 0.9026 0.3050
vn 0.3388 0.7950 0.5031
vn 0.3474 0.7922 0.5018
vn 0.3380 0.7951 0.5036
vn 0.1346 0.9683 0.2106
vn 0.1304 0.9676 0.2162
vn 0.1289 0.9673 0.2184
vn 0.2437 0.8984 0.3653
vn 0.2422 0.8978 0.3679
vn 0.2418 0.8975 0.3688
vn 0.2352 0.7859 0.5719
vn 0.2353 0.7859 0.5718
vn 0.0739 0.9650 0.2518
vn 0.0703 0.9650 0.2528
vn 0.0745 0.9648 0.2521
vn 0.1567 0.8932 0.4214
vn 0.1590 0.8928 0.4215
vn 0.1565 0.8932 0.4216
vn 0.1181 0.7798 0.6148
vn 0.1184 0.7798 0.6148
vn 0.1188 0.7800 0.6145
vn 0.0234 0.9627 0.2696
vn 0.0194 0.9620 0.2723
vn 0.0179 0.9617 0.2736
vn 0.0697 0.8877 0.4551
vn -0.0091 0.7725 0.6349
vn -0.0092 0.7725 0.6349
vn -0.0094 0.7724 0.6351
vn -0.0515 0.9576 0.2835
vn -0.0585 0.9576 0.2820
vn -0.0485 0.9575 0.2842
vn -0.0268 0.8826 0.4694
vn -0.0318 0.8833 0.4677
vn -0.0256 0.8821 0.4703
vn -0.1382 0.7644 0.6297
vn -0.1352 0.7653 0.6293
vn -0.1351 0.7663 0.6281
vn -0.1045 0.9543 0.2800
vn -0.1061 0.9538 0.2811
vn -0.1073 0.9539 0.2802
vn -0.1266 0.8772 0.4632
vn -0.1246 0.8777 0.4626
vn -0.1239 0.8777 0.4629
vn -0.2565 0.7587 0.5988
vn -0.2596 0.7602 0.5956
vn -0.2563 0.7589 0.5986
vn -0.1659 0.9498 0.2652
vn -0.1710 0.9499 0.2617
vn -0.1642 0.9498 0.2662
vn -0.2142 0.8720 0.4401
vn -0.2172 0.8726 0.4375
vn -0.2134 0.8718 0.4409
vn -0.3698 0.7530 0.5443
vn -0.3699 0.7531 0.5441
vn -0.3700 0.7532 0.5439
vn -0.2114 0.9469 0.2423
vn -0.2086 0.9473 0.2430
vn -0.2075 0.9475 0.2431
vn -0.2937 0.8675 0.4014
vn -0.2935 0.8676 0.4014
vn -0.2930 0.8678 0.4013
vn -0.4700 0.7467 0.4707
vn -0.4688 0.7472 0.4710
vn -0.4683 0.7473 0.4714
vn -0.2579 0.9441 0.2055
vn -0.2575 0.9441 0.2057
vn -0.2559 0.9441 0.2079
vn -0.3683 0.8628 0.3464
vn -0.3696 0.8634 0.3435
vn -0.3680 0.8629 0.3464
vn -0.5560 0.7412 0.3761
vn -0.5555 0.7406 0.3781
vn -0.5563 0.7413 0.3755
vn -0.2896 0.9418 0.1707
vn -0.2897 0.9419 0.1701
vn -0.2890 0.9420 0.1706
vn -0.4281 0.8591 0.2804
vn -0.4312 0.8580 0.2792
vn -0.4314 0.8583 0.2779
vn -0.6185 0.7369 0.2728
vn -0.6183 0.7367 0.2737
vn -0.6180 0.7368 0.2742
vn -0.3209 0.9396 0.1193
vn -0.3209 0.9396 0.1191
vn -0.3208 0.9396 0.1194
vn -0.4792 0.8547 0.1996
vn -0.4790 0.8547 0.2000
vn -0.6611 0.7335 0.1578
vn -0.6634 0.7323 0.1539
vn -0.6643 0.7313 0.1544
vn -0.3399 0.9381 0.0665
vn -0.3401 0.9380 0.0667
vn -0.3403 0.9379 0.0676
vn -0.5101 0.8523 0.1156
vn -0.5098 0.8524 0.1158
vn -0.5095 0.8527 0.1155
vn -0.1600 0.9869 -0.0200
vn -0.1555 0.9871 -0.0395
vn -0.1466 0.9874 -0.0590
vn -0.1365 0.9880 -0.0728
vn -0.1189 0.9889 -0.0892
vn -0.1031 0.9897 -0.0990
vn -0.0841 0.9908 -0.1060
vn -0.0732 0.9914 -0.1086
vn -0.0726 0.9915 -0.1078
vn -0.0447 0.9933 -0.1068
vn -0.0444 0.9934 -0.1062
vn -0.0444 0.9934 -0.1061
vn -0.0338 0.9940 -0.1042
vn -0.0072 0.9958 -0.0918
vn 0.0053 0.9966 -0.0828
vn 0.0227 0.9977 -0.0638
vn 0.0312 0.9983 -0.0499
vn 0.0411 0.9989 -0.0232
vn 0.0426 0.9989 -0.0205
vn 0.0417 0.9989 -0.0195
vn 0.0407 0.9991 0.0081
vn 0.0414 0.9991 0.0083
vn 0.0415 0.9991 0.0083
vn 0.0402 0.9991 0.0104
vn 0.0316 0.9991 0.0296
vn 0.0211 0.9988 0.0442
vn 0.0127 0.9987 0.0498
vn 0.0125 0.9987 0.0495
vn 0.0133 0.9986 0.0513
vn -0.0197 0.9973 0.0714
vn -0.0272 0.9968 0.0748
vn -0.0283 0.9968 0.0743
vn -0.0748 0.9939 0.0815
vn -0.0749 0.9938 0.0816
vn -0.0796 0.9935 0.0813
vn -0.1102 0.9912 0.0740
vn -0.1105 0.9911 0.0738
vn -0.1136 0.9909 0.0725
vn -0.1165 0.9906 0.0712
vn -0.1319 0.9894 0.0601
vn -0.1420 0.9884 0.0537
vn -0.1419 0.9884 0.0536
vn -0.1406 0.9888 0.0508
vn -0.1507 0.9880 0.0350
vn -0.1574 0.9874 0.0174
vn -0.6826 0.7300 0.0354
vn -0.6801 0.7321 0.0398
vn -0.6797 0.7323 0.0405
vn -0.3490 0.9370 0.0118
vn -0.3490 0.9370 0.0115
vn -0.3494 0.9369 0.0112
vn -0.5241 0.8513 0.0231
vn -0.5242 0.8513 0.0233
vn -0.5242 0.8513 0.0234
vn -0.1603 0.9871 -0.0013
vn -0.8454 -0.5210 -0.1179
vn -0.8454 -0.5209 -0.1182
vn -0.8453 -0.5210 -0.1184
vn -0.9778 -0.1581 -0.1375
vn -0.9778 -0.1580 -0.1376
vn -0.9781 -0.1582 -0.1351
vn -0.9641 0.2308 -0.1316
vn -0.9641 0.2307 -0.1319
vn -0.8041 0.5844 -0.1087
vn -0.8041 0.5845 -0.1086
vn -0.8039 0.5847 -0.1088
vn -0.4169 -0.9069 -0.0612
vn -0.4168 -0.9070 -0.0609
vn -0.4169 -0.9069 -0.0613
vn -0.7290 -0.6769 -0.1025
vn -0.7290 -0.6768 -0.1025
vn -0.7290 -0.6768 -0.1026
vn -0.9296 -0.3454 -0.1289
vn -0.9295 -0.3454 -0.1292
vn -0.9897 0.0408 -0.1373
vn -0.9897 0.0408 -0.1375
vn -0.9896 0.0374 -0.1388
vn -0.9012 0.4157 -0.1226
vn -0.9013 0.4155 -0.1224
vn -0.6641 0.7421 -0.0906
vn -0.6638 0.7424 -0.0903
vn -0.6645 0.7420 -0.0888
vn -0.2318 -0.9721 -0.0363
vn -0.2320 -0.9720 -0.0364
vn -0.2319 -0.9720 -0.0365
vn -0.5843 -0.8072 -0.0834
vn -0.5844 -0.8072 -0.0833
vn -0.5843 -0.8073 -0.0832
vn -0.8609 0.4173 -0.2911
vn -0.8608 0.4174 -0.2912
vn -0.8608 0.4174 -0.2914
vn -0.6355 0.7438 -0.2074
vn -0.6353 0.7439 -0.2075
vn -0.6355 0.7437 -0.2073
vn -0.2191 -0.9716 -0.0893
vn -0.2191 -0.9716 -0.0892
vn -0.2190 -0.9716 -0.0891
vn -0.5554 -0.8061 -0.2042
vn -0.5553 -0.8061 -0.2043
vn -0.5554 -0.8063 -0.2037
vn -0.8046 -0.5199 -0.2868
vn -0.8049 -0.5196 -0.2865
vn -0.9329 -0.1541 -0.3256
vn -0.9328 -0.1539 -0.3258
vn -0.9201 0.2330 -0.3148
vn -0.9201 0.2331 -0.3147
vn -0.7687 0.5861 -0.2561
vn -0.7688 0.5860 -0.2561
vn -0.7690 0.5856 -0.2563
vn -0.3950 -0.9064 -0.1499
vn -0.3953 -0.9063 -0.1498
vn -0.3958 -0.9062 -0.1492
vn -0.6934 -0.6756 -0.2505
vn -0.6934 -0.6757 -0.2504
vn -0.6933 -0.6758 -0.2501
vn -0.8855 -0.3440 -0.3122
vn -0.8855 -0.3441 -0.3122
vn -0.8855 -0.3442 -0.3120
vn -0.9445 0.0388 -0.3263
vn -0.9444 0.0387 -0.3264
vn -0.7887 0.4204 -0.4485
vn -0.7887 0.4204 -0.4486
vn -0.7884 0.4207 -0.4488
vn -0.5850 0.7463 -0.3176
vn -0.5850 0.7462 -0.3178
vn -0.5846 0.7462 -0.3184
vn -0.1942 -0.9705 -0.1431
vn -0.1941 -0.9704 -0.1434
vn -0.1943 -0.9705 -0.1428
vn -0.5032 -0.8036 -0.3179
vn -0.5032 -0.8036 -0.3178
vn -0.5032 -0.8037 -0.3176
vn -0.7322 -0.5163 -0.4442
vn -0.7325 -0.5163 -0.4438
vn -0.7331 -0.5157 -0.4433
vn -0.8512 -0.1503 -0.5028
vn -0.8512 -0.1502 -0.5029
vn -0.8415 0.2370 -0.4855
vn -0.8414 0.2371 -0.4856
vn -0.7057 0.5887 -0.3942
vn -0.7058 0.5887 -0.3941
vn -0.7055 0.5888 -0.3943
vn -0.3558 -0.9044 -0.2356
vn -0.3559 -0.9044 -0.2352
vn -0.3556 -0.9043 -0.2361
vn -0.6300 -0.6727 -0.3880
vn -0.6300 -0.6726 -0.3881
vn -0.6300 -0.6725 -0.3883
vn -0.8069 -0.3405 -0.4827
vn -0.8069 -0.3405 -0.4828
vn -0.8628 0.0427 -0.5038
vn -0.8629 0.0429 -0.5036
vn -0.6876 0.4252 -0.5885
vn -0.6877 0.4253 -0.5884
vn -0.6876 0.4251 -0.5886
vn -0.5121 0.7497 -0.4191
vn -0.5129 0.7494 -0.4187
vn -0.5118 0.7500 -0.4190
vn -0.1614 -0.9687 -0.1885
vn -0.1613 -0.9687 -0.1884
vn -0.1613 -0.9687 -0.1885
vn -0.4296 -0.8000 -0.4188
vn -0.4298 -0.8000 -0.4187
vn -0.4293 -0.8001 -0.4189
vn -0.6314 -0.5105 -0.5836
vn -0.6314 -0.5106 -0.5836
vn -0.6315 -0.5106 -0.5836
vn -0.7367 -0.1449 -0.6605
vn -0.7365 -0.1444 -0.6608
vn -0.7319 0.2419 -0.6370
vn -0.7319 0.2420 -0.6370
vn -0.7313 0.2428 -0.6373
vn -0.6158 0.5940 -0.5176
vn -0.6154 0.5944 -0.5176
vn -0.6168 0.5933 -0.5172
vn -0.3017 -0.9017 -0.3097
vn -0.3017 -0.9017 -0.3098
vn -0.3018 -0.9018 -0.3094
vn -0.5409 -0.6682 -0.5108
vn -0.5410 -0.6681 -0.5108
vn -0.6970 -0.3345 -0.6342
vn -0.6970 -0.3346 -0.6342
vn -0.6975 -0.3341 -0.6339
vn -0.7485 0.0490 -0.6614
vn -0.7486 0.0493 -0.6611
vn -0.5604 0.4325 -0.7063
vn -0.5605 0.4324 -0.7063
vn -0.5606 0.4323 -0.7063
vn -0.4226 0.7545 -0.5021
vn -0.4226 0.7544 -0.5023
vn -0.4228 0.7546 -0.5019
vn -0.1189 -0.9664 -0.2278
vn -0.3380 -0.7953 -0.5033
vn -0.3382 -0.7953 -0.5031
vn -0.5045 -0.5039 -0.7011
vn -0.5044 -0.5037 -0.7014
vn -0.5944 -0.1374 -0.7924
vn -0.5941 -0.1377 -0.7925
vn -0.5946 0.2495 -0.7643
vn -0.5946 0.2496 -0.7643
vn -0.5944 0.2493 -0.7645
vn -0.5042 0.6005 -0.6206
vn -0.5041 0.6005 -0.6207
vn -0.5039 0.6006 -0.6207
vn -0.2330 -0.8980 -0.3732
vn -0.2327 -0.8981 -0.3732
vn -0.4295 -0.6621 -0.6141
vn -0.4294 -0.6622 -0.6141
vn -0.4297 -0.6621 -0.6141
vn -0.5603 -0.3269 -0.7610
vn -0.5603 -0.3269 -0.7611
vn -0.6061 0.0574 -0.7933
vn -0.6063 0.0571 -0.7931
vn -0.4124 0.4413 -0.7970
vn -0.4126 0.4411 -0.7970
vn -0.3180 0.7607 -0.5659
vn -0.3178 0.7609 -0.5657
vn -0.3183 0.7604 -0.5661
vn -0.0711 -0.9638 -0.2570
vn -0.0707 -0.9638 -0.2571
vn -0.0709 -0.9638 -0.2572
vn -0.2315 -0.7893 -0.5687
vn -0.2314 -0.7894 -0.5687
vn -0.2316 -0.7893 -0.5687
vn -0.3574 -0.4959 -0.7914
vn -0.3573 -0.4961 -0.7913
vn -0.3572 -0.4960 -0.7914
vn -0.4292 -0.1286 -0.8940
vn -0.4293 -0.1288 -0.8939
vn -0.4358 0.2592 -0.8619
vn -0.4358 0.2593 -0.8619
vn -0.4358 0.2598 -0.8617
vn -0.3745 0.6079 -0.7001
vn -0.3746 0.6079 -0.7001
vn -0.3748 0.6078 -0.7001
vn -0.1541 -0.8937 -0.4214
vn -0.1547 -0.8936 -0.4214
vn -0.1548 -0.8935 -0.4214
vn -0.2999 -0.6552 -0.6934
vn -0.3001 -0.6551 -0.6934
vn -0.2995 -0.6554 -0.6934
vn -0.4010 -0.3185 -0.8589
vn -0.4007 -0.3181 -0.8592
vn -0.4409 0.0669 -0.8951
vn -0.4406 0.0670 -0.8952
vn -0.4406 0.0669 -0.8952
vn -0.2503 0.4508 -0.8568
vn -0.2028 0.7675 -0.6082
vn -0.2025 0.7674 -0.6084
vn -0.2026 0.7669 -0.6090
vn -0.0163 -0.9606 -0.2773
vn -0.0160 -0.9606 -0.2775
vn -0.0159 -0.9606 -0.2776
vn -0.1141 -0.7827 -0.6118
vn -0.1143 -0.7827 -0.6118
vn -0.1139 -0.7828 -0.6118
vn -0.1948 -0.4872 -0.8513
vn -0.1948 -0.4871 -0.8513
vn -0.1945 -0.4871 -0.8514
vn -0.2472 -0.1182 -0.9617
vn -0.2473 -0.1182 -0.9617
vn -0.2467 -0.1182 -0.9619
vn -0.2587 0.2717 -0.9270
vn -0.2587 0.2715 -0.9270
vn -0.2597 0.2702 -0.9271
vn -0.2315 0.6163 -0.7527
vn -0.2313 0.6166 -0.7525
vn -0.2325 0.6163 -0.7524
vn -0.0666 -0.8885 -0.4540
vn -0.0663 -0.8885 -0.4541
vn -0.1569 -0.6475 -0.7458
vn -0.1570 -0.6475 -0.7457
vn -0.1572 -0.6475 -0.7456
vn -0.2251 -0.3095 -0.9239
vn -0.2251 -0.3094 -0.9239
vn -0.2245 -0.3099 -0.9239
vn -0.2586 0.0775 -0.9629
vn -0.2586 0.0774 -0.9629
vn -0.2587 0.0782 -0.9628
vn -0.0793 0.4612 -0.8838
vn -0.0793 0.4613 -0.8837
vn -0.0793 0.4617 -0.8835
vn -0.0823 0.7742 -0.6275
vn -0.0826 0.7743 -0.6274
vn -0.0828 0.7744 -0.6272
vn 0.0402 -0.9573 -0.2864
vn 0.0403 -0.9573 -0.2863
vn 0.0404 -0.9573 -0.2864
vn 0.0088 -0.7755 -0.6313
vn 0.0087 -0.7756 -0.6312
vn 0.0086 -0.7756 -0.6311
vn -0.0233 -0.4777 -0.8782
vn -0.0234 -0.4778 -0.8782
vn -0.0508 -0.1082 -0.9928
vn -0.0505 -0.1091 -0.9928
vn -0.0513 -0.1125 -0.9923
vn -0.0725 0.2821 -0.9566
vn -0.0724 0.2822 -0.9566
vn -0.0821 0.6254 -0.7760
vn -0.0824 0.6252 -0.7761
vn -0.0819 0.6255 -0.7759
vn 0.0251 -0.8832 -0.4683
vn 0.0248 -0.8832 -0.4684
vn 0.0253 -0.8832 -0.4682
vn -0.0074 -0.6388 -0.7693
vn -0.0073 -0.6388 -0.7693
vn -0.0381 -0.2989 -0.9535
vn -0.0383 -0.2987 -0.9536
vn -0.0624 0.0914 -0.9939
vn -0.0623 0.0922 -0.9938
vn -0.0688 0.0894 -0.9936
vn 0.0949 0.4729 -0.8760
vn 0.0947 0.4729 -0.8760
vn 0.0934 0.4719 -0.8767
vn 0.0400 0.7818 -0.6222
vn 0.0402 0.7820 -0.6220
vn 0.0397 0.7817 -0.6224
vn 0.0973 -0.9539 -0.2841
vn 0.0967 -0.9539 -0.2840
vn 0.0968 -0.9539 -0.2840
vn 0.1338 -0.7680 -0.6264
vn 0.1339 -0.7680 -0.6263
vn 0.1497 -0.4672 -0.8714
vn 0.1501 -0.4676 -0.8711
vn 0.1505 -0.4678 -0.8709
vn 0.1436 -0.1005 -0.9845
vn 0.1436 -0.1006 -0.9845
vn 0.1433 -0.1006 -0.9845
vn 0.1147 0.2928 -0.9493
vn 0.1146 0.2929 -0.9493
vn 0.1150 0.2926 -0.9493
vn 0.0698 0.6338 -0.7703
vn 0.0702 0.6336 -0.7705
vn 0.0701 0.6337 -0.7704
vn 0.1179 -0.8777 -0.4644
vn 0.1181 -0.8777 -0.4645
vn 0.1176 -0.8777 -0.4646
vn 0.1449 -0.6296 -0.7633
vn 0.1450 -0.6296 -0.7633
vn 0.1445 -0.6297 -0.7633
vn 0.1492 -0.2873 -0.9462
vn 0.1491 -0.2873 -0.9462
vn 0.1303 0.1037 -0.9860
vn 0.1303 0.1030 -0.9861
vn 0.1384 0.1001 -0.9853
vn 0.2629 0.4831 -0.8352
vn 0.2628 0.4830 -0.8352
vn 0.1590 0.7891 -0.5934
vn 0.1593 0.7892 -0.5931
vn 0.1589 0.7890 -0.5935
vn 0.1532 -0.9504 -0.2707
vn 0.1533 -0.9504 -0.2706
vn 0.2554 -0.7604 -0.5971
vn 0.2555 -0.7604 -0.5971
vn 0.2552 -0.7605 -0.5972
vn 0.3192 -0.4571 -0.8302
vn 0.3191 -0.4574 -0.8300
vn 0.3191 -0.4570 -0.8303
vn 0.3347 -0.0817 -0.9388
vn 0.3347 -0.0818 -0.9388
vn 0.3345 -0.0817 -0.9389
vn 0.2984 0.3035 -0.9049
vn 0.2985 0.3035 -0.9049
vn 0.2177 0.6424 -0.7348
vn 0.2084 -0.8721 -0.4427
vn 0.2085 -0.8720 -0.4429
vn 0.2086 -0.8721 -0.4426
vn 0.2929 -0.6202 -0.7278
vn 0.2930 -0.6200 -0.7278
vn 0.2925 -0.6198 -0.7282
vn 0.3333 -0.2756 -0.9016
vn 0.3332 -0.2758 -0.9016
vn 0.3231 0.1110 -0.9398
vn 0.3234 0.1107 -0.9398
vn 0.4200 0.4916 -0.7628
vn 0.4199 0.4915 -0.7629
vn 0.4197 0.4924 -0.7624
vn 0.2695 0.7959 -0.5422
vn 0.2695 0.7960 -0.5421
vn 0.2700 0.7957 -0.5421
vn 0.2047 -0.9472 -0.2469
vn 0.2046 -0.9472 -0.2469
vn 0.3692 -0.7531 -0.5446
vn 0.3689 -0.7532 -0.5446
vn 0.3687 -0.7533 -0.5446
vn 0.4767 -0.4462 -0.7574
vn 0.4759 -0.4457 -0.7582
vn 0.4755 -0.4458 -0.7584
vn 0.5111 -0.0703 -0.8566
vn 0.5113 -0.0701 -0.8565
vn 0.4687 0.3139 -0.8257
vn 0.4688 0.3143 -0.8255
vn 0.4686 0.3138 -0.8258
vn 0.3554 0.6509 -0.6709
vn 0.3550 0.6509 -0.6710
vn 0.3545 0.6512 -0.6710
vn 0.2924 -0.8668 -0.4039
vn 0.2923 -0.8667 -0.4041
vn 0.2920 -0.8668 -0.4042
vn 0.4305 -0.6109 -0.6645
vn 0.4307 -0.6108 -0.6644
vn 0.4308 -0.6107 -0.6644
vn 0.5035 -0.2647 -0.8224
vn 0.5036 -0.2647 -0.8224
vn 0.4996 0.1224 -0.8576
vn 0.4995 0.1222 -0.8576
vn 0.4993 0.1221 -0.8578
vn 0.5590 0.4999 -0.6616
vn 0.5592 0.4999 -0.6614
vn 0.5591 0.4998 -0.6615
vn 0.3688 0.8017 -0.4703
vn 0.3688 0.8018 -0.4702
vn 0.3687 0.8016 -0.4707
vn 0.2522 -0.9441 -0.2121
vn 0.2523 -0.9442 -0.2118
vn 0.4697 -0.7464 -0.4714
vn 0.4698 -0.7464 -0.4714
vn 0.6149 -0.4365 -0.6568
vn 0.6149 -0.4366 -0.6568
vn 0.6678 -0.0611 -0.7418
vn 0.6679 -0.0611 -0.7418
vn 0.6678 -0.0606 -0.7419
vn 0.6192 0.3231 -0.7157
vn 0.6195 0.3236 -0.7152
vn 0.4772 0.6591 -0.5813
vn 0.4772 0.6590 -0.5814
vn 0.4771 0.6590 -0.5815
vn 0.3681 -0.8617 -0.3492
vn 0.3680 -0.8618 -0.3491
vn 0.3684 -0.8616 -0.3491
vn 0.5525 -0.6034 -0.5751
vn 0.5524 -0.6035 -0.5750
vn 0.5529 -0.6034 -0.5746
vn 0.6542 -0.2537 -0.7125
vn 0.6541 -0.2537 -0.7126
vn 0.6534 -0.2541 -0.7131
vn 0.6565 0.1326 -0.7426
vn 0.6565 0.1327 -0.7426
vn 0.6558 0.1331 -0.7431
vn 0.6760 0.5074 -0.5344
vn 0.6761 0.5070 -0.5346
vn 0.4519 0.8071 -0.3801
vn 0.4517 0.8071 -0.3801
vn 0.4517 0.8071 -0.3802
vn 0.2895 -0.9417 -0.1716
vn 0.2896 -0.9417 -0.1714
vn 0.2893 -0.9417 -0.1716
vn 0.5540 -0.7407 -0.3800
vn 0.5541 -0.7407 -0.3798
vn 0.5543 -0.7406 -0.3799
vn 0.7317 -0.4289 -0.5297
vn 0.7320 -0.4287 -0.5295
vn 0.7318 -0.4291 -0.5295
vn 0.7988 -0.0530 -0.5992
vn 0.7990 -0.0534 -0.5989
vn 0.7456 0.3312 -0.5783
vn 0.7455 0.3313 -0.5783
vn 0.5797 0.6658 -0.4698
vn 0.5797 0.6657 -0.4699
vn 0.5797 0.6656 -0.4701
vn 0.4307 -0.8577 -0.2808
vn 0.4305 -0.8576 -0.2813
vn 0.4308 -0.8578 -0.2805
vn 0.6554 -0.5964 -0.4635
vn 0.6554 -0.5963 -0.4635
vn 0.6551 -0.5961 -0.4642
vn 0.7802 -0.2454 -0.5754
vn 0.7803 -0.2451 -0.5754
vn 0.7871 0.1419 -0.6003
vn 0.7870 0.1418 -0.6004
vn 0.7657 0.5136 -0.3872
vn 0.7653 0.5141 -0.3873
vn 0.7650 0.5142 -0.3877
vn 0.5148 0.8115 -0.2766
vn 0.5147 0.8116 -0.2764
vn 0.5147 0.8115 -0.2767
vn 0.3204 -0.9394 -0.1218
vn 0.3205 -0.9394 -0.1215
vn 0.3203 -0.9395 -0.1215
vn 0.6191 -0.7364 -0.2729
vn 0.6188 -0.7364 -0.2735
vn 0.8218 -0.4227 -0.3821
vn 0.8216 -0.4228 -0.3823
vn 0.8998 -0.0462 -0.4338
vn 0.8998 -0.0462 -0.4339
vn 0.8997 -0.0465 -0.4341
vn 0.8429 0.3377 -0.4188
vn 0.8428 0.3379 -0.4190
vn 0.8426 0.3381 -0.4192
vn 0.6586 0.6710 -0.3404
vn 0.6586 0.6711 -0.3404
vn 0.6586 0.6711 -0.3403
vn 0.4791 -0.8543 -0.2014
vn 0.4791 -0.8543 -0.2016
vn 0.4791 -0.8544 -0.2010
vn 0.7343 -0.5908 -0.3343
vn 0.7345 -0.5907 -0.3341
vn 0.7345 -0.5908 -0.3338
vn 0.8776 -0.2387 -0.4158
vn 0.8774 -0.2390 -0.4161
vn 0.8779 -0.2383 -0.4154
vn 0.8884 0.1486 -0.4343
vn 0.8883 0.1488 -0.4345
vn 0.8249 0.5184 -0.2253
vn 0.8250 0.5184 -0.2250
vn 0.8244 0.5189 -0.2260
vn 0.5560 0.8149 -0.1637
vn 0.5562 0.8148 -0.1637
vn 0.5562 0.8148 -0.1635
vn 0.3396 -0.9381 -0.0688
vn 0.3396 -0.9380 -0.0687
vn 0.3397 -0.9380 -0.0686
vn 0.6619 -0.7332 -0.1558
vn 0.6619 -0.7332 -0.1557
vn 0.6619 -0.7333 -0.1555
vn 0.8814 -0.4179 -0.2202
vn 0.8816 -0.4175 -0.2200
vn 0.8814 -0.4179 -0.2203
vn 0.9673 -0.0404 -0.2504
vn 0.9673 -0.0402 -0.2503
vn 0.9075 0.3426 -0.2432
vn 0.9075 0.3427 -0.2430
vn 0.7105 0.6749 -0.1994
vn 0.7107 0.6747 -0.1995
vn 0.7105 0.6750 -0.1992
vn 0.5108 -0.8521 -0.1143
vn 0.5111 -0.8518 -0.1146
vn 0.5107 -0.8520 -0.1153
vn 0.7865 -0.5871 -0.1917
vn 0.7864 -0.5873 -0.1914
vn 0.9421 -0.2342 -0.2398
vn 0.9421 -0.2342 -0.2399
vn 0.9557 0.1532 -0.2515
vn 0.9556 0.1533 -0.2516
vn 0.8519 0.5207 -0.0560
vn 0.8519 0.5207 -0.0557
vn 0.8521 0.5204 -0.0554
vn 0.5753 0.8167 -0.0448
vn 0.5756 0.8165 -0.0443
vn 0.5756 0.8166 -0.0435
vn 0.3483 -0.9373 -0.0114
vn 0.3485 -0.9372 -0.0116
vn 0.3484 -0.9373 -0.0113
vn 0.6811 -0.7314 -0.0338
vn 0.6813 -0.7312 -0.0337
vn 0.6811 -0.7314 -0.0340
vn 0.9083 -0.4153 -0.0494
vn 0.9084 -0.4153 -0.0493
vn 0.9085 -0.4151 -0.0491
vn 0.9976 -0.0375 -0.0574
vn 0.9977 -0.0376 -0.0573
vn 0.9369 0.3448 -0.0581
vn 0.9368 0.3449 -0.0580
vn 0.7342 0.6770 -0.0512
vn 0.7342 0.6769 -0.0512
vn 0.7343 0.6769 -0.0513
vn 0.5258 -0.8503 -0.0234
vn 0.5255 -0.8505 -0.0236
vn 0.5257 -0.8503 -0.0229
vn 0.8101 -0.5848 -0.0420
vn 0.8101 -0.5847 -0.0422
vn 0.9715 -0.2308 -0.0546
vn 0.9715 -0.2306 -0.0549
vn 0.9860 0.1562 -0.0587
vn 0.9860 0.1564 -0.0587
vn 0.9860 0.1558 -0.0589
vn 0.8463 0.5199 0.1162
vn 0.8467 0.5194 0.1149
vn 0.8455 0.5208 0.1174
vn 0.5712 0.8172 0.0773
vn 0.5714 0.8170 0.0770
vn 0.5709 0.8174 0.0777
vn 0.3461 -0.9371 0.0454
vn 0.3460 -0.9371 0.0457
vn 0.3462 -0.9371 0.0451
vn 0.6764 -0.7308 0.0916
vn 0.6763 -0.7309 0.0918
vn 0.6763 -0.7309 0.0917
vn 0.9014 -0.4150 0.1235
vn 0.9013 -0.4151 0.1236
vn 0.9010 -0.4156 0.1242
vn 0.9901 -0.0368 0.1356
vn 0.9901 -0.0369 0.1356
vn 0.9900 -0.0358 0.1362
vn 0.9298 0.3448 0.1284
vn 0.9298 0.3449 0.1284
vn 0.9296 0.3454 0.1284
vn 0.7288 0.6775 0.0987
vn 0.7286 0.6779 0.0985
vn 0.7282 0.6783 0.0984
vn 0.5213 -0.8505 0.0702
vn 0.5215 -0.8504 0.0700
vn 0.5212 -0.8505 0.0704
vn 0.8044 -0.5838 0.1100
vn 0.8043 -0.5839 0.1098
vn 0.8042 -0.5842 0.1094
vn 0.9642 -0.2296 0.1323
vn 0.9786 0.1563 0.1341
vn 0.9785 0.1564 0.1341
vn 0.9786 0.1565 0.1337
vn 0.8073 0.5169 0.2846
vn 0.8083 0.5161 0.2832
vn 0.8067 0.5182 0.2841
vn 0.5436 0.8168 0.1931
vn 0.5433 0.8171 0.1930
vn 0.3329 -0.9376 0.1008
vn 0.3330 -0.9375 0.1006
vn 0.3324 -0.9377 0.1008
vn 0.6474 -0.7319 0.2126
vn 0.6475 -0.7318 0.2127
vn 0.6472 -0.7321 0.2125
vn 0.8611 -0.4164 0.2918
vn 0.8611 -0.4166 0.2914
vn 0.8612 -0.4164 0.2914
vn 0.9451 -0.0385 0.3244
vn 0.9451 -0.0390 0.3245
vn 0.9450 -0.0386 0.3248
vn 0.8868 0.3433 0.3095
vn 0.8866 0.3433 0.3099
vn 0.8867 0.3428 0.3102
vn 0.6938 0.6777 0.2438
vn 0.6942 0.6764 0.2459
vn 0.6948 0.6759 0.2460
vn 0.5000 -0.8512 0.1596
vn 0.4999 -0.8512 0.1597
vn 0.4999 -0.8512 0.1598
vn 0.7689 -0.5852 0.2577
vn 0.7690 -0.5852 0.2573
vn 0.7690 -0.5850 0.2577
vn 0.9206 -0.2309 0.3148
vn 0.9207 -0.2315 0.3142
vn 0.9206 -0.2309 0.3150
vn 0.9336 0.1549 0.3231
vn 0.9336 0.1550 0.3231
vn 0.7351 0.5139 0.4422
vn 0.7352 0.5138 0.4420
vn 0.4945 0.8152 0.3015
vn 0.4947 0.8137 0.3052
vn 0.4942 0.8137 0.3059
vn 0.3088 -0.9389 0.1520
vn 0.3088 -0.9389 0.1521
vn 0.3088 -0.9389 0.1523
vn 0.5953 -0.7344 0.3260
vn 0.5952 -0.7344 0.3260
vn 0.5953 -0.7342 0.3263
vn 0.7892 -0.4197 0.4483
vn 0.8634 -0.0427 0.5027
vn 0.8635 -0.0431 0.5025
vn 0.8091 0.3389 0.4801
vn 0.8091 0.3388 0.4801
vn 0.8083 0.3396 0.4811
vn 0.6325 0.6737 0.3822
vn 0.6324 0.6711 0.3869
vn 0.6322 0.6710 0.3873
vn 0.4610 -0.8532 0.2442
vn 0.4612 -0.8532 0.2437
vn 0.7057 -0.5887 0.3943
vn 0.7060 -0.5884 0.3942
vn 0.7061 -0.5883 0.3941
vn 0.8423 -0.2358 0.4847
vn 0.8521 0.1514 0.5011
vn 0.8521 0.1515 0.5010
vn 0.8519 0.1510 0.5015
vn 0.6316 0.5105 0.5835
vn 0.6314 0.5104 0.5838
vn 0.6324 0.5093 0.5837
vn 0.4175 0.8101 0.4116
vn 0.4179 0.8098 0.4117
vn 0.4171 0.8102 0.4117
vn 0.2736 -0.9407 0.2008
vn 0.2736 -0.9407 0.2007
vn 0.2740 -0.9406 0.2004
vn 0.5216 -0.7387 0.4268
vn 0.5219 -0.7385 0.4270
vn 0.5216 -0.7386 0.4271
vn 0.6876 -0.4252 0.5886
vn 0.6874 -0.4254 0.5887
vn 0.7489 -0.0489 0.6608
vn 0.7488 -0.0487 0.6610
vn 0.6982 0.3333 0.6335
vn 0.5403 0.6668 0.5133
vn 0.5404 0.6672 0.5127
vn 0.5406 0.6676 0.5120
vn 0.4051 -0.8561 0.3210
vn 0.4064 -0.8560 0.3196
vn 0.4048 -0.8560 0.3215
vn 0.6164 -0.5934 0.5177
vn 0.6164 -0.5934 0.5176
vn 0.6164 -0.5935 0.5175
vn 0.7322 -0.2413 0.6369
vn 0.7324 -0.2411 0.6368
vn 0.7375 0.1453 0.6595
vn 0.7375 0.1453 0.6596
vn 0.5038 0.5037 0.7018
vn 0.5037 0.5037 0.7018
vn 0.3274 0.8051 0.4946
vn 0.3275 0.8050 0.4948
vn 0.3275 0.8048 0.4950
vn 0.2343 -0.9428 0.2370
vn 0.2343 -0.9428 0.2371
vn 0.2342 -0.9428 0.2372
vn 0.4300 -0.7437 0.5119
vn 0.4300 -0.7437 0.5118
vn 0.4301 -0.7437 0.5117
vn 0.5605 -0.4321 0.7065
vn 0.5609 -0.4317 0.7064
vn 0.6054 -0.0573 0.7939
vn 0.6048 -0.0579 0.7942
vn 0.5597 0.3254 0.7621
vn 0.5596 0.3259 0.7620
vn 0.5594 0.3256 0.7623
vn 0.4286 0.6624 0.6144
vn 0.4284 0.6625 0.6145
vn 0.4289 0.6619 0.6148
vn 0.3381 -0.8603 0.3817
vn 0.3389 -0.8600 0.3814
vn 0.3394 -0.8600 0.3812
vn 0.5049 -0.5998 0.6208
vn 0.5050 -0.5997 0.6208
vn 0.5046 -0.5999 0.6209
vn 0.5944 -0.2484 0.7649
vn 0.5943 -0.2483 0.7649
vn 0.5944 -0.2486 0.7648
vn 0.5938 0.1386 0.7926
vn 0.5941 0.1381 0.7925
vn 0.3557 0.4951 0.7927
vn 0.3557 0.4945 0.7930
vn 0.3551 0.4944 0.7934
vn 0.2232 0.7992 0.5581
vn 0.2230 0.7992 0.5581
vn 0.1849 -0.9458 0.2669
vn 0.1839 -0.9460 0.2668
vn 0.1837 -0.9459 0.2675
vn 0.3236 -0.7498 0.5772
vn 0.3236 -0.7500 0.5768
vn 0.3235 -0.7498 0.5772
vn 0.4123 -0.4404 0.7975
vn 0.4121 -0.4404 0.7976
vn 0.4128 -0.4401 0.7974
vn 0.4389 -0.0672 0.8960
vn 0.4386 -0.0674 0.8962
vn 0.3991 0.3171 0.8603
vn 0.3990 0.3174 0.8603
vn 0.2984 0.6554 0.6938
vn 0.2986 0.6553 0.6938
vn 0.2989 0.6552 0.6938
vn 0.2595 -0.8644 0.4306
vn 0.2596 -0.8644 0.4306
vn 0.2598 -0.8644 0.4305
vn 0.3753 -0.6074 0.7002
vn 0.3756 -0.6071 0.7003
vn 0.4333 -0.2572 0.8638
vn 0.4333 -0.2572 0.8637
vn 0.4334 -0.2570 0.8638
vn 0.4270 0.1294 0.8950
vn 0.4269 0.1294 0.8950
vn 0.1937 0.4852 0.8527
vn 0.1938 0.4852 0.8527
vn 0.1936 0.4850 0.8528
vn 0.1109 0.7926 0.5995
vn 0.1102 0.7919 0.6006
vn 0.1095 0.7920 0.6006
vn 0.1304 -0.9490 0.2870
vn 0.1303 -0.9490 0.2871
vn 0.1304 -0.9490 0.2869
vn 0.2064 -0.7567 0.6204
vn 0.2065 -0.7566 0.6204
vn 0.2063 -0.7567 0.6203
vn 0.2503 -0.4487 0.8579
vn 0.2543 -0.0773 0.9640
vn 0.2547 -0.0769 0.9640
vn 0.2235 0.3067 0.9252
vn 0.2234 0.3065 0.9253
vn 0.2221 0.3071 0.9254
vn 0.1562 0.6471 0.7463
vn 0.1563 0.6471 0.7462
vn 0.1561 0.6475 0.7459
vn 0.1719 -0.8696 0.4629
vn 0.1718 -0.8696 0.4630
vn 0.2328 -0.6156 0.7529
vn 0.2575 -0.2672 0.9286
vn 0.2574 -0.2672 0.9286
vn 0.2576 -0.2669 0.9286
vn 0.2419 0.1178 0.9631
vn 0.2420 0.1177 0.9631
vn 0.2416 0.1189 0.9631
vn 0.0237 0.4756 0.8793
vn 0.0234 0.4754 0.8795
vn 0.0237 0.4757 0.8793
vn -0.0103 0.7849 0.6195
vn -0.0101 0.7850 0.6194
vn -0.0101 0.7851 0.6193
vn 0.0749 -0.9522 0.2962
vn 0.0739 -0.9523 0.2960
vn 0.0745 -0.9523 0.2960
vn 0.0832 -0.7640 0.6398
vn 0.0831 -0.7640 0.6398
vn 0.0794 -0.4591 0.8848
vn 0.0793 -0.4590 0.8849
vn 0.0785 -0.4587 0.8851
vn 0.0619 -0.0812 0.9948
vn 0.0623 -0.0815 0.9947
vn 0.0634 -0.0821 0.9946
vn 0.0383 0.2948 0.9548
vn 0.0384 0.2947 0.9548
vn 0.0384 0.2954 0.9546
vn 0.0074 0.6380 0.7700
vn 0.0076 0.6380 0.7700
vn 0.0065 0.6384 0.7696
vn 0.0801 -0.8750 0.4774
vn 0.0800 -0.8750 0.4775
vn 0.0800 -0.8751 0.4774
vn 0.0828 -0.6242 0.7769
vn 0.0827 -0.6243 0.7768
vn 0.0830 -0.6241 0.7770
vn 0.0730 -0.2773 0.9580
vn 0.0731 -0.2772 0.9580
vn 0.0491 0.1038 0.9934
vn 0.0482 0.1000 0.9938
vn 0.0459 0.1066 0.9932
vn -0.1490 0.4652 0.8726
vn -0.1491 0.4652 0.8726
vn -0.1493 0.4654 0.8724
vn -0.1326 0.7776 0.6147
vn -0.1327 0.7776 0.6146
vn -0.1329 0.7777 0.6144
vn 0.0163 -0.9557 0.2937
vn 0.0162 -0.9557 0.2937
vn 0.0164 -0.9558 0.2937
vn -0.0419 -0.7716 0.6347
vn -0.0418 -0.7716 0.6348
vn -0.0941 -0.4700 0.8777
vn -0.0936 -0.4702 0.8776
vn -0.0939 -0.4703 0.8775
vn -0.1323 -0.0949 0.9867
vn -0.1324 -0.0954 0.9866
vn -0.1315 -0.0939 0.9869
vn -0.1485 0.2838 0.9473
vn -0.1482 0.2836 0.9474
vn -0.1481 0.2838 0.9474
vn -0.1440 0.6288 0.7641
vn -0.1441 0.6288 0.7641
vn -0.1442 0.6287 0.7641
vn -0.0131 -0.8807 0.4736
vn -0.0691 -0.6329 0.7711
vn -0.0693 -0.6330 0.7711
vn -0.0689 -0.6331 0.7710
vn -0.1148 -0.2884 0.9506
vn -0.1402 0.0918 0.9859
vn -0.1385 0.0936 0.9859
vn -0.3172 0.4550 0.8321
vn -0.3170 0.4549 0.8322
vn -0.2517 0.7704 0.5857
vn -0.2519 0.7704 0.5856
vn -0.2517 0.7704 0.5858
vn -0.0377 -0.9590 0.2807
vn -0.0376 -0.9590 0.2810
vn -0.0378 -0.9591 0.2807
vn -0.1629 -0.7788 0.6057
vn -0.1632 -0.7788 0.6057
vn -0.1630 -0.7788 0.6057
vn -0.2621 -0.4803 0.8370
vn -0.2622 -0.4803 0.8370
vn -0.2621 -0.4802 0.8371
vn -0.3187 -0.1097 0.9415
vn -0.3192 -0.1105 0.9412
vn -0.3303 0.2731 0.9035
vn -0.3299 0.2738 0.9034
vn -0.3292 0.2745 0.9035
vn -0.2915 0.6198 0.7286
vn -0.2914 0.6199 0.7286
vn -0.2917 0.6197 0.7286
vn -0.1021 -0.8859 0.4524
vn -0.1026 -0.8858 0.4526
vn -0.1020 -0.8859 0.4525
vn -0.2168 -0.6416 0.7357
vn -0.2169 -0.6416 0.7357
vn -0.2956 -0.2999 0.9070
vn -0.2957 -0.3002 0.9069
vn -0.2975 -0.2995 0.9065
vn -0.3300 0.0823 0.9404
vn -0.3298 0.0822 0.9405
vn -0.4744 0.4456 0.7592
vn -0.4744 0.4459 0.7591
vn -0.4743 0.4455 0.7594
vn -0.3623 0.7637 0.5343
vn -0.3623 0.7637 0.5344
vn -0.3621 0.7637 0.5344
vn -0.0914 -0.9623 0.2563
vn -0.0914 -0.9623 0.2560
vn -0.0912 -0.9623 0.2561
vn -0.2768 -0.7858 0.5531
vn -0.2769 -0.7857 0.5531
vn -0.4188 -0.4903 0.7643
vn -0.4189 -0.4903 0.7643
vn -0.4191 -0.4902 0.7643
vn -0.4967 -0.1218 0.8593
vn -0.4969 -0.1217 0.8592
vn -0.5011 0.2634 0.8243
vn -0.5011 0.2639 0.8242
vn -0.5012 0.2640 0.8241
vn -0.4295 0.6111 0.6649
vn -0.4298 0.6109 0.6649
vn -0.1879 -0.8912 0.4128
vn -0.1881 -0.8912 0.4127
vn -0.1883 -0.8912 0.4127
vn -0.3548 -0.6502 0.6718
vn -0.3547 -0.6503 0.6718
vn -0.4665 -0.3118 0.8277
vn -0.4668 -0.3119 0.8275
vn -0.5086 0.0719 0.8580
vn -0.5082 0.0715 0.8582
vn -0.6140 0.4371 0.6572
vn -0.6140 0.4370 0.6572
vn -0.6146 0.4363 0.6573
vn -0.4616 0.7572 0.4621
vn -0.4613 0.7575 0.4621
vn -0.1366 -0.9652 0.2232
vn -0.1366 -0.9651 0.2235
vn -0.1366 -0.9652 0.2231
vn -0.3775 -0.7920 0.4798
vn -0.3773 -0.7920 0.4800
vn -0.5590 -0.4992 0.6621
vn -0.5590 -0.4994 0.6619
vn -0.5589 -0.4996 0.6618
vn -0.6554 -0.1319 0.7437
vn -0.6556 -0.1317 0.7435
vn -0.6529 0.2541 0.7135
vn -0.6529 0.2538 0.7136
vn -0.5523 0.6031 0.5755
vn -0.5524 0.6030 0.5756
vn -0.5518 0.6035 0.5756
vn -0.2620 -0.8959 0.3589
vn -0.2624 -0.8958 0.3587
vn -0.2618 -0.8959 0.3590
vn -0.4778 -0.6579 0.5821
vn -0.4775 -0.6579 0.5824
vn -0.6192 -0.3213 0.7165
vn -0.6191 -0.3212 0.7166
vn -0.6188 -0.3209 0.7170
vn -0.6667 0.0623 0.7427
vn -0.6668 0.0622 0.7426
vn -0.7319 0.4290 0.5295
vn -0.7319 0.4291 0.5294
vn -0.7317 0.4288 0.5298
vn -0.5447 0.7517 0.3719
vn -0.1763 -0.9677 0.1803
vn -0.1762 -0.9677 0.1803
vn -0.4618 -0.7975 0.3882
vn -0.4619 -0.7975 0.3881
vn -0.4622 -0.7974 0.3880
vn -0.6761 -0.5066 0.5350
vn -0.6760 -0.5067 0.5351
vn -0.6760 -0.5063 0.5355
vn -0.7873 -0.1407 0.6003
vn -0.7873 -0.1408 0.6003
vn -0.7802 0.2454 0.5754
vn -0.7804 0.2453 0.5752
vn -0.7805 0.2450 0.5751
vn -0.6553 0.5965 0.4635
vn -0.6554 0.5965 0.4633
vn -0.6556 0.5967 0.4628
vn -0.3258 -0.8999 0.2900
vn -0.3258 -0.9000 0.2896
vn -0.3259 -0.9001 0.2891
vn -0.5802 -0.6647 0.4708
vn -0.5802 -0.6647 0.4707
vn -0.5801 -0.6649 0.4705
vn -0.7462 -0.3292 0.5787
vn -0.7461 -0.3295 0.5786
vn -0.7464 -0.3290 0.5785
vn -0.7989 0.0538 0.5990
vn -0.7988 0.0536 0.5992
vn -0.8214 0.4229 0.3827
vn -0.8217 0.4228 0.3822
vn -0.8221 0.4223 0.3819
vn -0.6081 0.7476 0.2670
vn -0.6081 0.7477 0.2667
vn -0.6081 0.7474 0.2675
vn -0.2049 -0.9697 0.1332
vn -0.2049 -0.9697 0.1334
vn -0.2049 -0.9697 0.1333
vn -0.5269 -0.8018 0.2819
vn -0.5269 -0.8019 0.2817
vn -0.5269 -0.8017 0.2821
vn -0.7665 -0.5127 0.3868
vn -0.8889 -0.1473 0.4337
vn -0.8889 -0.1472 0.4338
vn -0.8889 -0.1477 0.4337
vn -0.8774 0.2388 0.4161
vn -0.8775 0.2389 0.4159
vn -0.8773 0.2394 0.4159
vn -0.7340 0.5911 0.3344
vn -0.7343 0.5909 0.3341
vn -0.7342 0.5907 0.3347
vn -0.3737 -0.9031 0.2118
vn -0.3740 -0.9028 0.2124
vn -0.3735 -0.9029 0.2128
vn -0.6593 -0.6703 0.3408
vn -0.6595 -0.6701 0.3408
vn -0.6594 -0.6701 0.3408
vn -0.8435 -0.3368 0.4184
vn -0.8435 -0.3367 0.4184
vn -0.8440 -0.3361 0.4180
vn -0.8998 0.0461 0.4339
vn -0.8998 0.0460 0.4339
vn -0.9008 0.0452 0.4319
vn -0.8814 0.4180 0.2201
vn -0.8814 0.4180 0.2200
vn -0.8815 0.4179 0.2199
vn -0.6497 0.7446 0.1530
vn -0.2256 -0.9712 0.0771
vn -0.2256 -0.9712 0.0772
vn -0.5701 -0.8050 0.1644
vn -0.5701 -0.8049 0.1648
vn -0.5701 -0.8050 0.1642
vn -0.8258 -0.5170 0.2254
vn -0.8256 -0.5171 0.2256
vn -0.9559 -0.1523 0.2510
vn -0.9424 0.2341 0.2391
vn -0.9422 0.2347 0.2391
vn -0.7861 0.5875 0.1920
vn -0.4063 -0.9053 0.1239
vn -0.4061 -0.9054 0.1237
vn -0.4065 -0.9053 0.1232
vn -0.7114 -0.6741 0.1988
vn -0.7114 -0.6740 0.1990
vn -0.7113 -0.6743 0.1985
vn -0.9081 -0.3414 0.2427
vn -0.9081 -0.3413 0.2428
vn -0.9674 0.0405 0.2499
vn -0.9674 0.0411 0.2500
vn -0.0388 -0.9992 -0.0096
vn -0.0346 -0.9991 -0.0259
vn -0.0258 -0.9987 -0.0451
vn -0.0149 -0.9981 -0.0601
vn -0.0002 -0.9973 -0.0737
vn 0.0156 -0.9964 -0.0835
vn 0.0350 -0.9953 -0.0906
vn 0.0537 -0.9942 -0.0936
vn 0.0724 -0.9930 -0.0928
vn 0.0926 -0.9918 -0.0880
vn 0.1090 -0.9908 -0.0804
vn 0.1264 -0.9897 -0.0676
vn 0.1380 -0.9889 -0.0550
vn 0.1487 -0.9882 -0.0374
vn 0.1551 -0.9877 -0.0198
vn 0.1582 -0.9874 0.0002
vn 0.1574 -0.9874 0.0188
vn 0.1529 -0.9875 0.0377
vn 0.1445 -0.9879 0.0556
vn 0.1324 -0.9886 0.0718
vn 0.1197 -0.9893 0.0837
vn 0.1029 -0.9902 0.0941
vn 0.0844 -0.9913 0.1009
vn 0.0658 -0.9924 0.1037
vn 0.0449 -0.9937 0.1029
vn 0.0283 -0.9947 0.0990
vn 0.0083 -0.9959 0.0897
vn -0.0055 -0.9968 0.0798
vn -0.0202 -0.9978 0.0639
vn -0.0289 -0.9983 0.0497
vn -0.0368 -0.9989 0.0284
vn -0.0368 -0.9989 0.0285
vn -0.9082 0.4156 0.0498
vn -0.9082 0.4155 0.0496
vn -0.6683 0.7430 0.0353
vn -0.6687 0.7427 0.0344
vn -0.6694 0.7421 0.0332
vn -0.2340 -0.9720 0.0238
vn -0.5895 -0.8067 0.0413
vn -0.5894 -0.8067 0.0416
vn -0.5893 -0.8069 0.0420
vn -0.8524 -0.5200 0.0546
vn -0.8526 -0.5198 0.0541
vn -0.8526 -0.5198 0.0542
vn -0.9860 -0.1559 0.0596
vn -0.9859 -0.1565 0.0590
vn -0.9714 0.2309 0.0546
vn -0.9715 0.2308 0.0546
vn -0.9713 0.2317 0.0544
vn -0.8098 0.5851 0.0427
vn -0.8098 0.5852 0.0426
vn -0.8096 0.5854 0.0422
vn -0.0396 -0.9991 0.0128
vn -0.4205 -0.9067 0.0329
vn -0.4207 -0.9066 0.0330
vn -0.4206 -0.9066 0.0338
vn -0.7349 -0.6764 0.0490
vn -0.7349 -0.6764 0.0489
vn -0.7351 -0.6761 0.0490
vn -0.9370 -0.3444 0.0579
vn -0.9371 -0.3443 0.0579
vn -0.9975 0.0398 0.0582
vn -0.9975 0.0399 0.0581
vn -0.9975 0.0384 0.0591
vn -0.6341 0.7725 0.0349
vn -0.6315 0.7745 0.0368
vn -0.6309 0.7750 0.0369
vn -0.6157 0.7753 0.1406
vn -0.6163 0.7747 0.1415
vn -0.6147 0.7762 0.1403
vn -0.5759 0.7778 0.2517
vn -0.5761 0.7777 0.2517
vn -0.5756 0.7779 0.2519
vn -0.5179 0.7828 0.3450
vn -0.5180 0.7808 0.3494
vn -0.5178 0.7831 0.3444
vn -0.4388 0.7861 0.4353
vn -0.4389 0.7861 0.4353
vn -0.3460 0.7917 0.5034
vn -0.3460 0.7916 0.5037
vn -0.3484 0.7909 0.5030
vn -0.2422 0.7977 0.5523
vn -0.2424 0.7977 0.5522
vn -0.2423 0.7977 0.5522
vn -0.1304 0.8045 0.5795
vn -0.1304 0.8045 0.5794
vn -0.1308 0.8047 0.5790
vn -0.0145 0.8109 0.5850
vn -0.0146 0.8109 0.5850
vn -0.0147 0.8105 0.5856
vn 0.1035 0.8173 0.5669
vn 0.1006 0.8183 0.5659
vn 0.1040 0.8173 0.5667
vn 0.2096 0.8251 0.5247
vn 0.2101 0.8254 0.5240
vn 0.2101 0.8248 0.5249
vn 0.3042 0.8323 0.4633
vn 0.3016 0.8333 0.4633
vn 0.3045 0.8325 0.4629
vn 0.3896 0.8375 0.3831
vn 0.3878 0.8414 0.3763
vn 0.3870 0.8422 0.3755
vn 0.4581 0.8433 0.2811
vn 0.4577 0.8432 0.2819
vn 0.4573 0.8432 0.2827
vn 0.5048 0.8442 0.1800
vn 0.5048 0.8443 0.1799
vn 0.5048 0.8442 0.1803
vn 0.5311 0.8442 0.0726
vn 0.5310 0.8443 0.0724
vn 0.5309 0.8443 0.0731
vn 0.5377 0.8420 -0.0435
vn 0.5377 0.8420 -0.0434
vn 0.5373 0.8423 -0.0440
vn 0.5208 0.8394 -0.1554
vn 0.5205 0.8396 -0.1554
vn 0.4813 0.8364 -0.2622
vn 0.4814 0.8364 -0.2621
vn 0.4818 0.8360 -0.2627
vn 0.4219 0.8324 -0.3593
vn 0.4219 0.8325 -0.3592
vn 0.4223 0.8319 -0.3599
vn 0.3439 0.8274 -0.4439
vn 0.3440 0.8274 -0.4439
vn 0.2507 0.8209 -0.5131
vn 0.2512 0.8207 -0.5131
vn 0.2522 0.8208 -0.5126
vn 0.1464 0.8145 -0.5614
vn 0.1467 0.8145 -0.5613
vn 0.1468 0.8146 -0.5611
vn 0.0338 0.8083 -0.5879
vn 0.0338 0.8083 -0.5878
vn 0.0328 0.8078 -0.5886
vn -0.0825 0.8018 -0.5918
vn -0.0825 0.8020 -0.5916
vn -0.0827 0.8023 -0.5912
vn -0.1958 0.7956 -0.5734
vn -0.1957 0.7956 -0.5733
vn -0.1956 0.7957 -0.5732
vn -0.3030 0.7898 -0.5333
vn -0.3029 0.7898 -0.5333
vn -0.3038 0.7893 -0.5337
vn -0.4015 0.7845 -0.4726
vn -0.4019 0.7842 -0.4727
vn -0.4006 0.7845 -0.4735
vn -0.4874 0.7793 -0.3940
vn -0.4871 0.7794 -0.3940
vn -0.4879 0.7800 -0.3919
vn -0.5555 0.7755 -0.3000
vn -0.5555 0.7755 -0.3001
vn -0.5551 0.7755 -0.3008
vn -0.6036 0.7731 -0.1950
vn -0.6035 0.7732 -0.1946
vn -0.6027 0.7739 -0.1944
vn -0.6287 0.7729 -0.0860
vn -0.6285 0.7730 -0.0863
vn -0.5271 0.8469 -0.0698
vn -0.5261 0.8479 -0.0661
vn -0.5254 0.8484 -0.0648
vn -0.6819 0.7262 -0.0874
vn -0.6818 0.7263 -0.0874
vn -0.6822 0.7260 -0.0871
vn -0.3513 0.9350 -0.0477
vn -0.3511 0.9353 -0.0454
vn -0.3509 0.9354 -0.0442
vn -0.6527 0.7283 -0.2086
vn -0.6542 0.7275 -0.2071
vn -0.6525 0.7284 -0.2090
vn -0.3394 0.9362 -0.0910
vn -0.3396 0.9362 -0.0909
vn -0.3401 0.9360 -0.0904
vn -0.5052 0.8495 -0.1519
vn -0.5058 0.8493 -0.1514
vn -0.5046 0.8499 -0.1521
vn -0.6003 0.7308 -0.3250
vn -0.5999 0.7309 -0.3254
vn -0.6004 0.7305 -0.3253
vn -0.3135 0.9380 -0.1476
vn -0.3135 0.9380 -0.1477
vn -0.3133 0.9380 -0.1485
vn -0.4644 0.8519 -0.2420
vn -0.4644 0.8519 -0.2422
vn -0.4644 0.8520 -0.2419
vn -0.5251 0.7353 -0.4286
vn -0.5247 0.7359 -0.4280
vn -0.5256 0.7357 -0.4272
vn -0.2775 0.9401 -0.1979
vn -0.2771 0.9402 -0.1981
vn -0.2778 0.9401 -0.1975
vn -0.4089 0.8548 -0.3196
vn -0.4099 0.8542 -0.3198
vn -0.4083 0.8550 -0.3199
vn -0.4324 0.7413 -0.5134
vn -0.4309 0.7421 -0.5134
vn -0.4327 0.7409 -0.5136
vn -0.2318 0.9428 -0.2395
vn -0.2315 0.9427 -0.2403
vn -0.2308 0.9427 -0.2410
vn -0.3363 0.8585 -0.3872
vn -0.3380 0.8591 -0.3843
vn -0.3384 0.8591 -0.3840
vn -0.3242 0.7480 -0.5791
vn -0.3243 0.7481 -0.5790
vn -0.3245 0.7482 -0.5787
vn -0.1813 0.9454 -0.2709
vn -0.1794 0.9458 -0.2709
vn -0.1823 0.9452 -0.2709
vn -0.2585 0.8638 -0.4325
vn -0.2582 0.8640 -0.4322
vn -0.2587 0.8635 -0.4330
vn -0.2057 0.7552 -0.6224
vn -0.2055 0.7554 -0.6222
vn -0.2072 0.7555 -0.6215
vn -0.1228 0.9486 -0.2917
vn -0.1244 0.9488 -0.2903
vn -0.1253 0.9487 -0.2904
vn -0.1667 0.8692 -0.4655
vn -0.1693 0.8700 -0.4630
vn -0.1707 0.8698 -0.4630
vn -0.0831 0.7628 -0.6413
vn -0.0835 0.7628 -0.6413
vn -0.0841 0.7631 -0.6408
vn -0.0747 0.9515 -0.2984
vn -0.0803 0.8750 -0.4775
vn -0.0809 0.8746 -0.4781
vn -0.0800 0.8751 -0.4773
vn 0.0423 0.7707 -0.6358
vn 0.0420 0.7707 -0.6358
vn -0.0148 0.9551 -0.2961
vn -0.0146 0.9551 -0.2960
vn -0.0150 0.9551 -0.2960
vn 0.0146 0.8803 -0.4742
vn 0.0135 0.8806 -0.4737
vn 0.0130 0.8809 -0.4731
vn 0.1626 0.7779 -0.6070
vn 0.1625 0.7778 -0.6071
vn 0.1624 0.7778 -0.6072
vn 0.0354 0.9581 -0.2843
vn 0.0338 0.9578 -0.2853
vn 0.0365 0.9583 -0.2835
vn 0.1017 0.8860 -0.4525
vn 0.1005 0.8856 -0.4534
vn 0.1018 0.8861 -0.4521
vn 0.2767 0.7848 -0.5546
vn 0.2767 0.7848 -0.5545
vn 0.2768 0.7849 -0.5544
vn 0.0884 0.9615 -0.2603
vn 0.0854 0.9606 -0.2643
vn 0.0904 0.9614 -0.2598
vn 0.1864 0.8910 -0.4141
vn 0.1862 0.8910 -0.4141
vn 0.1865 0.8909 -0.4140
vn 0.3773 0.7912 -0.4812
vn 0.3776 0.7911 -0.4812
vn 0.3774 0.7911 -0.4813
vn 0.1347 0.9640 -0.2292
vn 0.1346 0.9640 -0.2295
vn 0.1345 0.9639 -0.2296
vn 0.2609 0.8954 -0.3608
vn 0.2598 0.8947 -0.3634
vn 0.2615 0.8956 -0.3599
vn 0.4638 0.7967 -0.3876
vn 0.4637 0.7967 -0.3876
vn 0.4635 0.7967 -0.3879
vn 0.1847 0.9671 -0.1751
vn 0.1815 0.9673 -0.1774
vn 0.1801 0.9674 -0.1782
vn 0.3298 0.8993 -0.2872
vn 0.3272 0.8998 -0.2887
vn 0.3262 0.8999 -0.2894
vn 0.5290 0.8009 -0.2807
vn 0.5291 0.8008 -0.2807
vn 0.5294 0.8007 -0.2803
vn 0.2062 0.9692 -0.1349
vn 0.2061 0.9692 -0.1350
vn 0.2059 0.9691 -0.1360
vn 0.3747 0.9028 -0.2109
vn 0.3745 0.9022 -0.2139
vn 0.3745 0.9031 -0.2099
vn 0.5719 0.8043 -0.1610
vn 0.5698 0.8055 -0.1627
vn 0.5701 0.8050 -0.1644
vn 0.2269 0.9708 -0.0774
vn 0.2273 0.9706 -0.0796
vn 0.2275 0.9708 -0.0762
vn 0.4091 0.9044 -0.1213
vn 0.4090 0.9044 -0.1213
vn 0.4093 0.9044 -0.1207
vn 0.5889 0.8069 -0.0447
vn 0.5894 0.8066 -0.0440
vn 0.5901 0.8062 -0.0429
vn 0.2366 0.9714 -0.0209
vn 0.2361 0.9715 -0.0221
vn 0.2358 0.9715 -0.0231
vn 0.4231 0.9054 -0.0348
vn 0.4214 0.9062 -0.0335
vn 0.4222 0.9057 -0.0367
vn 0.5851 0.8070 0.0803
vn 0.5857 0.8065 0.0803
vn 0.5850 0.8070 0.0814
vn 0.2342 0.9717 0.0305
vn 0.2348 0.9716 0.0285
vn 0.2335 0.9719 0.0311
vn 0.4173 0.9070 0.0561
vn 0.4173 0.9071 0.0559
vn 0.4177 0.9068 0.0572
vn 0.5578 0.8052 0.2010
vn 0.5590 0.8044 0.2012
vn 0.5573 0.8055 0.2014
vn 0.2207 0.9716 0.0853
vn 0.2204 0.9716 0.0858
vn 0.2210 0.9717 0.0828
vn 0.3970 0.9064 0.1445
vn 0.3985 0.9059 0.1434
vn 0.3964 0.9066 0.1449
vn 0.5058 0.8031 0.3151
vn 0.5055 0.8030 0.3155
vn 0.5067 0.8027 0.3146
vn 0.1977 0.9711 0.1338
vn 0.1966 0.9707 0.1379
vn 0.1962 0.9705 0.1400
vn 0.3575 0.9047 0.2319
vn 0.3578 0.9045 0.2319
vn 0.3572 0.9046 0.2326
vn 0.4333 0.7996 0.4157
vn 0.4337 0.7992 0.4162
vn 0.4324 0.7992 0.4174
vn 0.1637 0.9693 0.1837
vn 0.1628 0.9693 0.1843
vn 0.1646 0.9692 0.1833
vn 0.3045 0.9021 0.3057
vn 0.3053 0.9020 0.3053
vn 0.3039 0.9022 0.3061
vn 0.3409 0.7946 0.5025
vn 0.3427 0.7941 0.5020
vn 0.3402 0.7946 0.5028
vn 0.1232 0.9675 0.2210
vn 0.1216 0.9672 0.2231
vn 0.1210 0.9670 0.2240
vn 0.2364 0.8987 0.3694
vn 0.2364 0.8986 0.3696
vn 0.2364 0.8987 0.3693
vn 0.2330 0.7880 0.5699
vn 0.2330 0.7879 0.5700
vn 0.0682 0.9643 0.2558
vn 0.0665 0.9643 0.2561
vn 0.0691 0.9643 0.2557
vn 0.1535 0.8944 0.4201
vn 0.1535 0.8945 0.4199
vn 0.1534 0.8943 0.4203
vn 0.1153 0.7813 0.6134
vn 0.1151 0.7811 0.6137
vn 0.1147 0.7808 0.6141
vn 0.0213 0.9618 0.2730
vn 0.0209 0.9617 0.2732
vn 0.0193 0.9615 0.2741
vn 0.0698 0.8897 0.4512
vn 0.0678 0.8890 0.4529
vn 0.0671 0.8889 0.4532
vn -0.0081 0.7731 0.6342
vn -0.0052 0.7715 0.6362
vn -0.0089 0.7736 0.6336
vn -0.0391 0.9582 0.2833
vn -0.0401 0.9583 0.2831
vn -0.0382 0.9582 0.2834
vn -0.0227 0.8842 0.4666
vn -0.0223 0.8843 0.4665
vn -0.0205 0.8840 0.4670
vn -0.1322 0.7646 0.6308
vn -0.1322 0.7644 0.6311
vn -0.1337 0.7646 0.6305
vn -0.0863 0.9556 0.2816
vn -0.0872 0.9555 0.2817
vn -0.0880 0.9555 0.2817
vn -0.1097 0.8792 0.4637
vn -0.1148 0.8779 0.4649
vn -0.1158 0.8775 0.4654
vn -0.2580 0.7565 0.6010
vn -0.2581 0.7565 0.6009
vn -0.1600 0.9509 0.2649
vn -0.1613 0.9510 0.2639
vn -0.1597 0.9510 0.2648
vn -0.2107 0.8721 0.4415
vn -0.2143 0.8728 0.4384
vn -0.2099 0.8718 0.4427
vn -0.3800 0.7482 0.5438
vn -0.3799 0.7482 0.5440
vn -0.2095 0.9475 0.2416
vn -0.2100 0.9474 0.2415
vn -0.2107 0.9473 0.2415
vn -0.2997 0.8666 0.3989
vn -0.3009 0.8659 0.3996
vn -0.3016 0.8661 0.3988
vn -0.4890 0.7401 0.4617
vn -0.4889 0.7404 0.4614
vn -0.4876 0.7407 0.4622
vn -0.2656 0.9429 0.2010
vn -0.2669 0.9430 0.1990
vn -0.2649 0.9429 0.2021
vn -0.3843 0.8591 0.3381
vn -0.3848 0.8588 0.3382
vn -0.3846 0.8592 0.3374
vn -0.5698 0.7336 0.3705
vn -0.5708 0.7361 0.3638
vn -0.5692 0.7335 0.3714
vn -0.3066 0.9390 0.1556
vn -0.3088 0.9384 0.1551
vn -0.3089 0.9386 0.1537
vn -0.4512 0.8524 0.2643
vn -0.4495 0.8530 0.2652
vn -0.4490 0.8532 0.2653
vn -0.6251 0.7313 0.2727
vn -0.6290 0.7291 0.2699
vn -0.6293 0.7290 0.2694
vn -0.3285 0.9369 0.1197
vn -0.3292 0.9372 0.1156
vn -0.3277 0.9369 0.1219
vn -0.4865 0.8498 0.2028
vn -0.4866 0.8500 0.2020
vn -0.4864 0.8498 0.2030
vn -0.6719 0.7250 0.1516
vn -0.6683 0.7274 0.1557
vn -0.6677 0.7278 0.1562
vn -0.3503 0.9351 0.0543
vn -0.3504 0.9350 0.0542
vn -0.3494 0.9353 0.0556
vn -0.5213 0.8471 0.1032
vn -0.5177 0.8487 0.1082
vn -0.5167 0.8492 0.1092
vn -0.1644 0.9862 -0.0201
vn -0.1643 0.9862 -0.0204
vn -0.1625 0.9863 -0.0276
vn -0.1524 0.9871 -0.0492
vn -0.1367 0.9881 -0.0706
vn -0.1199 0.9890 -0.0861
vn -0.0980 0.9902 -0.0995
vn -0.0782 0.9912 -0.1067
vn -0.0695 0.9911 -0.1133
vn -0.0689 0.9912 -0.1129
vn -0.0659 0.9919 -0.1090
vn -0.0441 0.9932 -0.1079
vn -0.0323 0.9937 -0.1076
vn -0.0323 0.9937 -0.1075
vn -0.0320 0.9939 -0.1052
vn -0.0166 0.9950 -0.0981
vn 0.0028 0.9965 -0.0840
vn 0.0267 0.9980 -0.0580
vn 0.0297 0.9982 -0.0518
vn 0.0296 0.9982 -0.0518
vn 0.0303 0.9982 -0.0519
vn 0.0374 0.9988 -0.0322
vn 0.0409 0.9991 -0.0098
vn 0.0399 0.9992 -0.0089
vn 0.0400 0.9992 -0.0088
vn 0.0403 0.9992 0.0017
vn 0.0349 0.9991 0.0234
vn 0.0302 0.9989 0.0347
vn 0.0302 0.9989 0.0348
vn 0.0292 0.9989 0.0356
vn 0.0148 0.9984 0.0548
vn 0.0027 0.9978 0.0657
vn -0.0210 0.9966 0.0799
vn -0.0212 0.9964 0.0816
vn -0.0310 0.9960 0.0838
vn -0.0542 0.9947 0.0875
vn -0.0550 0.9948 0.0853
vn -0.0549 0.9948 0.0854
vn -0.0622 0.9942 0.0874
vn -0.0978 0.9921 0.0790
vn -0.1095 0.9913 0.0735
vn -0.1105 0.9912 0.0733
vn -0.1385 0.9889 0.0533
vn -0.1511 0.9877 0.0395
vn -0.1513 0.9877 0.0393
vn -0.1573 0.9871 0.0293
vn -0.1657 0.9862 0.0057
vn -0.1657 0.9862 0.0056
vn -0.6869 0.7259 0.0352
vn -0.6868 0.7260 0.0354
vn -0.6866 0.7261 0.0362
vn -0.3546 0.9348 0.0177
vn -0.3544 0.9349 0.0168
vn -0.3548 0.9347 0.0187
vn -0.5298 0.8478 0.0253
vn -0.5308 0.8470 0.0283
vn -0.5295 0.8479 0.0245
vn -0.1657 0.9862 0.0055
vn -0.8456 -0.5207 -0.1172
vn -0.8457 -0.5207 -0.1172
vn -0.8455 -0.5210 -0.1175
vn -0.9778 -0.1579 -0.1376
vn -0.9778 -0.1577 -0.1376
vn -0.9780 -0.1588 -0.1354
vn -0.9635 0.2343 -0.1299
vn -0.9635 0.2343 -0.1298
vn -0.9635 0.2345 -0.1290
vn -0.8019 0.5878 -0.1067
vn -0.8019 0.5878 -0.1069
vn -0.8020 0.5878 -0.1067
vn -0.4164 -0.9073 -0.0580
vn -0.4164 -0.9073 -0.0578
vn -0.4165 -0.9073 -0.0579
vn -0.7290 -0.6770 -0.1017
vn -0.7289 -0.6770 -0.1016
vn -0.7289 -0.6771 -0.1015
vn -0.9297 -0.3451 -0.1289
vn -0.9297 -0.3451 -0.1288
vn -0.9296 -0.3457 -0.1280
vn -0.9893 0.0458 -0.1389
vn -0.9892 0.0439 -0.1400
vn -0.9895 0.0395 -0.1393
vn -0.9000 0.4188 -0.1206
vn -0.9000 0.4188 -0.1207
vn -0.8997 0.4193 -0.1213
vn -0.6632 0.7433 -0.0873
vn -0.6632 0.7433 -0.0874
vn -0.6631 0.7434 -0.0876
vn -0.2312 -0.9723 -0.0335
vn -0.2311 -0.9723 -0.0337
vn -0.5844 -0.8073 -0.0818
vn -0.5846 -0.8072 -0.0816
vn -0.5847 -0.8072 -0.0813
vn -0.8607 0.4189 -0.2894
vn -0.8606 0.4192 -0.2892
vn -0.8595 0.4206 -0.2903
vn -0.6357 0.7442 -0.2050
vn -0.6360 0.7440 -0.2046
vn -0.6353 0.7444 -0.2054
vn -0.2178 -0.9719 -0.0893
vn -0.2178 -0.9719 -0.0894
vn -0.2175 -0.9719 -0.0897
vn -0.5555 -0.8063 -0.2032
vn -0.5553 -0.8064 -0.2035
vn -0.5555 -0.8062 -0.2036
vn -0.8049 -0.5200 -0.2860
vn -0.8050 -0.5198 -0.2859
vn -0.9326 -0.1557 -0.3257
vn -0.9324 -0.1559 -0.3260
vn -0.9196 0.2363 -0.3138
vn -0.9196 0.2365 -0.3138
vn -0.9195 0.2342 -0.3158
vn -0.7676 0.5888 -0.2533
vn -0.7677 0.5882 -0.2545
vn -0.7677 0.5880 -0.2547
vn -0.3948 -0.9065 -0.1493
vn -0.3948 -0.9066 -0.1492
vn -0.3952 -0.9065 -0.1488
vn -0.6934 -0.6759 -0.2496
vn -0.6935 -0.6759 -0.2493
vn -0.8857 -0.3439 -0.3120
vn -0.8857 -0.3440 -0.3119
vn -0.8857 -0.3442 -0.3116
vn -0.9442 0.0414 -0.3268
vn -0.9442 0.0413 -0.3267
vn -0.7881 0.4213 -0.4487
vn -0.7886 0.4213 -0.4479
vn -0.7872 0.4232 -0.4486
vn -0.5857 0.7466 -0.3155
vn -0.5858 0.7466 -0.3155
vn -0.5858 0.7465 -0.3155
vn -0.1940 -0.9708 -0.1415
vn -0.1942 -0.9707 -0.1418
vn -0.1941 -0.9708 -0.1409
vn -0.5033 -0.8040 -0.3167
vn -0.5030 -0.8041 -0.3168
vn -0.5033 -0.8039 -0.3169
vn -0.7331 -0.5167 -0.4423
vn -0.7332 -0.5165 -0.4424
vn -0.7333 -0.5161 -0.4426
vn -0.8510 -0.1517 -0.5028
vn -0.8516 -0.1508 -0.5020
vn -0.8413 0.2376 -0.4856
vn -0.8412 0.2378 -0.4857
vn -0.7053 0.5916 -0.3906
vn -0.7050 0.5900 -0.3935
vn -0.7056 0.5892 -0.3937
vn -0.3554 -0.9048 -0.2346
vn -0.3551 -0.9050 -0.2344
vn -0.3556 -0.9047 -0.2347
vn -0.6302 -0.6731 -0.3870
vn -0.6304 -0.6729 -0.3870
vn -0.6302 -0.6731 -0.3869
vn -0.8074 -0.3405 -0.4819
vn -0.8074 -0.3405 -0.4818
vn -0.8073 -0.3407 -0.4820
vn -0.8623 0.0447 -0.5044
vn -0.8623 0.0445 -0.5044
vn -0.8620 0.0458 -0.5049
vn -0.6873 0.4268 -0.5878
vn -0.6872 0.4268 -0.5878
vn -0.6870 0.4270 -0.5880
vn -0.5133 0.7501 -0.4170
vn -0.5140 0.7498 -0.4166
vn -0.5120 0.7507 -0.4175
vn -0.1605 -0.9690 -0.1877
vn -0.1605 -0.9690 -0.1880
vn -0.1603 -0.9690 -0.1880
vn -0.4296 -0.8005 -0.4179
vn -0.4296 -0.8005 -0.4178
vn -0.6315 -0.5110 -0.5831
vn -0.6315 -0.5111 -0.5831
vn -0.6316 -0.5112 -0.5829
vn -0.7369 -0.1453 -0.6602
vn -0.7372 -0.1454 -0.6599
vn -0.7369 -0.1452 -0.6603
vn -0.7318 0.2434 -0.6366
vn -0.6164 0.5941 -0.5168
vn -0.6164 0.5941 -0.5169
vn -0.6165 0.5942 -0.5166
vn -0.3013 -0.9021 -0.3088
vn -0.3014 -0.9022 -0.3086
vn -0.3014 -0.9022 -0.3085
vn -0.5411 -0.6685 -0.5102
vn -0.5412 -0.6684 -0.5102
vn -0.5408 -0.6686 -0.5103
vn -0.6976 -0.3350 -0.6333
vn -0.6975 -0.3349 -0.6334
vn -0.6976 -0.3346 -0.6335
vn -0.7487 0.0500 -0.6610
vn -0.7485 0.0497 -0.6613
vn -0.5611 0.4336 -0.7051
vn -0.5612 0.4336 -0.7050
vn -0.4244 0.7546 -0.5006
vn -0.4242 0.7547 -0.5004
vn -0.4241 0.7544 -0.5010
vn -0.1182 -0.9668 -0.2268
vn -0.1182 -0.9668 -0.2265
vn -0.1184 -0.9668 -0.2263
vn -0.3380 -0.7957 -0.5025
vn -0.3380 -0.7957 -0.5026
vn -0.3379 -0.7956 -0.5028
vn -0.5051 -0.5044 -0.7003
vn -0.5049 -0.5045 -0.7004
vn -0.5955 -0.1378 -0.7915
vn -0.5954 0.2510 -0.7632
vn -0.5057 0.6003 -0.6197
vn -0.5057 0.6003 -0.6196
vn -0.5056 0.6002 -0.6199
vn -0.2328 -0.8985 -0.3723
vn -0.2328 -0.8983 -0.3726
vn -0.2325 -0.8984 -0.3725
vn -0.4296 -0.6627 -0.6134
vn -0.4297 -0.6629 -0.6131
vn -0.5607 -0.3278 -0.7604
vn -0.5610 -0.3276 -0.7602
vn -0.5610 -0.3275 -0.7603
vn -0.6071 0.0574 -0.7925
vn -0.6071 0.0573 -0.7925
vn -0.4143 0.4424 -0.7954
vn -0.4143 0.4425 -0.7953
vn -0.4151 0.4427 -0.7948
vn -0.3188 0.7605 -0.5657
vn -0.3187 0.7608 -0.5654
vn -0.3188 0.7607 -0.5654
vn -0.0695 -0.9640 -0.2568
vn -0.0693 -0.9640 -0.2568
vn -0.0695 -0.9640 -0.2567
vn -0.2312 -0.7899 -0.5681
vn -0.2314 -0.7900 -0.5678
vn -0.2313 -0.7900 -0.5678
vn -0.3577 -0.4968 -0.7908
vn -0.3580 -0.4971 -0.7904
vn -0.3574 -0.4964 -0.7911
vn -0.4306 -0.1282 -0.8934
vn -0.4311 -0.1277 -0.8932
vn -0.4370 0.2600 -0.8611
vn -0.4371 0.2601 -0.8610
vn -0.4378 0.2609 -0.8604
vn -0.3759 0.6077 -0.6996
vn -0.3756 0.6079 -0.6995
vn -0.3767 0.6075 -0.6993
vn -0.1537 -0.8940 -0.4209
vn -0.1536 -0.8940 -0.4209
vn -0.3000 -0.6558 -0.6928
vn -0.3001 -0.6558 -0.6928
vn -0.4020 -0.3197 -0.8580
vn -0.4020 -0.3196 -0.8581
vn -0.4014 -0.3190 -0.8586
vn -0.4424 0.0661 -0.8944
vn -0.4418 0.0668 -0.8946
vn -0.2516 0.4524 -0.8556
vn -0.2514 0.4523 -0.8557
vn -0.2517 0.4525 -0.8555
vn -0.2042 0.7673 -0.6079
vn -0.2043 0.7674 -0.6077
vn -0.2044 0.7674 -0.6077
vn -0.0166 -0.9609 -0.2766
vn -0.0164 -0.9609 -0.2763
vn -0.0166 -0.9610 -0.2762
vn -0.1142 -0.7831 -0.6113
vn -0.1140 -0.7832 -0.6113
vn -0.1145 -0.7830 -0.6113
vn -0.1953 -0.4882 -0.8506
vn -0.1952 -0.4881 -0.8507
vn -0.1949 -0.4878 -0.8509
vn -0.2486 -0.1178 -0.9614
vn -0.2481 -0.1182 -0.9615
vn -0.2616 0.2711 -0.9263
vn -0.2615 0.2710 -0.9264
vn -0.2617 0.2711 -0.9263
vn -0.2335 0.6167 -0.7518
vn -0.2333 0.6168 -0.7517
vn -0.2339 0.6168 -0.7516
vn -0.0664 -0.8889 -0.4532
vn -0.0665 -0.8890 -0.4531
vn -0.1575 -0.6479 -0.7452
vn -0.1573 -0.6479 -0.7453
vn -0.1569 -0.6481 -0.7452
vn -0.2252 -0.3102 -0.9236
vn -0.2250 -0.3104 -0.9236
vn -0.2249 -0.3114 -0.9233
vn -0.2604 0.0768 -0.9624
vn -0.2609 0.0762 -0.9623
vn -0.0797 0.4626 -0.8830
vn -0.0801 0.4626 -0.8829
vn -0.0802 0.4629 -0.8828
vn -0.0835 0.7745 -0.6271
vn -0.0840 0.7745 -0.6270
vn 0.0408 -0.9575 -0.2855
vn 0.0407 -0.9575 -0.2855
vn 0.0406 -0.9575 -0.2855
vn 0.0091 -0.7758 -0.6309
vn 0.0092 -0.7758 -0.6309
vn 0.0088 -0.7759 -0.6308
vn -0.0233 -0.4782 -0.8779
vn -0.0233 -0.4783 -0.8779
vn -0.0613 -0.1159 -0.9914
vn -0.0569 -0.1181 -0.9914
vn -0.0514 -0.1158 -0.9919
vn -0.0732 0.2836 -0.9561
vn -0.0732 0.2835 -0.9562
vn -0.0733 0.2839 -0.9560
vn -0.0833 0.6261 -0.7753
vn -0.0834 0.6260 -0.7753
vn -0.0830 0.6262 -0.7752
vn 0.0251 -0.8835 -0.4677
vn 0.0253 -0.8836 -0.4676
vn 0.0255 -0.8836 -0.4675
vn -0.0073 -0.6393 -0.7690
vn -0.0074 -0.6392 -0.7690
vn -0.0386 -0.3001 -0.9531
vn -0.0387 -0.3000 -0.9532
vn -0.0388 -0.2999 -0.9532
vn -0.0740 0.0885 -0.9933
vn 0.0925 0.4733 -0.8760
vn 0.0923 0.4735 -0.8759
vn 0.0925 0.4730 -0.8762
vn 0.0386 0.7824 -0.6216
vn 0.0391 0.7825 -0.6214
vn 0.0389 0.7818 -0.6223
vn 0.0972 -0.9541 -0.2833
vn 0.0973 -0.9542 -0.2829
vn 0.1337 -0.7681 -0.6262
vn 0.1338 -0.7682 -0.6261
vn 0.1336 -0.7681 -0.6262
vn 0.1499 -0.4684 -0.8707
vn 0.1500 -0.4683 -0.8708
vn 0.1503 -0.4683 -0.8707
vn 0.1466 -0.0998 -0.9841
vn 0.1465 -0.0999 -0.9841
vn 0.1431 -0.1037 -0.9843
vn 0.1136 0.2943 -0.9489
vn 0.1135 0.2943 -0.9489
vn 0.1140 0.2939 -0.9490
vn 0.0684 0.6346 -0.7698
vn 0.0682 0.6346 -0.7698
vn 0.0694 0.6342 -0.7700
vn 0.1179 -0.8779 -0.4640
vn 0.1176 -0.8779 -0.4641
vn 0.1173 -0.8780 -0.4640
vn 0.1448 -0.6298 -0.7632
vn 0.1447 -0.6299 -0.7631
vn 0.1444 -0.6301 -0.7630
vn 0.1489 -0.2883 -0.9459
vn 0.1488 -0.2884 -0.9459
vn 0.1346 0.1061 -0.9852
vn 0.1345 0.1062 -0.9852
vn 0.1386 0.1026 -0.9850
vn 0.2622 0.4838 -0.8350
vn 0.2623 0.4839 -0.8349
vn 0.2622 0.4840 -0.8348
vn 0.1577 0.7896 -0.5931
vn 0.1578 0.7895 -0.5932
vn 0.1541 -0.9506 -0.2695
vn 0.1541 -0.9505 -0.2697
vn 0.1540 -0.9506 -0.2696
vn 0.2551 -0.7605 -0.5971
vn 0.2551 -0.7604 -0.5972
vn 0.2549 -0.7605 -0.5972
vn 0.3186 -0.4574 -0.8303
vn 0.3186 -0.4574 -0.8302
vn 0.3184 -0.4572 -0.8304
vn 0.3351 -0.0845 -0.9384
vn 0.3353 -0.0847 -0.9383
vn 0.2997 0.3037 -0.9044
vn 0.2997 0.3036 -0.9044
vn 0.2996 0.3035 -0.9045
vn 0.2165 0.6430 -0.7346
vn 0.2164 0.6431 -0.7346
vn 0.2088 -0.8722 -0.4424
vn 0.2089 -0.8723 -0.4421
vn 0.2089 -0.8725 -0.4416
vn 0.2925 -0.6202 -0.7278
vn 0.2923 -0.6203 -0.7278
vn 0.3333 -0.2759 -0.9015
vn 0.3333 -0.2760 -0.9015
vn 0.3326 -0.2766 -0.9016
vn 0.3234 0.1140 -0.9394
vn 0.3232 0.1135 -0.9395
vn 0.4182 0.4927 -0.7631
vn 0.4181 0.4924 -0.7634
vn 0.4193 0.4928 -0.7625
vn 0.2682 0.7961 -0.5425
vn 0.2682 0.7962 -0.5424
vn 0.2685 0.7958 -0.5427
vn 0.2041 -0.9474 -0.2465
vn 0.2041 -0.9474 -0.2466
vn 0.3686 -0.7532 -0.5447
vn 0.3689 -0.7531 -0.5447
vn 0.3688 -0.7532 -0.5447
vn 0.4754 -0.4469 -0.7578
vn 0.4753 -0.4471 -0.7578
vn 0.4750 -0.4461 -0.7585
vn 0.5110 -0.0728 -0.8565
vn 0.5105 -0.0722 -0.8568
vn 0.4676 0.3137 -0.8264
vn 0.4678 0.3136 -0.8263
vn 0.3537 0.6513 -0.6714
vn 0.3538 0.6511 -0.6715
vn 0.3538 0.6513 -0.6714
vn 0.2918 -0.8671 -0.4037
vn 0.2926 -0.8669 -0.4037
vn 0.2915 -0.8672 -0.4037
vn 0.4300 -0.6112 -0.6645
vn 0.4302 -0.6110 -0.6645
vn 0.4301 -0.6111 -0.6645
vn 0.5028 -0.2645 -0.8230
vn 0.5028 -0.2645 -0.8229
vn 0.4982 0.1245 -0.8581
vn 0.4981 0.1244 -0.8581
vn 0.4998 0.1246 -0.8572
vn 0.5579 0.5000 -0.6624
vn 0.5580 0.5000 -0.6624
vn 0.5581 0.4998 -0.6623
vn 0.3673 0.8018 -0.4713
vn 0.3673 0.8019 -0.4712
vn 0.3673 0.8020 -0.4711
vn 0.2521 -0.9445 -0.2107
vn 0.2523 -0.9444 -0.2107
vn 0.2527 -0.9444 -0.2106
vn 0.4694 -0.7465 -0.4716
vn 0.4695 -0.7465 -0.4715
vn 0.4690 -0.7467 -0.4716
vn 0.6147 -0.4368 -0.6567
vn 0.6147 -0.4368 -0.6568
vn 0.6671 -0.0619 -0.7424
vn 0.6669 -0.0622 -0.7426
vn 0.6188 0.3231 -0.7160
vn 0.6187 0.3230 -0.7161
vn 0.6187 0.3233 -0.7161
vn 0.4763 0.6588 -0.5823
vn 0.3680 -0.8620 -0.3486
vn 0.3675 -0.8621 -0.3488
vn 0.3682 -0.8619 -0.3485
vn 0.5528 -0.6030 -0.5751
vn 0.5529 -0.6030 -0.5751
vn 0.5529 -0.6029 -0.5751
vn 0.6532 -0.2545 -0.7132
vn 0.6556 0.1328 -0.7434
vn 0.6749 0.5074 -0.5358
vn 0.6749 0.5072 -0.5359
vn 0.4502 0.8076 -0.3810
vn 0.4500 0.8077 -0.3810
vn 0.4497 0.8077 -0.3813
vn 0.2889 -0.9419 -0.1712
vn 0.2892 -0.9419 -0.1706
vn 0.2887 -0.9419 -0.1717
vn 0.5541 -0.7407 -0.3799
vn 0.5540 -0.7408 -0.3799
vn 0.5544 -0.7406 -0.3797
vn 0.7315 -0.4288 -0.5302
vn 0.7315 -0.4289 -0.5300
vn 0.7983 -0.0534 -0.5999
vn 0.7985 -0.0538 -0.5996
vn 0.7451 0.3305 -0.5794
vn 0.7450 0.3306 -0.5794
vn 0.5789 0.6654 -0.4713
vn 0.5787 0.6654 -0.4716
vn 0.5787 0.6657 -0.4712
vn 0.4307 -0.8579 -0.2804
vn 0.4306 -0.8579 -0.2804
vn 0.4304 -0.8580 -0.2805
vn 0.6552 -0.5960 -0.4641
vn 0.6553 -0.5960 -0.4641
vn 0.7798 -0.2457 -0.5758
vn 0.7797 -0.2459 -0.5759
vn 0.7864 0.1415 -0.6013
vn 0.7865 0.1414 -0.6012
vn 0.7656 0.5130 -0.3882
vn 0.7658 0.5129 -0.3880
vn 0.5139 0.8123 -0.2757
vn 0.5138 0.8125 -0.2753
vn 0.5144 0.8119 -0.2760
vn 0.3207 -0.9395 -0.1200
vn 0.3206 -0.9396 -0.1197
vn 0.3208 -0.9396 -0.1195
vn 0.6190 -0.7364 -0.2731
vn 0.6190 -0.7365 -0.2729
vn 0.8218 -0.4222 -0.3826
vn 0.8997 -0.0462 -0.4340
vn 0.8997 -0.0461 -0.4340
vn 0.8996 -0.0463 -0.4342
vn 0.8430 0.3366 -0.4196
vn 0.8429 0.3368 -0.4196
vn 0.8426 0.3375 -0.4197
vn 0.6581 0.6710 -0.3415
vn 0.6581 0.6711 -0.3414
vn 0.6581 0.6707 -0.3420
vn 0.4795 -0.8544 -0.2005
vn 0.4792 -0.8545 -0.2004
vn 0.4791 -0.8546 -0.2002
vn 0.7346 -0.5905 -0.3340
vn 0.7346 -0.5905 -0.3342
vn 0.7346 -0.5907 -0.3337
vn 0.8773 -0.2388 -0.4162
vn 0.8774 -0.2387 -0.4162
vn 0.8881 0.1487 -0.4349
vn 0.8256 0.5172 -0.2256
vn 0.8256 0.5173 -0.2254
vn 0.8251 0.5177 -0.2263
vn 0.5562 0.8153 -0.1609
vn 0.5564 0.8151 -0.1611
vn 0.3391 -0.9382 -0.0697
vn 0.3389 -0.9382 -0.0699
vn 0.6620 -0.7330 -0.1562
vn 0.6622 -0.7328 -0.1563
vn 0.6621 -0.7329 -0.1565
vn 0.8817 -0.4172 -0.2203
vn 0.8818 -0.4170 -0.2205
vn 0.8816 -0.4173 -0.2205
vn 0.9673 -0.0412 -0.2502
vn 0.9673 -0.0410 -0.2505
vn 0.9076 0.3418 -0.2437
vn 0.9076 0.3418 -0.2440
vn 0.9077 0.3414 -0.2439
vn 0.7106 0.6751 -0.1982
vn 0.7105 0.6753 -0.1978
vn 0.7103 0.6752 -0.1988
vn 0.5104 -0.8520 -0.1164
vn 0.5111 -0.8518 -0.1153
vn 0.5098 -0.8523 -0.1165
vn 0.7868 -0.5866 -0.1918
vn 0.7867 -0.5868 -0.1918
vn 0.7865 -0.5872 -0.1915
vn 0.9423 -0.2337 -0.2398
vn 0.9424 -0.2335 -0.2396
vn 0.9423 -0.2336 -0.2399
vn 0.9555 0.1535 -0.2521
vn 0.9555 0.1535 -0.2518
vn 0.9555 0.1538 -0.2517
vn 0.8525 0.5199 -0.0549
vn 0.8525 0.5198 -0.0550
vn 0.8520 0.5207 -0.0551
vn 0.5752 0.8169 -0.0419
vn 0.5753 0.8169 -0.0418
vn 0.5752 0.8169 -0.0418
vn 0.3484 -0.9373 -0.0099
vn 0.3484 -0.9373 -0.0100
vn 0.6817 -0.7308 -0.0336
vn 0.6818 -0.7308 -0.0335
vn 0.9088 -0.4143 -0.0497
vn 0.9088 -0.4143 -0.0498
vn 0.9091 -0.4136 -0.0494
vn 0.9977 -0.0371 -0.0571
vn 0.9977 -0.0372 -0.0571
vn 0.9977 -0.0362 -0.0580
vn 0.9372 0.3437 -0.0585
vn 0.9371 0.3440 -0.0587
vn 0.7339 0.6775 -0.0491
vn 0.7340 0.6773 -0.0493
vn 0.7338 0.6776 -0.0490
vn 0.5256 -0.8504 -0.0226
vn 0.5253 -0.8506 -0.0213
vn 0.5248 -0.8510 -0.0208
vn 0.8106 -0.5841 -0.0424
vn 0.8104 -0.5843 -0.0427
vn 0.9718 -0.2294 -0.0553
vn 0.9717 -0.2294 -0.0556
vn 0.9863 0.1539 -0.0588
vn 0.9863 0.1539 -0.0589
vn 0.9861 0.1559 -0.0580
vn 0.8456 0.5207 0.1174
vn 0.8456 0.5207 0.1175
vn 0.8455 0.5208 0.1176
vn 0.5709 0.8171 0.0800
vn 0.5707 0.8172 0.0802
vn 0.5705 0.8173 0.0805
vn 0.3461 -0.9372 0.0440
vn 0.3460 -0.9372 0.0438
vn 0.3465 -0.9370 0.0440
vn 0.6767 -0.7306 0.0912
vn 0.6768 -0.7305 0.0911
vn 0.6767 -0.7306 0.0913
vn 0.9019 -0.4140 0.1228
vn 0.9019 -0.4141 0.1228
vn 0.9019 -0.4141 0.1231
vn 0.9902 -0.0346 0.1353
vn 0.9902 -0.0347 0.1353
vn 0.9903 -0.0338 0.1349
vn 0.9302 0.3438 0.1285
vn 0.9303 0.3436 0.1288
vn 0.9303 0.3435 0.1289
vn 0.7287 0.6772 0.1017
vn 0.7287 0.6772 0.1016
vn 0.5218 -0.8504 0.0681
vn 0.5220 -0.8501 0.0692
vn 0.5212 -0.8507 0.0676
vn 0.8047 -0.5835 0.1091
vn 0.8047 -0.5836 0.1091
vn 0.8046 -0.5837 0.1089
vn 0.9647 -0.2283 0.1313
vn 0.9647 -0.2285 0.1311
vn 0.9792 0.1525 0.1340
vn 0.9792 0.1525 0.1339
vn 0.9789 0.1558 0.1321
vn 0.8060 0.5187 0.2852
vn 0.8059 0.5188 0.2853
vn 0.5428 0.8162 0.1980
vn 0.5431 0.8161 0.1977
vn 0.5426 0.8162 0.1984
vn 0.3322 -0.9377 0.1022
vn 0.3322 -0.9377 0.1023
vn 0.6476 -0.7318 0.2122
vn 0.6476 -0.7319 0.2120
vn 0.6476 -0.7319 0.2122
vn 0.8620 -0.4155 0.2903
vn 0.8620 -0.4154 0.2903
vn 0.8619 -0.4156 0.2904
vn 0.9457 -0.0378 0.3228
vn 0.9457 -0.0380 0.3229
vn 0.8868 0.3421 0.3108
vn 0.8867 0.3423 0.3108
vn 0.8872 0.3428 0.3089
vn 0.6939 0.6758 0.2487
vn 0.6939 0.6758 0.2486
vn 0.6939 0.6757 0.2489
vn 0.5002 -0.8510 0.1601
vn 0.4993 -0.8513 0.1611
vn 0.4990 -0.8515 0.1612
vn 0.7697 -0.5848 0.2562
vn 0.7697 -0.5848 0.2561
vn 0.9215 -0.2306 0.3125
vn 0.9219 -0.2305 0.3115
vn 0.9214 -0.2298 0.3135
vn 0.9341 0.1543 0.3219
vn 0.9343 0.1539 0.3216
vn 0.7342 0.5154 0.4420
vn 0.7342 0.5153 0.4419
vn 0.7345 0.5152 0.4418
vn 0.4925 0.8135 0.3094
vn 0.4923 0.8136 0.3094
vn 0.4925 0.8132 0.3102
vn 0.3094 -0.9388 0.1511
vn 0.3094 -0.9389 0.1510
vn 0.3094 -0.9389 0.1511
vn 0.5954 -0.7346 0.3253
vn 0.5956 -0.7346 0.3251
vn 0.5954 -0.7345 0.3256
vn 0.7899 -0.4193 0.4475
vn 0.7899 -0.4192 0.4475
vn 0.7896 -0.4195 0.4477
vn 0.8645 -0.0425 0.5009
vn 0.8640 -0.0433 0.5015
vn 0.8091 0.3395 0.4797
vn 0.8091 0.3391 0.4800
vn 0.6306 0.6729 0.3868
vn 0.6306 0.6728 0.3869
vn 0.6306 0.6730 0.3865
vn 0.4619 -0.8532 0.2424
vn 0.4616 -0.8530 0.2434
vn 0.4617 -0.8534 0.2420
vn 0.7065 -0.5878 0.3942
vn 0.7065 -0.5879 0.3941
vn 0.7065 -0.5879 0.3940
vn 0.8432 -0.2351 0.4836
vn 0.8432 -0.2354 0.4832
vn 0.8531 0.1506 0.4995
vn 0.8530 0.1505 0.4998
vn 0.8531 0.1504 0.4996
vn 0.6320 0.5104 0.5831
vn 0.4207 0.8094 0.4097
vn 0.4206 0.8094 0.4099
vn 0.4204 0.8095 0.4099
vn 0.2743 -0.9409 0.1986
vn 0.2737 -0.9409 0.1993
vn 0.2732 -0.9410 0.1996
vn 0.5220 -0.7387 0.4264
vn 0.5221 -0.7387 0.4263
vn 0.5217 -0.7387 0.4267
vn 0.6884 -0.4246 0.5880
vn 0.6885 -0.4247 0.5879
vn 0.6888 -0.4247 0.5875
vn 0.7497 -0.0491 0.6599
vn 0.7497 -0.0492 0.6599
vn 0.7496 -0.0490 0.6601
vn 0.6984 0.3335 0.6332
vn 0.6985 0.3335 0.6332
vn 0.6985 0.3334 0.6332
vn 0.5412 0.6681 0.5107
vn 0.5412 0.6681 0.5106
vn 0.5413 0.6681 0.5105
vn 0.4067 -0.8560 0.3191
vn 0.4066 -0.8560 0.3194
vn 0.6171 -0.5927 0.5176
vn 0.6173 -0.5928 0.5172
vn 0.6171 -0.5926 0.5177
vn 0.7329 -0.2411 0.6362
vn 0.7332 -0.2408 0.6360
vn 0.7380 0.1449 0.6591
vn 0.5052 0.5035 0.7009
vn 0.5051 0.5036 0.7009
vn 0.3309 0.8046 0.4930
vn 0.3309 0.8047 0.4930
vn 0.3308 0.8046 0.4932
vn 0.2331 -0.9433 0.2363
vn 0.2331 -0.9431 0.2371
vn 0.2340 -0.9431 0.2361
vn 0.4305 -0.7437 0.5115
vn 0.4303 -0.7438 0.5115
vn 0.5613 -0.4315 0.7062
vn 0.5612 -0.4319 0.7061
vn 0.6056 -0.0570 0.7937
vn 0.6055 -0.0572 0.7938
vn 0.5605 0.3257 0.7614
vn 0.5603 0.3253 0.7618
vn 0.4302 0.6621 0.6137
vn 0.4301 0.6621 0.6137
vn 0.4300 0.6622 0.6137
vn 0.3380 -0.8600 0.3824
vn 0.3381 -0.8600 0.3823
vn 0.3377 -0.8601 0.3823
vn 0.5055 -0.5995 0.6206
vn 0.5049 -0.5999 0.6207
vn 0.5947 -0.2483 0.7646
vn 0.5949 -0.2485 0.7644
vn 0.5942 0.1370 0.7926
vn 0.5942 0.1370 0.7925
vn 0.3552 0.4947 0.7932
vn 0.3555 0.4941 0.7934
vn 0.3558 0.4939 0.7934
vn 0.2258 0.7988 0.5577
vn 0.1840 -0.9459 0.2673
vn 0.1839 -0.9460 0.2669
vn 0.1834 -0.9460 0.2674
vn 0.3235 -0.7500 0.5770
vn 0.3237 -0.7499 0.5770
vn 0.3231 -0.7501 0.5770
vn 0.4124 -0.4390 0.7982
vn 0.4125 -0.4391 0.7981
vn 0.4129 -0.4396 0.7977
vn 0.4372 -0.0638 0.8971
vn 0.4371 -0.0639 0.8971
vn 0.4388 -0.0666 0.8961
vn 0.3984 0.3168 0.8608
vn 0.3983 0.3169 0.8608
vn 0.3992 0.3170 0.8603
vn 0.2999 0.6550 0.6936
vn 0.3000 0.6547 0.6938
vn 0.2999 0.6548 0.6938
vn 0.2591 -0.8646 0.4306
vn 0.2590 -0.8645 0.4307
vn 0.3755 -0.6071 0.7003
vn 0.3754 -0.6072 0.7003
vn 0.3758 -0.6070 0.7003
vn 0.4333 -0.2581 0.8635
vn 0.4331 -0.2573 0.8639
vn 0.4261 0.1268 0.8957
vn 0.4252 0.1260 0.8963
vn 0.4254 0.1259 0.8962
vn 0.1933 0.4842 0.8533
vn 0.1932 0.4841 0.8535
vn 0.1104 0.7916 0.6010
vn 0.1101 0.7914 0.6013
vn 0.1094 0.7916 0.6012
vn 0.1310 -0.9490 0.2869
vn 0.1309 -0.9490 0.2869
vn 0.2069 -0.7565 0.6204
vn 0.2070 -0.7564 0.6205
vn 0.2069 -0.7566 0.6203
vn 0.2499 -0.4476 0.8586
vn 0.2496 -0.4478 0.8586
vn 0.2524 -0.0747 0.9647
vn 0.2525 -0.0745 0.9647
vn 0.2218 0.3068 0.9256
vn 0.2222 0.3065 0.9256
vn 0.2205 0.3067 0.9259
vn 0.1558 0.6469 0.7465
vn 0.1558 0.6468 0.7466
vn 0.1564 0.6464 0.7468
vn 0.1728 -0.8696 0.4626
vn 0.1725 -0.8696 0.4626
vn 0.1727 -0.8696 0.4625
vn 0.2324 -0.6151 0.7534
vn 0.2328 -0.6153 0.7531
vn 0.2327 -0.6149 0.7535
vn 0.2569 -0.2679 0.9286
vn 0.2573 -0.2670 0.9287
vn 0.2568 -0.2656 0.9292
vn 0.2410 0.1151 0.9637
vn 0.0232 0.4741 0.8802
vn 0.0230 0.4745 0.8799
vn 0.0231 0.4752 0.8796
vn -0.0117 0.7841 0.6205
vn -0.0115 0.7842 0.6204
vn -0.0112 0.7845 0.6200
vn 0.0743 -0.9524 0.2957
vn 0.0742 -0.9524 0.2957
vn 0.0836 -0.7636 0.6402
vn 0.0839 -0.7637 0.6401
vn 0.0838 -0.7637 0.6401
vn 0.0790 -0.4572 0.8858
vn 0.0793 -0.4572 0.8858
vn 0.0786 -0.4574 0.8858
vn 0.0582 -0.0767 0.9954
vn 0.0595 -0.0767 0.9953
vn 0.0627 -0.0782 0.9950
vn 0.0381 0.2943 0.9549
vn 0.0382 0.2944 0.9549
vn 0.0375 0.2941 0.9550
vn 0.0061 0.6380 0.7700
vn 0.0062 0.6379 0.7701
vn 0.0056 0.6381 0.7700
vn 0.0803 -0.8750 0.4773
vn 0.0803 -0.8751 0.4773
vn 0.0802 -0.8751 0.4772
vn 0.0828 -0.6239 0.7771
vn 0.0829 -0.6236 0.7773
vn 0.0830 -0.6231 0.7777
vn 0.0729 -0.2760 0.9584
vn 0.0728 -0.2760 0.9584
vn 0.0733 -0.2755 0.9585
vn 0.0461 0.0966 0.9943
vn 0.0469 0.0963 0.9942
vn 0.0448 0.1035 0.9936
vn -0.1515 0.4657 0.8719
vn -0.1526 0.4659 0.8716
vn -0.1503 0.4649 0.8725
vn -0.1339 0.7770 0.6151
vn -0.1342 0.7771 0.6149
vn -0.1345 0.7772 0.6147
vn 0.0175 -0.9558 0.2936
vn 0.0174 -0.9558 0.2935
vn -0.0411 -0.7712 0.6352
vn -0.0412 -0.7711 0.6354
vn -0.0413 -0.7713 0.6351
vn -0.0936 -0.4690 0.8782
vn -0.0936 -0.4689 0.8783
vn -0.0938 -0.4691 0.8781
vn -0.1327 -0.0907 0.9870
vn -0.1278 -0.0938 0.9874
vn -0.1321 -0.0900 0.9871
vn -0.1496 0.2825 0.9475
vn -0.1495 0.2826 0.9475
vn -0.1462 0.6282 0.7642
vn -0.1467 0.6278 0.7644
vn -0.1472 0.6275 0.7646
vn -0.0124 -0.8806 0.4737
vn -0.0118 -0.8806 0.4738
vn -0.0122 -0.8806 0.4736
vn -0.0688 -0.6320 0.7719
vn -0.0692 -0.6322 0.7717
vn -0.0684 -0.6322 0.7718
vn -0.1151 -0.2867 0.9511
vn -0.1145 -0.2872 0.9510
vn -0.1403 0.0854 0.9864
vn -0.1389 0.0853 0.9866
vn -0.1359 0.0946 0.9862
vn -0.3196 0.4566 0.8303
vn -0.3204 0.4567 0.8299
vn -0.3198 0.4562 0.8304
vn -0.2565 0.7695 0.5849
vn -0.2568 0.7697 0.5845
vn -0.2559 0.7692 0.5855
vn -0.0374 -0.9591 0.2805
vn -0.0375 -0.9591 0.2805
vn -0.0376 -0.9591 0.2804
vn -0.1625 -0.7788 0.6059
vn -0.1626 -0.7785 0.6062
vn -0.1625 -0.7787 0.6060
vn -0.2617 -0.4795 0.8376
vn -0.3184 -0.1101 0.9415
vn -0.3191 -0.1095 0.9414
vn -0.3311 0.2713 0.9037
vn -0.3297 0.2730 0.9037
vn -0.3303 0.2750 0.9029
vn -0.2968 0.6179 0.7281
vn -0.2963 0.6183 0.7280
vn -0.2956 0.6187 0.7279
vn -0.1023 -0.8861 0.4522
vn -0.1020 -0.8860 0.4524
vn -0.1021 -0.8860 0.4523
vn -0.2165 -0.6410 0.7364
vn -0.2166 -0.6409 0.7364
vn -0.2169 -0.6408 0.7364
vn -0.2970 -0.2976 0.9073
vn -0.2967 -0.2975 0.9074
vn -0.2976 -0.2979 0.9070
vn -0.3305 0.0832 0.9401
vn -0.3306 0.0832 0.9401
vn -0.3302 0.0834 0.9402
vn -0.4773 0.4469 0.7566
vn -0.4773 0.4468 0.7567
vn -0.4774 0.4475 0.7562
vn -0.3712 0.7624 0.5301
vn -0.3672 0.7642 0.5303
vn -0.3667 0.7640 0.5308
vn -0.0902 -0.9624 0.2563
vn -0.0904 -0.9624 0.2562
vn -0.2760 -0.7854 0.5540
vn -0.2762 -0.7854 0.5540
vn -0.2764 -0.7853 0.5540
vn -0.4182 -0.4894 0.7653
vn -0.4184 -0.4891 0.7653
vn -0.4973 -0.1213 0.8590
vn -0.4974 -0.1213 0.8590
vn -0.4967 -0.1211 0.8594
vn -0.5047 0.2659 0.8213
vn -0.5046 0.2662 0.8213
vn -0.5028 0.2645 0.8229
vn -0.4350 0.6098 0.6625
vn -0.4324 0.6114 0.6627
vn -0.4321 0.6115 0.6628
vn -0.1868 -0.8912 0.4133
vn -0.1871 -0.8912 0.4133
vn -0.1872 -0.8911 0.4133
vn -0.3545 -0.6496 0.6725
vn -0.3540 -0.6498 0.6726
vn -0.3545 -0.6496 0.6726
vn -0.4664 -0.3106 0.8283
vn -0.4665 -0.3108 0.8281
vn -0.5097 0.0725 0.8573
vn -0.5095 0.0727 0.8574
vn -0.6163 0.4371 0.6551
vn -0.6165 0.4369 0.6550
vn -0.6172 0.4367 0.6545
vn -0.4672 0.7572 0.4564
vn -0.4681 0.7580 0.4543
vn -0.4671 0.7570 0.4570
vn -0.1354 -0.9653 0.2234
vn -0.1355 -0.9652 0.2235
vn -0.1356 -0.9652 0.2237
vn -0.3774 -0.7918 0.4803
vn -0.3773 -0.7918 0.4803
vn -0.3775 -0.7918 0.4802
vn -0.5590 -0.4982 0.6628
vn -0.5589 -0.4982 0.6629
vn -0.5594 -0.4980 0.6626
vn -0.6560 -0.1305 0.7433
vn -0.6560 -0.1305 0.7434
vn -0.6561 -0.1302 0.7434
vn -0.6548 0.2570 0.7108
vn -0.6549 0.2573 0.7105
vn -0.6548 0.2571 0.7107
vn -0.5543 0.6033 0.5734
vn -0.5566 0.6066 0.5677
vn -0.5539 0.6033 0.5738
vn -0.2618 -0.8959 0.3589
vn -0.2613 -0.8960 0.3591
vn -0.4772 -0.6580 0.5825
vn -0.4776 -0.6578 0.5824
vn -0.6193 -0.3202 0.7169
vn -0.6191 -0.3196 0.7173
vn -0.6190 -0.3196 0.7175
vn -0.6690 0.0637 0.7405
vn -0.6679 0.0636 0.7415
vn -0.6670 0.0649 0.7422
vn -0.7337 0.4298 0.5262
vn -0.7331 0.4308 0.5263
vn -0.7316 0.4308 0.5284
vn -0.5488 0.7519 0.3653
vn -0.5458 0.7534 0.3669
vn -0.5453 0.7536 0.3670
vn -0.1755 -0.9677 0.1808
vn -0.1754 -0.9677 0.1808
vn -0.1749 -0.9678 0.1809
vn -0.4620 -0.7971 0.3888
vn -0.4618 -0.7972 0.3889
vn -0.6763 -0.5060 0.5353
vn -0.6767 -0.5055 0.5352
vn -0.6759 -0.5062 0.5357
vn -0.7877 -0.1398 0.6000
vn -0.7880 -0.1404 0.5995
vn -0.7805 0.2487 0.5736
vn -0.7804 0.2487 0.5736
vn -0.7806 0.2483 0.5736
vn -0.6556 0.5997 0.4589
vn -0.6560 0.6007 0.4570
vn -0.6554 0.5997 0.4591
vn -0.3252 -0.8998 0.2907
vn -0.3254 -0.8999 0.2904
vn -0.3252 -0.9001 0.2900
vn -0.5798 -0.6648 0.4711
vn -0.5798 -0.6647 0.4711
vn -0.5801 -0.6648 0.4707
vn -0.7469 -0.3280 0.5784
vn -0.7467 -0.3282 0.5786
vn -0.7991 0.0558 0.5986
vn -0.7987 0.0560 0.5991
vn -0.8215 0.4256 0.3795
vn -0.8205 0.4267 0.3803
vn -0.8203 0.4269 0.3806
vn -0.6098 0.7489 0.2596
vn -0.6098 0.7503 0.2552
vn -0.6103 0.7483 0.2600
vn -0.2041 -0.9698 0.1336
vn -0.2041 -0.9698 0.1333
vn -0.2042 -0.9699 0.1328
vn -0.5269 -0.8015 0.2828
vn -0.5266 -0.8016 0.2830
vn -0.5269 -0.8016 0.2827
vn -0.7669 -0.5114 0.3877
vn -0.7668 -0.5115 0.3878
vn -0.7665 -0.5118 0.3881
vn -0.8889 -0.1472 0.4337
vn -0.8769 0.2422 0.4151
vn -0.8766 0.2436 0.4150
vn -0.8763 0.2432 0.4159
vn -0.7333 0.5948 0.3294
vn -0.7334 0.5972 0.3247
vn -0.7332 0.5946 0.3298
vn -0.3732 -0.9031 0.2125
vn -0.3731 -0.9030 0.2133
vn -0.3729 -0.9029 0.2137
vn -0.6591 -0.6700 0.3417
vn -0.6590 -0.6699 0.3420
vn -0.6590 -0.6697 0.3425
vn -0.8443 -0.3347 0.4186
vn -0.8443 -0.3347 0.4185
vn -0.9000 0.0488 0.4332
vn -0.9002 0.0501 0.4325
vn -0.8798 0.4222 0.2185
vn -0.8795 0.4227 0.2186
vn -0.8795 0.4225 0.2188
vn -0.6474 0.7471 0.1507
vn -0.6453 0.7485 0.1526
vn -0.6452 0.7484 0.1535
vn -0.2242 -0.9714 0.0788
vn -0.2240 -0.9714 0.0792
vn -0.2241 -0.9714 0.0790
vn -0.5699 -0.8048 0.1660
vn -0.5699 -0.8047 0.1661
vn -0.8261 -0.5160 0.2263
vn -0.8260 -0.5162 0.2265
vn -0.8262 -0.5159 0.2262
vn -0.9555 -0.1517 0.2530
vn -0.9555 -0.1517 0.2531
vn -0.9556 -0.1511 0.2529
vn -0.9413 0.2384 0.2389
vn -0.9414 0.2382 0.2387
vn -0.9414 0.2380 0.2390
vn -0.7831 0.5922 0.1897
vn -0.7832 0.5914 0.1917
vn -0.7825 0.5930 0.1896
vn -0.4057 -0.9054 0.1248
vn -0.4054 -0.9055 0.1253
vn -0.4058 -0.9054 0.1246
vn -0.7116 -0.6736 0.1998
vn -0.7115 -0.6737 0.1997
vn -0.7116 -0.6736 0.1994
vn -0.9080 -0.3400 0.2447
vn -0.9081 -0.3401 0.2442
vn -0.9081 -0.3402 0.2441
vn -0.9672 0.0438 0.2503
vn -0.9672 0.0436 0.2504
vn -0.0370 -0.9993 -0.0075
vn -0.0327 -0.9991 -0.0260
vn -0.0245 -0.9988 -0.0433
vn -0.0131 -0.9982 -0.0590
vn 0.0009 -0.9974 -0.0721
vn 0.0178 -0.9965 -0.0823
vn 0.0340 -0.9955 -0.0885
vn 0.0543 -0.9943 -0.0917
vn 0.0733 -0.9931 -0.0911
vn 0.0931 -0.9919 -0.0862
vn 0.1079 -0.9910 -0.0793
vn 0.1263 -0.9898 -0.0659
vn 0.1367 -0.9891 -0.0547
vn 0.1489 -0.9882 -0.0347
vn 0.1540 -0.9879 -0.0209
vn 0.1576 -0.9875 0.0018
vn 0.1568 -0.9875 0.0178
vn 0.1518 -0.9877 0.0388
vn 0.1446 -0.9880 0.0543
vn 0.1320 -0.9887 0.0715
vn 0.1194 -0.9894 0.0831
vn 0.1019 -0.9904 0.0938
vn 0.0842 -0.9914 0.1001
vn 0.0657 -0.9925 0.1033
vn 0.0459 -0.9937 0.1025
vn 0.0284 -0.9948 0.0983
vn 0.0098 -0.9959 0.0898
vn -0.0042 -0.9968 0.0798
vn -0.0186 -0.9978 0.0641
vn -0.0279 -0.9984 0.0490
vn -0.0350 -0.9989 0.0301
vn -0.9062 0.4198 0.0500
vn -0.9062 0.4198 0.0501
vn -0.9062 0.4199 0.0503
vn -0.6638 0.7468 0.0401
vn -0.6668 0.7444 0.0349
vn -0.6676 0.7437 0.0343
vn -0.2333 -0.9721 0.0228
vn -0.2336 -0.9721 0.0223
vn -0.2331 -0.9722 0.0232
vn -0.5896 -0.8066 0.0420
vn -0.5893 -0.8068 0.0423
vn -0.5895 -0.8067 0.0416
vn -0.8528 -0.5193 0.0556
vn -0.8526 -0.5196 0.0555
vn -0.9859 -0.1557 0.0613
vn -0.9859 -0.1556 0.0613
vn -0.9860 -0.1555 0.0605
vn -0.9707 0.2338 0.0553
vn -0.9707 0.2340 0.0555
vn -0.9702 0.2362 0.0539
vn -0.8071 0.5889 0.0427
vn -0.8075 0.5883 0.0430
vn -0.8068 0.5893 0.0428
vn -0.0380 -0.9992 0.0125
vn -0.4199 -0.9070 0.0322
vn -0.4199 -0.9070 0.0324
vn -0.4200 -0.9069 0.0321
vn -0.7350 -0.6762 0.0500
vn -0.7351 -0.6762 0.0497
vn -0.7350 -0.6763 0.0498
vn -0.9372 -0.3436 0.0594
vn -0.9372 -0.3438 0.0593
vn -0.9370 -0.3443 0.0590
vn -0.9972 0.0456 0.0600
vn -0.9972 0.0455 0.0598
vn -0.9973 0.0407 0.0614
vn -0.6368 0.7703 0.0320
vn -0.6375 0.7698 0.0331
vn -0.6384 0.7690 0.0327
vn -0.6207 0.7710 0.1428
vn -0.6207 0.7710 0.1427
vn -0.6207 0.7709 0.1430
vn -0.5814 0.7758 0.2451
vn -0.5802 0.7773 0.2434
vn -0.5827 0.7747 0.2457
vn -0.5251 0.7818 0.3362
vn -0.5270 0.7807 0.3358
vn -0.5248 0.7824 0.3353
vn -0.4504 0.7804 0.4336
vn -0.4577 0.7787 0.4291
vn -0.4587 0.7788 0.4279
vn -0.3577 0.7860 0.5042
vn -0.3579 0.7859 0.5042
vn -0.3587 0.7859 0.5037
vn -0.2481 0.7935 0.5558
vn -0.2465 0.7943 0.5553
vn -0.2446 0.7953 0.5547
vn -0.1299 0.8028 0.5820
vn -0.1298 0.8027 0.5820
vn -0.1290 0.8023 0.5828
vn -0.0160 0.8107 0.5852
vn -0.0150 0.8114 0.5843
vn -0.0139 0.8113 0.5845
vn 0.1001 0.8180 0.5664
vn 0.1000 0.8180 0.5664
vn 0.2096 0.8241 0.5262
vn 0.2097 0.8241 0.5262
vn 0.2096 0.8242 0.5261
vn 0.3092 0.8296 0.4649
vn 0.3092 0.8295 0.4650
vn 0.3092 0.8297 0.4647
vn 0.3936 0.8352 0.3840
vn 0.3932 0.8354 0.3841
vn 0.3930 0.8357 0.3837
vn 0.4599 0.8390 0.2907
vn 0.4602 0.8392 0.2898
vn 0.4600 0.8397 0.2885
vn 0.5072 0.8417 0.1851
vn 0.5068 0.8421 0.1844
vn 0.5330 0.8428 0.0748
vn 0.5329 0.8429 0.0748
vn 0.5330 0.8428 0.0747
vn 0.5371 0.8425 -0.0401
vn 0.5367 0.8428 -0.0401
vn 0.5193 0.8410 -0.1519
vn 0.5190 0.8411 -0.1520
vn 0.5194 0.8409 -0.1519
vn 0.4798 0.8383 -0.2590
vn 0.4801 0.8380 -0.2592
vn 0.4802 0.8384 -0.2580
vn 0.4205 0.8338 -0.3578
vn 0.4203 0.8339 -0.3578
vn 0.4207 0.8337 -0.3576
vn 0.3418 0.8278 -0.4448
vn 0.3422 0.8277 -0.4447
vn 0.2488 0.8216 -0.5128
vn 0.2487 0.8216 -0.5130
vn 0.2498 0.8215 -0.5125
vn 0.1446 0.8152 -0.5609
vn 0.1446 0.8151 -0.5610
vn 0.1442 0.8154 -0.5607
vn 0.0329 0.8088 -0.5871
vn 0.0328 0.8087 -0.5873
vn -0.0831 0.8022 -0.5912
vn -0.0834 0.8021 -0.5913
vn -0.0832 0.8020 -0.5914
vn -0.1967 0.7954 -0.5732
vn -0.1967 0.7954 -0.5733
vn -0.1963 0.7956 -0.5731
vn -0.3047 0.7890 -0.5334
vn -0.3047 0.7891 -0.5334
vn -0.3047 0.7893 -0.5331
vn -0.4045 0.7832 -0.4722
vn -0.4043 0.7833 -0.4722
vn -0.4040 0.7834 -0.4724
vn -0.4898 0.7781 -0.3933
vn -0.4898 0.7780 -0.3934
vn -0.4897 0.7781 -0.3933
vn -0.5581 0.7741 -0.2986
vn -0.5583 0.7740 -0.2988
vn -0.5583 0.7739 -0.2989
vn -0.6056 0.7721 -0.1927
vn -0.6057 0.7722 -0.1920
vn -0.6054 0.7724 -0.1918
vn -0.6308 0.7718 -0.0803
vn -0.6308 0.7718 -0.0801
vn -0.6313 0.7714 -0.0801
vn 0.4803 -0.8768 -0.0231
vn 0.9765 -0.0837 -0.1987
vn 0.7933 -0.5695 -0.2154
vn 0.5150 0.7185 -0.4675
vn 0.9527 -0.0587 -0.2981
vn -0.0604 0.9878 -0.1435
vn 0.2961 0.8897 -0.3476
vn -0.3141 -0.9489 -0.0300
vn -0.9197 -0.2080 -0.3329
vn 0.3786 0.3258 0.8663
vn -0.5604 -0.7583 0.3332
vn 0.6753 0.5299 -0.5130
vn -0.1830 -0.9580 0.2207
vn 0.8684 0.4810 0.1203
vn 0.4634 -0.7543 -0.4651
vn 0.9737 0.2279 -0.0056
vn 0.7387 0.2997 0.6037
vn 0.8933 0.3297 0.3055
vn 0.9462 0.3234 -0.0057
vn -0.6618 0.1440 0.7357
vn 0.0397 -0.9273 -0.3722
vn 0.6450 0.6690 0.3694
vn 0.8442 0.5105 -0.1636
vn -0.1467 -0.8588 0.4908
vn 0.3129 0.7727 0.5522
vn 0.4448 0.7033 0.5546
vn 0.7502 0.6322 0.1936
vn 0.9994 0.0119 -0.0337
vn -0.7962 0.5722 0.1965
vn 0.8829 -0.3516 0.3112
vn -0.0295 -0.7641 0.6444
vn 0.5879 0.7434 0.3191
vn -0.0929 -0.5430 0.8346
vn 0.9810 0.1868 0.0523
vn 0.7147 -0.4698 -0.5182
vn 0.7753 -0.6287 -0.0600
vn 0.6934 0.7127 -0.1064
vn 0.6186 -0.6508 0.4402
vn 0.9742 0.2211 -0.0450
vn -0.0150 -0.0369 -0.9992
vn 0.5751 -0.5446 0.6105
vn 0.4578 -0.7344 0.5011
vn 0.5813 -0.4554 -0.6744
vn 0.8039 -0.3715 0.4646
vn 0.8038 0.2142 0.5550
vn 0.6379 0.0289 0.7696
vn 0.2325 -0.9661 -0.1124
vn 0.5135 0.6666 -0.5404
vn 0.2422 -0.6623 0.7090
vn 0.6499 0.0699 0.7568
vn -0.8309 0.3355 0.4439
vn 0.5930 0.4723 0.6521
vn 0.7522 0.5295 0.3922
vn 0.8895 0.3607 -0.2807
vn 0.6836 0.6776 0.2711
vn -0.2605 -0.8368 0.4815
vn 0.8745 0.4844 0.0259
vn 0.8749 0.4837 0.0251
vn 0.8760 0.4821 0.0157
vn -0.6260 -0.7793 -0.0296
vn -0.1863 -0.9602 0.2081
vn 0.6654 0.5581 0.4957
vn 0.4547 0.7896 -0.4121
vn -0.4288 -0.4219 0.7988
vn 0.0012 0.6313 0.7756
vn 0.6726 -0.7296 0.1238
vn -0.0971 -0.5233 0.8466
vn 0.5078 0.6596 0.5541
vn 0.9678 0.2485 0.0406
vn -0.0128 -0.0993 -0.9950
vn 0.8022 0.5507 -0.2308
vn 0.9431 -0.0164 -0.3320
vn -0.6502 -0.6433 0.4042
vn 0.8374 0.4569 -0.3000
vn -0.2695 0.7537 0.5995
vn -0.5510 -0.7459 0.3743
vn 0.9866 0.0749 -0.1449
vn -0.8631 0.3430 0.3708
vn 0.6602 0.5851 0.4710
vn 0.7615 0.4433 0.4729
vn -0.1340 0.6522 -0.7461
vn 0.7604 0.6110 0.2202
vn -0.6852 0.3968 0.6108
vn 0.9365 0.3322 0.1119
vn 0.4359 0.8258 -0.3577
vn -0.7800 -0.4109 -0.4720
vn 0.3915 -0.1113 0.9134
vn 0.1651 0.7887 -0.5922
vn 0.6358 -0.4342 -0.6381
vn 0.3980 -0.9125 0.0950
vn -0.2130 0.5416 0.8132
vn 0.4414 0.0517 -0.8958
vn 0.4455 0.0538 -0.8936
vn 0.4457 0.0522 -0.8937
vn -0.1102 0.6347 0.7649
vn 0.6733 0.6888 0.2687
vn 0.4939 -0.8107 0.3145
vn 0.4938 -0.8101 0.3161
vn 0.4939 -0.8104 0.3151
vn 0.3283 0.9325 -0.1504
vn 0.8579 0.1785 0.4819
vn 0.9487 0.0855 0.3044
vn -0.0746 -0.6581 0.7492
vn 0.9746 0.1842 0.1272
vn -0.0767 0.9871 0.1404
vn 0.3530 -0.8497 0.3916
vn 0.3300 -0.7555 -0.5660
vn 0.4464 0.0519 -0.8933
vn -0.2689 -0.8927 0.3616
vn 0.8720 0.3810 0.3074
vn 0.9741 0.0608 0.2179
vn 0.8094 0.5872 -0.0109
vn -0.2397 -0.9457 -0.2194
vn -0.6082 -0.6820 0.4062
vn 0.7123 0.5535 0.4316
vn 0.9829 0.0758 0.1676
vn -0.3758 0.8622 0.3396
vn 0.7578 -0.6484 0.0722
vn -0.2524 0.7149 -0.6521
vn -0.2477 0.7119 -0.6571
vn -0.2515 0.7144 -0.6530
vn -0.2810 -0.8040 -0.5241
vn -0.2710 -0.9282 0.2548
vn 0.7144 0.6601 0.2322
vn 0.4060 -0.9124 0.0521
vn -0.1278 -0.7471 0.6523
vn 0.6699 0.7397 -0.0633
vn 0.8126 0.5690 0.1261
vn 0.8549 0.1646 0.4920
vn -0.5582 -0.3677 0.7438
vn -0.1206 0.8427 -0.5246
vn 0.9581 0.1355 0.2524
vn 0.1847 0.1031 0.9774
vn -0.7589 0.6423 0.1076
vn 0.3331 0.4231 -0.8426
vn 0.2600 0.8706 -0.4177
vn -0.8112 -0.5839 0.0318
vn 0.4959 0.0925 -0.8634
vn 0.8047 0.5259 0.2754
vn 0.6228 0.7807 0.0511
vn 0.9542 -0.2649 -0.1388
vn 0.5643 -0.6550 -0.5025
vn 0.6057 0.7371 0.2996
vn 0.8393 0.4232 0.3413
vn 0.9977 0.0072 0.0670
vn 0.3143 -0.5064 0.8030
vn 0.1094 0.7093 -0.6964
vn 0.7341 -0.1175 0.6688
vn 0.8361 0.4638 -0.2929
vn -0.0536 0.6452 0.7621
vn 0.8578 0.4430 0.2607
vn -0.2993 0.9215 0.2475
vn 0.3667 -0.7998 0.4753
vn 0.9386 0.3147 -0.1415
vn 0.9673 -0.1545 -0.2010
vn 0.7255 0.6467 0.2353
vn 0.4487 0.8288 -0.3342
vn 0.4841 0.7390 -0.4685
vn 0.6973 0.7142 -0.0610
vn 0.7550 0.4231 -0.5010
vn -0.6244 0.6280 0.4645
vn 0.9457 -0.0981 0.3100
vn 0.6217 0.7245 -0.2975
vn 0.7522 0.6583 0.0280
vn -0.8200 -0.4592 0.3418
vn 0.5513 0.8325 0.0548
vn 0.1121 0.8432 -0.5259
vn 0.3661 -0.6961 0.6175
vn 0.9671 -0.2368 -0.0933
vn -0.3458 0.9247 0.1595
vn -0.0477 -0.7789 0.6253
vn 0.7858 0.5066 -0.3549
vn 0.1707 0.8048 -0.5684
vn 0.8750 0.2973 0.3820
vn 0.5000 0.6359 -0.5879
vn 0.9029 0.3970 0.1648
vn -0.8999 -0.1523 0.4086
vn -0.4711 -0.0339 0.8814
vn 0.3140 0.9381 0.1463
vn -0.8317 -0.0663 0.5513
vn 0.5585 0.2027 0.8043
vn -0.0274 0.1830 0.9827
vn 0.5102 -0.4790 0.7143
vn 0.8828 0.4436 0.1545
vn -0.1307 -0.5782 0.8054
vn -0.1095 -0.6149 0.7810
vn 0.8241 0.5196 0.2256
vn -0.5172 -0.5703 0.6382
vn -0.5019 0.8529 0.1440
vn 0.3977 0.9017 0.1694
vn 0.3420 0.8526 -0.3952
vn 0.5575 0.8271 0.0715
vn 0.5274 0.7603 -0.3791
vn 0.9744 -0.0166 -0.2242
vn 0.9862 0.1564 -0.0535
vn 0.9052 0.3315 0.2659
vn -0.1284 0.9903 -0.0539
vn 0.9496 0.2821 -0.1365
vn -0.0690 0.1387 -0.9879
vn -0.0323 0.1892 -0.9814
vn 0.9272 0.2697 0.2599
vn 0.2195 0.1350 0.9662
vn 0.0130 0.6957 -0.7182
vn 0.3455 0.7711 -0.5348
vn 0.8144 -0.5387 0.2158
vn -0.0594 0.9830 0.1735
vn 0.1761 0.9843 0.0119
vn 0.7021 0.6782 0.2169
vn -0.2268 0.9735 -0.0294
vn 0.3463 -0.9350 0.0761
vn -0.2951 0.9137 0.2795
vn -0.0911 0.9041 0.4176
vn -0.0912 0.9037 0.4183
vn -0.0910 0.9041 0.4174
vn 0.3676 0.9300 0.0046
vn 0.7804 0.4405 0.4437
vn 0.7585 0.5051 0.4117
vn 0.3164 0.5545 -0.7697
vn 0.1703 0.9588 0.2274
vn 0.9843 0.1081 0.1398
vn -0.1879 -0.8992 0.3952
vn 0.5240 0.5790 0.6246
vn 0.4020 0.8748 0.2705
vn 0.7834 0.4283 0.4505
vn 0.2038 0.9577 0.2032
vn 0.6651 0.6526 0.3630
vn -0.4154 0.3071 -0.8562
vn 0.7555 0.5253 0.3914
vn 0.7337 0.5693 0.3711
vn 0.6350 0.6970 0.3332
vn 0.5970 0.6419 0.4811
vn -0.6112 0.5840 -0.5342
vn 0.1760 0.1196 -0.9771
vn 0.1529 0.2518 0.9556
vn 0.1582 0.4740 -0.8662
vn 0.2968 0.4726 -0.8298
vn 0.2191 0.4754 -0.8521
vn 0.6237 -0.1892 0.7584
vn 0.0664 0.7642 0.6415
vn 0.6832 -0.6489 0.3349
vn 0.6640 0.7250 -0.1830
vn 0.6204 0.7101 -0.3328
vn -0.6003 -0.1659 0.7824
vn -0.5049 0.0051 0.8631
vn -0.5066 0.0033 0.8622
vn -0.5045 0.0056 0.8634
vn 0.5892 0.7508 -0.2986
vn 0.0449 0.2702 -0.9618
vn 0.0708 0.5044 -0.8606
vn -0.1696 0.7200 0.6729
vn -0.1611 0.9862 0.0391
vn -0.1239 0.0525 -0.9909
vn 0.7236 0.5659 -0.3951
vn -0.1049 -0.0869 -0.9907
vn -0.4303 -0.8613 -0.2703
vn -0.4320 -0.8607 -0.2695
vn -0.4299 -0.8614 -0.2706
vn 0.0730 0.5164 -0.8532
vn 0.0921 0.5012 -0.8604
vn -0.0570 0.3948 -0.9170
vn -0.1865 0.8103 -0.5555
vn -0.3237 0.8730 0.3647
vn -0.1271 0.8298 -0.5433
vn 0.1966 0.5836 -0.7879
vn 0.6650 0.6892 0.2877
vn 0.6909 0.6434 0.3296
vn 0.2714 0.9137 -0.3025
vn -0.4821 0.6498 0.5877
vn 0.6919 0.6090 0.3877
vn 0.6118 0.7419 0.2744
vn 0.3362 0.8961 -0.2898
vn 0.6902 0.7025 0.1737
vn 0.6377 0.4675 0.6122
vn 0.7335 0.4899 0.4712
vn -0.3043 0.7253 0.6175
vn 0.7684 0.6369 -0.0618
vn 0.6170 0.6814 0.3937
vn 0.8242 0.5418 0.1647
vn 0.4717 0.6035 0.6429
vn -0.6423 0.4118 0.6464
vn -0.5071 0.0027 0.8619
vn 0.5003 0.7166 0.4860
vn 0.5884 0.5242 0.6156
vn 0.3825 0.3723 0.8456
vn -0.5029 -0.1418 0.8526
vn -0.5187 -0.0657 0.8524
vn -0.3824 -0.1121 0.9172
vn 0.8548 0.5154 -0.0612
vn 0.4664 0.8754 0.1272
vn 0.6141 0.7404 0.2733
vn -0.2076 0.5895 0.7807
vn 0.1793 0.3719 0.9108
vn 0.1722 0.3654 0.9148
vn 0.1769 0.3698 0.9121
vn -0.0879 0.3018 0.9493
vn 0.3306 0.5007 0.8000
vn 0.0019 0.7633 0.6461
vn 0.0872 0.6017 0.7939
vn 0.6815 0.4626 0.5670
vn 0.3158 0.8501 -0.4213
vn 0.3127 0.8521 -0.4197
vn 0.3488 0.8952 -0.2774
vn -0.3689 -0.8622 -0.3473
vn 0.6584 0.5752 0.4854
vn 0.0905 0.2748 0.9572
vn -0.1225 0.3813 0.9163
vn -0.1187 0.3652 0.9233
vn -0.5166 -0.1636 0.8404
vn 0.5735 -0.7950 -0.1978
vn -0.0708 0.6123 0.7875
vn 0.1705 0.3638 0.9157
vn -0.4509 0.8852 -0.1148
vn -0.4157 0.8952 -0.1606
vn -0.0473 0.6625 0.7476
vn -0.4524 0.8839 -0.1182
vn -0.4809 0.8768 0.0050
vn -0.2047 0.6057 0.7689
vn -0.2210 0.9635 0.1510
vn -0.4822 0.7615 -0.4331
vn -0.4892 0.8000 -0.3474
vn -0.1791 0.8700 -0.4594
vn -0.1734 0.8017 -0.5721
vn -0.1224 0.8848 -0.4495
vn -0.2189 0.9686 -0.1180
vn 0.2015 0.2603 -0.9443
vn -0.3101 0.8911 0.3312
vn 0.1701 0.6480 -0.7424
vn -0.3784 0.3394 0.8612
vn -0.5829 0.7438 0.3272
vn 0.5191 0.4115 -0.7492
vn -0.1141 0.9778 -0.1755
vn 0.4161 0.5323 0.7372
vn 0.2492 0.4786 -0.8419
vn -0.2519 0.9399 -0.2307
vn -0.4109 0.8023 -0.4330
vn -0.5313 0.6987 -0.4791
vn -0.3100 0.9507 -0.0023
vn -0.8778 0.0144 -0.4788
vn 0.0356 0.9732 -0.2272
vn -0.0097 0.9854 -0.1698
vn -0.4365 0.8386 -0.3258
vn -0.5099 0.7927 -0.3342
vn -0.1641 0.9631 -0.2133
vn -0.1704 0.8997 0.4020
vn -0.8199 0.5724 -0.0096
vn -0.2114 0.8758 0.4338
vn -0.3237 0.9328 0.1584
vn -0.4123 0.7891 0.4553
vn -0.1865 0.9789 -0.0834
vn 0.0664 0.7646 0.6411
vn 0.4629 0.8652 -0.1929
vn 0.6301 0.7578 0.1697
vn 0.6902 -0.6053 0.3966
vn 0.5299 0.8480 0.0053
vn 0.5993 0.7800 0.1799
vn -0.6239 0.7067 -0.3337
vn 0.3326 -0.9230 0.1934
vn 0.5938 0.7353 0.3268
vn -0.8740 0.4854 -0.0241
vn -0.2180 -0.7898 -0.5734
vn -0.8952 0.3544 -0.2703
vn -0.5900 0.5553 0.5861
vn -0.9114 0.1818 0.3691
vn 0.5820 0.8107 0.0642
vn 0.4874 0.8658 0.1130
vn 0.2361 0.7288 0.6427
vn 0.5203 0.8167 0.2495
vn -0.9126 0.3552 -0.2024
vn 0.4081 0.8797 0.2441
vn 0.5731 0.1607 0.8036
vn 0.4882 0.8268 0.2796
vn 0.4954 0.8473 0.1914
vn -0.2161 0.9121 -0.3484
vn 0.3306 0.8857 0.3259
vn 0.5023 -0.8494 -0.1617
vn -0.7134 0.6429 0.2788
vn -0.8055 0.4102 0.4276
vn 0.1187 -0.2652 0.9569
vn 0.3083 -0.8289 0.4669
vn 0.4116 0.9110 -0.0246
vn 0.5646 0.7610 -0.3194
vn -0.3918 0.9115 -0.1253
vn 0.1427 0.9826 -0.1191
vn 0.6558 0.7219 -0.2211
vn -0.1221 0.9643 0.2351
vn -0.2879 0.7525 0.5924
vn -0.1192 0.9767 0.1782
vn -0.2864 0.9280 0.2383
vn -0.5141 0.5891 0.6234
vn -0.0555 0.9956 0.0751
vn -0.8319 0.5515 0.0614
vn 0.2067 0.8547 -0.4761
vn 0.6135 -0.7564 0.2270
vn -0.9838 -0.1362 -0.1163
vn 0.6895 -0.6201 0.3741
vn 0.7481 0.6272 0.2169
vn -0.9769 -0.1277 -0.1715
vn 0.9005 0.4194 0.1149
vn 0.5971 0.7619 0.2510
vn -0.9552 -0.2857 0.0776
vn 0.3148 0.7677 -0.5582
vn 0.6095 0.7894 0.0731
vn 0.3083 0.8061 0.5051
vn 0.3124 0.8079 0.4998
vn 0.3093 0.8062 0.5043
vn 0.0141 0.9999 0.0092
vn 0.5418 0.7439 0.3913
vn 0.4689 0.7432 0.4772
vn 0.4006 0.8105 0.4273
vn 0.6182 0.7556 0.2163
vn -0.8392 -0.4161 0.3503
vn 0.4686 0.7401 0.4823
vn 0.0245 -0.7670 0.6412
vn 0.5138 0.7505 0.4156
vn 0.1570 0.6778 0.7182
vn 0.1432 0.4800 0.8655
vn -0.0517 0.5044 0.8619
vn -0.0718 0.9807 0.1820
vn 0.2571 0.7112 0.6543
vn 0.6133 0.7107 -0.3446
vn -0.6608 0.7232 0.2006
vn -0.8029 0.2352 -0.5477
vn 0.3556 0.9269 0.1196
vn -0.2730 0.8088 -0.5209
vn 0.0031 -0.4986 0.8668
vn -0.6337 -0.3926 -0.6666
vn 0.6233 -0.7516 -0.2159
vn 0.6288 -0.7480 -0.2126
vn 0.6244 -0.7509 -0.2152
vn 0.6353 -0.4621 -0.6188
vn -0.4854 0.8522 -0.1952
vn -0.9831 0.1420 -0.1153
vn 0.8729 0.3003 -0.3845
vn 0.2670 0.8471 -0.4596
vn -0.2732 0.7274 0.6295
vn -0.7239 -0.6502 -0.2305
vn 0.8968 0.3589 -0.2587
vn -0.7401 0.5748 -0.3492
vn 0.7382 0.6743 0.0205
vn 0.4971 0.7769 0.3864
vn 0.7283 0.6541 0.2045
vn -0.5969 -0.7365 0.3183
vn 0.2667 0.9250 0.2706
vn 0.7223 0.6852 0.0935
vn -0.1579 0.8978 0.4111
vn -0.9888 0.0795 -0.1263
vn -0.0784 0.8409 0.5355
vn -0.6171 0.7059 -0.3477
vn -0.2145 0.7351 0.6431
vn 0.0562 -0.0758 -0.9955
vn -0.5329 -0.6313 0.5635
vn -0.9993 -0.0110 -0.0345
vn -0.1625 -0.7910 0.5898
vn -0.3557 0.5876 0.7268
vn 0.5444 0.8232 -0.1612
vn -0.4007 -0.4538 -0.7959
vn -0.9490 -0.2738 0.1562
vn 0.5678 -0.7937 -0.2185
vn 0.3354 0.7945 0.5063
vn 0.3493 0.8069 0.4764
vn -0.7068 -0.5482 0.4471
vn -0.9192 0.0205 0.3933
vn -0.5043 0.8147 -0.2863
vn 0.1716 0.8353 0.5223
vn -0.1158 -0.9348 -0.3358
vn 0.3956 0.7767 0.4901
vn -0.0023 0.9740 -0.2267
vn -0.8072 -0.1101 0.5800
vn -0.0741 -0.9868 -0.1437
vn -0.0151 0.8340 -0.5516
vn -0.8315 0.4709 -0.2945
vn 0.4117 0.7652 0.4949
vn -0.1298 -0.7181 0.6838
vn 0.9695 -0.2411 -0.0444
vn 0.0079 -0.9924 -0.1229
vn -0.8325 0.5281 0.1675
vn -0.7481 0.6154 -0.2483
vn -0.7585 0.1781 0.6268
vn -0.8701 0.4915 0.0371
vn 0.9743 0.0658 0.2156
vn 0.2846 0.9347 0.2129
vn -0.3411 -0.6432 -0.6855
vn -0.0151 0.9020 -0.4315
vn 0.0008 -0.9697 -0.2443
vn -0.0003 -0.9694 -0.2453
vn -0.0008 -0.9698 -0.2441
vn 0.5033 0.6923 -0.5171
vn 0.2559 0.7577 -0.6004
vn -0.8993 0.2113 0.3830
vn 0.9147 0.3935 0.0915
vn -0.3706 0.7294 0.5750
vn 0.4591 -0.4131 0.7865
vn -0.9365 -0.2148 0.2772
vn 0.3884 0.7405 0.5485
vn 0.6700 0.7188 -0.1855
vn -0.8337 0.3482 0.4287
vn 0.6694 0.7410 -0.0534
vn 0.9610 0.1189 -0.2495
vn -0.8553 0.3220 0.4060
vn 0.9101 0.3872 0.1476
vn -0.3898 -0.9101 0.1408
vn -0.3522 -0.9346 -0.0501
vn 0.1916 -0.9747 0.1152
vn 0.4345 0.8787 0.1977
vn 0.5549 0.5572 0.6178
vn -0.7192 -0.1104 0.6860
vn -0.7272 0.6861 0.0206
vn -0.0702 0.1867 0.9799
vn -0.5630 -0.8225 0.0809
vn -0.6347 0.7644 0.1135
vn 0.4361 0.7209 -0.5387
vn -0.4917 -0.6427 0.5875
vn 0.6927 0.4575 0.5576
vn -0.6639 -0.6152 -0.4251
vn 0.0952 0.7928 -0.6021
vn -0.2796 -0.6415 0.7144
vn -0.4125 -0.2096 0.8865
vn 0.5202 0.3217 0.7911
vn -0.7214 0.3685 0.5864
vn -0.0084 -0.9704 -0.2414
vn 0.6230 0.6442 -0.4436
vn -0.9689 -0.1939 -0.1538
vn 0.9836 0.0451 0.1746
vn 0.7270 0.6831 0.0688
vn 0.0156 0.4216 0.9067
vn 0.7156 -0.4117 0.5643
vn -0.0392 0.1770 -0.9834
vn -0.7939 0.3259 -0.5134
vn -0.4802 0.8674 0.1306
vn -0.6042 -0.1320 0.7858
vn -0.6419 0.7005 0.3120
vn -0.9158 0.3404 -0.2131
vn -0.9149 0.3458 -0.2083
vn -0.9146 0.3480 -0.2061
vn -0.7426 0.5553 0.3744
vn 0.6620 0.7488 0.0317
vn -0.8903 -0.0390 -0.4538
vn -0.9793 0.1917 -0.0656
vn 0.6571 -0.7536 -0.0198
vn 0.7300 0.5525 0.4024
vn 0.6411 -0.1389 -0.7548
vn 0.7690 0.6387 -0.0274
vn 0.2947 -0.9507 0.0965
vn -0.4516 0.7867 -0.4210
vn -0.9703 0.2396 -0.0343
vn -0.6493 0.4813 0.5889
vn 0.2350 -0.6818 0.6928
vn 0.3940 -0.4510 0.8009
vn -0.0921 -0.9955 0.0223
vn -0.1127 -0.9934 0.0216
vn -0.1053 -0.9817 0.1588
vn -0.3480 -0.6698 0.6560
vn 0.8892 0.3978 0.2261
vn 0.1129 0.4939 0.8621
vn -0.4961 -0.1877 0.8477
vn -0.1150 -0.4234 0.8986
vn -0.8007 0.5969 0.0502
vn 0.0572 -0.8787 0.4739
vn 0.5196 -0.5997 0.6086
vn -0.0972 0.5401 0.8360
vn -0.4853 0.8743 0.0035
vn -0.5476 -0.8330 0.0791
vn 0.5360 0.6712 0.5119
vn 0.4968 -0.7599 0.4192
vn 0.6189 0.7107 0.3346
vn 0.6436 0.6494 -0.4049
vn 0.1117 -0.4987 0.8595
vn -0.5820 0.4692 0.6642
vn 0.4180 0.8146 0.4022
vn -0.5747 -0.2179 0.7888
vn -0.9276 -0.0122 -0.3734
vn -0.6237 -0.7797 -0.0548
vn 0.2691 0.9375 0.2208
vn -0.9816 0.1262 -0.1435
vn 0.1066 -0.8472 0.5205
vn -0.9162 0.3384 -0.2147
vn 0.6299 -0.7471 -0.2124
vn 0.5522 0.7658 -0.3297
vn -0.8796 0.3034 0.3665
vn 0.5331 -0.5171 0.6696
vn -0.9957 -0.0878 -0.0301
vn 0.0686 0.9036 -0.4229
vn 0.6681 -0.6178 0.4146
vn 0.1247 -0.0704 -0.9897
vn -0.1114 0.7468 0.6557
vn 0.6163 0.7755 -0.1372
vn 0.3161 0.9481 -0.0354
vn 0.8403 0.5420 -0.0099
vn 0.2876 0.9279 -0.2374
vn -0.9407 0.2981 -0.1621
vn -0.0300 0.8635 -0.5035
vn -0.3232 0.7959 -0.5120
vn -0.9496 0.0179 -0.3129
vn 0.5444 -0.5346 -0.6464
vn 0.5432 -0.5349 -0.6472
vn 0.5217 -0.8312 -0.1925
vn -0.9179 0.0222 -0.3963
vn -0.2164 -0.3401 0.9152
vn 0.3495 0.6991 -0.6238
vn 0.8142 0.5177 0.2629
vn 0.1044 0.9934 0.0466
vn -0.7968 0.4646 -0.3863
vn -0.7976 0.3892 0.4608
vn 0.7883 0.5105 0.3435
vn 0.1674 0.2462 0.9546
vn -0.0071 0.7516 0.6596
vn -0.8803 0.3981 -0.2580
vn 0.5315 0.8063 0.2596
vn -0.9528 0.3019 -0.0318
vn -0.6480 0.3242 0.6892
vn 0.8363 0.4414 0.3252
vn -0.1631 -0.8246 -0.5417
vn 0.6837 -0.7060 0.1850
vn -0.3012 -0.6665 0.6820
vn -0.0514 -0.8068 0.5886
vn 0.7397 0.1244 0.6613
vn 0.1172 0.6558 0.7458
vn 0.6599 0.7505 -0.0340
vn 0.5583 0.8265 0.0720
vn 0.5024 0.7443 0.4400
vn -0.7176 0.0286 0.6958
vn 0.1614 -0.9536 -0.2543
vn 0.3659 0.4083 -0.8363
vn 0.6900 -0.6411 0.3360
vn -0.9641 0.2403 0.1131
vn 0.7687 0.1295 0.6263
vn 0.7687 0.1253 0.6272
vn 0.7686 0.1251 0.6274
vn -0.7799 -0.2799 0.5598
vn 0.8775 0.4615 0.1302
vn -0.9750 0.1124 -0.1914
vn -0.0455 0.8634 -0.5025
vn 0.6720 0.5173 0.5299
vn -0.5286 0.3832 0.7574
vn 0.1274 -0.9838 -0.1263
vn -0.8190 0.4898 0.2990
vn 0.3702 0.9085 -0.1938
vn 0.1147 0.6952 -0.7096
vn -0.0169 0.9999 0.0021
vn 0.7589 0.6512 -0.0034
vn -0.8877 0.4324 0.1583
vn 0.5546 -0.7001 0.4497
vn 0.0163 -0.9925 -0.1213
vn -0.3670 0.3778 0.8500
vn 0.4305 0.8903 0.1487
vn -0.6837 0.7012 0.2024
vn 0.6310 0.4178 0.6537
vn 0.8308 0.3566 -0.4273
vn -0.9455 0.3234 -0.0375
vn -0.9224 0.0168 -0.3859
vn -0.5304 0.7602 -0.3752
vn -0.8577 0.5127 -0.0382
vn 0.4381 0.7468 0.5003
vn -0.8674 0.4666 0.1729
vn -0.6616 0.7376 -0.1350
vn -0.2536 0.8753 -0.4118
vn -0.3487 0.8931 -0.2843
vn 0.9210 0.1232 0.3696
vn -0.0285 -0.9991 0.0298
vn -0.2638 -0.9609 0.0843
vn -0.2013 0.9791 -0.0298
vn 0.7524 -0.6175 0.2293
vn -0.0231 0.9819 0.1879
vn 0.5830 0.5631 0.5857
vn 0.1004 0.5391 0.8363
vn -0.4961 -0.2800 -0.8218
vn -0.9483 0.3156 -0.0321
vn 0.7091 -0.3715 0.5994
vn -0.0971 0.5728 0.8139
vn 0.8783 0.1590 0.4510
vn 0.7496 0.6593 -0.0576
vn 0.6198 0.7174 0.3182
vn -0.8009 0.5643 -0.2004
vn 0.8332 0.0118 0.5529
vn -0.7402 0.6651 0.0991
vn 0.1061 0.4876 -0.8666
vn -0.9833 -0.1628 0.0816
vn 0.9054 0.3838 0.1814
vn -0.6718 -0.6858 0.2797
vn -0.8393 0.5126 0.1809
vn -0.4738 0.6468 0.5977
vn 0.3357 -0.9276 0.1639
vn 0.3957 -0.9184 0.0069
vn -0.2255 0.8464 0.4825
vn 0.7227 -0.6326 0.2783
vn 0.9921 -0.0864 0.0913
vn -0.1975 0.9752 -0.1004
vn -0.2015 0.9748 -0.0956
vn -0.1963 0.9753 -0.1011
vn 0.7800 0.3727 0.5027
vn -0.0579 0.6875 -0.7239
vn 0.9826 -0.0308 0.1830
vn 0.5286 -0.8316 0.1706
vn 0.5510 0.8298 0.0887
vn 0.0607 0.8046 -0.5907
vn 0.3965 -0.8657 0.3057
vn -0.5375 0.7720 0.3393
vn 0.4727 -0.8756 0.0993
vn -0.3852 -0.9030 0.1902
vn 0.2214 0.8514 0.4755
vn 0.5763 0.7616 0.2964
vn 0.9074 0.3708 0.1980
vn -0.9760 -0.1122 0.1867
vn 0.9657 0.1856 0.1814
vn -0.5849 0.7717 -0.2497
vn -0.9844 0.0263 0.1742
vn 0.5458 -0.8373 0.0325
vn 0.9481 0.1104 0.2983
vn -0.6817 -0.6973 0.2216
vn -0.0721 0.6534 0.7536
vn -0.1357 0.9707 0.1983
vn -0.2152 -0.9440 0.2500
vn -0.4782 0.7390 -0.4746
vn 0.5489 0.8359 0.0038
vn -0.4123 0.1022 -0.9053
vn -0.1884 -0.7528 -0.6307
vn 0.5540 0.8215 -0.1352
vn 0.9308 0.1911 0.3116
vn 0.5773 -0.4120 0.7049
vn 0.3545 -0.8848 0.3024
vn 0.7084 0.4426 -0.5498
vn -0.4137 -0.9089 -0.0521
vn 0.9767 0.1953 0.0893
vn 0.9679 0.2008 0.1514
vn 0.9304 0.3287 -0.1620
vn 0.3407 0.1659 -0.9254
vn -0.2627 -0.8580 0.4414
vn -0.5236 -0.7948 -0.3069
vn 0.9322 -0.0024 0.3619
vn 0.7830 0.6211 -0.0337
vn -0.9457 -0.2027 0.2541
vn -0.6940 -0.7162 0.0728
vn -0.9453 0.3242 0.0352
vn 0.0936 0.7316 -0.6753
vn 0.9927 -0.1159 0.0336
vn 0.8868 -0.4185 0.1960
vn 0.5403 0.7822 -0.3102
vn 0.5386 0.7830 -0.3113
vn -0.2580 -0.8025 0.5380
vn 0.3788 0.2855 -0.8803
vn 0.6701 -0.5319 0.5177
vn 0.8870 -0.0954 0.4518
vn -0.2876 0.8568 0.4280
vn -0.0026 0.8630 -0.5053
vn -0.2182 -0.9648 0.1465
vn -0.9264 -0.3520 -0.1338
vn 0.8863 0.4182 -0.1989
vn -0.1530 0.6496 -0.7447
vn -0.3379 0.2663 -0.9027
vn 0.1473 0.7713 0.6192
vn -0.2425 0.5843 -0.7744
vn -0.1263 0.5723 -0.8102
vn 0.1721 0.4283 -0.8871
vn 0.9725 0.2318 0.0228
vn -0.6923 -0.7152 -0.0955
vn 0.3804 0.7561 0.5325
vn -0.2115 -0.4549 -0.8651
vn -0.1468 0.5250 -0.8384
vn 0.4483 -0.7848 0.4279
vn 0.5749 0.6540 0.4918
vn 0.6140 0.7637 0.1992
vn -0.9854 0.0219 0.1687
vn 0.4240 -0.7770 -0.4653
vn -0.2204 0.9578 0.1845
vn 0.3225 -0.8602 0.3951
vn 0.4437 -0.8769 0.1851
vn -0.0231 0.2899 -0.9568
vn 0.6287 0.7755 0.0571
vn 0.7376 0.6723 0.0634
vn -0.2937 0.1810 -0.9386
vn -0.1484 0.8103 0.5670
vn 0.2529 0.6459 -0.7203
vn 0.4937 -0.8099 0.3166
vn 0.5683 0.7395 0.3607
vn -0.8579 -0.4582 -0.2326
vn 0.6871 0.6972 -0.2045
vn -0.9200 -0.3477 -0.1807
vn 0.4667 0.8543 -0.2286
vn 0.6028 0.7691 0.2124
vn 0.4344 0.8629 -0.2584
vn 0.5632 0.6491 0.5114
vn -0.7807 -0.6150 -0.1106
vn 0.9796 0.0023 0.2008
vn 0.1398 -0.2528 0.9574
vn -0.5545 -0.7153 0.4253
vn 0.0318 -0.9938 0.1067
vn -0.8214 0.2071 -0.5315
vn -0.6628 0.5719 0.4834
vn 0.7374 0.1472 0.6593
vn 0.9359 0.3520 -0.0146
vn -0.4323 -0.5731 0.6962
vn -0.3468 -0.9234 -0.1643
vn 0.2695 0.8563 0.4407
vn 0.1888 -0.7376 0.6483
vn 0.8795 0.3809 -0.2852
vn -0.7705 0.6314 0.0883
vn -0.4410 0.8579 -0.2638
vn 0.2535 0.9335 -0.2538
vn -0.7959 0.5419 0.2699
vn 0.3927 0.8290 -0.3982
vn 0.8683 0.3453 -0.3561
vn 0.7315 0.5505 0.4023
vn -0.1605 -0.8530 0.4966
vn -0.5369 0.8265 -0.1695
vn -0.3178 -0.8517 0.4167
vn 0.3505 0.6196 -0.7023
vn -0.8909 -0.3507 0.2888
vn 0.7878 0.3841 0.4815
vn 0.0451 0.4047 -0.9133
vn 0.4125 0.8985 0.1503
vn -0.3681 0.9186 0.1439
vn 0.0277 -0.9000 -0.4349
vn 0.9751 0.2148 -0.0548
vn 0.9229 0.3501 -0.1605
vn 0.4557 0.8900 0.0179
vn 0.5260 0.8502 0.0227
vn 0.7161 0.5976 0.3607
vn 0.6633 0.6423 0.3840
vn 0.3390 0.3262 -0.8824
vn 0.4466 0.7246 -0.5249
vn -0.2310 -0.2081 0.9504
vn 0.8513 0.5217 -0.0563
vn 0.8241 0.5634 -0.0585
vn 0.2613 0.0815 -0.9618
vn 0.9643 -0.2432 0.1044
vn -0.6577 0.7192 -0.2241
vn 0.8764 0.4140 -0.2462
vn 0.2655 0.5451 0.7952
vn 0.2303 0.4789 -0.8471
vn -0.2020 0.9748 -0.0944
vn 0.5402 -0.3083 0.7830
vn 0.3133 -0.9345 0.1690
vn 0.6401 0.6636 0.3872
vn 0.0964 0.5932 -0.7992
vn -0.2009 -0.3844 0.9011
vn -0.3331 0.3769 -0.8643
vn -0.3341 -0.3509 0.8748
vn 0.0697 0.5626 0.8238
vn 0.7417 0.6707 0.0031
vn -0.4504 -0.4262 0.7845
vn 0.5971 0.7903 -0.1375
vn 0.5196 0.8392 -0.1607
vn 0.5111 0.7971 -0.3215
vn -0.3628 -0.9315 0.0244
vn 0.8218 0.4873 -0.2952
vn 0.7541 0.5816 0.3052
vn 0.4340 -0.7353 -0.5206
vn 0.8977 -0.1617 -0.4098
vn 0.3369 -0.2044 -0.9191
vn 0.1160 0.5187 0.8470
vn 0.0835 0.8875 -0.4531
vn 0.7114 0.6494 -0.2688
vn 0.2400 0.9082 -0.3429
vn 0.9667 0.2205 0.1301
vn 0.4142 -0.8696 0.2689
vn 0.1391 0.4759 -0.8684
vn 0.2877 0.9575 -0.0191
vn 0.5135 0.8369 -0.1897
vn 0.1536 0.8590 0.4883
vn 0.3303 0.8669 0.3734
vn 0.9759 0.2161 0.0306
vn 0.4620 0.8315 0.3086
vn 0.6551 0.7357 -0.1717
vn 0.5685 0.7566 -0.3231
vn 0.3681 -0.9189 0.1417
vn 0.0991 0.4912 -0.8654
vn 0.8764 0.1133 0.4680
vn 0.6398 0.7589 0.1212
vn 0.6466 0.7273 0.2303
vn 0.6907 0.7209 -0.0571
vn 0.2741 0.7813 0.5607
vn 0.6561 0.7541 0.0282
vn 0.3019 0.8572 0.4172
vn 0.3169 0.7564 0.5722
vn -0.4286 0.1988 0.8814
vn -0.7205 0.6115 -0.3270
vn 0.1708 0.8887 -0.4255
vn 0.6614 0.6997 0.2700
vn -0.0570 0.1034 -0.9930
vn 0.8729 0.4868 -0.0339
vn 0.8956 0.4326 -0.1035
vn 0.8765 0.0258 0.4807
vn -0.7552 -0.2987 0.5835
vn -0.6352 -0.3646 -0.6809
vn -0.7369 -0.1485 0.6594
vn 0.0591 0.8326 0.5507
vn 0.0328 0.9012 0.4321
vn -0.7833 -0.4108 0.4666
vn -0.1093 0.5339 0.8385
vn 0.1339 0.6082 0.7824
vn 0.2491 0.6650 0.7041
vn 0.3137 0.6849 0.6577
vn 0.1018 0.7126 0.6941
vn -0.3309 -0.2522 0.9093
vn -0.5064 -0.4461 0.7379
vn 0.3217 0.6451 0.6931
vn -0.3534 -0.4121 0.8398
vn -0.4802 -0.3864 0.7875
vn -0.8508 -0.3586 0.3841
vn -0.9217 -0.3390 0.1887
vn -0.8511 -0.5227 -0.0500
vn -0.8178 -0.5332 0.2166
vn -0.1306 0.8597 -0.4938
vn 0.1666 0.9762 0.1388
vn 0.7557 0.6216 0.2064
vn -0.4434 -0.2858 0.8496
vn 0.1520 0.4544 0.8777
vn -0.6481 -0.4978 0.5763
vn -0.5580 -0.3994 0.7274
vn 0.7621 0.5856 0.2763
vn 0.1758 -0.8093 -0.5604
vn 0.3311 0.6722 -0.6622
vn -0.4903 -0.2947 0.8203
vn 0.1243 0.4539 0.8823
vn 0.6257 0.7276 0.2814
vn 0.4902 0.7669 0.4143
vn -0.5909 0.4726 0.6538
vn 0.1906 0.7600 0.6214
vn 0.2327 0.7879 0.5702
vn 0.4020 0.7517 0.5228
vn 0.6663 0.7426 0.0674
vn -0.7820 -0.5588 -0.2761
vn 0.0745 0.9545 -0.2886
vn 0.2950 0.8649 -0.4062
vn 0.5625 0.8187 -0.1154
vn 0.5421 0.8357 -0.0876
vn 0.4495 0.8196 -0.3553
vn 0.5558 0.7297 -0.3983
vn 0.0938 0.4974 -0.8624
vn 0.4923 0.8418 -0.2213
vn 0.3558 0.6835 0.6374
vn 0.4498 0.8642 -0.2255
vn -0.4679 -0.5832 -0.6640
vn 0.6261 0.7690 0.1286
vn 0.2462 0.0498 -0.9679
vn 0.2455 0.0498 -0.9681
vn 0.2454 0.0498 -0.9681
vn 0.6519 0.7576 0.0317
vn -0.1724 0.1184 -0.9779
vn 0.6226 0.7610 0.1823
vn -0.1084 0.9635 0.2449
vn 0.2903 0.7541 0.5890
vn 0.2818 0.6637 -0.6929
vn 0.4278 0.8024 -0.4161
vn 0.2177 0.9760 -0.0047
vn -0.3165 0.1780 -0.9317
vn 0.6722 0.7353 0.0866
vn 0.4086 0.8901 0.2017
vn 0.5617 0.8135 0.1510
vn 0.5910 0.7883 -0.1713
vn -0.2083 -0.3039 -0.9297
vn 0.5790 0.8104 0.0891
vn 0.4063 0.8534 0.3266
vn 0.2496 0.7791 -0.5751
vn 0.0411 0.7607 0.6478
vn 0.6345 0.4224 0.6473
vn 0.5985 0.1580 0.7854
vn 0.5001 0.2012 0.8423
vn 0.5015 0.1969 0.8425
vn 0.5014 0.2001 0.8418
vn 0.7294 0.2374 0.6416
vn 0.5290 0.8034 -0.2731
vn 0.6738 0.6363 0.3757
vn 0.8510 0.4561 0.2605
vn 0.8007 0.5567 0.2213
vn 0.7106 0.5451 0.4448
vn 0.6168 0.4077 0.6733
vn 0.5590 0.1374 0.8177
vn -0.6126 -0.5116 0.6025
vn 0.6269 0.4150 0.6594
vn 0.6971 0.6219 0.3569
vn 0.6881 0.3247 0.6489
vn 0.4478 0.4375 0.7798
vn -0.0931 0.9822 -0.1633
vn 0.7979 0.5677 0.2024
vn 0.7767 0.6295 -0.0209
vn 0.8651 0.4270 -0.2630
vn 0.0312 0.8910 -0.4530
vn -0.2543 -0.1171 0.9600
vn -0.1889 -0.5734 -0.7972
vn 0.1995 0.7128 -0.6724
vn -0.1776 -0.8861 -0.4282
vn -0.0328 0.8758 -0.4816
vn 0.8066 0.2479 0.5366
vn -0.0086 -0.9135 -0.4068
vn -0.9256 -0.0129 0.3782
vn -0.5919 -0.7948 -0.1343
vn -0.0154 -0.7985 -0.6018
vn -0.6992 -0.6529 -0.2912
vn -0.2188 0.1088 0.9697
vn -0.8231 0.3930 -0.4100
vn 0.7411 0.4733 0.4762
vn -0.1506 -0.7896 -0.5949
vn -0.4180 -0.8308 -0.3675
vn 0.2848 0.9095 0.3029
vn -0.2990 -0.8064 -0.5102
vn -0.5030 -0.7399 -0.4467
vn 0.1614 0.8649 0.4752
vn 0.8027 0.4553 -0.3852
vn 0.7698 0.5430 -0.3354
vn 0.7232 0.6819 0.1096
vn -0.3555 0.1647 0.9201
vn 0.2161 0.9536 -0.2098
vn 0.4526 0.0793 -0.8882
vn 0.1867 0.0072 -0.9824
vn 0.2269 0.9724 0.0552
vn 0.2017 0.0151 -0.9793
vn 0.6050 -0.7860 0.1271
vn 0.2575 0.1449 -0.9554
vn 0.1758 0.5222 -0.8345
vn -0.0239 0.9549 -0.2958
vn 0.1798 0.0773 -0.9807
vn -0.8613 0.1809 -0.4747
vn 0.7697 -0.3228 0.5508
vn 0.5131 0.2959 -0.8057
vn -0.4251 -0.4983 0.7556
vn 0.9643 -0.1977 0.1764
vn 0.3520 0.8165 0.4576
vn -0.2209 0.6835 -0.6957
vn 0.9636 0.1656 -0.2098
vn 0.6694 -0.4844 0.5632
vn -0.2334 -0.8039 -0.5471
vn -0.2308 -0.9376 0.2602
vn 0.0145 -0.0462 -0.9988
vn 0.0113 -0.0473 -0.9988
vn 0.0064 -0.0450 -0.9990
vn 0.2595 0.8342 0.4866
vn 0.8010 0.5987 0.0014
vn 0.3672 0.8899 -0.2705
vn -0.2286 -0.5953 0.7703
vn 0.5009 -0.2683 -0.8229
vn -0.1792 -0.4953 0.8500
vn 0.3227 0.8799 -0.3487
vn 0.2626 -0.4686 -0.8435
vn -0.0245 -0.0756 0.9968
vn 0.2861 0.5744 -0.7670
vn -0.2788 -0.2510 0.9270
vn 0.1838 0.9536 0.2385
vn 0.7399 0.6692 -0.0693
vn 0.6033 -0.4587 0.6524
vn 0.9501 0.2447 0.1934
vn -0.4339 -0.7732 0.4626
vn -0.2750 -0.8389 0.4698
vn 0.7495 0.6619 0.0136
vn 0.9631 0.2526 0.0927
vn 0.7008 0.6475 0.2993
vn 0.8182 0.4691 0.3323
vn 0.9408 -0.0653 0.3327
vn 0.7458 0.5780 0.3312
vn 0.8532 0.5216 0.0059
vn -0.7873 0.5529 0.2729
vn 0.2757 -0.6898 0.6695
vn -0.7030 -0.6432 0.3035
vn 0.8590 -0.4836 0.1682
vn -0.6880 -0.6671 0.2858
vn -0.0022 0.2608 -0.9654
vn 0.5956 0.7442 0.3024
vn -0.0868 -0.2958 0.9513
vn 0.9725 0.0693 0.2225
vn 0.7888 -0.1239 0.6021
vn -0.7855 0.6034 -0.1377
vn 0.9536 0.0895 0.2873
vn 0.4714 0.7820 0.4078
vn 0.0713 0.1953 0.9781
vn 0.9902 -0.0520 0.1298
vn 0.8606 -0.0799 0.5030
vn 0.4565 -0.4574 0.7632
vn -0.8562 0.0089 0.5166
vn 0.1036 -0.1617 -0.9814
vn 0.6118 0.6164 0.4956
vn 0.0284 0.9518 -0.3055
vn 0.5225 0.8172 0.2432
vn 0.0662 -0.9978 0.0065
vn -0.8013 0.4322 0.4136
vn -0.3412 0.8431 -0.4156
vn 0.6578 0.7505 0.0636
vn 0.4026 0.8952 0.1911
vn 0.8697 -0.4864 -0.0842
vn 0.2448 -0.4142 0.8767
vn 0.6044 -0.0166 0.7965
vn 0.4103 -0.8686 -0.2779
vn -0.7863 0.5574 -0.2667
vn 0.4933 -0.8416 -0.2200
vn -0.2701 -0.9123 0.3078
vn -0.7581 0.6385 -0.1324
vn 0.1061 -0.7408 -0.6633
vn 0.9103 0.4038 0.0908
vn 0.5907 0.7880 0.1738
vn 0.4713 0.2521 0.8452
vn 0.9803 0.1719 0.0973
vn -0.3022 0.9118 -0.2778
vn 0.9762 -0.0194 -0.2161
vn 0.9859 -0.1548 -0.0639
vn 0.8433 -0.0765 0.5320
vn 0.1896 0.9766 -0.1014
vn 0.4990 -0.3904 -0.7737
vn 0.7687 0.1304 0.6261
vn -0.4206 -0.5754 -0.7015
vn -0.3466 -0.2535 -0.9031
vn -0.3431 -0.4736 -0.8111
vn -0.0349 -0.7873 0.6156
vn -0.3770 -0.4167 -0.8272
vn -0.4705 -0.7558 0.4553
vn 0.8290 0.2760 -0.4863
vn 0.7849 0.4000 -0.4732
vn 0.9702 0.0716 -0.2316
vn 0.5255 -0.7866 -0.3242
vn 0.5495 0.6852 0.4780
vn -0.1416 -0.7670 0.6258
vn 0.6355 0.7058 0.3130
vn -0.9176 -0.3091 -0.2498
vn 0.9305 0.3602 0.0668
vn 0.7003 0.6135 -0.3649
vn 0.9895 -0.0603 -0.1316
vn 0.1790 0.6440 -0.7438
vn -0.0841 0.8716 0.4829
vn 0.9595 0.1094 -0.2595
vn 0.9254 0.1794 -0.3339
vn 0.8970 0.2457 -0.3675
vn 0.8992 0.1430 -0.4135
vn 0.8763 0.0605 -0.4779
vn -0.3792 -0.6360 -0.6721
vn 0.0701 0.7364 -0.6729
vn -0.3009 0.9488 0.0963
vn 0.8022 0.3982 -0.4449
vn 0.0095 0.6077 -0.7941
vn 0.7555 0.3846 -0.5303
vn 0.7505 0.3895 -0.5339
vn 0.7560 0.3841 -0.5301
vn -0.8785 0.2014 -0.4333
vn 0.9229 0.2316 -0.3076
vn 0.8188 -0.0944 0.5663
vn 0.8482 0.2723 -0.4544
vn 0.8595 0.3630 -0.3599
vn -0.6177 0.2361 -0.7501
vn -0.4831 0.8753 0.0210
vn 0.7957 0.5740 0.1931
vn 0.9243 0.3268 0.1972
vn 0.9280 0.3493 -0.1296
vn 0.2940 0.1704 -0.9405
vn 0.3058 0.5054 0.8069
vn 0.8766 0.4731 0.0884
vn -0.0542 0.9951 -0.0822
vn 0.3991 0.4951 0.7718
vn -0.7576 0.5303 0.3806
vn 0.6311 0.7657 0.1246
vn -0.5964 0.7996 -0.0704
vn -0.3394 -0.6696 -0.6606
vn 0.3580 0.9305 -0.0771
vn 0.3404 0.8950 -0.2884
vn 0.1012 0.5918 -0.7997
vn -0.5100 0.6817 0.5245
vn 0.9275 -0.3729 0.0249
vn 0.9470 0.0836 -0.3101
vn 0.7403 -0.6654 -0.0963
vn -0.0617 0.9325 -0.3560
vn 0.6899 0.7238 0.0133
vn -0.9216 0.3187 0.2218
vn 0.3535 0.3489 0.8679
vn -0.1567 -0.2654 0.9513
vn -0.8292 0.5011 -0.2477
vn 0.3947 -0.9063 -0.1508
vn -0.2813 -0.4760 0.8332
vn 0.8463 0.3476 -0.4037
vn -0.4580 0.8806 -0.1217
vn 0.0226 -0.9996 0.0167
vn 0.1772 -0.7620 -0.6229
vn 0.7345 0.6633 -0.1435
vn 0.4236 -0.8777 -0.2241
vn 0.4524 -0.1655 -0.8763
vn 0.5117 0.8584 -0.0347
vn 0.8743 -0.0751 -0.4795
vn -0.9600 -0.1701 0.2224
vn 0.6808 0.3200 -0.6589
vn -0.9155 0.1000 0.3897
vn -0.5721 -0.0920 0.8150
vn 0.6325 0.7693 0.0899
vn 0.6992 -0.6767 -0.2306
vn 0.9064 -0.0698 -0.4166
vn 0.7217 -0.6606 -0.2068
vn -0.1700 0.9370 0.3050
vn 0.5801 -0.7371 -0.3467
vn -0.8220 0.4282 -0.3754
vn 0.6253 0.7790 -0.0459
vn -0.9853 0.1707 0.0044
vn -0.8553 0.3997 0.3298
vn 0.9436 0.1718 -0.2831
vn 0.2427 0.4462 -0.8614
vn 0.7892 -0.5694 0.2302
vn 0.7608 -0.5212 0.3866
vn 0.3358 0.6351 -0.6956
vn 0.8766 -0.3378 0.3427
vn 0.7869 -0.0471 -0.6153
vn -0.4015 -0.5089 0.7614
vn 0.0058 -0.0410 -0.9991
vn 0.6775 0.4809 0.5565
vn 0.7063 0.6940 0.1398
vn 0.8030 0.5199 -0.2914
vn 0.7820 0.6089 -0.1331
vn 0.6159 0.7383 0.2749
vn 0.5158 0.8445 -0.1437
vn -0.6947 -0.3932 0.6024
vn -0.8635 0.2493 -0.4385
vn 0.8915 0.3239 -0.3169
vn 0.0063 0.9724 0.2332
vn 0.7363 -0.0733 0.6726
vn 0.7649 0.3977 0.5067
vn 0.9121 0.1372 -0.3862
vn 0.8397 0.0667 0.5390
vn 0.9624 0.2007 0.1830
vn 0.4858 -0.8581 0.1664
vn 0.2939 0.9557 0.0127
vn 0.6599 0.6467 -0.3826
vn 0.7438 0.1228 -0.6570
vn 0.5765 0.7882 -0.2154
vn 0.9585 0.2849 0.0087
vn 0.7456 -0.6650 0.0432
vn 0.1455 0.3849 -0.9114
vn 0.8799 0.3537 -0.3174
vn -0.4282 -0.3751 0.8222
vn 0.1111 0.3290 0.9378
vn 0.8136 0.5157 -0.2684
vn 0.8915 0.2269 -0.3921
vn -0.5391 -0.7189 -0.4388
vn 0.2993 -0.8405 0.4517
vn 0.6634 0.6701 -0.3329
vn 0.8448 0.4345 -0.3124
vn 0.4584 -0.6370 -0.6198
vn 0.3786 0.9185 -0.1140
vn -0.0079 0.1772 0.9841
vn 0.3837 0.9047 -0.1852
vn 0.5005 0.8639 -0.0565
vn 0.3532 0.8929 -0.2791
vn 0.3986 0.9113 -0.1034
vn 0.8110 0.4912 -0.3179
vn -0.0038 -0.1721 -0.9851
vn 0.7050 0.6814 -0.1965
vn 0.7815 -0.5614 0.2722
vn 0.5487 0.8360 0.0056
vn -0.8732 -0.4635 0.1509
vn -0.9740 0.1407 0.1776
vn -0.9724 0.2117 -0.0981
vn -0.4260 -0.4387 0.7913
vn -0.7461 0.4526 0.4885
vn 0.9711 0.0705 -0.2282
vn 0.4232 0.8965 0.1312
vn -0.6734 -0.6944 -0.2535
vn -0.7608 0.6472 0.0480
vn -0.7398 0.5400 0.4013
vn 0.7498 0.3901 -0.5344
vn 0.4986 0.8634 0.0778
vn 0.3552 0.8502 -0.3886
vn 0.3547 0.8504 -0.3885
vn 0.3548 0.8474 -0.3950
vn 0.4162 0.9071 -0.0628
vn 0.8897 0.3837 -0.2476
vn 0.3520 0.8513 -0.3890
vn 0.2649 0.9272 -0.2649
vn 0.3107 0.9058 -0.2881
vn 0.9129 0.3023 -0.2744
vn 0.9417 0.3181 -0.1093
vn 0.6977 0.6681 -0.2586
vn 0.3853 0.9116 -0.1433
vn 0.3462 0.8606 -0.3735
vn 0.3456 0.9121 -0.2203
vn 0.4107 0.8379 -0.3595
vn 0.3788 -0.8874 0.2625
vn 0.4102 -0.7898 0.4559
vn 0.3945 0.7976 -0.4563
vn 0.1557 0.9781 -0.1381
vn 0.1876 0.9822 -0.0059
vn 0.2415 0.8393 -0.4871
vn 0.3787 0.8664 -0.3255
vn 0.4616 0.8551 0.2361
vn 0.4955 0.7601 -0.4204
vn -0.9969 -0.0526 0.0584
vn 0.8311 0.5553 -0.0308
vn 0.8942 -0.0647 -0.4430
vn 0.4024 0.8558 -0.3251
vn 0.4130 0.8984 -0.1492
vn 0.9360 0.3054 0.1753
vn 0.3491 0.7902 -0.5037
vn 0.7512 0.4798 0.4533
vn 0.8724 0.4292 -0.2338
vn 0.5301 0.8153 -0.2328
vn 0.5845 0.7285 -0.3573
vn 0.3648 0.7835 -0.5031
vn 0.0951 0.9805 -0.1717
vn 0.1964 0.9431 -0.2683
vn 0.3343 0.8534 -0.3999
vn 0.2759 0.8662 -0.4167
vn 0.9547 -0.2279 0.1912
vn 0.7131 0.6087 0.3478
vn -0.6462 -0.7549 -0.1121
vn -0.9697 0.1426 -0.1984
vn 0.9003 0.2594 -0.3496
vn 0.2769 0.9367 -0.2143
vn 0.6593 0.7392 -0.1374
vn 0.3850 0.5149 0.7659
vn 0.6004 0.6908 -0.4030
vn -0.1496 -0.9795 0.1349
vn -0.0899 0.8564 -0.5084
vn -0.1898 0.8122 -0.5516
vn 0.7463 0.4899 -0.4507
vn -0.3448 -0.8593 0.3779
vn 0.6948 0.7187 0.0262
vn -0.1523 0.6389 -0.7540
vn -0.6110 0.7149 -0.3400
vn 0.7360 -0.3654 0.5699
vn 0.0187 0.9371 0.3486
vn 0.4627 0.8440 0.2712
vn -0.8138 0.5203 -0.2590
vn 0.7076 0.5253 0.4727
vn 0.0747 0.8136 -0.5766
vn 0.7704 0.6133 -0.1742
vn 0.7075 0.6960 -0.1225
vn 0.5408 0.7779 -0.3201
vn 0.5001 0.1961 0.8435
vn 0.2626 0.9589 0.1073
vn 0.3019 0.8690 -0.3922
vn 0.4076 0.7506 0.5200
vn 0.4031 -0.2311 -0.8855
vn -0.1179 0.3205 -0.9399
vn 0.4852 -0.4744 -0.7345
vn 0.3819 0.8015 -0.4601
vn -0.6833 -0.6463 -0.3396
vn 0.9072 0.4179 0.0480
vn 0.2033 0.5752 0.7923
vn 0.8226 0.5668 0.0468
vn 0.6693 0.6087 0.4260
vn 0.1556 0.7872 0.5968
vn 0.4023 0.6480 -0.6467
vn 0.8319 0.5500 -0.0732
vn 0.9598 0.2558 0.1156
vn 0.5204 0.8535 0.0269
vn 0.6632 0.6254 0.4111
vn 0.5852 0.6391 -0.4991
vn 0.7476 0.5904 -0.3042
vn -0.1216 0.9669 -0.2243
vn 0.8129 0.5612 -0.1557
vn 0.7357 0.6101 -0.2943
vn 0.5290 0.7232 0.4440
vn 0.7553 -0.0144 -0.6552
vn 0.7551 0.4088 -0.5126
vn -0.0618 -0.5807 -0.8118
vn 0.6252 0.7080 0.3284
vn 0.5608 0.3065 0.7692
vn 0.6787 0.5498 0.4869
vn 0.8377 0.5110 -0.1924
vn 0.3707 0.8667 -0.3338
vn 0.6285 0.7374 0.2474
vn -0.4220 0.8968 -0.1331
vn 0.9008 0.4040 0.1590
vn 0.0668 0.7382 -0.6712
vn 0.7192 0.6579 -0.2235
vn 0.8074 0.5431 -0.2306
vn 0.1223 0.7552 0.6439
vn 0.6551 0.6372 -0.4061
vn 0.9454 0.2725 -0.1789
vn 0.7892 0.5546 0.2639
vn 0.8658 0.4995 -0.0295
vn 0.1632 0.8499 0.5010
vn 0.4446 0.5033 0.7409
vn 0.9022 0.3564 -0.2429
vn 0.9257 0.3717 0.0705
vn 0.3399 0.7148 0.6112
vn 0.8629 0.4985 0.0829
vn 0.9125 0.4064 0.0468
vn 0.9124 0.3768 -0.1598
vn 0.9197 0.3781 -0.1055
vn 0.6161 0.3507 0.7053
vn 0.9214 0.3485 -0.1717
vn 0.4678 0.7349 -0.4910
vn -0.7027 0.2564 -0.6637
vn -0.1632 0.8713 -0.4629
vn 0.9401 0.3179 -0.1233
vn 0.6910 0.4392 -0.5741
vn 0.6384 0.6768 -0.3666
vn 0.3436 0.8411 -0.4178
vn 0.6112 0.5166 -0.5996
vn 0.5801 0.6624 0.4741
vn 0.2921 0.5622 -0.7737
vn 0.1446 0.8683 -0.4745
vn 0.6317 0.5629 -0.5331
vn 0.5305 0.6578 -0.5346
vn 0.9180 0.3511 -0.1842
vn 0.4607 0.6711 0.5809
vn 0.5067 0.5667 -0.6497
vn 0.7075 0.6788 0.1969
vn 0.6353 0.5328 -0.5591
vn 0.5211 0.6155 -0.5912
vn 0.4221 0.5351 -0.7318
vn 0.5558 0.7614 -0.3338
vn 0.5106 -0.6486 -0.5644
vn 0.9701 -0.0968 0.2226
vn 0.5927 0.5764 -0.5625
vn 0.2700 0.8307 0.4870
vn 0.7670 0.6132 -0.1890
vn 0.3694 0.7289 -0.5764
vn 0.4661 0.5012 -0.7291
vn 0.6799 -0.0969 -0.7269
vn -0.7083 0.2835 -0.6465
vn 0.4988 0.6543 -0.5684
vn -0.5000 -0.8588 -0.1121
vn -0.2244 0.4918 0.8413
vn 0.5767 0.5150 -0.6343
vn -0.2620 0.6415 -0.7210
vn -0.2118 0.0844 -0.9737
vn -0.1578 0.4441 0.8820
vn 0.8685 0.2454 -0.4307
vn 0.0655 0.9069 -0.4162
vn 0.9412 0.3362 0.0331
vn 0.6239 0.6928 0.3618
vn 0.4790 0.7879 -0.3872
vn 0.6065 0.6839 -0.4054
vn 0.5035 0.7492 -0.4303
vn -0.3053 -0.8166 0.4899
vn 0.4581 0.8317 -0.3138
vn 0.7053 0.6796 -0.2019
vn 0.7383 0.4379 -0.5130
vn 0.7708 -0.6310 0.0880
vn 0.8064 0.5909 -0.0241
vn -0.0644 -0.9123 0.4045
vn 0.9541 -0.0369 0.2973
vn 0.8890 -0.2087 -0.4076
vn -0.9470 -0.2943 0.1288
vn 0.8607 0.4970 -0.1101
vn 0.7879 0.4490 0.4215
vn 0.3359 -0.7453 0.5759
vn -0.6703 0.2719 0.6905
vn -0.4333 0.8231 -0.3672
vn -0.0403 0.8696 0.4922
vn -0.0911 0.9036 0.4187
vn -0.9239 0.3726 0.0867
vn 0.7855 -0.3529 0.5084
vn 0.7219 -0.4452 0.5298
vn 0.8034 0.5935 0.0475
vn 0.6437 -0.5709 0.5097
vn 0.8758 0.4825 0.0146
vn 0.6800 0.5150 -0.5219
vn 0.7290 -0.4771 0.4908
vn 0.0950 0.9543 -0.2833
vn -0.7834 -0.1543 0.6021
vn 0.3879 -0.9188 0.0726
vn -0.7927 0.0459 -0.6079
vn -0.0649 -0.8625 0.5019
vn 0.0638 -0.9211 0.3840
vn 0.3280 -0.8947 0.3032
vn 0.0464 -0.5581 0.8285
vn 0.6245 0.3766 -0.6842
vn 0.0881 -0.1625 0.9828
vn 0.2835 -0.4457 0.8491
vn 0.5221 0.8323 0.1865
vn -0.8875 0.4447 -0.1206
vn 0.5831 0.7824 -0.2185
vn 0.6274 -0.3604 0.6903
vn 0.6419 0.5563 -0.5277
vn 0.9564 -0.2052 0.2081
vn 0.2953 -0.1437 0.9445
vn 0.5418 -0.8104 0.2230
vn 0.2155 0.9699 -0.1130
vn -0.6773 -0.5413 0.4982
vn 0.7506 -0.6090 0.2565
vn 0.9313 0.1502 0.3318
vn 0.8166 0.5663 0.1119
vn 0.2296 0.2412 0.9429
vn -0.0716 0.3750 0.9243
vn 0.7200 0.4909 0.4905
vn 0.0365 0.9893 -0.1411
vn 0.5273 -0.7586 0.3826
vn -0.8378 0.4709 -0.2762
vn -0.6940 0.6242 -0.3588
vn -0.9294 0.3424 -0.1377
vn 0.8265 0.5428 0.1489
vn -0.2509 0.7520 -0.6095
vn -0.2262 0.5729 -0.7878
vn 0.9208 -0.3899 0.0146
vn 0.8763 -0.4027 -0.2642
vn 0.9241 0.3759 -0.0686
vn 0.7506 -0.0187 -0.6605
vn 0.6244 -0.6422 -0.4446
vn 0.3097 0.9369 0.1623
vn -0.0994 0.7071 -0.7001
vn -0.2079 0.8354 -0.5088
vn -0.9190 0.3836 -0.0905
vn -0.7996 0.2020 -0.5655
vn -0.8304 0.3361 -0.4443
vn -0.5463 0.7268 -0.4163
vn 0.8827 0.2525 -0.3963
vn 0.9019 0.4216 -0.0939
vn 0.9506 -0.1158 0.2879
vn -0.3371 -0.6716 0.6598
vn 0.6734 0.6344 -0.3795
vn -0.0209 0.6675 -0.7443
vn -0.2290 0.7561 -0.6130
vn -0.2208 -0.7335 0.6428
vn 0.0512 0.8086 -0.5862
vn -0.3352 0.8430 0.4208
vn 0.4129 -0.8549 0.3141
vn -0.3817 0.7777 -0.4995
vn 0.5210 0.4164 -0.7451
vn -0.7010 0.7131 0.0102
vn 0.8446 -0.3276 0.4234
vn 0.4964 0.8485 -0.1834
vn -0.2799 0.7061 -0.6504
vn 0.9624 -0.1157 0.2458
vn 0.0064 -0.7366 0.6763
vn -0.6213 -0.7835 0.0105
vn -0.9845 0.1322 0.1154
vn -0.9984 0.0561 -0.0084
vn 0.4191 0.7807 -0.4635
vn -0.7077 -0.6861 0.1687
vn 0.7748 0.6271 0.0807
vn 0.4350 -0.0962 -0.8953
vn -0.2584 -0.9660 0.0024
vn 0.3226 0.8344 -0.4468
vn -0.3664 0.5427 -0.7558
vn -0.3519 -0.9358 -0.0196
vn -0.5386 0.5476 -0.6403
vn -0.0486 0.9893 -0.1379
vn -0.0336 0.0594 -0.9977
vn -0.9498 -0.2403 0.2003
vn 0.8574 -0.3353 0.3905
vn 0.4864 0.8103 -0.3270
vn 0.7400 -0.1523 0.6552
vn 0.5203 0.6051 0.6027
vn -0.3147 0.8685 -0.3829
vn 0.0270 0.4506 0.8923
vn -0.5441 0.8330 0.1005
vn 0.7910 0.0731 0.6075
vn -0.6467 0.2099 0.7333
vn -0.0883 0.2074 0.9743
vn 0.1556 0.8048 -0.5727
vn 0.1545 0.5413 -0.8265
vn 0.2544 -0.8681 -0.4261
vn 0.2423 0.0757 -0.9672
vn 0.3086 0.9504 0.0401
vn 0.4215 -0.7942 -0.4377
vn -0.4980 -0.5676 0.6556
vn 0.1262 -0.5730 0.8098
vn 0.1355 -0.6179 0.7745
vn -0.8336 0.5419 0.1070
vn -0.9683 0.2243 -0.1097
vn 0.5672 -0.4288 0.7032
vn -0.5056 0.8557 0.1102
vn 0.3197 -0.4182 -0.8502
vn 0.5246 0.7169 -0.4592
vn 0.5574 0.5892 -0.5849
vn -0.7915 0.3459 -0.5039
vn -0.9121 -0.2984 0.2813
vn 0.4424 0.8460 -0.2977
vn 0.9044 -0.2006 -0.3767
vn 0.8586 -0.4395 -0.2639
vn 0.3373 0.9375 -0.0858
vn 0.8276 -0.4541 -0.3301
vn 0.8646 0.1485 0.4800
vn 0.5760 0.8102 -0.1088
vn -0.6493 0.7423 0.1658
vn 0.5783 0.7691 -0.2721
vn 0.7820 0.4738 -0.4049
vn -0.5906 0.7500 0.2977
vn -0.6691 0.7329 -0.1229
vn -0.9370 0.2670 -0.2252
vn -0.8966 0.3698 -0.2436
vn -0.9005 0.3638 -0.2381
vn -0.9007 0.3628 -0.2391
vn -0.9230 0.3675 -0.1142
vn -0.9886 0.1428 -0.0470
vn 0.9614 -0.1756 -0.2120
vn -0.9915 -0.1160 -0.0595
vn -0.9984 0.0557 -0.0023
vn -0.9669 0.0428 0.2517
vn 0.5304 -0.6577 0.5349
vn 0.9598 0.2641 0.0952
vn -0.5752 0.4953 0.6510
vn 0.3957 -0.0880 -0.9142
vn 0.2772 -0.0088 -0.9608
vn -0.6910 0.7076 -0.1476
vn -0.2430 0.2184 -0.9451
vn 0.0252 0.7813 -0.6237
vn -0.4802 0.4763 0.7366
vn -0.4670 0.6285 -0.6220
vn 0.2197 0.7725 -0.5958
vn 0.1168 0.8916 0.4374
vn -0.0960 0.9780 0.1850
vn -0.0964 0.9944 -0.0435
vn -0.3368 0.9112 0.2372
vn -0.3530 0.9182 0.1795
vn -0.3583 0.9161 0.1798
vn -0.3498 0.9184 0.1851
vn 0.0525 0.9828 0.1772
vn 0.0966 0.9951 -0.0219
vn -0.3288 0.9103 0.2515
vn -0.0889 0.9077 0.4101
vn 0.0836 0.9192 0.3847
vn 0.1516 0.9845 -0.0880
vn -0.1017 0.8999 0.4241
vn -0.0855 0.9194 0.3839
vn -0.3292 0.8243 0.4605
vn -0.2597 0.8046 0.5341
vn -0.8732 0.4604 0.1599
vn -0.7321 0.6789 0.0562
vn -0.6684 0.6777 -0.3067
vn -0.7570 0.4466 0.4770
vn -0.7210 0.4586 0.5194
vn -0.8048 0.5513 0.2201
vn -0.7778 0.4790 0.4068
vn -0.6461 0.6933 0.3191
vn -0.5553 0.5399 0.6326
vn -0.6946 0.5433 0.4716
vn -0.7420 0.5591 0.3699
vn -0.4919 0.7390 0.4602
vn -0.5055 0.8100 0.2971
vn -0.5179 0.7743 0.3635
vn -0.6617 0.6450 0.3823
vn -0.7252 0.6221 0.2950
vn -0.7598 0.5116 0.4013
vn -0.7462 0.6295 0.2166
vn -0.7936 0.5888 0.1536
vn -0.7289 0.6484 0.2198
vn -0.7814 0.5728 0.2477
vn -0.7378 0.6136 0.2813
vn -0.7501 0.6247 0.2170
vn -0.6631 0.6447 0.3804
vn -0.6633 0.6438 0.3815
vn -0.6631 0.6444 0.3809
vn -0.6729 0.6458 0.3607
vn -0.7118 0.6333 0.3038
vn -0.6999 0.6231 0.3491
vn -0.4173 0.8178 0.3964
vn -0.4533 0.7695 0.4499
vn -0.1204 0.1119 -0.9864
vn -0.0702 0.1434 -0.9872
vn -0.2038 0.4903 0.8474
vn -0.1051 0.7161 -0.6901
vn 0.3408 -0.2347 -0.9104
vn -0.1337 0.0387 0.9903
vn -0.1292 0.4742 -0.8709
vn 0.0719 -0.1212 -0.9900
vn -0.0188 -0.2268 -0.9738
vn -0.1576 0.4569 -0.8755
vn -0.1228 0.2201 -0.9677
vn -0.2150 0.4460 -0.8688
vn -0.2367 0.3150 -0.9191
vn -0.2576 0.4467 -0.8568
vn 0.2305 0.0335 0.9725
vn -0.5779 -0.7742 0.2581
vn -0.6315 0.7459 -0.2119
vn -0.6508 0.6188 -0.4400
vn -0.6922 0.6400 -0.3335
vn -0.6542 0.6998 -0.2868
vn 0.5468 -0.0914 0.8323
vn 0.4316 0.1775 0.8844
vn 0.0968 0.5670 0.8180
vn 0.0395 0.5279 0.8484
vn -0.9089 0.4166 -0.0168
vn -0.7563 0.5151 -0.4034
vn -0.7028 0.4784 -0.5265
vn -0.0591 0.2988 -0.9525
vn -0.1202 0.3940 -0.9112
vn -0.6083 0.5719 -0.5504
vn 0.0057 0.5666 -0.8240
vn 0.2483 0.4495 -0.8581
vn 0.3864 0.1062 -0.9162
vn -0.0482 0.5395 -0.8406
vn -0.0103 0.5718 -0.8203
vn -0.0286 0.4821 -0.8757
vn 0.0468 0.4034 -0.9138
vn 0.0013 0.5939 -0.8046
vn -0.4370 0.7497 -0.4969
vn 0.0677 0.7156 -0.6952
vn 0.1528 0.9866 -0.0573
vn 0.2790 0.9592 0.0445
vn 0.1940 0.8406 -0.5058
vn 0.0757 0.8498 -0.5216
vn 0.5115 0.6043 0.6109
vn 0.4566 0.8038 0.3814
vn 0.1835 0.9366 0.2987
vn 0.1535 0.7742 0.6141
vn -0.8506 0.5250 0.0287
vn -0.8028 0.5961 -0.0125
vn -0.8129 0.5736 0.1011
vn -0.8235 0.5457 0.1552
vn -0.8001 0.5984 0.0416
vn -0.7252 0.6675 0.1692
vn -0.7508 0.6409 0.1598
vn -0.6004 0.6724 -0.4329
vn -0.3958 0.8426 -0.3652
vn -0.3971 0.8610 -0.3177
vn -0.6234 0.7720 -0.1240
vn -0.7796 0.5720 0.2549
vn -0.7361 0.5604 0.3797
vn -0.8395 0.5327 0.1069
vn -0.8094 0.5866 0.0265
vn -0.8129 0.5812 -0.0369
vn -0.8397 0.5398 -0.0592
vn -0.7961 0.5693 -0.2052
vn -0.7492 0.6359 -0.1853
vn -0.0844 0.7439 0.6629
vn 0.1089 0.3986 0.9106
vn -0.3187 0.5320 0.7844
vn -0.4845 0.6171 0.6200
vn 0.4468 0.1651 0.8793
vn 0.4864 -0.0328 0.8731
vn -0.3823 0.2189 0.8977
vn -0.1387 0.3377 0.9310
vn 0.4884 -0.2019 0.8489
vn 0.4390 -0.2449 0.8645
vn -0.5579 0.8241 -0.0979
vn -0.7112 0.6865 0.1515
vn -0.0810 0.7895 0.6084
vn -0.0784 0.3102 0.9474
vn -0.3174 0.3513 0.8808
vn -0.3996 0.3908 0.8292
vn -0.1151 0.6628 0.7399
vn -0.2076 0.6104 0.7644
vn -0.2223 0.2689 0.9372
vn -0.2068 0.3357 0.9190
vn -0.2671 0.3264 0.9067
vn -0.0938 0.0616 0.9937
vn -0.3952 -0.9164 -0.0626
vn 0.3561 -0.1134 0.9276
vn 0.4536 -0.1590 0.8769
vn -0.0333 0.3879 0.9211
vn -0.0554 0.3668 0.9286
vn -0.6350 -0.6208 -0.4596
vn -0.5374 -0.8177 0.2064
vn -0.2384 0.3285 0.9139
vn -0.3127 0.4040 0.8597
vn -0.0884 0.6231 0.7771
vn -0.1769 0.2257 0.9580
vn 0.3182 0.9460 -0.0623
vn 0.3124 0.9472 -0.0724
vn 0.0543 0.7306 0.6806
vn 0.2320 0.9655 0.1179
vn 0.3653 0.9277 0.0773
vn -0.1782 0.4988 0.8482
vn -0.0392 0.2339 0.9715
vn -0.1180 0.9905 -0.0709
vn 0.4173 0.8503 -0.3208
vn 0.4281 0.8647 -0.2628
vn 0.0802 0.8996 -0.4292
vn 0.0344 0.9007 -0.4332
vn 0.0342 0.9002 -0.4342
vn 0.0002 0.9610 -0.2766
vn 0.0504 0.9971 -0.0572
vn -0.0720 0.3857 -0.9198
vn -0.1596 0.5553 -0.8162
vn 0.1438 0.9823 0.1202
vn 0.1430 0.9453 0.2933
vn -0.6406 0.4420 0.6279
vn -0.3740 0.4775 -0.7951
vn -0.1322 0.8803 -0.4557
vn 0.1004 0.6126 -0.7840
vn -0.2695 0.4792 -0.8353
vn -0.2339 0.4426 -0.8656
vn -0.1804 0.4285 -0.8854
vn 0.4339 0.8621 -0.2617
vn 0.3497 0.8570 -0.3786
vn 0.3551 0.8547 -0.3786
vn 0.5410 0.7309 -0.4161
vn 0.4874 0.8062 -0.3353
vn 0.4942 0.8483 -0.1901
vn 0.0363 0.9777 -0.2068
vn 0.1633 0.9734 -0.1605
vn 0.2043 0.9789 0.0066
vn 0.0642 0.9647 -0.2554
vn 0.0055 0.9936 0.1131
vn 0.0458 0.9114 0.4090
vn 0.1910 0.9816 0.0029
vn 0.2245 0.9372 0.2669
vn 0.1966 0.9795 0.0439
vn -0.0084 0.9568 -0.2908
vn -0.2646 0.8191 0.5090
vn -0.2331 0.8586 0.4565
vn -0.1642 0.9073 0.3871
vn -0.0776 0.8065 0.5861
vn -0.6047 0.7696 -0.2049
vn 0.0499 0.6518 -0.7567
vn -0.7330 0.6726 0.1021
vn -0.6907 0.7171 -0.0927
vn -0.6820 0.7313 0.0053
vn -0.7280 0.6600 0.1852
vn -0.7096 0.6446 0.2844
vn -0.6796 0.7309 0.0634
vn -0.6483 0.7050 0.2876
vn -0.6627 0.6441 0.3822
vn -0.4386 0.7320 0.5213
vn -0.4855 0.8481 0.2122
vn -0.6675 0.7333 0.1295
vn -0.6323 0.7671 0.1079
vn -0.6957 0.6904 0.1982
vn -0.6782 0.7209 0.1427
vn -0.6809 0.7199 0.1345
vn -0.6786 0.7203 0.1437
vn 0.1008 0.9404 -0.3248
vn -0.5819 0.8108 0.0639
vn -0.5430 0.7346 0.4068
vn -0.1964 0.9635 0.1821
vn 0.1034 0.9788 -0.1767
vn -0.6110 0.7167 -0.3363
vn -0.4513 0.7701 -0.4509
vn -0.2357 0.9598 -0.1523
vn -0.0033 0.9622 0.2722
vn -0.0460 0.9919 0.1185
vn 0.1959 0.9498 0.2441
vn -0.0276 0.9996 -0.0043
vn -0.0606 0.9195 -0.3883
vn -0.0742 0.9262 -0.3696
vn -0.5705 -0.7075 0.4171
vn -0.5851 -0.7793 0.2243
vn -0.3111 0.8130 0.4921
vn -0.3187 0.8117 0.4894
vn -0.3134 0.8130 0.4907
vn -0.6297 0.7751 0.0515
vn -0.7639 0.6430 0.0552
vn -0.4800 0.7708 0.4190
vn -0.6178 0.6465 0.4476
vn -0.6177 0.6826 0.3906
vn -0.6362 0.6993 0.3258
vn -0.6048 0.6610 0.4442
vn -0.6643 0.6209 0.4162
vn -0.6628 0.6304 0.4041
vn -0.6298 0.6406 0.4393
vn -0.3392 0.4745 0.8123
vn -0.1728 0.6435 0.7457
vn -0.0934 0.6004 0.7942
vn -0.0768 0.4280 0.9005
vn -0.0965 0.9399 0.3276
vn -0.4478 0.4870 0.7499
vn 0.2652 0.9641 -0.0161
vn 0.1995 0.9652 -0.1691
vn -0.1765 -0.8762 0.4484
vn 0.0740 0.9783 -0.1937
vn 0.4598 0.8829 -0.0951
vn -0.3608 0.8648 -0.3494
vn -0.4699 0.8644 0.1788
vn 0.5538 0.0747 0.8293
vn -0.4744 0.8335 0.2833
vn -0.5736 0.8189 -0.0216
vn -0.7056 0.7081 -0.0278
vn -0.5355 0.7687 0.3497
vn -0.6063 0.7005 0.3764
vn -0.7784 0.6235 0.0728
vn -0.5864 0.6755 0.4470
vn -0.6203 0.7841 0.0188
vn -0.8120 0.5762 0.0926
vn 0.1901 0.8957 0.4021
vn -0.3046 0.4704 0.8282
vn 0.1249 0.9577 0.2592
vn -0.0279 0.8416 0.5394
vn 0.0337 0.5913 0.8058
vn -0.5124 -0.8508 -0.1168
vn -0.6879 0.5990 -0.4099
vn -0.6915 0.5994 -0.4032
vn -0.6910 0.5963 -0.4086
vn -0.4418 0.7642 0.4699
vn -0.4564 0.7511 0.4770
vn -0.4589 0.7496 0.4770
vn -0.4592 0.7493 0.4773
vn -0.1546 0.8030 0.5755
vn -0.3923 0.8451 0.3632
vn -0.4625 0.7212 0.5156
vn -0.5508 0.6952 0.4619
vn -0.5401 0.7151 0.4438
vn -0.4590 0.7478 0.4797
vn -0.6463 0.6886 0.3288
vn -0.6097 0.6646 0.4319
vn -0.6349 0.6363 0.4383
vn 0.4817 0.7494 -0.4542
vn -0.6665 0.7436 0.0540
vn 0.9982 0.0451 0.0393
vn 0.9113 0.1960 -0.3621
vn -0.0155 0.7626 -0.6467
vn -0.8698 -0.4045 -0.2825
vn -0.4506 -0.8690 0.2047
vn 0.9577 -0.2148 -0.1917
vn -0.1299 0.9910 0.0316
vn 0.4259 -0.8954 -0.1301
vn -0.9202 -0.3429 0.1888
vn -0.8767 0.4279 -0.2199
vn 0.9472 0.2994 -0.1151
vn -0.7213 -0.2464 0.6473
vn 0.5457 -0.5343 -0.6456
vn -0.5838 -0.7892 -0.1906
vn 0.4260 -0.8486 -0.3138
vn 0.4661 0.8158 0.3424
vn -0.6175 0.7742 0.1394
vn 0.6939 0.5585 0.4544
vn 0.4782 -0.8706 0.1154
vn -0.6363 -0.4184 0.6481
vn 0.4607 0.8711 0.1701
vn -0.4592 -0.5621 0.6879
vn 0.4267 -0.8826 -0.1975
vn -0.7999 0.5866 -0.1270
vn -0.8504 0.4084 0.3316
vn -0.4833 0.5795 -0.6562
vn 0.5346 0.2984 0.7906
vn 0.3544 0.5458 0.7593
vn 0.7823 0.2521 0.5697
vn 0.6087 -0.3033 0.7331
vn 0.6292 0.2776 -0.7260
vn -0.4493 0.8806 -0.1508
vn -0.6566 -0.5323 0.5344
vn -0.8450 0.4415 0.3017
vn 0.1158 0.7673 0.6307
vn 0.6164 0.5198 0.5915
vn 0.6873 0.3980 0.6076
vn 0.1703 0.6238 0.7628
vn -0.8194 0.5329 -0.2111
vn -0.8890 0.1698 -0.4252
vn 0.6556 -0.7551 0.0082
vn 0.5254 -0.8503 -0.0300
vn -0.2583 -0.4547 0.8524
vn 0.6357 -0.5187 -0.5716
vn -0.2040 -0.8432 0.4973
vn -0.8565 -0.5037 -0.1132
vn 0.2853 0.8915 0.3518
vn -0.6851 0.6990 0.2048
vn -0.9226 0.3506 0.1612
vn 0.5633 -0.8114 0.1558
vn 0.6153 -0.7462 0.2540
vn 0.6755 -0.7025 0.2241
vn 0.6550 -0.7483 0.1050
vn -0.2685 0.6618 -0.6999
vn 0.1465 0.5842 -0.7983
vn -0.6322 -0.6349 0.4441
vn -0.0259 0.7811 -0.6239
vn 0.5903 0.6915 -0.4163
vn 0.9076 -0.3644 0.2084
vn 0.5475 -0.5482 0.6322
vn 0.5257 -0.5882 0.6146
vn 0.2694 -0.6977 0.6638
vn -0.6111 0.2736 0.7428
vn 0.3559 -0.2933 -0.8873
vn 0.1255 -0.9744 -0.1865
vn -0.8269 0.2243 -0.5157
vn 0.5018 -0.8159 0.2872
vn -0.6361 0.7665 0.0882
vn -0.1739 -0.4951 -0.8513
vn -0.9969 0.0277 -0.0743
vn 0.9266 0.3748 0.0303
vn -0.5916 -0.7830 0.1921
vn -0.9040 0.4040 0.1401
vn -0.9383 -0.2099 0.2749
vn -0.7418 -0.4794 0.4689
vn 0.2066 0.2844 -0.9362
vn -0.3834 0.8355 -0.3937
vn 0.2962 0.9542 -0.0429
vn -0.1330 -0.9333 0.3336
vn 0.2389 -0.0452 -0.9700
vn -0.9137 0.3485 -0.2089
vn -0.7149 -0.6991 0.0162
vn 0.6762 0.1622 -0.7186
vn -0.6721 -0.5527 -0.4927
vn 0.1209 0.4839 -0.8667
vn 0.5150 0.0495 0.8558
vn -0.6185 0.6249 -0.4764
vn -0.6117 0.7590 -0.2230
vn -0.6756 0.6172 0.4034
vn 0.1292 0.7891 0.6006
vn 0.1838 0.4084 -0.8941
vn 0.7053 -0.0038 0.7089
vn 0.2741 0.0566 -0.9600
vn 0.7323 0.6739 -0.0982
vn 0.6523 -0.7500 -0.1098
vn 0.9054 -0.0084 0.4245
vn 0.7527 0.5894 -0.2933
vn -0.4884 -0.1695 -0.8560
vn -0.8612 0.5081 0.0112
vn 0.7446 0.6446 -0.1733
vn -0.2370 -0.7447 0.6240
vn -0.9368 0.3455 0.0551
vn 0.3297 0.7627 -0.5564
vn 0.4071 0.8349 0.3704
vn 0.0739 -0.9850 0.1562
vn 0.3180 -0.9478 -0.0244
vn 0.2742 -0.9588 -0.0748
vn 0.3509 -0.9195 0.1770
vn 0.3726 -0.7230 0.5817
vn -0.0654 -0.5340 0.8430
vn 0.3592 -0.2758 0.8916
vn 0.5158 -0.3623 0.7763
vn -0.1615 0.9419 0.2944
vn -0.4600 -0.8518 0.2506
vn -0.9967 -0.0553 -0.0592
vn 0.4904 -0.8592 -0.1460
vn 0.3099 -0.8502 0.4257
vn 0.0237 -0.9645 0.2629
vn 0.0697 -0.9223 0.3801
vn -0.4924 -0.6903 0.5301
vn -0.7208 -0.3828 0.5779
vn -0.2249 -0.8823 0.4134
vn 0.3699 0.9039 -0.2151
vn 0.5221 0.7327 0.4366
vn 0.6976 0.0627 0.7137
vn -0.7221 0.6143 -0.3181
vn 0.8705 0.3323 -0.3630
vn -0.5482 -0.7041 -0.4513
vn -0.1569 0.5110 -0.8452
vn 0.6912 0.7013 0.1744
vn 0.5036 0.8602 -0.0808
vn 0.7931 0.5723 -0.2085
vn 0.5114 0.8563 0.0728
vn 0.5717 0.8076 -0.1450
vn -0.7968 0.5731 0.1914
vn -0.6557 0.7526 0.0603
vn -0.3897 -0.8611 0.3264
vn 0.2828 0.7453 -0.6037
vn 0.9615 0.2746 -0.0034
vn -0.9909 0.1037 0.0862
vn 0.1270 -0.9160 0.3805
vn -0.2463 0.7110 -0.6587
vn -0.7683 0.5354 -0.3508
vn -0.8085 0.5761 -0.1201
vn -0.8718 0.4457 -0.2034
vn -0.5369 0.7428 -0.3999
vn -0.9730 -0.1814 0.1427
vn 0.7186 -0.6074 0.3387
vn -0.5033 0.7645 -0.4028
vn -0.5894 -0.5016 0.6333
vn 0.3980 -0.9133 -0.0862
vn -0.2176 0.9579 -0.1873
vn -0.2414 0.9552 -0.1713
vn -0.2358 0.8808 -0.4107
vn -0.0815 0.9360 -0.3424
vn 0.3128 0.8702 -0.3808
vn 0.2358 0.7521 -0.6154
vn 0.9261 0.3688 -0.0792
vn 0.7726 0.2801 0.5698
vn 0.1530 0.8671 0.4742
vn -0.9365 0.2941 -0.1907
vn 0.1297 0.6184 -0.7751
vn 0.2171 0.8052 -0.5518
vn -0.0086 0.8039 -0.5947
vn 0.0787 0.6537 -0.7526
vn -0.5427 0.7369 -0.4031
vn -0.1813 0.9190 -0.3500
vn -0.4014 0.9020 -0.1592
vn -0.7661 0.6129 -0.1937
vn 0.1481 -0.4255 0.8928
vn 0.6854 0.4566 0.5673
vn -0.9950 0.0701 0.0711
vn -0.8395 0.2867 0.4616
vn -0.8818 0.2015 0.4264
vn -0.9820 -0.0846 0.1691
vn 0.4463 -0.8709 0.2059
vn -0.3236 -0.7141 -0.6208
vn 0.9227 0.2828 0.2618
vn 0.4881 0.8620 0.1369
vn -0.9053 0.0963 -0.4137
vn -0.6171 -0.7289 0.2964
vn 0.5558 -0.6709 0.4909
vn 0.3758 0.3718 -0.8489
vn 0.4655 0.8672 0.1771
vn 0.3991 0.8869 0.2326
vn -0.9206 0.1322 -0.3673
vn -0.7457 0.6654 0.0347
vn -0.4510 0.8453 -0.2866
vn 0.6818 0.7315 0.0074
vn -0.8971 0.4015 0.1842
vn 0.1529 -0.8093 0.5671
vn -0.1931 0.7053 -0.6820
vn 0.1882 0.8906 -0.4140
vn -0.9352 -0.0512 0.3505
vn -0.7610 0.6421 -0.0924
vn -0.6048 0.7859 0.1286
vn -0.5506 0.7362 0.3935
vn -0.5932 0.7360 0.3263
vn -0.6309 0.7681 0.1093
vn 0.8083 -0.4455 0.3850
vn -0.9358 0.3242 -0.1383
vn -0.0235 -0.9561 -0.2920
vn -0.7147 -0.1845 0.6747
vn 0.9747 0.0954 0.2019
vn 0.9181 -0.3646 -0.1552
vn -0.9614 -0.2747 0.0150
vn 0.1902 0.4013 -0.8960
vn 0.3895 -0.8456 0.3651
vn 0.8071 -0.4843 -0.3377
vn 0.4371 0.8328 0.3397
vn 0.9517 0.1071 0.2877
vn 0.3939 -0.7112 0.5823
vn 0.6119 0.7822 0.1171
vn 0.1541 0.9113 0.3817
vn -0.1004 0.9943 0.0362
vn -0.7247 -0.0557 0.6868
vn -0.5781 0.7589 0.2997
vn -0.6524 0.7554 -0.0617
vn 0.0690 -0.9609 0.2683
vn -0.9294 0.0481 0.3658
vn 0.2674 0.2804 0.9219
vn 0.3628 -0.8553 0.3699
vn -0.7961 0.6015 0.0671
vn 0.9890 0.1148 0.0932
vn -0.6816 -0.5963 0.4240
vn -0.6036 -0.2906 0.7424
vn -0.9541 -0.0988 -0.2828
vn -0.4295 -0.8241 0.3694
vn -0.7005 -0.1522 -0.6973
vn 0.4067 0.8938 -0.1888
vn -0.5525 0.5365 0.6378
vn -0.8187 -0.0476 -0.5722
vn -0.6448 0.6109 -0.4594
vn 0.5342 0.7215 0.4405
vn 0.0799 0.1307 -0.9882
vn -0.7969 0.5480 -0.2542
vn 0.9120 0.3019 -0.2776
vn -0.2554 0.4579 -0.8515
vn 0.0063 0.9727 0.2322
vn -0.6472 -0.0644 -0.7596
vn -0.7997 0.1334 0.5853
vn -0.9972 0.0533 -0.0524
vn -0.5023 -0.7532 0.4247
vn -0.6377 -0.7573 0.1404
vn -0.7685 0.3960 -0.5025
vn 0.2914 0.8485 0.4418
vn -0.9742 0.2250 -0.0169
vn 0.5230 0.8456 -0.1071
vn -0.8465 0.3172 -0.4277
vn -0.6136 -0.7895 0.0129
vn -0.7923 0.5630 0.2352
vn -0.9519 -0.3003 0.0614
vn 0.0246 0.1252 -0.9918
vn -0.3975 0.0674 -0.9151
vn -0.7193 0.6758 -0.1609
vn -0.9351 0.1691 0.3113
vn -0.8491 -0.4007 0.3442
vn -0.8651 0.4212 -0.2725
vn -0.8717 0.4724 -0.1307
vn -0.9501 0.2952 -0.1010
vn -0.9014 0.3379 0.2706
vn -0.6647 0.6818 0.3055
vn -0.9320 0.2806 0.2292
vn 0.6841 0.7294 -0.0015
vn -0.3823 -0.9175 0.1094
vn -0.4651 -0.8043 0.3697
vn -0.3719 0.8213 0.4327
vn 0.8814 0.0093 0.4722
vn 0.4013 -0.5821 -0.7072
vn 0.0254 0.9885 -0.1494
vn -0.5339 -0.8346 0.1355
vn -0.8716 -0.4833 0.0823
vn 0.0515 0.9071 0.4177
vn -0.8185 0.4527 0.3537
vn -0.2176 0.8782 -0.4259
vn 0.5454 0.7045 -0.4542
vn -0.9892 -0.1106 0.0960
vn -0.3141 -0.9102 0.2700
vn -0.3350 -0.9405 0.0566
vn -0.4051 0.7037 -0.5837
vn 0.4150 0.8986 -0.1425
vn -0.3055 -0.9146 0.2649
vn -0.3671 -0.8457 -0.3874
vn -0.6570 0.7497 -0.0788
vn -0.8476 0.2511 0.4674
vn -0.8891 0.4011 -0.2207
vn -0.9984 0.0068 0.0564
vn -0.5835 0.2496 0.7728
vn 0.8993 0.3227 0.2952
vn 0.0539 0.9861 -0.1572
vn -0.9637 0.1562 -0.2165
vn 0.9894 0.1403 0.0374
vn 0.8754 -0.4595 -0.1500
vn -0.4475 0.3559 -0.8204
vn -0.8696 0.2530 -0.4240
vn -0.1739 -0.9813 0.0829
vn -0.2574 -0.9497 0.1783
vn -0.3554 -0.9117 0.2062
vn -0.1194 -0.9678 0.2214
vn 0.2735 0.4323 -0.8593
vn 0.3695 0.6344 0.6789
vn 0.3129 0.8085 0.4984
vn 0.0230 0.9468 0.3209
vn 0.6253 0.7716 -0.1168
vn 0.2061 -0.9106 0.3583
vn -0.7177 -0.6935 -0.0637
vn -0.0285 0.9893 -0.1434
vn -0.3766 -0.9262 0.0176
vn -0.2025 -0.9711 0.1262
vn -0.3702 -0.9196 0.1316
vn -0.4905 -0.8670 0.0879
vn -0.2329 -0.9722 -0.0225
vn 0.8820 0.4708 -0.0202
vn -0.6671 -0.7328 0.1340
vn -0.3868 0.8308 -0.4001
vn -0.7220 -0.5872 -0.3659
vn 0.3449 -0.7389 0.5788
vn 0.1967 -0.9637 0.1806
vn 0.3771 -0.9144 0.1475
vn 0.4248 0.7041 0.5691
vn -0.9134 -0.1186 0.3894
vn -0.5046 0.3498 -0.7893
vn -0.6423 0.1690 -0.7476
vn -0.4498 0.3634 -0.8159
vn -0.2696 0.3473 -0.8982
vn 0.0274 0.5554 -0.8312
vn -0.1683 0.4382 -0.8830
vn -0.0909 0.2009 -0.9754
vn 0.0287 0.4240 -0.9052
vn 0.8657 0.2853 -0.4114
vn -0.1273 0.4638 -0.8768
vn 0.0086 0.4237 -0.9058
vn -0.2171 0.3750 -0.9012
vn -0.1654 0.5577 -0.8134
vn 0.8898 0.4480 -0.0867
vn 0.3561 -0.4017 -0.8437
vn -0.4359 0.0883 0.8956
vn 0.0208 0.5073 -0.8615
vn -0.0569 -0.1478 0.9874
vn 0.7393 0.5856 -0.3326
vn -0.9465 0.0769 0.3135
vn 0.9054 0.3849 0.1790
vn -0.4712 0.7889 0.3945
vn -0.8984 0.3100 0.3111
vn -0.0537 0.9865 0.1545
vn -0.9603 0.2783 0.0200
vn -0.6923 0.7215 0.0139
vn -0.7254 0.6817 -0.0952
vn -0.9193 0.3928 0.0233
vn 0.7599 0.6058 -0.2357
vn 0.9276 0.0693 0.3671
vn -0.8619 0.3188 -0.3943
vn -0.9334 0.3560 -0.0454
vn -0.9425 0.3047 -0.1371
vn -0.7991 0.5907 0.1120
vn -0.7255 0.6876 0.0298
vn -0.8141 0.5797 0.0333
vn -0.3205 0.9469 -0.0270
vn 0.3739 -0.0640 -0.9252
vn -0.7686 0.6030 -0.2134
vn 0.9738 -0.2105 -0.0857
vn 0.9090 -0.3173 -0.2702
vn 0.8471 -0.5148 -0.1318
vn 0.8969 -0.4285 -0.1095
vn -0.7190 0.6236 0.3069
vn -0.5472 0.7836 -0.2941
vn -0.5806 0.7794 -0.2356
vn -0.9793 -0.0817 -0.1852
vn -0.9490 -0.0554 -0.3104
vn -0.4549 0.5529 0.6981
vn -0.5471 0.6165 0.5662
vn 0.4469 -0.5183 0.7292
vn 0.0569 0.9716 0.2295
vn -0.2700 -0.1252 0.9547
vn -0.7834 0.4532 0.4252
vn -0.7019 0.4395 0.5605
vn -0.8009 -0.0489 0.5967
vn -0.7953 0.2536 -0.5506
vn -0.8138 0.2978 -0.4990
vn -0.8405 0.2710 -0.4692
vn -0.8394 0.2018 -0.5047
vn -0.0723 -0.3558 -0.9318
vn -0.5719 0.6024 -0.5568
vn 0.2017 0.9599 -0.1949
vn 0.8547 -0.3223 0.4070
vn -0.8798 0.3223 0.3495
vn -0.7908 0.4854 0.3728
vn -0.8270 0.5240 0.2036
vn -0.7022 0.6156 0.3578
vn 0.1676 -0.5327 -0.8296
vn 0.7075 -0.6156 0.3472
vn -0.2385 0.1561 0.9585
vn 0.6218 -0.4810 0.6180
vn 0.3385 0.8875 -0.3126
vn -0.1234 -0.6035 -0.7878
vn 0.1703 0.9627 -0.2105
vn 0.2511 -0.2087 0.9452
vn 0.3979 -0.2889 0.8708
vn 0.2352 -0.3472 0.9078
vn 0.0339 0.8403 -0.5411
vn 0.6182 -0.5345 0.5763
vn 0.0544 0.6545 -0.7541
vn -0.3258 -0.8391 -0.4357
vn -0.0501 0.5452 0.8368
vn 0.2857 -0.1003 0.9530
vn -0.8773 0.4318 -0.2095
vn -0.7836 0.6194 -0.0482
vn -0.6096 0.7545 -0.2433
vn -0.4263 0.7129 -0.5568
vn -0.5976 0.7060 0.3801
vn -0.5130 0.7567 -0.4053
vn -0.4920 0.8337 -0.2506
vn 0.4511 -0.8714 0.1927
vn -0.7048 0.6810 0.1985
vn -0.6971 0.7067 -0.1211
vn -0.6974 0.7013 0.1480
vn -0.7132 0.6703 -0.2050
vn 0.9722 0.1079 0.2078
vn -0.3166 0.9297 -0.1884
vn -0.5484 0.7624 -0.3436
vn -0.1984 0.7466 0.6350
vn -0.6443 0.7612 -0.0742
vn -0.3899 0.9199 0.0422
vn -0.4084 0.8669 -0.2859
vn -0.5422 0.7821 -0.3072
vn -0.4805 0.8768 0.0167
vn -0.6004 0.7239 -0.3397
vn -0.7087 0.7046 0.0365
vn -0.7016 0.7116 0.0359
vn -0.7013 0.7120 0.0348
vn -0.4437 0.8006 0.4028
vn -0.6477 0.7473 0.1483
vn -0.7448 0.6282 0.2250
vn -0.8112 0.5844 -0.0195
vn -0.7966 0.6025 -0.0480
vn -0.5965 0.7042 0.3851
vn -0.6804 0.7084 -0.1876
vn -0.6818 0.7076 -0.1855
vn -0.1964 0.8492 0.4902
vn -0.3421 0.7072 0.6187
vn -0.4662 0.7387 0.4868
vn -0.3255 0.8609 0.3910
vn -0.6389 0.6837 0.3526
vn -0.4313 0.6721 0.6018
vn -0.4876 0.6660 0.5646
vn -0.7165 0.6621 0.2196
vn 0.4556 0.0729 0.8872
vn 0.7698 -0.1420 0.6223
vn 0.7421 -0.1256 0.6584
vn 0.6376 -0.2274 0.7360
vn 0.7944 -0.1841 0.5789
vn 0.6625 -0.1683 -0.7299
vn 0.9728 -0.0705 -0.2207
vn 0.7424 -0.0324 0.6691
vn 0.7360 -0.0796 0.6723
vn -0.0988 0.8042 0.5861
vn 0.1400 0.4864 0.8624
vn -0.0941 0.4567 0.8846
vn -0.3024 0.5934 0.7460
vn -0.2167 0.6320 0.7441
vn -0.4155 0.7503 0.5142
vn -0.3052 0.6466 0.6991
vn 0.3840 -0.3360 0.8600
vn -0.0716 0.5822 0.8099
vn 0.4317 -0.1645 0.8869
vn 0.5676 -0.4052 0.7167
vn 0.5397 -0.3218 0.7779
vn 0.8845 -0.2404 0.3999
vn 0.9343 -0.1951 0.2985
vn 0.9210 -0.3854 0.0571
vn 0.8844 -0.4104 0.2222
vn 0.7188 -0.4170 0.5562
vn 0.6571 -0.2401 0.7145
vn -0.0617 0.4610 0.8852
vn 0.4823 -0.2358 0.8437
vn 0.5657 -0.2135 0.7965
vn 0.1854 0.1365 0.9731
vn -0.4072 0.6231 0.6678
vn -0.3148 0.5790 0.7521
vn -0.7483 0.6567 -0.0937
vn -0.6506 0.6924 0.3117
vn -0.6656 0.6735 -0.3215
vn -0.6259 0.7769 0.0687
vn -0.2798 0.8101 0.5151
vn -0.1855 0.7349 0.6523
vn -0.1861 0.7349 0.6521
vn -0.1864 0.7347 0.6522
vn -0.1852 0.7348 0.6525
vn -0.2144 0.8176 0.5344
vn 0.6265 0.3338 -0.7043
vn 0.6239 -0.4118 -0.6642
vn 0.9338 0.3516 0.0662
vn -0.4216 0.8856 0.1951
vn -0.5557 0.7708 0.3115
vn 0.8382 -0.4294 -0.3363
vn 0.3059 0.8561 -0.4165
vn -0.7661 0.6212 0.1652
vn -0.6839 0.6745 0.2782
vn -0.7293 0.6781 0.0916
vn -0.7028 0.7069 0.0798
vn -0.6231 0.7445 -0.2398
vn -0.4576 0.8227 -0.3372
vn -0.6423 0.7607 -0.0940
vn -0.6715 0.7385 -0.0603
vn 0.3377 -0.5346 -0.7747
vn 0.5451 -0.5121 -0.6638
vn -0.1152 0.1929 -0.9744
vn 0.0643 0.0202 -0.9977
vn -0.8921 0.4400 -0.1028
vn 0.5013 0.0276 -0.8648
vn -0.2051 0.7026 -0.6814
vn -0.5756 0.7039 -0.4163
vn -0.3240 0.3775 -0.8675
vn 0.7708 -0.3804 -0.5110
vn 0.3581 -0.0103 -0.9336
vn -0.3566 0.5283 -0.7705
vn -0.5523 0.7147 -0.4292
vn -0.5968 0.7223 -0.3495
vn -0.7648 0.6441 0.0132
vn -0.7761 0.6004 0.1930
vn -0.7149 0.6968 0.0576
vn -0.5601 0.8166 0.1395
vn 0.4267 -0.0500 -0.9030
vn -0.7041 0.6903 0.1664
vn -0.4154 0.7456 -0.5211
vn -0.5756 0.7411 0.3456
vn 0.1707 0.7366 -0.6545
vn -0.1996 0.6261 0.7537
vn -0.1674 0.9261 0.3382
vn -0.3270 0.6382 0.6970
vn -0.7209 0.5369 0.4381
vn -0.6243 0.0983 0.7750
vn -0.4058 0.2697 0.8733
vn -0.8402 0.2976 0.4532
vn -0.6464 0.1692 0.7440
vn 0.6253 -0.4253 0.6543
vn -0.7191 0.6290 0.2955
vn -0.7392 0.3864 0.5516
vn -0.8325 0.4819 0.2732
vn -0.8519 0.4857 0.1956
vn -0.8937 0.4071 0.1887
vn -0.6963 0.2103 0.6863
vn -0.6532 0.3250 0.6839
vn -0.7729 0.5566 0.3046
vn -0.0287 0.9955 -0.0900
vn -0.1258 0.8492 -0.5128
vn 0.0864 0.9953 -0.0437
vn -0.8135 0.5796 -0.0477
vn -0.8215 0.5081 0.2589
vn -0.8037 0.5787 0.1387
vn -0.8305 0.5307 -0.1691
vn -0.7999 0.4423 -0.4055
vn -0.8240 0.4167 -0.3839
vn 0.4120 0.7511 0.5158
vn 0.6520 0.7560 -0.0571
vn 0.6951 0.7045 -0.1433
vn -0.3972 0.9176 -0.0161
vn 0.0011 0.1027 -0.9947
vn 0.3378 -0.8430 -0.4186
vn -0.0199 -0.9395 0.3419
vn 0.1726 -0.5657 -0.8063
vn -0.0446 0.2557 -0.9657
vn 0.6282 0.7495 0.2089
vn 0.5353 0.7608 -0.3670
vn -0.1135 0.7857 -0.6081
vn -0.0837 0.7899 -0.6075
vn 0.8509 0.5156 0.1004
vn 0.2756 -0.5232 -0.8064
vn -0.5310 0.7595 -0.3756
vn -0.3302 0.6379 -0.6957
vn 0.2650 -0.8666 -0.4229
vn 0.2257 -0.7698 -0.5971
vn 0.1036 -0.7956 -0.5969
vn 0.0965 -0.9156 -0.3905
vn 0.6584 -0.6793 -0.3241
vn 0.7624 -0.5442 -0.3501
vn 0.5691 -0.6620 -0.4877
vn 0.5310 -0.7598 -0.3752
vn 0.3672 -0.7283 -0.5785
vn 0.3944 -0.7952 -0.4605
vn 0.3072 -0.8911 0.3340
vn -0.4211 0.9006 0.1077
vn 0.7447 0.6400 -0.1889
vn 0.8771 0.4719 -0.0896
vn -0.2907 0.8995 -0.3263
vn -0.3769 0.8806 0.2872
vn 0.5090 0.6465 -0.5683
vn -0.3447 0.7847 0.5152
vn 0.8758 0.4108 -0.2535
vn -0.2753 0.9560 0.1012
vn 0.0364 0.4403 -0.8971
vn -0.8158 0.3385 -0.4689
vn -0.8099 0.5135 -0.2834
vn -0.8963 0.3702 -0.2442
vn -0.8712 0.3089 -0.3815
vn 0.1955 -0.0512 0.9794
vn -0.3109 -0.1187 -0.9430
vn -0.2951 0.0664 -0.9532
vn -0.4504 -0.2755 -0.8492
vn -0.5779 -0.0377 -0.8152
vn -0.6300 -0.7761 -0.0272
vn -0.4621 -0.8775 -0.1281
vn -0.5251 -0.4268 0.7362
vn -0.3038 0.9526 0.0146
vn -0.6722 0.2620 -0.6924
vn -0.6734 0.2766 -0.6856
vn -0.4059 0.4356 -0.8034
vn -0.3049 0.1245 -0.9442
vn -0.2486 0.4637 -0.8504
vn -0.4102 -0.8617 0.2987
vn -0.0663 -0.0265 -0.9974
vn -0.2392 -0.8756 -0.4197
vn -0.1112 0.9476 -0.2994
vn 0.2173 0.5844 0.7818
vn -0.2315 0.9561 -0.1794
vn 0.1657 0.7732 -0.6121
vn 0.8829 0.4544 0.1183
vn 0.8585 0.4957 0.1312
vn 0.5443 0.1421 -0.8267
vn -0.6229 -0.6478 0.4386
vn 0.6615 0.4365 -0.6098
vn -0.9750 0.2220 -0.0126
vn -0.9738 -0.1802 0.1389
vn 0.8349 0.3322 -0.4388
vn -0.9454 0.1908 0.2642
vn 0.3178 -0.4307 0.8447
vn 0.4906 0.6921 0.5294
vn -0.9810 0.1831 0.0639
vn -0.9811 0.1822 0.0644
vn -0.9810 0.1830 0.0640
vn -0.0431 0.9495 -0.3109
vn -0.9383 -0.1203 -0.3241
vn -0.9808 0.1030 0.1654
vn -0.6506 -0.5256 0.5482
vn -0.9791 -0.0105 -0.2030
vn -0.8556 0.5155 0.0465
vn -0.6273 0.7678 -0.1300
vn -0.6145 0.7416 0.2690
vn 0.2921 -0.9260 0.2394
vn 0.3215 -0.8059 0.4972
vn 0.2185 -0.9021 0.3722
vn 0.2669 -0.9330 0.2413
vn 0.5917 -0.7909 0.1558
vn 0.3095 -0.8529 0.4204
vn -0.2089 -0.1409 -0.9677
vn -0.1612 -0.5876 0.7929
vn 0.1356 -0.6403 0.7561
vn 0.4202 -0.5978 0.6827
vn 0.2920 -0.4807 0.8268
vn -0.1595 0.9840 0.0790
vn -0.9973 0.0304 0.0669
vn -0.9812 0.1820 0.0643
vn -0.2999 -0.6026 0.7396
vn -0.4157 -0.4172 0.8081
vn 0.1523 -0.4046 0.9017
vn -0.0090 -0.4798 0.8773
vn -0.3087 -0.6399 0.7037
vn -0.4624 -0.5266 0.7133
vn -0.5378 -0.5553 0.6344
vn -0.4441 -0.4335 0.7841
vn 0.4921 -0.7332 0.4693
vn 0.1246 -0.8624 0.4907
vn -0.1080 -0.8589 0.5006
vn 0.3419 -0.8038 0.4869
vn 0.7412 -0.0028 -0.6712
vn 0.6515 -0.6994 0.2940
vn 0.7571 -0.5934 0.2731
vn 0.8067 -0.5523 0.2104
vn 0.7714 -0.6130 0.1710
vn 0.8731 0.1047 -0.4763
vn -0.7845 0.5738 -0.2352
vn -0.1176 0.9599 -0.2545
vn 0.3644 0.5171 -0.7745
vn -0.4597 -0.7367 0.4960
vn 0.6702 0.6409 -0.3744
vn -0.8187 0.3458 -0.4585
vn 0.2612 0.8071 0.5296
vn -0.7544 0.5950 -0.2772
vn 0.4035 0.6859 -0.6056
vn -0.9437 0.2614 -0.2027
vn -0.7258 -0.5308 0.4376
vn 0.4791 0.7420 0.4689
vn 0.6105 0.7141 0.3424
vn -0.7672 0.5692 0.2956
vn -0.7258 0.6660 0.1722
vn -0.9415 0.3291 -0.0730
vn -0.2922 0.6561 -0.6959
vn 0.6626 -0.5705 0.4853
vn 0.8865 -0.1104 -0.4493
vn -0.9723 -0.0579 0.2262
vn 0.8414 0.4647 0.2760
vn 0.7765 -0.5197 0.3562
vn -0.2803 -0.7401 0.6113
vn 0.8670 0.4631 -0.1840
vn -0.2249 -0.7090 -0.6683
vn -0.6307 -0.3262 0.7041
vn 0.7371 -0.5732 0.3579
vn 0.7400 -0.5325 0.4108
vn 0.7711 -0.5181 0.3701
vn 0.7967 -0.5339 0.2832
vn 0.6490 -0.6116 -0.4526
vn 0.6471 -0.6285 -0.4316
vn -0.9328 -0.3043 -0.1929
vn -0.7197 0.6771 -0.1536
vn -0.9471 -0.3144 0.0642
vn -0.9848 -0.0755 0.1566
vn -0.9853 -0.0756 0.1531
vn -0.9847 -0.0756 0.1571
vn -0.6943 -0.6257 0.3556
vn -0.7543 -0.6218 0.2108
vn -0.7906 -0.5670 0.2311
vn -0.7432 -0.2819 0.6068
vn -0.7155 0.6353 0.2906
vn -0.7492 0.6297 -0.2055
vn -0.2459 -0.9643 0.0979
vn -0.9417 -0.0591 0.3313
vn -0.9620 -0.1582 0.2226
vn -0.9651 0.1504 0.2143
vn 0.7380 0.0643 0.6718
vn 0.9706 0.2011 -0.1322
vn 0.4149 -0.9098 -0.0148
vn 0.6902 -0.6377 -0.3420
vn 0.2492 -0.9561 0.1539
vn 0.3158 -0.9488 0.0121
vn 0.3512 -0.9363 0.0087
vn 0.2753 -0.9597 0.0571
vn -0.8875 0.4417 -0.1309
vn 0.4469 0.8664 -0.2227
vn 0.3644 0.8833 -0.2948
vn 0.8667 0.2824 0.4111
vn -0.0512 -0.8542 -0.5175
vn 0.3258 0.8415 0.4310
vn 0.8123 0.3778 0.4443
vn 0.0286 -0.8427 -0.5376
vn 0.4834 0.6747 0.5577
vn 0.7413 -0.4371 -0.5093
vn 0.8052 -0.5241 -0.2773
vn 0.6488 -0.6557 -0.3861
vn 0.6459 -0.4999 -0.5770
vn 0.4739 -0.8025 -0.3626
vn 0.7815 -0.6188 -0.0798
vn 0.6967 -0.7016 -0.1497
vn 0.6542 -0.7517 -0.0834
vn 0.6149 -0.7628 -0.2000
vn 0.6953 -0.6418 -0.3236
vn 0.3205 -0.4706 0.8221
vn 0.4765 -0.8311 0.2867
vn 0.5223 -0.8159 -0.2480
vn 0.1953 -0.8796 -0.4338
vn -0.3826 -0.8357 -0.3940
vn 0.2337 -0.9563 -0.1759
vn -0.9928 -0.0726 0.0954
vn -0.8140 -0.4657 0.3471
vn -0.9326 -0.1556 -0.3258
vn -0.9493 -0.2762 -0.1501
vn -0.8686 -0.2607 -0.4214
vn -0.8806 -0.3574 -0.3113
vn -0.9114 -0.3960 -0.1117
vn 0.9889 0.1393 -0.0511
vn -0.0804 -0.9933 0.0828
vn -0.9372 -0.1498 0.3149
vn 0.7310 -0.6801 -0.0552
vn -0.9601 -0.1087 -0.2577
vn 0.2208 -0.9522 -0.2113
vn -0.6041 -0.7930 -0.0794
vn -0.9850 -0.1707 0.0238
vn 0.3925 -0.2650 -0.8807
vn 0.5281 -0.1190 -0.8408
vn 0.5162 -0.1640 -0.8406
vn 0.5494 -0.1977 -0.8118
vn 0.4898 -0.2606 -0.8320
vn 0.1989 -0.7677 0.6091
vn 0.3598 -0.4344 0.8258
vn 0.1734 -0.7812 0.5997
vn -0.8851 0.4600 -0.0706
vn -0.8694 0.3614 -0.3370
vn -0.8621 0.3299 -0.3847
vn -0.8687 0.1433 -0.4741
vn -0.9708 -0.0435 -0.2358
vn -0.9711 0.0517 -0.2329
vn -0.8897 -0.0388 -0.4549
vn -0.8868 -0.1384 -0.4410
vn -0.7924 -0.0479 -0.6082
vn -0.7679 -0.0838 -0.6351
vn -0.7678 -0.0838 -0.6352
vn -0.7661 -0.0841 -0.6372
vn -0.7792 -0.1496 -0.6086
vn -0.8019 -0.1561 -0.5767
vn -0.7314 0.0953 -0.6752
vn -0.6043 -0.1194 -0.7877
vn -0.7679 0.0294 -0.6399
vn -0.7680 0.0295 -0.6397
vn -0.7700 0.0298 -0.6374
vn -0.7318 -0.0775 -0.6771
vn -0.9067 0.1232 -0.4033
vn -0.9466 0.2227 -0.2333
vn -0.9072 0.3115 -0.2828
vn -0.9357 0.2879 0.2037
vn -0.9354 0.3454 0.0757
vn -0.8039 -0.2447 0.5420
vn -0.8698 0.4919 0.0381
vn 0.9123 0.3514 0.2101
vn -0.9649 0.1683 -0.2016
vn -0.9650 0.1679 -0.2015
vn -0.9711 0.1868 -0.1485
vn -0.9883 -0.0534 -0.1429
vn -0.9986 0.0505 0.0130
vn -0.9887 0.1480 0.0225
vn -0.9587 0.2805 0.0458
vn -0.9503 0.3078 -0.0465
vn -0.9631 0.2659 0.0422
vn -0.8241 -0.5293 -0.2017
vn -0.6361 -0.7438 -0.2052
vn -0.7091 -0.7043 -0.0327
vn -0.8541 -0.5181 -0.0467
vn 0.0779 -0.2066 0.9753
vn -0.3677 -0.9248 -0.0973
vn -0.1015 0.9150 -0.3904
vn -0.3623 -0.2194 -0.9059
vn 0.4088 0.2978 -0.8627
vn 0.2463 0.8912 -0.3811
vn -0.3773 0.7942 -0.4763
vn -0.4158 -0.2611 -0.8712
vn -0.7875 0.5479 -0.2823
vn -0.1815 0.0114 -0.9833
vn -0.3432 -0.1942 -0.9190
vn -0.3936 -0.8461 -0.3595
vn -0.6910 0.5999 -0.4031
vn -0.3075 0.7018 -0.6425
vn -0.5411 -0.6821 -0.4919
vn -0.7659 0.0291 -0.6422
vn -0.7878 -0.2480 -0.5638
vn -0.6805 -0.4839 -0.5503
vn -0.8340 -0.3725 -0.4071
vn -0.8322 -0.2754 -0.4813
vn -0.5918 -0.6062 -0.5313
vn -0.5006 -0.7279 -0.4687
vn -0.5618 -0.7837 -0.2649
vn -0.7250 -0.5819 -0.3685
vn -0.7170 0.1628 -0.6778
vn -0.5584 -0.7334 -0.3876
vn -0.9910 -0.1043 -0.0838
vn 0.5181 0.8012 -0.2992
vn -0.4247 0.4734 -0.7717
vn 0.9162 0.3788 0.1304
vn -0.0419 0.3281 -0.9437
vn -0.3732 0.5901 -0.7159
vn 0.7301 0.6792 0.0752
vn -0.3208 0.8057 0.4980
vn -0.4831 -0.7190 0.4997
vn -0.7206 -0.6611 0.2090
vn -0.7236 -0.6527 0.2245
vn -0.8833 -0.2418 0.4017
vn -0.8625 -0.4746 0.1755
vn -0.7695 -0.0835 -0.6331
vn -0.5342 -0.0375 -0.8445
vn 0.8823 0.4448 -0.1536
vn 0.1333 0.4591 0.8783
vn -0.9029 0.4288 -0.0317
vn -0.7276 0.6397 0.2478
vn -0.7725 0.6172 0.1493
vn -0.9533 0.2782 -0.1179
vn -0.6344 0.7583 -0.1502
vn -0.6936 0.7197 0.0308
vn -0.6859 0.7165 -0.1274
vn -0.6674 0.6957 -0.2657
vn 0.5583 -0.8272 -0.0633
vn -0.4326 -0.6880 -0.5827
vn -0.7942 0.4449 -0.4140
vn -0.7210 0.3105 -0.6195
vn -0.8017 0.5188 -0.2970
vn -0.8753 0.4121 -0.2532
vn -0.8286 0.4030 -0.3885
vn -0.8778 0.3096 -0.3655
vn -0.8776 -0.2558 -0.4054
vn -0.9192 0.2500 0.3043
vn -0.9543 0.2712 0.1255
vn -0.9036 0.3710 0.2140
vn -0.9542 0.1935 -0.2281
vn -0.7390 0.6260 -0.2490
vn -0.6952 0.6743 -0.2491
vn -0.7771 0.6142 -0.1374
vn -0.8146 -0.0638 -0.5765
vn -0.6901 0.1039 -0.7163
vn -0.7892 0.4507 -0.4172
vn -0.9578 0.1151 -0.2633
vn -0.8832 0.1346 -0.4493
vn -0.8316 0.0360 -0.5542
vn -0.7318 0.4054 -0.5478
vn -0.8812 0.1621 -0.4441
vn -0.6363 0.5723 -0.5173
vn -0.7432 0.3148 -0.5904
vn -0.8924 0.4212 -0.1621
vn -0.8582 0.4719 -0.2019
vn -0.7313 0.4958 -0.4684
vn -0.7537 0.5564 -0.3499
vn -0.4425 -0.7300 -0.5209
vn -0.7793 0.5243 -0.3432
vn -0.6953 0.5980 -0.3987
vn -0.5324 0.7155 -0.4524
vn -0.4467 0.8740 -0.1914
vn -0.5716 0.7976 -0.1925
vn -0.4390 0.8402 -0.3183
vn -0.5537 0.7821 -0.2859
vn -0.5111 0.7849 -0.3504
vn -0.4269 0.8176 -0.3863
vn -0.4892 0.8492 -0.1989
vn -0.7172 0.6756 -0.1710
vn -0.6278 0.7784 -0.0037
vn -0.5674 0.8220 0.0496
vn -0.5315 0.8410 -0.1011
vn -0.5848 0.8102 -0.0395
vn -0.4157 0.8343 -0.3621
vn -0.4108 0.8231 -0.3920
vn -0.3499 0.9010 -0.2564
vn -0.4399 0.8774 -0.1916
vn -0.5497 0.8330 -0.0633
vn -0.6908 0.7222 0.0357
vn -0.0783 0.8357 -0.5435
vn -0.2642 0.5836 0.7679
vn 0.7899 0.4993 0.3560
vn -0.5559 0.7579 -0.3415
vn -0.5100 0.7641 -0.3951
vn -0.4697 0.7390 -0.4830
vn -0.3993 -0.8836 0.2447
vn -0.2986 -0.9247 0.2363
vn -0.3213 0.8287 -0.4583
vn -0.2601 0.9577 -0.1233
vn -0.2969 0.9481 -0.1140
vn -0.3091 0.8434 -0.4395
vn -0.3522 0.8319 -0.4289
vn -0.8726 0.4862 0.0459
vn -0.6815 0.7195 0.1339
vn -0.5626 0.6867 -0.4604
vn -0.5888 0.7647 -0.2618
vn -0.6045 0.6572 -0.4502
vn -0.4379 0.8857 -0.1543
vn -0.4339 0.7529 -0.4949
vn -0.5132 0.8370 -0.1897
vn -0.5556 0.7869 -0.2687
vn -0.5265 0.7176 -0.4559
vn -0.1800 0.9715 -0.1545
vn -0.3367 0.8481 -0.4091
vn -0.2409 0.9279 -0.2847
vn -0.4532 0.7555 -0.4731
vn -0.9436 -0.1592 0.2904
vn -0.8627 -0.4676 0.1926
vn -0.0093 0.6232 -0.7820
vn -0.7995 0.5753 0.1725
vn -0.5475 0.8077 -0.2188
vn 0.5950 -0.4510 -0.6653
vn 0.7815 -0.5989 -0.1750
vn -0.6913 0.6461 0.3234
vn 0.4775 0.5423 0.6913
vn 0.4985 0.1058 -0.8604
vn -0.7785 0.3990 -0.4845
vn -0.8715 0.2330 -0.4315
vn -0.7602 0.4309 -0.4862
vn -0.8573 0.3629 -0.3653
vn -0.8916 0.3092 -0.3309
vn -0.7604 0.4075 -0.5057
vn 0.2197 0.9244 -0.3118
vn 0.6846 0.6586 -0.3125
vn -0.4021 0.8115 -0.4241
vn -0.7529 -0.4688 -0.4619
vn -0.0929 0.7464 -0.6590
vn -0.1230 0.8240 -0.5531
vn -0.4498 0.5775 0.6814
vn -0.4838 0.6298 0.6077
vn -0.2983 0.5809 0.7574
vn -0.3732 0.4941 0.7852
vn 0.6343 -0.6303 -0.4476
vn -0.8233 0.2180 -0.5242
vn -0.5632 0.6279 -0.5372
vn -0.6327 0.5855 -0.5069
vn -0.7518 0.6111 -0.2477
vn -0.6394 0.6121 -0.4654
vn -0.7753 0.4384 -0.4547
vn -0.8204 0.4359 -0.3700
vn -0.6239 0.6496 0.4344
vn -0.7480 0.6615 0.0538
vn -0.8403 0.5303 -0.1128
vn -0.7190 0.6843 0.1219
vn -0.7803 0.6023 -0.1682
vn -0.8302 0.4611 -0.3133
vn -0.0295 -0.1129 -0.9932
vn -0.0384 0.8729 0.4864
vn -0.4347 0.7556 -0.4900
vn -0.4736 -0.3367 -0.8139
vn -0.3978 -0.5170 -0.7579
vn 0.7903 0.5999 -0.1244
vn -0.1210 0.9887 -0.0889
vn -0.1681 0.9141 -0.3689
vn -0.5177 0.7814 -0.3484
vn -0.4039 0.8716 -0.2777
vn -0.2311 0.5330 0.8140
vn -0.1777 0.4681 0.8656
vn -0.6512 -0.2839 -0.7038
vn -0.6510 -0.2879 -0.7024
vn -0.6512 -0.2844 -0.7036
vn -0.6501 0.6403 -0.4093
vn -0.5757 0.8173 0.0255
vn -0.8489 0.5023 -0.1647
vn -0.7987 0.5101 -0.3192
vn -0.8135 0.4661 -0.3480
vn -0.8926 0.3894 -0.2271
vn -0.9108 0.3464 -0.2246
vn -0.7893 0.4405 -0.4276
vn -0.7223 0.5061 -0.4714
vn -0.7967 0.5482 -0.2545
vn -0.9437 0.1834 -0.2753
vn -0.8940 0.4457 -0.0455
vn -0.8887 0.3596 -0.2842
vn -0.9401 0.2453 -0.2366
vn -0.9301 0.3647 0.0425
vn -0.9848 0.1733 0.0118
vn -0.9315 0.3632 -0.0213
vn -0.9244 0.3787 -0.0459
vn 0.7122 0.5774 0.3991
vn -0.9430 0.2465 -0.2236
vn -0.9755 0.1246 -0.1813
vn -0.9629 0.2228 -0.1522
vn 0.7370 0.6647 -0.1225
vn 0.2353 0.4520 0.8604
vn 0.7943 0.4829 -0.3686
vn 0.0809 -0.6043 0.7927
vn 0.6219 0.7771 -0.0967
vn -0.6727 0.6802 -0.2911
vn -0.7340 0.4695 -0.4907
vn -0.7757 -0.0498 -0.6292
vn -0.4928 0.7928 -0.3586
vn -0.8243 0.5529 0.1220
vn 0.4306 -0.8792 0.2038
vn -0.4722 -0.0023 -0.8815
vn -0.4953 0.1953 -0.8465
vn -0.2781 0.5805 -0.7653
vn -0.3126 0.2338 -0.9207
vn -0.6545 0.6087 -0.4484
vn -0.6187 0.7184 -0.3180
vn -0.4733 0.7840 -0.4016
vn -0.4330 0.7739 -0.4621
vn -0.6137 0.5598 -0.5568
vn -0.6538 0.4370 -0.6178
vn -0.5449 0.5284 -0.6511
vn -0.5117 0.5204 -0.6837
vn -0.8091 0.3223 -0.4913
vn -0.6509 -0.2885 -0.7023
vn -0.6860 0.6031 -0.4071
vn -0.5663 0.7612 -0.3160
vn -0.5932 0.6777 -0.4345
vn -0.9552 0.2735 -0.1134
vn -0.8128 0.4060 -0.4177
vn 0.5036 0.5858 0.6349
vn 0.6160 0.7416 0.2657
vn -0.6702 0.6398 -0.3761
vn -0.0960 0.8198 0.5646
vn -0.5251 -0.8478 -0.0740
vn -0.0957 0.6014 0.7932
vn 0.2366 -0.8870 0.3965
vn -0.6720 0.1596 -0.7232
vn -0.9697 0.1538 0.1899
vn -0.7029 -0.6794 0.2107
vn -0.3530 0.8464 -0.3987
vn -0.7019 -0.6689 0.2449
vn -0.6712 -0.6882 0.2752
vn -0.6362 -0.6778 0.3686
vn -0.6684 -0.6369 0.3841
vn -0.7131 0.4028 -0.5738
vn -0.5275 -0.6767 0.5136
vn 0.1117 -0.9123 -0.3940
vn -0.1858 0.9376 -0.2940
vn 0.0033 0.9152 -0.4030
vn 0.7348 -0.3027 0.6070
vn -0.1513 -0.8553 0.4956
vn 0.3819 0.8827 0.2739
vn -0.1893 -0.9134 0.3604
vn -0.8880 -0.4215 0.1840
vn -0.9767 0.1922 0.0954
vn -0.1138 0.9295 -0.3509
vn -0.0430 -0.9814 0.1869
vn -0.3913 0.9172 0.0753
vn -0.0363 -0.5726 0.8190
vn 0.9742 0.1896 0.1222
vn -0.0986 -0.4790 0.8722
vn 0.1403 0.5215 -0.8416
vn 0.2603 -0.4327 0.8632
vn -0.2073 -0.1072 0.9724
vn 0.1079 -0.1798 0.9778
vn -0.1417 0.5122 0.8471
vn -0.0921 -0.1981 0.9758
vn -0.5558 0.2504 -0.7927
vn -0.9371 0.1620 -0.3093
vn -0.9110 -0.1423 0.3871
vn -0.9651 -0.2614 0.0171
vn -0.7847 0.3843 -0.4864
vn -0.7023 0.7107 0.0402
vn 0.6983 -0.3848 0.6035
vn -0.2838 -0.1668 0.9443
vn 0.3065 0.4634 -0.8315
vn 0.2334 0.5291 -0.8158
vn -0.5197 -0.8356 0.1781
vn -0.6596 -0.6970 0.2811
vn -0.8262 0.5562 0.0892
vn -0.9681 0.0804 0.2372
vn -0.9351 -0.1541 0.3193
vn -0.5256 -0.5209 0.6726
vn -0.9854 -0.0757 0.1527
vn -0.9608 0.2683 0.0692
vn -0.5525 -0.5913 -0.5874
vn -0.9749 0.0571 0.2151
vn -0.3819 0.6178 0.6874
vn 0.2944 -0.7508 -0.5913
vn 0.1940 0.8558 -0.4795
vn -0.5435 -0.8379 -0.0503
vn 0.3394 0.7845 -0.5191
vn -0.9046 -0.4207 0.0684
vn 0.7958 0.6055 -0.0023
vn 0.4067 0.8993 -0.1611
vn -0.9251 -0.2571 0.2795
vn -0.7412 -0.6693 0.0527
vn 0.2624 -0.9572 0.1219
vn 0.7831 0.5774 -0.2308
vn 0.7369 0.4088 -0.5384
vn -0.8039 -0.5933 0.0402
vn 0.3074 0.9363 -0.1700
vn -0.2534 -0.4453 0.8588
vn -0.2639 -0.1214 0.9569
vn 0.2107 -0.0449 0.9765
vn -0.9763 0.2162 0.0113
vn 0.1504 -0.1581 -0.9759
vn 0.1370 -0.9562 -0.2588
vn -0.1706 0.6594 -0.7322
vn 0.2170 0.7867 -0.5780
vn 0.4247 -0.3388 -0.8395
vn 0.7575 0.6521 -0.0303
vn 0.4268 0.8962 0.1213
vn 0.3371 0.9089 0.2453
vn 0.2035 -0.9183 -0.3395
vn 0.1683 0.7793 -0.6036
vn 0.1738 -0.4357 -0.8831
vn 0.0935 0.6068 -0.7893
vn 0.7825 -0.0278 -0.6221
vn 0.2707 0.7780 -0.5670
vn 0.1850 -0.8181 -0.5445
vn 0.5324 0.7446 -0.4026
vn 0.0463 0.5802 -0.8131
vn 0.0845 0.6781 -0.7301
vn -0.0502 0.7506 -0.6589
vn -0.0117 0.7200 -0.6939
vn 0.2985 -0.6952 -0.6538
vn 0.0672 -0.9118 -0.4051
vn 0.2302 -0.8238 -0.5180
vn 0.4086 -0.4730 -0.7806
vn 0.0536 -0.9085 -0.4144
vn 0.1735 -0.8722 -0.4574
vn 0.4280 0.8718 0.2381
vn 0.5070 -0.5285 -0.6809
vn 0.2764 -0.7140 -0.6433
vn -0.0704 0.7520 -0.6553
vn 0.0906 -0.9501 -0.2985
vn -0.2729 0.9219 -0.2749
vn 0.1012 -0.9770 -0.1878
vn 0.4375 -0.8628 -0.2534
vn 0.1429 -0.8621 -0.4861
vn -0.1078 0.7508 -0.6517
vn 0.1326 0.9499 0.2829
vn 0.0645 -0.9351 -0.3486
vn 0.1924 0.5395 -0.8197
vn 0.2179 0.1436 -0.9653
vn 0.9672 0.0169 -0.2535
vn 0.5297 0.8390 0.1243
vn 0.4382 0.8859 0.1523
vn 0.2308 -0.8209 -0.5223
vn 0.3729 0.8959 -0.2415
vn 0.1174 -0.9338 -0.3378
vn 0.1772 -0.8866 -0.4273
vn 0.1356 0.9427 0.3048
vn -0.2465 0.8687 -0.4296
vn -0.1347 0.8781 0.4592
vn 0.1602 -0.8642 -0.4770
vn 0.0720 0.5944 -0.8010
vn 0.0005 0.5896 -0.8077
vn -0.1276 0.6140 -0.7789
vn 0.1454 -0.8328 -0.5341
vn 0.1695 -0.2110 -0.9627
vn -0.1181 0.7157 -0.6883
vn 0.8812 0.4497 -0.1459
vn -0.2755 0.7608 -0.5876
vn 0.9037 0.4263 -0.0402
vn 0.9849 -0.1575 0.0722
vn 0.3762 -0.9049 -0.1991
vn 0.4075 0.9112 0.0608
vn 0.8863 0.2081 0.4136
vn -0.2070 -0.7836 -0.5857
vn -0.4300 -0.4540 -0.7804
vn 0.3883 -0.9105 0.1422
vn 0.6112 -0.7909 -0.0307
vn 0.7921 -0.5888 -0.1613
vn 0.8758 -0.2955 -0.3816
vn 0.8843 -0.2679 -0.3824
vn 0.9667 -0.0993 -0.2358
vn 0.7640 -0.5555 0.3282
vn 0.5228 0.8494 0.0721
vn 0.3908 0.8675 -0.3077
vn 0.5532 0.7924 -0.2572
vn 0.8963 0.2472 0.3682
vn 0.9622 0.1748 0.2090
vn 0.9624 0.1692 0.2126
vn 0.9622 0.1739 0.2096
vn 0.6920 0.3105 0.6517
vn 0.1533 0.3706 0.9161
vn 0.7538 0.6292 0.1894
vn 0.2917 0.1448 0.9455
vn 0.6162 0.3773 0.6913
vn 0.7193 0.2344 0.6540
vn 0.7257 0.1982 0.6589
vn 0.9624 0.1681 0.2133
vn 0.8353 0.4792 0.2693
vn 0.1855 0.9073 -0.3774
vn 0.8893 0.1490 0.4323
vn 0.7023 0.3334 0.6290
vn 0.7082 0.6986 0.1014
vn 0.7953 0.5957 0.1124
vn 0.8258 0.5576 -0.0843
vn 0.9341 0.3465 0.0863
vn 0.7050 0.5567 0.4394
vn 0.7648 0.6175 -0.1840
vn 0.7174 0.6914 0.0856
vn 0.5827 0.7518 0.3086
vn 0.2263 0.4567 0.8603
vn 0.4051 0.4799 0.7782
vn 0.7622 0.2625 0.5917
vn 0.8410 0.1774 0.5111
vn 0.9144 -0.0696 0.3987
vn 0.9179 -0.0037 0.3967
vn 0.7712 0.0708 0.6327
vn 0.8366 0.4902 0.2446
vn 0.7905 0.3508 0.5020
vn 0.5819 0.6865 0.4360
vn 0.0234 0.9571 0.2890
vn 0.3482 0.3749 0.8592
vn 0.4161 0.4260 0.8034
vn 0.7159 0.2846 0.6376
vn 0.5888 0.8065 -0.0528
vn -0.0200 0.0913 0.9956
vn -0.1086 0.9095 0.4012
vn 0.5390 0.8422 -0.0166
vn 0.4333 0.7121 0.5524
vn 0.1179 0.9365 -0.3304
vn 0.1139 0.9378 -0.3278
vn 0.1224 0.9351 -0.3325
vn 0.4274 0.3936 0.8139
vn 0.7776 0.6152 0.1301
vn 0.6147 0.1837 0.7671
vn 0.9426 0.3305 0.0469
vn 0.7595 0.4403 0.4790
vn 0.7241 0.6870 -0.0605
vn 0.8585 0.4702 0.2046
vn 0.9679 0.2514 0.0002
vn 0.9213 0.3839 0.0614
vn 0.9710 0.2298 0.0666
vn 0.7639 0.6005 0.2364
vn 0.3792 0.8308 0.4074
vn 0.5934 0.7139 0.3719
vn 0.3205 0.9346 0.1545
vn 0.5528 0.8313 0.0583
vn 0.6251 0.7707 0.1235
vn 0.4473 0.8781 -0.1698
vn 0.5378 0.8239 -0.1788
vn 0.2630 -0.9482 0.1780
vn -0.2193 0.7166 0.6621
vn 0.7742 -0.3155 0.5488
vn 0.4566 0.2425 0.8560
vn 0.8097 0.4001 0.4294
vn 0.0647 0.6914 -0.7195
vn 0.7781 0.3677 0.5093
vn 0.5972 0.4034 0.6933
vn 0.6173 0.7854 -0.0454
vn 0.3709 0.8871 -0.2748
vn 0.5942 0.7327 0.3317
vn 0.7609 0.6021 0.2420
vn 0.7630 0.5998 0.2411
vn 0.6677 0.6841 0.2936
vn 0.4602 0.7890 -0.4070
vn 0.0831 0.3579 0.9300
vn 0.7095 -0.6548 0.2606
vn 0.0174 0.4814 0.8763
vn 0.0618 0.4417 0.8951
vn 0.5685 0.8167 -0.0989
vn 0.9099 0.2222 0.3503
vn 0.1782 0.1812 0.9672
vn 0.0420 0.8361 0.5469
vn 0.0633 0.9510 0.3025
vn 0.1134 0.9378 -0.3283
vn 0.1442 0.4048 0.9029
vn -0.3000 0.7446 -0.5963
vn 0.3881 -0.7735 0.5011
vn 0.1376 0.5732 0.8078
vn 0.2210 0.4751 -0.8517
vn 0.1332 0.5739 -0.8080
vn 0.7765 0.4539 -0.4372
vn 0.5748 0.6272 0.5256
vn 0.8613 0.3167 -0.3973
vn 0.2472 0.0498 -0.9677
vn 0.7555 0.6204 0.2107
vn 0.2289 0.9568 0.1791
vn 0.9727 0.2265 -0.0515
vn 0.6266 0.7769 -0.0617
vn -0.1266 0.9878 -0.0908
vn 0.8384 0.5430 -0.0482
vn -0.5741 -0.5176 -0.6345
vn 0.8394 -0.5155 0.1723
vn 0.7661 0.6261 0.1454
vn -0.0074 -0.2289 -0.9734
vn 0.2586 0.8478 -0.4631
vn 0.6186 -0.7762 -0.1216
vn 0.7618 0.3509 -0.5445
vn 0.4976 0.8621 -0.0958
vn 0.3910 0.8980 0.2018
vn 0.6379 0.7533 0.1601
vn 0.2114 0.1423 0.9670
vn 0.6648 0.4035 0.6287
vn 0.7378 0.2059 0.6429
vn 0.2137 0.4224 0.8808
vn 0.7057 0.5245 0.4763
vn 0.1248 0.0833 0.9887
vn 0.8747 0.3958 0.2795
vn 0.7319 0.6814 -0.0106
vn 0.1460 0.3558 0.9231
vn 0.5156 0.4460 0.7316
vn -0.2892 -0.5617 -0.7752
vn -0.2767 0.3147 -0.9080
vn 0.9604 0.2284 -0.1595
vn 0.8072 0.4934 0.3239
vn 0.8170 0.4770 0.3240
vn 0.0406 -0.3202 -0.9465
vn -0.7413 0.6702 -0.0361
vn -0.8479 -0.4641 -0.2564
vn -0.7702 -0.5045 -0.3903
vn -0.3414 -0.9247 -0.1684
vn -0.7844 0.6180 0.0526
vn -0.9562 0.2927 -0.0054
vn -0.5446 -0.8220 -0.1667
vn -0.1488 -0.9791 -0.1385
vn -0.1470 0.9390 0.3108
vn -0.1697 0.6565 -0.7350
vn -0.1461 0.7318 -0.6656
vn -0.3607 -0.0865 -0.9287
vn 0.0554 -0.8937 -0.4453
vn -0.2667 -0.4983 -0.8249
vn 0.0162 -0.7637 -0.6453
vn -0.4645 -0.1222 -0.8771
vn -0.3598 0.5412 -0.7600
vn -0.5153 0.5319 -0.6720
vn -0.1301 -0.6338 -0.7625
vn -0.0714 -0.1228 -0.9899
vn 0.0039 -0.4340 -0.9009
vn 0.0001 -0.5207 -0.8537
vn 0.0170 -0.8618 -0.5070
vn -0.0211 -0.4234 -0.9057
vn -0.2407 0.5114 -0.8249
vn -0.8225 0.5293 -0.2083
vn -0.3700 -0.1085 -0.9227
vn 0.0493 -0.9614 -0.2709
vn -0.0432 -0.9644 -0.2607
vn -0.2666 0.7692 -0.5808
vn -0.2329 0.7926 -0.5634
vn -0.3278 0.7524 -0.5713
vn -0.2896 -0.4462 -0.8468
vn -0.5379 0.1556 -0.8285
vn -0.8233 0.5664 0.0357
vn -0.6081 0.7873 0.1018
vn -0.6115 0.7828 0.1153
vn -0.4762 0.8708 0.1221
vn -0.0591 0.6495 -0.7581
vn -0.0580 0.7463 -0.6631
vn -0.9109 0.0595 -0.4083
vn -0.9704 -0.0634 -0.2331
vn -0.8066 0.5905 -0.0256
vn -0.6877 0.5770 -0.4406
vn -0.8781 0.0788 -0.4720
vn -0.2647 -0.0038 -0.9643
vn -0.3461 -0.8185 -0.4585
vn -0.1982 -0.8838 -0.4238
vn -0.1236 -0.9178 -0.3773
vn -0.1348 -0.9158 -0.3783
vn -0.1246 -0.9176 -0.3774
vn -0.6473 0.7547 0.1066
vn -0.6557 0.7515 0.0725
vn -0.6315 0.7743 -0.0409
vn -0.0793 -0.8323 -0.5486
vn -0.4221 -0.5761 -0.7000
vn -0.2159 0.6024 -0.7684
vn -0.1083 0.7161 -0.6895
vn -0.0988 0.8216 -0.5614
vn -0.1519 0.8527 -0.4998
vn -0.0266 0.6929 -0.7205
vn 0.1323 -0.8870 -0.4425
vn -0.3126 -0.7355 -0.6012
vn -0.1194 -0.7856 -0.6071
vn 0.0074 -0.8902 -0.4556
vn -0.3291 -0.5077 -0.7962
vn -0.3190 -0.5090 -0.7995
vn -0.2777 -0.7855 -0.5530
vn -0.0790 -0.8745 -0.4786
vn -0.0373 -0.9650 -0.2595
vn -0.0152 -0.9661 -0.2578
vn -0.5938 0.7723 0.2256
vn -0.1086 0.9447 0.3093
vn 0.1910 0.5578 -0.8077
vn 0.0184 0.8787 -0.4770
vn -0.0073 0.9924 0.1225
vn -0.1214 0.9172 0.3795
vn -0.2205 0.9174 0.3312
vn -0.0350 -0.9992 -0.0184
vn 0.0981 0.6939 -0.7134
vn 0.1183 0.8419 -0.5265
vn -0.2087 0.9164 -0.3417
vn -0.0060 -0.9013 -0.4332
vn -0.1356 -0.9157 -0.3783
vn -0.1780 -0.9761 0.1250
vn -0.3601 -0.9236 0.1318
vn -0.6098 -0.7925 -0.0100
vn -0.8179 -0.5404 -0.1977
vn -0.8478 -0.5275 -0.0548
vn -0.9598 -0.2777 0.0416
vn -0.9574 0.2884 0.0120
vn -0.7278 0.6698 -0.1475
vn -0.6211 0.7652 -0.1693
vn -0.8275 0.5601 -0.0402
vn -0.6808 0.7052 0.1978
vn -0.1188 0.4984 -0.8588
vn -0.0160 -0.9853 0.1700
vn 0.6606 0.4027 -0.6336
vn -0.7737 -0.6034 0.1931
vn 0.8935 0.1450 0.4250
vn 0.4932 0.8682 -0.0541
vn -0.2477 0.4187 0.8737
vn 0.5565 0.3779 0.7399
vn 0.1516 0.9251 0.3480
vn 0.5427 0.8166 0.1968
vn 0.6929 0.7033 0.1590
vn 0.4865 -0.8734 -0.0227
vn 0.9569 0.2877 -0.0385
vn -0.7918 0.4743 -0.3847
vn -0.4616 0.4314 -0.7751
vn -0.2658 0.9152 -0.3030
vn -0.9854 0.0434 0.1649
vn -0.9858 0.0509 0.1602
vn -0.9853 0.0420 0.1656
vn -0.9141 0.0797 0.3975
vn -0.7882 0.2047 0.5804
vn -0.8356 0.1832 0.5179
vn -0.6851 0.2101 0.6975
vn -0.6059 0.1936 0.7716
vn -0.4569 0.2513 0.8533
vn -0.1398 0.4148 0.8991
vn -0.1863 0.9351 0.3014
vn -0.5817 0.7179 0.3825
vn -0.7291 0.6422 0.2365
vn -0.8111 0.5614 0.1645
vn -0.8675 0.4737 0.1519
vn -0.0936 0.0611 0.9937
vn -0.2961 -0.1071 0.9491
vn -0.4410 -0.0247 0.8972
vn -0.6284 0.1330 0.7665
vn -0.7189 0.1659 0.6750
vn -0.7829 0.1221 0.6100
vn -0.8056 0.1434 0.5748
vn -0.7405 0.1116 0.6627
vn -0.9021 0.0306 0.4305
vn -0.9859 0.0525 0.1590
vn -0.9872 0.0476 0.1522
vn -0.4414 0.8788 -0.1816
vn -0.5306 0.8249 -0.1950
vn -0.7244 0.6848 -0.0791
vn -0.8193 0.5594 0.1261
vn -0.8982 0.4081 0.1633
vn -0.9301 0.3553 -0.0933
vn -0.9164 0.3910 0.0852
vn -0.9160 0.3919 0.0856
vn -0.9162 0.3916 0.0854
vn -0.8370 0.4810 0.2608
vn -0.8615 0.4929 -0.1223
vn -0.7815 0.6214 0.0560
vn -0.7467 0.6467 0.1555
vn -0.2102 0.1092 0.9715
vn -0.3392 0.2104 0.9169
vn -0.4701 0.2948 0.8319
vn -0.6404 0.2726 0.7181
vn -0.7271 0.1790 0.6628
vn -0.7720 0.1838 0.6084
vn -0.8079 0.1840 0.5599
vn -0.7834 0.0820 0.6161
vn -0.8454 0.0581 0.5310
vn -0.9120 -0.1216 0.3917
vn -0.7330 -0.5105 0.4495
vn -0.8270 -0.3115 0.4680
vn -0.6998 -0.1686 0.6941
vn -0.8854 0.2104 0.4144
vn -0.7833 0.2250 0.5796
vn -0.6062 0.0754 0.7917
vn -0.5311 0.0724 0.8442
vn -0.4461 0.1701 0.8787
vn -0.3524 0.3174 0.8804
vn -0.2864 0.3630 0.8867
vn -0.1609 0.3559 0.9206
vn -0.0629 0.0606 0.9962
vn -0.1657 0.0893 0.9821
vn -0.1170 -0.0336 0.9926
vn -0.1248 0.8461 0.5182
vn -0.3767 0.2243 0.8988
vn -0.0405 0.8574 -0.5131
vn -0.6613 0.6919 0.2897
vn -0.2225 0.6951 0.6837
vn -0.5515 0.5131 0.6577
vn -0.7006 0.3144 0.6405
vn -0.7821 0.3647 0.5053
vn -0.9180 0.3944 0.0409
vn -0.7826 0.6223 -0.0170
vn -0.8384 0.5451 0.0029
vn -0.9447 0.3279 -0.0007
vn -0.9659 0.2544 0.0484
vn -0.9503 0.3053 0.0605
vn -0.8378 0.5167 0.1764
vn -0.6981 0.7159 -0.0137
vn -0.5639 0.7812 0.2679
vn -0.6468 0.6654 0.3727
vn -0.7101 0.6669 0.2257
vn -0.7963 0.5832 0.1603
vn -0.7374 0.6477 0.1915
vn -0.7314 0.6415 0.2313
vn -0.8555 0.5034 0.1211
vn -0.8911 0.4436 0.0956
vn -0.9145 0.3822 0.1328
vn -0.8977 0.2505 0.3625
vn -0.7947 0.5990 0.0981
vn -0.7183 0.1647 0.6759
vn -0.8466 0.2056 0.4909
vn -0.7624 0.5785 0.2900
vn -0.8544 0.4307 0.2907
vn -0.8889 0.3321 0.3156
vn -0.9771 0.1561 0.1448
vn -0.9416 0.3338 0.0440
vn -0.9526 0.2998 0.0515
vn -0.9658 0.2477 0.0772
vn -0.9646 0.2623 0.0265
vn -0.9681 0.2463 0.0468
vn -0.9842 0.1756 0.0243
vn -0.9780 0.2084 0.0066
vn -0.9932 0.0704 0.0927
vn -0.9879 0.1510 0.0350
vn -0.9880 0.0804 0.1322
vn -0.9935 0.0430 0.1054
vn -0.9880 0.1393 0.0667
vn -0.9829 0.1818 0.0284
vn -0.9577 0.2870 0.0218
vn -0.1702 0.9830 -0.0682
vn -0.4740 0.8768 -0.0812
vn -0.7400 0.6658 0.0952
vn -0.8079 0.5856 0.0654
vn -0.9258 0.3744 0.0526
vn -0.9160 0.3919 0.0855
vn -0.8336 0.5519 0.0227
vn -0.8135 0.4647 0.3497
vn -0.9463 0.3034 0.1121
vn -0.2350 0.9266 -0.2936
vn -0.1208 0.9587 -0.2577
vn -0.1549 -0.1817 0.9711
vn 0.4184 0.6665 0.6170
vn 0.1546 -0.8151 -0.5583
vn 0.2247 0.7252 0.6508
vn 0.6422 0.7660 0.0300
vn 0.0873 0.9948 -0.0519
vn 0.8792 0.3751 -0.2936
vn 0.3616 0.6366 0.6812
vn 0.2387 0.7676 0.5948
vn 0.5732 0.7910 -0.2137
vn 0.0806 0.9954 0.0527
vn 0.3121 0.9442 0.1050
vn 0.4301 0.8813 0.1957
vn -0.3308 -0.8355 -0.4387
vn 0.9527 0.2925 -0.0830
vn 0.8792 0.4740 -0.0491
vn 0.1351 0.5510 -0.8235
vn -0.0984 -0.8892 0.4469
vn -0.4602 -0.8773 0.1361
vn 0.7162 0.5332 0.4503
vn 0.8695 0.2746 -0.4105
vn 0.8388 0.1353 -0.5273
vn 0.7016 0.7126 0.0088
vn 0.2851 0.4899 -0.8238
vn -0.3459 0.8432 0.4115
vn -0.5135 -0.8080 0.2890
vn -0.6108 -0.7665 0.1986
vn -0.6461 -0.6319 0.4280
vn 0.0632 0.9029 -0.4252
vn -0.0293 -0.9995 -0.0105
vn 0.9362 0.0896 -0.3399
vn 0.7112 0.4968 -0.4974
vn -0.6083 -0.6526 0.4518
vn 0.6948 0.6447 -0.3188
vn 0.3041 0.5701 0.7632
vn -0.0282 0.2130 -0.9766
vn -0.4401 -0.5683 0.6953
vn 0.0530 -0.9821 0.1809
vn 0.1944 0.3840 -0.9027
vn 0.5703 0.6168 0.5426
vn -0.5873 0.3856 -0.7116
vn -0.2438 0.2002 -0.9489
vn 0.9340 0.3363 -0.1210
vn 0.8847 0.4652 0.0303
vn -0.6198 -0.7409 0.2588
vn -0.5359 -0.7439 -0.3993
vn 0.6221 0.7596 0.1897
vn -0.8736 -0.4395 0.2089
vn -0.9906 0.0385 0.1312
vn -0.8133 -0.3278 0.4808
vn -0.9341 -0.3252 0.1476
vn -0.9363 -0.2328 0.2630
vn -0.7221 0.6335 -0.2778
vn -0.3597 0.9030 0.2350
vn -0.3606 0.9145 0.1835
vn -0.3914 0.8841 0.2551
vn -0.3984 0.7966 0.4546
vn -0.4745 0.8077 0.3501
vn 0.0627 -0.1828 -0.9812
vn -0.2067 0.3855 0.8993
vn -0.0882 0.4981 -0.8626
vn 0.2725 -0.0864 -0.9583
vn -0.4578 0.7860 0.4156
vn -0.4305 0.8465 0.3132
vn -0.6137 0.6964 -0.3721
vn -0.6073 0.7733 -0.1820
vn -0.4270 0.8176 -0.3862
vn -0.4623 0.8314 -0.3083
vn -0.2939 0.8881 -0.3534
vn -0.3626 0.8485 -0.3855
vn -0.2993 0.8743 -0.3821
vn -0.3679 0.9240 -0.1039
vn -0.3626 0.8805 -0.3055
vn -0.6101 0.6885 -0.3920
vn -0.7500 0.6101 -0.2556
vn 0.7056 0.5383 0.4609
vn 0.5396 0.8338 0.1165
vn 0.7952 -0.4970 -0.3474
vn 0.5282 -0.8446 0.0878
vn -0.4326 -0.8604 -0.2695
vn 0.3179 -0.9249 -0.2084
vn -0.4135 -0.7547 0.5093
vn 0.7437 0.5089 0.4335
vn 0.5694 0.8009 -0.1853
vn 0.9213 0.1801 0.3445
vn -0.4119 -0.1863 0.8920
vn -0.0330 -0.0228 0.9992
vn 0.5568 0.6053 0.5689
vn 0.0423 0.7785 -0.6263
vn 0.5591 0.6267 -0.5428
vn 0.5965 0.6628 -0.4526
vn 0.6707 0.5239 -0.5250
vn 0.9203 0.1620 0.3559
vn 0.7084 0.5133 -0.4844
vn -0.1008 0.7208 0.6858
vn 0.5712 0.7751 -0.2702
vn 0.7589 0.4547 0.4662
vn 0.3889 0.7045 0.5937
vn -0.0254 0.4469 0.8942
vn 0.4879 0.7763 0.3991
vn 0.1512 0.9156 0.3727
vn 0.4045 0.7661 0.4995
vn 0.6737 0.5686 0.4720
vn -0.0186 0.1155 -0.9931
vn -0.3938 0.9183 -0.0409
vn -0.4612 0.8849 0.0647
vn -0.7380 0.5420 0.4019
vn -0.6063 0.4891 0.6271
vn -0.4760 0.4430 0.7597
vn -0.2084 -0.0242 0.9777
vn -0.3776 0.5553 -0.7410
vn -0.7243 0.3336 -0.6034
vn -0.8086 0.0520 -0.5861
vn -0.9331 0.3372 -0.1251
vn -0.7766 0.6044 -0.1777
vn -0.8040 0.5859 -0.1016
vn -0.7179 0.6587 -0.2253
vn -0.3399 0.3533 0.8716
vn -0.1943 -0.4981 0.8450
vn -0.1235 -0.8425 0.5244
vn -0.0969 0.7654 -0.6362
vn -0.3613 0.9007 0.2412
vn -0.0934 0.0514 -0.9943
vn 0.1270 0.8079 -0.5755
vn 0.4791 0.5781 0.6605
vn -0.3821 0.5597 -0.7354
vn -0.3919 0.4832 0.7829
vn 0.5229 0.7489 -0.4071
vn 0.9593 0.2805 0.0336
vn 0.1075 -0.1471 0.9833
vn -0.2000 -0.7376 -0.6449
vn -0.1373 -0.8595 -0.4924
vn -0.1799 0.7991 0.5736
vn -0.3811 0.9005 0.2093
vn -0.5092 0.8098 -0.2914
vn -0.4379 0.7207 -0.5374
vn -0.1701 0.9705 -0.1709
vn -0.2130 0.9339 0.2872
vn 0.0970 0.9626 -0.2530
vn -0.0278 0.6685 -0.7432
vn -0.3877 0.5795 0.7169
vn -0.3865 0.7797 0.4926
vn 0.0709 -0.1387 0.9878
vn -0.0910 0.7575 -0.6465
vn -0.0599 0.4173 0.9068
vn -0.1277 -0.5162 -0.8469
vn -0.1441 -0.9554 0.2579
vn -0.0964 -0.9948 -0.0338
vn -0.7226 -0.5842 -0.3696
vn 0.8501 0.4871 0.1999
vn -0.3949 0.3260 0.8589
vn -0.3200 0.2015 0.9257
vn -0.3491 0.9251 -0.1492
vn -0.6861 -0.6460 0.3346
vn 0.5770 0.7851 0.2254
vn 0.5712 -0.2734 -0.7739
vn -0.0079 0.8879 -0.4600
vn -0.1198 -0.9247 -0.3615
vn -0.0344 -0.9976 -0.0603
vn -0.4201 0.6334 -0.6499
vn 0.1636 -0.9166 0.3648
vn -0.5429 -0.7673 -0.3413
vn -0.1147 0.7444 -0.6578
vn 0.2010 -0.7000 0.6853
vn -0.1604 -0.9051 0.3937
vn -0.1136 -0.8991 0.4227
vn -0.1957 0.9127 -0.3588
vn 0.0977 -0.2852 0.9535
vn 0.0795 -0.6133 -0.7858
vn -0.1271 -0.7492 0.6501
vn -0.0506 0.3837 -0.9221
vn 0.6611 0.7431 -0.1033
vn -0.1900 0.8302 0.5240
vn 0.9154 0.3730 0.1515
vn 0.4026 0.8128 -0.4211
vn -0.0520 0.9000 -0.4329
vn 0.0261 0.8340 -0.5512
vn -0.0814 0.8331 0.5470
vn -0.0501 0.9258 -0.3748
vn -0.0556 0.7446 0.6652
vn -0.3573 0.7358 -0.5753
vn -0.3660 0.7068 -0.6054
vn 0.7319 0.6643 -0.1520
vn -0.1183 0.9664 -0.2280
vn -0.6381 -0.7268 0.2540
vn 0.0192 0.0764 -0.9969
vn -0.0718 0.5006 -0.8627
vn 0.3555 -0.4269 0.8315
vn -0.0276 0.8362 -0.5477
vn -0.1529 -0.5519 -0.8198
vn -0.5749 -0.6995 -0.4245
vn 0.8670 0.4717 0.1605
vn -0.1660 0.8278 0.5359
vn -0.3644 0.8183 0.4445
vn -0.5085 0.6460 0.5693
vn 0.8958 0.3989 0.1961
vn 0.2523 0.9389 0.2342
vn 0.4277 0.8908 -0.1535
vn -0.8240 0.4122 -0.3887
vn -0.6898 0.6150 -0.3820
vn -0.9243 0.1831 -0.3350
vn -0.8443 0.3392 -0.4147
vn -0.8278 0.3683 -0.4233
vn -0.8500 0.2612 -0.4575
vn -0.8009 0.3641 -0.4755
vn -0.8407 0.2243 -0.4929
vn 0.9108 0.3728 0.1774
vn 0.9047 0.3710 0.2095
vn 0.0835 0.9246 -0.3717
vn 0.4646 0.8821 -0.0780
vn -0.6529 0.6046 -0.4564
vn -0.6564 0.7262 -0.2044
vn -0.6438 0.7565 0.1151
vn -0.7201 0.4527 0.5259
vn -0.5117 0.6303 0.5838
vn -0.5819 0.7311 0.3563
vn -0.5412 0.4673 0.6991
vn -0.8254 0.3627 0.4326
vn -0.8536 0.4716 0.2213
vn -0.8199 0.5170 0.2458
vn -0.5764 0.2091 0.7899
vn -0.6168 0.3254 0.7167
vn -0.5893 0.4985 0.6358
vn -0.7199 0.6766 0.1547
vn -0.5335 0.8455 -0.0225
vn -0.7676 0.5631 0.3060
vn -0.7091 0.5733 0.4105
vn -0.7587 0.2671 -0.5941
vn -0.7426 0.3942 -0.5414
vn -0.6535 0.4820 0.5837
vn -0.4513 0.8427 0.2935
vn 0.1833 0.8196 0.5429
vn 0.6373 0.7082 -0.3039
vn 0.0129 0.9301 -0.3671
vn -0.5137 0.6765 -0.5276
vn 0.2344 0.9406 0.2457
vn 0.2465 0.9595 -0.1363
vn -0.5535 0.6502 -0.5205
vn -0.0364 0.9530 -0.3006
vn 0.1648 0.9578 -0.2356
vn -0.6174 0.7286 -0.2966
vn -0.5524 0.2892 0.7818
vn 0.6267 0.7791 0.0165
vn 0.7597 0.6200 0.1960
vn 0.7037 0.0827 0.7057
vn 0.0389 -0.0420 0.9984
vn 0.7359 0.6654 0.1253
vn 0.9597 0.2691 0.0813
vn 0.5194 0.8464 -0.1175
vn 0.2521 0.9092 -0.3314
vn 0.9466 0.2546 0.1978
vn 0.1815 0.0596 -0.9816
vn 0.3029 0.4504 0.8399
vn 0.1171 -0.9401 0.3201
vn 0.1667 -0.9852 -0.0398
vn 0.1055 0.1817 0.9777
vn 0.5860 0.7205 -0.3708
vn 0.3643 0.9102 -0.1972
vn -0.1411 -0.5786 0.8033
vn 0.2361 0.8653 0.4422
vn 0.3241 0.7739 0.5441
vn -0.0509 0.0235 -0.9984
vn 0.1513 0.8216 0.5496
vn -0.1055 -0.1550 0.9823
vn 0.2022 -0.8900 -0.4087
vn -0.1599 0.9658 -0.2040
vn 0.1997 0.6100 0.7668
vn 0.1640 0.3784 0.9110
vn -0.0110 -0.4477 0.8941
vn 0.1938 -0.3630 -0.9114
vn 0.4685 0.6900 0.5518
vn 0.5957 0.5665 0.5693
vn 0.5745 0.7209 -0.3876
vn 0.5548 0.7121 -0.4302
vn 0.8469 0.2874 -0.4473
vn 0.1074 0.8096 0.5770
vn 0.3129 0.9084 -0.2774
vn 0.9092 0.4014 0.1108
vn 0.7393 0.6676 -0.0885
vn 0.3350 0.8689 -0.3643
vn 0.9484 0.3026 0.0949
vn 0.9446 -0.1193 0.3057
vn -0.3482 0.6877 0.6370
vn -0.2189 0.7874 0.5763
vn 0.0690 0.9683 0.2399
vn -0.1264 0.9858 0.1105
vn 0.5038 0.8608 0.0723
vn 0.3875 0.9042 0.1799
vn -0.0046 0.6859 0.7277
vn 0.0724 0.7542 0.6527
vn -0.0211 0.8216 -0.5697
vn 0.1016 -0.7795 0.6181
vn -0.0581 0.6356 0.7698
vn -0.1229 0.6133 0.7803
vn -0.0524 0.8901 -0.4527
vn -0.0201 0.8854 -0.4644
vn 0.0224 0.9951 0.0963
vn -0.1435 0.1925 0.9707
vn -0.1722 0.2663 0.9484
vn -0.2257 0.3148 0.9219
vn 0.2987 0.8390 -0.4548
vn 0.0510 -0.8737 0.4839
vn 0.0028 -0.7095 0.7047
vn -0.0088 0.3867 -0.9222
vn 0.0933 -0.9881 -0.1222
vn 0.1889 -0.9603 -0.2052
vn -0.0893 0.8618 -0.4993
vn 0.1777 0.9744 -0.1378
vn 0.0661 -0.9229 0.3794
vn 0.3726 0.6680 -0.6442
vn 0.1553 0.8135 0.5604
vn -0.0233 0.8387 0.5441
vn 0.1264 0.0042 -0.9920
vn 0.6146 0.6901 -0.3821
vn 0.7352 0.5480 -0.3990
vn 0.3836 0.8462 -0.3698
vn -0.1265 0.9180 0.3759
vn 0.7141 0.4830 -0.5067
vn -0.8258 0.2954 -0.4804
vn -0.0282 0.9239 -0.3816
vn -0.0279 0.9996 -0.0067
vn -0.2338 0.9608 0.1492
vn -0.3442 0.8446 -0.4102
vn 0.8662 0.2983 -0.4009
vn -0.0824 0.8565 -0.5095
vn 0.3015 0.8392 -0.4526
vn -0.0610 0.8093 -0.5842
vn 0.5948 0.6835 -0.4231
vn -0.3097 0.8256 -0.4716
vn -0.3464 0.8859 -0.3084
vn -0.3829 0.5534 -0.7396
vn -0.3629 0.6434 -0.6741
vn -0.3387 0.7876 -0.5148
vn -0.3955 0.7500 -0.5301
vn -0.3883 0.1658 -0.9065
vn -0.3353 0.4556 -0.8246
vn -0.9258 0.2169 -0.3096
vn -0.9573 0.0979 -0.2721
vn -0.8615 0.4382 -0.2564
vn -0.6512 0.6668 -0.3624
vn -0.1271 0.6774 0.7246
vn -0.5790 0.6937 -0.4285
vn -0.1475 0.8063 -0.5729
vn -0.4427 0.7351 -0.5135
vn -0.4254 0.8579 -0.2882
vn -0.2840 0.9506 -0.1253
vn -0.2867 0.7965 -0.5324
vn -0.8054 0.5590 -0.1974
vn -0.8669 0.3661 -0.3385
vn -0.9222 0.2486 -0.2962
vn -0.8088 0.2919 -0.5105
vn -0.7038 0.3435 -0.6218
vn -0.3029 0.6822 0.6654
vn -0.5764 0.6854 0.4449
vn 0.2463 0.8223 -0.5130
vn -0.6295 0.4164 -0.6560
vn -0.4049 0.7478 -0.5262
vn -0.5191 0.7750 -0.3604
vn -0.4563 0.8414 -0.2896
vn -0.4368 0.8466 -0.3043
vn -0.6113 0.7113 -0.3470
vn -0.5744 0.7206 -0.3884
vn -0.2928 0.9085 -0.2981
vn -0.3103 0.8579 -0.4096
vn 0.7885 0.5446 0.2859
vn 0.0167 0.1872 0.9822
vn -0.7569 0.5340 -0.3769
vn -0.7960 0.5675 -0.2105
vn -0.9355 0.3525 -0.0259
vn -0.8072 0.5834 0.0898
vn 0.5325 0.7944 -0.2921
vn -0.3354 -0.1811 -0.9245
vn -0.3089 -0.1501 -0.9392
vn 0.4175 0.3016 0.8572
vn -0.5693 0.2320 -0.7887
vn -0.5426 0.4333 -0.7196
vn -0.2947 -0.1509 -0.9436
vn -0.2340 -0.1959 -0.9523
vn -0.6801 0.5919 -0.4325
vn -0.0381 0.6238 0.7807
vn 0.3996 0.5750 -0.7139
vn 0.3325 0.7136 -0.6167
vn 0.4905 0.7760 0.3966
vn 0.8728 0.4626 0.1555
vn 0.8040 0.3619 -0.4718
vn 0.3609 0.8821 -0.3029
vn -0.0097 0.9459 -0.3243
vn 0.8071 0.4359 0.3982
vn -0.0938 0.9956 0.0073
vn 0.0046 0.9947 -0.1030
vn 0.3774 0.8386 -0.3928
vn 0.2390 0.9105 -0.3375
vn 0.4149 0.8243 -0.3852
vn 0.7460 0.3664 -0.5560
vn 0.5589 0.6553 0.5082
vn 0.7529 0.2763 0.5974
vn 0.7916 0.4485 -0.4149
vn 0.7979 0.4435 -0.4083
vn 0.5934 0.2221 0.7736
vn 0.5454 0.8348 -0.0749
vn 0.4287 0.7764 -0.4619
vn 0.7227 0.6228 0.2998
vn 0.3481 0.6705 -0.6552
vn 0.7382 0.6095 -0.2891
vn 0.4332 0.5956 -0.6764
vn 0.0126 0.9528 0.3033
vn 0.8790 0.3100 -0.3624
vn 0.6570 0.5122 0.5532
vn -0.2318 0.4938 0.8381
vn 0.8354 0.3957 -0.3816
vn -0.2952 0.8560 -0.4245
vn 0.1691 0.9718 -0.1641
vn 0.6761 0.6728 0.3005
vn 0.8324 0.5048 0.2287
vn 0.8620 0.4752 0.1762
vn 0.9014 0.3955 0.1764
vn 0.8586 0.4882 0.1566
vn 0.8901 0.4389 0.1230
vn -0.6906 0.7210 -0.0578
vn -0.6069 0.7736 -0.1821
vn -0.3335 0.9419 0.0393
vn -0.3262 0.9441 0.0478
vn 0.0370 0.9890 0.1430
vn 0.1136 0.9864 0.1189
vn -0.1351 0.9197 0.3686
vn 0.2407 0.8658 -0.4386
vn 0.1233 0.8684 -0.4802
vn 0.8042 0.5935 0.0318
vn 0.5137 0.3857 -0.7664
vn -0.3153 0.8009 0.5091
vn -0.6321 0.7162 0.2958
vn -0.7342 0.6309 0.2507
vn -0.6639 0.6991 0.2656
vn -0.7708 0.6190 0.1507
vn -0.4595 0.8391 0.2911
vn -0.7094 0.7039 0.0362
vn -0.6773 0.7085 0.1984
vn -0.5458 0.7788 0.3092
vn -0.5443 0.7656 0.3428
vn -0.6066 0.7160 -0.3454
vn -0.5476 0.7685 -0.3309
vn -0.2900 0.8562 -0.4276
vn 0.4639 0.8194 0.3367
vn 0.4558 0.8587 0.2344
vn 0.5716 0.7880 0.2288
vn 0.5966 0.7020 -0.3890
vn 0.5008 -0.1824 -0.8461
vn 0.4664 0.1898 -0.8640
vn 0.5887 0.7974 -0.1323
vn 0.1660 0.9801 -0.1086
vn -0.1425 0.8676 -0.4763
vn -0.1352 0.9908 0.0006
vn 0.3375 0.9215 0.1920
vn 0.5539 0.8324 -0.0181
vn 0.3735 -0.1583 -0.9140
vn 0.5278 0.7908 -0.3098
vn 0.1326 0.8482 -0.5128
vn -0.5206 0.8511 -0.0683
vn -0.6770 0.7305 -0.0894
vn -0.6474 0.7322 -0.2115
vn -0.3343 0.9371 -0.1006
vn -0.4997 0.8517 -0.1579
vn -0.5961 0.7342 -0.3248
vn -0.3094 0.9383 -0.1544
vn -0.4609 0.8535 -0.2430
vn -0.5223 0.7380 -0.4272
vn -0.2774 0.9399 -0.1991
vn -0.4301 0.7432 -0.5126
vn -0.2321 0.9423 -0.2411
vn -0.3366 0.8603 -0.3828
vn -0.3233 0.7491 -0.5782
vn -0.1833 0.9451 -0.2704
vn -0.2578 0.8651 -0.4303
vn -0.1285 0.9484 -0.2900
vn -0.1702 0.8699 -0.4630
vn -0.0825 0.9507 -0.2990
vn -0.0829 0.8743 -0.4782
vn 0.0436 0.7713 -0.6349
vn -0.0145 0.9549 -0.2965
vn 0.0151 0.8802 -0.4744
vn 0.1622 0.7774 -0.6078
vn 0.0303 0.9574 -0.2872
vn 0.0982 0.8843 -0.4565
vn 0.2792 0.7843 -0.5540
vn 0.1930 0.8902 -0.4127
vn 0.3782 0.7907 -0.4815
vn 0.2604 0.8940 -0.3646
vn 0.4637 0.7960 -0.3890
vn 0.1794 0.9672 -0.1798
vn 0.3308 0.8987 -0.2879
vn 0.2068 0.9688 -0.1368
vn 0.3740 0.9016 -0.2174
vn 0.5705 0.8043 -0.1663
vn 0.4089 0.9045 -0.1212
vn 0.5881 0.8073 -0.0489
vn 0.2374 0.9709 -0.0329
vn 0.4208 0.9062 -0.0426
vn 0.5886 0.8050 0.0740
vn 0.2352 0.9715 0.0312
vn 0.4168 0.9075 0.0519
vn 0.5616 0.8039 0.1956
vn 0.2267 0.9712 0.0737
vn 0.3985 0.9068 0.1374
vn 0.5091 0.8026 0.3108
vn 0.2031 0.9710 0.1264
vn 0.3609 0.9061 0.2209
vn 0.4335 0.7997 0.4154
vn 0.1710 0.9694 0.1760
vn 0.3110 0.9013 0.3015
vn 0.3489 0.7916 0.5016
vn 0.1365 0.9685 0.2083
vn 0.2442 0.8987 0.3644
vn 0.2354 0.7860 0.5716
vn 0.0692 0.9650 0.2531
vn 0.1596 0.8927 0.4215
vn 0.1180 0.7796 0.6151
vn 0.0252 0.9627 0.2694
vn -0.0089 0.7726 0.6348
vn -0.0615 0.9576 0.2814
vn -0.0334 0.8833 0.4676
vn -0.1394 0.7644 0.6295
vn -0.1036 0.9545 0.2797
vn -0.1272 0.8768 0.4638
vn -0.2599 0.7605 0.5951
vn -0.1729 0.9499 0.2603
vn -0.2183 0.8728 0.4365
vn -0.3696 0.7529 0.5445
vn -0.2126 0.9467 0.2419
vn -0.2942 0.8674 0.4013
vn -0.4702 0.7465 0.4708
vn -0.2581 0.9442 0.2046
vn -0.3698 0.8635 0.3429
vn -0.5556 0.7403 0.3785
vn -0.2909 0.9417 0.1691
vn -0.4272 0.8595 0.2806
vn -0.6197 0.7359 0.2728
vn -0.3208 0.9395 0.1198
vn -0.4790 0.8549 0.1992
vn -0.6607 0.7337 0.1586
vn -0.3401 0.9381 0.0661
vn -0.5098 0.8525 0.1150
vn -0.6831 0.7295 0.0346
vn -0.3490 0.9370 0.0122
vn -0.5241 0.8514 0.0229
vn -0.8455 -0.5208 -0.1181
vn -0.9782 -0.1556 -0.1377
vn -0.8040 0.5847 -0.1084
vn -0.4166 -0.9071 -0.0602
vn -0.7290 -0.6768 -0.1027
vn -0.9296 -0.3453 -0.1292
vn -0.9899 0.0404 -0.1357
vn -0.9011 0.4159 -0.1228
vn -0.6635 0.7427 -0.0906
vn -0.2318 -0.9721 -0.0362
vn -0.5845 -0.8071 -0.0832
vn -0.8611 0.4170 -0.2910
vn -0.6354 0.7438 -0.2074
vn -0.2191 -0.9716 -0.0891
vn -0.5554 -0.8060 -0.2047
vn -0.9329 -0.1542 -0.3255
vn -0.9201 0.2329 -0.3149
vn -0.7690 0.5859 -0.2558
vn -0.3952 -0.9063 -0.1499
vn -0.6934 -0.6755 -0.2507
vn -0.8855 -0.3439 -0.3124
vn -0.9445 0.0388 -0.3262
vn -0.7890 0.4201 -0.4483
vn -0.5846 0.7465 -0.3178
vn -0.1941 -0.9704 -0.1436
vn -0.5031 -0.8035 -0.3181
vn -0.7319 -0.5167 -0.4442
vn -0.8513 -0.1504 -0.5027
vn -0.7058 0.5889 -0.3937
vn -0.3557 -0.9047 -0.2345
vn -0.6300 -0.6728 -0.3879
vn -0.8069 -0.3404 -0.4827
vn -0.8627 0.0425 -0.5040
vn -0.6877 0.4255 -0.5882
vn -0.5135 0.7492 -0.4183
vn -0.1618 -0.9686 -0.1886
vn -0.4301 -0.7999 -0.4186
vn -0.6314 -0.5105 -0.5837
vn -0.7371 -0.1450 -0.6601
vn -0.7319 0.2422 -0.6369
vn -0.6150 0.5946 -0.5180
vn -0.3016 -0.9016 -0.3101
vn -0.5408 -0.6682 -0.5108
vn -0.6966 -0.3349 -0.6345
vn -0.7483 0.0488 -0.6616
vn -0.5599 0.4329 -0.7065
vn -0.4224 0.7543 -0.5025
vn -0.3384 -0.7952 -0.5032
vn -0.5046 -0.5038 -0.7011
vn -0.5947 -0.1376 -0.7921
vn -0.5948 0.2498 -0.7641
vn -0.5044 0.6003 -0.6206
vn -0.2333 -0.8981 -0.3729
vn -0.4293 -0.6625 -0.6139
vn -0.5601 -0.3270 -0.7612
vn -0.6059 0.0577 -0.7934
vn -0.4125 0.4410 -0.7971
vn -0.3170 0.7610 -0.5660
vn -0.0706 -0.9638 -0.2571
vn -0.2316 -0.7894 -0.5685
vn -0.3575 -0.4963 -0.7911
vn -0.4291 -0.1285 -0.8941
vn -0.4347 0.2585 -0.8627
vn -0.3746 0.6080 -0.7000
vn -0.1540 -0.8937 -0.4215
vn -0.3005 -0.6550 -0.6934
vn -0.4013 -0.3189 -0.8587
vn -0.4410 0.0671 -0.8950
vn -0.2035 0.7673 -0.6081
vn -0.1145 -0.7826 -0.6119
vn -0.1952 -0.4878 -0.8509
vn -0.2470 -0.1185 -0.9617
vn -0.2583 0.2716 -0.9271
vn -0.2311 0.6172 -0.7521
vn -0.1576 -0.6473 -0.7457
vn -0.2257 -0.3090 -0.9239
vn -0.2582 0.0773 -0.9630
vn -0.0780 0.4610 -0.8840
vn -0.0813 0.7739 -0.6281
vn 0.0405 -0.9573 -0.2861
vn 0.0089 -0.7755 -0.6313
vn -0.0232 -0.4776 -0.8783
vn -0.0567 -0.1074 -0.9926
vn -0.0728 0.2818 -0.9567
vn -0.0826 0.6251 -0.7762
vn 0.0247 -0.8831 -0.4685
vn -0.0072 -0.6390 -0.7692
vn -0.0380 -0.2990 -0.9535
vn -0.0636 0.0951 -0.9934
vn 0.0951 0.4733 -0.8758
vn 0.0402 0.7819 -0.6221
vn 0.0974 -0.9538 -0.2841
vn 0.1338 -0.7679 -0.6264
vn 0.1496 -0.4672 -0.8714
vn 0.1499 -0.0934 -0.9843
vn 0.1143 0.2931 -0.9492
vn 0.0693 0.6341 -0.7701
vn 0.1178 -0.8778 -0.4644
vn 0.1453 -0.6292 -0.7635
vn 0.1492 -0.2872 -0.9462
vn 0.1314 0.1065 -0.9856
vn 0.1594 0.7893 -0.5930
vn 0.2556 -0.7602 -0.5973
vn 0.3192 -0.4575 -0.8299
vn 0.3350 -0.0810 -0.9387
vn 0.2988 0.3037 -0.9047
vn 0.2176 0.6424 -0.7348
vn 0.2083 -0.8720 -0.4429
vn 0.2933 -0.6196 -0.7280
vn 0.3335 -0.2754 -0.9016
vn 0.3228 0.1113 -0.9399
vn 0.4190 0.4914 -0.7635
vn 0.2695 0.7958 -0.5423
vn 0.3694 -0.7530 -0.5446
vn 0.4765 -0.4471 -0.7570
vn 0.5109 -0.0705 -0.8567
vn 0.4688 0.3142 -0.8255
vn 0.3557 0.6506 -0.6710
vn 0.2929 -0.8666 -0.4041
vn 0.4302 -0.6111 -0.6645
vn 0.5035 -0.2647 -0.8225
vn 0.4997 0.1217 -0.8576
vn 0.5589 0.5001 -0.6614
vn 0.3689 0.8018 -0.4701
vn 0.2517 -0.9442 -0.2124
vn 0.6673 -0.0613 -0.7423
vn 0.6192 0.3228 -0.7158
vn 0.4772 0.6591 -0.5812
vn 0.5524 -0.6031 -0.5754
vn 0.6540 -0.2549 -0.7123
vn 0.6566 0.1321 -0.7426
vn 0.4520 0.8071 -0.3799
vn 0.2901 -0.9416 -0.1711
vn 0.5535 -0.7409 -0.3804
vn 0.7316 -0.4287 -0.5301
vn 0.7986 -0.0527 -0.5995
vn 0.7457 0.3311 -0.5782
vn 0.5800 0.6657 -0.4695
vn 0.4305 -0.8577 -0.2810
vn 0.6552 -0.5965 -0.4635
vn 0.7801 -0.2453 -0.5755
vn 0.7872 0.1421 -0.6002
vn 0.7661 0.5133 -0.3867
vn 0.5147 0.8115 -0.2765
vn 0.3205 -0.9394 -0.1214
vn 0.6189 -0.7364 -0.2732
vn 0.8219 -0.4225 -0.3820
vn 0.9002 -0.0456 -0.4331
vn 0.6587 0.6710 -0.3405
vn 0.4791 -0.8544 -0.2013
vn 0.7343 -0.5906 -0.3346
vn 0.8773 -0.2392 -0.4161
vn 0.8882 0.1489 -0.4346
vn 0.8251 0.5182 -0.2252
vn 0.5559 0.8149 -0.1639
vn 0.3394 -0.9381 -0.0691
vn 0.6619 -0.7331 -0.1561
vn 0.8814 -0.4178 -0.2202
vn 0.9673 -0.0405 -0.2505
vn 0.9075 0.3426 -0.2429
vn 0.7107 0.6745 -0.1997
vn 0.5113 -0.8517 -0.1145
vn 0.7865 -0.5869 -0.1921
vn 0.9557 0.1531 -0.2514
vn 0.8519 0.5206 -0.0560
vn 0.5748 0.8171 -0.0447
vn 0.6813 -0.7312 -0.0335
vn 0.9083 -0.4155 -0.0496
vn 0.9976 -0.0373 -0.0576
vn 0.9369 0.3447 -0.0582
vn 0.7342 0.6770 -0.0511
vn 0.5253 -0.8506 -0.0237
vn 0.8100 -0.5850 -0.0418
vn 0.9714 -0.2314 -0.0540
vn 0.9860 0.1560 -0.0587
vn 0.8470 0.5190 0.1151
vn 0.5715 0.8170 0.0768
vn 0.3460 -0.9371 0.0459
vn 0.9015 -0.4148 0.1232
vn 0.9902 -0.0368 0.1349
vn 0.9297 0.3450 0.1289
vn 0.7288 0.6775 0.0994
vn 0.5215 -0.8504 0.0699
vn 0.8045 -0.5836 0.1104
vn 0.9786 0.1554 0.1347
vn 0.8084 0.5163 0.2826
vn 0.5439 0.8167 0.1926
vn 0.6475 -0.7316 0.2134
vn 0.8610 -0.4166 0.2917
vn 0.9452 -0.0387 0.3242
vn 0.8868 0.3437 0.3091
vn 0.6942 0.6775 0.2432
vn 0.7689 -0.5856 0.2565
vn 0.9207 -0.2320 0.3137
vn 0.9334 0.1552 0.3235
vn 0.7349 0.5141 0.4423
vn 0.4943 0.8156 0.3008
vn 0.3089 -0.9388 0.1524
vn 0.5953 -0.7347 0.3253
vn 0.8635 -0.0428 0.5026
vn 0.8092 0.3386 0.4802
vn 0.6324 0.6739 0.3819
vn 0.4610 -0.8531 0.2443
vn 0.7056 -0.5888 0.3944
vn 0.8423 -0.2359 0.4847
vn 0.8521 0.1516 0.5009
vn 0.6312 0.5102 0.5842
vn 0.4181 0.8099 0.4114
vn 0.2734 -0.9407 0.2009
vn 0.5220 -0.7384 0.4269
vn 0.6877 -0.4251 0.5885
vn 0.7490 -0.0490 0.6607
vn 0.6985 0.3329 0.6335
vn 0.5403 0.6669 0.5132
vn 0.4060 -0.8564 0.3189
vn 0.6163 -0.5933 0.5178
vn 0.7320 -0.2415 0.6370
vn 0.7373 0.1455 0.6597
vn 0.5041 0.5034 0.7017
vn 0.3275 0.8050 0.4946
vn 0.2344 -0.9429 0.2369
vn 0.5601 -0.4324 0.7066
vn 0.6059 -0.0566 0.7935
vn 0.5597 0.3257 0.7621
vn 0.4275 0.6626 0.6150
vn 0.3379 -0.8604 0.3816
vn 0.5052 -0.5995 0.6207
vn 0.5937 -0.2481 0.7654
vn 0.5934 0.1385 0.7929
vn 0.3562 0.4956 0.7922
vn 0.2228 0.7993 0.5581
vn 0.1853 -0.9457 0.2670
vn 0.3237 -0.7497 0.5772
vn 0.4122 -0.4395 0.7981
vn 0.4389 -0.0671 0.8960
vn 0.3989 0.3169 0.8605
vn 0.2982 0.6555 0.6938
vn 0.2586 -0.8646 0.4308
vn 0.4341 -0.2577 0.8632
vn 0.4270 0.1293 0.8950
vn 0.1939 0.4853 0.8526
vn 0.1110 0.7929 0.5992
vn 0.2063 -0.7568 0.6202
vn 0.2504 -0.4487 0.8579
vn 0.2540 -0.0777 0.9641
vn 0.2233 0.3061 0.9255
vn 0.1567 0.6473 0.7460
vn 0.1720 -0.8696 0.4628
vn 0.2328 -0.6154 0.7531
vn 0.2569 -0.2677 0.9286
vn 0.2429 0.1178 0.9629
vn 0.0236 0.4755 0.8794
vn 0.0742 -0.9523 0.2960
vn 0.0833 -0.7641 0.6398
vn 0.0797 -0.4594 0.8847
vn 0.0577 -0.0883 0.9944
vn 0.0391 0.2945 0.9549
vn 0.0080 0.6377 0.7702
vn 0.0804 -0.8751 0.4773
vn 0.0825 -0.6244 0.7767
vn 0.0730 -0.2774 0.9580
vn 0.0524 0.1010 0.9935
vn -0.1491 0.4653 0.8725
vn 0.0161 -0.9557 0.2939
vn -0.0416 -0.7715 0.6349
vn -0.0938 -0.4697 0.8778
vn -0.1269 -0.0980 0.9871
vn -0.1486 0.2837 0.9473
vn -0.0698 -0.6327 0.7712
vn -0.1151 -0.2882 0.9506
vn -0.1419 0.0899 0.9858
vn -0.3173 0.4551 0.8320
vn -0.2521 0.7706 0.5854
vn -0.0375 -0.9590 0.2811
vn -0.1631 -0.7788 0.6057
vn -0.2622 -0.4804 0.8370
vn -0.3184 -0.1095 0.9416
vn -0.3305 0.2732 0.9034
vn -0.2912 0.6200 0.7285
vn -0.1024 -0.8860 0.4521
vn -0.2168 -0.6417 0.7357
vn -0.2959 -0.3008 0.9066
vn -0.3301 0.0825 0.9403
vn -0.4746 0.4460 0.7588
vn -0.3626 0.7636 0.5342
vn -0.0916 -0.9623 0.2562
vn -0.2767 -0.7858 0.5531
vn -0.4188 -0.4899 0.7646
vn -0.4968 -0.1219 0.8592
vn -0.5010 0.2637 0.8243
vn -0.4294 0.6112 0.6649
vn -0.1876 -0.8911 0.4131
vn -0.4662 -0.3113 0.8281
vn -0.5090 0.0723 0.8577
vn -0.6137 0.4373 0.6573
vn -0.4614 0.7572 0.4624
vn -0.1364 -0.9651 0.2237
vn -0.3775 -0.7920 0.4797
vn -0.5585 -0.4991 0.6626
vn -0.6552 -0.1321 0.7438
vn -0.5526 0.6029 0.5754
vn -0.2625 -0.8958 0.3587
vn -0.6191 -0.3218 0.7163
vn -0.6666 0.0624 0.7428
vn -0.7320 0.4294 0.5289
vn -0.1764 -0.9677 0.1802
vn -0.4616 -0.7976 0.3883
vn -0.6760 -0.5072 0.5345
vn -0.7799 0.2458 0.5757
vn -0.6555 0.5964 0.4633
vn -0.3256 -0.8998 0.2904
vn -0.5799 -0.6644 0.4715
vn -0.7460 -0.3294 0.5788
vn -0.7991 0.0540 0.5988
vn -0.8213 0.4231 0.3827
vn -0.6081 0.7478 0.2664
vn -0.2049 -0.9696 0.1337
vn -0.5269 -0.8019 0.2815
vn -0.7665 -0.5126 0.3868
vn -0.8890 -0.1470 0.4336
vn -0.8778 0.2385 0.4155
vn -0.7340 0.5912 0.3342
vn -0.3734 -0.9032 0.2116
vn -0.6596 -0.6700 0.3407
vn -0.8436 -0.3366 0.4184
vn -0.8999 0.0472 0.4336
vn -0.8813 0.4182 0.2202
vn -0.6497 0.7447 0.1530
vn -0.2255 -0.9712 0.0772
vn -0.5701 -0.8049 0.1646
vn -0.8260 -0.5168 0.2252
vn -0.9422 0.2340 0.2399
vn -0.4058 -0.9055 0.1240
vn -0.7115 -0.6740 0.1990
vn -0.9079 -0.3417 0.2427
vn -0.9081 0.4157 0.0499
vn -0.6680 0.7433 0.0357
vn -0.2339 -0.9720 0.0238
vn -0.5894 -0.8067 0.0417
vn -0.8524 -0.5201 0.0545
vn -0.9860 -0.1554 0.0601
vn -0.9714 0.2309 0.0553
vn -0.8100 0.5849 0.0431
vn -0.4203 -0.9068 0.0326
vn -0.7349 -0.6765 0.0484
vn -0.9370 -0.3444 0.0578
vn -0.9976 0.0398 0.0575
vn -0.6337 0.7729 0.0333
vn -0.6156 0.7749 0.1432
vn -0.5753 0.7790 0.2494
vn -0.5175 0.7809 0.3498
vn -0.4387 0.7861 0.4354
vn -0.3458 0.7921 0.5030
vn -0.2424 0.7975 0.5525
vn -0.1296 0.8041 0.5802
vn -0.0139 0.8110 0.5848
vn 0.1004 0.8187 0.5654
vn 0.2044 0.8268 0.5240
vn 0.3017 0.8335 0.4629
vn 0.3862 0.8382 0.3851
vn 0.4566 0.8446 0.2797
vn 0.5046 0.8445 0.1796
vn 0.5327 0.8433 0.0716
vn 0.5381 0.8418 -0.0430
vn 0.5206 0.8396 -0.1552
vn 0.4815 0.8366 -0.2613
vn 0.4223 0.8324 -0.3589
vn 0.3438 0.8274 -0.4441
vn 0.2500 0.8216 -0.5123
vn 0.1463 0.8145 -0.5614
vn 0.0338 0.8084 -0.5877
vn -0.0814 0.8017 -0.5922
vn -0.1959 0.7955 -0.5734
vn -0.3026 0.7900 -0.5333
vn -0.4020 0.7838 -0.4734
vn -0.4876 0.7791 -0.3940
vn -0.5547 0.7763 -0.2995
vn -0.6032 0.7731 -0.1961
vn -0.6291 0.7726 -0.0854
vn -0.5269 0.8469 -0.0712
vn -0.6816 0.7264 -0.0882
vn -0.3514 0.9350 -0.0482
vn -0.6545 0.7272 -0.2070
vn -0.3395 0.9362 -0.0911
vn -0.5059 0.8493 -0.1508
vn -0.5999 0.7308 -0.3257
vn -0.3136 0.9381 -0.1473
vn -0.5250 0.7350 -0.4291
vn -0.2765 0.9403 -0.1983
vn -0.4103 0.8544 -0.3189
vn -0.4304 0.7418 -0.5142
vn -0.2322 0.9427 -0.2394
vn -0.3360 0.8583 -0.3879
vn -0.3240 0.7479 -0.5793
vn -0.1786 0.9457 -0.2716
vn -0.2572 0.8640 -0.4328
vn -0.2053 0.7550 -0.6227
vn -0.1220 0.9485 -0.2924
vn -0.1658 0.8689 -0.4664
vn -0.0832 0.7627 -0.6414
vn -0.0746 0.9515 -0.2984
vn -0.0815 0.8747 -0.4778
vn 0.0428 0.7704 -0.6362
vn -0.0144 0.9551 -0.2959
vn 0.0153 0.8804 -0.4740
vn 0.1624 0.7779 -0.6070
vn 0.0331 0.9577 -0.2860
vn 0.0999 0.8855 -0.4538
vn 0.2766 0.7847 -0.5548
vn 0.0839 0.9602 -0.2663
vn 0.1861 0.8910 -0.4141
vn 0.3773 0.7912 -0.4814
vn 0.1345 0.9640 -0.2296
vn 0.2594 0.8944 -0.3645
vn 0.4637 0.7968 -0.3873
vn 0.1857 0.9671 -0.1736
vn 0.3310 0.8990 -0.2867
vn 0.5285 0.8012 -0.2806
vn 0.2062 0.9692 -0.1346
vn 0.3744 0.9020 -0.2148
vn 0.5729 0.8037 -0.1608
vn 0.2275 0.9704 -0.0809
vn 0.4086 0.9046 -0.1214
vn 0.5887 0.8071 -0.0451
vn 0.2370 0.9713 -0.0198
vn 0.4209 0.9065 -0.0330
vn 0.5862 0.8062 0.0803
vn 0.2349 0.9716 0.0275
vn 0.4172 0.9071 0.0556
vn 0.5597 0.8045 0.1989
vn 0.2207 0.9715 0.0863
vn 0.3984 0.9060 0.1427
vn 0.5051 0.8033 0.3155
vn 0.1984 0.9712 0.1317
vn 0.3575 0.9048 0.2316
vn 0.4333 0.7999 0.4153
vn 0.1621 0.9693 0.1848
vn 0.3058 0.9019 0.3052
vn 0.3433 0.7937 0.5022
vn 0.1239 0.9675 0.2203
vn 0.2363 0.8985 0.3699
vn 0.2329 0.7879 0.5701
vn 0.0658 0.9643 0.2565
vn 0.1528 0.8945 0.4202
vn 0.1154 0.7813 0.6134
vn 0.0222 0.9619 0.2725
vn 0.0703 0.8899 0.4507
vn -0.0033 0.7719 0.6357
vn -0.0410 0.9583 0.2828
vn -0.0229 0.8844 0.4662
vn -0.1324 0.7641 0.6314
vn -0.0855 0.9558 0.2812
vn -0.1077 0.8798 0.4631
vn -0.2580 0.7564 0.6010
vn -0.1614 0.9510 0.2636
vn -0.2158 0.8729 0.4376
vn -0.3801 0.7483 0.5437
vn -0.2090 0.9475 0.2418
vn -0.2992 0.8668 0.3989
vn -0.4895 0.7397 0.4618
vn -0.2679 0.9430 0.1974
vn -0.3836 0.8589 0.3393
vn -0.5708 0.7368 0.3623
vn -0.3055 0.9393 0.1562
vn -0.4520 0.8522 0.2636
vn -0.6242 0.7319 0.2734
vn -0.3294 0.9373 0.1135
vn -0.4865 0.8501 0.2017
vn -0.6723 0.7248 0.1509
vn -0.3506 0.9350 0.0537
vn -0.5221 0.8468 0.1017
vn -0.6874 0.7255 0.0351
vn -0.3543 0.9350 0.0161
vn -0.5310 0.8468 0.0289
vn -0.8459 -0.5204 -0.1169
vn -0.9781 -0.1564 -0.1372
vn -0.9636 0.2339 -0.1297
vn -0.8018 0.5878 -0.1073
vn -0.4163 -0.9074 -0.0583
vn -0.7290 -0.6769 -0.1018
vn -0.9297 -0.3450 -0.1288
vn -0.9901 0.0455 -0.1329
vn -0.9003 0.4183 -0.1202
vn -0.6634 0.7432 -0.0871
vn -0.2315 -0.9723 -0.0329
vn -0.5842 -0.8075 -0.0820
vn -0.8609 0.4190 -0.2887
vn -0.6362 0.7439 -0.2044
vn -0.2177 -0.9719 -0.0894
vn -0.5554 -0.8063 -0.2034
vn -0.8047 -0.5201 -0.2862
vn -0.9327 -0.1554 -0.3255
vn -0.9197 0.2362 -0.3135
vn -0.7675 0.5890 -0.2529
vn -0.3947 -0.9066 -0.1494
vn -0.6934 -0.6759 -0.2497
vn -0.8857 -0.3437 -0.3123
vn -0.9441 0.0416 -0.3269
vn -0.7889 0.4216 -0.4471
vn -0.5858 0.7468 -0.3147
vn -0.1936 -0.9708 -0.1419
vn -0.5030 -0.8042 -0.3166
vn -0.7324 -0.5168 -0.4432
vn -0.8504 -0.1526 -0.5036
vn -0.8414 0.2375 -0.4855
vn -0.7058 0.5913 -0.3901
vn -0.3557 -0.9049 -0.2337
vn -0.6305 -0.6729 -0.3870
vn -0.8075 -0.3404 -0.4817
vn -0.8627 0.0445 -0.5038
vn -0.6875 0.4265 -0.5877
vn -0.5146 0.7495 -0.4164
vn -0.1606 -0.9691 -0.1874
vn -0.4296 -0.8004 -0.4182
vn -0.6315 -0.5112 -0.5830
vn -0.7320 0.2431 -0.6365
vn -0.6165 0.5941 -0.5167
vn -0.3012 -0.9021 -0.3091
vn -0.5409 -0.6687 -0.5102
vn -0.6970 -0.3352 -0.6339
vn -0.7489 0.0503 -0.6608
vn -0.5614 0.4336 -0.7049
vn -0.4242 0.7548 -0.5003
vn -0.3381 -0.7958 -0.5024
vn -0.5053 -0.5043 -0.7003
vn -0.5954 0.2506 -0.7633
vn -0.5061 0.6002 -0.6194
vn -0.2330 -0.8983 -0.3726
vn -0.4295 -0.6627 -0.6134
vn -0.5611 -0.3277 -0.7601
vn -0.6071 0.0574 -0.7926
vn -0.4146 0.4422 -0.7953
vn -0.3185 0.7606 -0.5657
vn -0.3579 -0.4971 -0.7905
vn -0.4300 -0.1287 -0.8936
vn -0.4370 0.2599 -0.8611
vn -0.3752 0.6084 -0.6993
vn -0.1538 -0.8940 -0.4209
vn -0.4024 -0.3201 -0.8577
vn -0.4428 0.0656 -0.8942
vn -0.2513 0.4522 -0.8558
vn -0.2044 0.7675 -0.6076
vn -0.0164 -0.9608 -0.2766
vn -0.1138 -0.7832 -0.6112
vn -0.1955 -0.4885 -0.8504
vn -0.2490 -0.1174 -0.9614
vn -0.2598 0.2729 -0.9263
vn -0.2331 0.6174 -0.7513
vn -0.0667 -0.8890 -0.4529
vn -0.1581 -0.6477 -0.7453
vn -0.2266 -0.3100 -0.9234
vn -0.2598 0.0774 -0.9625
vn -0.0795 0.4622 -0.8832
vn -0.0835 0.7744 -0.6272
vn -0.0615 -0.1074 -0.9923
vn -0.0738 0.2834 -0.9562
vn -0.0839 0.6257 -0.7756
vn 0.0254 -0.8836 -0.4676
vn -0.0380 -0.3004 -0.9531
vn -0.0643 0.0988 -0.9930
vn 0.0939 0.4742 -0.8754
vn 0.0396 0.7824 -0.6215
vn 0.0969 -0.9541 -0.2834
vn 0.1494 -0.4676 -0.8712
vn 0.1500 -0.0961 -0.9840
vn 0.1137 0.2944 -0.9489
vn 0.0684 0.6347 -0.7697
vn 0.1178 -0.8780 -0.4640
vn 0.1451 -0.6296 -0.7633
vn 0.1490 -0.2883 -0.9459
vn 0.1304 0.1098 -0.9854
vn 0.2618 0.4834 -0.8353
vn 0.1579 0.7894 -0.5932
vn 0.1540 -0.9505 -0.2698
vn 0.2553 -0.7604 -0.5971
vn 0.3188 -0.4575 -0.8301
vn 0.3350 -0.0844 -0.9384
vn 0.2978 0.3049 -0.9046
vn 0.2166 0.6429 -0.7346
vn 0.2083 -0.8722 -0.4426
vn 0.2927 -0.6201 -0.7279
vn 0.3340 -0.2753 -0.9015
vn 0.3236 0.1139 -0.9393
vn 0.4186 0.4913 -0.7638
vn 0.2682 0.7959 -0.5427
vn 0.2041 -0.9474 -0.2464
vn 0.3687 -0.7532 -0.5447
vn 0.4758 -0.4469 -0.7576
vn 0.5116 -0.0733 -0.8561
vn 0.4682 0.3141 -0.8259
vn 0.3539 0.6510 -0.6715
vn 0.2926 -0.8669 -0.4035
vn 0.5031 -0.2646 -0.8227
vn 0.4983 0.1229 -0.8583
vn 0.5581 0.4999 -0.6623
vn 0.3672 0.8018 -0.4715
vn 0.2518 -0.9443 -0.2118
vn 0.4697 -0.7464 -0.4715
vn 0.6148 -0.4368 -0.6567
vn 0.6673 -0.0617 -0.7422
vn 0.6185 0.3227 -0.7165
vn 0.4762 0.6589 -0.5824
vn 0.3672 -0.8622 -0.3489
vn 0.6748 0.5072 -0.5361
vn 0.4510 0.8071 -0.3810
vn 0.2901 -0.9416 -0.1708
vn 0.5535 -0.7412 -0.3799
vn 0.7315 -0.4288 -0.5301
vn 0.7980 -0.0530 -0.6003
vn 0.7448 0.3306 -0.5796
vn 0.5790 0.6653 -0.4713
vn 0.4306 -0.8579 -0.2802
vn 0.7800 -0.2455 -0.5756
vn 0.7865 0.1417 -0.6011
vn 0.7654 0.5132 -0.3883
vn 0.5144 0.8123 -0.2751
vn 0.3206 -0.9395 -0.1203
vn 0.6191 -0.7363 -0.2731
vn 0.8218 -0.4222 -0.3825
vn 0.8999 -0.0469 -0.4336
vn 0.8431 0.3369 -0.4192
vn 0.6581 0.6716 -0.3404
vn 0.4792 -0.8544 -0.2011
vn 0.7344 -0.5904 -0.3348
vn 0.8771 -0.2391 -0.4165
vn 0.8258 0.5169 -0.2255
vn 0.5564 0.8152 -0.1611
vn 0.3388 -0.9383 -0.0701
vn 0.6622 -0.7329 -0.1562
vn 0.8818 -0.4170 -0.2202
vn 0.9076 0.3419 -0.2436
vn 0.7103 0.6757 -0.1975
vn 0.5114 -0.8517 -0.1148
vn 0.7866 -0.5867 -0.1924
vn 0.9424 -0.2337 -0.2392
vn 0.9555 0.1531 -0.2521
vn 0.8525 0.5199 -0.0541
vn 0.5754 0.8168 -0.0416
vn 0.3485 -0.9373 -0.0101
vn 0.6817 -0.7309 -0.0337
vn 0.9088 -0.4142 -0.0501
vn 0.9977 -0.0383 -0.0559
vn 0.9372 0.3439 -0.0587
vn 0.7341 0.6772 -0.0496
vn 0.5256 -0.8504 -0.0231
vn 0.8101 -0.5847 -0.0419
vn 0.9716 -0.2302 -0.0547
vn 0.9863 0.1541 -0.0597
vn 0.8457 0.5206 0.1173
vn 0.5709 0.8171 0.0801
vn 0.3461 -0.9372 0.0436
vn 0.6768 -0.7305 0.0910
vn 0.9023 -0.4134 0.1223
vn 0.9905 -0.0363 0.1324
vn 0.9302 0.3437 0.1287
vn 0.7288 0.6772 0.1018
vn 0.5222 -0.8500 0.0698
vn 0.8050 -0.5832 0.1091
vn 0.9647 -0.2286 0.1309
vn 0.9789 0.1530 0.1351
vn 0.8061 0.5186 0.2851
vn 0.5436 0.8157 0.1979
vn 0.3319 -0.9378 0.1021
vn 0.8621 -0.4153 0.2902
vn 0.9458 -0.0377 0.3226
vn 0.8872 0.3413 0.3106
vn 0.6939 0.6759 0.2483
vn 0.5001 -0.8511 0.1599
vn 0.9216 -0.2313 0.3117
vn 0.9341 0.1544 0.3220
vn 0.7340 0.5155 0.4421
vn 0.4926 0.8135 0.3092
vn 0.3095 -0.9389 0.1510
vn 0.5956 -0.7346 0.3250
vn 0.7902 -0.4190 0.4473
vn 0.8649 -0.0417 0.5002
vn 0.8090 0.3392 0.4800
vn 0.6306 0.6727 0.3871
vn 0.4614 -0.8531 0.2435
vn 0.7064 -0.5877 0.3943
vn 0.8431 -0.2351 0.4836
vn 0.8529 0.1509 0.4997
vn 0.6320 0.5104 0.5832
vn 0.4204 0.8096 0.4098
vn 0.2746 -0.9408 0.1986
vn 0.5219 -0.7388 0.4264
vn 0.6885 -0.4250 0.5877
vn 0.6986 0.3333 0.6332
vn 0.5415 0.6685 0.5098
vn 0.4067 -0.8561 0.3189
vn 0.6175 -0.5932 0.5166
vn 0.7380 0.1449 0.6590
vn 0.5053 0.5035 0.7009
vn 0.3310 0.8047 0.4928
vn 0.2329 -0.9430 0.2375
vn 0.4301 -0.7439 0.5116
vn 0.5607 -0.4313 0.7068
vn 0.6058 -0.0569 0.7936
vn 0.5607 0.3257 0.7613
vn 0.4303 0.6620 0.6136
vn 0.3385 -0.8599 0.3821
vn 0.5059 -0.5992 0.6205
vn 0.5945 -0.2482 0.7648
vn 0.5941 0.1371 0.7926
vn 0.3566 0.4951 0.7923
vn 0.2263 0.7986 0.5578
vn 0.1845 -0.9458 0.2672
vn 0.3235 -0.7499 0.5770
vn 0.4120 -0.4386 0.7987
vn 0.4366 -0.0643 0.8973
vn 0.3982 0.3163 0.8610
vn 0.3003 0.6546 0.6938
vn 0.2589 -0.8646 0.4306
vn 0.3752 -0.6073 0.7003
vn 0.4339 -0.2582 0.8632
vn 0.4266 0.1275 0.8954
vn 0.1935 0.4844 0.8532
vn 0.1104 0.7921 0.6003
vn 0.2062 -0.7569 0.6202
vn 0.2492 -0.4475 0.8589
vn 0.2523 -0.0746 0.9648
vn 0.2224 0.3052 0.9260
vn 0.1556 0.6467 0.7467
vn 0.1727 -0.8695 0.4628
vn 0.2320 -0.6153 0.7534
vn 0.2545 -0.2679 0.9292
vn 0.0212 0.4738 0.8804
vn -0.0122 0.7840 0.6206
vn 0.0744 -0.9524 0.2957
vn 0.0836 -0.7637 0.6402
vn 0.0799 -0.4583 0.8852
vn 0.0556 -0.0860 0.9947
vn 0.0382 0.2936 0.9552
vn 0.0064 0.6375 0.7704
vn 0.0807 -0.8750 0.4774
vn 0.0822 -0.6237 0.7774
vn 0.0724 -0.2764 0.9583
vn 0.0514 0.0973 0.9939
vn -0.1525 0.4664 0.8713
vn 0.0173 -0.9558 0.2937
vn -0.0410 -0.7709 0.6356
vn -0.0934 -0.4688 0.8784
vn -0.1236 -0.0973 0.9875
vn -0.1497 0.2825 0.9475
vn -0.1463 0.6281 0.7643
vn -0.0120 -0.8806 0.4737
vn -0.0691 -0.6319 0.7720
vn -0.1150 -0.2867 0.9511
vn -0.1429 0.0869 0.9859
vn -0.3212 0.4574 0.8292
vn -0.2569 0.7697 0.5845
vn -0.0372 -0.9592 0.2804
vn -0.1630 -0.7784 0.6063
vn -0.3183 -0.1103 0.9416
vn -0.3336 0.2717 0.9027
vn -0.2968 0.6180 0.7280
vn -0.2162 -0.6411 0.7363
vn -0.2953 -0.2997 0.9072
vn -0.3310 0.0827 0.9400
vn -0.4769 0.4469 0.7569
vn -0.3717 0.7618 0.5306
vn -0.2759 -0.7855 0.5540
vn -0.4184 -0.4889 0.7655
vn -0.4980 -0.1199 0.8589
vn -0.5043 0.2666 0.8213
vn -0.4353 0.6095 0.6626
vn -0.1867 -0.8912 0.4134
vn -0.3535 -0.6500 0.6727
vn -0.4663 -0.3104 0.8284
vn -0.5101 0.0719 0.8571
vn -0.6160 0.4377 0.6550
vn -0.4683 0.7581 0.4538
vn -0.1356 -0.9652 0.2234
vn -0.3774 -0.7917 0.4803
vn -0.5586 -0.4988 0.6626
vn -0.6556 -0.1305 0.7438
vn -0.6550 0.2572 0.7105
vn -0.5567 0.6069 0.5672
vn -0.2624 -0.8958 0.3588
vn -0.4774 -0.6579 0.5825
vn -0.6195 -0.3206 0.7165
vn -0.6688 0.0624 0.7408
vn -0.7339 0.4286 0.5270
vn -0.5492 0.7518 0.3650
vn -0.4622 -0.7971 0.3887
vn -0.6768 -0.5056 0.5350
vn -0.7874 -0.1392 0.6005
vn -0.7801 0.2492 0.5740
vn -0.6559 0.6009 0.4569
vn -0.3250 -0.8998 0.2910
vn -0.5799 -0.6643 0.4715
vn -0.7471 -0.3278 0.5783
vn -0.7998 0.0576 0.5975
vn -0.8229 0.4240 0.3782
vn -0.6102 0.7503 0.2543
vn -0.2040 -0.9697 0.1343
vn -0.5269 -0.8014 0.2830
vn -0.7673 -0.5111 0.3874
vn -0.8890 -0.1473 0.4336
vn -0.8776 0.2412 0.4143
vn -0.7333 0.5976 0.3243
vn -0.3731 -0.9032 0.2122
vn -0.6590 -0.6701 0.3417
vn -0.8442 -0.3347 0.4186
vn -0.8997 0.0491 0.4337
vn -0.8801 0.4218 0.2181
vn -0.6480 0.7467 0.1504
vn -0.2243 -0.9713 0.0787
vn -0.5699 -0.8048 0.1659
vn -0.8260 -0.5162 0.2264
vn -0.9558 -0.1523 0.2514
vn -0.9413 0.2389 0.2384
vn -0.7830 0.5916 0.1923
vn -0.4052 -0.9056 0.1254
vn -0.7115 -0.6737 0.1996
vn -0.9081 -0.3402 0.2442
vn -0.9673 0.0442 0.2499
vn -0.9065 0.4192 0.0501
vn -0.6636 0.7470 0.0412
vn -0.2336 -0.9721 0.0220
vn -0.5890 -0.8070 0.0424
vn -0.8525 -0.5197 0.0556
vn -0.9861 -0.1541 0.0618
vn -0.9706 0.2342 0.0561
vn -0.8074 0.5883 0.0441
vn -0.4198 -0.9070 0.0324
vn -0.7351 -0.6761 0.0502
vn -0.9371 -0.3439 0.0594
vn -0.9974 0.0448 0.0572
vn -0.6333 0.7729 0.0397
vn -0.6207 0.7709 0.1428
vn -0.5823 0.7768 0.2399
vn -0.5242 0.7785 0.3451
vn -0.4480 0.7844 0.4290
vn -0.3571 0.7867 0.5036
vn -0.2483 0.7934 0.5558
vn -0.1307 0.8031 0.5813
vn -0.0158 0.8102 0.5859
vn 0.2089 0.8244 0.5260
vn 0.3082 0.8301 0.4647
vn 0.3927 0.8345 0.3866
vn 0.4603 0.8387 0.2911
vn 0.5073 0.8416 0.1854
vn 0.5326 0.8431 0.0746
vn 0.5374 0.8424 -0.0400
vn 0.5194 0.8410 -0.1517
vn 0.4808 0.8375 -0.2598
vn 0.4207 0.8329 -0.3596
vn 0.3420 0.8278 -0.4448
vn 0.2487 0.8219 -0.5124
vn 0.1448 0.8151 -0.5610
vn 0.0330 0.8091 -0.5868
vn -0.0830 0.8021 -0.5914
vn -0.1970 0.7953 -0.5734
vn -0.3046 0.7891 -0.5334
vn -0.4047 0.7830 -0.4724
vn -0.4898 0.7779 -0.3937
vn -0.5584 0.7743 -0.2978
vn -0.6059 0.7717 -0.1935
vn -0.6292 0.7729 -0.0827
s 1
f 4//1 2//1 1//1
f 8//2 6//2 5//2
f 13//3 15//3 14//3
f 17//4 19//4 18//4
f 32//5 30//5 29//5
f 36//6 34//6 33//6
f 37//7 39//7 38//7
f 21//8 23//8 20//8
f 25//9 27//9 24//9
f 41//10 43//10 42//10
f 48//11 46//11 45//11
f 52//12 50//12 49//12
f 53//13 55//14 54//15
f 60//16 58//17 57//16
f 29//18 62//18 61//18
f 66//19 64//19 63//19
f 67//20 6//20 68//20
f 72//21 70//21 69//21
f 76//22 74//22 73//22
f 77//23 79//23 78//23
f 81//24 83//24 82//24
f 59//25 86//25 85//25
f 88//26 90//26 89//26
f 96//27 94//27 93//27
f 100//28 98//28 97//28
f 101//29 103//29 102//29
f 106//30 34//30 87//30
f 108//31 115//32 107//33
f 117//34 36//34 118//34
f 124//35 126//35 125//35
f 131//36 129//36 128//36
f 132//37 134//37 133//37
f 142//38 140//38 139//38
f 148//39 60//39 147//39
f 144//40 127//40 124//40
f 149//41 151//41 150//41
f 156//42 154//42 153//42
f 159//43 158//43 157//43
f 116//44 164//44 105//44
f 171//45 169//45 168//45
f 174//46 173//46 172//46
f 179//47 181//47 180//47
f 186//48 188//48 187//48
f 194//49 196//49 195//49
f 199//50 139//50 198//50
f 206//51 208//51 207//51
f 213//52 211//52 210//52
f 202//53 214//53 201//53
f 96//54 216//54 54//54
f 92//55 43//55 44//55
f 97//56 246//56 100//56
f 250//57 229//57 228//57
f 252//58 58//58 253//58
f 258//59 256//59 255//59
f 260//60 229//60 259//60
f 110//61 112//61 113//61
f 114//62 263//62 109//62
f 265//63 267//63 266//63
f 56//64 270//64 269//64
f 274//65 249//65 250//65
f 185//66 63//66 64//66
f 280//67 278//67 276//67
f 285//68 283//68 157//68
f 288//69 211//69 212//69
f 141//70 92//70 46//70
f 289//71 175//71 176//71
f 148//72 105//72 106//72
f 312//73 170//73 171//73
f 238//74 42//74 43//74
f 318//75 160//76 317//77
f 310//78 308//78 307//78
f 241//79 325//79 324//79
f 160//80 240//81 317//82
f 47//83 307//83 308//83
f 108//84 315//84 164//84
f 345//85 86//85 119//85
f 348//86 350//87 349//88
f 356//89 358//89 357//89
f 355//90 353//90 352//90
f 363//91 32//91 362//91
f 149//92 150//92 176//92
f 364//93 253//93 365//93
f 366//94 368//94 367//94
f 183//95 371//95 63//95
f 163//96 161//96 160//96
f 209//97 101//97 208//97
f 378//98 165//98 166//98
f 379//99 381//99 380//99
f 383//100 3//101 4//102
f 284//103 386//103 385//103
f 387//104 389//104 388//104
f 391//105 229//105 249//105
f 73//106 397//106 396//106
f 405//107 407//107 406//107
f 203//108 411//108 410//108
f 414//109 413//109 412//109
f 1//110 357//110 4//110
f 277//111 131//111 275//111
f 254//112 57//112 58//112
f 358//113 415//113 351//113
f 417//114 386//114 408//114
f 401//115 192//116 420//117
f 419//118 127//118 143//118
f 421//119 182//119 422//119
f 103//120 302//120 409//120
f 428//121 368//121 174//121
f 380//122 359//122 356//122
f 62//123 266//123 323//123
f 140//124 431//124 430//124
f 357//125 351//125 348//125
f 356//126 379//126 380//126
f 415//127 403//127 434//127
f 437//128 436//128 435//128
f 438//129 440//129 439//129
f 188//130 450//130 449//130
f 452//131 454//131 453//131
f 265//132 181//132 421//132
f 224//133 64//133 225//133
f 237//134 213//134 427//134
f 275//135 128//135 458//135
f 281//136 460//136 459//136
f 50//137 79//137 461//137
f 73//138 282//138 281//138
f 468//139 466//139 465//139
f 390//140 352//140 359//140
f 482//141 484//141 483//141
f 489//142 487//142 486//142
f 493//143 495//143 494//143
f 472//144 470//144 469//144
f 502//145 500//145 499//145
f 220//146 222//146 223//146
f 512//147 143//147 66//147
f 518//148 511//148 80//148
f 513//149 230//149 286//149
f 205//150 31//150 244//150
f 189//151 451//151 188//151
f 163//152 532//152 8//152
f 533//153 225//153 251//153
f 446//154 447//154 412//154
f 335//155 540//155 334//155
f 544//156 546//156 545//156
f 329//157 291//157 292//157
f 199//158 262//158 238//158
f 385//159 416//159 550//159
f 532//160 191//160 247//160
f 363//161 118//161 243//161
f 236//162 237//162 250//162
f 578//163 580//163 579//163
f 573//164 571//164 570//164
f 561//165 562//165 272//165
f 241//166 259//166 240//166
f 590//167 592//167 591//167
f 545//168 595//168 594//168
f 503//169 155//169 504//169
f 606//170 624//170 623//170
f 478//171 480//171 479//171
f 646//172 648//172 647//172
f 590//173 689//173 684//173
f 564//174 651//174 650//174
f 728//175 184//175 727//175
f 714//176 716//176 715//176
f 692//177 575//177 693//177
f 541//178 581//178 578//178
f 346//179 248//179 400//179
f 161//180 230//180 160//180
f 128//181 94//181 95//181
f 698//182 704//182 703//182
f 574//183 576//184 575//185
f 290//186 401//186 328//186
f 630//187 725//187 726//187
f 733//188 735//188 734//188
f 755//189 496//189 493//189
f 759//190 481//190 760//190
f 757//191 762//191 761//191
f 764//192 466//192 467//192
f 768//193 3808//194 3809//195
f 759//196 488//196 489//196
f 492//197 475//197 771//197
f 474//198 769//198 473//198
f 773//199 465//199 772//199
f 771//200 486//200 483//200
f 484//201 775//201 491//201
f 774//202 489//202 486//202
f 495//203 764//203 756//203
f 495//204 761//204 494//204
f 137//205 784//205 136//205
f 325//206 797//207 547//208
f 165//209 51//209 52//209
f 369//210 29//210 370//210
f 730//211 568//211 569//211
f 90//212 301//212 89//212
f 243//213 516//213 242//213
f 800//214 806//215 805//216
f 817//217 808//217 816//217
f 816//218 823//218 822//218
f 306//219 447//219 807//219
f 815//220 809//220 808//220
f 829//221 828//221 825//221
f 726//222 501//222 502//222
f 274//223 424//223 423//223
f 879//224 881//224 880//224
f 884//225 879//225 885//225
f 219//226 217//226 211//226
f 906//227 904//227 897//227
f 455//228 205//228 542//228
f 898//229 830//230 829//231
f 903//232 880//232 881//232
f 906//233 897//233 898//233
f 377//234 519//234 165//234
f 923//235 948//236 946//237
f 946//238 951//238 950//238
f 3519//239 739//239 3517//239
f 900//240 886//240 880//240
f 225//241 65//241 144//241
f 182//242 442//242 422//242
f 809//243 947//244 824//245
f 954//246 962//246 961//246
f 927//247 965//247 966//247
f 885//248 880//248 886//248
f 925//249 966//250 967//251
f 343//252 341//252 340//252
f 965//253 971//253 968//253
f 968//254 970//254 969//254
f 972//255 969//256 973//257
f 963//258 981//258 978//258
f 336//259 338//259 339//259
f 992//260 827//261 828//262
f 810//263 996//263 959//263
f 1007//264 1002//265 1008//266
f 1012//267 827//268 1009//269
f 1011//270 1007//271 1008//272
f 294//273 292//273 291//273
f 907//274 920//274 919//274
f 1017//275 1019//275 1018//275
f 1020//276 1022//276 1021//276
f 1035//277 1020//277 1044//277
f 1061//278 1047//278 1046//278
f 1063//279 1046//279 1062//279
f 1044//280 1021//280 1045//280
f 1102//281 1097//281 1109//281
f 1116//282 1118//282 1117//282
f 1016//283 1014//283 1013//283
f 881//284 904//284 903//284
f 816//285 1127//285 817//285
f 1094//286 949//286 1097//286
f 514//287 167//287 515//287
f 146//288 81//288 82//288
f 1133//289 1130//289 1129//289
f 1102//290 1126//291 822//292
f 822//293 1116//294 816//295
f 1145//296 1148//296 1136//296
f 1076//297 1151//297 1069//297
f 1148//298 1086//298 1087//298
f 1109//299 1114//299 1136//299
f 1154//300 1156//300 1155//300
f 1153//301 967//301 1156//301
f 3464//302 463//302 3714//302
f 1144//303 1152//303 1151//303
f 1156//304 1163//304 1162//304
f 1164//305 1169//306 1165//307
f 1145//308 1176//308 1147//308
f 1114//309 1154//309 1171//309
f 1183//310 1164//310 1177//310
f 1184//311 1177//311 1185//311
f 1069//312 1062//312 1064//312
f 1023//313 1194//313 1022//313
f 1162//314 1170//314 1169//314
f 1195//315 1185//316 1191//317
f 1183//318 1176//319 1155//320
f 1201//321 1152//321 1196//321
f 1061//322 1201//323 1202//324
f 3825//325 843//325 3836//325
f 1203//326 1195//326 1034//326
f 1202//327 1184//327 1195//327
f 1218//328 1203//328 1217//328
f 1060//329 1202//329 1203//329
f 1225//330 1217//330 1219//330
f 671//331 694//332 670//333
f 1219//334 1024//334 1035//334
f 1217//335 1034//335 1024//335
f 1226//336 1015//336 1227//336
f 1243//337 1234//337 1233//337
f 1231//338 1229//338 1228//338
f 847//339 1233//339 843//339
f 843//340 1244//340 878//340
f 1233//341 1245//341 1244//341
f 1923//342 233//342 216//342
f 2100//343 499//343 500//343
f 3914//344 2135//344 3900//344
f 61//345 323//345 505//345
f 210//346 217//346 457//346
f 1299//347 1309//348 1300//349
f 3863//350 1231//350 3862//350
f 1066//351 1321//351 1322//351
f 1322//352 1228//353 1229//354
f 1060//355 1321//355 1047//355
f 1325//356 1323//357 1310//358
f 1244//359 1332//359 1330//359
f 1290//360 1242//360 1288//360
f 1337//361 1339//361 1338//361
f 1330//362 1340//363 1339//364
f 1341//365 1245//365 1294//365
f 1342//366 1332//366 1341//366
f 1343//367 1341//367 1344//367
f 1344//368 1294//368 1293//368
f 3857//369 1345//369 1346//369
f 1347//370 1342//370 1343//370
f 3856//371 1295//372 1345//373
f 1349//374 1348//374 1347//374
f 3861//375 1347//375 3853//375
f 3853//376 1343//376 3857//376
f 906//377 829//377 1353//377
f 905//378 1353//378 1354//378
f 865//379 1355//379 1357//379
f 1355//380 829//380 825//380
f 1357//381 825//381 826//381
f 1356//382 1353//382 1355//382
f 3834//383 1338//383 3833//383
f 866//384 1356//385 865//386
f 1358//387 1354//387 1356//387
f 3828//388 1337//389 3834//390
f 838//391 1012//391 841//391
f 1363//392 1338//392 1339//392
f 1368//393 1339//393 1340//393
f 1348//394 1340//395 1342//396
f 1371//397 3824//398 3829//399
f 524//400 526//400 523//400
f 528//401 530//401 527//401
f 1372//402 1369//402 1371//402
f 535//403 537//404 538//405
f 1367//406 1348//407 1350//408
f 1370//409 1359//410 1369//411
f 1369//412 3833//412 3824//412
f 1373//413 903//413 904//413
f 555//414 557//414 558//414
f 1374//415 910//415 1373//415
f 1373//416 905//416 1375//416
f 1374//417 1375//417 1376//417
f 1375//418 1354//419 1370//409
f 1378//420 908//420 1377//420
f 376//421 651//421 1387//421
f 1388//422 973//422 969//422
f 586//423 588//423 585//423
f 1390//424 1388//425 1391//426
f 1391//427 969//427 970//427
f 597//428 599//428 596//428
f 600//429 602//429 603//429
f 1392//430 970//430 979//430
f 608//431 610//431 607//431
f 612//432 523//432 611//432
f 614//433 616//434 613//435
f 617//436 25//436 24//436
f 620//437 622//438 619//439
f 1397//440 1391//440 1392//440
f 1398//441 1392//441 1399//441
f 1400//442 920//442 1378//442
f 1402//443 1165//443 1169//443
f 636//444 638//444 635//444
f 930//445 1402//445 929//445
f 641//446 643//446 644//446
f 929//447 1169//447 1170//447
f 1404//448 1403//448 1402//448
f 1411//449 1365//449 1406//449
f 1412//450 1415//450 1414//450
f 652//451 654//451 655//451
f 609//452 657//452 658//452
f 659//453 661//453 662//453
f 558//454 586//454 585//454
f 665//455 667//455 664//455
f 1413//456 1406//456 1412//456
f 1418//457 3810//457 3813//457
f 1417//458 1371//458 1416//458
f 1416//459 3829//459 3810//459
f 1419//460 1416//460 1418//460
f 1386//461 1374//461 1420//461
f 677//462 679//462 676//462
f 1385//463 1420//463 1421//463
f 1420//464 1376//464 1422//464
f 685//465 687//465 688//465
f 1421//466 1422//466 1423//466
f 528//467 691//467 658//467
f 1422//468 1372//468 1417//468
f 1018//469 747//469 1425//469
f 699//470 701//470 702//470
f 1424//471 579//471 1017//471
f 3663//472 1767//473 3660//474
f 700//475 711//475 712//475
f 1093//476 3754//476 1571//476
f 717//477 530//477 719//477
f 721//478 723//478 720//478
f 704//479 3543//479 3554//479
f 19//480 1426//480 1430//480
f 1429//481 1427//481 1426//481
f 1658//482 3542//482 3544//482
f 1439//483 1434//483 1438//483
f 1437//484 1435//484 1434//484
f 1426//485 1433//485 1432//485
f 1442//486 1432//486 1440//486
f 742//487 744//487 745//487
f 1432//488 1441//488 1440//488
f 751//489 753//489 750//489
f 1438//490 1403//490 1405//490
f 1446//491 1444//491 1443//491
f 1447//492 1446//492 1443//492
f 3860//493 1443//493 3848//493
f 1415//494 1445//494 1446//494
f 1414//495 1446//495 1448//495
f 2173//496 469//496 470//496
f 777//497 779//497 686//497
f 780//498 782//498 783//498
f 1676//499 1806//499 1675//499
f 3859//500 1349//500 3861//500
f 789//501 791//501 788//501
f 745//502 793//502 742//502
f 652//503 795//503 653//503
f 1455//504 1457//504 1456//504
f 1454//505 1350//505 1452//505
f 610//506 802//506 801//506
f 3831//507 698//508 703//509
f 1352//510 1045//510 1351//510
f 1015//511 1459//511 1460//511
f 811//512 813//512 814//512
f 2118//513 3817//513 2117//513
f 819//514 821//514 818//514
f 1466//515 1194//515 1190//515
f 1467//516 1465//516 1466//516
f 1182//517 1468//517 1467//517
f 832//518 833//518 831//518
f 835//519 837//519 834//519
f 1467//520 1190//520 1182//520
f 1469//521 1444//521 1445//521
f 840//522 712//522 690//522
f 1453//523 1469//524 1454//525
f 599//526 845//526 846//526
f 1226//527 3849//527 3855//527
f 851//528 853//528 850//528
f 855//529 856//529 854//529
f 858//530 860//530 857//530
f 861//531 863//531 864//531
f 1014//532 3855//532 3858//532
f 867//533 868//533 869//533
f 870//534 872//534 873//534
f 874//535 876//535 877//535
f 1310//536 1471//536 1309//536
f 1476//537 1427//538 1475//539
f 1461//540 1475//540 1460//540
f 887//541 889//541 890//541
f 788//542 892//542 891//542
f 894//543 896//543 893//543
f 1460//544 1227//544 1015//544
f 901//545 524//545 612//545
f 1465//546 1477//546 1464//546
f 1865//547 3500//547 1864//547
f 911//548 913//548 914//548
f 916//549 918//549 915//549
f 1850//550 3507//551 1851//552
f 921//553 895//553 894//553
f 1479//554 1436//555 1478//556
f 926//557 667//557 601//557
f 1481//558 563//558 1480//558
f 269//559 84//560 1482//561
f 931//562 933//562 916//562
f 934//563 614//563 869//563
f 936//564 688//564 937//564
f 938//565 662//566 939//567
f 1484//568 122//568 123//568
f 941//569 835//569 834//569
f 320//570 509//570 510//570
f 1849//571 3505//571 1850//571
f 84//572 1484//572 83//572
f 1487//573 1488//573 539//573
f 1757//574 3502//574 3509//574
f 365//575 1491//575 364//575
f 461//576 80//576 511//576
f 117//577 362//578 1496//579
f 1494//580 541//581 1495//582
f 926//583 957//583 958//583
f 1477//584 1433//584 1476//584
f 1709//585 1585//585 1700//585
f 119//586 1496//586 345//586
f 271//587 504//587 156//587
f 511//588 189//588 186//588
f 345//589 1492//589 365//589
f 255//590 344//591 254//592
f 57//593 299//593 132//593
f 1501//594 268//594 1500//594
f 267//595 1499//595 145//595
f 974//596 976//596 977//596
f 1678//597 1693//597 1676//597
f 3846//598 1807//598 3840//598
f 557//599 663//599 558//599
f 983//600 984//600 985//600
f 1443//601 3849//601 3848//601
f 421//602 268//602 265//602
f 989//603 991//604 988//605
f 1490//606 418//606 1504//606
f 279//607 309//607 310//607
f 997//608 676//609 679//610
f 998//611 999//611 875//611
f 1504//612 38//612 1505//612
f 1506//613 1507//613 1486//613
f 360//614 1508//614 1506//614
f 1506//615 207//615 360//615
f 939//567 1006//616 938//565
f 270//617 1483//617 269//617
f 66//618 546//618 512//618
f 1010//619 793//619 935//619
f 367//620 437//620 1509//620
f 244//621 363//621 243//621
f 1670//622 3534//622 1669//622
f 209//623 1510//623 226//623
f 235//624 1512//624 1511//624
f 1511//625 234//625 235//625
f 388//626 426//626 425//626
f 427//627 250//627 237//627
f 161//628 521//628 231//628
f 100//629 45//629 44//629
f 1025//630 608//630 1027//630
f 1029//631 1031//631 1028//631
f 939//632 1033//632 1032//632
f 41//633 594//633 99//633
f 1036//634 783//634 1037//634
f 702//635 1038//635 1039//635
f 1040//636 1042//636 1043//636
f 362//637 369//637 1493//637
f 187//638 477//639 186//640
f 70//641 539//641 198//641
f 1511//642 1521//642 234//642
f 1049//643 603//643 1048//643
f 613//644 869//644 614//644
f 860//645 1051//645 857//645
f 1005//646 1053//646 1006//646
f 753//647 1056//647 1054//647
f 1057//648 1059//648 1055//648
f 293//649 1522//649 292//649
f 288//650 1521//651 1522//652
f 292//653 1523//653 329//653
f 331//654 1508//654 1524//654
f 306//655 453//655 305//655
f 100//656 41//656 99//656
f 462//657 78//657 79//657
f 330//658 1524//658 462//658
f 635//659 1068//659 636//659
f 1485//660 1526//660 1528//660
f 206//661 1528//661 1510//661
f 1070//662 1072//662 831//662
f 942//663 1073//663 1074//663
f 916//664 1075//664 917//664
f 440//665 1530//665 439//665
f 157//666 1514//666 285//666
f 1529//667 5//667 1530//667
f 371//668 546//668 63//668
f 790//669 663//669 791//669
f 1077//670 857//670 1078//670
f 1403//671 1435//671 1165//671
f 1080//672 1082//672 1079//672
f 531//673 1529//673 440//673
f 21//674 1084//674 1085//674
f 272//675 1531//675 561//675
f 137//676 396//676 397//676
f 690//677 802//678 691//679
f 335//680 3567//680 581//680
f 1090//681 1029//681 1091//681
f 1092//682 794//682 1042//682
f 1533//683 137//684 138//685
f 661//686 1095//686 1096//686
f 69//687 445//687 72//687
f 1099//688 1101//688 1098//688
f 38//689 1536//689 1505//689
f 1104//690 1106//690 1103//690
f 852//691 1108//691 853//691
f 1377//692 909//692 1386//692
f 291//693 411//693 294//693
f 316//694 516//694 33//694
f 539//695 1533//696 534//697
f 1505//698 316//698 313//698
f 1110//699 1112//699 1113//699
f 1539//700 460//700 264//700
f 522//701 1537//701 1539//701
f 834//702 1120//702 1119//702
f 1122//703 1124//704 1121//705
f 612//706 1041//706 901//706
f 935//707 615//707 614//707
f 276//708 130//708 131//708
f 1686//709 3522//709 1685//709
f 193//710 1541//710 273//710
f 231//711 1540//711 287//711
f 556//712 982//712 557//712
f 365//713 85//713 345//713
f 190//714 318//715 1541//716
f 1810//717 3574//717 3528//717
f 3924//718 3512//719 3791//720
f 1132//721 985//721 1131//721
f 208//722 102//722 132//722
f 1134//723 662//724 661//725
f 1491//726 80//726 77//726
f 429//727 1542//727 147//727
f 1137//728 915//728 918//728
f 172//729 428//729 174//729
f 1139//730 1141//730 1142//730
f 549//731 54//731 55//731
f 1517//732 1518//732 296//732
f 976//733 1146//733 938//733
f 834//734 984//734 941//734
f 1543//735 286//735 115//735
f 1544//736 239//736 513//736
f 133//737 1544//737 1542//737
f 506//738 257//738 258//738
f 420//739 328//739 401//739
f 1158//740 1160//740 1157//740
f 587//741 1103//741 588//741
f 1513//742 1514//742 151//742
f 607//743 1027//743 608//743
f 304//744 1545//744 303//744
f 364//745 77//746 506//747
f 69//748 198//748 139//748
f 1006//749 976//749 938//749
f 700//750 1112//750 701//750
f 3877//751 3525//751 3787//751
f 1166//752 657//753 656//754
f 1167//755 858//755 1077//755
f 1300//756 3524//757 1299//758
f 1172//759 1174//760 1175//761
f 218//762 200//762 217//762
f 1179//763 1181//763 1178//763
f 372//764 97//764 98//764
f 89//765 227//765 88//765
f 1186//766 1188//766 1189//766
f 172//767 1517//767 1549//767
f 1482//768 81//768 1498//768
f 1090//769 1193//769 1030//769
f 394//770 353//770 1551//770
f 526//771 1198//771 1197//771
f 811//772 858//772 812//772
f 1199//773 1026//773 1025//773
f 606//774 697//774 696//774
f 1204//775 1206//775 743//775
f 1207//776 523//777 526//778
f 1209//779 867//779 613//779
f 914//780 685//780 936//780
f 1478//781 1441//781 1477//781
f 1029//782 1161//782 1091//782
f 1211//783 1213//783 1214//783
f 3858//784 1451//784 3859//784
f 844//785 1216//785 845//785
f 423//786 273//786 274//786
f 1220//787 1222//787 1083//787
f 22//788 1224//788 23//788
f 882//789 897//789 881//789
f 1519//790 173//790 387//790
f 1189//791 1232//791 1178//791
f 349//792 550//792 416//792
f 1071//793 1236//793 1072//793
f 1237//794 1239//794 745//794
f 1221//795 1189//795 1240//795
f 1510//796 1512//796 333//796
f 939//797 1241//797 1005//797
f 1556//798 5//798 67//798
f 1553//799 394//799 1551//799
f 404//800 67//800 347//800
f 1247//801 1249//801 1246//801
f 142//802 238//802 92//802
f 1251//803 635//803 1250//803
f 850//804 1253//804 851//804
f 1254//805 1077//805 1255//805
f 57//806 133//806 429//806
f 443//807 552//807 551//807
f 1187//808 1175//808 1188//808
f 1256//809 831//809 833//809
f 432//810 382//810 383//810
f 741//811 747//811 746//811
f 434//812 351//812 415//812
f 349//813 383//813 348//813
f 251//814 1481//814 1480//814
f 395//815 352//815 353//815
f 1518//816 1550//816 1551//816
f 1558//817 378//818 340//819
f 109//820 314//820 315//820
f 285//821 1513//821 407//821
f 395//822 393//822 392//822
f 202//823 410//823 1558//823
f 417//824 405//824 432//824
f 1246//825 1258//825 1247//825
f 3//826 297//826 2//826
f 1259//827 1261//828 1262//829
f 403//830 347//830 284//830
f 955//831 953//831 952//831
f 462//832 51//832 330//832
f 1096//833 687//833 1263//833
f 429//834 60//16 57//16
f 896//835 1265//835 932//835
f 1267//836 1268//836 1266//836
f 423//837 327//837 420//837
f 37//838 180//838 40//838
f 20//839 1187//839 1186//839
f 1256//840 1071//840 1070//840
f 155//841 156//841 504//841
f 1188//842 1269//842 1232//842
f 1236//843 1271//843 1262//843
f 1272//844 535//844 621//844
f 565//845 463//845 464//845
f 1273//846 745//847 1239//848
f 876//849 1255//850 1274//851
f 316//852 164//852 315//852
f 437//853 503//853 1509//853
f 194//854 1495//854 197//854
f 1275//855 864//855 863//855
f 624//856 631//856 630//856
f 1277//857 1137//857 1278//857
f 569//858 567//858 566//858
f 1481//859 125//859 366//859
f 324//860 547//861 326//862
f 1279//863 1107//863 1280//863
f 1525//864 329//864 1523//864
f 1281//865 1137//865 918//865
f 171//866 1553//866 1552//866
f 1488//867 396//867 1533//867
f 1557//868 1562//869 1559//870
f 1282//871 1206//871 1205//871
f 1053//872 1278//872 1281//872
f 778//873 607//873 1283//873
f 713//874 3566//874 3569//874
f 251//875 144//875 124//875
f 4//876 348//876 383//876
f 709//877 707//878 706//879
f 728//880 45//880 246//880
f 261//881 1563//881 544//881
f 789//882 1287//882 790//882
f 74//883 263//883 282//883
f 403//884 385//884 434//884
f 1178//885 1240//885 1189//885
f 1223//886 1289//886 1224//886
f 158//887 150//887 151//887
f 1220//888 1186//888 1221//888
f 296//889 354//889 433//889
f 784//890 1538//890 1566//890
f 1181//891 1291//891 1222//891
f 1269//892 1257//892 1246//892
f 1566//893 438//893 399//893
f 136//894 1566//894 1564//894
f 1563//895 169//895 1565//895
f 107//33 109//896 108//31
f 1297//897 1298//897 1296//897
f 1464//898 1476//898 1461//898
f 1520//899 507//899 508//899
f 1301//900 1303//900 1304//900
f 1306//901 1308//901 1305//901
f 175//902 1532//903 272//904
f 1532//905 200//905 201//905
f 1311//906 1312//906 1313//906
f 872//907 1315//907 1316//907
f 1317//908 1318//908 1319//908
f 3836//909 878//909 3828//909
f 1305//910 864//910 1276//910
f 1040//911 863//911 1320//911
f 1564//912 399//912 169//912
f 592//913 1575//913 591//913
f 591//914 1088//914 689//914
f 1581//915 1583//915 1582//915
f 1196//916 1147//916 1176//916
f 710//917 583//917 713//917
f 285//918 408//918 386//918
f 953//919 961//919 963//919
f 1594//920 1589//920 1593//920
f 1585//921 1587//922 1586//923
f 1592//924 1590//924 1589//924
f 3885//925 944//925 3899//925
f 1600//926 1598//926 1597//926
f 1604//927 1602//927 1601//927
f 1399//928 979//929 980//930
f 1589//931 1596//931 1595//931
f 1610//932 1608//932 1607//932
f 298//933 361//933 360//933
f 551//934 276//934 277//934
f 1627//935 3814//935 3819//935
f 859//936 818//936 860//936
f 1078//937 1328//937 1329//937
f 1555//938 1530//938 1556//938
f 572//939 680//939 681//939
f 772//940 776//940 774//940
f 977//941 918//941 917//941
f 404//942 392//943 393//944
f 1054//945 750//945 753//945
f 1644//946 1643//946 1642//946
f 932//947 1082//947 933//947
f 1067//948 1334//948 1068//948
f 1540//949 264//949 114//949
f 597//950 643//950 1336//950
f 471//951 762//951 470//951
f 1642//952 3831//953 3842//954
f 1644//955 3842//955 3843//955
f 923//956 950//956 927//956
f 96//957 548//958 95//959
f 520//960 522//960 521//960
f 445//961 443//961 442//961
f 849//962 848//962 842//962
f 480//963 755//963 493//963
f 1646//964 481//964 1639//964
f 311//965 1567//965 170//965
f 464//966 3497//966 3495//966
f 3497//967 1361//967 3495//967
f 234//968 236//968 235//968
f 190//969 192//969 191//969
f 153//970 152//970 149//970
f 231//971 286//971 230//971
f 1552//972 1551//972 1550//972
f 760//973 1648//973 488//973
f 3832//974 1649//975 3830//976
f 828//977 826//977 825//977
f 52//978 166//978 165//978
f 1663//979 1661//979 1660//979
f 287//980 115//980 286//980
f 668//981 670//981 669//981
f 634//982 640//983 639//984
f 553//985 559//985 554//985
f 118//986 33//986 516//986
f 492//987 491//987 490//987
f 3552//988 1651//988 3553//988
f 582//989 584//990 583//991
f 384//992 392//992 415//992
f 1381//993 1383//993 1380//993
f 1562//994 435//995 436//996
f 952//997 951//997 947//997
f 3529//998 583//998 584//998
f 1660//999 1667//999 1666//999
f 1394//1000 1396//1000 1393//1000
f 1660//1001 1664//1001 1663//1001
f 1671//1002 1669//1002 1668//1002
f 1624//1003 1673//1003 1672//1003
f 1407//1004 1409//1004 1410//1004
f 1677//1005 1675//1005 1674//1005
f 1613//1006 1677//1006 1625//1006
f 1679//1007 1676//1007 1677//1007
f 1626//1008 3811//1008 3814//1008
f 534//1009 198//1009 539//1009
f 176//1010 150//1010 159//1010
f 803//1011 734//1011 800//1011
f 400//1012 191//1012 192//1012
f 65//1013 143//1013 144//1013
f 3526//1014 1656//1014 3540//1014
f 402//1015 157//1015 283//1015
f 629//1016 627//1016 626//1016
f 461//1017 49//1017 50//1017
f 758//1018 495//1018 756//1018
f 796//1019 786//1019 785//1019
f 406//1020 1513//1020 1560//1020
f 342//1021 166//1021 167//1021
f 1694//1022 1658//1022 1695//1022
f 1692//1023 1694//1024 1696//1025
f 3557//1026 1652//1026 3552//1026
f 3921//1027 1703//1028 3923//1029
f 326//1030 302//1031 90//1032
f 3916//1033 1702//1033 1706//1033
f 3919//1034 1698//1034 1701//1034
f 1699//1035 3927//1036 3918//1037
f 1557//1038 1560//1039 1561//1038
f 1127//1040 1117//1041 1128//1042
f 400//1043 289//1043 346//1043
f 1706//1044 1707//1044 1708//1044
f 1707//1045 1599//1045 1600//1045
f 1709//1046 1708//1046 1588//1046
f 1714//1047 1711//1048 1713//1049
f 3919//1050 1709//1050 1700//1050
f 1704//1051 1577//1051 1703//1051
f 1716//1052 1713//1053 1715//1054
f 1559//870 1549//1055 297//1056
f 1722//1057 1720//1057 1719//1057
f 1335//1058 596//1058 1489//1058
f 410//1059 377//1059 378//1059
f 973//1060 1163//1060 972//1060
f 168//1061 399//1061 398//1061
f 1571//1062 1089//1062 1093//1062
f 1572//1063 682//1064 1571//1065
f 749//1066 647//1066 754//1066
f 1730//1067 1723//1067 1729//1067
f 1594//1068 1729//1068 1592//1068
f 1729//1069 1591//1069 1592//1069
f 1731//1070 1730//1070 1583//1070
f 1384//1071 1377//1071 1379//1071
f 1732//1072 1712//1072 1714//1072
f 1724//1073 1731//1073 1732//1073
f 1712//1074 1731//1074 1580//1074
f 1722//1075 1732//1075 1733//1075
f 1721//1076 1733//1076 1734//1076
f 1734//1077 1716//1077 1717//1077
f 1735//1078 1736//1078 1697//1078
f 1733//1079 1714//1079 1716//1079
f 1663//1080 1741//1080 1668//1080
f 1742//1081 1740//1081 1743//1081
f 1738//1082 1737//1082 1735//1082
f 1665//1083 1666//1083 1740//1083
f 1665//1084 1744//1084 1664//1084
f 1725//1085 1746//1085 1745//1085
f 1591//1086 1745//1086 1590//1086
f 1590//1087 1747//1087 1596//1087
f 1745//1088 1748//1088 1747//1088
f 1659//1089 3538//1090 3542//1091
f 3287//1092 3545//1092 3282//1092
f 1185//1093 1182//1093 1190//1093
f 1664//1094 1749//1094 1741//1094
f 1741//1095 1739//1095 1738//1095
f 1746//1096 1743//1096 1748//1096
f 1726//1097 1742//1097 1746//1097
f 1153//1098 924//1098 925//1098
f 1115//1099 1153//1099 1154//1099
f 1654//1100 3575//1100 1655//1100
f 1896//1101 3549//1101 1686//1101
f 1720//1102 1744//1103 1726//1104
f 1721//1105 1749//1105 1720//1105
f 1750//1106 1701//1106 1698//1106
f 1697//1107 1750//1107 1696//1107
f 1151//1108 1063//1108 1062//1108
f 1751//1109 1670//1110 1671//1111
f 1695//1112 1752//1112 1751//1112
f 961//1113 986//1113 981//1113
f 1770//1114 1768//1114 1767//1114
f 1766//1115 1593//1115 1765//1115
f 1731//1116 1579//1116 1580//1116
f 1579//1117 1774//1117 1578//1117
f 3928//1118 1771//1118 3929//1118
f 1764//1119 3928//1119 3917//1119
f 1777//1120 1775//1120 1774//1120
f 3762//1121 1699//1122 1700//1123
f 1004//1124 1128//1125 1003//1126
f 1774//1127 1771//1127 1772//1127
f 987//1128 1399//1128 980//1128
f 1578//1129 1772//1129 1764//1129
f 1783//1130 1781//1130 1778//1130
f 1597//1131 1770//1131 1767//1131
f 639//1132 3895//1132 3884//1132
f 3928//1133 1769//1134 1770//1135
f 1793//1136 1789//1136 1788//1136
f 3929//1137 1798//1137 1769//1137
f 3508//1138 3773//1138 1806//1138
f 1802//1139 3924//1139 3922//1140
f 1788//1141 1794//1142 1793//1143
f 1793//1144 1795//1145 1776//1146
f 3773//1147 1675//1147 1806//1147
f 1584//1148 1783//1148 1789//1148
f 1771//1149 3920//1149 3929//1149
f 1801//1150 1798//1150 1800//1150
f 1768//1151 1798//1151 1799//1151
f 1775//1152 1797//1152 1771//1152
f 508//1153 515//1153 1520//1153
f 1796//1154 1802//1154 1797//1154
f 1800//1155 3920//1155 3922//1155
f 1794//1156 1804//1157 1795//1158
f 3532//1159 1752//1159 3547//1159
f 485//1160 1807//1160 775//1160
f 3809//1161 1640//1161 768//1161
f 3837//1162 1810//1162 1653//1162
f 485//1163 1640//1163 1808//1163
f 1690//1164 3770//1164 3772//1164
f 487//1165 1648//1165 1811//1165
f 3839//1166 1816//1166 3822//1166
f 3838//1167 1648//1168 3830//1169
f 3839//1170 1811//1170 3838//1170
f 1812//1171 487//1171 1811//1171
f 1641//1172 767//1172 768//1172
f 465//1173 755//1173 776//1173
f 767//1174 3823//1174 3808//1174
f 3822//1175 3826//1175 3847//1175
f 1809//1176 1815//1177 767//1178
f 3837//1179 1651//1179 3840//1179
f 675//1180 3541//1180 3496//1180
f 1814//1181 1822//1181 1821//1181
f 1821//1182 3821//1182 3820//1182
f 1824//1183 1649//1183 1825//1183
f 1827//1184 1850//1184 1805//1184
f 1668//1185 1662//1185 1663//1185
f 1779//1186 1848//1186 1828//1186
f 1790//1187 1805//1188 1794//1189
f 1833//1190 1853//1190 1852//1190
f 3521//1191 693//1191 575//1191
f 1614//1192 1616//1192 1617//1192
f 1852//1193 3498//1193 3501//1193
f 1620//1194 1622//1194 1623//1194
f 1855//1195 1574//1195 1861//1195
f 1847//1196 3501//1197 3513//1198
f 1766//1199 1855//1199 1782//1199
f 1629//1200 1631//1200 1628//1200
f 1633//1201 1634//1201 1632//1201
f 1635//1202 1637//1202 1638//1202
f 1848//1203 1852//1203 1847//1203
f 1855//1204 1863//1204 1862//1204
f 1803//1205 1867//1205 1802//1205
f 1862//1206 1831//1206 1832//1206
f 1782//1207 1862//1208 1781//1209
f 3922//1210 1865//1210 1800//1210
f 1873//1211 1870//1211 1869//1211
f 1874//1212 799//1212 804//1212
f 2045//1213 3897//1213 2044//1213
f 1219//1214 1295//1214 1225//1214
f 1615//1215 1396//1215 1395//1215
f 3884//1216 1877//1216 1876//1216
f 645//1217 3786//1217 3559//1217
f 1345//1218 1035//1218 1346//1218
f 634//1219 3884//1219 3880//1219
f 15//1220 1327//1220 14//1220
f 3910//1221 1878//1221 1893//1221
f 1894//1222 605//1222 1893//1222
f 3506//1223 627//1223 693//1223
f 3560//1224 645//1224 3559//1224
f 340//1225 454//1225 1558//1225
f 1897//1226 195//1226 1898//1226
f 1889//1227 1877//1227 1890//1227
f 1901//1228 129//1228 1900//1228
f 196//1229 754//1229 232//1229
f 1705//1230 3921//1230 3916//1230
f 340//1231 166//1231 343//1231
f 1570//1232 563//1233 561//1234
f 1904//1235 194//1235 1897//1235
f 1781//1236 1832//1236 1780//1236
f 1905//1237 55//1237 1906//1237
f 1000//1238 995//1238 996//1238
f 986//1239 920//1239 987//1239
f 1191//1240 1190//1240 1194//1240
f 2094//1241 2075//1242 2093//1243
f 1920//1244 1919//1244 1915//1244
f 453//1245 1912//1245 1911//1245
f 1915//1246 1918//1246 1916//1246
f 3882//1247 2106//1247 3901//1247
f 1655//1248 3531//1248 1868//1248
f 1916//1249 1926//1249 1925//1249
f 704//1250 3561//1250 703//1250
f 278//1251 1925//1251 1900//1251
f 3565//1252 1818//1253 1820//1254
f 1097//1255 1115//1255 1114//1255
f 1927//1256 727//1256 1923//1256
f 3578//1257 3654//1257 3758//1257
f 1920//1258 307//1258 1929//1258
f 1929//1259 48//1259 728//1259
f 503//1260 1497//1260 1509//1260
f 1902//1261 787//1261 796//1261
f 1816//1262 3820//1263 3826//1264
f 1925//1265 1923//1265 1924//1265
f 1535//1266 1568//1266 1534//1266
f 254//1267 258//1267 255//1267
f 1509//1268 366//1268 367//1268
f 119//1269 35//1269 36//1269
f 219//1270 293//1270 294//1270
f 141//1271 47//1271 431//1271
f 542//1272 244//1272 245//1272
f 1940//1273 430//1274 431//1273
f 1779//1275 1827//1276 1790//1277
f 1701//1278 3915//1278 3919//1278
f 1661//1279 3515//1279 1667//1279
f 270//1280 754//1280 647//1280
f 197//1281 749//1281 196//1281
f 1727//1282 1212//1283 1211//1284
f 53//1285 232//1286 754//1287
f 1465//1288 1479//1288 1478//1288
f 1284//1289 3854//1289 1293//1289
f 1951//1290 412//1290 413//1290
f 168//1291 1554//1291 1553//1291
f 1486//1292 206//1292 207//1292
f 506//1293 78//1293 361//1293
f 994//1294 1007//1294 993//1294
f 951//1295 963//1295 964//1295
f 1013//1296 3861//1296 1351//1296
f 3826//1297 1820//1297 1818//1297
f 1498//1298 1954//1298 1482//1298
f 299//1299 543//1299 132//1299
f 1754//1300 1756//1301 1753//1302
f 1681//1303 1683//1303 1682//1303
f 1696//1304 1695//1304 1697//1304
f 13//1305 738//1305 737//1305
f 473//1306 475//1306 474//1306
f 482//1307 768//1307 1640//1307
f 204//1308 30//1308 205//1308
f 1761//1309 820//1309 819//1309
f 611//1310 1125//1310 612//1310
f 1501//1311 1908//1312 1909//1313
f 1074//1314 711//1314 699//1314
f 1960//1315 82//1315 83//1315
f 120//1316 1960//1316 123//1316
f 35//1317 87//1317 34//1317
f 1773//1318 1025//1318 1031//1318
f 1965//1319 1569//1319 1535//1319
f 494//1320 471//1320 479//1320
f 1966//1321 1969//1321 1968//1321
f 446//1322 1971//1322 1967//1322
f 174//1323 125//1323 126//1323
f 1580//1324 1578//1324 1577//1324
f 1785//1325 1787//1325 1784//1325
f 1972//1326 304//1326 305//1326
f 1254//1327 875//1327 999//1327
f 1973//1328 342//1328 514//1328
f 321//1329 1973//1329 509//1329
f 1910//1330 275//1330 1907//1330
f 509//1331 514//1331 508//1331
f 1486//1332 1527//1332 1485//1332
f 1974//1333 804//1333 1975//1333
f 1977//1334 1974//1334 1978//1334
f 1980//1335 1966//1335 1981//1335
f 379//1336 2//1336 295//1336
f 1718//1337 1710//1337 1701//1337
f 884//1338 992//1338 883//1338
f 1680//1339 1678//1340 1679//1341
f 902//1342 525//1342 524//1342
f 344//1343 256//1344 299//1345
f 135//1346 137//1346 136//1346
f 236//1347 228//1347 333//1347
f 448//1348 1967//1349 1966//1350
f 589//1351 604//1351 584//1351
f 910//1352 908//1352 907//1352
f 1981//1353 1968//1353 1987//1353
f 1982//1354 1987//1354 1979//1354
f 1988//1355 1987//1355 1989//1355
f 1990//1356 1989//1356 1991//1356
f 1991//1357 1993//1357 1992//1357
f 322//1358 320//1359 319//1360
f 992//1361 830//1361 883//1361
f 1144//1362 1086//1363 1143//1364
f 1995//1365 1978//1365 1994//1365
f 1133//1366 1118//1367 1126//1368
f 1997//1369 1994//1369 1996//1369
f 870//1370 1335//1370 1489//1370
f 805//1371 1982//1372 1998//1373
f 727//1374 2000//1374 1999//1374
f 1996//1375 1988//1375 1990//1375
f 1994//1376 1979//1376 1988//1376
f 1829//1377 792//1377 1273//1377
f 1830//1378 941//1378 983//1378
f 798//1379 800//1379 799//1379
f 729//1380 731//1380 730//1380
f 2011//1381 2023//1381 2022//1381
f 1834//1382 846//1382 1159//1382
f 402//1383 284//1383 347//1383
f 2022//1384 2024//1385 2025//1386
f 1838//1387 989//1387 988//1387
f 810//1388 952//1388 809//1388
f 1823//1389 1840//1389 644//1389
f 1430//1390 1432//1390 1431//1390
f 1215//1391 1841//1391 1079//1391
f 149//1392 176//1392 177//1392
f 1316//1393 873//1393 872//1393
f 2112//1394 1384//1394 2106//1394
f 1842//1395 1844//1395 1845//1395
f 1159//1396 845//1396 1160//1396
f 837//1397 1846//1397 1120//1397
f 1971//1398 2030//1398 2027//1398
f 517//1399 370//1399 189//1399
f 858//1400 833//1400 812//1400
f 1471//1401 2027//1401 1888//1401
f 3551//1402 626//1402 627//1402
f 2174//1403 770//1403 490//1403
f 935//1404 1854//1404 1010//1404
f 1613//1405 1611//1405 1618//1405
f 1231//1406 1225//1406 1295//1406
f 1856//1407 891//1407 892//1407
f 1300//1408 748//1408 741//1408
f 1150//1409 1858//1409 1859//1409
f 1643//1410 696//1410 1642//1410
f 1215//1411 1264//1411 1216//1411
f 1320//1412 902//1412 901//1412
f 1956//1413 1944//1413 1960//1413
f 2031//1414 669//1414 1474//1414
f 2034//1415 1310//1416 1299//347
f 1879//1417 1656//1418 1657//1419
f 40//1420 242//1420 39//1420
f 1992//1421 2039//1421 1456//1421
f 888//1422 957//1423 889//1424
f 1882//1425 1996//1425 1990//1425
f 1078//1426 1255//1426 1077//1426
f 1871//1427 1192//1427 1090//1427
f 294//1428 218//1428 219//1428
f 1323//1429 2026//1429 1471//1430
f 123//1431 83//1431 1484//1431
f 1324//1432 2041//1432 1323//1432
f 384//1433 359//1433 352//1433
f 1324//1434 2038//1434 2036//1434
f 1883//1435 1885//1435 1829//1435
f 287//1436 114//1436 107//1436
f 1096//1437 1134//723 661//725
f 915//1438 931//1438 916//1438
f 806//1439 1981//1439 1982//1439
f 3533//1440 584//1440 604//1440
f 1425//1441 2042//1441 1018//1441
f 1018//1442 1948//1442 1017//1442
f 3562//1443 740//1443 3519//1443
f 1948//1444 649//1445 646//1446
f 1881//1447 1990//1448 1991//1449
f 1900//1450 130//1450 278//1450
f 992//1451 994//1451 993//1451
f 923//1452 925//1452 924//1452
f 3878//1453 2047//1453 3876//1453
f 1643//1454 625//1455 606//1456
f 2050//1457 2051//1457 2049//1457
f 2045//1458 1404//1458 2047//1458
f 3876//1459 945//1459 3885//1459
f 1139//1460 1079//1460 1841//1460
f 1037//1461 892//1461 982//1461
f 2055//1462 2057//1462 2056//1462
f 1198//1463 718//1463 717//1463
f 1619//1464 1612//1464 1611//1464
f 2058//1465 1606//1465 2059//1465
f 2059//1466 1607//1466 2058//1466
f 2058//1467 1624//1467 1605//1467
f 71//1468 179//1468 37//1468
f 405//1469 1557//1469 382//1469
f 976//1470 1006//1470 977//1470
f 322//1471 1972//1471 1911//1471
f 2061//1472 2063//1472 2062//1472
f 2066//1473 2067//1473 1825//1473
f 2052//1474 2064//1474 2051//1474
f 1609//1475 2066//1475 1647//1475
f 1515//1476 152//1476 1516//1476
f 1009//1477 993//1477 1007//1477
f 1644//1478 3815//1479 2118//1480
f 279//1481 1916//1481 278//1481
f 1285//1482 3862//1482 1284//1482
f 1647//1483 1825//1483 1649//1483
f 2056//1484 2067//1484 2065//1484
f 319//1485 1953//1485 1952//1485
f 667//1486 1913//1486 1914//1486
f 2070//1487 625//1487 2048//1487
f 2052//1488 2055//1488 2063//1488
f 2038//1489 1655//1489 1458//1489
f 1606//1490 2073//1490 2072//1490
f 1235//1491 1270//1491 1236//1491
f 2072//1492 2075//1493 2074//1494
f 2059//1495 2072//1495 2062//1495
f 2074//1496 2077//1496 2076//1496
f 1601//1497 2078//1498 2073//1499
f 2049//1500 1643//1500 1645//1500
f 1000//1501 1001//1501 994//1501
f 1089//1502 684//1502 689//1502
f 1931//1503 1306//1504 1930//1505
f 1462//1506 1021//1506 1022//1506
f 1932//1507 1934//1507 1935//1507
f 875//1508 1846//1508 998//1508
f 1936//1509 1937//1509 1938//1509
f 44//1510 46//1510 92//1510
f 1534//1511 1956//1511 120//1511
f 1541//1512 317//1512 391//1512
f 2081//1513 2084//1514 2083//1515
f 146//1516 1959//1516 300//1516
f 1360//1517 1942//1517 1361//1517
f 985//1518 1032//1518 1033//1518
f 1995//1519 1892//1519 2043//1519
f 2079//1520 2082//1520 2081//1521
f 2095//1522 2076//1522 2077//1522
f 2081//1523 2078//1523 2079//1523
f 2055//1524 2054//1525 2053//1526
f 501//1527 2095//1527 500//1527
f 2097//1528 2099//1528 2098//1528
f 2098//1529 2094//1529 2083//1529
f 2140//1530 3893//1530 3866//1530
f 2141//1531 3894//1531 3893//1531
f 2051//1532 2048//1533 2049//1534
f 592//1535 2101//1536 1576//1537
f 2071//1538 2076//1538 2096//1538
f 2102//1539 2098//1540 2101//1541
f 593//1542 2102//1543 592//1544
f 1019//1545 746//1545 747//1545
f 1950//1546 12//1546 1327//1546
f 725//1547 2096//1547 501//1547
f 1385//1548 2104//1548 1379//1548
f 1379//1549 2106//1549 1384//1549
f 2107//1550 2100//1551 2097//1552
f 3908//1553 502//1554 3896//1555
f 3896//1555 499//1556 3901//1557
f 940//1558 2109//1558 944//1558
f 928//1559 1170//1559 973//1559
f 3868//1560 684//1560 3899//1560
f 1962//1561 1964//1561 1961//1561
f 3878//1562 573//1562 3897//1562
f 2039//1563 1968//1564 1969//1565
f 1389//1566 2110//1567 2109//1568
f 1398//1569 2113//1569 1397//1569
f 3757//1570 3753//1570 3743//1570
f 3911//1571 2107//1572 2103//1573
f 949//1574 924//1574 1115//1574
f 260//1575 324//860 326//862
f 1390//1576 2113//1577 2110//1578
f 2070//1579 2064//1579 2071//1579
f 3867//1580 2103//1580 593//1580
f 2105//1581 1421//1582 2114//1583
f 2114//1584 1423//1584 2115//1584
f 3892//1585 2115//1585 3903//1585
f 3908//1586 2114//1586 3892//1586
f 554//1587 1902//1587 553//1587
f 972//1588 967//251 966//250
f 1765//1589 1573//1589 1574//1589
f 1984//1590 1986//1590 1983//1590
f 2053//1591 2069//1591 2057//1591
f 3573//1592 724//1592 714//1592
f 1625//1593 1674//1593 1673//1593
f 3881//1594 2119//1594 2122//1594
f 3903//1595 2123//1595 3904//1595
f 56//1596 1906//1596 55//1596
f 626//1597 3879//1597 629//1597
f 2001//1598 2003//1598 2004//1598
f 3912//1599 2127//1599 3907//1599
f 2006//1600 2008//1601 2009//1602
f 2127//1603 1412//1603 2128//1603
f 2014//1604 2016//1604 2017//1604
f 2018//1605 2020//1605 2021//1605
f 1495//1606 1947//1606 197//1606
f 1379//1607 1386//1607 1385//1607
f 3814//1608 1680//1608 1618//1608
f 2029//1609 1884//1609 2028//1609
f 3902//1610 2120//1610 3887//1610
f 629//1611 3914//1611 3872//1611
f 682//1612 943//1612 1089//1612
f 724//1613 2121//1613 716//1613
f 1757//1614 3821//1614 3845//1614
f 765//1615 3844//1615 3809//1615
f 3851//1616 715//1616 3852//1616
f 706//1617 3870//1617 3872//1617
f 981//1618 987//1618 980//1618
f 1457//1619 1656//1619 1880//1619
f 2017//1620 2032//1620 2033//1620
f 1458//1621 1868//1621 1457//1621
f 1776//1146 1792//1622 1793//1144
f 1959//1623 1946//1623 1958//1623
f 3663//1624 3725//1624 3661//1624
f 3913//1625 2122//1625 3850//1625
f 1093//1626 689//1626 1088//1626
f 966//1627 968//1627 972//1627
f 3852//1628 3881//1628 3913//1628
f 2172//1629 2170//1629 2171//1629
f 670//1630 2137//1630 669//1630
f 3761//1631 1903//1631 233//1631
f 1429//1632 28//1632 1449//1632
f 964//1633 978//1633 971//1633
f 3841//1634 1413//1634 2127//1634
f 1473//1635 669//1636 2137//1637
f 3834//1638 1359//1638 1358//1638
f 2138//1639 1870//1639 2137//1639
f 1872//1640 2137//1640 1870//1640
f 715//1641 3888//1641 3881//1641
f 1881//1642 1992//1642 1880//1642
f 3843//1643 739//1643 740//1643
f 1837//1644 3513//1644 3514//1644
f 253//1645 59//1645 85//1645
f 1808//1646 3840//1646 1807//1646
f 1647//1647 3818//1647 1609//1647
f 3865//1648 671//1648 668//1648
f 2112//1649 3883//1650 2111//1651
f 1405//1652 2044//1652 1438//1652
f 3829//1653 1364//1653 1366//1653
f 273//1654 391//1654 249//1654
f 576//1655 3520//1655 3555//1655
f 3875//1656 668//1657 2031//1658
f 1430//1659 2140//1659 2139//1659
f 2136//1660 3860//1660 28//1660
f 1430//1661 18//1661 19//1661
f 3893//1662 570//1662 695//1662
f 1442//1663 2046//1664 2141//1665
f 1431//1666 2141//1666 2140//1666
f 3869//1667 3850//1667 2136//1667
f 3808//1668 1817//1668 766//1668
f 3866//1669 695//1669 671//1669
f 2142//1670 798//1671 2138//1672
f 571//1673 2142//1674 694//1675
f 3819//1676 1618//1676 1611//1676
f 2143//1677 2025//1678 2142//1670
f 694//332 2138//1679 670//333
f 681//1680 2144//1680 572//1680
f 2144//1681 2022//1681 2143//1681
f 328//1682 457//1682 290//1682
f 1572//1683 2011//1683 2144//1683
f 630//1684 3903//1684 624//1684
f 2085//1685 2087//1685 2088//1685
f 2090//1686 2092//1686 2089//1686
f 572//1687 2143//1687 571//1687
f 1875//1688 2153//1689 2149//1690
f 1873//1691 2149//1691 2154//1691
f 2103//1692 2097//1692 2102//1692
f 2157//1693 2155//1693 2156//1693
f 2128//1694 1414//1694 2120//1694
f 3874//1695 589//1695 582//1695
f 3872//1696 628//1696 629//1696
f 2149//1697 2158//1697 2159//1697
f 2159//1698 3905//1698 3890//1698
f 698//1699 3902//1699 705//1699
f 3823//1700 3827//1700 1817//1700
f 2158//1701 3874//1701 3905//1701
f 1438//1702 2046//1702 1439//1702
f 2035//1703 2160//1703 2161//1703
f 2161//1704 3889//1704 3886//1704
f 3871//1705 605//1705 589//1705
f 3873//1706 18//1707 3875//1708
f 370//1709 61//1709 451//1709
f 649//1710 413//1710 648//1710
f 2153//1711 2156//1711 2158//1711
f 1428//1712 1449//1712 1450//1712
f 1490//1713 73//1713 1488//1713
f 3890//1714 710//1714 633//1714
f 2155//1715 3891//1716 3871//1717
f 1456//1718 1880//1718 1992//1718
f 2125//1719 2087//1719 2124//1719
f 2160//1720 3890//1721 3889//1722
f 300//1723 505//1723 323//1723
f 1064//1724 1046//1724 1065//1724
f 2043//1725 1891//1725 2155//1725
f 2129//1726 2004//1726 2003//1726
f 2131//1727 2133//1727 2134//1727
f 3848//1728 1450//1728 1449//1728
f 1998//1373 804//1729 805//1371
f 3879//1730 3864//1731 3914//1732
f 474//1733 490//1733 770//1733
f 1164//1734 1182//1734 1177//1734
f 707//1735 3909//1735 3870//1735
f 708//1736 2162//1736 707//1736
f 2162//1737 3886//1737 3909//1737
f 548//1738 1905//1738 458//1738
f 1145//1739 1114//1739 1171//1739
f 705//1740 1650//1740 704//1740
f 2043//1741 1977//1741 1995//1741
f 737//1742 554//1742 559//1742
f 1034//1743 1191//1743 1023//1743
f 458//1744 1907//1744 275//1744
f 195//1745 232//1745 233//1745
f 2040//1746 1969//1746 1970//1746
f 2145//1747 2147//1747 2148//1747
f 2054//1748 2049//1748 1645//1748
f 3832//1749 1639//1749 3818//1749
f 9//1750 11//1750 10//1750
f 252//1751 506//1751 258//1751
f 472//1752 479//1752 471//1752
f 1865//1753 3791//1753 3503//1753
f 900//1754 910//1754 907//1754
f 1941//1755 2151//1756 1942//1757
f 1921//1758 1927//1758 1919//1758
f 2163//1759 1898//1759 2116//1759
f 271//1760 153//1760 178//1760
f 1904//1761 12//1761 9//1761
f 282//1762 264//1762 460//1762
f 1872//1763 2154//1764 2035//1765
f 1326//1766 1897//1766 2163//1766
f 628//1767 693//1767 627//1767
f 1724//1768 1719//1768 1723//1768
f 1549//1769 436//1769 172//1769
f 1582//1770 1730//1770 1729//1770
f 1921//1771 1929//1771 1928//1771
f 3563//1772 10//1772 11//1772
f 2152//1773 1950//1773 1949//1773
f 475//1774 774//1774 771//1774
f 769//1775 2171//1775 473//1775
f 2171//1776 476//1776 473//1776
f 476//1777 772//1777 475//1777
f 1791//1778 464//1778 1760//1778
f 2166//1779 2168//1779 2169//1779
f 595//1780 372//1780 98//1780
f 483//1781 1641//1781 482//1781
f 762//1782 2173//1782 470//1782
f 771//1783 484//1783 492//1783
f 486//1784 1809//1784 483//1784
f 297//1785 1517//1785 296//1785
f 763//1786 2174//1786 762//1786
f 776//1787 759//1787 489//1787
f 184//1788 2176//1788 2000//1788
f 412//1789 303//1789 414//1789
f 2005//1790 185//1791 224//1792
f 3811//1793 1682//1793 3846//1793
f 2164//1794 756//1794 764//1794
f 1472//1795 2161//1796 2162//1797
f 950//1798 964//1798 965//1798
f 2177//1799 2179//1799 2180//1799
f 227//1800 1510//1800 333//1800
f 764//1801 467//1801 2164//1801
f 2182//1802 2184//1802 2181//1802
f 2186//1803 2018//1803 2185//1803
f 1985//1804 2181//1804 1986//1804
f 214//1805 729//1805 1531//1805
f 1545//1806 1546//1806 1569//1806
f 865//1807 842//1807 866//1807
f 849//1808 1357//1809 1362//1810
f 452//1811 1558//1811 454//1811
f 559//1812 3188//1812 737//1812
f 16//1813 737//1813 3188//1813
f 560//1814 498//1815 374//1816
f 3193//1817 3195//1817 3194//1817
f 3200//1818 3198//1818 3199//1818
f 3211//1819 3213//1819 3212//1819
f 3215//1820 3217//1820 3216//1820
f 2187//1821 2002//1821 2001//1821
f 2169//1822 2189//1822 2190//1822
f 2192//1823 2085//1823 2191//1823
f 2193//1824 2195//1824 2196//1824
f 2198//1825 2200//1825 2197//1825
f 1998//1826 1979//1826 1975//1826
f 3664//1827 3668//1827 3671//1827
f 2116//1828 1903//1829 1902//1830
f 1859//1831 2009//1831 1150//1831
f 3904//1832 2126//1832 3906//1832
f 1135//1833 1087//1833 1130//1833
f 2201//1834 2015//1834 2014//1834
f 1149//1835 110//1835 1858//1835
f 3221//1836 3218//1836 3215//1836
f 2203//1837 2205//1837 2206//1837
f 579//1838 1895//1838 1019//1838
f 1755//1839 2208//1839 1756//1839
f 3891//1840 1893//1840 605//1840
f 1211//1284 2150//1841 1727//1282
f 868//1842 2210//1842 2209//1842
f 944//1843 930//1843 940//1843
f 2130//1844 2202//1844 2201//1844
f 233//1845 1898//1845 195//1845
f 665//1846 750//1846 666//1846
f 1167//1847 999//1847 618//1847
f 2211//1848 2213//1848 2214//1848
f 2215//1849 2217//1850 2218//1851
f 3867//1852 590//1853 3868//1854
f 2220//1855 220//1855 2219//1855
f 823//1856 948//1857 1094//1858
f 3225//1859 3227//1859 3226//1859
f 266//1860 455//1860 265//1860
f 3882//1861 2107//1861 3883//1861
f 2221//1862 3519//1863 3517//1864
f 2223//1865 2225//1865 2226//1865
f 2207//1866 2124//1866 2208//1866
f 673//1867 3869//1867 3864//1867
f 817//1868 996//1868 815//1868
f 2227//1869 2146//1870 2145//1871
f 1947//1872 646//1872 749//1872
f 3900//1873 17//1873 3873//1873
f 2229//1874 1638//1874 1381//1874
f 1679//1875 1618//1875 1680//1875
f 1637//1876 2232//1876 2230//1876
f 2233//1877 1617//1877 1616//1877
f 2231//1878 2236//1878 2237//1878
f 1381//1879 2238//1879 1382//1879
f 3586//1880 2242//1881 3587//1882
f 1630//1883 2233//1883 1631//1883
f 1681//1884 472//1884 469//1884
f 1408//1885 2243//1885 2244//1885
f 3236//1886 3238//1886 3237//1886
f 3232//1887 3240//1887 3235//1887
f 1637//1888 2238//1888 1638//1888
f 3237//1889 3233//1889 3234//1889
f 1409//1890 1634//1890 2245//1890
f 1380//1891 2247//1891 2246//1891
f 1628//1892 2245//1892 1621//1892
f 2249//1893 1622//1893 1633//1893
f 1632//1894 1408//1894 2244//1894
f 2248//1895 1631//1895 2250//1895
f 2235//1896 1637//1896 1636//1896
f 3245//1897 3199//1897 3198//1897
f 631//1898 2071//1898 725//1898
f 515//1899 52//1899 49//1899
f 782//1900 2251//1900 1251//1900
f 2253//1901 2255//1901 2252//1901
f 397//1902 459//1902 784//1902
f 1456//1903 2040//1903 1455//1903
f 2040//1904 2036//1904 1455//1904
f 1401//1905 2111//1905 1398//1905
f 2041//1906 1970//1906 2026//1906
f 1535//1907 414//1907 1965//1907
f 1586//1908 2080//1908 2079//1908
f 2256//1909 1132//1909 1886//1909
f 1700//1910 3918//1910 3919//1910
f 3815//1911 1686//1912 3817//1913
f 1263//1914 1886//1914 1096//1914
f 598//1915 844//1916 599//1917
f 2257//1918 2259//1918 2260//1918
f 2258//1919 2262//1920 2259//1921
f 2259//1922 2263//1922 2216//1922
f 2260//1923 2216//1923 2215//1923
f 1967//1924 1970//1924 1969//1924
f 2212//1925 1963//1925 2213//1925
f 922//1926 2218//1851 2217//1850
f 1312//1927 1101//1927 2264//1927
f 1307//1928 1286//1928 789//1928
f 1548//1929 1546//1929 1972//1929
f 2266//1930 2268//1930 2265//1930
f 2265//1931 2270//1931 2269//1931
f 2272//1932 2269//1932 2271//1932
f 2273//1933 2265//1933 2272//1933
f 2275//1934 2277//1934 2274//1934
f 2278//1935 2277//1935 2279//1935
f 2284//1936 3617//1936 3639//1936
f 2287//1937 2286//1937 2281//1937
f 2288//1938 2283//1938 2287//1938
f 2290//1939 3639//1939 3620//1939
f 2291//1940 2293//1940 2294//1940
f 2295//1941 2294//1941 2279//1941
f 2296//1942 2291//1942 2295//1942
f 2297//1943 2292//1943 2291//1943
f 2294//1944 2299//1944 2300//1944
f 2279//1945 2300//1945 2278//1945
f 2298//1946 2302//1946 2292//1946
f 2292//1947 2303//1947 2293//1947
f 2293//1948 2304//1948 2299//1948
f 2304//1949 2306//1949 2299//1949
f 2306//1950 2300//1950 2299//1950
f 2308//1951 2310//1951 2307//1951
f 2302//1952 2310//1953 2303//1954
f 2301//1955 2307//1955 2302//1955
f 2312//1956 2307//1956 2311//1956
f 2313//1957 2315//1957 2316//1957
f 2318//1958 2320//1958 2317//1958
f 3748//1959 2322//1960 2323//1961
f 2324//1962 2273//1962 2326//1962
f 2313//1963 2326//1963 2327//1963
f 2328//1964 2313//1964 2316//1964
f 2329//1965 2324//1965 2328//1965
f 2331//1966 2333//1966 2330//1966
f 2330//1967 2267//1967 2266//1967
f 2325//1968 2266//1968 2273//1968
f 2329//1969 2330//1969 2325//1969
f 2333//1970 2335//1970 2267//1970
f 2336//1971 2333//1971 2332//1971
f 2338//1972 2332//1973 2337//1974
f 2331//1975 2337//1976 2332//1977
f 2329//1978 2339//1978 2331//1978
f 2328//1979 2340//1980 2329//1981
f 2316//1982 2341//1982 2328//1982
f 2342//1983 2315//1984 2343//1985
f 2344//1986 2346//1986 2347//1986
f 2341//1987 2347//1988 2340//1989
f 2342//1990 2344//1990 2341//1990
f 2348//1991 2345//1992 2344//1993
f 2350//1994 2352//1994 2353//1994
f 2339//1995 2353//1995 2337//1995
f 2340//1996 2350//1996 2339//1996
f 2347//1997 2351//1997 2350//1997
f 2337//1998 2354//1998 2338//1998
f 2353//1999 2355//1999 2354//1999
f 2356//2000 2276//2000 2357//2000
f 2356//2001 2358//2001 2359//2001
f 2356//2002 2296//2002 2295//2002
f 2279//2003 2356//2003 2295//2003
f 2360//2004 2270//2004 2268//2004
f 2267//2005 2360//2005 2268//2005
f 2362//2006 2364//2007 2365//2008
f 2362//2009 2361//2009 2358//2009
f 2366//2010 2358//2010 2357//2010
f 2366//2011 2363//2012 2362//2013
f 2357//2014 2368//2014 2366//2014
f 2366//2015 2369//2016 2367//2017
f 2276//2018 2370//2018 2368//2018
f 2368//2019 2282//2019 2369//2019
f 2372//2020 2374//2020 2371//2020
f 2375//2021 2377//2021 2007//2021
f 2378//2022 2380//2023 2381//2024
f 2382//2025 2381//2025 2383//2025
f 2384//2026 2378//2027 2382//2028
f 2385//2029 2379//2029 2378//2029
f 2388//2030 2390//2030 2387//2030
f 2387//2031 2392//2031 2391//2031
f 2393//2032 2387//2033 2391//2034
f 2394//2035 2388//2035 2387//2035
f 2186//2036 2402//2037 2400//2038
f 2403//2039 2327//2040 2326//2041
f 2272//2042 2326//2042 2273//2042
f 2271//2043 2403//2043 2272//2043
f 2405//2044 2404//2045 2403//2044
f 2404//2046 2408//2046 2327//2046
f 2409//2047 2411//2047 2412//2047
f 2409//2048 2271//2048 2269//2048
f 2413//2049 2269//2049 2270//2049
f 2413//2050 2410//2050 2409//2050
f 2417//2051 2416//2051 2418//2051
f 2417//2052 2406//2052 2405//2052
f 2412//2053 2405//2053 2271//2053
f 2411//2054 2417//2054 2412//2054
f 2406//2055 2407//2055 2404//2055
f 3569//2056 632//2056 713//2056
f 2420//2057 2397//2057 2421//2057
f 2420//2058 2423//2058 2422//2058
f 2424//2059 2422//2059 2419//2059
f 2424//2060 2398//2060 2420//2060
f 2425//2061 2392//2061 2426//2061
f 2421//2062 2426//2062 2423//2062
f 2397//2063 2425//2063 2421//2063
f 2396//2064 2391//2064 2425//2064
f 2427//2065 2315//2065 2314//2065
f 2427//2066 2408//2066 2428//2066
f 2430//2067 2428//2067 2429//2067
f 2343//2068 2427//2068 2430//2068
f 2432//2069 2430//2069 2431//2069
f 2431//2070 2429//2070 2433//2070
f 2435//2071 2433//2071 2434//2071
f 2436//2072 2431//2073 2435//2074
f 2428//2075 2407//2075 2437//2075
f 2422//2076 2407//2076 2419//2076
f 2438//2077 2422//2077 2423//2077
f 2429//2078 2437//2078 2438//2078
f 2440//2079 2433//2079 2439//2079
f 2441//2080 2433//2080 2429//2080
f 2442//2081 2439//2081 2441//2081
f 2443//2082 2440//2082 2439//2082
f 2445//2083 2444//2083 2443//2083
f 2447//2084 2443//2084 2442//2084
f 2383//2085 2445//2085 2447//2085
f 2381//2086 2446//2086 2445//2086
f 2448//2087 2423//2087 2426//2087
f 2449//2088 2426//2088 2392//2088
f 2441//2089 2449//2089 2442//2089
f 2441//2090 2438//2090 2448//2090
f 2449//2091 2390//2091 2450//2091
f 2450//2092 2389//2092 2451//2092
f 2447//2093 2451//2093 2383//2093
f 2442//2094 2450//2094 2447//2094
f 2451//2095 2453//2095 2452//2095
f 2452//2096 2455//2096 2454//2096
f 2382//2097 2454//2097 2384//2097
f 2383//2098 2452//2098 2382//2098
f 2456//2099 2373//2099 2372//2099
f 2459//2100 2461//2100 2458//2100
f 2463//2101 2465//2101 2462//2101
f 2462//2102 2285//2102 2284//2102
f 2466//2103 2284//2103 2290//2103
f 2467//2104 2462//2104 2466//2104
f 2461//2105 3703//2105 3701//2105
f 2468//2106 2470//2106 2471//2106
f 2472//2107 2471//2107 2473//2107
f 2474//2108 3701//2108 3688//2108
f 2475//2109 2477//2109 2478//2109
f 2458//2110 2453//2110 2479//2110
f 2479//2111 2389//2112 2388//2113
f 2395//2114 2479//2115 2388//2116
f 2480//2117 2458//2118 2479//2119
f 2481//2120 2483//2120 2478//2120
f 2484//2121 2485//2121 221//2121
f 2471//2122 2464//2123 2463//2124
f 2473//2125 2463//2125 2467//2125
f 2487//2126 2466//2126 2486//2126
f 2486//2127 2290//2127 2488//2127
f 2490//2128 2488//2128 2489//2128
f 2491//2129 2486//2130 2490//2131
f 2492//2132 2467//2132 2487//2132
f 2493//2133 2487//2133 2491//2133
f 2494//2134 2492//2134 2493//2134
f 2495//2135 2473//2135 2492//2135
f 3690//2136 2474//2136 3688//2136
f 3691//2137 2496//2137 3690//2137
f 2498//2138 2493//2138 2499//2138
f 2500//2139 2499//2139 2501//2139
f 3700//2140 2498//2140 2500//2140
f 3687//2141 2494//2141 2498//2141
f 2306//2142 2278//2142 2300//2142
f 2305//2143 2504//2143 2306//2143
f 2504//2144 2507//2144 2506//2144
f 2506//2145 2288//2145 2508//2145
f 2274//2146 2508//2146 2275//2146
f 2278//2147 2506//2147 2274//2147
f 3633//2148 2489//2148 2488//2148
f 3620//2149 2488//2149 2290//2149
f 2507//2150 2289//2150 2288//2150
f 2505//2151 2509//2151 2507//2151
f 2508//2152 2287//2152 2511//2152
f 2511//2153 2281//2153 2280//2153
f 2370//2154 2280//2154 2282//2154
f 2275//2155 2511//2155 2370//2155
f 2512//2156 2489//2156 2513//2156
f 2514//2157 2513//2158 2515//2159
f 2517//2160 2514//2160 2516//2160
f 2517//2161 2490//2162 2512//2163
f 2499//2164 2491//2164 2517//2164
f 2499//2165 2516//2166 2501//2167
f 2510//2168 2519//2168 2518//2168
f 2518//2169 2521//2169 2520//2169
f 3616//2170 2520//2170 3621//2170
f 3632//2171 2518//2171 3616//2171
f 2522//2172 2303//2172 2310//2172
f 2523//2173 2310//2173 2309//2173
f 2305//2174 2522//2175 2524//2176
f 2524//2177 2523//2177 2525//2177
f 2519//2178 2525//2179 2521//2180
f 2505//2181 2524//2181 2519//2181
f 2308//2182 2527//2182 2526//2182
f 2526//2183 2529//2183 2528//2183
f 2531//2184 2528//2184 2530//2184
f 2309//2185 2526//2185 2531//2185
f 1214//2186 2151//2187 1211//2188
f 2419//2189 2418//2189 2424//2189
f 2533//2190 2349//2191 2317//2192
f 2534//2193 2317//2194 2320//2195
f 2535//2196 2533//2196 2534//2196
f 2536//2197 2345//2197 2533//2197
f 2537//2198 2346//2198 2536//2198
f 2538//2199 2536//2199 2535//2199
f 2539//2200 2537//2200 2538//2200
f 2540//2201 2351//2201 2537//2201
f 2312//2202 2541//2203 2527//2204
f 2527//2205 2542//2205 2529//2205
f 2543//2206 2434//2207 2544//2208
f 2545//2209 2544//2209 2546//2209
f 2319//2210 2543//2210 2545//2210
f 2318//2211 2435//2211 2543//2211
f 2514//2212 2548//2212 2547//2212
f 2547//2213 2550//2213 2549//2213
f 2552//2214 2549//2214 2551//2214
f 2552//2215 2514//2215 2547//2215
f 2520//2216 2554//2217 2553//2218
f 2553//2219 2556//2219 2555//2219
f 3590//2220 2555//2220 3593//2220
f 3621//1016 2553//1016 3590//1016
f 2523//2221 2531//2221 2557//2221
f 2557//2222 2530//2222 2558//2222
f 2525//2223 2557//2223 2559//2223
f 2559//2224 2558//2224 2560//2224
f 2554//2225 2560//2225 2556//2225
f 2521//2226 2559//2227 2554//2228
f 2561//2229 2007//2229 2006//2229
f 2376//2230 2225//2230 2377//2230
f 2564//2231 2566//2232 2563//2233
f 2563//2234 338//2234 2567//2234
f 2569//2235 2567//2235 2568//2235
f 2570//2236 2563//2236 2569//2236
f 2572//2237 2574//2237 2571//2237
f 2571//2238 2576//2239 2575//2240
f 2544//2241 2575//2241 2546//2241
f 2544//2242 2572//2243 2571//2238
f 2578//2244 2569//2245 2577//2246
f 2579//2247 2569//2247 2568//2247
f 2574//2248 2579//2249 2576//2250
f 2573//2251 2577//2252 2574//2253
f 2581//2254 2583//2254 2580//2254
f 2584//2255 2583//2255 2585//2255
f 3697//2256 2580//2256 2584//2256
f 3676//2257 2580//2257 3675//2257
f 2582//2258 2552//2258 2583//2258
f 2583//2259 2551//2259 2585//2259
f 2500//2260 2589//2260 2588//2260
f 2590//2261 2589//2261 2591//2261
f 3693//2262 2588//2262 2590//2262
f 3695//2263 2500//2263 2588//2263
f 2501//2264 2591//2264 2589//2264
f 2592//2265 2594//2265 2595//2265
f 2386//2266 2503//2266 2502//2266
f 2596//2267 2386//2267 2374//2267
f 2596//2268 2373//2268 2597//2268
f 2599//2269 2597//2270 2598//2271
f 2599//2272 2379//2272 2596//2272
f 2600//2273 2380//2274 2599//2275
f 2600//2276 2598//2276 2601//2276
f 2603//2277 2601//2277 2602//2277
f 2603//2278 2446//2278 2600//2278
f 2604//2279 2602//2280 2605//2281
f 2440//2282 2605//2282 2434//2282
f 2444//2283 2604//2284 2440//2285
f 2606//2286 2581//2286 2607//2286
f 2606//2287 2590//2287 2591//2287
f 2591//2288 2582//2288 2606//2288
f 3676//2289 2456//2289 3689//2289
f 3689//2290 2372//2290 3693//2290
f 2478//2291 2608//2291 2481//2291
f 2609//2292 2611//2293 2199//2294
f 2564//2295 2613//2295 2612//2295
f 2612//2296 2598//2296 2597//2296
f 2457//2297 2597//2298 2373//2299
f 2565//2300 2612//2300 2457//2300
f 2614//2301 2570//2301 2578//2301
f 2615//2302 2578//2302 2573//2302
f 2602//2303 2614//2303 2615//2303
f 2601//2304 2613//2304 2614//2304
f 2572//2305 2605//2305 2616//2305
f 2616//2306 2602//2306 2615//2306
f 2573//2307 2616//2307 2615//2307
f 1459//2308 1045//2308 1021//2308
f 1265//2309 1079//2309 1082//2309
f 1612//2310 1609//2310 1611//2310
f 2067//2311 2069//2311 2068//2311
f 1135//2312 1136//2312 1148//2312
f 1938//2313 2618//2313 2617//2313
f 95//2314 458//2314 128//2314
f 2058//2315 1608//2315 1612//2315
f 1454//2316 1445//2316 1367//2316
f 655//2317 1048//2317 2619//2317
f 722//2318 2621//2318 723//2318
f 1131//2319 1033//2319 1134//2319
f 562//2320 366//2320 1497//2320
f 1723//2321 1725//2321 1591//2321
f 1786//2322 1122//2322 1787//2322
f 267//2323 323//2323 266//2323
f 1325//2324 1654//2324 2038//2324
f 1468//2325 1435//2325 1479//2325
f 658//2326 529//2327 528//2328
f 8//2329 247//2329 7//2329
f 382//2330 1559//2330 3//2330
f 788//2331 1307//2331 789//2331
f 940//2332 929//2332 928//2332
f 911//2333 2623//2333 912//2333
f 2621//2334 655//2334 654//2334
f 2624//2335 2625//2335 2626//2335
f 998//2336 27//2336 26//2336
f 635//2337 2626//2337 2625//2337
f 2627//2338 644//2338 1840//2338
f 2628//2339 1840//2339 2629//2339
f 1200//2340 2627//2340 2628//2340
f 1199//2341 641//2342 2627//2343
f 1520//2344 49//2344 477//2344
f 1452//2345 1349//2345 1451//2345
f 2630//2346 1859//2346 1858//2346
f 644//2347 1335//2347 1823//2347
f 1197//2348 717//2348 2632//2348
f 2632//2349 719//2349 1166//2349
f 2628//2350 1166//2350 1200//2350
f 2629//2351 2632//2351 2628//2351
f 1762//2352 1050//2352 821//2352
f 1823//2353 873//2353 1839//2353
f 2634//2354 794//2354 652//2354
f 1028//2355 1027//2355 1161//2355
f 1042//2356 2635//2356 1043//2356
f 93//2357 1901//2357 1924//2357
f 2036//2358 1458//2359 1455//2360
f 1527//2361 1525//2361 1526//2361
f 877//2362 1274//2362 1277//2362
f 134//2363 797//2363 1544//2363
f 1328//2364 931//2364 1329//2364
f 607//2365 1091//2365 1161//2365
f 1043//2366 2637//2366 2636//2366
f 2636//2367 2639//2367 2638//2367
f 1275//2368 2638//2368 1276//2368
f 1275//2369 1043//2370 2636//2371
f 1272//2372 2626//2372 2640//2372
f 2640//2373 638//2373 637//2373
f 1110//2374 2640//2374 637//2374
f 536//2375 2640//2376 2641//2377
f 1472//2378 1474//2378 1473//2378
f 2042//2379 1951//2379 649//2379
f 1058//2380 1105//2380 1059//2380
f 2642//2381 2643//2382 2644//2383
f 1192//2384 2644//2384 1193//2384
f 912//2385 2642//2385 1192//2385
f 3898//2386 3526//2386 3786//2386
f 1049//2387 2620//2387 2621//2387
f 616//2388 1885//2388 613//2388
f 1331//2389 666//2389 750//2389
f 990//2390 1198//2390 525//2390
f 1911//2391 321//2391 322//2391
f 1298//2392 1205//2392 2645//2392
f 76//2393 1504//2393 75//2393
f 1502//2394 421//2394 422//2394
f 610//2395 658//2395 691//2395
f 1146//2396 659//2396 938//2396
f 2646//2397 914//2397 936//2397
f 1280//2398 1238//2398 1279//2398
f 975//2399 2647//2399 2648//2399
f 2647//2400 975//2400 974//2400
f 1453//2401 1452//2401 1451//2401
f 1514//2402 158//2402 151//2402
f 835//2403 1843//2403 1842//2403
f 1271//2404 1173//2404 1289//2404
f 2649//2405 813//2405 2650//2405
f 1893//2406 1826//2406 1894//2406
f 1050//2407 1937//2407 1051//2407
f 2651//2408 814//2408 813//2408
f 1006//2409 1281//2409 977//2409
f 2653//2410 2654//2410 2655//2410
f 1001//2411 1003//2412 1002//2413
f 585//2414 679//2414 558//2414
f 2624//2415 621//2415 620//2415
f 555//2416 2028//2416 556//2416
f 1207//2417 1197//2417 2629//2417
f 1626//2418 478//2418 472//2418
f 426//2419 419//2420 1567//2421
f 1030//2422 1773//2422 1031//2422
f 3898//2423 634//2423 3880//2423
f 534//2424 138//2425 262//2426
f 1125//2427 1042//2428 1041//2429
f 333//2430 88//2430 227//2430
f 569//2431 561//2431 730//2431
f 1489//2432 871//2432 870//2432
f 1857//2433 620//2433 891//2433
f 1673//2434 3770//2434 3763//2434
f 622//2435 864//2435 1308//2435
f 2647//2436 974//2436 2657//2436
f 619//439 891//2437 620//437
f 261//2438 545//2438 262//2438
f 393//2439 1556//2439 404//2439
f 2658//2440 2647//2440 2657//2440
f 1075//2441 2657//2441 917//2441
f 1081//2442 2658//2442 1075//2442
f 1080//2443 2659//2443 2658//2443
f 2644//2444 1141//2444 2660//2444
f 2660//2445 1140//2445 1336//2445
f 642//2446 1336//2446 643//2446
f 1193//2447 2660//2448 642//2449
f 679//2450 555//2450 558//2450
f 1503//2451 1500//2451 1502//2451
f 1318//2452 1101//2452 1100//2452
f 2661//2453 1139//2453 1142//2453
f 2661//2454 2663//2454 2662//2454
f 2662//2455 2659//2455 2661//2455
f 2662//2456 2622//2457 2664//2458
f 2664//2459 911//2459 2646//2459
f 2648//2460 2646//2460 1146//2460
f 2648//2461 2662//2456 2664//2458
f 2083//2462 2093//2462 2081//2462
f 1442//2463 1437//2463 1439//2463
f 519//2464 330//2464 51//2464
f 1885//2465 1209//2465 613//2465
f 799//2466 805//2466 804//2466
f 1946//2467 1952//2467 1953//2467
f 1302//2468 1253//2468 1252//2468
f 566//2469 224//2469 533//2469
f 1389//2470 928//2470 1388//2470
f 683//2471 681//2471 680//2471
f 836//2472 1842//2472 2665//2472
f 2665//2473 1845//2473 1303//2473
f 2666//2474 1303//2475 1302//2476
f 24//2477 2665//2477 2666//2477
f 831//2478 2650//2478 832//2478
f 1845//2479 1304//2479 1303//2479
f 2010//2480 2012//2480 2011//2480
f 1051//2481 2667//2481 2668//2481
f 1522//2482 1511//2482 1523//2482
f 531//2483 441//2483 522//2483
f 782//2484 1251//2484 1250//2484
f 1250//2485 2625//2485 2669//2485
f 2669//2486 1857//2486 1856//2486
f 783//2487 1856//2487 1037//2487
f 782//2488 2669//2488 783//2488
f 720//2489 2671//2490 721//2491
f 1055//2492 1930//2493 1056//2494
f 1333//2495 1251//2495 2251//2495
f 619//2496 1308//2496 1307//2496
f 652//2497 2619//2497 2634//2497
f 521//2498 1539//2498 1540//2498
f 1838//2499 537//2499 2672//2499
f 2672//2500 536//2500 2641//2500
f 1113//2501 2641//2501 1110//2501
f 1113//2502 1838//2502 2672//2502
f 1016//2503 1351//2503 1045//2503
f 3897//2504 570//2504 3894//2504
f 226//2505 104//2505 101//2505
f 3564//2506 3827//2506 1818//2506
f 1036//2507 1884//2507 1883//2507
f 2674//2508 1304//2508 2673//2508
f 2673//2509 1844//2509 2675//2509
f 1334//2510 2675//2510 1039//2510
f 1333//2511 2673//2511 1334//2511
f 2676//2512 1039//2512 2675//2512
f 1843//2513 2675//2513 1844//2513
f 942//2514 2676//2514 1843//2514
f 1074//2515 702//2515 2676//2515
f 811//2516 859//2516 858//2516
f 752//2517 1055//2517 753//2517
f 1200//2518 656//2518 1026//2518
f 1120//2519 874//2519 2677//2519
f 2677//2520 877//2520 1052//2520
f 1241//2521 1052//2521 1005//2521
f 1119//2522 2677//2522 1241//2522
f 1560//2523 151//2523 1515//2523
f 1208//2524 611//2524 523//2524
f 215//2525 736//2525 214//2525
f 1460//2526 1462//2526 1461//2526
f 1208//2527 1839//2527 873//2527
f 854//2528 1282//2528 1297//2528
f 72//2529 182//2529 179//2529
f 544//2530 1565//2530 512//2530
f 217//2531 456//2531 457//2531
f 2047//2532 930//2532 945//2532
f 1204//2533 1937//2533 2633//2533
f 913//2534 686//2534 685//2534
f 840//2535 1113//2535 1112//2535
f 1531//2536 730//2536 561//2536
f 2678//2537 1283//2537 801//2537
f 601//2538 1914//2539 602//2540
f 1537//2541 459//2541 460//2541
f 1819//2542 3509//2543 3527//2544
f 991//2545 862//2545 538//2545
f 2679//2546 1073//2546 1830//2546
f 2680//2547 983//2547 2256//2547
f 779//2548 2256//2548 1263//2548
f 778//2549 2680//2549 779//2549
f 2678//2550 1830//2551 2680//2552
f 180//2553 245//2553 40//2553
f 1886//2554 1131//2554 1134//2554
f 1138//2555 1274//2555 1255//2555
f 1841//2556 1140//2557 1139//2558
f 75//2559 314//2559 74//2559
f 193//2560 420//2560 192//2560
f 2681//2561 1099//2561 1098//2561
f 170//2562 1565//2562 169//2562
f 349//2563 417//2563 432//2563
f 1121//2564 2684//2564 2683//2564
f 547//2565 409//2565 302//2565
f 123//2566 121//2566 120//2566
f 2643//2567 1142//2568 1141//2569
f 1542//2570 513//2570 1543//2570
f 899//2571 907//2571 919//2571
f 1210//2572 676//2573 867//2574
f 791//2575 982//2575 892//2575
f 24//2576 837//2576 836//2576
f 893//2577 932//2577 931//2577
f 1860//2578 863//2578 862//2578
f 535//2579 862//2579 861//2579
f 832//2580 813//2580 812//2580
f 2650//2581 813//2581 832//2581
f 1569//2582 1547//2582 1568//2582
f 181//2583 542//2583 180//2583
f 660//2584 937//2584 688//2584
f 2013//2585 568//2585 2012//2585
f 887//2586 2631//2586 2630//2586
f 1524//2587 361//2587 78//2587
f 520//2588 162//2588 1529//2588
f 2653//2589 854//2589 2685//2589
f 1238//2590 2655//2590 2686//2590
f 718//2591 527//2591 530//2591
f 1492//2592 518//2592 1491//2592
f 792//2593 615//2593 793//2593
f 599//2594 1835//2594 596//2594
f 290//2595 456//2595 175//2595
f 312//2596 1552//2596 425//2596
f 1248//2597 1179//2597 1249//2597
f 153//2598 177//2598 178//2598
f 1240//2599 1222//2599 1221//2599
f 1257//2600 1235//2600 1071//2600
f 1291//2601 1083//2601 1222//2601
f 1052//2602 1277//2602 1053//2602
f 743//2603 2618//2603 1204//2603
f 444//2604 430//2604 443//2604
f 23//2605 1172//2605 1187//2605
f 2687//2606 1180//2606 1179//2606
f 102//2607 409//2607 134//2607
f 1283//2608 610//2608 801//2608
f 373//2609 650//2609 651//2609
f 1180//2610 1084//2610 1291//2610
f 855//2611 2655//2611 1237//2611
f 1173//2612 1917//2612 1174//2612
f 2689//2613 853//2613 2688//2613
f 2688//2614 1108//2614 1279//2614
f 2686//2615 1279//2615 1238//2615
f 2687//2616 2688//2616 2686//2616
f 2691//2617 1252//2618 2690//2619
f 2690//2620 850//2620 2689//2620
f 1248//2621 2689//2621 2687//2621
f 1248//2622 2691//2622 2690//2622
f 2692//2623 24//2623 2666//2623
f 2691//2624 2666//2624 1302//2624
f 1247//2625 2692//2625 2691//2625
f 1258//2626 617//2626 2692//2626
f 394//2627 1555//2627 393//2627
f 2693//2628 1259//2628 1223//2628
f 1072//2629 1262//829 1261//828
f 1257//2630 1168//2630 1258//2630
f 398//2631 1555//2631 1554//2631
f 871//2632 1314//2632 872//2632
f 1178//2633 1249//2633 1179//2633
f 1224//2634 1173//2634 1172//2634
f 1010//2635 2618//2635 742//2635
f 1175//2636 1292//2636 1269//2636
f 2654//2637 2686//2637 2655//2637
f 2694//2638 1216//2638 1264//2638
f 71//2639 1487//2640 70//2641
f 701//2642 1111//2642 1038//2642
f 1072//2643 2649//2643 2650//2643
f 1085//2644 22//2644 21//2644
f 895//2645 1264//2646 896//2647
f 1601//2648 1605//2648 1604//2648
f 1259//2649 1271//2649 1289//2649
f 21//2650 1220//2650 1083//2650
f 988//2651 538//2651 537//2651
f 598//2652 1336//2652 1140//2652
f 820//2653 1762//2653 821//2653
f 1050//2654 818//2654 821//2654
f 1298//2655 1761//2655 2652//2655
f 1168//2656 618//2657 617//2658
f 858//2659 1256//2659 833//2659
f 39//2660 516//2660 1536//2660
f 2652//2661 819//2662 814//2663
f 313//2664 315//2664 314//2664
f 2026//2665 1971//2665 2027//2665
f 2656//2666 596//2666 1835//2666
f 814//2667 818//2667 811//2667
f 2696//2668 813//2668 2649//2668
f 1260//2669 2649//2669 1261//2669
f 2693//2670 2696//2670 1260//2670
f 2697//2671 2651//2672 2696//2673
f 381//2674 390//2674 380//2674
f 3818//2675 1611//2675 1609//2675
f 1475//2676 1428//2676 1227//2676
f 1292//2677 1917//2677 1235//2677
f 1551//2678 354//2678 1518//2678
f 1526//2679 1523//2679 1511//2679
f 1593//2680 1595//2680 1573//2680
f 1232//2681 1246//2681 1249//2681
f 2695//2682 1223//2682 22//2682
f 2698//2683 1296//2683 2697//2683
f 2698//2684 2693//2684 2695//2684
f 2685//2685 2695//2685 1085//2685
f 2685//2686 1297//2686 2698//2686
f 562//2687 271//2687 272//2687
f 2652//2688 1296//2688 1298//2688
f 1365//2689 1364//2689 1363//2689
f 1958//2690 1953//2691 1957//2692
f 585//2693 2210//2693 997//2693
f 1561//2694 1515//2694 435//2694
f 975//2695 1146//2695 976//2695
f 347//2696 68//2697 346//2698
f 1038//2699 636//2699 1068//2699
f 2700//2700 780//2700 2699//2700
f 2699//2701 1036//2701 1883//2701
f 2701//2702 1883//2702 1829//2702
f 851//2703 2699//2703 2701//2703
f 2674//2704 2251//2704 2702//2704
f 2702//2705 781//2705 2700//2705
f 1253//2706 2700//2706 851//2706
f 1301//2707 2702//2708 1253//2709
f 1519//2710 388//2710 1550//2710
f 1273//2711 1280//2711 2703//2711
f 2703//2712 1107//2712 852//2712
f 2701//2713 852//2713 851//2713
f 1829//2714 2703//2714 2701//2714
f 91//2715 326//1030 90//1032
f 1784//2716 2656//2716 1785//2716
f 2683//2717 2705//2717 2704//2717
f 604//2718 3499//2719 3533//2720
f 1669//2721 3548//2721 1662//2721
f 2062//2722 2060//2722 2059//2722
f 621//2723 861//2724 622//2725
f 2023//2726 732//2726 2024//2726
f 686//2727 1263//2728 687//2729
f 857//2730 2668//2730 1328//2730
f 883//2731 882//2731 879//2731
f 637//2732 1111//2732 1110//2732
f 2668//2733 893//2733 1328//2733
f 2667//2734 894//2734 2668//2734
f 1039//2735 1068//2735 1334//2735
f 313//2736 1504//2736 1505//2736
f 1911//2737 305//2737 453//2737
f 1936//2738 1964//2738 2212//2738
f 2707//2739 2401//2739 2183//2739
f 2708//2740 2183//2740 2182//2740
f 738//2741 2116//2742 554//2743
f 2349//2744 2432//2744 2436//2744
f 2711//2745 2020//2745 2019//2745
f 2400//2746 2019//2746 2186//2746
f 2714//2747 2716//2747 2713//2747
f 2717//2748 2719//2748 2720//2748
f 2721//2749 2723//2750 2724//2751
f 2726//2752 2728//2752 2725//2752
f 2725//2753 2730//2753 2729//2753
f 2731//2754 2729//2754 2709//2754
f 2732//2755 2725//2755 2731//2755
f 2734//2756 2736//2756 2733//2756
f 2738//2757 2740//2757 2737//2757
f 2737//2758 2741//2758 2742//2758
f 2744//2759 2746//2759 2743//2759
f 2745//2760 2748//2760 2747//2760
f 2749//2761 2747//2761 2751//2761
f 2753//2762 2751//2762 2752//2762
f 2250//2763 2246//2763 2248//2763
f 2754//2764 1614//2764 2755//2764
f 3598//2765 2755//2765 3609//2765
f 3608//2766 2747//2766 3609//2766
f 1617//2767 2755//2767 1614//2767
f 2242//2768 1620//2768 2757//2768
f 2191//2769 2760//2769 2759//2769
f 2761//2770 2760//2770 2762//2770
f 3648//2771 2761//2771 3649//2771
f 3623//2772 2759//2772 3648//2772
f 3209//2773 3223//2773 3224//2773
f 1395//2774 2236//2774 2235//2774
f 1395//2775 1636//2775 1615//2775
f 1616//2776 2229//2776 2233//2776
f 1617//2777 2763//2777 2756//2777
f 2756//2778 3628//2778 3608//2778
f 2765//2779 2234//2779 1630//2779
f 2766//2780 3628//2780 3622//2780
f 3202//2781 3246//2781 3247//2781
f 1516//2782 435//2782 1515//2782
f 2768//2783 3552//2783 3553//2783
f 1495//2784 578//2785 1424//2786
f 2135//2787 28//2787 17//2787
f 3526//2788 2773//2788 2774//2788
f 1690//2789 3926//2789 3925//2789
f 2778//2790 2780//2790 2777//2790
f 2777//2791 2781//2792 2782//2793
f 2784//2794 2777//2794 2783//2794
f 3555//2795 575//2796 576//2797
f 1494//2798 9//2798 540//2798
f 3529//2799 2015//2799 3566//2799
f 451//2800 505//2800 450//2800
f 2786//2801 2788//2801 2785//2801
f 2779//2802 2785//2802 2780//2802
f 2789//2803 2741//2803 2740//2803
f 2790//2804 2752//2804 2789//2804
f 2792//2805 2794//2805 2791//2805
f 2793//2806 2796//2806 2794//2806
f 2796//2807 2750//2807 2749//2807
f 2794//2808 2749//2808 2753//2808
f 2798//2809 1396//2809 2754//2809
f 3591//2810 2754//2810 3598//2810
f 2798//2811 2800//2811 1393//2811
f 3591//2812 2799//2812 2798//2812
f 2797//2813 2795//2813 2801//2813
f 2791//2814 2753//2814 2790//2814
f 216//2815 232//2815 54//2815
f 3804//2816 2807//2817 3803//2818
f 3805//2819 2804//2820 3803//2821
f 2769//2822 3557//2822 3552//2822
f 183//2823 184//2823 97//2823
f 2811//2824 2775//2825 2776//2826
f 2804//2827 2776//2827 2805//2827
f 2809//2828 2811//2828 2804//2828
f 2812//2829 2813//2829 2814//2829
f 3805//2830 2816//2831 3795//2832
f 3796//2833 2815//2834 3795//2835
f 3798//2836 2820//2836 2821//2836
f 3793//2837 2819//2837 3798//2837
f 2824//2838 2735//2838 2819//2838
f 2823//2839 2824//2839 2819//2839
f 2825//2840 2826//2840 2724//2840
f 3793//2841 2827//2841 3792//2841
f 3796//2842 2826//2843 3792//2844
f 2713//2845 2829//2845 2828//2845
f 2828//2846 2831//2846 2830//2846
f 2822//2847 2828//2847 2830//2847
f 2821//2848 2713//2848 2828//2848
f 2832//2849 2822//2849 2830//2849
f 2833//2850 2830//2850 2831//2850
f 2834//2851 2832//2851 2833//2851
f 2835//2852 2827//2852 2832//2852
f 2837//2853 2839//2853 2836//2853
f 2836//2854 2841//2854 2840//2854
f 2842//2855 2840//2855 2727//2855
f 2843//2856 2836//2856 2842//2856
f 2840//2857 2845//2857 2844//2857
f 2718//2858 2845//2858 2719//2858
f 2730//2859 2844//2859 2718//2859
f 2727//2860 2844//2860 2728//2860
f 2846//2861 2719//2861 2845//2861
f 2846//2862 2841//2862 2847//2862
f 2829//2863 2847//2863 2831//2863
f 2829//2864 2716//2864 2846//2864
f 2847//2865 2839//2865 2848//2865
f 2848//2866 2838//2866 2849//2866
f 2833//2867 2849//2867 2834//2867
f 2831//2868 2848//2868 2833//2868
f 2850//2869 2851//2869 2852//2869
f 2853//2870 2852//2870 2854//2870
f 2783//2871 2782//2871 2855//2871
f 2785//2872 2853//2873 2856//2874
f 2780//2875 2856//2875 2781//2875
f 2857//2876 2855//2876 2782//2876
f 2859//2877 2782//2878 2781//2879
f 2861//2880 2842//2880 2860//2880
f 2860//2881 2727//2881 2726//2881
f 2862//2882 2726//2882 2732//2882
f 2863//2883 2860//2883 2862//2883
f 2861//2884 2858//2884 2857//2884
f 2843//2885 2857//2885 2859//2885
f 2856//2886 2854//2886 2864//2886
f 2781//2887 2864//2888 2859//2889
f 2837//2890 2859//2890 2864//2890
f 2838//2891 2864//2891 2854//2891
f 2852//2892 2834//2892 2849//2892
f 2854//2893 2849//2893 2838//2893
f 2865//2894 2818//2895 2835//2896
f 2851//2897 2835//2897 2834//2897
f 2813//2898 2815//2898 2865//2898
f 2814//2899 2865//2899 2851//2899
f 2866//2900 2814//2900 2850//2900
f 2788//2901 2850//2901 2853//2901
f 2866//2902 2787//2902 2867//2902
f 2812//2903 2867//2904 2775//2905
f 1892//2906 1890//2906 1891//2906
f 2720//2907 2846//2907 2870//2907
f 298//2908 256//2908 257//2908
f 2872//2909 2713//2909 2820//2909
f 3794//2910 2735//2911 2734//2912
f 2729//2913 2874//2913 2873//2913
f 2846//2914 2715//2914 2870//2914
f 2876//2915 2878//2916 2875//2917
f 2733//2918 2878//2919 2734//2920
f 3806//2921 2879//2921 2880//2921
f 3806//2922 2872//2922 3794//2922
f 2882//2923 2884//2923 2881//2923
f 2881//2924 2715//2924 2714//2924
f 2880//2925 2714//2925 2872//2925
f 2879//2926 2881//2926 2880//2926
f 2885//2927 2887//2928 2888//2929
f 2888//2930 2890//2930 2885//2930
f 2885//2931 2892//2932 2891//2933
f 2893//2934 2885//2931 2891//2933
f 1942//2935 2532//2935 2894//2935
f 2895//2936 2720//2936 2870//2936
f 2884//2937 2870//2937 2715//2937
f 2883//2938 2895//2938 2884//2938
f 2896//2939 2892//2939 2895//2939
f 2889//2940 2717//2940 2890//2940
f 2890//2941 2720//2941 2892//2941
f 2897//2942 2891//2942 2896//2942
f 2898//2943 2896//2943 2883//2943
f 2899//2944 2883//2944 2882//2944
f 2900//2945 2882//2945 2879//2945
f 3797//2946 2879//2946 3807//2946
f 2876//2947 2901//2948 2877//2949
f 2901//2950 2904//2950 2903//2950
f 1785//2951 1835//2951 1834//2951
f 2905//2952 2899//2952 2900//2952
f 2907//2953 2897//2953 2898//2953
f 3797//2954 2903//2954 3799//2954
f 632//2955 577//2955 633//2955
f 3532//2956 2867//2956 2787//2956
f 434//2957 550//2957 350//2957
f 2768//2958 3640//2958 3643//2958
f 2910//2959 1623//2959 2249//2959
f 2241//2960 2758//2961 2242//2962
f 3640//2963 2913//2963 3652//2963
f 1623//2964 2757//2965 1620//2966
f 3587//2967 2757//2967 3652//2967
f 2229//2968 1380//2968 2250//2968
f 2765//2969 1629//2969 2914//2969
f 2915//2970 1629//2970 2912//2970
f 3642//2971 2914//2971 2915//2971
f 3641//2972 2765//2973 2914//2974
f 2919//2975 3642//2975 3613//2975
f 2918//2976 2912//2976 2241//2976
f 3614//2977 2241//2977 3586//2977
f 3618//2978 3613//2978 3670//2978
f 3541//2979 2180//2979 3496//2979
f 3521//2980 2188//2980 3506//2980
f 3705//2981 714//2981 3851//2981
f 2925//2982 2917//2982 2924//2982
f 2924//2983 2916//2983 2919//2983
f 3610//2984 2919//2984 3618//2984
f 3611//2985 2924//2985 3610//2985
f 2926//2986 2766//2987 2925//2986
f 3658//2988 2925//2988 3611//2988
f 1715//2989 1705//2989 1710//2989
f 785//2990 498//2990 796//2990
f 1387//2991 565//2991 1791//2991
f 374//1816 1899//2992 560//1814
f 3573//2993 2206//2993 3556//2993
f 2929//2994 2886//2994 2893//2994
f 2932//2995 2934//2995 2931//2995
f 1905//2996 1908//2997 1907//2998
f 2930//2999 2936//2999 2937//2999
f 2938//3000 2930//3000 2929//3000
f 1493//3001 517//3001 518//3001
f 1603//3002 1586//3002 1602//3002
f 2939//3003 2929//3003 2908//3003
f 2940//3004 2908//3004 2907//3004
f 3665//3005 1600//3005 3661//3006
f 2886//3007 2937//3007 2887//3007
f 2906//3008 2898//3008 2899//3008
f 2908//3009 2893//3009 2897//3009
f 2942//3010 2933//3010 2941//3010
f 2941//3011 2937//3012 2936//3013
f 3501//3014 2936//3014 3513//3014
f 3498//3015 2941//3015 3501//3015
f 2943//3016 2710//3016 2873//3016
f 2943//3017 2874//3017 2889//3017
f 2945//3018 2889//3018 2888//3018
f 2946//3019 2943//3019 2945//3019
f 2932//3020 2888//3020 2887//3020
f 2931//3021 2945//3021 2932//3021
f 727//3022 1929//3022 728//3022
f 2903//3023 2947//3023 2948//3023
f 545//3024 42//3024 262//3024
f 1480//3025 533//3025 251//3025
f 2907//3026 2949//3026 2940//3026
f 2906//3027 2950//3027 2949//3027
f 1558//3028 215//3028 202//3028
f 3799//3029 2948//3029 3801//3029
f 2054//1525 1644//3030 2118//3031
f 3705//3032 2203//3032 3573//3032
f 1828//3033 1849//3033 1827//3033
f 2953//3034 2955//3034 2952//3034
f 2952//3035 2957//3036 2956//3037
f 2956//3038 2258//3038 2952//3038
f 2953//3039 2258//3039 2257//3039
f 2454//3040 2474//3040 2496//3040
f 3747//3041 2959//3041 3766//3041
f 3747//3042 2131//3042 3737//3042
f 2961//3043 2963//3043 2958//3043
f 2958//3044 2964//3044 2959//3044
f 222//3045 2485//3045 2965//3045
f 2477//3046 2966//3046 2608//3046
f 2631//3047 2006//3047 1859//3047
f 2384//3048 2496//3048 2497//3048
f 2967//3049 2959//3049 2964//3049
f 2968//3050 2970//3051 2969//3052
f 3759//3053 2971//3053 3784//3053
f 3784//3054 2960//3054 3766//3054
f 2972//3055 2033//3055 2032//3055
f 2007//3056 2973//3056 2008//3056
f 3560//3057 2134//3057 2133//3057
f 1836//3058 1832//3058 1831//3058
f 3506//3059 2090//3060 3551//3061
f 955//3062 959//3062 956//3062
f 672//3063 674//3063 673//3063
f 633//3064 713//3064 632//3064
f 2024//3065 733//3065 803//3065
f 2025//1678 803//3066 798//1671
f 425//3067 1550//3067 388//3067
f 2975//3068 888//3068 887//3068
f 1319//3069 1157//3069 2694//3069
f 1212//3070 2977//3070 1213//3070
f 889//3071 2228//3071 2227//3071
f 1978//3072 1975//3072 1979//3072
f 1138//3073 1329//3073 915//3073
f 751//3074 2979//3074 2978//3074
f 1619//3075 1625//3075 1624//3075
f 2252//3076 1728//3076 1727//3076
f 1157//3077 845//3077 1216//3077
f 2706//3078 1938//3078 2617//3078
f 2980//3079 2254//3080 2981//3081
f 2982//3082 887//3082 2630//3082
f 802//3083 711//3083 2679//3083
f 678//3084 2029//3084 2028//3084
f 527//3085 690//3085 528//3085
f 1839//3086 2629//3086 1840//3086
f 2983//3087 602//2540 1914//2539
f 2983//3088 1913//3088 1331//3088
f 2985//3089 1331//3089 1054//3089
f 2986//3090 2983//3090 2985//3090
f 2987//3091 2635//3091 2634//3091
f 2985//3092 2639//3092 2986//3092
f 2990//3093 1318//3093 2989//3093
f 2991//3094 2993//3094 2994//3094
f 2995//3095 2994//3095 2996//3095
f 1106//3096 2991//3096 2995//3096
f 1058//3097 2992//3097 2991//3097
f 1415//3098 1365//3098 1367//3098
f 1317//3099 2217//3100 2997//3101
f 1932//3102 2255//3102 2980//3102
f 926//3103 2999//3103 664//3103
f 3001//3104 2992//3105 3000//3106
f 3000//3107 1057//3107 2978//3107
f 2999//3108 2978//3108 2979//3108
f 2998//3109 3000//3109 2999//3109
f 3002//3110 2209//3110 3003//3110
f 3002//3111 2996//3111 2994//3111
f 2993//3112 3002//3112 2994//3112
f 3001//3113 2998//3113 3002//3113
f 1103//3114 2995//3114 3004//3114
f 3004//3115 2996//3115 3003//3115
f 2209//3116 3004//3116 3003//3116
f 588//3117 3004//3117 2210//3117
f 295//3118 433//3118 381//3118
f 2638//3119 2988//3119 3005//3119
f 3005//3120 1056//2494 1930//2493
f 1305//3121 1930//1505 1306//1504
f 1276//3122 3005//3122 1305//3122
f 1987//3123 1993//3123 1989//3123
f 2633//3124 1761//3124 2645//3124
f 1423//3125 1417//3125 1419//3125
f 3561//3126 739//3127 703//3128
f 2671//3129 2704//3129 2705//3129
f 1473//3130 2035//3131 1472//1795
f 922//3132 2694//3133 895//3134
f 1401//3135 1378//3135 1384//3135
f 556//3136 1884//3136 1037//3136
f 842//3137 3825//3137 3836//3137
f 1854//3138 2617//3138 1010//3138
f 933//3139 1081//3139 1075//3139
f 1440//3140 1436//3141 1437//3142
f 529//3143 719//3143 530//3143
f 1031//3144 1027//3144 1028//3144
f 777//3145 912//3145 1871//3145
f 2645//3146 1204//3146 2633//3146
f 441//3147 1538//3147 1537//3147
f 790//3148 587//3148 586//3148
f 2065//3149 1610//3149 1607//3149
f 1860//3150 990//3150 902//3150
f 60//3151 87//3151 59//3151
f 1424//3152 1948//3152 1947//3152
f 332//3153 1507//3153 331//3153
f 261//3154 138//3154 135//3154
f 187//3155 449//3155 507//3155
f 1719//3156 1726//3156 1725//3156
f 1931//3157 1059//3157 3006//3157
f 3006//3158 1105//3159 1104//3160
f 1287//3161 1104//3161 587//3161
f 1286//3162 3006//3162 1287//3162
f 3007//3163 3009//3164 3010//3165
f 3009//3166 653//3166 795//3166
f 618//3167 26//3167 25//3167
f 2029//3168 1210//3168 1209//3168
f 957//3169 600//3170 2228//3171
f 1049//3172 2228//3172 600//3172
f 2631//3173 3011//3173 2561//3173
f 890//3174 2227//3174 3011//3174
f 3011//3175 2145//3175 3012//3175
f 2561//3176 3012//3176 2375//3176
f 1026//3177 609//3177 608//3177
f 2706//3178 1961//3178 1964//3178
f 3013//3179 2485//3179 3014//3179
f 2148//3180 1267//3180 3015//3180
f 3015//3181 1266//3181 1311//3181
f 2997//3182 1101//3182 1317//3182
f 642//3183 1773//3183 1193//3183
f 186//3184 461//3184 511//3184
f 1041//3185 1320//3185 901//3185
f 1121//705 3017//3186 1122//703
f 2984//3187 2987//3187 3018//3187
f 3018//3188 2634//3188 2619//3188
f 1048//3189 3018//3189 2619//3189
f 603//3190 2984//3190 3018//3190
f 2679//3191 801//3191 802//3191
f 2062//3192 2074//3192 2061//3192
f 2061//3193 2076//3194 2064//3195
f 414//3196 1545//3196 1965//3196
f 3016//3197 2683//3197 3019//3197
f 3019//3198 2704//3198 2670//3198
f 3020//3199 2670//3199 720//3199
f 3007//3200 3019//3200 3020//3200
f 1871//3201 1091//3201 777//3201
f 3021//3202 1122//3202 3017//3202
f 3022//3203 3017//3203 3010//3203
f 1314//3204 3022//3204 1315//3204
f 1784//3205 3021//3206 1314//3207
f 1316//3208 1763//3208 611//3208
f 3023//3209 3010//3209 3009//3209
f 3023//3210 795//3210 1092//3210
f 1763//3211 1092//3212 1125//3213
f 1315//3214 3023//3214 1763//3214
f 3016//3215 3010//3216 3017//3217
f 752//3218 2978//3218 1057//3218
f 2986//3219 2637//3219 2987//3219
f 3024//3220 653//3220 3008//3220
f 3020//3221 3008//3221 3007//3221
f 720//3222 3024//3222 3020//3222
f 723//3223 654//3223 3024//3223
f 2681//3224 1268//3224 3025//3224
f 2671//2490 1268//3225 721//2491
f 2705//3226 3025//3226 2671//3226
f 1313//3227 3027//3228 1311//3229
f 3026//3230 3029//3230 3027//3230
f 3027//3231 3030//3231 3031//3231
f 1311//3232 3031//3232 3015//3232
f 2012//3233 731//3233 2023//3233
f 917//3234 974//3234 977//3234
f 743//3235 856//3235 744//3235
f 1888//3236 2030//3236 1425//3236
f 2682//3237 2684//3238 3032//3239
f 3032//3240 1124//3240 2989//3240
f 1100//3241 2989//3241 1318//3241
f 1099//3242 3032//3243 1100//3244
f 1123//3245 2989//3245 1124//3245
f 3033//3246 1159//3246 1158//3246
f 2990//3247 1158//3247 1319//3247
f 1123//3248 3033//3248 2990//3248
f 1786//3249 1834//3249 3033//3249
f 1054//3250 2988//3250 2985//3250
f 2979//3251 664//3251 2999//3251
f 2623//3252 2663//3252 2643//3252
f 1095//3253 688//3253 687//3253
f 3034//3254 2261//3254 2956//3254
f 3036//3255 2956//3255 2957//3255
f 3037//3256 3034//3257 3036//3258
f 3038//3259 3035//3260 3034//3257
f 3040//3261 3026//3261 1313//3261
f 2263//3262 3041//3263 3040//3264
f 3042//3265 3043//3266 3041//3267
f 3041//3268 3028//3268 3026//3268
f 3044//3269 3043//3269 3039//3269
f 3046//3270 3045//3270 3044//3270
f 3047//3271 3049//3271 3045//3271
f 3043//3272 3049//3272 3028//3272
f 3038//3273 3051//3273 3050//3273
f 3050//3274 3053//3274 3052//3274
f 3052//3275 3044//3276 3050//3277
f 3039//3278 3050//3277 3044//3276
f 3054//3279 3039//3279 3042//3279
f 3042//3280 2262//3280 3054//3280
f 2261//3281 3054//3281 2262//3281
f 2216//3282 2997//3282 2217//3282
f 2212//3283 2667//3284 1936//3285
f 3056//3286 2209//3286 3055//3286
f 934//3287 1961//3287 1854//3287
f 2013//3288 3757//3288 567//3288
f 3058//3289 3060//3289 3061//3289
f 3059//3290 3063//3290 3060//3290
f 3060//3291 2213//3292 1963//3293
f 3061//3294 1963//3294 1962//3294
f 3063//3295 2214//3295 2213//3295
f 3062//3296 3064//3296 3063//3296
f 3065//3297 2260//3298 3064//3299
f 3064//3300 2215//3300 2214//3300
f 3066//3301 3031//3301 3030//3301
f 2608//3302 3067//3302 3066//3302
f 2966//3303 3068//3303 3067//3303
f 3031//3304 3068//3304 3015//3304
f 2455//3305 2461//3305 2474//3305
f 2476//3306 2226//3306 2477//3306
f 3551//3307 2089//3308 3525//3307
f 3526//3309 3769//3310 3786//3311
f 433//3312 355//3312 381//3312
f 2115//3313 1419//3313 2123//3313
f 3509//3314 2922//3314 3527//3314
f 3769//3315 2131//3315 2134//3315
f 3069//3316 2167//3317 2166//3318
f 2971//3319 2928//3319 2960//3319
f 2961//3320 2773//3321 2962//3322
f 3070//3323 2478//3323 2483//3323
f 2610//3324 3071//3324 2954//3324
f 2502//3325 2374//3325 2386//3325
f 3072//3326 2595//3326 3073//3326
f 2964//3327 3052//3327 2967//3327
f 3048//3328 3074//3328 3049//3328
f 2593//3329 3075//3329 3074//3329
f 3075//3330 3029//3330 3074//3330
f 3074//3331 3028//3331 3049//3331
f 3072//3332 3075//3332 2592//3332
f 3076//3333 2482//3334 2481//3335
f 2481//3336 3066//3336 3076//3336
f 3076//3337 3030//3337 3075//3337
f 2967//3338 3053//3338 2970//3338
f 2482//3339 3073//3340 2483//3341
f 479//3342 493//3342 494//3342
f 706//879 3873//3343 709//877
f 3561//3344 2221//1862 3517//1864
f 2013//3345 3754//3346 3755//3347
f 3533//3348 2016//3348 3529//3348
f 3562//3349 2222//3350 2974//3351
f 1171//3352 1155//3352 1176//3352
f 2586//3353 2565//3353 2587//3353
f 2982//3354 113//3354 2484//3354
f 2562//3355 3077//3355 3068//3355
f 2376//3356 3012//3357 3077//3358
f 3012//3359 2148//3360 3077//3361
f 3077//3362 3015//3362 3068//3362
f 2963//3363 3046//3363 2964//3363
f 3051//3364 2970//3364 3053//3364
f 1683//3365 491//3365 775//3365
f 3850//3366 1447//3366 3860//3366
f 1986//3367 3734//3367 3768//3367
f 3079//3368 2546//3368 2575//3368
f 3081//3369 2575//3369 2576//3369
f 1983//3370 3768//3370 3765//3370
f 3082//3371 2319//3371 2545//3371
f 3080//3372 2545//3372 2546//3372
f 3734//3373 3082//3373 3080//3373
f 3732//3374 2323//3374 3082//3374
f 1309//3375 1888//3376 748//3377
f 3073//3378 2772//3378 2771//3378
f 2760//3379 3084//3379 2762//3379
f 2760//3380 2088//3380 3083//3380
f 3085//3381 3086//3381 3087//3381
f 3089//3382 3090//3382 3088//3382
f 3089//3383 3084//3383 3085//3383
f 3092//3384 3090//3384 3091//3384
f 3093//3385 2744//3385 2743//3385
f 2751//3386 2748//3386 3093//3386
f 3093//3387 2752//3387 2751//3387
f 2742//3388 3093//3388 3094//3388
f 3094//3389 2743//3389 3095//3389
f 3096//3390 3098//3390 3087//3390
f 3099//3391 3087//3391 3086//3391
f 3097//3392 3095//3392 3098//3392
f 3100//3393 2746//3393 3101//3393
f 3101//3394 3102//3394 3100//3394
f 2764//3395 2927//3395 3101//3395
f 2745//3396 3101//3396 2746//3396
f 3102//3397 3091//3397 3100//3397
f 3100//3398 3095//3398 2743//3398
f 2869//3399 3592//3399 3634//3399
f 3102//3400 3104//3401 3092//3402
f 3658//3403 2869//3403 3634//3403
f 2927//3404 3103//3404 3102//3404
f 3098//3405 3091//3405 3090//3405
f 3087//3406 3090//3406 3085//3406
f 2088//3407 3105//3407 3083//3407
f 3083//3408 3086//3408 3084//3408
f 2483//3409 2771//3409 3070//3409
f 2401//3410 2185//3410 2321//3410
f 3099//3411 3105//3411 3106//3411
f 2125//3412 3106//3412 3105//3412
f 3108//3413 2742//3413 3107//3413
f 3107//3414 3094//3415 3097//3416
f 3110//3417 3107//3417 3109//3417
f 3109//3418 3097//3418 3096//3418
f 3111//3419 3096//3419 3099//3419
f 3112//3420 3109//3421 3111//3422
f 3113//3423 2737//3423 3108//3423
f 3115//3424 2722//3424 3114//3424
f 3117//3425 3114//3425 3116//3426
f 3119//3427 3116//3427 3118//3427
f 3118//3428 3120//3428 3121//3428
f 3116//3429 3113//3429 3120//3429
f 3122//3430 3111//3431 3123//3432
f 3122//3433 1755//3433 1754//3433
f 3124//3434 3126//3435 3127//3436
f 3125//3437 3121//3437 3126//3437
f 3128//3438 3118//3439 3125//3440
f 3129//3441 3125//3441 3124//3441
f 2020//3442 3128//3438 3129//3443
f 3853//3444 1346//3444 1352//3444
f 1065//3445 1047//3445 1066//3445
f 1814//3446 3830//3447 1649//3448
f 2021//3449 3129//3449 3130//3449
f 3111//3450 3106//3450 3123//3450
f 3123//3451 2207//3451 1755//3451
f 2377//3452 2224//3453 2973//3454
f 3014//3455 113//3455 112//3455
f 1756//3456 3782//3457 3767//3456
f 3131//3458 2530//3459 2528//3460
f 3133//3461 2528//3461 2529//3461
f 1753//3462 3767//3462 3775//3462
f 3134//3463 3127//3464 3135//3465
f 2327//3466 2314//3466 2313//3466
f 2436//3467 2317//2192 2349//2191
f 2018//3468 3711//3468 3712//3468
f 2534//3469 3137//3469 2535//3469
f 2320//3470 3136//3471 2534//3472
f 2185//3473 3712//3473 3771//3473
f 3138//3474 2542//3474 2539//3474
f 3134//3475 3744//3476 3745//3477
f 3785//3478 3134//3475 3745//3477
f 3140//3479 2539//3479 2538//3479
f 2535//3480 3140//3480 2538//3480
f 3711//3481 3130//3481 3785//3481
f 2558//3482 3132//3482 3141//3482
f 3782//3483 3141//3484 3132//3485
f 2560//3486 3141//3487 3142//3488
f 3760//3489 3142//3488 3141//3487
f 958//3490 2976//3490 2981//3490
f 1933//3491 2980//3491 3143//3491
f 2399//3492 2418//3492 2416//3492
f 2348//3493 2343//3494 2432//3495
f 2322//3496 2319//3496 2323//3496
f 2718//3497 2874//3497 2730//3497
f 2709//3498 2873//3498 2710//3498
f 2894//3499 1361//3499 1942//3499
f 346//2698 176//3500 347//2696
f 1876//3501 1882//3501 1881//3501
f 2802//3502 3607//3503 3592//3504
f 3104//3505 3088//3505 3092//3505
f 2974//3506 3649//3507 3603//3508
f 3089//3509 2761//3510 2762//3511
f 3088//3512 3145//3512 3089//3512
f 2803//3513 3603//3514 3607//3515
f 3870//3516 692//3516 628//3516
f 2123//3517 1418//3517 2126//3517
f 1365//3518 1368//3518 1367//3518
f 1581//3519 1782//3519 1783//3519
f 3569//3520 2129//3520 3520//3520
f 3555//3521 2002//3522 3521//3523
f 3146//3524 2551//3524 3147//3524
f 3751//3525 3147//3525 3750//3525
f 3742//3526 3146//3526 3751//3526
f 3149//3527 2585//3528 3146//3529
f 3196//3530 3197//3530 3195//3530
f 3604//3531 2191//3532 3623//3533
f 3142//3534 2556//3534 2560//3534
f 3777//3535 3150//3535 3142//3535
f 3646//3536 2550//3536 3593//3536
f 3150//3537 2555//3538 2556//3539
f 3778//3540 3151//3540 3150//3540
f 3788//3541 3152//3541 3646//3541
f 3153//3542 2551//3542 2549//3542
f 3152//3543 2549//3543 2550//3543
f 3781//3544 3153//3544 3152//3544
f 3776//3545 3147//3545 3153//3545
f 3148//3546 2206//3546 2205//3546
f 2183//3547 2321//3548 2184//3549
f 2132//3550 2928//3550 2133//3550
f 3684//3551 2204//3551 2203//3551
f 3719//3552 2197//3553 3721//3554
f 2594//3555 2773//3555 2951//3555
f 2595//3556 2951//3556 2772//3556
f 1870//3557 799//3557 1869//3557
f 3713//3558 2178//3558 3706//3558
f 3706//3559 3736//3559 3790//3559
f 336//3560 3774//3560 3722//3560
f 339//3561 3154//3561 336//3561
f 3789//3562 3149//3562 3742//3562
f 3683//3563 2584//3563 3149//3563
f 2963//3564 3048//3564 3047//3564
f 3722//3565 337//3566 336//3567
f 339//3568 2566//3568 2586//3568
f 3156//3569 2168//3569 2167//3569
f 2610//3570 2167//3571 2611//3572
f 2954//3573 3156//3573 2610//3573
f 3157//3574 2953//3574 2257//3575
f 3707//3576 2169//3576 3709//3576
f 2567//3577 3159//3577 2568//3577
f 337//3578 2567//3579 338//3580
f 3730//3581 2166//3581 3707//3581
f 3764//3582 1983//3582 3765//3582
f 2579//3583 3081//3583 2576//3583
f 2568//3584 3160//3584 2579//3584
f 3709//3585 2190//3586 3764//3587
f 3065//3588 3162//3588 3161//3588
f 3161//3589 1984//3589 2189//3589
f 3157//3590 2189//3590 2168//3590
f 2257//3591 3161//3591 3157//3591
f 734//3592 1922//3592 806//3592
f 3059//3593 2708//3594 3163//3595
f 3163//3596 2182//3596 1985//3596
f 3162//3597 1985//3598 1984//3599
f 3062//3600 3163//3600 3162//3600
f 3203//3601 3205//3601 3204//3601
f 2122//3602 1448//3603 1447//3604
f 3817//3605 1685//3605 3812//3605
f 139//3606 444//3606 69//3606
f 1570//3607 566//3607 533//3607
f 2957//3608 3165//3608 3036//3608
f 2955//3609 3164//3609 2957//3609
f 1912//3610 341//3610 1973//3610
f 3130//3611 3124//3611 3134//3611
f 1548//3612 319//3612 1547//3612
f 1949//3613 1327//3614 1887//3615
f 2969//3616 3078//3617 3167//3618
f 3167//3619 3169//3619 3168//3619
f 3724//3620 2017//3620 3720//3620
f 3720//3621 2033//3621 3759//3621
f 3168//3622 3165//3622 3170//3622
f 3170//3623 3164//3623 3171//3623
f 3779//3624 3171//3624 3756//3624
f 3724//3625 3170//3625 3779//3625
f 3171//3626 3166//3627 3172//3628
f 3172//3629 3071//3629 3173//3629
f 3752//3630 3173//3630 3749//3630
f 3756//3631 3172//3631 3752//3631
f 3169//3632 3036//3632 3165//3632
f 2593//3633 2962//3633 2594//3633
f 3173//3634 2609//2292 3174//3635
f 3174//3636 2199//3637 2198//3638
f 3783//3639 2198//3639 3719//3639
f 3749//3640 3174//3640 3783//3640
f 2190//3641 1984//3641 1983//3641
f 2196//3642 2767//3642 3148//3642
f 2119//3643 1414//3643 1448//3643
f 1464//3644 1466//3644 1465//3644
f 2199//3645 3069//3646 2200//3647
f 2457//3648 2587//3648 2565//3648
f 2226//3649 2562//3649 2966//3649
f 481//3650 1627//3650 1639//3650
f 333//3651 235//3651 236//3651
f 3078//3652 3037//3652 3169//3652
f 3040//3653 2997//3654 2263//3655
f 2219//3656 1933//3656 2220//3656
f 2385//3657 2497//3657 2503//3657
f 221//3658 3175//3658 2484//3658
f 2220//3659 3143//3660 3175//3661
f 3175//3662 2976//3662 2975//3662
f 2484//3663 2975//3663 2982//3663
f 2954//3664 3166//3665 2955//3666
f 2630//3667 110//3667 2982//3667
f 1547//3668 1952//3668 1955//3668
f 2091//3669 2188//3669 2187//3669
f 3733//3670 2178//3670 2177//3670
f 1918//3671 1927//3671 1926//3671
f 3563//3672 111//3672 3511//3672
f 955//3673 960//3673 954//3673
f 2037//3674 112//3675 3563//3676
f 3143//3677 2981//3677 2976//3677
f 2218//3678 2214//3678 2215//3678
f 672//3679 3787//3679 3541//3679
f 2152//3680 3014//3680 2037//3680
f 1147//3681 1143//3681 1145//3681
f 2248//3682 1409//3682 2245//3682
f 1615//3683 1635//3683 1616//3683
f 1410//3684 2246//3684 2247//3684
f 3241//3685 3242//3685 3240//3685
f 3177//3686 1383//3686 1382//3686
f 2238//3687 3176//3687 1382//3687
f 3176//3688 2230//3688 3178//3688
f 1410//3689 3179//3689 1407//3689
f 3179//3690 2243//3690 1407//3690
f 1633//3691 2800//3691 2249//3691
f 1621//3692 2758//3692 2912//3692
f 1622//3693 2245//3693 1634//3693
f 2236//3694 3181//3694 3182//3694
f 2237//3695 3182//3695 3183//3695
f 2250//3696 2233//3696 2229//3696
f 2912//3697 1628//3697 1621//3697
f 135//3698 1564//3698 1563//3698
f 1567//3699 512//3699 1565//3699
f 1085//3700 2653//3700 2685//3700
f 3184//3701 868//3701 3056//3701
f 869//3702 3057//3702 934//3702
f 1266//3703 1098//3704 1312//3705
f 1267//3706 722//3706 721//3706
f 937//3707 2646//3707 936//3707
f 2146//3708 722//3708 2147//3708
f 2211//3709 921//3709 2667//3709
f 1957//3710 507//3710 449//3710
f 1313//3711 2264//3711 3040//3711
f 1496//3712 1493//3712 1492//3712
f 2681//3713 2705//3713 2682//3713
f 2887//3714 2933//3714 2932//3714
f 1687//3715 1659//3715 1694//3715
f 145//3716 1498//3716 81//3716
f 1317//3717 1319//3717 2694//3717
f 37//3718 418//3718 71//3718
f 1935//3719 3185//3719 2977//3719
f 104//3720 301//3720 103//3720
f 2101//3721 2083//1515 2084//1514
f 543//3722 360//3722 207//3722
f 1934//3723 3186//3723 3185//3723
f 234//3724 212//3724 237//3724
f 3845//3725 1822//3725 1824//3725
f 1976//3726 1874//3726 1974//3726
f 223//3727 2219//3727 220//3727
f 3655//3728 3605//3728 3612//3728
f 468//3729 773//3729 2165//3729
f 1935//3730 1728//3730 1932//3730
f 3240//3731 3226//3731 3235//3731
f 3261//3732 3250//3732 3260//3732
f 3215//3733 3244//3733 3264//3733
f 3265//3734 3215//3734 3264//3734
f 3267//3735 3198//3735 3196//3735
f 3205//3736 3269//3736 3255//3736
f 3214//3737 3265//3737 3270//3737
f 3271//3738 3214//3738 3192//3738
f 3251//3739 3239//3739 3236//3739
f 3222//3740 3266//3740 3272//3740
f 3232//3741 3234//3741 3233//3741
f 3216//3742 3243//3742 3244//3742
f 3196//3743 3268//3743 3267//3743
f 3244//3744 3254//3744 3255//3744
f 3238//3745 3247//3745 3246//3745
f 3264//3746 3255//3746 3269//3746
f 3253//3747 3216//3747 3217//3747
f 3211//3748 3221//3748 3265//3748
f 3257//3749 3218//3749 3256//3749
f 3258//3750 3272//3750 3259//3750
f 3274//3751 3280//3751 3273//3751
f 3228//3752 3262//3752 3263//3752
f 3275//3753 3281//3753 3280//3753
f 3226//3754 3273//3754 3280//3754
f 3236//3755 3260//3755 3251//3755
f 3281//3756 3236//3756 3237//3756
f 3287//3757 3192//3757 3189//3757
f 3235//3758 3280//3758 3234//3758
f 3234//3759 3281//3760 3237//3761
f 3288//3762 3259//3762 3272//3762
f 3260//3763 3276//3764 3251//3764
f 3289//3765 3278//3765 3284//3765
f 3210//3766 3224//3766 3283//3766
f 3199//3767 3201//3767 3200//3767
f 3228//3768 3230//3768 3229//3768
f 3290//3769 3285//3769 3286//3769
f 3282//3770 3271//3770 3287//3770
f 3260//3771 3262//3771 3261//3771
f 3243//3772 3268//3772 3254//3772
f 3267//3773 3241//3773 3232//3773
f 3194//3774 3208//3774 3193//3774
f 3191//3775 3269//3775 3206//3775
f 3270//3776 3192//3776 3214//3776
f 3275//3777 3230//3778 3231//3779
f 3264//3780 3270//3780 3265//3780
f 3252//3781 3276//3781 3291//3781
f 3248//3782 3291//3782 3223//3782
f 3213//3783 3279//3783 3277//3783
f 3272//3784 3289//3784 3288//3784
f 3277//3785 3212//3785 3213//3785
f 3228//3786 3281//3787 3231//3788
f 3220//3789 3253//3789 3219//3789
f 3219//3790 3217//3790 3257//3790
f 3256//3791 3222//3791 3258//3791
f 3247//3792 3252//3792 3248//3792
f 3245//3793 3232//3793 3233//3793
f 3266//3794 3212//3794 3289//3794
f 3208//3795 3255//3795 3254//3795
f 3288//3796 3284//3796 3285//3796
f 3204//3797 3208//3797 3207//3797
f 560//3798 3187//3798 559//3798
f 3209//3799 3201//3799 3202//3799
f 3189//3800 3191//3800 3190//3800
f 448//3801 807//3801 447//3801
f 647//3802 122//3802 270//3802
f 1833//3803 1780//3803 1832//3803
f 510//3804 508//3804 507//3804
f 3210//3805 1887//3805 3201//3805
f 1887//3806 3200//3806 3201//3806
f 15//3807 3197//3807 3200//3807
f 16//3808 3195//3808 3197//3808
f 3195//3809 3187//3809 3194//3809
f 3194//3810 1899//3810 3207//3810
f 3207//3811 375//3812 3204//3813
f 387//3814 126//3814 127//3814
f 3189//3815 1760//3816 3287//3817
f 3577//3818 757//3818 758//3818
f 763//3819 2172//3819 2175//3819
f 3583//3820 3580//3820 3581//3820
f 3581//3821 3579//3821 3578//3821
f 3594//3822 3596//3822 3595//3822
f 3400//3823 3602//3823 3401//3823
f 3626//3824 3625//3824 3627//3824
f 3631//3825 3599//3825 3601//3825
f 3636//3826 3595//3826 3596//3826
f 3647//3827 3588//3827 3645//3827
f 3650//3828 3584//3829 3647//3830
f 3653//3831 3580//3831 3651//3831
f 3653//3832 3654//3832 3579//3832
f 1801//3833 3656//3833 3655//3833
f 3651//3834 3582//3834 3650//3834
f 3644//3835 3595//3835 3637//3835
f 1767//473 3659//3836 3660//474
f 1597//3837 3661//3837 1600//3837
f 1708//3838 3665//3838 3664//3838
f 3671//3839 3667//3839 3666//3839
f 3666//3840 3673//3840 3672//3840
f 1588//3841 3664//3841 1587//3841
f 2080//3842 3666//3842 2082//3842
f 2082//3843 3672//3843 2084//3843
f 3674//3844 3635//3844 3631//3844
f 3677//3845 3636//3846 3635//3847
f 3682//3848 3645//3848 3681//3848
f 3692//3849 3650//3849 3686//3849
f 3681//3850 3644//3851 3680//3852
f 786//3853 3692//3853 785//3853
f 3694//3854 3651//3854 3692//3854
f 785//3855 3686//3855 497//3855
f 497//3856 3682//3856 650//3856
f 650//3857 3681//3857 564//3857
f 3696//3858 3681//3858 3680//3858
f 3405//3859 3605//3859 3402//3859
f 3702//3860 3678//3861 3677//3862
f 3699//3863 3679//3863 3678//3863
f 3645//3864 3638//3865 3644//3851
f 1799//3866 3659//3866 1768//3866
f 3708//3867 3458//3867 3460//3867
f 3462//3868 3708//3868 3460//3868
f 3714//3869 564//3869 3696//3869
f 3615//3870 3602//3870 3600//3870
f 3710//3871 3696//3871 3698//3871
f 3635//3872 3596//3872 3599//3872
f 3629//3873 3627//3873 3630//3873
f 3597//3874 3599//3874 3596//3874
f 3630//3875 3715//3875 3629//3875
f 3627//3876 3597//3876 3594//3876
f 3717//3877 3723//3877 3718//3877
f 3715//3878 3660//3878 3629//3878
f 3716//3879 3725//3880 3715//3881
f 3668//3882 3661//3882 3725//3882
f 3668//3883 3717//3883 3667//3883
f 3667//3884 3718//3884 3673//3884
f 3727//3885 3673//3885 3718//3885
f 3728//3886 3672//3886 3673//3886
f 3726//3887 3718//3887 3723//3887
f 1576//3888 2084//3888 3672//3888
f 3727//3889 3731//3889 3729//3889
f 3203//3890 1387//3891 3190//3892
f 3190//3893 1791//3893 3189//3893
f 3283//3894 1949//3894 3210//3894
f 317//3895 259//3895 391//3895
f 2000//3896 3653//3896 3694//3896
f 3601//3897 3600//3897 3602//3897
f 3589//3898 3584//3898 3585//3898
f 3577//3899 756//3899 2170//3899
f 3585//3900 3582//3900 3583//3900
f 3678//3901 3637//3901 3636//3901
f 3204//3902 376//3902 3203//3902
f 1801//3903 3657//3903 1799//3903
f 3729//3904 3728//3904 3727//3904
f 1575//3905 3738//3905 1088//3905
f 3735//3906 1576//3906 3728//3906
f 1776//3907 1796//3907 1775//3907
f 1293//3908 1290//3908 1284//3908
f 1326//3909 1327//3909 12//3909
f 1294//3910 1234//3910 1290//3910
f 878//3911 1330//3911 1337//3911
f 497//3912 374//3912 498//3912
f 122//3913 413//3913 121//3913
f 3699//3914 3704//3915 3708//3916
f 3606//3917 3401//3917 3602//3917
f 3708//3916 3698//3918 3699//3914
f 3464//3919 3710//3919 3462//3919
f 3704//3920 3443//3921 3458//3922
f 439//3923 399//3923 438//3923
f 1512//3924 1526//3924 1511//3924
f 1668//3925 1738//3925 1671//3925
f 839//3926 1362//3926 838//3926
f 1362//3927 826//3927 1012//3927
f 3843//3928 1896//3929 3815//3930
f 2053//3931 2118//3931 2117//3931
f 3888//3932 2120//3932 2119//3932
f 696//3933 3816//3934 3831//953
f 1826//3935 639//984 640//983
f 3740//3936 3729//3936 3731//3936
f 956//3937 886//3937 960//3937
f 1980//3938 1922//3939 807//3940
f 33//3941 105//3942 164//3943
f 1343//3944 3856//3944 3857//3944
f 3907//3945 2128//3945 3902//3945
f 1766//3946 1582//3946 1594//3946
f 14//3947 2163//3947 738//3947
f 595//3948 99//3948 594//3948
f 3233//3949 3246//3949 3245//3949
f 1346//3950 1044//3950 1352//3950
f 748//3951 1425//3951 747//3951
f 3193//3952 3254//3952 3268//3952
f 3190//3953 3206//3953 3203//3953
f 3612//3954 3606//3954 3615//3954
f 3624//3955 3615//3955 3625//3955
f 3631//3956 3443//3956 3674//3956
f 3679//3957 3644//3957 3637//3957
f 3686//3958 3647//3958 3682//3958
f 3702//3959 3674//3960 3704//3961
f 3625//3962 3600//3962 3597//3962
f 3601//3963 3415//3963 3631//3963
f 3739//3964 3735//3965 3729//3966
f 3630//3967 3594//3967 3741//3967
f 3741//3968 3716//3968 3630//3968
f 1284//3969 1288//3969 1285//3969
f 3698//3970 3680//3970 3679//3970
f 1778//3971 1780//3971 1779//3972
f 1792//3973 1584//3973 1789//3973
f 695//3974 571//3974 694//3974
f 3638//3975 3594//3975 3595//3975
f 3741//3976 3588//3976 3589//3976
f 3247//3977 3209//3977 3202//3977
f 3292//3978 3294//3978 3295//3978
f 3296//3979 3298//3979 3299//3979
f 3299//3980 3300//3980 3301//3980
f 3302//3981 3304//3981 3305//3981
f 3306//3982 3308//3982 3309//3982
f 3307//3983 3311//3983 3308//3983
f 3303//3984 3301//3984 3300//3984
f 3312//3985 3304//3985 3313//3985
f 3314//3986 3316//3986 3317//3986
f 3318//3987 3320//3987 3321//3987
f 3324//3988 3321//3989 3325//3990
f 3326//3991 3328//3991 3323//3991
f 3329//3992 3331//3992 3332//3992
f 3333//3993 3335//3993 3336//3993
f 3337//3994 3339//3994 3340//3994
f 3333//3995 3341//3995 3342//3995
f 3342//3996 3343//3996 3344//3996
f 3319//3997 3344//3997 3343//3997
f 3338//3998 3334//3998 3339//3998
f 3346//3999 3302//3999 3347//3999
f 3305//4000 3347//4000 3302//4000
f 3312//4001 3223//4001 3349//4001
f 3350//4002 3340//4002 3351//4002
f 3312//4003 3348//4004 3305//4005
f 3352//4006 3341//4006 3326//4006
f 3311//4007 3354//4007 3308//4007
f 3341//4008 3327//4008 3326//4008
f 3359//4009 3361//4009 3362//4009
f 3360//4010 3250//4010 3249//4010
f 3318//4011 3345//4011 3319//4011
f 3364//4012 3318//4013 3324//4014
f 3314//4015 3324//4015 3365//4015
f 3366//4016 3301//4016 3346//4016
f 3299//4017 3367//4017 3296//4017
f 3308//4018 3368//4019 3309//4020
f 3369//4021 3295//4021 3294//4021
f 3317//4022 3364//4022 3314//4022
f 3370//4023 3317//4023 3316//4023
f 3325//4024 3365//4024 3324//4024
f 3352//4025 3319//4025 3343//4025
f 3296//4026 3353//4026 3311//4026
f 3297//4027 3311//4027 3310//4027
f 3363//4028 3354//4028 3345//4028
f 3345//4029 3353//4029 3344//4029
f 3344//4030 3367//4030 3342//4030
f 3366//4031 3342//4031 3367//4031
f 3347//4032 3334//4032 3346//4032
f 3339//4033 3348//4033 3340//4033
f 3348//4034 3351//4034 3340//4034
f 3363//4035 3369//4035 3368//4035
f 3294//4036 3368//4036 3369//4036
f 3293//4037 3309//4038 3294//4039
f 3331//4040 3374//4040 3332//4040
f 3346//4041 3333//4041 3366//4041
f 3323//4042 3352//4042 3326//4042
f 3356//4043 3321//4043 3320//4043
f 3355//4044 3325//4044 3321//4044
f 3357//4045 3371//4045 3325//4045
f 3322//4046 3320//4047 3352//4048
f 3361//4049 3329//4049 3362//4049
f 3373//4050 3375//4051 3374//4052
f 3374//4053 3376//4053 3332//4053
f 3329//4054 3376//4055 3362//4056
f 3327//4057 3372//4057 3328//4057
f 3336//4058 3375//4059 3327//4060
f 3335//4061 3376//4061 3375//4061
f 3376//4062 3337//4062 3362//4062
f 3337//4063 3359//4063 3362//4063
f 3359//4064 3276//4064 3250//4064
f 3377//4065 3295//4065 3370//4065
f 3277//4066 3315//4066 3278//4066
f 3371//4067 3379//4067 3365//4067
f 3378//4068 3358//4068 3380//4068
f 3365//4069 3315//4069 3314//4069
f 3316//4070 3279//4070 3370//4070
f 3282//4071 3370//4071 3279//4072
f 3313//4073 3224//4073 3312//4073
f 3378//4074 3284//4074 3379//4074
f 3380//4075 3285//4075 3378//4075
f 3379//4076 3278//4076 3315//4076
f 3276//4077 3351//4077 3291//4077
f 3291//4078 3349//4078 3223//4078
f 3313//4079 2965//4079 3013//4079
f 2965//4080 3303//4080 222//4080
f 222//4081 3300//4081 223//4081
f 223//4082 3298//4083 3186//4084
f 3298//4085 3185//4085 3186//4085
f 3297//4086 2977//4086 3185//4086
f 3310//4087 1213//4087 2977//4087
f 3307//4088 1214//4088 1213//4088
f 2532//4089 3306//4089 3293//4089
f 2894//4090 3293//4090 3292//4090
f 2871//4091 3292//4091 3377//4091
f 3253//4092 3240//4092 3242//4092
f 3283//4093 3013//4094 2152//4095
f 1997//4096 1889//4096 1892//4096
f 1237//4097 744//4097 855//4097
f 1535//4098 120//4099 121//4100
f 1531//4101 201//4101 214//4101
f 1119//4102 1032//4102 984//4102
f 946//4103 824//4103 947//4103
f 163//4104 5//4104 162//4104
f 3589//4105 3723//4105 3741//4105
f 1155//4106 1162//4106 1164//4106
f 427//4107 327//4107 424//4107
f 553//4108 796//4108 498//4108
f 3381//4109 2231//4109 2237//4109
f 3381//4110 2230//4110 2232//4110
f 2237//4111 3180//4111 3381//4111
f 3383//4112 3385//4112 3382//4112
f 3384//4113 3387//4113 3385//4113
f 3386//4114 3389//4114 3387//4114
f 3388//4115 3391//4116 3389//4117
f 3392//4118 3394//4118 3395//4118
f 3395//4119 3396//4119 3397//4119
f 3398//4120 3397//4120 3396//4120
f 3400//4121 3399//4121 3398//4121
f 3403//4122 3405//4122 3402//4122
f 3406//4123 3404//4123 3403//4123
f 3408//4124 3407//4124 3406//4124
f 3410//4125 3409//4126 3408//4127
f 3412//4128 3411//4128 3410//4128
f 3415//4129 3398//4129 3414//4129
f 3414//4130 3396//4130 3416//4130
f 3416//4131 3394//4131 3417//4131
f 3417//4132 3393//4133 3418//4134
f 3393//4135 3420//4136 3418//4137
f 3419//4138 3421//4138 3420//4138
f 3390//4139 3422//4139 3421//4139
f 3388//4140 3423//4140 3422//4140
f 3386//4141 3424//4141 3423//4141
f 3384//4142 3425//4142 3424//4142
f 3425//4143 3426//4143 3184//4143
f 2904//4144 3428//4144 2947//4144
f 3429//4145 2904//4145 2902//4145
f 3430//4146 2902//4147 2876//4148
f 2875//4149 3430//4146 2876//4148
f 3432//4150 2733//4150 2736//4150
f 2825//4151 3435//4152 2824//4153
f 3437//4154 3439//4154 3436//4154
f 3441//4155 3436//4155 3440//4155
f 2724//4156 3434//4156 2825//4156
f 3436//4157 3115//4158 3117//4159
f 3440//4160 3117//4160 3119//4160
f 3443//4161 3414//4161 3442//4161
f 3442//4162 3416//4162 3444//4162
f 3444//4163 3417//4163 3445//4163
f 3445//4164 3418//4164 3446//4164
f 3446//4165 3420//4165 3447//4165
f 3420//4166 3448//4166 3447//4166
f 3421//4167 3449//4167 3448//4167
f 3422//4168 3450//4168 3449//4168
f 3423//4169 3451//4169 3450//4169
f 3424//4170 3452//4170 3451//4170
f 3425//4171 3056//4171 3452//4171
f 3451//4172 2253//4172 2252//4172
f 3450//4173 2252//4173 1727//4173
f 3449//4174 1727//4174 2150//4174
f 3448//4175 2150//4175 1941//4175
f 3453//4176 3448//4176 1941//4176
f 3454//4177 3447//4177 3453//4177
f 3455//4178 3446//4178 3454//4178
f 3456//4179 3445//4179 3455//4179
f 3442//4180 3456//4181 3457//4182
f 3443//3921 3457//4183 3458//3922
f 3459//4184 3458//4184 3457//4184
f 3457//4185 3455//4185 3459//4185
f 3459//4186 3454//4186 3461//4186
f 3462//4187 3459//4187 3461//4187
f 3461//4188 3453//4188 3463//4188
f 3464//4189 3461//4189 3463//4189
f 3463//4190 1941//4190 1360//4190
f 3404//4191 3401//4191 3405//4191
f 3407//4192 3399//4192 3404//4192
f 3409//4193 3397//4193 3407//4193
f 3411//4194 3395//4194 3409//4194
f 3465//4195 3413//4195 3412//4195
f 3467//4196 3469//4197 3466//4198
f 3465//4199 3431//4199 3433//4199
f 3470//4200 3466//4201 3465//4202
f 3438//4203 3432//4203 3435//4203
f 3467//4204 3438//4204 3437//4204
f 3468//4205 3437//4205 3441//4205
f 3471//4206 3468//4206 3472//4206
f 3472//4207 3441//4207 3473//4207
f 3473//4208 3440//4209 2712//4210
f 2712//4211 3119//4211 3128//4211
f 3475//4212 3472//4212 3474//4212
f 3474//4213 3473//4213 3476//4213
f 3476//4214 2712//4214 2711//4214
f 3477//4215 2711//4215 2400//4215
f 3478//4216 3476//4216 3477//4216
f 3479//4217 3474//4217 3478//4217
f 3392//4218 3413//4218 3480//4218
f 3466//4219 3480//4219 3413//4219
f 3419//4220 3392//4220 3480//4220
f 3390//4221 3480//4221 3391//4221
f 3469//4222 3391//4222 3480//4222
f 3389//4223 3471//4223 3475//4223
f 3387//4224 3475//4224 3479//4224
f 3385//4225 3479//4226 3481//4227
f 3482//4228 2400//4228 2402//4228
f 3483//4229 3477//4229 3482//4229
f 3481//4230 3478//4230 3483//4230
f 3484//4231 2402//4231 2707//4231
f 3058//4232 2707//4232 2708//4232
f 3061//4233 3484//4233 3058//4233
f 3485//4234 3482//4234 3484//4234
f 3382//4235 3481//4235 3486//4235
f 3486//4236 3483//4236 3485//4236
f 3426//4237 3382//4237 3487//4237
f 3487//4238 3486//4238 1962//4238
f 3486//4239 3061//4239 1962//4239
f 1961//4240 3487//4240 1962//4240
f 3057//4241 3426//4241 3487//4241
f 3428//4242 3402//4242 3488//4242
f 3427//4243 3403//4243 3428//4243
f 3429//4244 3406//4244 3427//4244
f 3430//4245 3408//4246 3429//4247
f 3431//4248 3410//4249 3430//4245
f 3470//4250 3433//4250 3432//4250
f 3434//4251 3438//4251 3435//4251
f 2723//4252 3439//4252 3434//4252
f 2875//4253 3433//4253 3431//4253
f 2736//4254 3435//4254 3432//4254
f 2947//4255 3488//4255 3500//4255
f 3464//4256 1360//4256 3497//4256
f 1900//4257 1924//4257 1901//4257
f 1736//4258 1718//4258 1750//4258
f 1955//4259 1943//4259 1956//4259
f 1671//4260 1735//4260 1751//4260
f 1696//4261 1698//4261 1692//4261
f 1800//4262 1864//4262 1801//4262
f 2063//4263 2056//4263 2060//4263
f 1737//4264 1717//4264 1736//4264
f 1751//4265 1697//4265 1695//4265
f 943//4266 3899//4266 684//4266
f 3656//4267 3402//4267 3605//4267
f 1577//4268 1764//4268 1703//4268
f 3917//4269 1599//4269 3923//4269
f 1945//4270 82//4270 1944//4270
f 68//4271 7//4271 248//4271
f 147//4272 1543//4272 148//4272
f 1109//4273 1133//4273 1102//4273
f 1503//4274 1907//4274 1908//4274
f 1499//4275 1909//4275 1498//4275
f 452//4276 735//4276 215//4276
f 1824//4277 3835//4277 3845//4277
f 1825//4278 2068//4278 1824//4278
f 1463//4279 1022//4280 1194//4281
f 841//4282 1009//4282 1011//4282
f 1568//4283 1955//4283 1534//4283
f 1926//4284 1927//4284 1923//4284
f 1910//4285 1502//4285 1939//4285
f 1939//4286 422//4287 442//4288
f 309//4289 1940//4290 308//4291
f 1804//4292 1866//4292 1803//4292
f 269//4293 1954//4293 56//4293
f 2065//4294 2060//4294 2056//4294
f 3812//4295 1758//4295 3835//4295
f 280//4296 552//4296 1940//4296
f 1875//4297 1869//4297 1874//4297
f 1739//4298 1734//4299 1737//4300
f 1778//4301 1790//4301 1788//4301
f 310//4302 1915//4302 279//4302
f 1909//4303 1906//4303 1954//4303
f 1789//4304 1778//4304 1788//4304
f 978//4305 980//930 979//929
f 1584//4306 1731//4306 1583//4306
f 425//4307 311//4307 312//4307
f 148//4308 115//4308 116//4308
f 2044//4309 3894//4309 2046//4309
f 277//4310 1939//4310 551//4310
f 1943//4311 1945//4311 1944//4311
f 1461//4312 1463//4312 1464//4312
f 2253//4313 3056//4313 3055//4313
f 2981//4314 3489//4314 958//4314
f 2209//4315 3489//4315 3055//4315
f 2254//4316 3055//4316 3489//4316
f 2998//4317 958//4317 3489//4317
f 2826//4318 2721//2749 2724//2751
f 3490//4319 2721//4320 2817//4321
f 2816//4322 3490//4322 2817//4322
f 2334//4323 2296//4323 2335//4323
f 2298//4324 2334//4324 2336//4324
f 2301//4325 2336//4325 2338//4325
f 2311//4326 2338//4326 2354//4326
f 2312//4327 2354//4327 2355//4327
f 2359//4328 2361//4328 2360//4328
f 2335//4329 2359//4329 2360//4329
f 2414//4330 2365//4330 2364//4330
f 2413//4331 2361//4331 2365//4331
f 2355//4332 2540//4332 2541//4332
f 2541//4333 2539//4334 2542//4335
f 2722//4336 2739//4336 2738//4336
f 3114//4337 2738//4337 3113//4337
f 3110//4338 3121//4338 3120//4338
f 3108//4339 3120//4339 3113//4339
f 3122//4340 3127//3436 3126//3435
f 3112//4341 3126//4341 3121//4341
f 3127//4342 1753//4343 3135//4344
f 3139//4345 2529//4345 2542//4345
f 3744//4346 3133//4346 3139//4346
f 3490//4319 2740//4347 2739//4348
f 3491//4349 2789//4350 3490//4351
f 228//4352 91//4352 88//4352
f 245//4353 243//4353 242//4353
f 248//4354 247//4354 191//4354
f 2//4355 296//4355 295//4355
f 145//4356 300//4356 267//4356
f 327//4357 210//4357 328//4357
f 329//4358 331//4358 330//4358
f 250//4359 228//4359 236//4359
f 239//4360 240//4360 230//4360
f 373//4361 375//4361 374//4361
f 178//4362 176//4362 175//4363
f 1218//4364 1228//4364 1321//4364
f 3862//4365 1295//372 3854//4366
f 808//4367 824//4367 823//4367
f 3858//4368 1013//4368 1014//4368
f 3813//4369 1411//4370 1413//4371
f 2154//4372 2159//4372 2160//4372
f 3845//4373 1758//4373 1757//4373
f 306//4374 1922//4374 452//4374
f 2157//4375 1976//4376 1977//4377
f 708//4378 2031//4378 1474//4378
f 1450//4379 1227//4379 1428//4379
f 1672//4380 1605//4380 1624//4380
f 1813//4381 1821//4381 1816//4381
f 1717//4382 1715//4382 1718//4382
f 176//4383 402//4383 347//4383
f 1710//4384 3916//4384 3915//4384
f 1712//4385 1577//4385 1711//4385
f 1705//4386 1711//4386 1704//4386
f 971//4387 979//4387 970//4387
f 822//292 1094//4388 1102//290
f 2909//4389 2793//4389 2792//4389
f 2810//4390 2795//4390 2793//4390
f 2799//4391 2249//4391 2800//4391
f 3662//4392 2910//4392 2799//4392
f 2769//4393 2801//4393 2795//4393
f 3177//4394 3178//4394 3179//4394
f 3178//4395 3180//4395 3179//4395
f 3181//4396 1393//4396 2800//4396
f 3181//4397 1632//4397 3182//4397
f 3182//4398 2244//4398 3183//4398
f 3183//4399 2243//4399 3180//4399
f 3492//4400 2790//4400 3491//4400
f 2808//4401 3491//4349 2816//4402
f 2239//4403 3572//4403 2240//4403
f 1149//4404 3571//4404 3570//4404
f 1150//4405 3567//4405 3571//4405
f 2202//4406 3566//4406 2015//4406
f 2921//4407 3565//4407 2923//4407
f 3568//4408 2133//4409 2928//4410
f 1777//4411 1759//4411 1792//4411
f 1201//4412 1183//4412 1184//4412
f 3561//4413 2195//4413 2194//4413
f 3553//4414 2770//4414 2768//4414
f 3927//4415 1687//4415 1692//4415
f 1516//4416 154//4416 503//4416
f 3549//4417 2974//3351 2803//4418
f 3550//4419 2779//4419 2778//4419
f 2771//4420 3575//4420 3546//4420
f 3070//4421 3546//4421 3558//4421
f 3547//4422 2775//2905 2867//2904
f 1376//4423 1370//4423 1372//4423
f 2767//4424 3556//4424 2206//4424
f 2195//4425 3543//4425 2767//4425
f 2775//4426 3542//4426 2776//4426
f 3377//4427 3545//4427 2871//4427
f 3804//4428 3539//4428 2806//4428
f 2776//4429 3538//4429 2805//4429
f 2240//4430 3535//4431 2920//4432
f 2920//4433 3669//4433 3619//4433
f 3548//4434 2786//4434 2779//4434
f 1805//4435 1851//4435 1804//4435
f 3534//4436 2787//4436 2786//4436
f 2951//4437 3540//4437 3531//4437
f 2772//4438 3531//4438 3575//4438
f 2973//4439 3530//4439 3536//4439
f 2224//4440 3537//4441 3530//4442
f 1957//4443 320//4443 510//4443
f 306//4444 304//4444 303//4444
f 2770//4445 3528//4445 2913//4445
f 2913//4446 3574//4446 2239//4446
f 2923//4447 3527//4447 2922//4447
f 308//4448 431//4448 47//4448
f 207//4449 132//4449 543//4449
f 1879//4450 1881//4450 1880//4450
f 3733//4451 3525//4451 2089//4451
f 2475//4452 3558//4452 3524//4452
f 2476//4453 3524//4454 3523//4455
f 2223//4456 3523//4455 3537//4457
f 3522//4458 2803//4458 2802//4458
f 2037//4459 11//4459 1950//4459
f 1959//4460 450//4460 505//4460
f 2003//4461 3520//4461 2129//4461
f 9//4462 334//4462 540//4462
f 2009//4463 3518//4463 3567//4463
f 2008//4464 3536//4464 3518//4464
f 3877//4465 673//4465 3879//4465
f 3515//4466 2778//4466 2784//4466
f 2935//4467 3513//4467 2936//4467
f 111//4468 3570//4468 3511//4468
f 3510//4469 2935//4469 2938//4469
f 683//4470 3885//4470 943//4470
f 3508//4471 2810//4471 2909//4471
f 736//4472 732//4472 729//4472
f 1795//4473 1803//4473 1796//4473
f 3505//4474 2938//4474 2939//4474
f 3507//4475 2939//4475 2940//4475
f 2950//4476 3504//4476 2949//4476
f 2940//4477 3504//4477 3507//4477
f 3801//4478 3512//4478 2950//4478
f 2868//4479 3502//4479 2869//4479
f 2869//4480 3522//4480 2802//4480
f 1024//4481 1023//4481 1020//4481
f 3500//4482 2948//4482 2947//4482
f 551//4483 442//4483 443//4483
f 2972//4484 3568//4408 2928//4410
f 2032//4485 3499//4486 2972//4487
f 216//4488 1924//4488 1923//4488
f 203//4489 201//4489 200//4489
f 1828//4490 1847//4490 1837//4490
f 1958//4491 449//4491 450//4491
f 272//904 178//4492 175//902
f 2871//4493 3495//4493 1361//4493
f 3619//4494 3564//4494 2921//4494
f 2801//4495 3643//4495 3662//4495
f 2005//4496 3654//4496 2176//4496
f 960//4497 899//4497 962//4497
f 3657//4498 3612//4498 3624//4498
f 3780//4499 3646//4499 3151//4499
f 3151//4500 3593//4500 2555//4500
f 2193//4501 3623//4501 2194//4501
f 3607//4502 3145//4502 3144//4502
f 3603//4503 2761//4503 3145//4503
f 3592//4504 3144//4505 3104//4506
f 2926//4507 3634//4508 3103//4509
f 3634//4508 3104//4510 3103//4509
f 3755//4511 3746//4511 3753//4511
f 566//4512 3758//4512 2005//4512
f 3488//4513 1864//4513 3500//4513
f 1602//4514 2079//4514 2078//4514
f 2868//4515 3611//4515 2922//4515
f 2922//4516 3610//4516 2923//4516
f 2923//4517 3618//4517 2921//4517
f 3670//4518 2918//4518 3614//4518
f 3619//4519 3614//4519 2920//4519
f 2921//4520 3670//4520 3619//4520
f 2920//4521 3586//4521 2240//4521
f 3613//4522 2915//4522 2918//4522
f 2917//4523 3622//4524 3641//4525
f 2916//4526 3641//4526 3642//4526
f 2239//4527 3652//4527 2913//4527
f 2911//4528 3652//4528 2757//4528
f 3643//4529 2911//4530 2910//4531
f 2797//4532 3662//4532 3591//4532
f 2797//4533 3598//4533 2750//4533
f 3622//4534 2763//4534 2765//4534
f 3608//4535 2764//4535 2745//4535
f 2194//4536 3648//4536 2221//4536
f 2221//4537 3649//4537 2222//4537
f 2756//4538 3609//4538 2755//4538
f 2750//4539 3609//4539 2747//4539
f 3669//4540 1817//4540 3827//4540
f 3763//4541 1691//4541 1699//4541
f 2515//4542 3590//4542 2548//4542
f 2548//4543 3593//4543 2550//4543
f 2513//4544 3632//4544 3616//4544
f 2513//2158 3621//4545 2515//2159
f 2509//4546 3620//4546 2289//4546
f 2510//4547 3633//4547 2509//4547
f 2289//4548 3639//4548 2283//4548
f 2283//4549 3617//4549 2286//4549
f 2240//4550 3587//4550 2239//4550
f 3659//4551 3624//4552 3626//4553
f 716//4554 3887//4554 3888//4554
f 727//4555 3761//4555 1923//4555
f 2165//4556 2170//4556 2164//4556
f 3660//4557 3626//4557 3629//4557
f 3743//4558 3578//4559 3757//4560
f 2175//4561 769//4561 770//4561
f 2100//4562 2095//4562 2099//4562
f 3758//4563 3757//4560 3578//4559
f 640//4564 3568//4564 1826//4564
f 1653//4565 3553//4565 1651//4565
f 1895//4566 3530//4566 746//4566
f 746//4567 3537//4567 741//4567
f 1653//4568 3528//4568 3576//4568
f 3762//4569 1604//4569 1672//4569
f 2093//4570 2073//4570 2078//4570
f 959//4571 995//4571 884//4571
f 962//4572 919//4572 986//4572
f 1400//4573 1398//4573 1399//4573
f 1000//4574 1127//4574 1004//4574
f 956//4575 884//4575 885//4575
f 1662//4576 3550//4576 1661//4576
f 2034//4577 3546//4577 1654//4577
f 3926//4578 3539//4578 3802//4578
f 3535//4579 766//4579 1817//4579
f 3572//4580 765//4580 766//4580
f 334//4581 3571//4581 335//4581
f 1868//4582 3540//4582 1656//4582
f 1684//4583 1652//4583 1678//4583
f 1682//4584 775//4584 1807//4584
f 1585//4585 3762//1121 1700//1123
f 3763//4586 1672//4586 1673//4586
f 2173//4587 490//4587 491//4587
f 1658//4588 3547//4588 1752//4588
f 3556//4589 1650//4590 724//4591
f 1571//1065 2010//4592 1572//1063
f 1587//4593 3671//4593 2080//4593
f 2099//4594 2077//4595 2094//4596
f 787//4597 1999//4597 786//4597
f 2000//4598 786//4598 1999//4598
f 3155//4599 3697//4599 3683//4599
f 3713//4600 3683//4600 3789//4600
f 2180//4601 3685//4601 3684//4601
f 3496//4602 3684//4602 3705//4602
f 1684//4603 3840//4603 1651//4603
f 1760//4604 3495//4604 3545//4604
f 2607//4605 3693//4605 2590//4605
f 2581//4606 3689//4606 2607//4606
f 2371//4607 3700//4607 3695//4607
f 2371//4608 3693//4608 2372//4608
f 2587//4609 3675//4609 2586//4609
f 2586//4610 3697//4610 339//4610
f 2497//4611 3687//4611 2503//4611
f 2502//4612 3687//4613 3700//4614
f 2494//4615 3690//4615 2495//4615
f 3690//4616 2472//4616 2495//4616
f 3688//4617 2468//4617 2472//4617
f 3701//4618 2469//4618 2468//4618
f 726//4619 3892//4619 630//4619
f 581//4620 3518//4620 580//4620
f 10//4621 3570//4621 334//4621
f 1837//4622 3510//4622 1849//4622
f 741//4623 3523//4623 1300//4623
f 1299//4624 3558//4624 2034//4624
f 1851//4625 3504//4625 1866//4625
f 3527//4626 1820//4627 1819//4628
f 580//4629 3536//4630 1895//4631
f 1758//4632 3522//4632 3502//4632
f 1693//4633 3508//4633 1806//4633
f 3504//4634 1867//4634 1866//4634
f 1894//4635 3568//4636 3499//4636
f 2126//4637 3813//4637 3841//4637
f 3906//4638 3841//4638 3912//4638
f 2113//4639 3867//4639 2110//4639
f 2179//4640 3789//4640 3685//4640
f 624//4641 3904//4641 623//4641
f 2192//4642 3788//4642 3780//4642
f 2177//4643 3787//4643 3733//4643
f 1364//4644 3833//4644 1338//4644
f 3858//4645 1470//4645 1453//4645
f 3135//3465 3775//4646 3744//4647
f 2069//4648 3835//4648 2068//4648
f 1351//4649 3853//4649 1352//4649
f 2108//4650 3901//4650 499//4650
f 2089//4651 3736//4651 3733//4651
f 3828//4652 1358//4652 866//4652
f 2001//4653 3783//4654 2187//4655
f 2187//4656 3719//4657 2091//4658
f 2130//4659 3752//4659 2004//4659
f 2004//4660 3749//4660 2001//4660
f 2014//4661 3779//4661 2201//4661
f 2201//4662 3756//4662 2130//4662
f 3167//3618 3759//4663 2969//3616
f 3168//4664 3720//4664 3167//4664
f 3159//4665 3764//4665 3160//4665
f 3160//4666 3765//4666 3081//4666
f 3730//4667 3158//4667 337//4668
f 3158//4669 3709//4669 3159//4669
f 2200//4670 3730//4670 3722//4670
f 3685//4671 3742//4671 2204//4671
f 3722//4672 2197//4673 2200//4674
f 3790//4675 2092//4675 3721//4675
f 3774//4676 3721//3554 2197//3553
f 3154//4677 3790//4677 3774//4677
f 3155//4678 3706//4678 3154//4678
f 2091//4679 3721//4679 2092//4679
f 2196//4680 3750//4680 3776//4680
f 2193//4681 3776//4681 3781//4681
f 3604//4682 3781//4682 3788//4682
f 2086//4683 3780//4683 3778//4683
f 2087//4684 3778//4684 3777//4684
f 2204//4685 3751//4685 2205//4685
f 2205//4686 3750//4686 3148//4686
f 3909//4687 574//4687 692//4687
f 2124//4688 3777//4688 3760//4688
f 2208//4689 3760//4689 3782//4689
f 3711//4690 3140//4690 3137//4690
f 3785//4691 3138//4691 3140//4691
f 3745//4692 3139//4692 3138//4692
f 3771//4693 3136//3471 2322//4694
f 3712//4695 3137//4695 3136//4695
f 3775//4696 3131//4696 3133//4696
f 3767//4697 3132//4697 3131//4697
f 1813//4698 3838//4698 1814//4698
f 1293//4699 3856//4699 1344//4699
f 2184//4700 3748//4700 3732//4700
f 2181//4701 3732//4701 3734//4701
f 3765//4702 3079//4702 3081//4702
f 3768//4703 3080//4703 3079//4703
f 709//4704 3875//4705 2031//4706
f 2774//4707 3737//4707 3769//4707
f 3786//4708 2134//4708 3559//4708
f 3809//4709 766//4709 765//4709
f 2968//4710 3766//4710 2959//4710
f 2969//3052 3784//4711 2968//3050
f 2958//4712 3737//4712 2961//4712
f 2132//4713 3766//4713 2960//4713
f 2321//4714 3771//4715 3748//4716
f 3860//4717 1449//4717 28//4717
f 3905//4718 582//4718 710//4718
f 3886//4719 577//4719 574//4719
f 3847//4720 1818//4720 3827//4720
f 705//4721 3887//4721 2121//4721
f 3816//4722 3907//4722 698//4722
f 2111//4723 3911//4723 2113//4723
f 3810//4724 1366//4724 1411//4724
f 1812//4725 3822//4725 1815//4725
f 675//4726 3852//4726 674//4726
f 3496//4727 3851//4728 675//4729
f 2110//4730 3868//4730 2109//4730
f 2104//4731 3901//4731 2106//4731
f 2109//4732 3899//4732 944//4732
f 3842//4733 703//4733 739//4733
f 1680//4734 3846//4734 1684//4734
f 1639//4735 3819//4735 3818//4735
f 623//4736 3906//4736 697//4736
f 2139//4737 3866//4738 3865//4739
f 1808//4740 3844//4740 3837//4740
f 3820//4741 1819//4741 1820//4741
f 3872//4742 3900//4742 706//4742
f 1646//4743 3830//4743 1648//4743
f 3889//4744 633//4744 577//4744
f 2139//4745 3875//4745 18//4745
f 2156//4746 3871//4746 3874//4746
f 674//4747 3913//4747 3869//4747
f 2117//4748 3812//4748 2069//4748
f 1815//4749 3847//4749 3823//4749
f 3855//4750 1444//4750 1470//4750
f 697//4751 3912//4751 3816//4751
f 866//4752 3836//4752 3828//4752
f 3864//4753 2136//4754 2135//4755
f 3585//4756 3726//4756 3589//4756
f 3583//4757 3731//4757 3585//4757
f 3753//4758 3738//4759 3739//4760
f 3740//4761 3581//4762 3743//4763
f 1088//4764 3746//4764 1093//4764
f 3739//4765 3743//4765 3753//4765
f 2791//4766 3493//4767 2792//4768
f 3492//4769 2807//4769 3493//4769
f 2792//4770 3494//4770 2909//4770
f 3493//4771 2806//4772 3494//4773
f 3508//4774 3494//4774 3516//4774
f 3516//4775 2806//4775 3539//4775
f 2948//4776 3791//4776 3801//4776
f 2105//4777 3896//4777 2104//4777
f 3538//4778 3804//4778 2805//4778
f 680//4779 3876//4779 683//4779
f 1891//4780 3910//4780 3891//4780
f 2905//4781 3801//4781 2950//4781
f 2900//4782 3799//4782 2905//4782
f 2901//2948 3807//4783 2877//2949
f 2734//4784 3806//4784 3794//4784
f 2877//4785 3806//4785 2878//4785
f 2820//4786 3794//4786 2872//4786
f 2818//4787 3792//4787 2827//4787
f 2823//4788 3792//2844 2826//2843
f 2822//4789 3798//4789 2821//4789
f 2819//4790 3800//4790 3798//4790
f 2817//4791 3795//4791 2816//4791
f 2809//4792 3795//4792 2815//4792
f 2808//4793 3803//4793 2807//4793
f 2805//4794 3803//4794 2804//4794
f 1702//4795 3923//4795 1599//4795
f 3922//4796 1797//4796 1802//4796
f 3915//4797 1706//4797 1709//4797
f 3918//4798 1692//4798 1698//4798
f 1657//1419 3880//4799 1879//1417
f 1890//4800 3895//4800 3910//4800
f 3772//4801 1674//4801 1675//4801
f 1689//4802 3772//4802 3773//4802
f 3926//4803 3538//4803 1688//4803
f 3516//4804 1689//4804 3773//4804
f 3917//4805 1703//4805 1764//4805
f 1598//4806 3928//4806 1770//4806
f 3880//4807 1876//4807 1879//4807
f 1691//4808 3925//4809 3927//4810
f 3925//4811 1688//4811 1687//4811
f 1117//4812 1118//4812 3930//4812
f 1066//4813 1322//4813 3930//4813
f 1243//4814 847//4814 3930//4814
f 3825//4815 848//4815 3930//4815
f 1128//4816 1117//4817 3930//4818
f 1129//4819 1130//4819 3930//4819
f 841//4820 1011//4820 3930//4820
f 1230//4821 3863//4821 3930//4821
f 1242//4822 1243//4822 3930//4822
f 1322//4823 1229//4823 3930//4823
f 1064//4824 1065//4825 3930//4826
f 1003//4827 1128//4816 3930//4818
f 1229//4828 1230//4828 3930//4828
f 3863//4829 1285//4829 3930//4829
f 1285//4830 1288//4830 3930//4830
f 848//4831 839//4831 3930//4831
f 847//4832 3825//4832 3930//4832
f 1118//4833 1129//4833 3930//4833
f 1065//4825 1066//4834 3930//4826
f 1087//4835 1086//4835 3930//4835
f 1008//4836 1002//4836 3930//4836
f 1011//4837 1008//4837 3930//4837
f 1002//4838 1003//4838 3930//4838
f 1076//4839 1069//4839 3930//4839
f 838//4840 841//4840 3930//4840
f 839//4841 838//4841 3930//4841
f 1288//4842 1242//4842 3930//4842
f 1130//4843 1087//4843 3930//4843
f 1086//4844 1076//4844 3930//4844
f 1069//4845 1064//4845 3930//4845
f 2410//4846 2414//4846 3931//4846
f 2411//4847 2410//4847 3931//4847
f 3617//4848 2285//4848 3931//4848
f 2394//4849 2393//4849 3931//4849
f 2393//4850 2396//4850 3931//4850
f 2281//4851 2286//4851 3931//4851
f 2282//4852 2280//4852 3931//4852
f 2398//4853 2399//4853 3931//4853
f 2465//4854 2464//4854 3931//4854
f 2396//4855 2397//4855 3931//4855
f 2470//4856 2469//4856 3931//4856
f 2399//4857 2416//4857 3931//4857
f 2480//4858 2395//4858 3931//4858
f 2459//4859 2480//4859 3931//4859
f 2369//4860 2282//4860 3931//4860
f 2460//4861 2459//4861 3931//4861
f 2415//4862 2411//4862 3931//4862
f 2416//4863 2415//4863 3931//4863
f 2364//4864 2363//4864 3931//4864
f 2286//4865 3617//4865 3931//4865
f 2464//4866 2470//4866 3931//4866
f 2469//4867 3703//4867 3931//4867
f 2285//4868 2465//4868 3931//4868
f 2414//4869 2364//4869 3931//4869
f 2395//4870 2394//4870 3931//4870
f 2363//4871 2367//4871 3931//4871
f 2397//4872 2398//4872 3931//4872
f 2280//4873 2281//4873 3931//4873
f 3703//4874 2460//4874 3931//4874
f 2367//4875 2369//4875 3931//4875
f 3934//4876 3937//4877 3938//4876
f 3934//4878 3939//4879 3935//4880
f 3932//4881 3937//4882 3933//4883
f 3938//4884 3943//4885 3939//4886
f 3937//4887 3940//4888 3941//4889
f 3937//4890 3942//4891 3938//4892
f 3942//4893 3947//4894 3943//4895
f 3941//4896 3944//4897 3945//4898
f 3942//4899 3945//4900 3946//4901
f 3947//4902 3950//4903 3951//4904
f 3944//4905 3949//4906 3945//4907
f 3945//4908 3950//4909 3946//4910
f 3950//4911 3955//4912 3951//4913
f 3949//4914 3952//4915 3953//4916
f 3950//4917 3953//4918 3954//4919
f 3955//4920 3958//4921 3959//4922
f 3953//4923 3956//4924 3957//4925
f 3953//4926 3958//4927 3954//4928
f 3959//4929 3962//4930 3963//4931
f 3957//4932 3960//4933 3961//4934
f 3958//4935 3961//4936 3962//4937
f 3962//4938 3967//4938 3963//4939
f 3960//4940 3965//4941 3961//4942
f 3961//4943 3966//4944 3962//4945
f 3966//4946 3971//4947 3967//4948
f 3965//4949 3968//4950 3969//4951
f 3966//4952 3969//4953 3970//4954
f 3970//4955 3975//4956 3971//4957
f 3968//4958 3973//4959 3969//4960
f 3969//4961 3974//4962 3970//4963
f 3974//4964 3979//4965 3975//4966
f 3973//4967 3976//4968 3977//4969
f 3974//4970 3977//4971 3978//4972
f 3979//4973 3982//4974 3983//4975
f 3976//4976 3981//4977 3977//4978
f 3977//4979 3982//4980 3978//4981
f 3982//4982 3987//4982 3983//4983
f 3981//4984 3984//4985 3985//4986
f 3982//4987 3985//4988 3986//4989
f 3987//4990 3990//4991 3991//4992
f 3984//4993 3989//4994 3985//4995
f 3985//4996 3990//4997 3986//4998
f 3991//4999 3994//5000 3995//5001
f 3989//5002 3992//5003 3993//5004
f 3990//5005 3993//5006 3994//5007
f 3995//5008 3998//5009 3999//5010
f 3992//5011 3997//5012 3993//5013
f 3993//5014 3998//5015 3994//5016
f 3998//5017 4003//5018 3999//5019
f 3997//5020 4000//5021 4001//5022
f 3998//5023 4001//5024 4002//5025
f 4002//5026 4007//5027 4003//5028
f 4000//5029 4005//5030 4001//5031
f 4001//5032 4006//5033 4002//5034
f 4006//5035 4011//5036 4007//5037
f 4005//5038 4008//5039 4009//5040
f 4006//5041 4009//5042 4010//5043
f 4011//5044 4014//5045 4015//5046
f 4008//5047 4013//5048 4009//5049
f 4009//5050 4014//5051 4010//5052
f 4014//5053 4019//5054 4015//5055
f 4013//5056 4016//5057 4017//5058
f 4014//5059 4017//5060 4018//5061
f 4019//5062 4022//5063 4023//5063
f 4016//5064 4021//5065 4017//5066
f 4017//5067 4022//5068 4018//5069
f 4023//5070 4026//5071 4027//5072
f 4021//5073 4024//5074 4025//5075
f 4022//5076 4025//5076 4026//5076
f 4027//5077 4030//5078 4031//5079
f 4024//5080 4029//5081 4025//5082
f 4025//5083 4030//5084 4026//5085
f 4031//5086 4034//5087 4035//5088
f 4029//5089 4032//5090 4033//5091
f 4030//5092 4033//5093 4034//5094
f 4034//5095 4039//5096 4035//5097
f 4032//5098 4037//5099 4033//5100
f 4033//5101 4038//5102 4034//5103
f 4038//5104 4043//5105 4039//5106
f 4037//5107 4040//5108 4041//5109
f 4038//5110 4041//5111 4042//5112
f 4043//5113 4046//5114 4047//5115
f 4040//5116 4045//5117 4041//5118
f 4041//5119 4046//5120 4042//5121
f 4046//5122 4051//5123 4047//5124
f 4045//5125 4048//5126 4049//5127
f 4046//5128 4049//5129 4050//5130
f 4051//5131 4055//5132 4056//5133
f 4048//5134 4054//5135 4049//5136
f 4049//5137 4055//5137 4050//5138
f 4056//5139 4059//5140 4060//5141
f 4053//5142 4058//5143 4054//5144
f 4055//5145 4058//5146 4059//5147
f 3932//5148 4052//5148 3936//5148
f 3936//5149 4052//5149 3940//5149
f 3940//5150 4052//5150 3944//5150
f 3944//5151 4052//5151 3948//5151
f 3948//5152 4052//5152 3952//5152
f 3952//5153 4052//5153 3956//5153
f 3956//5154 4052//5155 3960//5155
f 3960//5155 4052//5155 3964//5156
f 3964//5157 4052//5158 3968//5159
f 3968//5159 4052//5158 3972//5160
f 3972//5161 4052//5161 3976//5161
f 3976//5162 4052//5162 3980//5162
f 3980//5163 4052//5163 3984//5163
f 3984//5164 4052//5164 3988//5164
f 3988//5165 4052//5166 3992//5166
f 3992//5166 4052//5166 3996//5167
f 3996//5168 4052//5169 4000//5170
f 4000//5170 4052//5169 4004//5171
f 4004//5172 4052//5172 4008//5172
f 4008//5173 4052//5174 4012//5175
f 4012//5175 4052//5174 4016//5176
f 4016//5177 4052//5178 4020//5178
f 4020//5178 4052//5178 4024//5179
f 4024//5180 4052//5181 4028//5181
f 4028//5181 4052//5181 4032//5182
f 4032//5183 4052//5184 4036//5185
f 4036//5185 4052//5184 4040//5186
f 4040//5187 4052//5188 4044//5189
f 4044//5189 4052//5188 4048//5190
f 4048//5191 4052//5191 4053//5191
f 4053//5192 4052//5192 4057//5192
f 4060//5193 3934//5194 3935//5195
f 4058//5196 3932//5197 3933//5198
f 4058//5199 3934//5200 4059//5201
f 4057//5202 4052//5202 3932//5202
f 4069//5203 4081//5204 4082//5205
f 4066//5206 4080//5207 4067//5208
f 4065//5209 4077//5210 4078//5209
f 4063//5211 4075//5212 4076//5213
f 4071//5214 4085//5215 4072//5216
f 4069//5217 4083//5218 4070//5219
f 4067//5220 4081//5220 4068//5221
f 4066//5222 4078//5223 4079//5224
f 4063//5225 4077//5225 4064//5226
f 4061//5227 4075//5228 4062//5229
f 4072//5230 4086//5231 4073//5232
f 4071//5233 4083//5234 4084//5235
f 4076//5236 4090//5237 4077//5238
f 4074//5239 4088//5240 4075//5241
f 4086//5242 4098//5243 4099//5244
f 4083//5245 4097//5246 4084//5247
f 4082//5248 4094//5248 4095//5249
f 4079//5250 4093//5250 4080//5251
f 4078//5252 4090//5252 4091//5253
f 4076//5254 4088//5255 4089//5256
f 4085//5257 4097//5258 4098//5259
f 4082//5260 4096//5261 4083//5262
f 4080//5263 4094//5264 4081//5265
f 4079//5266 4091//5266 4092//5267
f 4089//5268 4103//5269 4090//5270
f 4088//5271 4100//5272 4101//5273
f 4098//5274 4112//5275 4099//5276
f 4096//5277 4110//5278 4097//5279
f 4095//5280 4107//5281 4108//5282
f 4092//5283 4106//5283 4093//5284
f 4090//5285 4104//5285 4091//5286
f 4089//5287 4101//5288 4102//5289
f 4097//5290 4111//5291 4098//5292
f 4095//5293 4109//5294 4096//5295
f 4094//5296 4106//5296 4107//5297
f 4092//5298 4104//5298 4105//5299
f 4103//5300 4115//5301 4116//5302
f 4100//5303 4114//5304 4101//5305
f 4112//5306 4124//5307 4125//5308
f 4110//5309 4122//5310 4123//5311
f 4107//5312 4121//5313 4108//5314
f 4105//5315 4119//5315 4106//5316
f 4103//5317 4117//5318 4104//5319
f 4101//5320 4115//5321 4102//5322
f 4110//5323 4124//5324 4111//5325
f 4109//5326 4121//5326 4122//5327
f 4107//5328 4119//5329 4120//5330
f 4105//5331 4117//5331 4118//5332
f 4115//5333 4129//5334 4116//5335
f 4114//5336 4126//5337 4127//5338
f 4124//5339 4138//5339 4125//5339
f 4123//5340 4135//5340 4136//5341
f 4120//5342 4134//5342 4121//5343
f 4119//5344 4131//5344 4132//5345
f 4117//5346 4129//5347 4130//5348
f 4114//5349 4128//5350 4115//5351
f 4124//5352 4136//5352 4137//5353
f 4122//5354 4134//5355 4135//5356
f 4119//5357 4133//5357 4120//5358
f 4117//5359 4131//5359 4118//5360
f 4129//5361 4141//5362 4142//5361
f 4126//5363 4140//5364 4127//5365
f 4138//5366 4150//5367 4151//5368
f 4136//5369 4148//5370 4149//5371
f 4133//5372 4147//5373 4134//5374
f 4131//5375 4145//5375 4132//5376
f 4130//5377 4142//5378 4143//5379
f 4127//5380 4141//5381 4128//5382
f 4137//5383 4149//5384 4150//5385
f 4135//5386 4147//5387 4148//5388
f 4132//5389 4146//5389 4133//5390
f 4131//5391 4143//5392 4144//5393
f 4142//5394 4154//5394 4155//5394
f 4140//5395 4152//5396 4153//5397
f 4150//5398 4164//5399 4151//5400
f 4149//5401 4161//5402 4162//5403
f 4146//5404 4160//5405 4147//5406
f 4144//5407 4158//5408 4145//5409
f 4142//5410 4156//5411 4143//5412
f 4140//5413 4154//5414 4141//5415
f 4149//5416 4163//5416 4150//5417
f 4148//5418 4160//5419 4161//5420
f 4146//5421 4158//5422 4159//5423
f 4144//5424 4156//5425 4157//5426
f 4155//5427 4167//5428 4168//5429
f 4153//5430 4165//5431 4166//5432
f 4163//5433 4177//5434 4164//5435
f 4161//5436 4175//5437 4162//5438
f 4159//5439 4173//5439 4160//5440
f 4158//5441 4170//5442 4171//5443
f 4155//5444 4169//5444 4156//5445
f 4153//5446 4167//5447 4154//5448
f 4163//5449 4175//5450 4176//5451
f 4161//5452 4173//5452 4174//5453
f 4159//5454 4171//5454 4172//5455
f 4156//5456 4170//5457 4157//5458
f 4167//5459 4181//5460 4168//5461
f 4165//5462 4179//5463 4166//5464
f 4176//5465 4190//5466 4177//5467
f 4175//5468 4187//5468 4188//5469
f 4173//5470 4185//5471 4186//5472
f 4170//5473 4184//5474 4171//5475
f 4169//5476 4181//5477 4182//5478
f 4167//5479 4179//5480 4180//5481
f 4175//5482 4189//5483 4176//5484
f 4173//5485 4187//5486 4174//5487
f 4171//5488 4185//5488 4172//5489
f 4170//5490 4182//5491 4183//5492
f 4180//5493 4194//5494 4181//5494
f 4178//5495 4192//5496 4179//5497
f 4190//5498 4202//5499 4203//5498
f 4187//5500 4201//5501 4188//5502
f 4186//5503 4198//5504 4199//5505
f 4183//5506 4197//5507 4184//5508
f 4182//5509 4194//5509 4195//5510
f 4180//5511 4192//5511 4193//5511
f 4189//5512 4201//5513 4202//5514
f 4186//5515 4200//5516 4187//5517
f 4184//5518 4198//5518 4185//5519
f 4183//5520 4195//5520 4196//5521
f 4193//5522 4207//5523 4194//5524
f 4192//5525 4204//5526 4205//5527
f 4202//5528 4216//5529 4203//5529
f 4200//5530 4214//5531 4201//5532
f 4199//5533 4211//5534 4212//5535
f 4196//5536 4210//5536 4197//5537
f 4194//5538 4208//5539 4195//5540
f 4193//5541 4205//5542 4206//5543
f 4201//5544 4215//5545 4202//5546
f 4199//5547 4213//5548 4200//5549
f 4198//5550 4210//5550 4211//5551
f 4196//5552 4208//5553 4209//5554
f 4207//5555 4219//5556 4220//5557
f 4204//5558 4218//5559 4205//5560
f 4216//5561 4228//5561 4229//5562
f 4213//5563 4227//5564 4214//5564
f 4211//5565 4225//5565 4212//5566
f 4209//5567 4223//5568 4210//5569
f 4207//5570 4221//5570 4208//5571
f 4205//5572 4219//5573 4206//5574
f 4214//5575 4228//5576 4215//5577
f 4213//5578 4225//5579 4226//5580
f 4211//5581 4223//5582 4224//5583
f 4209//5584 4221//5585 4222//5586
f 4219//5587 4233//5588 4220//5588
f 4218//5589 4230//5590 4231//5591
f 4228//5592 4242//5593 4229//5594
f 4226//5595 4240//5596 4227//5597
f 4225//5598 4237//5599 4238//5600
f 4223//5601 4235//5601 4236//5602
f 4221//5603 4233//5603 4234//5604
f 4218//5605 4232//5606 4219//5607
f 4228//5608 4240//5609 4241//5610
f 4226//5611 4238//5612 4239//5613
f 4223//5614 4237//5614 4224//5615
f 4221//5616 4235//5616 4222//5617
f 4233//5618 4245//5619 4246//5620
f 4230//5621 4244//5622 4231//5623
f 4242//5624 4254//5625 4255//5626
f 4240//5627 4252//5628 4253//5627
f 4237//5629 4251//5629 4238//5630
f 4235//5631 4249//5632 4236//5633
f 4234//5634 4246//5635 4247//5636
f 4231//5637 4245//5638 4232//5639
f 4241//5640 4253//5641 4254//5642
f 4239//5643 4251//5644 4252//5645
f 4236//5646 4250//5647 4237//5648
f 4235//5649 4247//5650 4248//5649
f 4246//5651 4258//5652 4259//5653
f 4244//5654 4256//5655 4257//5656
f 4254//5657 4268//5658 4255//5659
f 4253//5660 4265//5661 4266//5662
f 4250//5663 4264//5664 4251//5665
f 4248//5666 4262//5666 4249//5667
f 4246//5668 4260//5668 4247//5669
f 4244//5670 4258//5671 4245//5672
f 4253//5673 4267//5674 4254//5675
f 4252//5676 4264//5677 4265//5677
f 4250//5678 4262//5678 4263//5679
f 4248//5680 4260//5680 4261//5681
f 4259//5682 4271//5683 4272//5684
f 4257//5685 4269//5686 4270//5687
f 4267//5688 4281//5689 4268//5690
f 4265//5691 4279//5692 4266//5693
f 4263//5694 4277//5695 4264//5696
f 4262//5697 4274//5697 4275//5698
f 4259//5699 4273//5699 4260//5700
f 4257//5701 4271//5702 4258//5703
f 4266//5704 4280//5705 4267//5706
f 4265//5707 4277//5708 4278//5708
f 4263//5709 4275//5709 4276//5710
f 4260//5711 4274//5712 4261//5713
f 4271//5714 4285//5715 4272//5716
f 4269//5717 4283//5718 4270//5719
f 4281//5720 4293//5721 4294//5722
f 4279//5723 4291//5724 4292//5725
f 4277//5726 4289//5727 4290//5728
f 4274//5729 4288//5730 4275//5731
f 4273//5732 4285//5733 4286//5734
f 4271//5735 4283//5736 4284//5737
f 4280//5738 4292//5739 4293//5740
f 4277//5741 4291//5742 4278//5743
f 4275//5744 4289//5744 4276//5744
f 4274//5745 4286//5746 4287//5747
f 4284//5748 4298//5749 4285//5750
f 4282//5751 4296//5751 4283//5752
f 4294//5753 4306//5754 4307//5755
f 4291//5756 4305//5757 4292//5758
f 4290//5759 4302//5760 4303//5761
f 4287//5762 4301//5763 4288//5764
f 4286//5765 4298//5766 4299//5767
f 4284//5768 4296//5769 4297//5770
f 4293//5771 4305//5772 4306//5773
f 4290//5774 4304//5775 4291//5776
f 4288//5777 4302//5778 4289//5779
f 4287//5780 4299//5780 4300//5781
f 4297//5782 4311//5782 4298//5783
f 4296//5784 4308//5785 4309//5786
f 4306//5787 4320//5788 4307//5789
f 4304//5790 4318//5791 4305//5792
f 4303//5793 4315//5793 4316//5793
f 4300//5794 4314//5794 4301//5795
f 4298//5796 4312//5797 4299//5798
f 4297//5799 4309//5800 4310//5801
f 4305//5802 4319//5802 4306//5803
f 4304//5804 4316//5805 4317//5806
f 4302//5807 4314//5807 4315//5807
f 4300//5808 4312//5809 4313//5810
f 4310//5811 4324//5812 4311//5813
f 4308//5814 4322//5815 4309//5816
f 4320//5817 4332//5818 4333//5819
f 4318//5820 4330//5821 4331//5822
f 4316//5823 4328//5823 4329//5824
f 4313//5825 4327//5825 4314//5826
f 4311//5827 4325//5827 4312//5827
f 4310//5828 4322//5829 4323//5830
f 4318//5831 4332//5832 4319//5833
f 4316//5834 4330//5835 4317//5836
f 4315//5837 4327//5837 4328//5838
f 4312//5839 4326//5839 4313//5840
f 4323//5841 4337//5841 4324//5842
f 4322//5843 4334//5844 4335//5845
f 4332//5846 4346//5847 4333//5848
f 4330//5849 4344//5850 4331//5851
f 4329//5852 4341//5852 4342//5853
f 4327//5854 4339//5854 4340//5855
f 4325//5856 4337//5857 4338//5858
f 4322//5859 4336//5860 4323//5861
f 4332//5862 4344//5863 4345//5864
f 4330//5865 4342//5866 4343//5867
f 4327//5868 4341//5869 4328//5870
f 4325//5871 4339//5871 4326//5872
f 4337//5873 4350//5874 4351//5875
f 4334//5876 4349//5877 4335//5877
f 4346//5878 4359//5879 4360//5880
f 4344//5881 4357//5882 4358//5883
f 4341//5884 4356//5885 4342//5886
f 4340//5887 4353//5887 4354//5888
f 4338//5889 4351//5889 4352//5890
f 4335//5891 4350//5892 4336//5893
f 4345//5894 4358//5895 4359//5896
f 4343//5897 4356//5897 4357//5898
f 4340//5899 4355//5900 4341//5901
f 4338//5902 4353//5902 4339//5903
f 4351//5904 4363//5905 4364//5906
f 4349//5907 4361//5908 4362//5909
f 4359//5910 4373//5911 4360//5912
f 4358//5913 4370//5914 4371//5915
f 4355//5916 4369//5916 4356//5916
f 4354//5917 4366//5917 4367//5918
f 4351//5919 4365//5920 4352//5921
f 4349//5922 4363//5923 4350//5924
f 4358//5925 4372//5926 4359//5926
f 4357//5927 4369//5927 4370//5927
f 4355//5928 4367//5929 4368//5930
f 4352//5931 4366//5932 4353//5933
f 4364//5934 4376//5935 4377//5936
f 4362//5937 4374//5938 4375//5939
f 4373//5940 4385//5941 4386//5942
f 4370//5943 4384//5943 4371//5944
f 4368//5945 4382//5946 4369//5947
f 4367//5948 4379//5949 4380//5950
f 4364//5951 4378//5952 4365//5953
f 4362//5954 4376//5955 4363//5956
f 4372//5957 4384//5958 4385//5959
f 4370//5960 4382//5961 4383//5962
f 4368//5963 4380//5963 4381//5964
f 4365//5965 4379//5966 4366//5967
f 4376//5968 4390//5969 4377//5970
f 4374//5971 4388//5972 4375//5973
f 4385//5974 4399//5975 4386//5976
f 4384//5977 4396//5978 4397//5978
f 4382//5979 4394//5980 4395//5981
f 4379//5982 4393//5983 4380//5984
f 4378//5985 4390//5986 4391//5987
f 4376//5988 4388//5989 4389//5990
f 4384//5991 4398//5991 4385//5991
f 4382//5992 4396//5993 4383//5994
f 4380//5995 4394//5995 4381//5995
f 4379//5996 4391//5996 4392//5997
f 4389//5998 4403//5998 4390//5999
f 4387//6000 4401//6001 4388//6002
f 4399//6003 4411//6004 4412//6005
f 4396//6006 4410//6007 4397//6008
f 4395//6009 4407//6010 4408//6011
f 4393//6012 4405//6012 4406//6013
f 4391//6014 4403//6015 4404//6016
f 4389//6017 4401//6018 4402//6019
f 4398//6020 4410//6021 4411//6022
f 4395//6023 4409//6023 4396//6024
f 4393//6025 4407//6026 4394//6027
f 4391//6028 4405//6028 4392//6029
f 4402//6030 4416//6031 4403//6032
f 4401//6033 4413//6034 4414//6035
f 4411//6036 4425//6037 4412//6038
f 4409//6039 4423//6039 4410//6040
f 4408//6041 4420//6042 4421//6043
f 4406//6044 4418//6044 4419//6045
f 4403//6046 4417//6047 4404//6048
f 4402//6049 4414//6049 4415//6050
f 4410//6051 4424//6052 4411//6053
f 4408//6054 4422//6054 4409//6055
f 4407//6056 4419//6056 4420//6057
f 4404//6058 4418//6058 4405//6059
f 4416//6060 4428//6061 4429//6062
f 4413//6063 4427//6063 4414//6064
f 4425//6065 4437//6066 4438//6067
f 4423//6068 4435//6069 4436//6068
f 4421//6070 4433//6071 4434//6072
f 4418//6073 4432//6073 4419//6074
f 4416//6075 4430//6075 4417//6076
f 4415//6077 4427//6078 4428//6079
f 4423//6080 4437//6081 4424//6082
f 4421//6083 4435//6083 4422//6084
f 4420//6085 4432//6086 4433//6087
f 4418//6088 4430//6088 4431//6089
f 4428//6090 4442//6091 4429//6092
f 4426//6093 4440//6093 4427//6093
f 4437//6094 4451//6095 4438//6094
f 4435//6096 4449//6097 4436//6098
f 4434//6099 4446//6100 4447//6101
f 4432//6102 4444//6102 4445//6103
f 4430//6104 4442//6105 4443//6106
f 4427//6107 4441//6108 4428//6109
f 4437//6110 4449//6111 4450//6112
f 4435//6113 4447//6114 4448//6115
f 4432//6116 4446//6117 4433//6118
f 4430//6119 4444//6119 4431//6120
f 4442//6121 4454//6122 4455//6123
f 4439//6124 4453//6125 4440//6126
f 4451//6127 4463//6128 4464//6129
f 4449//6130 4461//6131 4462//6132
f 4446//6133 4460//6133 4447//6133
f 4444//6134 4458//6135 4445//6136
f 4443//6137 4455//6138 4456//6139
f 4440//6140 4454//6141 4441//6142
f 4450//6143 4462//6144 4463//6145
f 4447//6146 4461//6147 4448//6148
f 4445//6149 4459//6150 4446//6151
f 4444//6152 4456//6153 4457//6154
f 4455//6155 4467//6156 4468//6157
f 4453//6158 4465//6158 4466//6158
f 4463//6159 4477//6160 4464//6159
f 4462//6161 4474//6162 4475//6163
f 4459//6164 4473//6164 4460//6165
f 4457//6166 4471//6166 4458//6166
f 4455//6167 4469//6167 4456//6168
f 4453//6169 4467//6169 4454//6169
f 4462//6170 4476//6171 4463//6172
f 4461//6173 4473//6174 4474//6175
f 4459//6176 4471//6176 4472//6177
f 4457//6178 4469//6178 4470//6179
f 4347//6180 4073//6180 4086//6180
f 4347//6181 4086//6181 4099//6181
f 4347//6182 4099//6182 4112//6182
f 4347//6183 4112//6183 4125//6183
f 4347//6184 4125//6184 4138//6184
f 4347//6185 4138//6185 4151//6185
f 4347//6186 4151//6186 4164//6186
f 4347//6187 4164//6187 4177//6187
f 4347//6188 4177//6188 4190//6188
f 4347//6189 4190//6189 4203//6189
f 4347//6190 4203//6190 4216//6190
f 4347//6191 4216//6191 4229//6191
f 4347//6192 4229//6192 4242//6192
f 4347//6193 4242//6193 4255//6193
f 4347//6194 4255//6194 4268//6194
f 4347//6195 4268//6195 4281//6195
f 4347//6196 4281//6196 4294//6196
f 4347//6197 4294//6197 4307//6197
f 4347//6198 4307//6198 4320//6198
f 4347//6199 4320//6199 4333//6199
f 4347//6200 4333//6200 4346//6200
f 4347//6201 4346//6201 4360//6201
f 4347//6202 4360//6202 4373//6202
f 4347//6203 4373//6203 4386//6203
f 4347//6204 4386//6204 4399//6204
f 4347//6205 4399//6205 4412//6205
f 4347//6206 4412//6206 4425//6206
f 4347//6207 4425//6207 4438//6207
f 4347//6208 4438//6208 4451//6208
f 4347//6209 4451//6209 4464//6209
f 4347//6210 4464//6211 4477//6211
f 4468//6212 4063//6212 4064//6213
f 4466//6214 4061//6215 4062//6216
f 4477//6217 4072//6217 4073//6217
f 4474//6218 4071//6219 4475//6220
f 4472//6221 4069//6222 4473//6223
f 4471//6224 4066//6224 4067//6225
f 4468//6226 4065//6227 4469//6228
f 4466//6229 4063//6230 4467//6231
f 4347//6232 4477//6232 4073//6232
f 4476//6233 4071//6234 4072//6235
f 4474//6236 4069//6237 4070//6238
f 4472//6239 4067//6239 4068//6240
f 4469//6241 4066//6242 4470//6243
f 3935//6244 4465//6245 4060//6246
f 4465//6247 4056//6248 4060//6249
f 4452//6250 4051//6251 4056//6252
f 4439//6253 4047//6254 4051//6255
f 4047//6256 4413//6256 4043//6257
f 4043//6258 4400//6259 4039//6260
f 4039//6261 4387//6262 4035//6263
f 4387//6264 4031//6265 4035//6266
f 4031//6267 4361//6268 4027//6269
f 4361//6270 4023//6271 4027//6272
f 4348//6273 4019//6274 4023//6275
f 4334//6276 4015//6277 4019//6278
f 4015//6279 4308//6280 4011//6281
f 4011//6282 4295//6283 4007//6284
f 4007//6285 4282//6286 4003//6287
f 4282//6288 3999//6289 4003//6290
f 3999//6291 4256//6292 3995//6293
f 4256//6294 3991//6295 3995//6294
f 4243//6296 3987//6297 3991//6298
f 4230//6299 3983//6300 3987//6301
f 3983//6302 4204//6303 3979//6303
f 3979//6304 4191//6305 3975//6306
f 3975//6307 4178//6308 3971//6309
f 4178//6310 3967//6311 3971//6312
f 3967//6313 4152//6314 3963//6315
f 4152//6316 3959//6317 3963//6318
f 4139//6319 3955//6320 3959//6321
f 4126//6322 3951//6323 3955//6324
f 3951//6325 4100//6326 3947//6327
f 3947//6328 4087//6329 3943//6330
f 3943//6331 4074//6332 3939//6333
f 4074//6334 3935//6334 3939//6335
f 4480//6336 4483//6337 4484//6338
f 4480//6339 4485//6340 4481//6341
f 4479//6342 4482//6343 4483//6344
f 4484//6345 4489//6346 4485//6347
f 4482//6348 4487//6349 4483//6350
f 4483//6351 4488//6352 4484//6353
f 4488//6354 4493//6355 4489//6356
f 4487//6357 4490//6358 4491//6359
f 4488//6360 4491//6361 4492//6362
f 4493//6363 4496//6364 4497//6365
f 4490//6366 4495//6367 4491//6368
f 4491//6369 4496//6370 4492//6371
f 4496//6372 4501//6373 4497//6374
f 4495//6375 4498//6376 4499//6377
f 4496//6378 4499//6379 4500//6380
f 4501//6381 4504//6382 4505//6383
f 4498//6384 4503//6385 4499//6386
f 4499//6387 4504//6388 4500//6389
f 4505//6390 4508//6391 4509//6392
f 4503//6393 4506//6394 4507//6395
f 4504//6396 4507//6397 4508//6398
f 4509//6399 4512//6400 4513//6401
f 4506//6402 4511//6402 4507//6402
f 4507//6403 4512//6404 4508//6405
f 4513//4946 4516//6406 4517//6407
f 4511//6408 4514//6409 4515//6410
f 4512//6411 4515//6412 4516//6413
f 4516//6414 4521//6415 4517//6416
f 4514//6417 4519//6418 4515//6419
f 4515//6420 4520//6421 4516//6422
f 4520//6423 4525//6424 4521//6425
f 4518//6426 4523//6427 4519//6428
f 4520//6429 4523//6430 4524//6431
f 4525//6432 4528//6433 4529//6434
f 4522//6435 4527//6436 4523//6437
f 4523//6438 4528//6439 4524//6440
f 4528//6441 4533//6442 4529//6443
f 4527//6444 4530//6445 4531//6446
f 4528//6447 4531//6448 4532//6449
f 4533//6450 4536//6451 4537//6452
f 4530//6453 4535//6454 4531//6455
f 4531//6456 4536//6457 4532//6458
f 4537//6459 4540//6460 4541//6461
f 4534//6462 4539//6463 4535//6464
f 4536//6465 4539//6466 4540//6467
f 4541//6468 4544//6469 4545//6470
f 4539//6471 4542//6472 4543//6473
f 4539//6474 4544//6475 4540//6476
f 4544//6477 4549//6478 4545//6479
f 4542//6480 4547//6481 4543//6482
f 4544//6483 4547//6484 4548//6485
f 4548//6486 4553//6487 4549//6488
f 4547//6489 4550//6490 4551//6491
f 4547//6492 4552//6493 4548//6494
f 4552//6495 4557//6496 4553//6497
f 4551//6498 4554//6499 4555//6500
f 4552//6501 4555//6502 4556//6503
f 4557//6504 4560//6505 4561//6506
f 4554//6507 4559//6508 4555//6509
f 4555//6510 4560//6511 4556//6512
f 4560//6513 4565//6514 4561//6515
f 4559//6516 4562//6517 4563//6518
f 4560//6519 4563//6520 4564//6521
f 4565//6522 4568//6522 4569//6523
f 4562//6524 4567//6525 4563//6526
f 4563//6527 4568//6528 4564//6529
f 4569//6530 4572//6531 4573//6532
f 4567//6533 4570//6534 4571//6535
f 4568//6536 4571//6537 4572//6538
f 4572//6539 4577//6540 4573//6541
f 4570//6542 4575//6543 4571//6544
f 4571//6545 4576//6546 4572//6547
f 4576//6548 4581//6549 4577//6550
f 4575//6551 4578//6552 4579//6553
f 4576//6554 4579//6555 4580//6556
f 4580//6557 4585//6557 4581//6558
f 4578//6559 4583//6560 4579//6561
f 4579//6562 4584//6563 4580//6564
f 4584//6565 4589//6566 4585//6566
f 4583//6567 4586//6568 4587//6569
f 4584//6570 4587//6571 4588//6572
f 4589//6573 4592//6574 4593//6575
f 4586//6576 4591//6577 4587//6578
f 4587//6579 4592//6580 4588//6581
f 4592//6582 4597//6583 4593//6584
f 4591//6585 4594//6586 4595//6587
f 4592//6588 4595//6589 4596//6590
f 4597//6591 4601//6592 4602//6593
f 4594//6594 4600//6595 4595//6596
f 4595//6597 4601//6598 4596//6599
f 4602//6600 4605//6601 4606//6602
f 4600//6603 4603//6604 4604//6605
f 4601//6606 4604//6607 4605//6608
f 4478//6609 4598//6610 4482//6610
f 4482//6610 4598//6610 4486//6611
f 4486//6612 4598//6612 4490//6612
f 4490//6613 4598//6613 4494//6613
f 4494//6614 4598//6614 4498//6614
f 4498//6615 4598//6615 4502//6615
f 4502//6616 4598//6617 4506//6618
f 4506//6618 4598//6617 4510//6619
f 4510//6620 4598//6621 4514//6622
f 4514//6622 4598//6621 4518//6623
f 4518//6624 4598//6624 4522//6624
f 4522//6625 4598//6625 4526//6625
f 4526//6626 4598//6627 4530//6628
f 4530//6628 4598//6627 4534//6629
f 4534//6630 4598//6630 4538//6630
f 4538//6631 4598//6632 4542//6633
f 4542//6633 4598//6632 4546//6634
f 4546//6635 4598//6636 4550//6637
f 4550//6637 4598//6636 4554//6638
f 4554//6639 4598//6639 4558//6639
f 4558//6640 4598//6640 4562//6640
f 4562//6641 4598//6642 4566//6642
f 4566//6642 4598//6642 4570//6643
f 4570//6644 4598//6645 4574//6646
f 4574//6646 4598//6645 4578//6647
f 4578//6648 4598//6649 4582//6649
f 4582//6649 4598//6649 4586//6650
f 4586//6651 4598//6651 4590//6651
f 4590//6652 4598//6653 4594//6653
f 4594//6653 4598//6653 4599//6654
f 4599//6655 4598//6656 4603//6656
f 4606//6657 4480//6658 4481//6659
f 4603//6660 4479//6661 4604//6662
f 4604//6663 4480//6664 4605//6665
f 4603//6656 4598//6656 4478//6666
f 4615//6667 4627//6668 4628//6669
f 4612//6670 4626//6671 4613//6672
f 4611//6673 4623//6674 4624//6675
f 4609//6676 4621//6677 4622//6678
f 4618//6679 4630//6680 4631//6681
f 4615//6682 4629//6683 4616//6684
f 4613//6685 4627//6686 4614//6687
f 4612//6688 4624//6689 4625//6690
f 4609//6691 4623//6692 4610//6693
f 4607//6694 4621//6695 4608//6696
f 4619//6697 4631//6697 4632//6698
f 4617//6699 4629//6700 4630//6701
f 4622//6702 4636//6703 4623//6704
f 4620//6705 4634//6706 4621//6707
f 4632//6708 4644//6709 4645//6710
f 4629//6711 4643//6712 4630//6713
f 4628//6714 4640//6714 4641//6715
f 4626//6716 4638//6716 4639//6717
f 4624//6718 4636//6719 4637//6720
f 4622//6721 4634//6722 4635//6723
f 4631//6724 4643//6725 4644//6726
f 4628//6727 4642//6727 4629//6728
f 4626//6729 4640//6730 4627//6731
f 4624//6732 4638//6732 4625//6733
f 4635//6734 4649//6735 4636//6736
f 4634//6737 4646//6738 4647//6739
f 4644//6740 4658//6741 4645//6742
f 4642//6743 4656//6744 4643//6745
f 4641//6746 4653//6747 4654//6748
f 4639//6749 4651//6749 4652//6750
f 4636//6751 4650//6751 4637//6752
f 4635//6753 4647//6754 4648//6755
f 4643//6756 4657//6757 4644//6758
f 4642//6759 4654//6760 4655//6761
f 4640//6762 4652//6763 4653//6764
f 4637//6765 4651//6766 4638//6767
f 4648//6768 4662//6769 4649//6770
f 4646//6771 4660//6772 4647//6773
f 4658//6774 4670//6775 4671//6776
f 4656//6777 4668//6778 4669//6777
f 4653//6779 4667//6780 4654//6781
f 4651//6782 4665//6783 4652//6784
f 4649//6785 4663//6785 4650//6785
f 4648//6786 4660//6787 4661//6788
f 4656//6789 4670//6790 4657//6791
f 4654//6792 4668//6793 4655//6794
f 4653//6795 4665//6796 4666//6797
f 4651//6798 4663//6798 4664//6799
f 4661//6800 4675//6800 4662//6801
f 4660//6802 4672//6803 4673//6804
f 4670//6805 4684//6806 4671//6807
f 4668//6808 4682//6809 4669//6810
f 4667//6811 4679//6811 4680//6812
f 4665//6813 4677//6813 4678//6813
f 4663//6814 4675//6814 4676//6814
f 4661//6815 4673//6816 4674//6817
f 4670//6818 4682//6819 4683//6820
f 4667//6821 4681//6822 4668//6822
f 4665//6823 4679//6824 4666//6825
f 4663//6826 4677//6826 4664//6827
f 4675//6828 4687//6829 4688//6830
f 4672//6831 4686//6832 4673//6833
f 4684//6834 4696//6835 4697//6836
f 4682//6837 4694//6838 4695//6839
f 4679//6840 4693//6841 4680//6842
f 4678//6843 4690//6843 4691//6844
f 4676//6845 4688//6846 4689//6847
f 4673//6848 4687//6849 4674//6850
f 4683//6851 4695//6851 4696//6852
f 4681//6853 4693//6854 4694//6853
f 4678//6855 4692//6856 4679//6857
f 4676//6858 4690//6858 4677//6859
f 4688//6860 4700//6861 4701//6862
f 4686//6863 4698//6864 4699//6865
f 4696//6866 4710//6867 4697//6868
f 4695//6869 4707//6870 4708//6871
f 4692//6872 4706//6873 4693//6874
f 4691//6875 4703//6875 4704//6876
f 4688//6877 4702//6878 4689//6879
f 4686//6880 4700//6881 4687//6882
f 4695//6883 4709//6884 4696//6884
f 4694//6885 4706//6886 4707//6887
f 4692//6888 4704//6889 4705//6890
f 4689//6891 4703//6891 4690//6892
f 4701//6893 4713//6894 4714//6895
f 4699//6896 4711//6896 4712//6897
f 4710//6898 4722//6899 4723//6900
f 4707//6901 4721//6902 4708//6903
f 4705//6904 4719//6905 4706//6905
f 4704//6906 4716//6907 4717//6908
f 4701//6909 4715//6910 4702//6911
f 4699//6912 4713//6913 4700//6914
f 4709//6915 4721//6916 4722//6917
f 4707//6918 4719//6918 4720//6919
f 4705//6920 4717//6921 4718//6922
f 4702//6923 4716//6923 4703//6923
f 4713//6924 4727//6925 4714//6926
f 4711//6927 4725//6928 4712//6929
f 4723//6930 4735//6930 4736//6931
f 4721//6932 4733//6933 4734//6934
f 4719//6935 4731//6936 4732//6937
f 4716//6938 4730//6939 4717//6940
f 4715//6941 4727//6942 4728//6943
f 4713//6944 4725//6945 4726//6946
f 4721//6947 4735//6948 4722//6949
f 4719//6950 4733//6951 4720//6952
f 4717//6953 4731//6953 4718//6954
f 4716//6955 4728//6956 4729//6957
f 4726//6958 4740//6959 4727//6960
f 4724//6961 4738//6962 4725//6962
f 4736//6963 4748//6964 4749//6965
f 4733//6966 4747//6967 4734//6968
f 4732//6969 4744//6970 4745//6971
f 4730//6972 4742//6972 4743//6973
f 4728//6974 4740//6975 4741//6976
f 4726//6977 4738//6977 4739//6978
f 4735//6979 4747//6980 4748//6981
f 4732//6982 4746//6982 4733//6983
f 4730//6984 4744//6985 4731//6986
f 4728//6987 4742//6987 4729//6988
f 4739//6989 4753//6990 4740//6991
f 4738//6992 4750//6993 4751//6994
f 4748//6995 4762//6996 4749//6996
f 4746//6997 4760//6998 4747//6999
f 4745//7000 4757//7001 4758//7002
f 4743//7003 4755//7003 4756//7004
f 4740//7005 4754//7005 4741//7006
f 4739//7007 4751//7008 4752//7009
f 4747//7010 4761//7011 4748//7012
f 4745//7013 4759//7014 4746//7015
f 4744//7016 4756//7016 4757//7017
f 4741//7018 4755//7019 4742//7020
f 4753//7021 4765//7022 4766//7023
f 4750//7024 4764//7025 4751//7026
f 4762//7027 4774//7028 4775//7029
f 4759//7030 4773//7031 4760//7032
f 4758//7033 4770//7033 4771//7034
f 4755//7035 4769//7035 4756//7036
f 4753//7037 4767//7038 4754//7039
f 4752//7040 4764//7040 4765//7040
f 4760//7041 4774//7042 4761//7043
f 4758//7044 4772//7045 4759//7046
f 4757//7047 4769//7047 4770//7047
f 4755//7048 4767//7048 4768//7048
f 4765//7049 4779//7049 4766//7050
f 4764//7051 4776//7052 4777//7053
f 4774//7054 4788//7055 4775//7056
f 4772//7057 4786//7058 4773//7059
f 4771//7060 4783//7060 4784//7061
f 4769//7062 4781//7062 4782//7063
f 4767//7064 4779//7064 4780//7065
f 4765//7066 4777//7067 4778//7068
f 4774//7069 4786//7070 4787//7071
f 4771//7072 4785//7073 4772//7073
f 4769//7074 4783//7074 4770//7075
f 4767//7076 4781//7076 4768//7077
f 4779//7078 4791//7078 4792//7079
f 4776//7080 4790//7081 4777//7082
f 4788//7083 4800//7084 4801//7085
f 4786//7086 4798//7087 4799//5627
f 4783//7088 4797//7088 4784//7088
f 4782//7089 4794//7090 4795//7091
f 4780//7092 4792//7093 4793//7094
f 4777//7095 4791//7096 4778//7097
f 4787//7098 4799//7099 4800//7100
f 4785//7101 4797//7102 4798//7103
f 4782//7104 4796//7104 4783//7105
f 4780//7106 4794//7106 4781//7106
f 4792//7107 4804//7108 4805//7109
f 4790//7110 4802//7111 4803//7111
f 4800//7112 4814//7113 4801//7113
f 4799//7114 4811//7115 4812//7116
f 4796//7117 4810//7118 4797//7119
f 4795//7120 4807//7120 4808//7121
f 4792//7122 4806//7123 4793//7124
f 4790//7125 4804//7126 4791//7127
f 4799//7128 4813//7129 4800//7130
f 4798//7131 4810//7132 4811//7133
f 4796//7134 4808//7135 4809//7136
f 4793//7137 4807//7138 4794//7139
f 4805//7140 4817//7141 4818//7142
f 4803//7143 4815//7144 4816//7145
f 4814//7146 4826//7147 4827//7147
f 4811//7148 4825//7148 4812//7149
f 4809//7150 4823//7151 4810//7152
f 4808//7153 4820//7154 4821//7155
f 4805//7156 4819//7157 4806//7157
f 4803//7158 4817//7159 4804//7160
f 4813//7161 4825//7162 4826//7163
f 4811//7164 4823//7164 4824//7165
f 4809//7166 4821//7166 4822//7167
f 4806//7168 4820//7169 4807//7170
f 4817//7171 4831//7172 4818//7173
f 4815//7174 4829//7175 4816//7176
f 4826//7177 4840//7178 4827//7179
f 4825//7180 4837//7181 4838//7182
f 4823//7183 4835//7184 4836//7185
f 4820//7186 4834//7187 4821//7188
f 4819//7189 4831//7190 4832//7191
f 4817//7192 4829//7192 4830//7193
f 4825//7194 4839//7195 4826//7196
f 4823//7197 4837//7198 4824//7199
f 4821//7200 4835//7201 4822//7200
f 4820//7202 4832//7203 4833//7204
f 4830//7205 4844//7205 4831//7206
f 4828//7207 4842//7208 4829//7209
f 4840//7210 4852//7211 4853//7210
f 4837//7212 4851//7213 4838//7214
f 4836//7215 4848//7216 4849//7217
f 4834//7218 4846//7218 4847//7219
f 4832//7220 4844//7221 4845//7222
f 4830//7223 4842//7224 4843//7225
f 4839//7226 4851//7227 4852//7228
f 4836//7229 4850//7229 4837//7230
f 4834//7231 4848//7232 4835//7233
f 4832//7234 4846//7234 4833//7235
f 4843//7236 4857//7237 4844//7238
f 4842//7239 4854//7240 4855//7241
f 4852//7242 4866//7243 4853//7244
f 4850//7245 4864//7246 4851//7247
f 4849//7248 4861//7249 4862//7250
f 4847//7251 4859//7251 4860//7252
f 4844//7253 4858//7254 4845//7254
f 4843//7255 4855//7256 4856//7257
f 4851//7258 4865//7259 4852//7260
f 4849//7261 4863//7262 4850//7263
f 4848//7264 4860//7264 4861//7265
f 4845//7266 4859//7267 4846//7268
f 4857//7269 4869//7269 4870//7269
f 4855//7270 4867//7271 4868//7272
f 4866//7273 4878//7274 4879//7275
f 4864//7276 4876//7277 4877//7278
f 4862//7279 4874//7280 4875//7281
f 4859//7282 4873//7283 4860//7284
f 4857//7285 4871//7286 4858//7287
f 4856//7288 4868//7289 4869//7290
f 4864//7291 4878//7291 4865//7292
f 4862//7293 4876//7294 4863//7295
f 4861//7296 4873//7296 4874//7297
f 4859//7298 4871//7298 4872//7298
f 4869//7299 4883//7299 4870//7300
f 4868//7301 4880//7302 4881//7303
f 4878//7304 4892//7305 4879//7306
f 4877//7307 4889//7308 4890//7308
f 4874//7309 4888//7309 4875//7310
f 4873//7311 4885//7311 4886//7312
f 4871//7313 4883//7313 4884//7314
f 4868//7315 4882//7316 4869//7317
f 4878//7318 4890//7319 4891//7320
f 4876//7321 4888//7321 4889//7322
f 4873//7323 4887//7323 4874//7324
f 4871//7325 4885//7325 4872//7326
f 4883//7327 4896//7328 4897//7329
f 4880//7330 4895//7330 4881//7330
f 4892//7331 4905//7332 4906//7333
f 4890//7334 4903//7335 4904//7336
f 4887//7337 4902//7338 4888//7339
f 4885//7340 4900//7341 4886//7342
f 4884//7343 4897//7344 4898//7345
f 4881//7346 4896//7347 4882//7348
f 4891//7349 4904//7349 4905//7350
f 4889//7351 4902//7352 4903//7353
f 4886//7354 4901//7354 4887//7355
f 4885//7356 4898//7357 4899//7358
f 4897//7359 4909//7359 4910//7360
f 4895//7361 4907//7362 4908//7363
f 4905//7364 4919//7364 4906//7365
f 4904//7366 4916//7367 4917//7368
f 4901//7369 4915//7369 4902//7370
f 4899//7371 4913//7371 4900//7372
f 4897//7373 4911//7374 4898//7375
f 4895//7376 4909//7377 4896//7378
f 4904//7379 4918//7380 4905//7381
f 4903//7382 4915//7383 4916//7384
f 4901//7385 4913//7386 4914//7387
f 4899//7388 4911//7388 4912//7388
f 4910//7389 4922//7390 4923//7391
f 4908//7392 4920//7393 4921//7394
f 4919//7395 4931//7395 4932//7396
f 4916//7397 4930//7398 4917//7399
f 4914//7400 4928//7401 4915//7402
f 4913//7403 4925//7404 4926//7405
f 4910//7406 4924//7407 4911//7408
f 4908//7409 4922//7410 4909//7411
f 4918//7412 4930//7413 4931//7414
f 4916//7415 4928//7416 4929//7417
f 4914//7418 4926//7419 4927//7420
f 4911//7421 4925//7422 4912//7423
f 4922//7424 4936//7425 4923//7426
f 4920//7427 4934//7428 4921//7429
f 4931//7430 4945//7431 4932//7431
f 4930//7432 4942//7433 4943//7434
f 4928//7435 4940//7436 4941//7437
f 4925//7438 4939//7439 4926//7440
f 4924//7441 4936//7441 4937//7442
f 4922//7443 4934//7444 4935//7445
f 4930//7446 4944//7447 4931//7448
f 4928//7449 4942//7450 4929//7451
f 4926//7452 4940//7452 4927//7453
f 4925//7454 4937//7455 4938//7456
f 4935//7457 4949//7458 4936//7459
f 4933//7460 4947//7461 4934//7462
f 4945//7463 4957//7464 4958//7465
f 4942//7466 4956//7467 4943//7468
f 4941//7469 4953//7469 4954//7469
f 4938//7470 4952//7470 4939//7471
f 4937//7472 4949//7473 4950//7474
f 4935//7475 4947//7476 4948//7477
f 4944//7478 4956//7479 4957//7480
f 4941//7481 4955//7482 4942//7483
f 4939//7484 4953//7485 4940//7486
f 4938//7487 4950//7488 4951//7489
f 4948//7490 4962//7491 4949//7492
f 4947//7493 4959//7494 4960//7495
f 4957//7496 4971//7497 4958//7496
f 4955//7498 4969//7499 4956//7500
f 4954//7501 4966//7502 4967//7501
f 4951//7503 4965//7504 4952//7505
f 4949//7506 4963//7507 4950//7508
f 4948//7509 4960//7510 4961//7511
f 4956//7512 4970//7513 4957//7514
f 4954//7515 4968//7516 4955//7517
f 4953//7518 4965//7518 4966//7519
f 4951//7520 4963//7520 4964//7521
f 4962//7522 4974//7523 4975//7524
f 4959//7525 4973//7526 4960//7527
f 4971//7528 4983//7529 4984//7530
f 4968//7531 4982//7532 4969//7533
f 4966//7534 4980//7535 4967//7536
f 4964//7537 4978//7538 4965//7539
f 4962//7540 4976//7541 4963//7542
f 4960//7543 4974//7544 4961//7545
f 4969//7546 4983//7546 4970//7547
f 4967//7548 4981//7549 4968//7549
f 4966//7550 4978//7551 4979//7552
f 4964//7553 4976//7554 4977//7555
f 4975//7556 4987//7557 4988//7558
f 4973//7559 4985//7560 4986//7561
f 4983//7562 4997//7563 4984//7564
f 4981//7565 4995//7565 4982//7566
f 4979//7567 4993//7568 4980//7569
f 4978//7570 4990//7570 4991//7571
f 4976//7572 4988//7573 4989//7574
f 4973//7575 4987//7576 4974//7577
f 4983//7578 4995//7579 4996//7580
f 4981//7581 4993//7582 4994//7583
f 4978//7584 4992//7584 4979//7585
f 4976//7586 4990//7586 4977//7587
f 4988//7588 5000//7589 5001//7590
f 4985//7591 4999//7592 4986//7593
f 4997//7594 5009//7595 5010//7596
f 4995//7597 5007//7598 5008//7599
f 4992//7600 5006//7601 4993//7602
f 4991//7603 5003//7603 5004//7603
f 4989//7604 5001//7605 5002//7606
f 4986//7607 5000//7608 4987//7609
f 4996//7610 5008//7611 5009//7612
f 4994//7613 5006//7614 5007//7615
f 4991//7616 5005//7616 4992//7617
f 4989//7618 5003//7618 4990//7619
f 5001//7620 5013//7621 5014//7622
f 4999//7623 5011//7624 5012//7625
f 5009//7626 5023//7627 5010//7628
f 5008//7629 5020//7629 5021//7630
f 5005//7631 5019//7632 5006//7633
f 5004//7634 5016//7635 5017//7636
f 5001//7637 5015//7638 5002//7639
f 4999//7640 5013//7641 5000//7642
f 5008//7643 5022//7644 5009//7645
f 5007//7646 5019//7647 5020//7648
f 5005//7649 5017//7650 5018//7651
f 5002//7652 5016//7652 5003//7653
f 4893//7654 4619//7654 4632//7654
f 4893//7655 4632//7655 4645//7655
f 4893//7656 4645//7656 4658//7656
f 4893//7657 4658//7657 4671//7657
f 4893//7658 4671//7658 4684//7658
f 4893//7659 4684//7659 4697//7659
f 4893//7660 4697//7660 4710//7660
f 4893//7661 4710//7661 4723//7661
f 4893//7662 4723//7662 4736//7662
f 4893//7663 4736//7663 4749//7663
f 4893//7664 4749//7664 4762//7664
f 4893//7665 4762//7665 4775//7665
f 4893//7666 4775//7666 4788//7666
f 4893//7667 4788//7667 4801//7667
f 4893//7668 4801//7668 4814//7668
f 4893//7669 4814//7669 4827//7669
f 4893//7670 4827//7670 4840//7670
f 4893//7671 4840//7671 4853//7671
f 4893//7672 4853//7672 4866//7672
f 4893//7673 4866//7673 4879//7673
f 4893//7674 4879//7674 4892//7674
f 4893//7675 4892//7675 4906//7675
f 4893//7676 4906//7676 4919//7676
f 4893//7677 4919//7677 4932//7677
f 4893//7678 4932//7678 4945//7678
f 4893//7679 4945//7679 4958//7679
f 4893//7680 4958//7680 4971//7680
f 4893//7681 4971//7681 4984//7681
f 4893//7682 4984//7682 4997//7682
f 4893//7683 4997//7683 5010//7683
f 4893//7684 5010//7684 5023//7684
f 5014//7685 4609//7686 4610//7687
f 5012//7688 4607//7689 4608//7690
f 5022//7691 4619//7692 5023//7693
f 5020//7694 4617//7695 5021//7696
f 5018//7697 4615//7697 5019//7698
f 5017//7699 4612//7700 4613//7701
f 5014//7702 4611//7703 5015//7704
f 5012//7705 4609//7706 5013//7707
f 4893//7708 5023//7708 4619//7708
f 5021//7709 4618//7710 5022//7711
f 5020//7712 4615//7713 4616//7714
f 5018//7715 4613//7716 4614//7717
f 5015//7718 4612//7719 5016//7720
f 4481//7721 5011//7722 4606//7723
f 5011//7724 4602//7725 4606//7726
f 4998//7727 4597//7728 4602//7729
f 4985//7730 4593//7731 4597//7732
f 4593//7733 4959//7734 4589//7735
f 4589//7736 4946//7737 4585//7738
f 4585//7739 4933//7740 4581//7741
f 4933//7742 4577//7743 4581//7744
f 4577//7745 4907//7746 4573//7747
f 4907//7748 4569//7749 4573//7749
f 4894//7750 4565//7751 4569//7752
f 4880//7753 4561//7754 4565//7755
f 4561//7756 4854//7757 4557//7758
f 4557//7759 4841//7760 4553//7761
f 4553//7762 4828//7762 4549//7763
f 4828//7764 4545//7765 4549//7766
f 4545//7767 4802//7767 4541//7768
f 4802//7769 4537//7770 4541//7771
f 4789//7772 4533//7773 4537//7774
f 4776//7775 4529//7776 4533//7777
f 4529//7778 4750//7778 4525//7779
f 4525//7780 4737//7781 4521//7782
f 4521//7783 4724//7784 4517//7785
f 4724//7786 4513//7786 4517//7787
f 4513//7788 4698//7789 4509//7790
f 4698//7791 4505//7792 4509//7793
f 4685//7794 4501//7795 4505//7796
f 4672//7797 4497//7798 4501//7799
f 4497//7800 4646//7801 4493//7802
f 4493//7803 4633//7804 4489//7805
f 4489//7806 4620//7807 4485//7808
f 4620//7809 4481//7810 4485//7811
f 4//102 3//101 2//7812
f 8//7813 7//7813 6//7813
f 13//7814 16//7814 15//7814
f 17//7815 28//7815 19//7815
f 32//7816 31//7816 30//7816
f 36//7817 35//7817 34//7817
f 37//7818 40//7818 39//7818
f 21//7819 22//7819 23//7819
f 25//7820 26//7820 27//7820
f 41//7821 44//7821 43//7821
f 48//7822 47//7822 46//7822
f 52//7823 51//7823 50//7823
f 53//13 56//7824 55//14
f 60//7825 59//7825 58//7825
f 29//7826 30//7826 62//7826
f 66//7827 65//7827 64//7827
f 67//7828 5//7828 6//7828
f 72//7829 71//7829 70//7829
f 76//7830 75//7830 74//7830
f 77//7831 80//7831 79//7831
f 81//7832 84//7832 83//7832
f 59//7833 87//7833 86//7833
f 88//7834 91//7834 90//7834
f 96//7835 95//7835 94//7835
f 100//7836 99//7836 98//7836
f 101//7837 104//7837 103//7837
f 106//7838 105//7838 34//7838
f 108//7839 116//7839 115//7839
f 117//7840 119//7840 36//7840
f 124//7841 127//7841 126//7841
f 131//7842 130//7842 129//7842
f 132//7843 102//7843 134//7843
f 142//7844 141//7844 140//7844
f 148//7845 106//7845 60//7845
f 144//7846 143//7846 127//7846
f 149//7847 152//7847 151//7847
f 156//7848 155//7848 154//7848
f 159//7849 150//7849 158//7849
f 116//7850 108//7850 164//7850
f 171//7851 170//7851 169//7851
f 174//7852 126//7852 173//7852
f 179//7853 182//7853 181//7853
f 186//7854 189//7854 188//7854
f 194//7855 197//7855 196//7855
f 199//7856 142//7856 139//7856
f 206//7857 209//7857 208//7857
f 213//7858 212//7858 211//7858
f 202//7859 215//7859 214//7859
f 96//7860 93//7860 216//7860
f 92//7861 238//7861 43//7861
f 97//7862 184//7862 246//7862
f 250//7863 249//7863 229//7863
f 252//7864 254//7864 58//7864
f 258//7865 257//7865 256//7865
f 260//7866 91//7866 229//7866
f 110//7867 111//7867 112//7867
f 114//7868 264//7869 263//7870
f 265//7871 268//7871 267//7871
f 56//7824 53//13 270//7872
f 274//7873 273//7873 249//7873
f 185//7874 183//7874 63//7874
f 280//7875 279//7875 278//7875
f 285//7876 284//7876 283//7876
f 288//7877 219//7877 211//7877
f 141//7878 142//7878 92//7878
f 289//7879 290//7879 175//7879
f 148//7880 116//7880 105//7880
f 312//7881 311//7881 170//7881
f 238//7882 262//7882 42//7882
f 318//7883 163//7883 160//7883
f 310//7884 309//4289 308//4291
f 241//7885 239//7885 325//7885
f 160//80 230//7886 240//81
f 47//7887 48//7887 307//7887
f 108//7888 109//7888 315//7888
f 345//7889 85//7889 86//7889
f 348//86 351//7890 350//87
f 356//7891 359//7891 358//7891
f 355//7892 354//7892 353//7892
f 363//7893 31//7893 32//7893
f 364//7894 252//7894 253//7894
f 366//7895 125//7895 368//7895
f 183//7896 372//7896 371//7896
f 163//7897 162//7897 161//7897
f 209//7898 226//7898 101//7898
f 378//7899 377//7899 165//7899
f 379//7900 295//7900 381//7900
f 383//7901 382//7901 3//7901
f 284//7902 285//7902 386//7902
f 387//7903 127//7904 389//7905
f 391//7906 259//7906 229//7906
f 73//7907 281//7907 397//7907
f 405//7908 408//7909 407//7910
f 203//7911 218//7911 411//7911
f 414//7912 121//7912 413//7912
f 1//7913 356//7913 357//7913
f 277//7914 276//7914 131//7914
f 254//592 344//591 57//7915
f 358//7916 384//7916 415//7916
f 417//7917 416//7917 386//7917
f 401//115 400//7918 192//116
f 419//7919 389//7905 127//7904
f 421//7920 181//7920 182//7920
f 103//7921 301//7921 302//7921
f 428//7922 367//7922 368//7922
f 380//7923 390//7923 359//7923
f 62//7924 204//7924 266//7924
f 140//7925 141//7925 431//7925
f 357//7926 358//7926 351//7926
f 356//7927 1//7927 379//7927
f 415//7928 392//7928 403//7928
f 437//7929 428//7929 436//7929
f 438//7930 441//7931 440//7932
f 188//7933 451//7933 450//7933
f 265//7934 455//7934 181//7934
f 224//1792 185//1791 64//7935
f 237//7936 212//7936 213//7936
f 275//7937 131//7937 128//7937
f 281//7938 282//7938 460//7938
f 50//7939 462//7939 79//7939
f 73//7940 74//7940 282//7940
f 468//7941 467//7941 466//7941
f 390//7942 355//7942 352//7942
f 482//7943 485//7943 484//7943
f 489//7944 488//7944 487//7944
f 493//7945 496//7945 495//7945
f 472//7946 471//7946 470//7946
f 502//7947 501//7947 500//7947
f 220//7948 221//7948 222//7948
f 512//7949 419//118 143//118
f 518//7950 517//7950 511//7950
f 513//7951 239//7951 230//7951
f 205//7952 30//7952 31//7952
f 189//7953 370//7953 451//7953
f 163//7954 318//7954 532//7954
f 533//7955 224//7955 225//7955
f 446//7956 448//7956 447//7956
f 335//7957 541//7957 540//7957
f 544//7958 512//7958 546//7958
f 329//7959 519//7959 291//7959
f 199//7960 534//7960 262//7960
f 385//7961 386//7961 416//7961
f 532//7962 190//7962 191//7962
f 363//7963 117//7963 118//7963
f 578//7964 581//7964 580//7964
f 573//7965 572//7965 571//7965
f 561//7966 563//7966 562//7966
f 241//7967 260//7967 259//7967
f 590//7968 593//1542 592//1544
f 545//7969 546//7969 595//7969
f 503//7970 154//7970 155//7970
f 606//1456 625//1455 624//7971
f 478//7972 481//7972 480//7972
f 646//7973 649//7973 648//7973
f 590//7974 591//7974 689//7974
f 564//7975 565//7975 651//7975
f 728//7976 246//7976 184//7976
f 714//7977 724//7977 716//7977
f 692//7978 574//183 575//185
f 541//7979 335//7979 581//7979
f 346//7980 68//7980 248//7980
f 161//7981 231//7981 230//7981
f 128//7982 129//7982 94//7982
f 698//7983 705//7983 704//7983
f 574//7984 577//7984 576//7984
f 290//7985 289//7985 401//7985
f 630//7986 631//7986 725//7986
f 733//7987 736//7987 735//7987
f 755//7988 466//7988 496//7988
f 759//7989 480//7989 481//7989
f 757//7990 763//7990 762//7990
f 764//7991 496//7991 466//7991
f 768//193 767//7992 3808//194
f 759//7993 760//7993 488//7993
f 492//7994 474//7994 475//7994
f 474//7995 770//7995 769//7995
f 773//7996 468//7996 465//7996
f 771//7997 774//7997 486//7997
f 484//7998 485//7998 775//7998
f 774//7999 776//7999 489//7999
f 495//8000 496//8000 764//8000
f 495//8001 757//8001 761//8001
f 137//8002 397//8002 784//8002
f 325//206 239//8003 797//207
f 165//8004 519//8004 51//8004
f 369//8005 32//8005 29//8005
f 730//8006 731//8006 568//8006
f 90//8007 302//8007 301//8007
f 243//8008 118//8008 516//8008
f 800//8009 734//8009 806//8009
f 817//8010 815//8010 808//8010
f 816//8011 808//8011 823//8011
f 306//8012 303//8012 447//8012
f 815//8013 810//8013 809//8013
f 829//8014 830//8014 828//8014
f 726//8015 725//8015 501//8015
f 274//8016 427//8016 424//8016
f 879//8017 882//8017 881//8017
f 884//8018 883//8018 879//8018
f 219//8019 218//8019 217//8019
f 906//8020 905//8020 904//8020
f 455//8021 204//8021 205//8021
f 898//8022 882//8022 830//8022
f 903//8023 900//8024 880//8025
f 377//8026 291//8026 519//8026
f 923//8027 949//8027 948//8027
f 946//8028 947//8028 951//8028
f 3519//8029 740//8029 739//8029
f 900//8030 899//8030 886//8030
f 225//8031 64//8031 65//8031
f 182//8032 445//8032 442//8032
f 809//8033 952//8033 947//8033
f 954//8034 960//8034 962//8034
f 927//8035 950//8035 965//8035
f 885//8036 879//8036 880//8036
f 925//249 927//8037 966//250
f 343//8038 342//8038 341//8038
f 965//8039 964//8039 971//8039
f 968//8040 971//8040 970//8040
f 972//255 968//8041 969//256
f 963//8042 961//8042 981//8042
f 336//8043 337//8043 338//8043
f 992//260 993//8044 827//261
f 810//8045 815//8045 996//8045
f 1007//264 1001//8046 1002//265
f 1012//8047 826//8047 827//8047
f 1011//270 1009//8048 1007//271
f 294//8049 293//8049 292//8049
f 907//8050 908//8050 920//8050
f 1017//8051 579//8051 1019//8051
f 1020//8052 1023//8052 1022//8052
f 1035//8053 1024//8053 1020//8053
f 1061//8054 1060//8054 1047//8054
f 1063//8055 1061//8056 1046//8057
f 1044//8058 1020//8058 1021//8058
f 1102//8059 1094//8059 1097//8059
f 1116//8060 1126//1368 1118//1367
f 1016//8061 1015//8061 1014//8061
f 881//8062 897//8062 904//8062
f 816//295 1116//294 1127//8063
f 1094//1858 948//1857 949//8064
f 514//8065 342//8065 167//8065
f 146//8066 145//8067 81//8068
f 1133//8069 1135//8069 1130//8069
f 1102//8070 1133//8070 1126//8070
f 822//8071 1126//8071 1116//8071
f 1145//8072 1143//8072 1148//8072
f 1076//8073 1144//8073 1151//8073
f 1148//8074 1143//8074 1086//8074
f 1109//8075 1097//8075 1114//8075
f 1154//8076 1153//8076 1156//8076
f 1153//8077 925//8077 967//8077
f 3464//8078 3497//8078 463//8078
f 1144//8079 1147//8079 1152//8079
f 1156//8080 967//8080 1163//8080
f 1164//305 1162//8081 1169//306
f 1145//8082 1171//8082 1176//8082
f 1114//8083 1115//8083 1154//8083
f 1183//318 1155//320 1164//8084
f 1184//8085 1183//8085 1177//8085
f 1069//8086 1151//8086 1062//8086
f 1023//8087 1191//8087 1194//8087
f 1162//8088 1163//8088 1170//8088
f 1195//8089 1184//8089 1185//8089
f 1183//8090 1196//8090 1176//8090
f 1201//8091 1063//8091 1152//8091
f 1061//8056 1063//8055 1201//8092
f 3825//8093 847//8093 843//8093
f 1203//8094 1202//8094 1195//8094
f 1202//8095 1201//8095 1184//8095
f 1218//8096 1060//8096 1203//8096
f 1060//8097 1061//322 1202//324
f 1225//8098 1218//8098 1217//8098
f 671//8099 695//8099 694//8099
f 1219//8100 1217//8100 1024//8100
f 1217//8101 1203//8101 1034//8101
f 1226//8102 1014//8102 1015//8102
f 1243//8103 1242//8104 1234//8105
f 1231//8106 1230//8106 1229//8106
f 847//8107 1243//8107 1233//8107
f 843//8108 1233//8108 1244//8108
f 1233//8109 1234//8109 1245//8109
f 1923//8110 3761//8110 233//8110
f 2100//1551 2108//8111 499//8112
f 3914//8113 3864//8113 2135//8113
f 61//8114 62//8114 323//8114
f 210//8115 211//8115 217//8115
f 1299//347 1310//1416 1309//348
f 3863//8116 1230//8116 1231//8116
f 1066//8117 1047//8117 1321//8117
f 1322//352 1321//8118 1228//353
f 1060//8119 1218//8119 1321//8119
f 1325//356 1324//8120 1323//357
f 1244//8121 1245//8121 1332//8121
f 1290//8122 1234//8105 1242//8104
f 1337//8123 1330//8123 1339//8123
f 1330//362 1332//8124 1340//363
f 1341//8125 1332//8125 1245//8125
f 1342//8126 1340//8126 1332//8126
f 1343//8127 1342//8127 1341//8127
f 1344//8128 1341//8128 1294//8128
f 3857//8129 3856//8129 1345//8129
f 1347//8130 1348//394 1342//396
f 3856//371 3854//4366 1295//372
f 1349//8131 1350//8131 1348//8131
f 3861//8132 1349//8132 1347//8132
f 3853//8133 1347//8133 1343//8133
f 906//8134 898//229 829//231
f 905//8135 906//8135 1353//8135
f 865//386 1356//385 1355//8136
f 1355//8137 1353//8137 829//8137
f 1357//8138 1355//8138 825//8138
f 1356//8139 1354//8139 1353//8139
f 3834//8140 1337//8140 1338//8140
f 866//8141 1358//8141 1356//8141
f 1358//8142 1359//8142 1354//8142
f 3828//388 878//8143 1337//389
f 838//8144 1362//8144 1012//8144
f 1363//8145 1364//8145 1338//8145
f 1368//8146 1363//8146 1339//8146
f 1348//8147 1368//8147 1340//8147
f 1371//8148 1369//8148 3824//8148
f 524//8149 525//8149 526//8149
f 528//8150 529//8150 530//8150
f 1372//8151 1370//8151 1369//8151
f 535//403 536//8152 537//404
f 1367//406 1368//8153 1348//407
f 1370//409 1354//419 1359//410
f 1369//8154 1359//8154 3833//8154
f 1373//8155 910//8155 903//8155
f 555//8156 556//8156 557//8156
f 1374//8157 909//8157 910//8157
f 1373//8158 904//8158 905//8158
f 1374//8159 1373//8159 1375//8159
f 1375//8160 905//8160 1354//8160
f 1378//8161 920//8050 908//8050
f 376//8162 373//8162 651//8162
f 1388//8163 928//8163 973//8163
f 586//8164 587//8164 588//8164
f 1390//8165 1389//8165 1388//8165
f 1391//8166 1388//8166 969//8166
f 597//8167 598//1915 599//1917
f 600//8168 601//8168 602//8168
f 1392//8169 1391//8169 970//8169
f 608//8170 609//8170 610//8170
f 612//8171 524//8171 523//8171
f 614//433 615//8172 616//434
f 617//2658 618//2657 25//8173
f 620//8174 621//8174 622//8174
f 1397//8175 1390//424 1391//426
f 1398//8176 1397//8176 1392//8176
f 1400//8177 987//8177 920//8177
f 1402//8178 1403//8178 1165//8178
f 636//8179 637//8179 638//8179
f 930//8180 1404//8180 1402//8180
f 641//8181 642//8181 643//8181
f 929//8182 1402//8182 1169//8182
f 1404//8183 1405//8183 1403//8183
f 1411//8184 1366//8184 1365//8184
f 1412//8185 1406//8185 1415//8185
f 652//8186 653//8186 654//8186
f 609//8187 656//8187 657//8187
f 659//8188 660//8188 661//8188
f 558//8189 663//8189 586//8189
f 665//8190 666//8190 667//8190
f 1413//8191 1411//8191 1406//8191
f 1418//8192 1416//8192 3810//8192
f 1417//8193 1372//8193 1371//8193
f 1416//8194 1371//8194 3829//8194
f 1419//8195 1417//8195 1416//8195
f 1386//8196 909//8196 1374//8196
f 677//8197 678//8197 679//8197
f 1385//8198 1386//8198 1420//8198
f 1420//8199 1374//8199 1376//8199
f 685//8200 686//8200 687//8200
f 1421//8201 1420//8201 1422//8201
f 528//8202 690//8202 691//8202
f 1422//8203 1376//8203 1372//8203
f 1018//8204 1019//8204 747//8204
f 699//8205 700//8205 701//8205
f 1424//8206 578//8206 579//8206
f 3663//8207 1597//8207 1767//8207
f 700//8208 699//8208 711//8208
f 1093//8209 3746//8209 3754//8209
f 717//8210 718//8210 530//8210
f 721//8211 722//8211 723//8211
f 704//8212 1650//8212 3543//8212
f 19//8213 1429//8213 1426//8213
f 1429//8214 1428//8215 1427//8216
f 1658//8217 1659//8217 3542//8217
f 1439//8218 1437//8218 1434//8218
f 1437//3142 1436//3141 1435//8219
f 1426//8220 1427//8220 1433//8220
f 1442//8221 1431//8221 1432//8221
f 742//8222 743//8222 744//8222
f 1432//8223 1433//8223 1441//8223
f 751//8224 752//8224 753//8224
f 1438//8225 1434//8225 1403//8225
f 1446//8226 1445//8226 1444//8226
f 1447//3604 1448//3603 1446//8227
f 3860//8228 1447//8228 1443//8228
f 1415//8229 1367//8229 1445//8229
f 1414//8230 1415//8230 1446//8230
f 2173//8231 1683//8231 469//8231
f 777//8232 778//8232 779//8232
f 780//8233 781//8233 782//8233
f 1676//8234 1693//8234 1806//8234
f 3859//8235 1451//8235 1349//8235
f 789//8236 790//8236 791//8236
f 745//8237 792//8237 793//8237
f 652//8238 794//8239 795//8240
f 1455//8241 1458//8241 1457//8241
f 1454//8242 1367//8242 1350//8242
f 610//8243 691//679 802//678
f 3831//953 3816//3934 698//8244
f 1352//8245 1044//8245 1045//8245
f 1015//8246 1016//8246 1459//8246
f 811//8247 812//8247 813//8247
f 2118//1480 3815//1479 3817//8248
f 819//8249 820//8249 821//8249
f 1466//8250 1463//8250 1194//8250
f 1467//8251 1468//8251 1465//8251
f 1182//8252 1165//8252 1468//8252
f 832//8253 812//8253 833//8253
f 835//8254 836//8254 837//8254
f 1467//8255 1466//8255 1190//8255
f 1469//8256 1470//8256 1444//8256
f 840//8257 700//8257 712//8257
f 1453//8258 1470//8258 1469//8258
f 599//8259 844//8259 845//8259
f 1226//8260 1450//8260 3849//8260
f 851//8261 852//8261 853//8261
f 855//8262 744//8262 856//8262
f 858//8263 859//8263 860//8263
f 861//8264 862//8264 863//8264
f 1014//8265 1226//8265 3855//8265
f 867//8266 676//8266 868//8266
f 870//8267 871//8267 872//8267
f 874//8268 875//8268 876//8268
f 1310//8269 1323//8269 1471//8269
f 1476//537 1433//8270 1427//538
f 1461//8271 1476//8271 1475//8271
f 887//8272 888//8272 889//8272
f 788//8273 791//8273 892//8273
f 894//8274 895//2645 896//2647
f 1460//8275 1475//8275 1227//8275
f 901//8276 902//8276 524//8276
f 1465//8277 1478//8277 1477//8277
f 1865//8278 3503//8278 3500//8278
f 911//8279 912//8279 913//8279
f 916//8280 917//8280 918//8280
f 1850//8281 3505//8281 3507//8281
f 921//8282 922//3132 895//3134
f 1479//8283 1435//8283 1436//8283
f 926//8284 664//8284 667//8284
f 1481//8285 562//8285 563//8285
f 269//559 1483//8286 84//560
f 931//8287 932//8287 933//8287
f 934//8288 935//8288 614//8288
f 936//8289 685//8289 688//8289
f 938//8290 659//8290 662//8290
f 1484//8291 270//8291 122//8291
f 941//8292 942//8292 835//8292
f 320//8293 321//8293 509//8293
f 1849//8294 3510//8294 3505//8294
f 84//8295 1483//8296 1484//8297
f 1487//8298 1490//8298 1488//8298
f 1757//8299 1758//8299 3502//8299
f 365//8300 1492//8300 1491//8300
f 461//8301 79//8301 80//8301
f 117//577 363//8302 362//578
f 1494//8303 540//8303 541//8303
f 926//8304 601//8304 957//8304
f 1477//8305 1441//8305 1433//8305
f 1709//8306 1588//8306 1585//8306
f 119//8307 117//8307 1496//8307
f 271//8308 1497//8308 504//8308
f 511//8309 517//8309 189//8309
f 345//8310 1496//8310 1492//8310
f 57//8311 344//8311 299//8311
f 1501//8312 1499//8312 268//8312
f 267//8313 268//8313 1499//8313
f 974//8314 975//8314 976//8314
f 1678//8315 1652//8315 1693//8315
f 3846//8316 1682//8316 1807//8316
f 557//8317 982//8317 663//8317
f 983//8318 941//8318 984//8318
f 1443//8319 1444//8319 3849//8319
f 421//8320 1500//8320 268//8320
f 989//603 990//8321 991//604
f 1490//8322 1487//8322 418//8322
f 279//8323 280//8323 309//8323
f 997//608 868//8324 676//609
f 998//8325 26//8325 999//8325
f 1504//8326 418//8326 38//8326
f 1506//8327 1508//8327 1507//8327
f 360//8328 361//8328 1508//8328
f 1506//8329 1486//8329 207//8329
f 939//8330 1005//8330 1006//8330
f 270//8331 1484//8297 1483//8296
f 66//8332 63//8332 546//8332
f 1010//8333 742//8333 793//8333
f 367//8334 428//8334 437//8334
f 244//8335 31//8335 363//8335
f 1670//8336 3532//8336 3534//8336
f 209//8337 206//8337 1510//8337
f 388//8338 389//8338 426//8338
f 427//8339 274//8339 250//8339
f 161//8340 520//8340 521//8340
f 100//8341 246//8341 45//8341
f 1025//8342 1026//8342 608//8342
f 1029//8343 1030//8344 1031//8345
f 939//8346 662//8346 1033//8346
f 41//8347 42//8347 594//8347
f 1036//8348 780//8348 783//8348
f 702//8349 701//8349 1038//8349
f 1040//8350 1041//8350 1042//8350
f 362//8351 32//8351 369//8351
f 187//638 1520//8352 477//639
f 70//2641 1487//2640 539//8353
f 1049//8354 600//8354 603//8354
f 613//8355 867//8355 869//8355
f 860//8356 1050//8356 1051//8356
f 1005//8357 1052//8357 1053//8357
f 753//8358 1055//8358 1056//8358
f 1057//8359 1058//8359 1059//8359
f 293//8360 288//8360 1522//8360
f 288//650 212//8361 1521//651
f 292//8362 1522//8362 1523//8362
f 331//8363 1507//8363 1508//8363
f 306//8364 452//8364 453//8364
f 100//8365 44//8365 41//8365
f 462//8366 1524//8366 78//8366
f 330//8367 331//8367 1524//8367
f 635//8368 1067//8368 1068//8368
f 1485//8369 1527//8369 1526//8369
f 206//8370 1485//8370 1528//8370
f 1070//8371 1071//8371 1072//8371
f 942//8372 941//8372 1073//8372
f 916//8373 933//8373 1075//8373
f 440//8374 1529//8374 1530//8374
f 157//8375 158//8375 1514//8375
f 1529//8376 162//8376 5//8376
f 371//8377 595//8377 546//8377
f 790//8378 586//8378 663//8378
f 1077//8379 858//8379 857//8379
f 1403//8380 1434//8380 1435//8380
f 1080//8381 1081//8381 1082//8381
f 531//8382 520//8382 1529//8382
f 21//8383 1083//8383 1084//8383
f 272//8384 1532//8384 1531//8384
f 690//8385 712//8385 802//8385
f 335//8386 3571//8386 3567//8386
f 1090//8387 1030//8344 1029//8343
f 1092//8388 795//8240 794//8239
f 1533//8389 396//8389 137//8389
f 661//8390 660//8390 1095//8390
f 69//8391 444//8391 445//8391
f 1099//3242 1100//3244 1101//8392
f 38//8393 39//8393 1536//8393
f 1104//8394 1105//8394 1106//8394
f 852//8395 1107//8395 1108//8395
f 1377//8396 908//8396 909//8396
f 291//8397 377//8397 411//8397
f 316//8398 1536//8398 516//8398
f 539//695 1488//8399 1533//696
f 1505//8400 1536//8400 316//8400
f 1110//8401 1111//8401 1112//8401
f 1539//8402 1537//8402 460//8402
f 522//8403 441//8403 1537//8403
f 834//8404 837//8404 1120//8404
f 1122//8405 1123//8405 1124//8406
f 612//8407 1125//8407 1041//8407
f 935//8408 793//8408 615//8408
f 276//8409 278//8409 130//8409
f 1686//8410 3549//8410 3522//8410
f 193//8411 190//714 1541//716
f 231//8412 521//8412 1540//8412
f 556//8413 1037//8413 982//8413
f 365//8414 253//8414 85//8414
f 190//8415 532//8415 318//8415
f 1810//8416 765//8416 3574//8416
f 3924//718 1867//8417 3512//719
f 1132//8418 983//8418 985//8418
f 208//8419 101//8419 102//8419
f 1134//8420 1033//8420 662//8420
f 1491//8421 518//8421 80//8421
f 429//8422 133//8422 1542//8422
f 1137//8423 1138//8423 915//8423
f 172//8424 436//8424 428//8424
f 1139//8425 1140//8425 1141//8425
f 549//8426 96//8426 54//8426
f 1517//8427 1519//8427 1518//8427
f 834//8428 1119//8428 984//8428
f 1543//8429 513//8429 286//8429
f 1544//8430 797//207 239//8003
f 133//8431 134//8431 1544//8431
f 506//8432 361//8432 257//8432
f 420//8433 327//8433 328//8433
f 1158//8434 1159//8434 1160//8434
f 587//8435 1104//8435 1103//8435
f 607//8436 1161//8436 1027//8436
f 304//8437 1546//8438 1545//8439
f 364//745 1491//8440 77//746
f 69//8441 70//8441 198//8441
f 700//8442 840//8442 1112//8442
f 3877//8443 626//8443 3525//8443
f 1166//752 719//8444 657//753
f 1167//8445 1168//8445 858//8445
f 1300//8446 3523//8446 3524//8446
f 1172//759 1173//8447 1174//760
f 218//8448 203//8448 200//8448
f 1179//8449 1180//8449 1181//8449
f 372//8450 183//8450 97//8450
f 89//8451 104//8451 227//8451
f 1186//8452 1187//8452 1188//8452
f 172//8453 173//8453 1517//8453
f 1482//561 84//560 81//8454
f 1090//8455 1192//8455 1193//8455
f 394//8456 395//8456 353//8456
f 526//8457 525//8457 1198//8457
f 1199//8458 1200//8458 1026//8458
f 606//8459 623//8459 697//8459
f 1204//8460 1205//8460 1206//8460
f 1207//776 1208//8461 523//777
f 1209//8462 1210//8462 867//8462
f 914//8463 913//8463 685//8463
f 1478//556 1436//555 1441//8464
f 1029//8465 1028//8465 1161//8465
f 1211//8466 1212//8466 1213//8466
f 3858//8467 1453//8467 1451//8467
f 844//8468 1215//8468 1216//8468
f 423//8469 193//8469 273//8469
f 1220//8470 1221//8470 1222//8470
f 22//8471 1223//8471 1224//8471
f 882//8472 898//8472 897//8472
f 1519//8473 1517//8473 173//8473
f 1189//8474 1188//8474 1232//8474
f 349//8475 350//8475 550//8475
f 1071//8476 1235//8476 1236//8476
f 1237//8477 1238//8477 1239//8477
f 1221//8478 1186//8478 1189//8478
f 1510//8479 1528//8479 1512//8479
f 939//8480 1032//8480 1241//8480
f 1556//8481 1530//8481 5//8481
f 1553//8482 1554//8482 394//8482
f 404//8483 1556//8483 67//8483
f 1247//8484 1248//8484 1249//8484
f 142//8485 199//8485 238//8485
f 1251//8486 1067//8486 635//8486
f 850//8487 1252//8487 1253//8487
f 1254//8488 1167//8488 1077//8488
f 57//8489 132//8489 133//8489
f 443//8490 430//8490 552//8490
f 1187//8491 1172//8491 1175//8491
f 1256//8492 1070//8492 831//8492
f 432//8493 405//8493 382//8493
f 741//8494 748//8494 747//8494
f 434//8495 350//8495 351//8495
f 349//8496 432//8496 383//8496
f 251//8497 124//8497 1481//8497
f 395//8498 384//8499 352//8500
f 1518//8501 1519//8501 1550//8501
f 1558//817 410//8502 378//818
f 109//8503 263//8503 314//8503
f 285//8504 1514//8504 1513//8504
f 395//8505 394//8505 393//8505
f 202//8506 203//8506 410//8506
f 417//8507 408//8507 405//8507
f 1246//8508 1257//8508 1258//8508
f 3//8509 1559//8509 297//8509
f 1259//8510 1260//8510 1261//8510
f 403//8511 404//8511 347//8511
f 955//8512 954//8512 953//8512
f 462//8513 50//8513 51//8513
f 1096//8514 1095//8514 687//8514
f 429//8515 147//8515 60//8515
f 896//8516 1264//8516 1265//8516
f 1267//8517 721//8517 1268//8517
f 423//8518 424//8518 327//8518
f 37//8519 179//8519 180//8519
f 20//8520 23//8520 1187//8520
f 1256//8521 1168//8521 1071//8521
f 1188//8522 1175//8522 1269//8522
f 1236//8523 1270//8523 1271//8523
f 1272//8524 536//8524 535//8524
f 565//8525 564//8525 463//8525
f 1273//846 792//8526 745//847
f 876//849 1254//8527 1255//850
f 316//8528 33//8528 164//8528
f 437//8529 1516//8529 503//8529
f 194//8530 1494//580 1495//582
f 1275//8531 1276//8531 864//8531
f 624//8532 625//8532 631//8532
f 1277//8533 1274//8533 1137//8533
f 569//8534 568//8534 567//8534
f 1481//8535 124//8535 125//8535
f 324//8536 325//8536 547//8536
f 1279//8537 1108//8537 1107//8537
f 1525//8538 332//8538 329//8538
f 1281//8539 1278//8539 1137//8539
f 171//8540 168//8540 1553//8540
f 1488//8541 73//8541 396//8541
f 1557//1038 1561//1038 1562//1038
f 1282//8542 856//8542 1206//8542
f 1053//8543 1277//8543 1278//8543
f 778//8544 777//8544 607//8544
f 713//8545 583//8545 3566//8545
f 251//8546 225//8546 144//8546
f 4//8547 357//8547 348//8547
f 709//4704 708//8548 707//8549
f 728//8550 48//8550 45//8550
f 261//8551 135//8551 1563//8551
f 789//8552 1286//8552 1287//8552
f 74//8553 314//8553 263//8553
f 403//8554 284//8554 385//8554
f 1178//8555 1181//8555 1240//8555
f 1223//8556 1259//8556 1289//8556
f 1220//8557 20//8557 1186//8557
f 296//8558 1518//8558 354//8558
f 784//8559 459//8559 1538//8559
f 1181//8560 1180//8560 1291//8560
f 1269//8561 1292//8561 1257//8561
f 1566//8562 1538//8562 438//8562
f 136//8563 784//8563 1566//8563
f 1563//8564 1564//8564 169//8564
f 107//8565 114//8565 109//8565
f 1297//8566 1282//8566 1298//8566
f 1464//8567 1477//8567 1476//8567
f 1520//8568 187//8568 507//8568
f 1301//8569 1302//8569 1303//8569
f 1306//8570 1307//8570 1308//8570
f 175//8571 456//8571 1532//8571
f 1532//8572 456//8572 200//8572
f 1311//8573 1266//8573 1312//8573
f 872//8574 1314//8574 1315//8574
f 3836//8575 843//8575 878//8575
f 1305//8576 1308//8576 864//8576
f 1040//8577 1275//8577 863//8577
f 1564//8578 1566//8578 399//8578
f 592//8579 1576//8579 1575//8579
f 591//8580 1575//8580 1088//8580
f 1581//8581 1584//8581 1583//8581
f 1196//8582 1152//8582 1147//8582
f 710//8583 582//8583 583//8583
f 285//8584 407//7910 408//7909
f 953//8585 954//8585 961//8585
f 1594//8586 1592//8586 1589//8586
f 1585//921 1588//8587 1587//922
f 1592//8588 1591//8588 1590//8588
f 3885//8589 945//8589 944//8589
f 1600//8590 1599//8590 1598//8590
f 1604//8591 1603//8591 1602//8591
f 1399//8592 1392//8592 979//8592
f 1589//8593 1590//8593 1596//8593
f 1610//8594 1609//8594 1608//8594
f 298//8595 257//8595 361//8595
f 551//8596 552//8596 276//8596
f 1627//8597 1626//8597 3814//8597
f 859//8598 811//8598 818//8598
f 1078//8599 857//8599 1328//8599
f 1555//8600 439//8600 1530//8600
f 572//8601 573//8601 680//8601
f 772//8602 465//8602 776//8602
f 977//8603 1281//8603 918//8603
f 404//942 403//8604 392//943
f 1054//8605 1331//8605 750//8605
f 1644//8606 1645//8606 1643//8606
f 932//8607 1265//8607 1082//8607
f 1067//8608 1333//8608 1334//8608
f 1540//8609 1539//8609 264//8609
f 597//8610 1335//8610 643//8610
f 471//8611 761//8611 762//8611
f 1642//952 696//3933 3831//953
f 1644//8612 1642//8612 3842//8612
f 923//8613 946//8613 950//8613
f 96//957 549//8614 548//958
f 520//8615 531//8615 522//8615
f 445//8616 444//8616 443//8616
f 849//8617 839//8617 848//8617
f 480//8618 759//8618 755//8618
f 1646//8619 760//8619 481//8619
f 311//8620 426//2419 1567//2421
f 464//8621 463//8621 3497//8621
f 3497//8622 1360//8622 1361//8622
f 234//8623 237//8623 236//8623
f 190//8624 193//8624 192//8624
f 153//8625 154//8625 152//8625
f 231//8626 287//8626 286//8626
f 1552//8627 1553//8627 1551//8627
f 760//8628 1646//8628 1648//8628
f 3832//8629 1647//8629 1649//8629
f 828//8630 827//8630 826//8630
f 52//8631 167//8631 166//8631
f 1663//8632 1662//8632 1661//8632
f 287//8633 107//8633 115//8633
f 668//8634 671//8634 670//8634
f 634//8635 645//8635 640//8635
f 553//8636 560//8636 559//8636
f 118//8637 36//8637 33//8637
f 492//8638 484//8638 491//8638
f 3552//8639 1652//8639 1651//8639
f 582//989 589//8640 584//990
f 384//8499 395//8498 392//8641
f 1381//8642 1382//8642 1383//8642
f 1562//994 1561//8643 435//995
f 952//8644 953//8644 951//8644
f 3529//8645 3566//8645 583//8645
f 1660//8646 1661//8646 1667//8646
f 1394//8647 1395//8647 1396//8647
f 1660//8648 1665//8648 1664//8648
f 1671//8649 1670//8649 1669//8649
f 1624//8650 1625//8650 1673//8650
f 1407//8651 1408//8651 1409//8651
f 1677//8652 1676//8652 1675//8652
f 1613//8653 1679//8653 1677//8653
f 1679//8654 1678//8654 1676//8654
f 1626//8655 1681//8655 3811//8655
f 534//8656 199//8656 198//8656
f 803//8657 733//8657 734//8657
f 400//8658 248//8658 191//8658
f 65//8659 66//8659 143//8659
f 3526//8660 1657//8660 1656//8660
f 402//8661 159//8661 157//8661
f 629//8662 628//8662 627//8662
f 461//8663 477//8663 49//8663
f 758//8664 757//8664 495//8664
f 796//8665 787//8665 786//8665
f 406//8666 407//8666 1513//8666
f 342//8667 343//8667 166//8667
f 1694//8668 1659//8668 1658//8668
f 1692//1023 1687//8669 1694//1024
f 3557//8670 1693//8670 1652//8670
f 3921//1027 1704//8671 1703//1028
f 326//8672 547//8672 302//8672
f 3916//8673 3921//8673 1702//8673
f 3919//8674 3918//8674 1698//8674
f 1699//8675 1691//8675 3927//8675
f 1557//8676 406//8676 1560//8676
f 1127//1040 1116//8677 1117//1041
f 400//8678 401//8678 289//8678
f 1706//8679 1702//8679 1707//8679
f 1707//8680 1702//8680 1599//8680
f 1709//8681 1706//8681 1708//8681
f 1714//1047 1712//8682 1711//1048
f 3919//8683 3915//8683 1709//8683
f 1704//8684 1711//8684 1577//8684
f 1716//1052 1714//8685 1713//1053
f 1559//870 1562//869 1549//1055
f 1722//8686 1721//8686 1720//8686
f 1335//8687 597//8687 596//8687
f 410//8688 411//8688 377//8688
f 973//8689 1170//8689 1163//8689
f 168//8690 169//8690 399//8690
f 1571//8691 682//8691 1089//8691
f 1572//8692 681//8692 682//8692
f 749//8693 646//8693 647//8693
f 1730//8694 1724//8694 1723//8694
f 1594//8695 1582//8695 1729//8695
f 1729//8696 1723//8696 1591//8696
f 1384//8697 1378//8697 1377//8697
f 1732//8698 1731//8698 1712//8698
f 1724//8699 1730//8699 1731//8699
f 1722//8700 1724//8700 1732//8700
f 1721//8701 1722//8701 1733//8701
f 1734//8702 1733//8702 1716//8702
f 1735//8703 1737//8703 1736//8703
f 1733//8704 1732//8704 1714//8704
f 1663//8705 1664//8705 1741//8705
f 1742//8706 1665//8706 1740//8706
f 1738//8707 1739//8707 1737//8707
f 1665//8708 1660//8708 1666//8708
f 1665//8709 1742//8709 1744//8709
f 1725//8710 1726//8710 1746//8710
f 1591//8711 1725//8711 1745//8711
f 1590//8712 1745//8712 1747//8712
f 1745//8713 1746//8713 1748//8713
f 1659//8714 1688//8714 3538//8714
f 3287//8715 1760//8715 3545//8715
f 1185//8716 1177//8716 1182//8716
f 1664//8717 1744//8717 1749//8717
f 1741//8718 1749//8718 1739//8718
f 1746//8719 1742//8719 1743//8719
f 1726//8720 1744//8720 1742//8720
f 1115//8721 924//8721 1153//8721
f 1654//8722 3546//8722 3575//8722
f 1896//8723 3562//8723 3549//8723
f 1720//1102 1749//8724 1744//1103
f 1721//8725 1739//8725 1749//8725
f 1750//8726 1718//8726 1701//8726
f 1697//8727 1736//8727 1750//8727
f 1151//8728 1152//8728 1063//8728
f 1751//1109 1752//8729 1670//1110
f 1695//8730 1658//8730 1752//8730
f 961//8731 962//8731 986//8731
f 1770//8732 1769//8732 1768//8732
f 1766//8733 1594//8733 1593//8733
f 1731//8734 1759//8734 1579//8734
f 1579//8735 1777//8735 1774//8735
f 3928//8736 1772//8736 1771//8736
f 1764//8737 1772//8737 3928//8737
f 1777//8738 1776//8738 1775//8738
f 3762//8739 3763//8739 1699//8739
f 1004//1124 1127//8740 1128//1125
f 1774//8741 1775//8741 1771//8741
f 987//8742 1400//8742 1399//8742
f 1578//8743 1774//8743 1772//8743
f 1783//8744 1782//8744 1781//8744
f 1597//8745 1598//8745 1770//8745
f 639//8746 1878//8747 3895//8748
f 3928//1133 3929//8749 1769//1134
f 1793//8750 1792//8750 1789//8750
f 3929//8751 3920//8751 1798//8751
f 3508//8752 3516//8752 3773//8752
f 1802//8753 1867//8753 3924//8753
f 1788//1141 1790//8754 1794//1142
f 1793//8755 1794//8755 1795//8755
f 3773//8756 3772//8756 1675//8756
f 1584//8757 1581//8757 1783//8757
f 1771//8758 1797//8758 3920//8758
f 1801//8759 1799//8759 1798//8759
f 1768//8760 1769//8760 1798//8760
f 1775//8761 1796//8761 1797//8761
f 508//8762 514//8762 515//8762
f 1796//8763 1803//8763 1802//8763
f 1800//8764 1798//8764 3920//8764
f 1794//8765 1805//8765 1804//8765
f 3532//8766 1670//8766 1752//8766
f 485//8767 1808//8767 1807//8767
f 3809//8768 3844//8768 1640//8768
f 3837//8769 3844//8770 1810//8771
f 485//8772 482//8772 1640//8772
f 1690//8773 1691//8773 3770//8773
f 487//8774 488//8774 1648//8774
f 3839//8775 1813//8775 1816//8775
f 3838//1167 1811//8776 1648//1168
f 3839//8777 1812//8777 1811//8777
f 1812//8778 1809//8778 487//8778
f 1641//8779 1809//8779 767//8779
f 465//8780 466//8780 755//8780
f 767//8781 1815//8781 3823//8781
f 3822//8782 1816//8782 3826//8782
f 1809//1176 1812//8783 1815//1177
f 3837//8784 1653//8784 1651//8784
f 675//8785 672//8785 3541//8785
f 1814//8786 1649//8786 1822//8786
f 1821//8787 1822//8787 3821//8787
f 1824//8788 1822//8788 1649//8788
f 1827//8789 1849//8789 1850//8789
f 1668//8790 1669//8790 1662//8790
f 1779//8791 1780//8791 1848//8791
f 1790//1187 1827//8792 1805//1188
f 1833//8793 1836//8793 1853//8793
f 3521//8794 3506//8794 693//8794
f 1614//8795 1615//8795 1616//8795
f 1852//8796 1853//8796 3498//8796
f 1620//8797 1621//8797 1622//8797
f 1855//8798 1765//8798 1574//8798
f 1847//1196 1852//8799 3501//1197
f 1766//8800 1765//8800 1855//8800
f 1629//8801 1630//8801 1631//8801
f 1633//8802 1622//8802 1634//8802
f 1635//8803 1636//8803 1637//8803
f 1848//8804 1833//8804 1852//8804
f 1855//8805 1861//8805 1863//8805
f 1803//8806 1866//8806 1867//8806
f 1862//8807 1863//8807 1831//8807
f 1782//1207 1855//8808 1862//1208
f 3922//1140 3924//1139 1865//8809
f 1873//8810 1872//8810 1870//8810
f 1874//8811 1869//8811 799//8811
f 2045//8812 3878//8812 3897//8812
f 1219//8813 1345//8813 1295//8813
f 1615//8814 1614//8814 1396//8814
f 3884//8815 3895//8815 1877//8815
f 645//8816 3898//8816 3786//8816
f 1345//8817 1219//8817 1035//8817
f 634//982 639//984 3884//8818
f 15//8819 1887//8819 1327//8819
f 3910//8820 3895//8820 1878//8820
f 1894//8821 604//8821 605//8821
f 3506//8822 3551//8822 627//8822
f 3560//8823 640//8823 645//8823
f 340//8824 341//8824 454//8824
f 1897//8825 194//8825 195//8825
f 1889//8826 1882//8826 1877//8826
f 1901//8827 94//8827 129//8827
f 196//8828 749//8828 754//8828
f 1705//8829 1704//8829 3921//8829
f 340//8830 378//8830 166//8830
f 1570//1232 1480//8831 563//1233
f 1904//8832 1494//8832 194//8832
f 1781//8833 1862//8833 1832//8833
f 1905//8834 549//8834 55//8834
f 1000//8835 994//8836 995//8837
f 986//8838 919//8838 920//8838
f 1191//8839 1185//8839 1190//8839
f 2094//4596 2077//4595 2075//8840
f 1920//8841 1921//8841 1919//8841
f 453//8842 454//8842 1912//8842
f 1915//8843 1919//8843 1918//8843
f 3882//8844 2112//8844 2106//8844
f 1655//8845 3575//8845 3531//8845
f 1916//8846 1918//8846 1926//8846
f 704//8847 3554//8847 3561//8847
f 278//8848 1916//8848 1925//8848
f 3565//1252 3564//8849 1818//1253
f 1097//8850 949//8850 1115//8850
f 1927//8851 1928//8851 727//8851
f 3578//8852 3579//8852 3654//8852
f 1920//8853 310//8853 307//8853
f 1929//8854 307//8854 48//8854
f 503//8855 504//8855 1497//8855
f 1902//8856 1903//8856 787//8856
f 1816//1262 1821//8857 3820//1263
f 1925//8858 1926//8858 1923//8858
f 1535//8859 1569//8859 1568//8859
f 254//8860 252//8860 258//8860
f 1509//8861 1497//8861 366//8861
f 119//8862 86//8862 35//8862
f 219//8863 288//8863 293//8863
f 141//8864 46//8864 47//8864
f 542//8865 205//8865 244//8865
f 1940//8866 552//8866 430//8866
f 1779//8867 1828//8867 1827//8867
f 1701//8868 1710//8868 3915//8868
f 1661//8869 3550//8869 3515//8869
f 270//8870 53//8870 754//8870
f 197//8871 1947//8871 749//8871
f 1727//8872 1728//8872 1212//8872
f 53//1285 54//8873 232//1286
f 1465//8874 1468//8874 1479//8874
f 1284//8875 3862//8875 3854//8875
f 1951//8876 446//8876 412//8876
f 168//8877 398//8877 1554//8877
f 1486//8878 1485//8878 206//8878
f 506//8879 77//8879 78//8879
f 994//8880 1001//8880 1007//8880
f 951//8881 953//8881 963//8881
f 1013//8882 3859//8882 3861//8882
f 3826//8883 3820//8883 1820//8883
f 1498//8884 1909//8884 1954//8884
f 299//8885 298//8885 543//8885
f 1754//8886 1755//8886 1756//8886
f 1681//8887 469//8887 1683//8887
f 1696//8888 1694//8888 1695//8888
f 13//8889 14//8889 738//8889
f 473//8890 476//8890 475//8890
f 482//8891 1641//8891 768//8891
f 204//8892 62//8892 30//8892
f 1761//8893 1762//8893 820//8893
f 611//8894 1763//8894 1125//8894
f 1501//8895 1503//8895 1908//8895
f 1074//8896 1073//8896 711//8896
f 1960//8897 1944//8897 82//8897
f 120//8898 1956//8898 1960//8898
f 35//8899 86//8899 87//8899
f 1773//8900 1199//8900 1025//8900
f 1965//8901 1545//8901 1569//8901
f 494//8902 761//8902 471//8902
f 1966//1350 1967//1349 1969//8903
f 446//8904 1951//8904 1971//8904
f 174//8905 368//8905 125//8905
f 1580//8906 1579//8906 1578//8906
f 1785//8907 1786//8907 1787//8907
f 1972//8908 1546//8438 304//8437
f 1254//8909 876//8909 875//8909
f 1973//8910 341//8910 342//8910
f 321//8911 1912//8911 1973//8911
f 1910//8912 277//8912 275//8912
f 509//8913 1973//8913 514//8913
f 1486//8914 1507//8914 1527//8914
f 1974//8915 1874//8915 804//8915
f 1977//8916 1976//8916 1974//8916
f 1980//8917 448//8917 1966//8917
f 379//8918 1//8918 2//8918
f 1718//8919 1715//8919 1710//8919
f 884//8920 995//8920 992//8920
f 1680//1339 1684//8921 1678//1340
f 902//8922 990//8922 525//8922
f 344//1343 255//8923 256//1344
f 135//8924 138//685 137//684
f 448//8925 446//8925 1967//8925
f 589//8926 605//8926 604//8926
f 910//8927 909//8927 908//8927
f 1981//8928 1966//8928 1968//8928
f 1982//8929 1981//8929 1987//8929
f 1988//8930 1979//8930 1987//8930
f 1990//8931 1988//8931 1989//8931
f 1991//8932 1989//8932 1993//8932
f 322//8933 321//8933 320//8933
f 992//8934 828//8934 830//8934
f 1144//1362 1076//8935 1086//1363
f 1995//8936 1977//8936 1978//8936
f 1133//8937 1129//8937 1118//8937
f 1997//8938 1995//8939 1994//8940
f 870//8941 1823//8941 1335//8941
f 805//216 806//215 1982//8942
f 727//8943 184//8943 2000//8943
f 1996//8944 1994//8944 1988//8944
f 1994//8945 1978//8945 1979//8945
f 1829//8946 616//8946 792//8946
f 1830//8947 1073//8947 941//8947
f 798//8948 803//8948 800//8948
f 729//8949 732//8949 731//8949
f 2011//8950 2012//8950 2023//8950
f 1834//8951 1835//8951 846//8951
f 402//8952 283//8952 284//8952
f 2022//1384 2023//8953 2024//1385
f 1838//8954 718//8954 989//8954
f 810//8955 955//8955 952//8955
f 1823//8956 1839//8956 1840//8956
f 1430//8957 1426//8957 1432//8957
f 1215//8958 844//8958 1841//8958
f 1316//8959 1208//8959 873//8959
f 2112//8960 1401//8960 1384//8960
f 1842//8961 1843//8961 1844//8961
f 1159//8962 846//8962 845//8962
f 837//8963 27//8963 1846//8963
f 1971//8964 1951//8964 2030//8964
f 517//8965 369//8965 370//8965
f 1471//8966 2026//8966 2027//8966
f 3551//3307 3525//3307 626//8967
f 2174//8968 2175//8968 770//8968
f 935//8969 934//8969 1854//8969
f 1613//8970 1619//8970 1611//8970
f 1231//8971 1228//8971 1225//8971
f 1856//8972 1857//8972 891//8972
f 1300//8973 1309//8973 748//8973
f 1150//8974 1149//8974 1858//8974
f 1643//8975 606//8975 696//8975
f 1215//8976 1265//8976 1264//8976
f 1320//8977 1860//8977 902//8977
f 1956//8978 1943//8978 1944//8978
f 2031//1658 668//1657 669//8979
f 2034//8980 1325//8980 1310//8980
f 1879//8981 1880//8981 1656//8981
f 40//8982 245//8982 242//8982
f 1992//8983 1993//8983 2039//8983
f 888//1422 958//8984 957//1423
f 1882//8985 1889//8985 1996//8985
f 1078//8986 1138//8986 1255//8986
f 1871//8987 912//8987 1192//8987
f 294//8988 411//8988 218//8988
f 1323//1429 2041//8989 2026//1429
f 123//8990 1960//8990 83//8990
f 1324//8991 2036//8991 2041//8991
f 384//8992 358//8992 359//8992
f 1324//8993 1325//8993 2038//8993
f 1883//8994 1884//8994 1885//8994
f 287//8995 1540//8995 114//8995
f 1096//8996 1886//8996 1134//8996
f 915//8997 1329//8997 931//8997
f 806//8998 1980//8998 1981//8998
f 3533//8999 3529//8999 584//8999
f 1425//9000 2030//9000 2042//9000
f 1018//9001 2042//9001 1948//9001
f 3562//9002 1896//9002 740//9002
f 1948//1444 2042//9003 649//1445
f 1881//9004 1882//9004 1990//9004
f 1900//9005 129//9005 130//9005
f 992//9006 995//8837 994//8836
f 923//9007 927//9007 925//9007
f 3878//9008 2045//9008 2047//9008
f 1643//9009 2048//9009 625//9009
f 2050//9010 2052//9010 2051//9010
f 2045//9011 1405//9011 1404//9011
f 3876//9012 2047//9012 945//9012
f 1139//9013 1080//9013 1079//9013
f 1037//9014 1856//9014 892//9014
f 2055//9015 2053//9015 2057//9015
f 1198//9016 989//9016 718//9016
f 1619//9017 2058//9017 1612//9017
f 2058//9018 1605//9018 1606//9018
f 2059//9019 2060//9019 1607//9019
f 2058//9020 1619//9020 1624//9020
f 71//9021 72//9021 179//9021
f 405//9022 406//9022 1557//9022
f 322//9023 1548//9023 1972//9023
f 2061//9024 2052//9024 2063//9024
f 2066//9025 2065//9025 2067//9025
f 2052//9026 2061//9026 2064//9026
f 1609//9027 1610//9027 2066//9027
f 1515//9028 151//9028 152//9028
f 1009//9029 827//9029 993//9029
f 1644//9030 3843//9030 3815//9030
f 279//9031 1915//9031 1916//9031
f 1285//9032 3863//9032 3862//9032
f 1647//9033 2066//9033 1825//9033
f 2056//9034 2057//9034 2067//9034
f 319//1360 320//1359 1953//9035
f 667//9036 666//9036 1913//9036
f 2070//9037 631//9037 625//9037
f 2052//9038 2050//9038 2055//9038
f 2038//9039 1654//9039 1655//9039
f 1606//9040 1601//9040 2073//9040
f 1235//9041 1917//9041 1270//9041
f 2072//9042 2073//9042 2075//9042
f 2059//9043 1606//9043 2072//9043
f 2074//1494 2075//1493 2077//9044
f 1601//1497 1602//9045 2078//1498
f 2049//1534 2048//1533 1643//9046
f 1000//9047 1004//9047 1001//9047
f 1089//9048 943//9048 684//9048
f 1931//9049 1286//9049 1306//9049
f 1462//9050 1459//9050 1021//9050
f 1932//9051 1933//9051 1934//9051
f 875//9052 874//9052 1846//9052
f 1936//9053 1051//9053 1937//9053
f 44//9054 45//9054 46//9054
f 1534//9055 1955//9055 1956//9055
f 1541//9056 318//75 317//77
f 2081//9057 2082//9057 2084//9057
f 146//9058 1945//9058 1959//9058
f 1360//9059 1941//9059 1942//9059
f 985//9060 984//9060 1032//9060
f 1995//8939 1997//8938 1892//9061
f 2079//1520 2080//9062 2082//1520
f 2095//9063 2096//9064 2076//9065
f 2081//9066 2093//9066 2078//9066
f 2055//1524 2050//9067 2054//1525
f 501//9068 2096//9064 2095//9063
f 2097//9069 2100//9069 2099//9069
f 2098//9070 2099//9070 2094//9070
f 2140//9071 2141//9071 3893//9071
f 2141//9072 2046//9072 3894//9072
f 2051//9073 2070//9073 2048//9073
f 592//9074 2102//1539 2101//1541
f 2071//9075 2064//3195 2076//3194
f 2102//9076 2097//9076 2098//9076
f 593//9077 2103//9077 2102//9077
f 1019//9078 1895//9078 746//9078
f 1950//9079 11//9079 12//9079
f 725//9080 2071//9080 2096//9080
f 1385//9081 2105//9081 2104//9081
f 1379//9082 2104//9082 2106//9082
f 2107//1550 2108//8111 2100//1551
f 3908//9083 726//9083 502//9083
f 3896//1555 502//1554 499//1556
f 940//9084 1389//1566 2109//1568
f 928//9085 929//9085 1170//9085
f 3868//9086 590//9086 684//9086
f 1962//9087 1963//9087 1964//9087
f 3878//9088 680//9088 573//9088
f 2039//1563 1993//9089 1968//1564
f 1389//9090 1390//1576 2110//1578
f 1398//9091 2111//9091 2113//9091
f 3757//9092 3755//9092 3753//9092
f 3911//1571 3883//9093 2107//1572
f 949//9094 923//9094 924//9094
f 260//9095 241//9095 324//9095
f 1390//9096 1397//9096 2113//9096
f 2070//9097 2051//9097 2064//9097
f 3867//9098 3911//9098 2103//9098
f 2105//9099 1385//9099 1421//9099
f 2114//1583 1421//1582 1423//9100
f 3892//9101 2114//9101 2115//9101
f 3908//9102 2105//9102 2114//9102
f 554//9103 2116//1828 1902//1830
f 972//9104 1163//9104 967//9104
f 1765//9105 1593//9105 1573//9105
f 1984//3599 1985//3598 1986//9106
f 2053//9107 2117//9107 2069//9107
f 3573//9108 3556//4589 724//4591
f 1625//9109 1677//9109 1674//9109
f 3881//9110 3888//9110 2119//9110
f 3903//9111 2115//9111 2123//9111
f 56//9112 1954//9112 1906//9112
f 626//9113 3877//9113 3879//9113
f 2001//9114 2002//9114 2003//9114
f 3912//9115 3841//9115 2127//9115
f 2006//1600 2007//9116 2008//1601
f 2127//9117 1413//9117 1412//9117
f 2014//9118 2015//9118 2016//9118
f 2018//9119 2019//9119 2020//9119
f 1495//9120 1424//9120 1947//9120
f 1379//9121 1377//9121 1386//9121
f 3814//9122 3811//9122 1680//9122
f 2029//9123 1885//9123 1884//9123
f 3902//9124 2128//9124 2120//9124
f 629//9125 3879//9125 3914//9125
f 682//9126 683//9126 943//9126
f 724//9127 1650//9127 2121//9127
f 1757//9128 1819//9128 3821//9128
f 765//9129 1810//8771 3844//8770
f 3851//9130 714//9130 715//9130
f 706//9131 707//9131 3870//9131
f 981//9132 986//9132 987//9132
f 1457//9133 1868//9133 1656//9133
f 2017//9134 2016//9134 2032//9134
f 1458//9135 1655//9135 1868//9135
f 1776//9136 1777//9136 1792//9136
f 1959//9137 1945//9137 1946//9137
f 3663//9138 3715//9138 3725//9138
f 3913//9139 3881//9139 2122//9139
f 1093//9140 1089//9140 689//9140
f 966//9141 965//9141 968//9141
f 3852//9142 715//9142 3881//9142
f 2172//9143 3577//9143 2170//9143
f 670//9144 2138//9144 2137//9144
f 3761//9145 787//9145 1903//9145
f 1429//9146 19//9146 28//9146
f 964//9147 963//9147 978//9147
f 3841//9148 3813//4369 1413//4371
f 1473//1635 1474//9149 669//1636
f 3834//9150 3833//9150 1359//9150
f 2138//9151 798//9151 1870//9151
f 1872//9152 1473//9152 2137//9152
f 715//9153 716//9153 3888//9153
f 1881//1447 1991//1449 1992//9154
f 3843//9155 3842//9155 739//9155
f 1837//9156 1847//9156 3513//9156
f 253//9157 58//9157 59//9157
f 1808//9158 3837//9158 3840//9158
f 1647//9159 3832//9159 3818//9159
f 3865//4739 3866//4738 671//9160
f 2112//9161 3882//9161 3883//9161
f 1405//9162 2045//9162 2044//9162
f 3829//399 3824//398 1364//9163
f 273//9164 1541//9164 391//9164
f 576//9165 632//9165 3520//9165
f 3875//9166 3865//9166 668//9166
f 1430//9167 1431//9167 2140//9167
f 2136//9168 3850//9168 3860//9168
f 1430//9169 2139//9169 18//9169
f 3893//9170 3894//9170 570//9170
f 1442//9171 1439//9171 2046//9171
f 1431//9172 1442//1663 2141//1665
f 3869//9173 3913//9173 3850//9173
f 3808//9174 3823//9174 1817//9174
f 3866//9175 3893//9175 695//9175
f 2142//1670 2025//1678 798//1671
f 571//9176 2143//9176 2142//9176
f 3819//9177 3814//9177 1618//9177
f 2143//9178 2022//9178 2025//9178
f 694//1675 2142//1674 2138//9179
f 681//9180 1572//9180 2144//9180
f 2144//9181 2011//9181 2022//9181
f 328//9182 210//9182 457//9182
f 1572//9183 2010//9183 2011//9183
f 630//9184 3892//9184 3903//9184
f 2085//9185 2086//9185 2087//9185
f 2090//9186 2091//9186 2092//9186
f 572//9187 2144//9187 2143//9187
f 1875//9188 1976//9188 2153//9188
f 1873//9189 1875//9189 2149//9189
f 2103//9190 2107//9190 2097//9190
f 2157//9191 2043//9191 2155//9191
f 2128//9192 1412//9192 1414//9192
f 3874//9193 3871//9193 589//9193
f 3872//9194 3870//9194 628//9194
f 2149//1690 2153//1689 2158//9195
f 2159//9196 2158//9196 3905//9196
f 698//9197 3907//9197 3902//9197
f 3823//9198 3847//9198 3827//9198
f 2158//9199 2156//9199 3874//9199
f 1438//9200 2044//9200 2046//9200
f 2035//9201 2154//9201 2160//9201
f 2161//9202 2160//1720 3889//1722
f 3871//1717 3891//1716 605//9203
f 3873//9204 17//9204 18//9204
f 370//9205 29//9205 61//9205
f 649//9206 1951//9206 413//9206
f 2153//9207 2157//9207 2156//9207
f 1428//9208 1429//9208 1449//9208
f 1490//9209 76//9209 73//9209
f 3890//9210 3905//9210 710//9210
f 2155//9211 1891//9211 3891//9211
f 1456//9212 1457//9212 1880//9212
f 2125//9213 2088//9213 2087//9213
f 2160//9214 2159//9214 3890//9214
f 300//9215 1959//9215 505//9215
f 1064//9216 1062//9216 1046//9216
f 2043//9217 1892//9217 1891//9217
f 2129//9218 2130//9218 2004//9218
f 2131//9219 2132//9219 2133//9219
f 3848//9220 3849//9220 1450//9220
f 1998//9221 1975//9221 804//9221
f 3879//1730 673//9222 3864//1731
f 474//9223 492//9223 490//9223
f 1164//9224 1165//9224 1182//9224
f 707//9225 2162//9225 3909//9225
f 708//9226 1472//9226 2162//9226
f 2162//9227 2161//9227 3886//9227
f 548//9228 549//9228 1905//9228
f 1145//9229 1136//9229 1114//9229
f 705//9230 2121//9230 1650//9230
f 2043//9231 2157//4375 1977//4377
f 737//9232 738//9232 554//9232
f 1034//9233 1195//315 1191//317
f 458//9234 1905//9234 1907//9234
f 195//9235 196//9235 232//9235
f 2040//9236 2039//9236 1969//9236
f 2145//1871 2146//1870 2147//9237
f 2054//9238 2050//9238 2049//9238
f 3832//9239 1646//9239 1639//9239
f 9//9240 12//9240 11//9240
f 252//9241 364//9241 506//9241
f 472//9242 478//9242 479//9242
f 1865//9243 3924//9243 3791//9243
f 900//8024 903//8023 910//9244
f 1941//1755 2150//9245 2151//1756
f 1921//9246 1928//9246 1927//9246
f 2163//9247 1897//9247 1898//9247
f 271//9248 156//9248 153//9248
f 1904//9249 1326//9249 12//9249
f 282//9250 263//7870 264//7869
f 1872//1763 1873//9251 2154//1764
f 1326//9252 1904//9252 1897//9252
f 628//9253 692//9253 693//9253
f 1724//9254 1722//9254 1719//9254
f 1549//9255 1562//9255 436//9255
f 1582//9256 1583//9256 1730//9256
f 1921//9257 1920//9257 1929//9257
f 3563//9258 3511//9258 10//9258
f 2152//9259 2037//9259 1950//9259
f 475//9260 772//9260 774//9260
f 769//9261 2172//9261 2171//9261
f 2171//9262 2165//9262 476//9262
f 476//9263 773//9263 772//9263
f 1791//9264 565//9264 464//9264
f 2166//9265 2167//9265 2168//9265
f 595//9266 371//9266 372//9266
f 483//9267 1809//9267 1641//9267
f 762//9268 2174//9268 2173//9268
f 771//9269 483//9269 484//9269
f 486//9270 487//9270 1809//9270
f 297//9271 1549//9271 1517//9271
f 763//9272 2175//9272 2174//9272
f 776//9273 755//9273 759//9273
f 184//9274 185//9274 2176//9274
f 412//9275 447//9275 303//9275
f 2005//9276 2176//9276 185//9276
f 3811//9277 1681//9277 1682//9277
f 2164//9278 2170//9278 756//9278
f 1472//1795 2035//3131 2161//1796
f 950//9279 951//9279 964//9279
f 2177//9280 2178//9280 2179//9280
f 227//9281 226//9281 1510//9281
f 2182//9282 2183//3547 2184//3549
f 2186//9283 2019//9283 2018//9283
f 1985//9284 2182//9284 2181//9284
f 214//9285 736//9285 729//9285
f 865//9286 849//9286 842//9286
f 849//9287 865//9287 1357//9287
f 559//9288 3187//9288 3188//9288
f 16//9289 13//9289 737//9289
f 560//9290 553//9290 498//9290
f 3193//9291 3196//9291 3195//9291
f 3200//9292 3197//9292 3198//9292
f 3211//9293 3214//9293 3213//9293
f 3215//9294 3218//9294 3217//9294
f 2187//9295 2188//9295 2002//9295
f 2169//9296 2168//9296 2189//9296
f 2192//9297 2086//9297 2085//9297
f 2193//9298 2194//9298 2195//9298
f 2198//9299 2199//9299 2200//9299
f 1998//9300 1982//9300 1979//9300
f 3664//9301 3665//9301 3668//9301
f 2116//9302 1898//9302 1903//9302
f 1859//9303 2006//9303 2009//9303
f 3904//9304 2123//9304 2126//9304
f 1135//9305 1148//9305 1087//9305
f 2201//9306 2202//9306 2015//9306
f 1149//9307 111//9307 110//9307
f 3221//9308 3222//9308 3218//9308
f 2203//9309 2204//9309 2205//9309
f 579//9310 580//9310 1895//9310
f 1755//9311 2207//9311 2208//9311
f 3891//9312 3910//9312 1893//9312
f 1211//9313 2151//9313 2150//9313
f 868//9314 997//9314 2210//9314
f 944//9315 945//9315 930//9315
f 2130//9316 2129//9316 2202//9316
f 233//9317 1903//9317 1898//9317
f 665//9318 751//9318 750//9318
f 1167//9319 1254//9319 999//9319
f 2211//9320 2212//9320 2213//9320
f 2215//9321 2216//9321 2217//9321
f 3867//9322 593//9322 590//9322
f 2220//9323 221//9323 220//9323
f 823//9324 824//9324 948//9324
f 3225//9325 3220//9325 3227//9325
f 266//9326 204//9326 455//9326
f 3882//9327 2108//9327 2107//9327
f 2221//9328 2222//9328 3519//9328
f 2223//9329 2224//9329 2225//9329
f 2207//9330 2125//9330 2124//9330
f 673//9331 674//9331 3869//9331
f 817//9332 1000//9332 996//9332
f 2227//9333 2228//9333 2146//9333
f 1947//9334 1948//9334 646//9334
f 3900//9335 2135//9335 17//9335
f 2229//9336 1635//9336 1638//9336
f 1679//9337 1613//9337 1618//9337
f 1637//9338 2231//9338 2232//9338
f 2233//9339 2234//9339 1617//9339
f 2231//9340 2235//9340 2236//9340
f 1381//9341 1638//9341 2238//9341
f 3586//1880 2241//9342 2242//1881
f 1630//9343 2234//9343 2233//9343
f 1681//9344 1626//9344 472//9344
f 1408//9345 1407//9345 2243//9345
f 3236//9346 3239//9346 3238//9346
f 3232//9347 3241//9347 3240//9347
f 1637//9348 2230//9348 2238//9348
f 3237//9349 3238//9349 3233//9349
f 1409//9350 1408//9350 1634//9350
f 1380//9351 1383//9351 2247//9351
f 1628//9352 2248//9352 2245//9352
f 2249//9353 1623//9353 1622//9353
f 1632//9354 1634//9354 1408//9354
f 2248//9355 1628//9355 1631//9355
f 2235//9356 2231//9356 1637//9356
f 3245//9357 3246//9357 3199//9357
f 631//9358 2070//9358 2071//9358
f 515//9359 167//9359 52//9359
f 782//9360 781//9360 2251//9360
f 2253//9361 2254//9361 2255//9361
f 397//9362 281//9362 459//9362
f 1456//9363 2039//9363 2040//9363
f 2040//9364 2041//9364 2036//9364
f 1401//9365 2112//9365 2111//9365
f 2041//9366 2040//9366 1970//9366
f 1535//9367 121//9367 414//9367
f 1586//9368 1587//9368 2080//9368
f 2256//9369 983//9369 1132//9369
f 1700//9370 1699//1035 3918//1037
f 3815//9371 1896//9371 1686//9371
f 1263//9372 2256//9372 1886//9372
f 598//9373 1841//9373 844//9373
f 2257//9374 2258//9374 2259//9374
f 2258//9375 2261//9376 2262//9377
f 2259//1921 2262//1920 2263//9378
f 2260//9379 2259//9379 2216//9379
f 1967//9380 1971//9380 1970//9380
f 2212//9381 1964//9381 1963//9381
f 922//9382 921//9382 2218//9382
f 1312//9383 1098//9383 1101//9383
f 1307//9384 1306//9384 1286//9384
f 1548//9385 1569//9385 1546//9385
f 2266//9386 2267//9386 2268//9386
f 2265//9387 2268//9387 2270//9387
f 2272//9388 2265//9388 2269//9388
f 2273//9389 2266//9389 2265//9389
f 2275//9390 2276//9390 2277//9390
f 2278//9391 2274//9391 2277//9391
f 2284//9392 2285//9392 3617//9392
f 2287//9393 2283//9393 2286//9393
f 2288//9394 2289//9394 2283//9394
f 2290//9395 2284//9395 3639//9395
f 2291//9396 2292//9396 2293//9396
f 2295//9397 2291//9397 2294//9397
f 2296//9398 2297//9398 2291//9398
f 2297//9399 2298//9400 2292//9401
f 2294//9402 2293//9402 2299//9402
f 2279//9403 2294//9403 2300//9403
f 2298//9404 2301//9404 2302//9404
f 2292//9405 2302//1952 2303//1954
f 2293//9406 2303//9406 2304//9406
f 2304//9407 2305//9407 2306//9407
f 2308//9408 2309//9408 2310//9408
f 2302//9409 2307//9409 2310//9409
f 2301//9410 2311//9410 2307//9410
f 2312//9411 2308//9411 2307//9411
f 2313//9412 2314//9412 2315//9412
f 2318//9413 2319//9413 2320//9413
f 3748//4716 3771//4715 2322//9414
f 2324//9415 2325//9415 2273//9415
f 2313//9416 2324//9416 2326//9416
f 2328//9417 2324//9417 2313//9417
f 2329//9418 2325//9418 2324//9418
f 2331//1975 2332//1977 2333//9419
f 2330//9420 2333//9420 2267//9420
f 2325//9421 2330//9421 2266//9421
f 2329//9422 2331//9422 2330//9422
f 2333//9423 2334//9423 2335//9423
f 2336//9424 2334//9424 2333//9424
f 2338//1972 2336//9425 2332//1973
f 2331//9426 2339//9426 2337//9426
f 2329//1981 2340//1980 2339//9427
f 2328//9428 2341//9428 2340//9428
f 2316//9429 2342//9429 2341//9429
f 2342//1983 2316//9430 2315//1984
f 2344//1993 2345//1992 2346//9431
f 2341//1987 2344//9432 2347//1988
f 2342//9433 2348//9433 2344//9433
f 2348//9434 2349//9434 2345//9434
f 2350//9435 2351//9436 2352//9437
f 2339//9438 2350//9438 2353//9438
f 2340//9439 2347//9439 2350//9439
f 2347//9440 2346//9440 2351//9440
f 2337//9441 2353//9441 2354//9441
f 2353//9442 2352//9442 2355//9442
f 2356//9443 2277//9443 2276//9443
f 2356//9444 2357//9444 2358//9444
f 2356//9445 2359//9445 2296//9445
f 2279//9446 2277//9446 2356//9446
f 2360//9447 2361//9447 2270//9447
f 2267//9448 2335//9448 2360//9448
f 2362//2006 2363//9449 2364//2007
f 2362//9450 2365//9450 2361//9450
f 2366//9451 2362//9451 2358//9451
f 2366//2011 2367//9452 2363//2012
f 2357//9453 2276//9453 2368//9453
f 2366//2015 2368//9454 2369//2016
f 2276//9455 2275//9455 2370//9455
f 2368//9456 2370//9456 2282//9456
f 2372//9457 2373//9457 2374//9457
f 2375//9458 2376//9458 2377//9458
f 2378//2022 2379//9459 2380//2023
f 2382//2028 2378//2027 2381//9460
f 2384//9461 2385//9461 2378//9461
f 2385//9462 2386//9462 2379//9462
f 2388//9463 2389//9463 2390//9463
f 2387//9464 2390//9464 2392//9464
f 2393//2032 2394//9465 2387//2033
f 2394//9466 2395//9466 2388//9466
f 2186//2036 2401//9467 2402//2037
f 2403//9468 2404//9468 2327//9468
f 2272//9469 2403//2039 2326//2041
f 2271//9470 2405//2044 2403//2044
f 2405//9471 2406//9471 2404//9471
f 2404//9472 2407//9472 2408//9472
f 2409//9473 2410//9473 2411//9473
f 2409//9474 2412//9474 2271//9474
f 2413//9475 2409//9475 2269//9475
f 2413//9476 2414//9476 2410//9476
f 2417//9477 2415//9477 2416//9477
f 2417//9478 2418//9478 2406//9478
f 2412//9479 2417//9479 2405//9479
f 2411//9480 2415//9480 2417//9480
f 2406//9481 2419//9481 2407//9481
f 3569//9482 3520//9482 632//9482
f 2420//9483 2398//9483 2397//9483
f 2420//9484 2421//9484 2423//9484
f 2424//9485 2420//9485 2422//9485
f 2424//9486 2399//9486 2398//9486
f 2425//9487 2391//9487 2392//9487
f 2421//9488 2425//9488 2426//9488
f 2397//9489 2396//9489 2425//9489
f 2396//9490 2393//9490 2391//9490
f 2427//9491 2314//9491 2408//9491
f 2430//9492 2427//9492 2428//9492
f 2343//9493 2315//9493 2427//9493
f 2432//3495 2343//3494 2430//9494
f 2431//9495 2430//9495 2429//9495
f 2435//2074 2431//2073 2433//9496
f 2436//9497 2432//9497 2431//9497
f 2428//9498 2408//9498 2407//9498
f 2422//9499 2437//9499 2407//9499
f 2438//9500 2437//9500 2422//9500
f 2429//9501 2428//9501 2437//9501
f 2440//9502 2434//9502 2433//9502
f 2441//9503 2439//9503 2433//9503
f 2442//9504 2443//9504 2439//9504
f 2443//9505 2444//2283 2440//2285
f 2445//9506 2446//9506 2444//9506
f 2447//9507 2445//9507 2443//9507
f 2383//9508 2381//9508 2445//9508
f 2381//9509 2380//9509 2446//9509
f 2448//9510 2438//9510 2423//9510
f 2449//9511 2448//9511 2426//9511
f 2441//9512 2448//9512 2449//9512
f 2441//9513 2429//9513 2438//9513
f 2449//9514 2392//9514 2390//9514
f 2450//9515 2390//9515 2389//9515
f 2447//9516 2450//9516 2451//9516
f 2442//9517 2449//9517 2450//9517
f 2451//9518 2389//9518 2453//9518
f 2452//9519 2453//9519 2455//9519
f 2382//9520 2452//9520 2454//9520
f 2383//9521 2451//9521 2452//9521
f 2456//9522 2457//2297 2373//2299
f 2459//9523 2460//9523 2461//9523
f 2463//2124 2464//2123 2465//9524
f 2462//9525 2465//9525 2285//9525
f 2466//9526 2462//9526 2284//9526
f 2467//9527 2463//9527 2462//9527
f 2461//9528 2460//9528 3703//9528
f 2468//9529 2469//9529 2470//9529
f 2472//9530 2468//9530 2471//9530
f 2474//9531 2461//9531 3701//9531
f 2475//9532 2476//9532 2477//9532
f 2458//9533 2455//9533 2453//9533
f 2479//2111 2453//9534 2389//2112
f 2395//2114 2480//9535 2479//2115
f 2480//2117 2459//9536 2458//2118
f 2481//9537 2482//3339 2483//3341
f 2484//9538 113//9538 2485//9538
f 2471//9539 2470//9539 2464//9539
f 2473//9540 2471//9540 2463//9540
f 2487//9541 2467//9541 2466//9541
f 2486//9542 2466//9542 2290//9542
f 2490//2131 2486//2130 2488//9543
f 2491//2129 2487//9544 2486//2130
f 2492//9545 2473//9545 2467//9545
f 2493//9546 2492//9546 2487//9546
f 2494//9547 2495//9547 2492//9547
f 2495//9548 2472//9548 2473//9548
f 3690//9549 2496//9549 2474//9549
f 3691//9550 2497//9550 2496//9550
f 2498//9551 2494//9551 2493//9551
f 2500//9552 2498//9552 2499//9552
f 3700//9553 3687//9553 2498//9553
f 3687//9554 3691//9554 2494//9554
f 2306//9555 2504//9555 2278//9555
f 2305//9556 2505//9556 2504//9556
f 2504//9557 2505//9557 2507//9557
f 2506//9558 2507//9558 2288//9558
f 2274//9559 2506//9559 2508//9559
f 2278//9560 2504//9560 2506//9560
f 3633//9561 3632//9561 2489//9561
f 3620//9562 3633//9562 2488//9562
f 2507//9563 2509//9563 2289//9563
f 2505//9564 2510//9564 2509//9564
f 2508//9565 2288//9565 2287//9565
f 2511//9566 2287//9566 2281//9566
f 2370//9567 2511//9567 2280//9567
f 2275//9568 2508//9568 2511//9568
f 2512//9569 2490//9569 2489//9569
f 2514//9570 2512//2163 2513//9571
f 2517//2161 2512//2163 2514//9570
f 2517//9572 2491//9572 2490//9572
f 2499//9573 2493//9573 2491//9573
f 2499//2165 2517//9574 2516//2166
f 2510//9575 2505//9575 2519//9575
f 2518//9576 2519//9576 2521//9576
f 3616//9577 2518//9577 2520//9577
f 3632//9578 2510//9578 2518//9578
f 2522//9579 2304//9579 2303//9579
f 2523//9580 2522//9580 2310//9580
f 2305//9581 2304//9581 2522//9581
f 2524//9582 2522//9582 2523//9582
f 2519//2178 2524//9583 2525//2179
f 2505//9584 2305//2174 2524//2176
f 2308//9585 2312//9585 2527//9585
f 2526//9586 2527//9586 2529//9586
f 2531//9587 2526//9587 2528//9587
f 2309//9588 2308//9588 2526//9588
f 1214//2186 2532//9589 2151//2187
f 2419//9590 2406//9590 2418//9590
f 2533//9591 2345//9591 2349//9591
f 2534//2193 2533//9592 2317//2194
f 2535//9593 2536//9593 2533//9593
f 2536//9594 2346//9594 2345//9594
f 2537//9595 2351//9595 2346//9595
f 2538//9596 2537//9596 2536//9596
f 2539//9597 2540//9597 2537//9597
f 2540//9598 2352//9437 2351//9436
f 2312//2202 2355//9599 2541//2203
f 2527//9600 2541//4333 2542//4335
f 2543//2206 2435//9601 2434//2207
f 2545//9602 2543//9602 2544//9602
f 2319//9603 2318//9603 2543//9603
f 2318//9604 2436//9605 2435//9606
f 2514//9607 2515//9607 2548//9607
f 2547//9608 2548//9608 2550//9608
f 2552//9609 2547//9609 2549//9609
f 2552//9610 2516//9610 2514//9610
f 2520//9611 2521//2226 2554//2228
f 2553//9612 2554//9612 2556//9612
f 3590//9613 2553//9613 2555//9613
f 3621//9614 2520//2216 2553//2218
f 2523//9615 2309//9615 2531//9615
f 2557//9616 2531//9616 2530//9616
f 2525//9617 2523//9617 2557//9617
f 2559//9618 2557//9618 2558//9618
f 2554//9619 2559//9619 2560//9619
f 2521//9620 2525//9620 2559//9620
f 2561//9621 2375//9621 2007//9621
f 2376//9622 2562//9622 2225//9622
f 2564//9623 2565//9624 2566//9625
f 2563//9626 2566//9626 338//9626
f 2569//9627 2563//9627 2567//9627
f 2570//9628 2564//2231 2563//2233
f 2572//9629 2573//2251 2574//2253
f 2571//9630 2574//2248 2576//2250
f 2544//2242 2571//2238 2575//2240
f 2544//9631 2434//9631 2572//9631
f 2578//9632 2570//9632 2569//9632
f 2579//9633 2577//9633 2569//9633
f 2574//9634 2577//9634 2579//9634
f 2573//9635 2578//2244 2577//2246
f 2581//9636 2582//9636 2583//9636
f 2584//9637 2580//9637 2583//9637
f 3697//9638 3675//9638 2580//9638
f 3676//9639 2581//9639 2580//9639
f 2582//9640 2516//9640 2552//9640
f 2583//9641 2552//9641 2551//9641
f 2500//9642 2501//9642 2589//9642
f 2590//9643 2588//9643 2589//9643
f 3693//9644 3695//9644 2588//9644
f 3695//9645 3700//9645 2500//9645
f 2501//9646 2516//9646 2591//9646
f 2592//2265 2593//2265 2594//2265
f 2386//9647 2385//9647 2503//9647
f 2596//9648 2379//9648 2386//9648
f 2596//9649 2374//9649 2373//9649
f 2599//2269 2596//9650 2597//2270
f 2599//9651 2380//9651 2379//9651
f 2600//2273 2446//9652 2380//2274
f 2600//9653 2599//9653 2598//9653
f 2603//9654 2600//9654 2601//9654
f 2603//9655 2444//9655 2446//9655
f 2604//9656 2603//9656 2602//9656
f 2440//9657 2604//9657 2605//9657
f 2444//9658 2603//9658 2604//9658
f 2606//9659 2582//9659 2581//9659
f 2606//9660 2607//9660 2590//9660
f 2591//9661 2516//9661 2582//9661
f 3676//9662 2587//9662 2456//9662
f 3689//9663 2456//9663 2372//9663
f 2478//9664 2477//9664 2608//9664
f 2609//9665 2610//9666 2611//9667
f 2564//9668 2570//9668 2613//9668
f 2612//9669 2613//9670 2598//9671
f 2457//9672 2612//9672 2597//9672
f 2565//9673 2564//9673 2612//9673
f 2614//9674 2613//9674 2570//9674
f 2615//9675 2614//9675 2578//9675
f 2602//9676 2601//9676 2614//9676
f 2601//9677 2598//9671 2613//9670
f 2572//9678 2434//9678 2605//9678
f 2616//9679 2605//2281 2602//2280
f 2573//9680 2572//9680 2616//9680
f 1459//9681 1016//9681 1045//9681
f 1265//9682 1215//9682 1079//9682
f 1612//9683 1608//9683 1609//9683
f 2067//9684 2057//9684 2069//9684
f 1135//9685 1109//9685 1136//9685
f 1938//9686 1937//9686 2618//9686
f 95//9687 548//9687 458//9687
f 2058//9688 1607//9688 1608//9688
f 1454//525 1469//524 1445//9689
f 655//9690 2620//9690 1048//9690
f 722//9691 1049//9691 2621//9691
f 1131//9692 985//9692 1033//9692
f 562//9693 1481//9693 366//9693
f 1723//9694 1719//9694 1725//9694
f 1786//9695 1123//8405 1122//8405
f 267//9696 300//9696 323//9696
f 1325//9697 2034//9697 1654//9697
f 1468//9698 1165//9698 1435//9698
f 658//2326 657//9699 529//2327
f 8//9700 532//9700 247//9700
f 382//9701 1557//9701 1559//9701
f 788//9702 619//9702 1307//9702
f 940//9703 930//9703 929//9703
f 911//9704 2622//9704 2623//9704
f 2621//9705 2620//9705 655//9705
f 2624//9706 1857//9706 2625//9706
f 998//9707 1846//9707 27//9707
f 635//9708 638//9708 2626//9708
f 2627//9709 641//9709 644//9709
f 2628//9710 2627//9710 1840//9710
f 1200//9711 1199//9711 2627//9711
f 1199//2341 1773//9712 641//2342
f 1520//9713 515//9713 49//9713
f 1452//9714 1350//9714 1349//9714
f 2630//9715 2631//9715 1859//9715
f 644//9716 643//9716 1335//9716
f 1197//9717 1198//9717 717//9717
f 2632//9718 717//9718 719//9718
f 2628//9719 2632//9719 1166//9719
f 2629//9720 1197//9720 2632//9720
f 1762//9721 2633//9721 1050//9721
f 1823//9722 870//9722 873//9722
f 2634//9723 2635//9723 794//9723
f 1042//9724 794//9724 2635//9724
f 93//9725 94//9725 1901//9725
f 2036//2358 2038//9726 1458//2359
f 1527//9727 332//9727 1525//9727
f 877//9728 876//9728 1274//9728
f 134//9729 409//9729 797//9729
f 1328//9730 893//9730 931//9730
f 607//9731 777//9731 1091//9731
f 1043//9732 2635//9732 2637//9732
f 2636//9733 2637//9733 2639//9733
f 1275//9734 2636//9734 2638//9734
f 1275//2369 1040//9735 1043//2370
f 1272//9736 2624//9736 2626//9736
f 2640//9737 2626//9737 638//9737
f 1110//9738 2641//9738 2640//9738
f 536//2375 1272//9739 2640//2376
f 1472//9740 708//9740 1474//9740
f 2042//9741 2030//9741 1951//9741
f 1058//9742 1106//9742 1105//9742
f 2642//9743 2623//9743 2643//9743
f 1192//9744 2642//2381 2644//2383
f 912//9745 2623//9745 2642//9745
f 3898//9746 1657//9746 3526//9746
f 1049//9747 1048//9747 2620//9747
f 616//9748 1829//9748 1885//9748
f 1331//9749 1913//9749 666//9749
f 990//9750 989//9750 1198//9750
f 1911//9751 1912//9751 321//9751
f 1298//9752 1282//9752 1205//9752
f 76//9753 1490//9753 1504//9753
f 1502//9754 1500//9754 421//9754
f 610//9755 609//9755 658//9755
f 1146//9756 937//9756 659//9756
f 2646//9757 911//9757 914//9757
f 1280//9758 1239//9758 1238//9758
f 1453//9759 1454//9759 1452//9759
f 835//9760 942//9760 1843//9760
f 1271//9761 1270//9761 1173//9761
f 1893//9762 1878//9762 1826//9762
f 1050//9763 2633//9763 1937//9763
f 2651//9764 2652//9764 814//9764
f 1006//9765 1053//9765 1281//9765
f 2653//9766 1084//9766 2654//9766
f 1001//2411 1004//9767 1003//2412
f 585//9768 997//9768 679//9768
f 2624//9769 1272//9769 621//9769
f 555//9770 678//9770 2028//9770
f 1207//9771 526//9771 1197//9771
f 1626//9772 1627//9772 478//9772
f 426//9773 389//9773 419//9773
f 1030//9774 1193//9774 1773//9774
f 3898//9775 645//9775 634//9775
f 534//9776 1533//9776 138//9776
f 1125//2427 1092//9777 1042//2428
f 333//9778 228//9778 88//9778
f 569//9779 1570//9779 561//9779
f 1489//9780 2656//9780 871//9780
f 1857//9781 2624//9781 620//9781
f 1673//9782 1674//9782 3770//9782
f 622//9783 861//9783 864//9783
f 619//9784 788//9784 891//9784
f 261//9785 544//9785 545//9785
f 393//9786 1555//9786 1556//9786
f 2658//9787 2659//9787 2647//9787
f 1075//9788 2658//9788 2657//9788
f 1081//9789 1080//9789 2658//9789
f 1080//9790 1139//9790 2659//9790
f 2644//9791 2643//2567 1141//2569
f 2660//9792 1141//9792 1140//9792
f 642//9793 2660//9793 1336//9793
f 1193//2447 2644//9794 2660//2448
f 679//9795 678//9795 555//9795
f 1503//9796 1501//9796 1500//9796
f 1318//9797 1317//9797 1101//9797
f 2661//9798 2659//9798 1139//9798
f 2661//9799 1142//9799 2663//9799
f 2662//9800 2647//9800 2659//9800
f 2662//9801 2663//9801 2622//9801
f 2664//9802 2622//9802 911//9802
f 2648//9803 2664//9803 2646//9803
f 2648//2461 2647//9804 2662//2456
f 2083//9805 2094//1241 2093//1243
f 1442//9806 1440//9806 1437//9806
f 519//9807 329//9807 330//9807
f 1885//9808 2029//9808 1209//9808
f 799//9809 800//9809 805//9809
f 1946//9810 1943//9810 1952//9810
f 1302//9811 1301//9811 1253//9811
f 566//9812 2005//9812 224//9812
f 1389//9813 940//9813 928//9813
f 683//9814 682//9814 681//9814
f 836//9815 835//9815 1842//9815
f 2665//9816 1842//9816 1845//9816
f 2666//2474 2665//9817 1303//2475
f 24//9818 836//9818 2665//9818
f 831//9819 1072//9819 2650//9819
f 1845//9820 1844//9820 1304//9820
f 2010//9821 2013//9821 2012//9821
f 1051//9822 1936//9822 2667//9822
f 1522//9823 1521//9823 1511//9823
f 531//9824 440//7932 441//7931
f 1250//9825 635//9825 2625//9825
f 2669//9826 2625//9826 1857//9826
f 783//9827 2669//9827 1856//9827
f 782//9828 1250//9828 2669//9828
f 720//9829 2670//9829 2671//9829
f 1055//9830 1931//9830 1930//9830
f 1333//9831 1067//9831 1251//9831
f 619//9832 622//9832 1308//9832
f 652//9833 655//9833 2619//9833
f 521//9834 522//9834 1539//9834
f 1838//9835 988//9835 537//9835
f 2672//9836 537//9836 536//9836
f 1113//9837 2672//9837 2641//9837
f 1113//9838 527//9838 1838//9838
f 1016//9839 1013//9839 1351//9839
f 3897//9840 573//9840 570//9840
f 226//9841 227//9841 104//9841
f 3564//9842 3669//9842 3827//9842
f 1036//9843 1037//9843 1884//9843
f 2674//9844 1301//9844 1304//9844
f 2673//9845 1304//9845 1844//9845
f 1334//9846 2673//9846 2675//9846
f 1333//9847 2674//9847 2673//9847
f 2676//9848 702//9848 1039//9848
f 1843//9849 2676//9849 2675//9849
f 942//9850 1074//9850 2676//9850
f 1074//9851 699//9851 702//9851
f 752//9852 1057//9852 1055//9852
f 1200//9853 1166//9853 656//9853
f 1120//9854 1846//9854 874//9854
f 2677//9855 874//9855 877//9855
f 1241//9856 2677//9856 1052//9856
f 1119//9857 1120//9857 2677//9857
f 1560//9858 1513//9858 151//9858
f 1208//9859 1316//9859 611//9859
f 215//9860 735//9860 736//9860
f 1460//9861 1459//9861 1462//9861
f 1208//9862 1207//9862 1839//9862
f 854//9863 856//9863 1282//9863
f 72//9864 445//9864 182//9864
f 544//9865 1563//9865 1565//9865
f 217//9866 200//9866 456//9866
f 2047//9867 1404//9867 930//9867
f 1204//9868 2618//9868 1937//9868
f 913//9869 777//9869 686//9869
f 840//9870 527//9870 1113//9870
f 1531//9871 729//9871 730//9871
f 2678//9872 778//9872 1283//9872
f 601//9873 667//9873 1914//9873
f 1537//9874 1538//9874 459//9874
f 1819//2542 1757//9875 3509//2543
f 991//9876 1860//9876 862//9876
f 2679//9877 711//9877 1073//9877
f 2680//9878 1830//9878 983//9878
f 779//9879 2680//9879 2256//9879
f 778//9880 2678//9880 2680//9880
f 2678//2550 2679//9881 1830//2551
f 180//9882 542//9882 245//9882
f 1886//9883 1132//9883 1131//9883
f 1138//9884 1137//9884 1274//9884
f 1841//2556 598//9885 1140//2557
f 75//9886 313//9886 314//9886
f 193//9887 423//9887 420//9887
f 2681//9888 2682//9888 1099//9888
f 170//9889 1567//9889 1565//9889
f 349//9890 416//9890 417//9890
f 1121//9891 1124//9891 2684//9891
f 547//9892 797//9892 409//9892
f 123//9893 122//9893 121//9893
f 2643//9894 2663//9894 1142//9894
f 1542//9895 1544//9895 513//9895
f 899//9896 900//9896 907//9896
f 1210//2572 677//9897 676//2573
f 791//9898 663//9898 982//9898
f 24//9899 27//9899 837//9899
f 893//9900 896//9900 932//9900
f 1860//9901 1320//9901 863//9901
f 535//9902 538//9902 862//9902
f 1569//9903 1548//9903 1547//9903
f 181//9904 455//9904 542//9904
f 660//9905 659//9905 937//9905
f 2013//9906 567//9906 568//9906
f 887//9907 890//9907 2631//9907
f 1524//9908 1508//9908 361//9908
f 520//9909 161//9909 162//9909
f 2653//9910 855//9910 854//9910
f 1238//9911 1237//9911 2655//9911
f 718//9912 1838//9912 527//9912
f 1492//9913 1493//9913 518//9913
f 792//9914 616//9914 615//9914
f 599//9915 846//9915 1835//9915
f 290//9916 457//9916 456//9916
f 312//9917 171//9917 1552//9917
f 1248//9918 2687//9918 1179//9918
f 153//9919 149//9919 177//9919
f 1240//9920 1181//9920 1222//9920
f 1257//9921 1292//9921 1235//9921
f 1291//9922 1084//9922 1083//9922
f 1052//9923 877//9923 1277//9923
f 743//9924 742//9924 2618//9924
f 444//9925 140//9925 430//9925
f 23//9926 1224//9926 1172//9926
f 2687//9927 2654//9927 1180//9927
f 102//9928 103//9928 409//9928
f 1283//9929 607//9929 610//9929
f 373//9930 497//9930 650//9930
f 1180//9931 2654//9931 1084//9931
f 855//9932 2653//9932 2655//9932
f 1173//9933 1270//9933 1917//9933
f 2689//9934 850//9934 853//9934
f 2688//9935 853//9935 1108//9935
f 2686//9936 2688//9936 1279//9936
f 2687//9937 2689//9937 2688//9937
f 2691//9938 1302//9938 1252//9938
f 2690//2619 1252//2618 850//9939
f 1248//9940 2690//9940 2689//9940
f 1248//9941 1247//9941 2691//9941
f 2692//9942 617//9942 24//9942
f 2691//9943 2692//9943 2666//9943
f 1247//9944 1258//9944 2692//9944
f 1258//9945 1168//9945 617//9945
f 394//9946 1554//9946 1555//9946
f 2693//9947 1260//9947 1259//9947
f 1072//9948 1236//9948 1262//9948
f 1257//9949 1071//9949 1168//9949
f 398//9950 439//9950 1555//9950
f 871//9951 1784//9951 1314//9951
f 1178//9952 1232//9952 1249//9952
f 1224//9953 1289//9953 1173//9953
f 1010//9954 2617//9954 2618//9954
f 1175//9955 1174//9955 1292//9955
f 2654//9956 2687//9956 2686//9956
f 2694//9957 1157//9957 1216//9957
f 71//9958 418//9958 1487//9958
f 701//9959 1112//9959 1111//9959
f 1072//9960 1261//9960 2649//9960
f 1085//9961 2695//9961 22//9961
f 895//9962 2694//9962 1264//9962
f 1601//9963 1606//9963 1605//9963
f 1259//9964 1262//9964 1271//9964
f 21//9965 20//9965 1220//9965
f 988//9966 991//9966 538//9966
f 598//9967 597//9967 1336//9967
f 1050//9968 860//9968 818//9968
f 1298//9969 2645//9969 1761//9969
f 1168//9970 1167//9970 618//9970
f 858//9971 1168//9971 1256//9971
f 39//9972 242//9972 516//9972
f 2652//2661 1761//9973 819//2662
f 313//9974 316//9974 315//9974
f 2026//9975 1970//9975 1971//9975
f 2656//9976 1489//9976 596//9976
f 814//9977 819//9977 818//9977
f 2696//9978 2651//9978 813//9978
f 1260//9979 2696//9979 2649//9979
f 2693//9980 2697//9980 2696//9980
f 2697//2671 1296//9981 2651//2672
f 381//9982 355//9982 390//9982
f 3818//9983 3819//9983 1611//9983
f 1475//9984 1427//8216 1428//8215
f 1292//9985 1174//9985 1917//9985
f 1551//9986 353//9986 354//9986
f 1526//9987 1525//9987 1523//9987
f 1593//9988 1589//9988 1595//9988
f 1232//9989 1269//9989 1246//9989
f 2695//9990 2693//9990 1223//9990
f 2698//9991 1297//9991 1296//9991
f 2698//9992 2697//9992 2693//9992
f 2685//9993 2698//9993 2695//9993
f 2685//9994 854//9994 1297//9994
f 562//9995 1497//9995 271//9995
f 2652//9996 2651//9996 1296//9996
f 1365//9997 1366//9997 1364//9997
f 1958//2690 1946//9998 1953//2691
f 585//9999 588//9999 2210//9999
f 1561//10000 1560//10000 1515//10000
f 975//10001 2648//10001 1146//10001
f 347//10002 67//10002 68//10002
f 1038//10003 1111//10003 636//10003
f 2700//10004 781//10004 780//10004
f 2699//10005 780//10005 1036//10005
f 2701//10006 2699//10006 1883//10006
f 851//10007 2700//10007 2699//10007
f 2674//10008 1333//10008 2251//10008
f 2702//10009 2251//10009 781//10009
f 1253//10010 2702//10010 2700//10010
f 1301//2707 2674//10011 2702//2708
f 1519//10012 387//10012 388//10012
f 1273//10013 1239//10013 1280//10013
f 2703//10014 1280//10014 1107//10014
f 2701//10015 2703//10015 852//10015
f 1829//10016 1273//10016 2703//10016
f 91//10017 260//10017 326//10017
f 1784//10018 871//10018 2656//10018
f 2683//10019 2684//10019 2705//10019
f 604//2718 1894//10020 3499//2719
f 1669//10021 3534//10021 3548//10021
f 2062//10022 2063//10022 2060//10022
f 621//2723 535//10023 861//2724
f 2023//10024 731//10024 732//10024
f 686//2727 779//10025 1263//2728
f 857//10026 1051//10026 2668//10026
f 883//10027 830//10027 882//10027
f 637//10028 636//10028 1111//10028
f 2668//10029 894//10029 893//10029
f 2667//10030 921//10030 894//10030
f 1039//10031 1038//10031 1068//10031
f 313//10032 75//10032 1504//10032
f 1911//10033 1972//10033 305//10033
f 1936//10034 2706//10034 1964//10034
f 2707//10035 2402//10035 2401//10035
f 2708//10036 2707//10036 2183//10036
f 738//2741 2163//2741 2116//2742
f 2349//10037 2348//10037 2432//10037
f 2711//10038 2712//10038 2020//10038
f 2400//10039 2711//10039 2019//10039
f 2714//10040 2715//10040 2716//10040
f 2717//10041 2718//10041 2719//10041
f 2721//10042 2722//10042 2723//10042
f 2726//10043 2727//10043 2728//10043
f 2725//10044 2728//10044 2730//10044
f 2731//10045 2725//10045 2729//10045
f 2732//10046 2726//10046 2725//10046
f 2734//10047 2735//10047 2736//10047
f 2738//10048 2739//10048 2740//10048
f 2737//10049 2740//10049 2741//10049
f 2744//10050 2745//10050 2746//10050
f 2745//10051 2744//10051 2748//10051
f 2749//10052 2750//10052 2747//10052
f 2753//10053 2749//10053 2751//10053
f 2250//10054 1380//10054 2246//10054
f 2754//10055 1396//10055 1614//10055
f 3598//10056 2754//10056 2755//10056
f 3608//10057 2745//10057 2747//10057
f 1617//10058 2756//10058 2755//10058
f 2242//2962 2758//2961 1620//10059
f 2191//10060 2085//10060 2760//10060
f 2761//10061 2759//10061 2760//10061
f 3648//10062 2759//10062 2761//10062
f 3623//3533 2191//3532 2759//10063
f 3209//10064 3248//10064 3223//10064
f 1395//10065 1394//10065 2236//10065
f 1395//10066 2235//10066 1636//10066
f 1616//10067 1635//10067 2229//10067
f 1617//10068 2234//10068 2763//10068
f 2756//10069 2763//10069 3628//10069
f 2765//10070 2763//10070 2234//10070
f 2766//10071 2764//10071 3628//10071
f 3202//10072 3199//10072 3246//10072
f 1516//10073 437//10073 435//10073
f 2768//10074 2769//10074 3552//10074
f 1495//2784 541//10075 578//2785
f 2135//4755 2136//4754 28//10076
f 3526//10077 3540//10077 2773//10077
f 1690//10078 1689//10078 3926//10078
f 2778//10079 2779//10079 2780//10079
f 2777//10080 2780//10080 2781//10080
f 2784//10081 2778//10081 2777//10081
f 3555//2795 3521//10082 575//2796
f 1494//10083 1904//10083 9//10083
f 3529//10084 2016//10084 2015//10084
f 451//10085 61//10085 505//10085
f 2786//10086 2787//10086 2788//10086
f 2779//10087 2786//10087 2785//10087
f 2789//10088 2752//10088 2741//10088
f 2790//10089 2753//10089 2752//10089
f 2792//10090 2793//10090 2794//10090
f 2793//10091 2795//10091 2796//10091
f 2796//10092 2797//10092 2750//10092
f 2794//10093 2796//10093 2749//10093
f 2798//10094 1393//10094 1396//10094
f 3591//10095 2798//10095 2754//10095
f 2798//10096 2799//10096 2800//10096
f 3591//10097 3662//10097 2799//10097
f 2797//10098 2796//10098 2795//10098
f 2791//10099 2794//10099 2753//10099
f 216//10100 233//10100 232//10100
f 3804//2816 2806//10101 2807//2817
f 3805//2819 2809//10102 2804//2820
f 2769//10103 2810//10103 3557//10103
f 183//10104 185//10104 184//10104
f 2811//2824 2812//10105 2775//2825
f 2804//10106 2811//10106 2776//10106
f 2809//10107 2813//10107 2811//10107
f 2812//10108 2811//10108 2813//10108
f 3805//2830 2808//10109 2816//2831
f 3796//10110 2818//10111 2815//10112
f 3798//10113 3800//10113 2820//10113
f 3793//10114 2823//10114 2819//10114
f 2824//10115 2736//10115 2735//10115
f 2823//10116 2825//10116 2824//10116
f 2825//10117 2823//10117 2826//10117
f 3793//10118 2822//10118 2827//10118
f 3796//2833 2817//10119 2826//10120
f 2713//10121 2716//10121 2829//10121
f 2828//10122 2829//10122 2831//10122
f 2822//10123 2821//10123 2828//10123
f 2821//10124 2820//10124 2713//10124
f 2832//10125 2827//10125 2822//10125
f 2833//10126 2832//10126 2830//10126
f 2834//10127 2835//10127 2832//10127
f 2835//2896 2818//2895 2827//10128
f 2837//10129 2838//10129 2839//10129
f 2836//10130 2839//10130 2841//10130
f 2842//10131 2836//10131 2840//10131
f 2843//10132 2837//10132 2836//10132
f 2840//10133 2841//10133 2845//10133
f 2718//10134 2844//10134 2845//10134
f 2730//10135 2728//10135 2844//10135
f 2727//10136 2840//10136 2844//10136
f 2846//10137 2845//10137 2841//10137
f 2829//10138 2846//10138 2847//10138
f 2847//10139 2841//10139 2839//10139
f 2848//10140 2839//10140 2838//10140
f 2833//10141 2848//10141 2849//10141
f 2831//10142 2847//10142 2848//10142
f 2850//10143 2814//10143 2851//10143
f 2853//10144 2850//10144 2852//10144
f 2783//10145 2777//2791 2782//2793
f 2785//10146 2788//10146 2853//10146
f 2780//10147 2785//10147 2856//10147
f 2857//10148 2858//10148 2855//10148
f 2859//2877 2857//10149 2782//2878
f 2861//10150 2843//10150 2842//10150
f 2860//10151 2842//10151 2727//10151
f 2862//10152 2860//10152 2726//10152
f 2863//10153 2861//10153 2860//10153
f 2861//10154 2863//10154 2858//10154
f 2843//10155 2861//10155 2857//10155
f 2856//2874 2853//2873 2854//10156
f 2781//2887 2856//10157 2864//2888
f 2837//10158 2843//10158 2859//10158
f 2838//10159 2837//10159 2864//10159
f 2852//10160 2851//10160 2834//10160
f 2854//10161 2852//10161 2849//10161
f 2865//10162 2815//10162 2818//10162
f 2851//10163 2865//10163 2835//10163
f 2813//10164 2809//10164 2815//10164
f 2814//10165 2813//10165 2865//10165
f 2866//10166 2812//10166 2814//10166
f 2788//10167 2866//10168 2850//10169
f 2866//10168 2788//10167 2787//10170
f 2812//10171 2866//10171 2867//10171
f 1892//10172 1889//10172 1890//10172
f 2720//10173 2719//10173 2846//10173
f 298//10174 299//1345 256//1344
f 2872//10175 2714//10175 2713//10175
f 3794//2910 3800//10176 2735//2911
f 2729//10177 2730//10177 2874//10177
f 2846//10178 2716//10178 2715//10178
f 2876//2915 2877//10179 2878//2916
f 2733//2918 2875//10180 2878//2919
f 3806//10181 3807//10181 2879//10181
f 3806//10182 2880//10182 2872//10182
f 2882//10183 2883//10183 2884//10183
f 2881//10184 2884//10184 2715//10184
f 2880//10185 2881//10185 2714//10185
f 2879//10186 2882//10186 2881//10186
f 2885//2927 2886//10187 2887//2928
f 2888//10188 2889//10188 2890//10188
f 2885//2931 2890//10189 2892//2932
f 2893//10190 2886//10190 2885//10190
f 1942//10191 2151//10191 2532//10191
f 2895//10192 2892//10192 2720//10192
f 2884//10193 2895//10193 2870//10193
f 2883//10194 2896//10194 2895//10194
f 2896//10195 2891//10195 2892//10195
f 2889//10196 2874//10196 2717//10196
f 2890//10197 2717//10197 2720//10197
f 2897//10198 2893//10198 2891//10198
f 2898//10199 2897//10199 2896//10199
f 2899//10200 2898//10200 2883//10200
f 2900//10201 2899//10201 2882//10201
f 3797//10202 2900//10202 2879//10202
f 2876//10203 2902//10203 2901//10203
f 2901//10204 2902//10204 2904//10204
f 1785//10205 2656//10205 1835//10205
f 2905//10206 2906//10206 2899//10206
f 2907//10207 2908//10207 2897//10207
f 3797//10208 2901//10208 2903//10208
f 632//10209 576//10209 577//10209
f 3532//10210 3547//10210 2867//10210
f 434//10211 385//10211 550//10211
f 2768//10212 2770//10212 3640//10212
f 2910//10213 2911//10213 1623//10213
f 2241//10214 2912//10214 2758//10214
f 3640//10215 2770//10215 2913//10215
f 1623//2964 2911//10216 2757//2965
f 3587//10217 2242//10217 2757//10217
f 2229//10218 1381//10218 1380//10218
f 2765//10219 1630//10219 1629//10219
f 2915//10220 2914//10220 1629//10220
f 3642//10221 3641//2972 2914//2974
f 3641//10222 3622//10222 2765//10222
f 2919//10223 2916//10223 3642//10223
f 2918//10224 2915//10224 2912//10224
f 3614//10225 2918//10225 2241//10225
f 3618//10226 2919//10226 3613//10226
f 3541//10227 2177//10227 2180//10227
f 3521//10228 2002//10228 2188//10228
f 3705//10229 3573//10229 714//10229
f 2925//10230 2766//10230 2917//10230
f 2924//10231 2917//10231 2916//10231
f 3610//10232 2924//10232 2919//10232
f 3611//10233 2925//10233 2924//10233
f 2926//2986 2927//10234 2766//2987
f 3658//10235 2926//10235 2925//10235
f 1715//10236 1713//10236 1705//10236
f 785//10237 497//10237 498//10237
f 1387//10238 651//10238 565//10238
f 374//1816 375//3812 1899//2992
f 3573//10239 2203//10239 2206//10239
f 2929//10240 2930//10240 2886//10240
f 2932//10241 2933//10241 2934//10241
f 1905//2996 1906//10242 1908//2997
f 2930//10243 2935//10243 2936//10243
f 2938//10244 2935//10244 2930//10244
f 1493//10245 369//10245 517//10245
f 1603//10246 1585//10246 1586//10246
f 2939//10247 2938//10247 2929//10247
f 2940//10248 2939//10248 2908//10248
f 3665//3005 1707//10249 1600//3005
f 2886//10250 2930//10250 2937//10250
f 2906//10251 2907//10251 2898//10251
f 2908//10252 2929//10252 2893//10252
f 2942//10253 2934//10253 2933//10253
f 2941//3011 2933//10254 2937//3012
f 3501//10255 2941//10255 2936//10255
f 3498//10256 2942//10256 2941//10256
f 2943//10257 2944//10257 2710//10257
f 2943//10258 2873//10258 2874//10258
f 2945//10259 2943//10259 2889//10259
f 2946//10260 2944//10260 2943//10260
f 2932//10261 2945//10261 2888//10261
f 2931//10262 2946//10262 2945//10262
f 727//10263 1928//10263 1929//10263
f 2903//10264 2904//10264 2947//10264
f 545//10265 594//10265 42//10265
f 1480//10266 1570//10266 533//10266
f 2907//10267 2906//10267 2949//10267
f 2906//10268 2905//10268 2950//10268
f 1558//10269 452//10269 215//10269
f 3799//10270 2903//10270 2948//10270
f 2054//10271 1645//10271 1644//10271
f 3705//10272 3684//10272 2203//10272
f 1828//10273 1837//10273 1849//10273
f 2953//10274 2954//10274 2955//10274
f 2952//3035 2955//10275 2957//3036
f 2956//10276 2261//9376 2258//9375
f 2953//10277 2952//10277 2258//10277
f 2454//10278 2455//10278 2474//10278
f 3747//10279 2958//10279 2959//10279
f 3747//10280 2132//10280 2131//10280
f 2961//3320 2962//3322 2963//10281
f 2958//10282 2963//10282 2964//10282
f 222//10283 221//10283 2485//10283
f 2477//10284 2226//10284 2966//10284
f 2631//10285 2561//10285 2006//10285
f 2384//10286 2454//10286 2496//10286
f 2967//10287 2968//10287 2959//10287
f 2968//10288 2967//10288 2970//10288
f 3759//10289 2033//10289 2971//10289
f 3784//10290 2971//10290 2960//10290
f 2972//10291 2971//10291 2033//10291
f 2007//10292 2377//10292 2973//10292
f 3560//10293 3559//10293 2134//10293
f 1836//10294 1833//10294 1832//10294
f 3506//3059 2188//10295 2090//3060
f 955//10296 810//10296 959//10296
f 672//10297 675//10297 674//10297
f 633//10298 710//10298 713//10298
f 2024//10299 732//10299 733//10299
f 2025//10300 2024//10300 803//10300
f 425//10301 1552//10301 1550//10301
f 2975//10302 2976//10302 888//10302
f 1319//10303 1158//10303 1157//10303
f 1212//10304 1935//10304 2977//10304
f 889//10305 957//3169 2228//3171
f 1978//10306 1974//10306 1975//10306
f 1138//10307 1078//10307 1329//10307
f 751//10308 665//10308 2979//10308
f 1619//10309 1613//10309 1625//10309
f 2252//10310 2255//10311 1728//10312
f 1157//10313 1160//10313 845//10313
f 2706//10314 1936//10314 1938//10314
f 2980//10315 2255//10315 2254//10315
f 2982//10316 2975//10316 887//10316
f 802//10317 712//10317 711//10317
f 678//10318 677//10318 2029//10318
f 527//10319 840//10319 690//10319
f 1839//10320 1207//10320 2629//10320
f 2983//3087 2984//10321 602//2540
f 2983//10322 1914//10322 1913//10322
f 2985//10323 2983//10323 1331//10323
f 2986//10324 2984//10324 2983//10324
f 2987//10325 2637//10325 2635//10325
f 2985//10326 2988//10326 2639//10326
f 2990//10327 1319//10327 1318//10327
f 2991//10328 2992//10328 2993//10328
f 2995//10329 2991//10329 2994//10329
f 1106//10330 1058//10330 2991//10330
f 1058//10331 1057//10331 2992//10331
f 1415//10332 1406//10332 1365//10332
f 1317//3099 922//10333 2217//3100
f 1932//10334 1728//10312 2255//10311
f 926//10335 2998//10335 2999//10335
f 3001//10336 2993//10336 2992//10336
f 3000//10337 2992//10337 1057//10337
f 2999//10338 3000//10338 2978//10338
f 2998//10339 3001//3104 3000//3106
f 3002//10340 2998//10340 2209//10340
f 3002//10341 3003//10341 2996//10341
f 2993//10342 3001//10342 3002//10342
f 1103//10343 1106//10343 2995//10343
f 3004//10344 2995//10344 2996//10344
f 2209//10345 2210//10345 3004//10345
f 588//10346 1103//10346 3004//10346
f 295//10347 296//10347 433//10347
f 2638//10348 2639//10348 2988//10348
f 3005//10349 2988//10349 1056//10349
f 1305//10350 3005//10350 1930//10350
f 1276//10351 2638//10351 3005//10351
f 1987//10352 1968//10352 1993//10352
f 2633//10353 1762//10353 1761//10353
f 1423//10354 1422//10354 1417//10354
f 3561//3126 3517//10355 739//3127
f 2671//10356 2670//10356 2704//10356
f 1473//10357 1872//10357 2035//10357
f 922//10358 1317//10358 2694//10358
f 1401//10359 1400//10359 1378//10359
f 556//10360 2028//10360 1884//10360
f 842//10361 848//10361 3825//10361
f 1854//10362 2706//10362 2617//10362
f 933//10363 1082//10363 1081//10363
f 1440//3140 1441//10364 1436//3141
f 529//10365 657//10365 719//10365
f 1031//10366 1025//10366 1027//10366
f 777//10367 913//10367 912//10367
f 2645//10368 1205//10368 1204//10368
f 441//10369 438//10369 1538//10369
f 790//10370 1287//10370 587//10370
f 2065//10371 2066//10371 1610//10371
f 1860//10372 991//10372 990//10372
f 60//10373 106//10373 87//10373
f 1424//10374 1017//10374 1948//10374
f 332//10375 1527//10375 1507//10375
f 261//10376 262//2426 138//2425
f 187//10377 188//10377 449//10377
f 1719//10378 1720//10378 1726//10378
f 1931//10379 1055//10379 1059//10379
f 3006//3158 1059//10380 1105//3159
f 1287//10381 3006//10381 1104//10381
f 1286//10382 1931//10382 3006//10382
f 3007//10383 3008//10383 3009//10383
f 3009//10384 3008//10384 653//10384
f 618//10385 999//10385 26//10385
f 2029//10386 677//10386 1210//10386
f 957//10387 601//10387 600//10387
f 1049//10388 2146//10389 2228//10390
f 2631//10391 890//10391 3011//10391
f 890//10392 889//10392 2227//10392
f 3011//10393 2227//10393 2145//10393
f 2561//10394 3011//10394 3012//10394
f 1026//10395 656//10395 609//10395
f 2706//10396 1854//10396 1961//10396
f 3013//10397 2965//10397 2485//10397
f 2148//10398 2147//10398 1267//10398
f 3015//10399 1267//10399 1266//10399
f 2997//10400 2264//10400 1101//10400
f 642//10401 641//10401 1773//10401
f 186//10402 477//10402 461//10402
f 1041//10403 1040//10403 1320//10403
f 1121//10404 3016//3215 3017//3217
f 2984//10405 2986//10405 2987//10405
f 3018//10406 2987//10406 2634//10406
f 1048//10407 603//10407 3018//10407
f 603//10408 602//10408 2984//10408
f 2679//10409 2678//10409 801//10409
f 2062//10410 2072//10410 2074//10410
f 2061//10411 2074//10411 2076//10411
f 414//10412 303//10412 1545//10412
f 3016//10413 1121//10413 2683//10413
f 3019//10414 2683//10414 2704//10414
f 3020//10415 3019//10415 2670//10415
f 3007//10416 3016//10416 3019//10416
f 1871//10417 1090//10417 1091//10417
f 3021//10418 1787//10418 1122//10418
f 3022//10419 3021//10419 3017//10419
f 1314//10420 3021//10420 3022//10420
f 1784//3205 1787//10421 3021//3206
f 1316//10422 1315//10422 1763//10422
f 3023//10423 3022//10423 3010//10423
f 3023//10424 3009//10424 795//10424
f 1763//3211 3023//10425 1092//3212
f 1315//10426 3022//10426 3023//10426
f 3016//10427 3007//3163 3010//3165
f 752//10428 751//10428 2978//10428
f 2986//10429 2639//10429 2637//10429
f 3024//10430 654//10430 653//10430
f 3020//10431 3024//10431 3008//10431
f 720//10432 723//10432 3024//10432
f 723//10433 2621//10433 654//10433
f 2681//10434 1098//10434 1268//10434
f 2671//10435 3025//10435 1268//10435
f 2705//10436 2681//10436 3025//10436
f 1313//3227 3026//10437 3027//3228
f 3026//10438 3028//10438 3029//10438
f 3027//10439 3029//10439 3030//10439
f 1311//10440 3027//10440 3031//10440
f 2012//10441 568//10441 731//10441
f 917//10442 2657//10442 974//10442
f 743//10443 1206//10443 856//10443
f 1888//10444 2027//10444 2030//10444
f 2682//3237 2705//10445 2684//3238
f 3032//10446 2684//10446 1124//10446
f 1100//10447 3032//10447 2989//10447
f 1099//10448 2682//10448 3032//10448
f 1123//10449 2990//10449 2989//10449
f 3033//10450 1834//10450 1159//10450
f 2990//10451 3033//10451 1158//10451
f 1123//10452 1786//10452 3033//10452
f 1786//10453 1785//10453 1834//10453
f 1054//10454 1056//10454 2988//10454
f 2979//10455 665//10455 664//10455
f 2623//10456 2622//10456 2663//10456
f 1095//10457 660//10457 688//10457
f 3034//10458 3035//10458 2261//10458
f 3036//10459 3034//10459 2956//10459
f 3037//3256 3038//3259 3034//3257
f 3038//10460 3039//10460 3035//10460
f 3040//10461 3041//10461 3026//10461
f 2263//3262 3042//10462 3041//3263
f 3042//3265 3039//10463 3043//3266
f 3041//10464 3043//10464 3028//10464
f 3044//10465 3045//10465 3043//10465
f 3046//10466 3047//10467 3045//10468
f 3047//10469 3048//10469 3049//10469
f 3043//10470 3045//10470 3049//10470
f 3038//10471 3037//10471 3051//10471
f 3050//10472 3051//10472 3053//10472
f 3052//10473 3046//10474 3044//10475
f 3039//10476 3038//10476 3050//10476
f 3054//10477 3035//10477 3039//10477
f 3042//10478 2263//10478 2262//10478
f 2261//10479 3035//10479 3054//10479
f 2216//10480 2263//10480 2997//10480
f 2212//3283 2211//10481 2667//3284
f 3056//10482 868//10482 2209//10482
f 934//10483 3057//10483 1961//10483
f 2013//10484 3755//10484 3757//10484
f 3058//10485 3059//3593 3060//10486
f 3059//10487 3062//10487 3063//10487
f 3060//3291 3063//10488 2213//3292
f 3061//10489 3060//10489 1963//10489
f 3063//10490 3064//10490 2214//10490
f 3062//10491 3065//10491 3064//10491
f 3065//10492 2257//10492 2260//10492
f 3064//3299 2260//3298 2215//10493
f 3066//10494 3067//10494 3031//10494
f 2608//10495 2966//10495 3067//10495
f 2966//10496 2562//10496 3068//10496
f 3031//10497 3067//10497 3068//10497
f 2455//10498 2458//10498 2461//10498
f 2476//10499 2223//10499 2226//10499
f 3551//10500 2090//10500 2089//10500
f 3526//10501 2774//10501 3769//10501
f 433//10502 354//10502 355//10502
f 2115//10503 1423//10503 1419//10503
f 3509//10504 2868//10504 2922//10504
f 3769//10505 3737//10505 2131//10505
f 3069//10506 2611//10506 2167//10506
f 2971//10507 2972//10507 2928//10507
f 2961//10508 2774//10508 2773//10508
f 3070//10509 2475//10509 2478//10509
f 2610//9666 2609//9665 3071//10510
f 2502//10511 2371//10511 2374//10511
f 3072//10512 2592//10512 2595//10512
f 2964//10513 3046//10474 3052//10473
f 3048//10514 2593//10514 3074//10514
f 2593//10515 2592//10515 3075//10515
f 3075//10516 3030//10516 3029//10516
f 3074//10517 3029//10517 3028//10517
f 3072//10518 3076//10518 3075//10518
f 3076//3333 3072//10519 2482//3334
f 2481//10520 2608//10520 3066//10520
f 3076//10521 3066//10521 3030//10521
f 2967//10522 3052//10522 3053//10522
f 2482//10523 3072//10523 3073//10523
f 479//10524 480//10524 493//10524
f 706//879 3900//10525 3873//3343
f 3561//10526 2194//10526 2221//10526
f 2013//10527 2010//10527 3754//10527
f 3533//10528 2032//10528 2016//10528
f 3562//10529 3519//10529 2222//10529
f 1171//10530 1154//10530 1155//10530
f 2586//10531 2566//9625 2565//9624
f 2982//10532 110//10532 113//10532
f 2562//10533 2376//10533 3077//10533
f 2376//3356 2375//10534 3012//3357
f 3012//10535 2145//10535 2148//10535
f 3077//3361 2148//3360 3015//10536
f 2963//10537 3047//10467 3046//10466
f 3051//10538 3078//10538 2970//10538
f 1683//10539 2173//10539 491//10539
f 3850//10540 2122//10540 1447//10540
f 1986//10541 2181//10541 3734//10541
f 3079//10542 3080//10542 2546//10542
f 3081//10543 3079//10543 2575//10543
f 1983//10544 1986//10544 3768//10544
f 3082//10545 2323//10545 2319//10545
f 3080//10546 3082//10546 2545//10546
f 3734//10547 3732//10547 3082//10547
f 3732//10548 3748//1959 2323//1961
f 1309//10549 1471//10549 1888//10549
f 3073//10550 2595//10550 2772//10550
f 2760//10551 3083//10551 3084//10551
f 2760//10552 2085//10552 2088//10552
f 3085//10553 3084//10553 3086//10553
f 3089//10554 3085//10554 3090//10554
f 3089//10555 2762//10555 3084//10555
f 3092//10556 3088//10556 3090//10556
f 3093//10557 2748//10557 2744//10557
f 2751//10558 2747//10558 2748//10558
f 3093//10559 2741//10559 2752//10559
f 2742//10560 2741//10560 3093//10560
f 3094//10561 3093//10561 2743//10561
f 3096//10562 3097//10562 3098//10562
f 3099//10563 3096//10563 3087//10563
f 3097//10564 3094//10564 3095//10564
f 3100//10565 2743//10565 2746//10565
f 3101//10566 2927//10566 3102//10566
f 2764//10567 2766//10567 2927//10567
f 2745//10568 2764//10568 3101//10568
f 3102//3400 3092//3402 3091//10569
f 3100//10570 3091//10570 3095//10570
f 2869//10571 2802//3502 3592//3504
f 3102//10572 3103//10572 3104//10572
f 3658//10573 2868//10573 2869//10573
f 2927//10574 2926//10574 3103//10574
f 3098//10575 3095//10575 3091//10575
f 3087//10576 3098//10576 3090//10576
f 2088//10577 2125//10577 3105//10577
f 3083//10578 3105//10578 3086//10578
f 2483//10579 3073//10579 2771//10579
f 2401//10580 2186//10580 2185//10580
f 3099//10581 3086//10581 3105//10581
f 2125//10582 2207//10582 3106//10582
f 3108//10583 2737//10583 2742//10583
f 3107//10584 2742//10584 3094//10584
f 3110//10585 3108//10585 3107//10585
f 3109//10586 3107//3414 3097//3416
f 3111//10587 3109//10587 3096//10587
f 3112//3420 3110//10588 3109//3421
f 3113//10589 2738//10589 2737//10589
f 3115//10590 2723//10590 2722//10590
f 3117//3425 3115//10591 3114//3425
f 3119//10592 3117//10592 3116//10592
f 3118//10593 3116//10593 3120//10593
f 3116//10594 3114//10594 3113//10594
f 3122//10595 3112//10595 3111//10595
f 3122//3430 3123//3432 1755//10596
f 3124//10597 3125//10597 3126//10597
f 3125//10598 3118//10598 3121//10598
f 3128//10599 3119//10599 3118//10599
f 3129//3443 3128//3438 3125//3440
f 2020//10600 2712//10600 3128//10600
f 3853//10601 3857//10601 1346//10601
f 1065//10602 1046//10602 1047//10602
f 1814//3446 3838//10603 3830//3447
f 2021//10604 2020//10604 3129//10604
f 3111//10605 3099//10605 3106//10605
f 3123//10606 3106//10606 2207//10606
f 2377//3452 2225//10607 2224//3453
f 3014//10608 2485//10608 113//10608
f 1756//10609 2208//10609 3782//10609
f 3131//3458 3132//10610 2530//3459
f 3133//10611 3131//10611 2528//10611
f 1753//10612 1756//3456 3767//3456
f 3134//3463 3124//10613 3127//3464
f 2327//10614 2408//10614 2314//10614
f 2436//9605 2318//9604 2317//10615
f 2018//10616 2021//10616 3711//10616
f 2534//10617 3136//10617 3137//10617
f 2320//3470 2322//4694 3136//3471
f 2185//10618 2018//10618 3712//10618
f 3138//10619 3139//10619 2542//10619
f 3134//3463 3135//3465 3744//4647
f 3785//10620 3130//10620 3134//10620
f 3140//10621 3138//10621 2539//10621
f 2535//10622 3137//10622 3140//10622
f 3711//10623 2021//10623 3130//10623
f 2558//10624 2530//10624 3132//10624
f 3782//3483 3760//10625 3141//3484
f 2560//10626 2558//10626 3141//10626
f 3760//10627 3777//10627 3142//10627
f 958//10628 888//10628 2976//10628
f 1933//10629 1932//10629 2980//10629
f 2399//10630 2424//10630 2418//10630
f 2348//10631 2342//10631 2343//10631
f 2322//10632 2320//10632 2319//10632
f 2718//10633 2717//10633 2874//10633
f 2709//10634 2729//10634 2873//10634
f 2894//10635 2871//10635 1361//10635
f 346//10636 289//10636 176//10636
f 1876//10637 1877//10637 1882//10637
f 2802//10638 2803//3513 3607//3515
f 3104//10639 3144//10639 3088//10639
f 2974//3506 2222//10640 3649//3507
f 3089//3509 3145//10641 2761//3510
f 3088//10642 3144//10642 3145//10642
f 2803//10643 2974//10643 3603//10643
f 3870//10644 3909//10644 692//10644
f 2123//10645 1419//10645 1418//10645
f 1365//10646 1363//10646 1368//10646
f 1581//10647 1766//10647 1782//10647
f 3569//10648 2202//10648 2129//10648
f 3555//3521 2003//10649 2002//3522
f 3146//10650 2585//10650 2551//10650
f 3751//10651 3146//10651 3147//10651
f 3742//10652 3149//10652 3146//10652
f 3149//3527 2584//10653 2585//3528
f 3196//10654 3198//10654 3197//10654
f 3604//10655 2192//10655 2191//10655
f 3142//10656 3150//10656 2556//10656
f 3777//10657 3778//10657 3150//10657
f 3646//10658 3152//10658 2550//10658
f 3150//3537 3151//10659 2555//3538
f 3778//10660 3780//10660 3151//10660
f 3788//10661 3781//10661 3152//10661
f 3153//10662 3147//10662 2551//10662
f 3152//10663 3153//10663 2549//10663
f 3781//10664 3776//10664 3153//10664
f 3776//10665 3750//10665 3147//10665
f 3148//10666 2767//10666 2206//10666
f 2183//10667 2401//10667 2321//10667
f 2132//10668 2960//10668 2928//10668
f 3684//10669 3685//10669 2204//10669
f 3719//3552 2198//10670 2197//3553
f 2594//10671 2962//10671 2773//10671
f 2595//10672 2594//10672 2951//10672
f 1870//10673 798//10673 799//10673
f 3713//10674 2179//10674 2178//10674
f 3706//10675 2178//10675 3736//10675
f 336//10676 3154//10676 3774//10676
f 339//10677 3155//10677 3154//10677
f 3789//10678 3683//10678 3149//10678
f 3683//10679 3697//10679 2584//10679
f 2963//10680 2962//10681 3048//10682
f 3722//3565 3730//10683 337//3566
f 339//10684 338//10684 2566//10684
f 3156//10685 3157//10685 2168//10685
f 2610//3570 3156//10686 2167//3571
f 2954//10687 2953//10687 3156//10687
f 3157//3574 3156//10688 2953//3574
f 3707//10689 2166//10689 2169//10689
f 2567//10690 3158//10690 3159//10690
f 337//3578 3158//10691 2567//3579
f 3730//10692 3069//3316 2166//3318
f 3764//10693 2190//10693 1983//10693
f 2579//10694 3160//10694 3081//10694
f 2568//10695 3159//10695 3160//10695
f 3709//10696 2169//10696 2190//10696
f 3065//10697 3062//10697 3162//10697
f 3161//10698 3162//10698 1984//10698
f 3157//10699 3161//10699 2189//10699
f 2257//10700 3065//10700 3161//10700
f 734//10701 735//10701 1922//10701
f 3059//3593 3058//10485 2708//3594
f 3163//10702 2708//10702 2182//10702
f 3162//10703 3163//10703 1985//10703
f 3062//10704 3059//10704 3163//10704
f 3203//10705 3206//10705 3205//10705
f 2122//10706 2119//10706 1448//10706
f 3817//1913 1686//1912 1685//10707
f 139//10708 140//10708 444//10708
f 1570//10709 569//10709 566//10709
f 2957//10710 3164//10710 3165//10710
f 2955//10711 3166//10711 3164//10711
f 1912//10712 454//10712 341//10712
f 3130//10713 3129//10713 3124//10713
f 1548//10714 322//10714 319//10714
f 1949//10715 1950//10715 1327//10715
f 2969//10716 2970//10716 3078//10716
f 3167//10717 3078//10717 3169//10717
f 3724//10718 2014//10718 2017//10718
f 3720//10719 2017//10719 2033//10719
f 3168//10720 3169//10720 3165//10720
f 3170//10721 3165//10721 3164//10721
f 3779//10722 3170//10722 3171//10722
f 3724//10723 3168//10723 3170//10723
f 3171//10724 3164//10724 3166//10724
f 3172//3628 3166//3627 3071//10725
f 3752//10726 3172//10726 3173//10726
f 3756//10727 3171//10727 3172//10727
f 3169//10728 3037//10728 3036//10728
f 2593//10729 3048//10682 2962//10681
f 3173//10730 3071//10510 2609//9665
f 3174//3635 2609//2292 2199//2294
f 3783//10731 3174//3636 2198//3638
f 3749//10732 3173//10732 3174//10732
f 2190//10733 2189//10733 1984//10733
f 2196//10734 2195//10734 2767//10734
f 2119//10735 2120//10735 1414//10735
f 1464//10736 1463//10736 1466//10736
f 2199//10737 2611//10737 3069//10737
f 2457//10738 2456//10738 2587//10738
f 2226//10739 2225//10739 2562//10739
f 481//10740 478//10740 1627//10740
f 333//10741 1512//10741 235//10741
f 3078//10742 3051//10742 3037//10742
f 3040//3653 2264//10743 2997//3654
f 2219//10744 1934//10744 1933//10744
f 2385//10745 2384//10745 2497//10745
f 221//10746 2220//10746 3175//10746
f 2220//3659 1933//10747 3143//3660
f 3175//10748 3143//10748 2976//10748
f 2484//10749 3175//10749 2975//10749
f 2954//3664 3071//10750 3166//3665
f 2630//10751 1858//10751 110//10751
f 1547//10752 319//10752 1952//10752
f 2091//10753 2090//10753 2188//10753
f 3733//10754 3736//10754 2178//10754
f 1918//10755 1919//10755 1927//10755
f 3563//10756 112//10756 111//10756
f 955//10757 956//10757 960//10757
f 2037//3674 3014//10758 112//3675
f 3143//10759 2980//10759 2981//10759
f 2218//10760 2211//10760 2214//10760
f 672//10761 3877//10761 3787//10761
f 2152//4095 3013//4094 3014//10762
f 1147//10763 1144//10763 1143//10763
f 2248//10764 2246//10764 1409//10764
f 1615//10765 1636//10765 1635//10765
f 1410//10766 1409//10766 2246//10766
f 3241//10767 3243//10767 3242//10767
f 1382//10768 3176//10768 3177//10768
f 3177//10769 1410//10769 2247//10769
f 2247//10770 1383//10770 3177//10770
f 3176//10771 2238//10771 2230//10771
f 1410//10772 3177//10772 3179//10772
f 3179//10773 3180//10773 2243//10773
f 1633//10774 3181//10774 2800//10774
f 1621//10775 1620//10775 2758//10775
f 1622//10776 1621//10776 2245//10776
f 2236//10777 1394//10777 3181//10777
f 2237//10778 2236//10778 3182//10778
f 2250//10779 1631//10779 2233//10779
f 2912//10780 1629//10780 1628//10780
f 135//10781 136//10781 1564//10781
f 1567//10782 419//10782 512//10782
f 1085//10783 1084//10783 2653//10783
f 3184//10784 869//10784 868//10784
f 869//10785 3184//10785 3057//10785
f 1266//3703 1268//10786 1098//3704
f 1267//10787 2147//10787 722//10787
f 937//10788 1146//10788 2646//10788
f 2146//10389 1049//10388 722//10789
f 2211//10790 2218//10790 921//10790
f 1957//10791 510//10791 507//10791
f 1313//10792 1312//10792 2264//10792
f 1496//10793 362//10793 1493//10793
f 2887//10794 2937//10794 2933//10794
f 1687//10795 1688//10795 1659//10795
f 145//10796 1499//10796 1498//10796
f 37//10797 38//10797 418//10797
f 1935//10798 1934//10798 3185//10798
f 104//10799 89//10799 301//10799
f 2101//10800 2098//10800 2083//10800
f 543//10801 298//10801 360//10801
f 1934//10802 2219//10802 3186//10802
f 234//10803 1521//10803 212//10803
f 3845//10804 3821//10804 1822//10804
f 1976//10805 1875//10805 1874//10805
f 223//10806 3186//10806 2219//10806
f 3655//10807 3656//10807 3605//10807
f 2165//10808 2164//10808 467//10808
f 467//10809 468//10809 2165//10809
f 773//10810 476//10810 2165//10810
f 1935//10811 1212//10811 1728//10811
f 3240//10812 3225//10812 3226//10812
f 3261//10813 3249//10813 3250//10813
f 3215//10814 3216//10814 3244//10814
f 3265//10815 3221//10815 3215//10815
f 3267//10816 3245//10816 3198//10816
f 3205//10817 3206//10817 3269//10817
f 3214//10818 3211//10818 3265//10818
f 3271//10819 3213//10819 3214//10819
f 3251//10820 3252//10820 3239//10820
f 3222//10821 3221//10821 3266//10821
f 3232//10822 3235//10822 3234//10822
f 3216//10823 3242//10823 3243//10823
f 3196//10824 3193//10824 3268//10824
f 3244//10825 3243//10825 3254//10825
f 3238//10826 3239//10826 3247//10826
f 3264//10827 3244//10827 3255//10827
f 3253//10828 3242//10828 3216//10828
f 3211//10829 3266//10829 3221//10829
f 3257//10830 3217//10830 3218//10830
f 3258//10831 3222//10831 3272//10831
f 3274//10832 3275//10832 3280//10832
f 3228//10833 3229//10833 3262//10833
f 3275//3777 3231//3779 3281//10834
f 3226//10835 3227//10835 3273//10835
f 3236//10836 3263//10836 3260//10836
f 3281//10837 3263//10837 3236//10837
f 3287//10838 3271//10838 3192//10838
f 3235//10839 3226//10839 3280//10839
f 3234//3759 3280//10840 3281//3760
f 3288//10841 3290//10841 3259//10841
f 3260//10842 3250//10842 3276//10842
f 3289//10843 3212//10843 3278//10843
f 3210//10844 3209//10844 3224//10844
f 3199//10845 3202//10845 3201//10845
f 3228//3786 3231//3788 3230//10846
f 3290//10847 3288//10847 3285//10847
f 3282//10848 3279//10848 3271//10848
f 3260//10849 3263//10849 3262//10849
f 3243//10850 3241//10850 3268//10850
f 3267//10851 3268//10851 3241//10851
f 3194//10852 3207//10852 3208//10852
f 3191//10853 3270//10853 3269//10853
f 3270//10854 3191//10854 3192//10854
f 3275//10855 3274//10855 3230//10855
f 3264//10856 3269//10856 3270//10856
f 3252//10857 3251//3764 3276//3764
f 3248//10858 3252//10858 3291//10858
f 3213//10859 3271//10859 3279//10859
f 3272//10860 3266//10860 3289//10860
f 3277//10861 3278//10861 3212//10861
f 3228//10862 3263//10862 3281//10862
f 3220//10863 3225//10863 3253//10863
f 3219//10864 3253//10864 3217//10864
f 3256//10865 3218//10865 3222//10865
f 3247//10866 3239//10866 3252//10866
f 3245//10867 3267//10867 3232//10867
f 3266//10868 3211//10868 3212//10868
f 3208//10869 3205//10869 3255//10869
f 3288//10870 3289//10870 3284//10870
f 3204//10871 3205//10871 3208//10871
f 560//10872 1899//10872 3187//10872
f 3209//10873 3210//10873 3201//10873
f 3189//10874 3192//10874 3191//10874
f 448//3938 1980//3938 807//3940
f 647//10875 648//10875 122//10875
f 1833//10876 1848//10876 1780//10876
f 510//10877 509//10877 508//10877
f 3210//10878 1949//3613 1887//3615
f 1887//10879 15//10879 3200//10879
f 15//10880 16//10880 3197//10880
f 16//10881 3188//10881 3195//10881
f 3195//10882 3188//10882 3187//10882
f 3194//10883 3187//10883 1899//10883
f 3207//3811 1899//2992 375//3812
f 387//10884 173//10884 126//10884
f 3189//3815 1791//10885 1760//3816
f 3577//10886 763//10886 757//10886
f 763//10887 3577//10887 2172//10887
f 3583//10888 3582//10888 3580//10888
f 3581//10889 3580//10890 3579//10891
f 3594//10892 3597//10892 3596//10892
f 3400//10893 3601//10893 3602//10893
f 3626//10894 3624//10894 3625//10894
f 3631//10895 3635//10895 3599//10895
f 3636//10896 3637//10896 3595//10896
f 3647//10897 3584//10897 3588//10897
f 3650//10898 3582//10898 3584//10898
f 3653//10899 3579//10891 3580//10890
f 3653//10900 2176//10900 3654//10900
f 1801//10901 1864//10901 3656//10901
f 3651//10902 3580//10902 3582//10902
f 3644//10903 3638//10903 3595//10903
f 1767//10904 1768//10904 3659//10904
f 1597//10905 3663//10905 3661//10905
f 1708//10906 1707//10906 3665//10906
f 3671//10907 3668//10907 3667//10907
f 3666//10908 3667//10908 3673//10908
f 1588//10909 1708//10909 3664//10909
f 2080//10910 3671//10910 3666//10910
f 2082//10911 3666//10911 3672//10911
f 3674//10912 3677//10912 3635//10912
f 3677//10913 3678//10913 3636//10913
f 3682//10914 3647//10914 3645//10914
f 3692//10915 3651//10915 3650//10915
f 3681//3850 3645//3864 3644//3851
f 786//10916 3694//10916 3692//10916
f 3694//10917 3653//10917 3651//10917
f 785//10918 3692//10918 3686//10918
f 497//10919 3686//10919 3682//10919
f 650//10920 3682//10920 3681//10920
f 3696//10921 564//10921 3681//10921
f 3405//10922 3606//10922 3605//10922
f 3702//3860 3699//10923 3678//3861
f 3699//10924 3698//10924 3679//10924
f 3645//10925 3588//10925 3638//10925
f 1799//10926 3657//10926 3659//10926
f 3708//10927 3704//10927 3458//10927
f 3462//10928 3710//10928 3708//10928
f 3714//10929 463//10929 564//10929
f 3615//10930 3606//10930 3602//10930
f 3710//10931 3714//10932 3696//10933
f 3635//3847 3636//3846 3596//10934
f 3629//10935 3626//10935 3627//10935
f 3597//10936 3600//10936 3599//10936
f 3630//10937 3716//3879 3715//3881
f 3627//10938 3625//10938 3597//10938
f 3717//10939 3716//10939 3723//10939
f 3715//10940 3663//10940 3660//10940
f 3716//10941 3717//10941 3725//10941
f 3668//10942 3665//10942 3661//10942
f 3668//10943 3725//10943 3717//10943
f 3667//10944 3717//10944 3718//10944
f 3727//10945 3728//10945 3673//10945
f 3728//10946 1576//10946 3672//10946
f 3726//10947 3727//10947 3718//10947
f 1576//1537 2101//1536 2084//10948
f 3727//10949 3726//10949 3731//10949
f 3203//3890 376//10950 1387//3891
f 3190//10951 1387//10951 1791//10951
f 3283//10952 2152//10952 1949//10952
f 317//10953 240//10953 259//10953
f 2000//10954 2176//10954 3653//10954
f 3601//10955 3599//10955 3600//10955
f 3589//10956 3588//10956 3584//10956
f 3577//10957 758//10957 756//10957
f 3585//10958 3584//10958 3582//10958
f 3678//10959 3679//10959 3637//10959
f 3204//10960 375//10960 376//10960
f 1801//10961 3655//10961 3657//10961
f 3729//10962 3735//10962 3728//10962
f 1575//10963 3735//3965 3738//10964
f 3735//10965 1575//10965 1576//10965
f 1776//10966 1795//10966 1796//10966
f 1293//10967 1294//10967 1290//10967
f 1326//10968 14//10968 1327//10968
f 1294//10969 1245//10969 1234//10969
f 878//10970 1244//10970 1330//10970
f 497//10971 373//10971 374//10971
f 122//10972 648//10972 413//10972
f 3699//10973 3702//10973 3704//10973
f 3606//10974 3405//10974 3401//10974
f 3708//10975 3710//10975 3698//10975
f 3464//10976 3714//10932 3710//10931
f 3704//3961 3674//3960 3443//10977
f 439//10978 398//10978 399//10978
f 1512//10979 1528//10979 1526//10979
f 1668//10980 1741//10980 1738//10980
f 839//10981 849//10981 1362//10981
f 1362//1810 1357//1809 826//10982
f 3843//3928 740//10983 1896//3929
f 2053//1526 2054//1525 2118//3031
f 3888//10984 3887//10984 2120//10984
f 696//10985 697//10985 3816//10985
f 1826//10986 1878//8747 639//8746
f 3740//10987 3739//10987 3729//10987
f 956//10988 885//10988 886//10988
f 1980//10989 806//10989 1922//10989
f 33//3941 34//10990 105//3942
f 1343//10991 1344//10991 3856//10991
f 3907//10992 2127//10992 2128//10992
f 1766//10993 1581//10993 1582//10993
f 14//10994 1326//10994 2163//10994
f 595//10995 98//10995 99//10995
f 3233//10996 3238//10996 3246//10996
f 1346//10997 1035//10997 1044//10997
f 748//3377 1888//3376 1425//10998
f 3193//10999 3208//10999 3254//10999
f 3190//11000 3191//11000 3206//11000
f 3612//11001 3605//11001 3606//11001
f 3624//11002 3612//11002 3615//11002
f 3631//11003 3415//11003 3443//11003
f 3679//11004 3680//11004 3644//11004
f 3686//11005 3650//3828 3647//3830
f 3702//11006 3677//11006 3674//11006
f 3625//11007 3615//11007 3600//11007
f 3601//11008 3400//11008 3415//11008
f 3739//3964 3738//10964 3735//3965
f 3630//11009 3627//11009 3594//11009
f 3741//11010 3723//11010 3716//11010
f 1284//11011 1290//11011 1288//11011
f 3698//11012 3696//11012 3680//11012
f 1778//3971 1781//11013 1780//3971
f 1792//11014 1759//11014 1584//11014
f 695//11015 570//11015 571//11015
f 3638//11016 3741//11016 3594//11016
f 3741//11017 3638//11017 3588//11017
f 3247//11018 3248//11018 3209//11018
f 3292//11019 3293//11019 3294//11019
f 3296//11020 3297//11020 3298//11020
f 3299//11021 3298//11021 3300//11021
f 3302//11022 3303//11022 3304//11022
f 3306//11023 3307//11023 3308//11023
f 3307//11024 3310//11024 3311//11024
f 3303//11025 3302//11025 3301//11025
f 3312//11026 3305//11026 3304//11026
f 3314//11027 3315//11027 3316//11027
f 3318//11028 3319//11028 3320//11028
f 3324//3988 3318//11029 3321//3989
f 3326//11030 3327//11030 3328//11030
f 3329//11031 3330//11031 3331//11031
f 3333//11032 3334//11032 3335//11032
f 3337//11033 3338//11033 3339//11033
f 3333//11034 3336//11034 3341//11034
f 3342//11035 3341//11035 3343//11035
f 3319//11036 3345//11036 3344//11036
f 3338//11037 3335//11037 3334//11037
f 3346//11038 3301//11038 3302//11038
f 3305//11039 3348//11039 3347//11039
f 3312//11040 3224//11040 3223//11040
f 3350//11041 3337//11041 3340//11041
f 3312//4003 3349//11042 3348//4004
f 3352//11043 3343//11043 3341//11043
f 3311//11044 3353//11044 3354//11044
f 3341//11045 3336//11045 3327//11045
f 3359//11046 3360//11046 3361//11046
f 3360//11047 3359//11047 3250//11047
f 3318//11048 3363//11048 3345//11048
f 3364//4012 3363//11049 3318//4013
f 3314//11050 3364//11050 3324//11050
f 3366//11051 3299//11051 3301//11051
f 3299//11052 3366//11052 3367//11052
f 3308//4018 3354//11053 3368//4019
f 3369//11054 3317//11054 3295//11054
f 3317//11055 3369//11055 3364//11055
f 3370//11056 3295//11056 3317//11056
f 3325//11057 3371//11057 3365//11057
f 3352//4048 3320//4047 3319//11058
f 3296//11059 3367//11059 3353//11059
f 3297//11060 3296//11060 3311//11060
f 3363//11061 3368//11061 3354//11061
f 3345//11062 3354//11062 3353//11062
f 3344//11063 3353//11063 3367//11063
f 3366//11064 3333//11064 3342//11064
f 3347//11065 3339//11065 3334//11065
f 3339//11066 3347//11066 3348//11066
f 3348//11067 3349//11068 3351//11069
f 3363//11070 3364//11070 3369//11070
f 3294//11071 3309//11071 3368//11071
f 3293//4037 3306//11072 3309//4038
f 3331//11073 3373//11073 3374//11073
f 3346//11074 3334//11074 3333//11074
f 3323//11075 3322//11075 3352//11075
f 3356//11076 3355//11076 3321//11076
f 3355//11077 3357//11077 3325//11077
f 3357//11078 3358//11078 3371//11078
f 3322//11079 3356//11079 3320//11079
f 3361//11080 3330//11080 3329//11080
f 3373//11081 3372//11081 3375//11081
f 3374//4052 3375//4051 3376//11082
f 3329//4054 3332//11083 3376//4055
f 3327//4060 3375//4059 3372//11084
f 3336//4058 3335//11085 3375//4059
f 3335//11086 3338//11086 3376//11086
f 3376//11087 3338//11087 3337//11087
f 3337//11088 3350//11088 3359//11088
f 3359//11089 3350//11089 3276//11089
f 3377//11090 3292//11090 3295//11090
f 3277//11091 3316//11091 3315//11091
f 3371//11092 3378//11092 3379//11092
f 3378//11093 3371//11093 3358//11093
f 3365//11094 3379//11094 3315//11094
f 3316//11095 3277//11095 3279//11095
f 3282//4071 3377//11096 3370//4071
f 3313//11097 3283//11097 3224//11097
f 3378//11098 3285//11098 3284//11098
f 3380//11099 3286//11099 3285//11099
f 3379//11100 3284//11100 3278//11100
f 3276//11101 3350//11101 3351//11101
f 3291//11102 3351//11069 3349//11068
f 3313//11103 3304//11103 2965//11103
f 2965//11104 3304//11104 3303//11104
f 222//11105 3303//11105 3300//11105
f 223//4082 3300//11106 3298//4083
f 3298//11107 3297//11107 3185//11107
f 3297//11108 3310//11108 2977//11108
f 3310//11109 3307//11109 1213//11109
f 3307//11110 3306//11110 1214//11110
f 2532//11111 1214//11111 3306//11111
f 2894//11112 2532//11112 3293//11112
f 2871//11113 2894//11113 3292//11113
f 3253//11114 3225//11114 3240//11114
f 3283//11115 3313//11115 3013//11115
f 1997//11116 1996//11116 1889//11116
f 1237//11117 745//11117 744//11117
f 1535//4098 1534//11118 120//4099
f 1531//11119 1532//11119 201//11119
f 1119//11120 1241//11120 1032//11120
f 946//237 948//236 824//11121
f 163//11122 8//11122 5//11122
f 3589//11123 3726//11123 3723//11123
f 1155//11124 1156//11124 1162//11124
f 427//11125 213//11125 327//11125
f 553//11126 1902//11126 796//11126
f 3381//11127 2232//11127 2231//11127
f 3381//11128 3178//11128 2230//11128
f 2237//11129 3183//11129 3180//11129
f 3383//11130 3384//11131 3385//11132
f 3384//11133 3386//11133 3387//11133
f 3386//11134 3388//4115 3389//4117
f 3388//11135 3390//11135 3391//11135
f 3392//11136 3393//11136 3394//11136
f 3395//11137 3394//11137 3396//11137
f 3398//11138 3399//11138 3397//11138
f 3400//11139 3401//11139 3399//11139
f 3403//11140 3404//11140 3405//11140
f 3406//11141 3407//11141 3404//11141
f 3408//11142 3409//11142 3407//11142
f 3410//4125 3411//11143 3409//4126
f 3412//11144 3413//11144 3411//11144
f 3415//11145 3400//11145 3398//11145
f 3414//11146 3398//11146 3396//11146
f 3416//11147 3396//11147 3394//11147
f 3417//11148 3394//11148 3393//11148
f 3393//4135 3419//11149 3420//4136
f 3419//11150 3390//11150 3421//11150
f 3390//11151 3388//11151 3422//11151
f 3388//11152 3386//11152 3423//11152
f 3386//11153 3384//11153 3424//11153
f 3384//11131 3383//11130 3425//11154
f 3425//11155 3383//11155 3426//11155
f 2904//11156 3427//11156 3428//11156
f 3429//11157 3427//11157 2904//11157
f 3430//11158 3429//11158 2902//11158
f 2875//11159 3431//11159 3430//11159
f 3432//11160 3433//11160 2733//11160
f 2825//4151 3434//11161 3435//4152
f 3437//11162 3438//11163 3439//11164
f 3441//11165 3437//11165 3436//11165
f 2724//11166 2723//11166 3434//11166
f 3436//11167 3439//11167 3115//11167
f 3440//11168 3436//4157 3117//4159
f 3443//11169 3415//11169 3414//11169
f 3442//11170 3414//11170 3416//11170
f 3444//11171 3416//11171 3417//11171
f 3445//11172 3417//4132 3418//4134
f 3446//11173 3418//4137 3420//4136
f 3420//11174 3421//11174 3448//11174
f 3421//11175 3422//11175 3449//11175
f 3422//11176 3423//11176 3450//11176
f 3423//11177 3424//11177 3451//11177
f 3424//11178 3425//11178 3452//11178
f 3425//11179 3184//11179 3056//11179
f 3451//11180 3452//11180 2253//11180
f 3450//11181 3451//11181 2252//11181
f 3449//11182 3450//11182 1727//11182
f 3448//11183 3449//11183 2150//11183
f 3453//11184 3447//11184 3448//11184
f 3454//11185 3446//11185 3447//11185
f 3455//11186 3445//11186 3446//11186
f 3456//11187 3444//11187 3445//11187
f 3442//11188 3444//11188 3456//11188
f 3443//11189 3442//4180 3457//4182
f 3459//11190 3460//11190 3458//11190
f 3457//11191 3456//11191 3455//11191
f 3459//11192 3455//11192 3454//11192
f 3462//11193 3460//11193 3459//11193
f 3461//11194 3454//11194 3453//11194
f 3464//11195 3462//11195 3461//11195
f 3463//11196 3453//11196 1941//11196
f 3404//11197 3399//11197 3401//11197
f 3407//11198 3397//11198 3399//11198
f 3409//11199 3395//11199 3397//11199
f 3411//11200 3392//11200 3395//11200
f 3465//4202 3466//4201 3413//11201
f 3467//4196 3468//11202 3469//4197
f 3465//11203 3412//11203 3431//11203
f 3470//11204 3467//11204 3466//11204
f 3438//11205 3470//11205 3432//11205
f 3467//11206 3470//11206 3438//11206
f 3468//11207 3467//11207 3437//11207
f 3471//11208 3469//11208 3468//11208
f 3472//11209 3468//11209 3441//11209
f 3473//11210 3441//11210 3440//11210
f 2712//11211 3440//11211 3119//11211
f 3475//11212 3471//11212 3472//11212
f 3474//11213 3472//11213 3473//11213
f 3476//11214 3473//4208 2712//4210
f 3477//11215 3476//11215 2711//11215
f 3478//11216 3474//11216 3476//11216
f 3479//11217 3475//11217 3474//11217
f 3392//11218 3411//11218 3413//11218
f 3466//11219 3469//11219 3480//11219
f 3419//11149 3393//4135 3392//11220
f 3390//11221 3419//11221 3480//11221
f 3469//11222 3471//11222 3391//11222
f 3389//11223 3391//11223 3471//11223
f 3387//11224 3389//11224 3475//11224
f 3385//4225 3387//11225 3479//4226
f 3482//11226 3477//11226 2400//11226
f 3483//11227 3478//11227 3477//11227
f 3481//11228 3479//11228 3478//11228
f 3484//11229 3482//11229 2402//11229
f 3058//11230 3484//11230 2707//11230
f 3061//11231 3485//11231 3484//11231
f 3485//11232 3483//11232 3482//11232
f 3382//11233 3385//11233 3481//11233
f 3486//11234 3481//11234 3483//11234
f 3426//11235 3383//11235 3382//11235
f 3487//11236 3382//11236 3486//11236
f 3486//11237 3485//11237 3061//11237
f 1961//11238 3057//11238 3487//11238
f 3057//11239 3184//11239 3426//11239
f 3428//11240 3403//11240 3402//11240
f 3427//11241 3406//11241 3403//11241
f 3429//11242 3408//11242 3406//11242
f 3430//4245 3410//4249 3408//4246
f 3431//11243 3412//11243 3410//11243
f 3470//11244 3465//11244 3433//11244
f 3434//11245 3439//11164 3438//11163
f 2723//11246 3115//11246 3439//11246
f 2875//11247 2733//11247 3433//11247
f 2736//11248 2824//11248 3435//11248
f 2947//11249 3428//11249 3488//11249
f 3464//11250 3463//11250 1360//11250
f 1900//11251 1925//11251 1924//11251
f 1736//11252 1717//11252 1718//11252
f 1955//11253 1952//11253 1943//11253
f 1671//11254 1738//11254 1735//11254
f 1696//11255 1750//11255 1698//11255
f 1800//11256 1865//11256 1864//11256
f 2063//11257 2055//11257 2056//11257
f 1737//4300 1734//4299 1717//11258
f 1751//11259 1735//11259 1697//11259
f 943//11260 3885//11260 3899//11260
f 3656//11261 3488//11261 3402//11261
f 1577//11262 1578//11262 1764//11262
f 3917//11263 1598//11263 1599//11263
f 1945//11264 146//11264 82//11264
f 68//11265 6//11265 7//11265
f 147//11266 1542//11266 1543//11266
f 1109//11267 1135//11267 1133//11267
f 1503//11268 1910//11268 1907//11268
f 1499//11269 1501//1311 1909//1313
f 452//11270 1922//11270 735//11270
f 1824//11271 2068//11271 3835//11271
f 1825//11272 2067//11272 2068//11272
f 1463//4279 1462//11273 1022//4280
f 841//11274 1012//267 1009//269
f 1568//11275 1547//11275 1955//11275
f 1910//11276 1503//11276 1502//11276
f 1939//4286 1502//11277 422//4287
f 309//11278 280//11278 1940//11278
f 1804//11279 1851//11279 1866//11279
f 269//11280 1482//11280 1954//11280
f 2065//11281 1607//11281 2060//11281
f 3812//11282 1685//11282 1758//11282
f 280//11283 276//11283 552//11283
f 1875//11284 1873//11284 1869//11284
f 1739//11285 1721//11285 1734//11285
f 1778//11286 1779//1275 1790//1277
f 310//11287 1920//11287 1915//11287
f 1909//11288 1908//11288 1906//11288
f 1789//11289 1783//11289 1778//11289
f 978//11290 981//11290 980//11290
f 1584//11291 1759//11291 1731//11291
f 425//11292 426//11292 311//11292
f 148//11293 1543//11293 115//11293
f 2044//11294 3897//11294 3894//11294
f 277//11295 1910//11295 1939//11295
f 1943//11296 1946//11296 1945//11296
f 1461//11297 1462//11297 1463//11297
f 2253//11298 3452//11298 3056//11298
f 2981//3081 2254//3080 3489//11299
f 2209//11300 2998//11300 3489//11300
f 2254//11301 2253//11301 3055//11301
f 2998//11302 926//11302 958//11302
f 2826//11303 2817//11303 2721//11303
f 3490//4319 2739//4348 2721//4320
f 2816//4402 3491//4349 3490//4351
f 2334//11304 2297//11304 2296//11304
f 2298//9400 2297//9399 2334//11305
f 2301//11306 2298//11306 2336//11306
f 2311//11307 2301//11307 2338//11307
f 2312//11308 2311//11308 2354//11308
f 2359//11309 2358//11309 2361//11309
f 2335//11310 2296//11310 2359//11310
f 2414//11311 2413//11311 2365//11311
f 2413//11312 2270//11312 2361//11312
f 2355//11313 2352//11313 2540//11313
f 2541//11314 2540//11314 2539//11314
f 2722//11315 2721//11315 2739//11315
f 3114//11316 2722//11316 2738//11316
f 3110//10588 3112//3420 3121//11317
f 3108//11318 3110//11318 3120//11318
f 3122//11319 1754//11319 3127//11319
f 3112//11320 3122//11320 3126//11320
f 3127//11321 1754//1300 1753//1302
f 3139//11322 3133//11322 2529//11322
f 3744//11323 3775//11323 3133//11323
f 3490//4351 2789//4350 2740//11324
f 3491//11325 2790//11325 2789//11325
f 228//11326 229//11326 91//11326
f 245//11327 244//11327 243//11327
f 248//11328 7//11328 247//11328
f 2//11329 297//11329 296//11329
f 145//8067 146//8066 300//11330
f 327//11331 213//11331 210//11331
f 329//11332 332//11332 331//11332
f 239//11333 241//11333 240//11333
f 373//11334 376//11334 375//11334
f 178//4362 177//11335 176//4362
f 1218//11336 1225//11336 1228//11336
f 3862//11337 1231//11337 1295//11337
f 808//11338 809//243 824//245
f 3858//11339 3859//11339 1013//11339
f 3813//11340 3810//11340 1411//11340
f 2154//11341 2149//11341 2159//11341
f 3845//11342 3835//11342 1758//11342
f 306//11343 807//11343 1922//11343
f 2157//11344 2153//11344 1976//11344
f 708//8548 709//4704 2031//4706
f 1450//11345 1226//11345 1227//11345
f 1672//11346 1604//11346 1605//11346
f 1813//11347 1814//11347 1821//11347
f 1717//11348 1716//11348 1715//11348
f 176//11349 159//11349 402//11349
f 1710//11350 1705//11350 3916//11350
f 1712//11351 1580//11351 1577//11351
f 1705//11352 1713//11352 1711//11352
f 971//11353 978//11353 979//11353
f 822//11354 823//11354 1094//11354
f 2909//11355 2810//11355 2793//11355
f 2810//11356 2769//11356 2795//11356
f 2799//11357 2910//11357 2249//11357
f 3662//11358 3643//4529 2910//4531
f 2769//11359 2768//11359 2801//11359
f 3177//11360 3176//11360 3178//11360
f 3178//11361 3381//11361 3180//11361
f 3181//11362 1394//11362 1393//11362
f 3181//11363 1633//11363 1632//11363
f 3182//11364 1632//11364 2244//11364
f 3183//11365 2244//11365 2243//11365
f 3492//11366 2791//11366 2790//11366
f 2808//11367 3492//11367 3491//11367
f 2239//11368 3574//11368 3572//11368
f 1149//11369 1150//11369 3571//11369
f 1150//11370 2009//11370 3567//11370
f 2202//11371 3569//11371 3566//11371
f 2921//11372 3564//11372 3565//11372
f 3568//11373 3560//11373 2133//11373
f 1777//11374 1579//11374 1759//11374
f 1201//11375 1196//11375 1183//11375
f 3561//11376 3554//11376 2195//11376
f 3553//11377 3576//11377 2770//11377
f 3927//11378 3925//11378 1687//11378
f 1516//11379 152//11379 154//11379
f 3549//4417 3562//3349 2974//3351
f 3550//11380 3548//11380 2779//11380
f 2771//11381 2772//11381 3575//11381
f 3070//11382 2771//11382 3546//11382
f 3547//11383 3544//11383 2775//11383
f 1376//11384 1375//11384 1370//11384
f 2767//11385 3543//11385 3556//11385
f 2195//11386 3554//11386 3543//11386
f 2775//11387 3544//11387 3542//11387
f 3377//11388 3282//11388 3545//11388
f 3804//11389 3802//11389 3539//11389
f 2776//11390 3542//1091 3538//1090
f 2240//4430 3572//11391 3535//4431
f 2920//11392 3535//11392 3669//11392
f 3548//11393 3534//11393 2786//11393
f 1805//11394 1850//550 1851//552
f 3534//11395 3532//11395 2787//11395
f 2951//11396 2773//11396 3540//11396
f 2772//4438 2951//4438 3531//4438
f 2973//11397 2224//11397 3530//11397
f 2224//4440 2223//11398 3537//4441
f 1957//2692 1953//2691 320//11399
f 306//11400 305//11400 304//11400
f 2770//11401 3576//11401 3528//11401
f 2913//11402 3528//11402 3574//11402
f 2923//11403 3565//11403 3527//11403
f 308//11404 1940//1273 431//1273
f 207//11405 208//11405 132//11405
f 1879//11406 1876//11406 1881//11406
f 3733//11407 3787//11407 3525//11407
f 2475//11408 3070//11408 3558//11408
f 2476//11409 2475//11409 3524//11409
f 2223//4456 2476//4453 3523//4455
f 3522//11410 3549//11410 2803//11410
f 2037//11411 3563//11411 11//11411
f 1959//11412 1958//11412 450//11412
f 2003//11413 3555//11413 3520//11413
f 9//11414 10//11414 334//11414
f 2009//11415 2008//11415 3518//11415
f 2008//11416 2973//11416 3536//11416
f 3877//11417 672//11417 673//11417
f 3515//11418 3550//11418 2778//11418
f 2935//11419 3514//11419 3513//11419
f 111//11420 1149//11420 3570//11420
f 3510//11421 3514//11421 2935//11421
f 683//11422 3876//11422 3885//11422
f 3508//11423 3557//11423 2810//11423
f 736//11424 733//11424 732//11424
f 1795//1158 1804//1157 1803//11425
f 3505//11426 3510//11426 2938//11426
f 3507//11427 3505//11427 2939//11427
f 2950//11428 3512//11428 3504//11428
f 2940//11429 2949//11429 3504//11429
f 3801//11430 3791//11430 3512//11430
f 2868//11431 3509//11431 3502//11431
f 2869//11432 3502//11432 3522//11432
f 1024//11433 1034//11433 1023//11433
f 3500//11434 3503//11434 2948//11434
f 551//11435 1939//11435 442//11435
f 2972//11436 3499//4636 3568//4636
f 2032//4485 3533//11437 3499//4486
f 216//11438 93//11438 1924//11438
f 203//11439 202//11439 201//11439
f 1828//11440 1848//11440 1847//11440
f 1958//11441 1957//11441 449//11441
f 272//11442 271//11442 178//11442
f 2871//11443 3545//11443 3495//11443
f 3619//11444 3669//11444 3564//11444
f 2801//11445 2768//11445 3643//11445
f 2005//11446 3758//11446 3654//11446
f 960//11447 886//11447 899//11447
f 3657//11448 3655//11448 3612//11448
f 3780//11449 3788//11449 3646//11449
f 3151//11450 3646//11450 3593//11450
f 2193//11451 3604//11451 3623//11451
f 3607//11452 3603//11452 3145//11452
f 3603//11453 3649//11453 2761//11453
f 3592//4504 3607//11454 3144//4505
f 2926//11455 3658//11455 3634//11455
f 3634//4508 3592//11456 3104//4510
f 3755//3347 3754//3346 3746//11457
f 566//11458 567//11458 3758//11458
f 3488//11459 3656//11459 1864//11459
f 1602//11460 1586//11460 2079//11460
f 2868//11461 3658//11461 3611//11461
f 2922//11462 3611//11462 3610//11462
f 2923//11463 3610//11463 3618//11463
f 3670//11464 3613//11464 2918//11464
f 3619//11465 3670//11465 3614//11465
f 2921//11466 3618//11466 3670//11466
f 2920//11467 3614//11467 3586//11467
f 3613//11468 3642//11468 2915//11468
f 2917//4523 2766//11469 3622//4524
f 2916//11470 2917//11470 3641//11470
f 2239//11471 3587//11471 3652//11471
f 2911//11472 3640//11472 3652//11472
f 3643//11473 3640//11473 2911//11473
f 2797//11474 2801//11474 3662//11474
f 2797//11475 3591//11475 3598//11475
f 3622//11476 3628//11476 2763//11476
f 3608//11477 3628//11477 2764//11477
f 2194//11478 3623//11478 3648//11478
f 2221//11479 3648//11479 3649//11479
f 2756//11480 3608//11480 3609//11480
f 2750//11481 3598//11481 3609//11481
f 3669//11482 3535//11482 1817//11482
f 3763//11483 3770//11483 1691//11483
f 2515//11484 3621//11484 3590//11484
f 2548//11485 3590//11485 3593//11485
f 2513//11486 2489//11486 3632//11486
f 2513//11487 3616//11487 3621//11487
f 2509//11488 3633//11488 3620//11488
f 2510//11489 3632//11489 3633//11489
f 2289//11490 3620//11490 3639//11490
f 2283//11491 3639//11491 3617//11491
f 2240//11492 3586//11492 3587//11492
f 3659//11493 3657//11493 3624//11493
f 716//11494 2121//11494 3887//11494
f 727//11495 1999//11495 3761//11495
f 2165//11496 2171//11496 2170//11496
f 3660//11497 3659//4551 3626//4553
f 3743//11498 3581//11498 3578//11498
f 2175//11499 2172//11499 769//11499
f 2100//11500 500//11500 2095//11500
f 3758//11501 567//11501 3757//11501
f 640//11502 3560//11502 3568//11502
f 1653//11503 3576//11503 3553//11503
f 1895//4631 3536//4630 3530//11504
f 746//11505 3530//11505 3537//11505
f 1653//11506 1810//11506 3528//11506
f 3762//11507 1603//11507 1604//11507
f 2093//11508 2075//11508 2073//11508
f 959//11509 996//11509 995//11509
f 962//11510 899//11510 919//11510
f 1400//11511 1401//11511 1398//11511
f 1000//11512 817//11512 1127//11512
f 956//11513 959//11513 884//11513
f 1662//11514 3548//11514 3550//11514
f 2034//11515 3558//11515 3546//11515
f 3926//11516 1689//11516 3539//11516
f 3535//11517 3572//11517 766//11517
f 3572//11518 3574//11518 765//11518
f 334//11519 3570//11519 3571//11519
f 1868//11520 3531//11520 3540//11520
f 1684//11521 1651//11521 1652//11521
f 1682//11522 1683//11522 775//11522
f 1585//11523 1603//11523 3762//11523
f 3763//11524 3762//11524 1672//11524
f 2173//11525 2174//11525 490//11525
f 1658//11526 3544//11526 3547//11526
f 3556//11527 3543//11527 1650//11527
f 1571//11528 3754//11528 2010//11528
f 1587//11529 3664//11529 3671//11529
f 2099//11530 2095//11530 2077//11530
f 787//11531 3761//11531 1999//11531
f 2000//11532 3694//11532 786//11532
f 3155//11533 339//11533 3697//11533
f 3713//11534 3155//11534 3683//11534
f 2180//11535 2179//11535 3685//11535
f 3496//11536 2180//11536 3684//11536
f 1684//11537 3846//11537 3840//11537
f 1760//11538 464//11538 3495//11538
f 2607//11539 3689//11539 3693//11539
f 2581//11540 3676//11540 3689//11540
f 2371//11541 2502//11541 3700//11541
f 2371//11542 3695//11542 3693//11542
f 2587//11543 3676//11543 3675//11543
f 2586//11544 3675//11544 3697//11544
f 2497//11545 3691//11545 3687//11545
f 2502//4612 2503//11546 3687//4613
f 2494//11547 3691//11547 3690//11547
f 3690//11548 3688//11548 2472//11548
f 3688//11549 3701//11549 2468//11549
f 3701//11550 3703//11550 2469//11550
f 726//11551 3908//11551 3892//11551
f 581//11552 3567//11552 3518//11552
f 10//11553 3511//11553 3570//11553
f 1837//11554 3514//11554 3510//11554
f 741//11555 3537//11555 3523//11555
f 1299//758 3524//757 3558//11556
f 1851//11557 3507//11557 3504//11557
f 3527//4626 3565//11558 1820//4627
f 580//11559 3518//11559 3536//11559
f 1758//11560 1685//11560 3522//11560
f 1693//11561 3557//11561 3508//11561
f 3504//11562 3512//11562 1867//11562
f 1894//11563 1826//11563 3568//11563
f 2126//11564 1418//11564 3813//11564
f 3906//11565 2126//11565 3841//11565
f 2113//11566 3911//11566 3867//11566
f 2179//11567 3713//11567 3789//11567
f 624//11568 3903//11568 3904//11568
f 2192//11569 3604//11569 3788//11569
f 2177//11570 3541//11570 3787//11570
f 1364//11571 3824//11571 3833//11571
f 3858//11572 3855//11572 1470//11572
f 3135//4344 1753//4343 3775//11573
f 2069//11574 3812//11574 3835//11574
f 1351//11575 3861//11575 3853//11575
f 2108//11576 3882//11576 3901//11576
f 2089//11577 2092//11577 3736//11577
f 3828//11578 3834//11578 1358//11578
f 2001//4653 3749//11579 3783//4654
f 2187//4656 3783//11580 3719//4657
f 2130//11581 3756//11581 3752//11581
f 2004//11582 3752//11582 3749//11582
f 2014//11583 3724//11583 3779//11583
f 2201//11584 3779//11584 3756//11584
f 3167//11585 3720//11585 3759//11585
f 3168//11586 3724//11586 3720//11586
f 3159//11587 3709//3585 3764//3587
f 3160//11588 3764//11588 3765//11588
f 3730//4667 3707//4667 3158//4667
f 3158//11589 3707//11589 3709//11589
f 2200//3647 3069//3646 3730//11590
f 3685//11591 3789//11591 3742//11591
f 3722//4672 3774//11592 2197//4673
f 3790//11593 3736//11593 2092//11593
f 3774//11594 3790//11594 3721//11594
f 3154//11595 3706//11595 3790//11595
f 3155//11596 3713//11596 3706//11596
f 2091//11597 3719//11597 3721//11597
f 2196//11598 3148//11598 3750//11598
f 2193//11599 2196//11599 3776//11599
f 3604//11600 2193//11600 3781//11600
f 2086//11601 2192//11601 3780//11601
f 2087//11602 2086//11602 3778//11602
f 2204//11603 3742//11603 3751//11603
f 2205//11604 3751//11604 3750//11604
f 3909//11605 3886//11605 574//11605
f 2124//11606 2087//11606 3777//11606
f 2208//11607 2124//11607 3760//11607
f 3711//11608 3785//11608 3140//11608
f 3785//11609 3745//11609 3138//11609
f 3745//11610 3744//11610 3139//11610
f 3771//11611 3712//11611 3136//11611
f 3712//11612 3711//11612 3137//11612
f 3775//11613 3767//11613 3131//11613
f 3767//11614 3782//11614 3132//11614
f 1813//11615 3839//11615 3838//11615
f 1293//11616 3854//11616 3856//11616
f 2184//11617 2321//11617 3748//11617
f 2181//11618 2184//11618 3732//11618
f 3765//11619 3768//11619 3079//11619
f 3768//11620 3734//11620 3080//11620
f 709//11621 3873//1706 3875//1708
f 2774//11622 2961//11622 3737//11622
f 3786//3311 3769//3310 2134//11623
f 3809//11624 3808//11624 766//11624
f 2968//11625 3784//11625 3766//11625
f 2969//11626 3759//11626 3784//11626
f 2958//11627 3747//11627 3737//11627
f 2132//11628 3747//11628 3766//11628
f 2321//11629 2185//11629 3771//11629
f 3860//11630 3848//11630 1449//11630
f 3905//11631 3874//11631 582//11631
f 3886//11632 3889//11632 577//11632
f 3847//11633 3826//11633 1818//11633
f 705//11634 3902//11634 3887//11634
f 3816//11635 3912//11635 3907//11635
f 2111//1651 3883//1650 3911//11636
f 3810//11637 3829//11637 1366//11637
f 1812//11638 3839//11638 3822//11638
f 675//4729 3851//4728 3852//11639
f 3496//11640 3705//11640 3851//11640
f 2110//11641 3867//1852 3868//1854
f 2104//11642 3896//11642 3901//11642
f 2109//11643 3868//11643 3899//11643
f 3842//11644 3831//507 703//509
f 1680//11645 3811//11645 3846//11645
f 1639//11646 1627//11646 3819//11646
f 623//11647 3904//11647 3906//11647
f 2139//11648 2140//11648 3866//11648
f 1808//11649 1640//11649 3844//11649
f 3820//11650 3821//11650 1819//11650
f 3872//11651 3914//11651 3900//11651
f 1646//11652 3832//974 3830//976
f 3889//11653 3890//11653 633//11653
f 2139//11654 3865//11654 3875//11654
f 2156//11655 2155//11655 3871//11655
f 674//11656 3852//11656 3913//11656
f 2117//11657 3817//11657 3812//11657
f 1815//11658 3822//11658 3847//11658
f 3855//11659 3849//11659 1444//11659
f 697//11660 3906//11660 3912//11660
f 866//11661 842//11661 3836//11661
f 3864//11662 3869//11662 2136//11662
f 3585//11663 3731//11663 3726//11663
f 3583//11664 3740//11664 3731//11664
f 3753//4758 3746//11665 3738//4759
f 3740//4761 3583//11666 3581//4762
f 1088//11667 3738//11667 3746//11667
f 3739//11668 3740//11668 3743//11668
f 2791//4766 3492//11669 3493//4767
f 3492//11670 2808//11670 2807//11670
f 2792//11671 3493//11671 3494//11671
f 3493//4771 2807//11672 2806//4772
f 3508//11673 2909//11673 3494//11673
f 3516//11674 3494//11674 2806//11674
f 2948//11675 3503//11675 3791//11675
f 2105//11676 3908//11676 3896//11676
f 3538//11677 3802//11677 3804//11677
f 680//11678 3878//11678 3876//11678
f 1891//11679 1890//11679 3910//11679
f 2905//11680 3799//11680 3801//11680
f 2900//11681 3797//11681 3799//11681
f 2901//11682 3797//11682 3807//11682
f 2734//11683 2878//11683 3806//11683
f 2877//11684 3807//11684 3806//11684
f 2820//11685 3800//11685 3794//11685
f 2818//10111 3796//10110 3792//11686
f 2823//11687 3793//11687 3792//11687
f 2822//11688 3793//11688 3798//11688
f 2819//11689 2735//11689 3800//11689
f 2817//10119 3796//2833 3795//2835
f 2809//11690 3805//11690 3795//11690
f 2808//11691 3805//11691 3803//11691
f 2805//11692 3804//11692 3803//11692
f 1702//11693 3921//11693 3923//11693
f 3922//11694 3920//11694 1797//11694
f 3915//11695 3916//11695 1706//11695
f 3918//11696 3927//11696 1692//11696
f 1657//11697 3898//11697 3880//11697
f 1890//11698 1877//11698 3895//11698
f 3772//11699 3770//11699 1674//11699
f 1689//11700 1690//11700 3772//11700
f 3926//11701 3802//11701 3538//11701
f 3516//11702 3539//11702 1689//11702
f 3917//11703 3923//11703 1703//11703
f 1598//11704 3917//11704 3928//11704
f 3880//11705 3884//11705 1876//11705
f 1691//4808 1690//11706 3925//4809
f 3925//11707 3926//11707 1688//11707
f 3934//4876 3933//11708 3937//4877
f 3934//4878 3938//11709 3939//4879
f 3932//4881 3936//4881 3937//4882
f 3938//4884 3942//11710 3943//4885
f 3937//4887 3936//11711 3940//4888
f 3937//4890 3941//11712 3942//4891
f 3942//4893 3946//11713 3947//4894
f 3941//4896 3940//11714 3944//4897
f 3942//4899 3941//11715 3945//4900
f 3947//4902 3946//11716 3950//4903
f 3944//4905 3948//11717 3949//4906
f 3945//4908 3949//4909 3950//4909
f 3950//4911 3954//11718 3955//4912
f 3949//4914 3948//11719 3952//4915
f 3950//4917 3949//11720 3953//4918
f 3955//4920 3954//11721 3958//4921
f 3953//4923 3952//11722 3956//4924
f 3953//4926 3957//11723 3958//4927
f 3959//4929 3958//6391 3962//4930
f 3957//4932 3956//11724 3960//4933
f 3958//4935 3957//11725 3961//4936
f 3962//4938 3966//4938 3967//4938
f 3960//4940 3964//11726 3965//4941
f 3961//4943 3965//11727 3966//4944
f 3966//4946 3970//11728 3971//4947
f 3965//4949 3964//11729 3968//4950
f 3966//4952 3965//11730 3969//4953
f 3970//4955 3974//11731 3975//4956
f 3968//4958 3972//11732 3973//4959
f 3969//4961 3973//11733 3974//4962
f 3974//4964 3978//11734 3979//4965
f 3973//4967 3972//4968 3976//4968
f 3974//4970 3973//11735 3977//4971
f 3979//4973 3978//11736 3982//4974
f 3976//4976 3980//4976 3981//4977
f 3977//4979 3981//11737 3982//4980
f 3982//4982 3986//11738 3987//4982
f 3981//4984 3980//11739 3984//4985
f 3982//4987 3981//11740 3985//4988
f 3987//4990 3986//4990 3990//4991
f 3984//4993 3988//11741 3989//4994
f 3985//4996 3989//11742 3990//4997
f 3991//4999 3990//11743 3994//5000
f 3989//5002 3988//5003 3992//5003
f 3990//5005 3989//11744 3993//5006
f 3995//5008 3994//11745 3998//5009
f 3992//5011 3996//11746 3997//5012
f 3993//5014 3997//11747 3998//5015
f 3998//5017 4002//11748 4003//5018
f 3997//5020 3996//11749 4000//5021
f 3998//5023 3997//11750 4001//5024
f 4002//5026 4006//11751 4007//5027
f 4000//5029 4004//11752 4005//5030
f 4001//5032 4005//11753 4006//5033
f 4006//5035 4010//11754 4011//5036
f 4005//5038 4004//11755 4008//5039
f 4006//5041 4005//11756 4009//5042
f 4011//5044 4010//11757 4014//5045
f 4008//5047 4012//11758 4013//5048
f 4009//5050 4013//11759 4014//5051
f 4014//5053 4018//11760 4019//5054
f 4013//5056 4012//11761 4016//5057
f 4014//5059 4013//11762 4017//5060
f 4019//5062 4018//11763 4022//5063
f 4016//5064 4020//11764 4021//5065
f 4017//5067 4021//11765 4022//5068
f 4023//5070 4022//11766 4026//5071
f 4021//5073 4020//11767 4024//5074
f 4022//5076 4021//5076 4025//5076
f 4027//5077 4026//11768 4030//5078
f 4024//5080 4028//11769 4029//5081
f 4025//5083 4029//11770 4030//5084
f 4031//5086 4030//11771 4034//5087
f 4029//5089 4028//11772 4032//5090
f 4030//5092 4029//11773 4033//5093
f 4034//5095 4038//11774 4039//5096
f 4032//5098 4036//11775 4037//5099
f 4033//5101 4037//11776 4038//5102
f 4038//5104 4042//11777 4043//5105
f 4037//5107 4036//11778 4040//5108
f 4038//5110 4037//11779 4041//5111
f 4043//5113 4042//11780 4046//5114
f 4040//5116 4044//11781 4045//5117
f 4041//5119 4045//11782 4046//5120
f 4046//5122 4050//11783 4051//5123
f 4045//5125 4044//11784 4048//5126
f 4046//5128 4045//11785 4049//5129
f 4051//5131 4050//11786 4055//5132
f 4048//5134 4053//11787 4054//5135
f 4049//5137 4054//11788 4055//5137
f 4056//5139 4055//11789 4059//5140
f 4053//5142 4057//11790 4058//5143
f 4055//5145 4054//11791 4058//5146
f 4060//5193 4059//11792 3934//5194
f 4058//5196 4057//11793 3932//5197
f 4058//5199 3933//11794 3934//5200
f 4069//5203 4068//11795 4081//5204
f 4066//5206 4079//11796 4080//5207
f 4065//5209 4064//5209 4077//5210
f 4063//5211 4062//11797 4075//5212
f 4071//5214 4084//11798 4085//5215
f 4069//5217 4082//11799 4083//5218
f 4067//5220 4080//11800 4081//5220
f 4066//5222 4065//11801 4078//5223
f 4063//5225 4076//11802 4077//5225
f 4061//5227 4074//11803 4075//5228
f 4072//5230 4085//11804 4086//5231
f 4071//5233 4070//11805 4083//5234
f 4076//5236 4089//11806 4090//5237
f 4074//5239 4087//11807 4088//5240
f 4086//5242 4085//11808 4098//5243
f 4083//5245 4096//11809 4097//5246
f 4082//5248 4081//5248 4094//5248
f 4079//5250 4092//11810 4093//5250
f 4078//5252 4077//11811 4090//5252
f 4076//5254 4075//11812 4088//5255
f 4085//5257 4084//11813 4097//5258
f 4082//5260 4095//11814 4096//5261
f 4080//5263 4093//11815 4094//5264
f 4079//5266 4078//11816 4091//5266
f 4089//5268 4102//11817 4103//5269
f 4088//5271 4087//11818 4100//5272
f 4098//5274 4111//11819 4112//5275
f 4096//5277 4109//11820 4110//5278
f 4095//5280 4094//11821 4107//5281
f 4092//5283 4105//11822 4106//5283
f 4090//5285 4103//5286 4104//5285
f 4089//5287 4088//11823 4101//5288
f 4097//5290 4110//11824 4111//5291
f 4095//5293 4108//11825 4109//5294
f 4094//5296 4093//11826 4106//5296
f 4092//5298 4091//11827 4104//5298
f 4103//5300 4102//11828 4115//5301
f 4100//5303 4113//11829 4114//5304
f 4112//5306 4111//11830 4124//5307
f 4110//5309 4109//11831 4122//5310
f 4107//5312 4120//11832 4121//5313
f 4105//5315 4118//11833 4119//5315
f 4103//5317 4116//11834 4117//5318
f 4101//5320 4114//11835 4115//5321
f 4110//5323 4123//11836 4124//5324
f 4109//5326 4108//11837 4121//5326
f 4107//5328 4106//11838 4119//5329
f 4105//5331 4104//11839 4117//5331
f 4115//5333 4128//11840 4129//5334
f 4114//5336 4113//11841 4126//5337
f 4124//5339 4137//5339 4138//5339
f 4123//5340 4122//11842 4135//5340
f 4120//5342 4133//11843 4134//5342
f 4119//5344 4118//11844 4131//5344
f 4117//5346 4116//11845 4129//5347
f 4114//5349 4127//11846 4128//5350
f 4124//5352 4123//11847 4136//5352
f 4122//5354 4121//11848 4134//5355
f 4119//5357 4132//11849 4133//5357
f 4117//5359 4130//11850 4131//5359
f 4129//5361 4128//11851 4141//5362
f 4126//5363 4139//11852 4140//5364
f 4138//5366 4137//11853 4150//5367
f 4136//5369 4135//11854 4148//5370
f 4133//5372 4146//11855 4147//5373
f 4131//5375 4144//11856 4145//5375
f 4130//5377 4129//11857 4142//5378
f 4127//5380 4140//11858 4141//5381
f 4137//5383 4136//11859 4149//5384
f 4135//5386 4134//11860 4147//5387
f 4132//5389 4145//11861 4146//5389
f 4131//5391 4130//11862 4143//5392
f 4142//5394 4141//5394 4154//5394
f 4140//5395 4139//11863 4152//5396
f 4150//5398 4163//5398 4164//5399
f 4149//5401 4148//11864 4161//5402
f 4146//5404 4159//11865 4160//5405
f 4144//5407 4157//11866 4158//5408
f 4142//5410 4155//11867 4156//5411
f 4140//5413 4153//11868 4154//5414
f 4149//5416 4162//5416 4163//5416
f 4148//5418 4147//11869 4160//5419
f 4146//5421 4145//11870 4158//5422
f 4144//5424 4143//11871 4156//5425
f 4155//5427 4154//11872 4167//5428
f 4153//5430 4152//11873 4165//5431
f 4163//5433 4176//11874 4177//5434
f 4161//5436 4174//11875 4175//5437
f 4159//5439 4172//11876 4173//5439
f 4158//5441 4157//11877 4170//5442
f 4155//5444 4168//11878 4169//5444
f 4153//5446 4166//11879 4167//5447
f 4163//5449 4162//11880 4175//5450
f 4161//5452 4160//11881 4173//5452
f 4159//5454 4158//11882 4171//5454
f 4156//5456 4169//11883 4170//5457
f 4167//5459 4180//11884 4181//5460
f 4165//5462 4178//11885 4179//5463
f 4176//5465 4189//11886 4190//5466
f 4175//5468 4174//11887 4187//5468
f 4173//5470 4172//11888 4185//5471
f 4170//5473 4183//11889 4184//5474
f 4169//5476 4168//11890 4181//5477
f 4167//5479 4166//11891 4179//5480
f 4175//5482 4188//11892 4189//5483
f 4173//5485 4186//11893 4187//5486
f 4171//5488 4184//11894 4185//5488
f 4170//5490 4169//11895 4182//5491
f 4180//5493 4193//5493 4194//5494
f 4178//5495 4191//11896 4192//5496
f 4190//5498 4189//5499 4202//5499
f 4187//5500 4200//11897 4201//5501
f 4186//5503 4185//11898 4198//5504
f 4183//5506 4196//11899 4197//5507
f 4182//5509 4181//11900 4194//5509
f 4180//5511 4179//11901 4192//5511
f 4189//5512 4188//11902 4201//5513
f 4186//5515 4199//11903 4200//5516
f 4184//5518 4197//11904 4198//5518
f 4183//5520 4182//11905 4195//5520
f 4193//5522 4206//11906 4207//5523
f 4192//5525 4191//11907 4204//5526
f 4202//5528 4215//5528 4216//5529
f 4200//5530 4213//11908 4214//5531
f 4199//5533 4198//11909 4211//5534
f 4196//5536 4209//11910 4210//5536
f 4194//5538 4207//11911 4208//5539
f 4193//5541 4192//11912 4205//5542
f 4201//5544 4214//11913 4215//5545
f 4199//5547 4212//11914 4213//5548
f 4198//5550 4197//11915 4210//5550
f 4196//5552 4195//11916 4208//5553
f 4207//5555 4206//11917 4219//5556
f 4204//5558 4217//11918 4218//5559
f 4216//5561 4215//11919 4228//5561
f 4213//5563 4226//5563 4227//5564
f 4211//5565 4224//5565 4225//5565
f 4209//5567 4222//11920 4223//5568
f 4207//5570 4220//11921 4221//5570
f 4205//5572 4218//11922 4219//5573
f 4214//5575 4227//5575 4228//5576
f 4213//5578 4212//11923 4225//5579
f 4211//5581 4210//11924 4223//5582
f 4209//5584 4208//11925 4221//5585
f 4219//5587 4232//5587 4233//5588
f 4218//5589 4217//11926 4230//5590
f 4228//5592 4241//11927 4242//5593
f 4226//5595 4239//11928 4240//5596
f 4225//5598 4224//11929 4237//5599
f 4223//5601 4222//11930 4235//5601
f 4221//5603 4220//11931 4233//5603
f 4218//5605 4231//11932 4232//5606
f 4228//5608 4227//11933 4240//5609
f 4226//5611 4225//11934 4238//5612
f 4223//5614 4236//11935 4237//5614
f 4221//5616 4234//11936 4235//5616
f 4233//5618 4232//11937 4245//5619
f 4230//5621 4243//11938 4244//5622
f 4242//5624 4241//11939 4254//5625
f 4240//5627 4239//11940 4252//5628
f 4237//5629 4250//11941 4251//5629
f 4235//5631 4248//11942 4249//5632
f 4234//5634 4233//5634 4246//5635
f 4231//5637 4244//11943 4245//5638
f 4241//5640 4240//11944 4253//5641
f 4239//5643 4238//11945 4251//5644
f 4236//5646 4249//11946 4250//5647
f 4235//5649 4234//11947 4247//5650
f 4246//5651 4245//11948 4258//5652
f 4244//5654 4243//11949 4256//5655
f 4254//5657 4267//11950 4268//5658
f 4253//5660 4252//11951 4265//5661
f 4250//5663 4263//11952 4264//5664
f 4248//5666 4261//11953 4262//5666
f 4246//5668 4259//11954 4260//5668
f 4244//5670 4257//11955 4258//5671
f 4253//5673 4266//11956 4267//5674
f 4252//5676 4251//11957 4264//5677
f 4250//5678 4249//5678 4262//5678
f 4248//5680 4247//11958 4260//5680
f 4259//5682 4258//11959 4271//5683
f 4257//5685 4256//11960 4269//5686
f 4267//5688 4280//5688 4281//5689
f 4265//5691 4278//11961 4279//5692
f 4263//5694 4276//11962 4277//5695
f 4262//5697 4261//11963 4274//5697
f 4259//5699 4272//11964 4273//5699
f 4257//5701 4270//11965 4271//5702
f 4266//5704 4279//11966 4280//5705
f 4265//5707 4264//11967 4277//5708
f 4263//5709 4262//11968 4275//5709
f 4260//5711 4273//11969 4274//5712
f 4271//5714 4284//11970 4285//5715
f 4269//5717 4282//11971 4283//5718
f 4281//5720 4280//11972 4293//5721
f 4279//5723 4278//5723 4291//5724
f 4277//5726 4276//11973 4289//5727
f 4274//5729 4287//11974 4288//5730
f 4273//5732 4272//11975 4285//5733
f 4271//5735 4270//11976 4283//5736
f 4280//5738 4279//11977 4292//5739
f 4277//5741 4290//11978 4291//5742
f 4275//5744 4288//5744 4289//5744
f 4274//5745 4273//11979 4286//5746
f 4284//5748 4297//11980 4298//5749
f 4282//5751 4295//11981 4296//5751
f 4294//5753 4293//5754 4306//5754
f 4291//5756 4304//11982 4305//5757
f 4290//5759 4289//11983 4302//5760
f 4287//5762 4300//11984 4301//5763
f 4286//5765 4285//11985 4298//5766
f 4284//5768 4283//11986 4296//5769
f 4293//5771 4292//5771 4305//5772
f 4290//5774 4303//11987 4304//5775
f 4288//5777 4301//11988 4302//5778
f 4287//5780 4286//11989 4299//5780
f 4297//5782 4310//11990 4311//5782
f 4296//5784 4295//11991 4308//5785
f 4306//5787 4319//11992 4320//5788
f 4304//5790 4317//11993 4318//5791
f 4303//5793 4302//5793 4315//5793
f 4300//5794 4313//11994 4314//5794
f 4298//5796 4311//11995 4312//5797
f 4297//5799 4296//11996 4309//5800
f 4305//5802 4318//11997 4319//5802
f 4304//5804 4303//11998 4316//5805
f 4302//5807 4301//11999 4314//5807
f 4300//5808 4299//12000 4312//5809
f 4310//5811 4323//12001 4324//5812
f 4308//5814 4321//12002 4322//5815
f 4320//5817 4319//12003 4332//5818
f 4318//5820 4317//12004 4330//5821
f 4316//5823 4315//12005 4328//5823
f 4313//5825 4326//12006 4327//5825
f 4311//5827 4324//12007 4325//5827
f 4310//5828 4309//12008 4322//5829
f 4318//5831 4331//12009 4332//5832
f 4316//5834 4329//12010 4330//5835
f 4315//5837 4314//12011 4327//5837
f 4312//5839 4325//12012 4326//5839
f 4323//5841 4336//12013 4337//5841
f 4322//5843 4321//12014 4334//5844
f 4332//5846 4345//12015 4346//5847
f 4330//5849 4343//5849 4344//5850
f 4329//5852 4328//12016 4341//5852
f 4327//5854 4326//12017 4339//5854
f 4325//5856 4324//12018 4337//5857
f 4322//5859 4335//12019 4336//5860
f 4332//5862 4331//12020 4344//5863
f 4330//5865 4329//12021 4342//5866
f 4327//5868 4340//12022 4341//5869
f 4325//5871 4338//12023 4339//5871
f 4337//5873 4336//12024 4350//5874
f 4334//5876 4348//12025 4349//5877
f 4346//5878 4345//12026 4359//5879
f 4344//5881 4343//12027 4357//5882
f 4341//5884 4355//12028 4356//5885
f 4340//5887 4339//12029 4353//5887
f 4338//5889 4337//12030 4351//5889
f 4335//5891 4349//12031 4350//5892
f 4345//5894 4344//12032 4358//5895
f 4343//5897 4342//5897 4356//5897
f 4340//5899 4354//12033 4355//5900
f 4338//5902 4352//12034 4353//5902
f 4351//5904 4350//12035 4363//5905
f 4349//5907 4348//12036 4361//5908
f 4359//5910 4372//5911 4373//5911
f 4358//5913 4357//12037 4370//5914
f 4355//5916 4368//12038 4369//5916
f 4354//5917 4353//12039 4366//5917
f 4351//5919 4364//12040 4365//5920
f 4349//5922 4362//12041 4363//5923
f 4358//5925 4371//12042 4372//5926
f 4357//5927 4356//12043 4369//5927
f 4355//5928 4354//12044 4367//5929
f 4352//5931 4365//12045 4366//5932
f 4364//5934 4363//12046 4376//5935
f 4362//5937 4361//5938 4374//5938
f 4373//5940 4372//12047 4385//5941
f 4370//5943 4383//12048 4384//5943
f 4368//5945 4381//12049 4382//5946
f 4367//5948 4366//12050 4379//5949
f 4364//5951 4377//12051 4378//5952
f 4362//5954 4375//12052 4376//5955
f 4372//5957 4371//12053 4384//5958
f 4370//5960 4369//12054 4382//5961
f 4368//5963 4367//12055 4380//5963
f 4365//5965 4378//12056 4379//5966
f 4376//5968 4389//12057 4390//5969
f 4374//5971 4387//5972 4388//5972
f 4385//5974 4398//12058 4399//5975
f 4384//5977 4383//12059 4396//5978
f 4382//5979 4381//12060 4394//5980
f 4379//5982 4392//12061 4393//5983
f 4378//5985 4377//12062 4390//5986
f 4376//5988 4375//5989 4388//5989
f 4384//5991 4397//5991 4398//5991
f 4382//5992 4395//12063 4396//5993
f 4380//5995 4393//12064 4394//5995
f 4379//5996 4378//12065 4391//5996
f 4389//5998 4402//12066 4403//5998
f 4387//6000 4400//12067 4401//6001
f 4399//6003 4398//12068 4411//6004
f 4396//6006 4409//12069 4410//6007
f 4395//6009 4394//12070 4407//6010
f 4393//6012 4392//12071 4405//6012
f 4391//6014 4390//12072 4403//6015
f 4389//6017 4388//12073 4401//6018
f 4398//6020 4397//12074 4410//6021
f 4395//6023 4408//12075 4409//6023
f 4393//6025 4406//12076 4407//6026
f 4391//6028 4404//12077 4405//6028
f 4402//6030 4415//12078 4416//6031
f 4401//6033 4400//12079 4413//6034
f 4411//6036 4424//12080 4425//6037
f 4409//6039 4422//12081 4423//6039
f 4408//6041 4407//12082 4420//6042
f 4406//6044 4405//12083 4418//6044
f 4403//6046 4416//12084 4417//6047
f 4402//6049 4401//12085 4414//6049
f 4410//6051 4423//12086 4424//6052
f 4408//6054 4421//6055 4422//6054
f 4407//6056 4406//12087 4419//6056
f 4404//6058 4417//12088 4418//6058
f 4416//6060 4415//12089 4428//6061
f 4413//6063 4426//12090 4427//6063
f 4425//6065 4424//12091 4437//6066
f 4423//6068 4422//12092 4435//6069
f 4421//6070 4420//12093 4433//6071
f 4418//6073 4431//12094 4432//6073
f 4416//6075 4429//6075 4430//6075
f 4415//6077 4414//12095 4427//6078
f 4423//6080 4436//12096 4437//6081
f 4421//6083 4434//6083 4435//6083
f 4420//6085 4419//12097 4432//6086
f 4418//6088 4417//12098 4430//6088
f 4428//6090 4441//12099 4442//6091
f 4426//6093 4439//6093 4440//6093
f 4437//6094 4450//12100 4451//6095
f 4435//6096 4448//12101 4449//6097
f 4434//6099 4433//12102 4446//6100
f 4432//6102 4431//6102 4444//6102
f 4430//6104 4429//12103 4442//6105
f 4427//6107 4440//12104 4441//6108
f 4437//6110 4436//12105 4449//6111
f 4435//6113 4434//12106 4447//6114
f 4432//6116 4445//12107 4446//6117
f 4430//6119 4443//12108 4444//6119
f 4442//6121 4441//12109 4454//6122
f 4439//6124 4452//12110 4453//6125
f 4451//6127 4450//12111 4463//6128
f 4449//6130 4448//12112 4461//6131
f 4446//6133 4459//12113 4460//6133
f 4444//6134 4457//12114 4458//6135
f 4443//6137 4442//12115 4455//6138
f 4440//6140 4453//12116 4454//6141
f 4450//6143 4449//12117 4462//6144
f 4447//6146 4460//12118 4461//6147
f 4445//6149 4458//12119 4459//6150
f 4444//6152 4443//12120 4456//6153
f 4455//6155 4454//12121 4467//6156
f 4453//6158 4452//12122 4465//6158
f 4463//6159 4476//12123 4477//6160
f 4462//6161 4461//12124 4474//6162
f 4459//6164 4472//12125 4473//6164
f 4457//6166 4470//6166 4471//6166
f 4455//6167 4468//12126 4469//6167
f 4453//6169 4466//6169 4467//6169
f 4462//6170 4475//12127 4476//6171
f 4461//6173 4460//12128 4473//6174
f 4459//6176 4458//12129 4471//6176
f 4457//6178 4456//6178 4469//6178
f 4468//6212 4467//12130 4063//6212
f 4466//6214 4465//12131 4061//6215
f 4477//6217 4476//12132 4072//6217
f 4474//6218 4070//12133 4071//6219
f 4472//6221 4068//12134 4069//6222
f 4471//6224 4470//12135 4066//6224
f 4468//6226 4064//12136 4065//6227
f 4466//6229 4062//12137 4063//6230
f 4476//6233 4475//12138 4071//6234
f 4474//6236 4473//12139 4069//6237
f 4472//6239 4471//12140 4067//6239
f 4469//6241 4065//12141 4066//6242
f 3935//6244 4061//12142 4465//6245
f 4465//6247 4452//12143 4056//6248
f 4452//6250 4439//12144 4051//6251
f 4439//6253 4426//12145 4047//6254
f 4047//6256 4426//12146 4413//6256
f 4043//6258 4413//12147 4400//6259
f 4039//6261 4400//12148 4387//6262
f 4387//6264 4374//12149 4031//6265
f 4031//6267 4374//12150 4361//6268
f 4361//6270 4348//12151 4023//6271
f 4348//6273 4334//12152 4019//6274
f 4334//6276 4321//12153 4015//6277
f 4015//6279 4321//12154 4308//6280
f 4011//6282 4308//12155 4295//6283
f 4007//6285 4295//12156 4282//6286
f 4282//6288 4269//12157 3999//6289
f 3999//6291 4269//12158 4256//6292
f 4256//6294 4243//12159 3991//6295
f 4243//6296 4230//12160 3987//6297
f 4230//6299 4217//12161 3983//6300
f 3983//6302 4217//12162 4204//6303
f 3979//6304 4204//12163 4191//6305
f 3975//6307 4191//12164 4178//6308
f 4178//6310 4165//12165 3967//6311
f 3967//6313 4165//12166 4152//6314
f 4152//6316 4139//12167 3959//6317
f 4139//6319 4126//12168 3955//6320
f 4126//6322 4113//12169 3951//6323
f 3951//6325 4113//12170 4100//6326
f 3947//6328 4100//12171 4087//6329
f 3943//6331 4087//12172 4074//6332
f 4074//6334 4061//12173 3935//6334
f 4480//6336 4479//12174 4483//6337
f 4480//6339 4484//12175 4485//6340
f 4479//6342 4478//12176 4482//6343
f 4484//6345 4488//12177 4489//6346
f 4482//6348 4486//12178 4487//6349
f 4483//6351 4487//12179 4488//6352
f 4488//6354 4492//12180 4493//6355
f 4487//6357 4486//12181 4490//6358
f 4488//6360 4487//6360 4491//6361
f 4493//6363 4492//12182 4496//6364
f 4490//6366 4494//12183 4495//6367
f 4491//6369 4495//12184 4496//6370
f 4496//6372 4500//12185 4501//6373
f 4495//6375 4494//12186 4498//6376
f 4496//6378 4495//12187 4499//6379
f 4501//6381 4500//12188 4504//6382
f 4498//6384 4502//12189 4503//6385
f 4499//6387 4503//12190 4504//6388
f 4505//6390 4504//12191 4508//6391
f 4503//6393 4502//12192 4506//6394
f 4504//6396 4503//12193 4507//6397
f 4509//6399 4508//12194 4512//6400
f 4506//6402 4510//12195 4511//6402
f 4507//6403 4511//12196 4512//6404
f 4513//4946 4512//12197 4516//6406
f 4511//6408 4510//12198 4514//6409
f 4512//6411 4511//12199 4515//6412
f 4516//6414 4520//12200 4521//6415
f 4514//6417 4518//12201 4519//6418
f 4515//6420 4519//12202 4520//6421
f 4520//6423 4524//12203 4525//6424
f 4518//6426 4522//12204 4523//6427
f 4520//6429 4519//12205 4523//6430
f 4525//6432 4524//12206 4528//6433
f 4522//6435 4526//12207 4527//6436
f 4523//6438 4527//12208 4528//6439
f 4528//6441 4532//12209 4533//6442
f 4527//6444 4526//12210 4530//6445
f 4528//6447 4527//12211 4531//6448
f 4533//6450 4532//12212 4536//6451
f 4530//6453 4534//12213 4535//6454
f 4531//6456 4535//12214 4536//6457
f 4537//6459 4536//12215 4540//6460
f 4534//6462 4538//12216 4539//6463
f 4536//6465 4535//12217 4539//6466
f 4541//6468 4540//12218 4544//6469
f 4539//6471 4538//12219 4542//6472
f 4539//6474 4543//12220 4544//6475
f 4544//6477 4548//12221 4549//6478
f 4542//6480 4546//12222 4547//6481
f 4544//6483 4543//12223 4547//6484
f 4548//6486 4552//12224 4553//6487
f 4547//6489 4546//12225 4550//6490
f 4547//6492 4551//12226 4552//6493
f 4552//6495 4556//12227 4557//6496
f 4551//6498 4550//12228 4554//6499
f 4552//6501 4551//12229 4555//6502
f 4557//6504 4556//12230 4560//6505
f 4554//6507 4558//12231 4559//6508
f 4555//6510 4559//12232 4560//6511
f 4560//6513 4564//12233 4565//6514
f 4559//6516 4558//12234 4562//6517
f 4560//6519 4559//12235 4563//6520
f 4565//6522 4564//12236 4568//6522
f 4562//6524 4566//12237 4567//6525
f 4563//6527 4567//12238 4568//6528
f 4569//6530 4568//12239 4572//6531
f 4567//6533 4566//12240 4570//6534
f 4568//6536 4567//12241 4571//6537
f 4572//6539 4576//12242 4577//6540
f 4570//6542 4574//12243 4575//6543
f 4571//6545 4575//12244 4576//6546
f 4576//6548 4580//12245 4581//6549
f 4575//6551 4574//12246 4578//6552
f 4576//6554 4575//12247 4579//6555
f 4580//6557 4584//12248 4585//6557
f 4578//6559 4582//12249 4583//6560
f 4579//6562 4583//12250 4584//6563
f 4584//6565 4588//12251 4589//6566
f 4583//6567 4582//12252 4586//6568
f 4584//6570 4583//12253 4587//6571
f 4589//6573 4588//12254 4592//6574
f 4586//6576 4590//12255 4591//6577
f 4587//6579 4591//12256 4592//6580
f 4592//6582 4596//12257 4597//6583
f 4591//6585 4590//12258 4594//6586
f 4592//6588 4591//12259 4595//6589
f 4597//6591 4596//12260 4601//6592
f 4594//6594 4599//12261 4600//6595
f 4595//6597 4600//12262 4601//6598
f 4602//6600 4601//12263 4605//6601
f 4600//6603 4599//12264 4603//6604
f 4601//6606 4600//12265 4604//6607
f 4606//6657 4605//12266 4480//6658
f 4603//6660 4478//12267 4479//6661
f 4604//6663 4479//12268 4480//6664
f 4615//6667 4614//12269 4627//6668
f 4612//6670 4625//12270 4626//6671
f 4611//6673 4610//12271 4623//6674
f 4609//6676 4608//12272 4621//6677
f 4618//6679 4617//12273 4630//6680
f 4615//6682 4628//12274 4629//6683
f 4613//6685 4626//12275 4627//6686
f 4612//6688 4611//12276 4624//6689
f 4609//6691 4622//12277 4623//6692
f 4607//6694 4620//12278 4621//6695
f 4619//6697 4618//12279 4631//6697
f 4617//6699 4616//12280 4629//6700
f 4622//6702 4635//12281 4636//6703
f 4620//6705 4633//12282 4634//6706
f 4632//6708 4631//12283 4644//6709
f 4629//6711 4642//12284 4643//6712
f 4628//6714 4627//12285 4640//6714
f 4626//6716 4625//12286 4638//6716
f 4624//6718 4623//12287 4636//6719
f 4622//6721 4621//12288 4634//6722
f 4631//6724 4630//12289 4643//6725
f 4628//6727 4641//12290 4642//6727
f 4626//6729 4639//12291 4640//6730
f 4624//6732 4637//12292 4638//6732
f 4635//6734 4648//12293 4649//6735
f 4634//6737 4633//12294 4646//6738
f 4644//6740 4657//12295 4658//6741
f 4642//6743 4655//12296 4656//6744
f 4641//6746 4640//12297 4653//6747
f 4639//6749 4638//12298 4651//6749
f 4636//6751 4649//12299 4650//6751
f 4635//6753 4634//12300 4647//6754
f 4643//6756 4656//12301 4657//6757
f 4642//6759 4641//12302 4654//6760
f 4640//6762 4639//12303 4652//6763
f 4637//6765 4650//12304 4651//6766
f 4648//6768 4661//12305 4662//6769
f 4646//6771 4659//12306 4660//6772
f 4658//6774 4657//12307 4670//6775
f 4656//6777 4655//12308 4668//6778
f 4653//6779 4666//12309 4667//6780
f 4651//6782 4664//6782 4665//6783
f 4649//6785 4662//12310 4663//6785
f 4648//6786 4647//12311 4660//6787
f 4656//6789 4669//12312 4670//6790
f 4654//6792 4667//12313 4668//6793
f 4653//6795 4652//12314 4665//6796
f 4651//6798 4650//12315 4663//6798
f 4661//6800 4674//12316 4675//6800
f 4660//6802 4659//12317 4672//6803
f 4670//6805 4683//6805 4684//6806
f 4668//6808 4681//12318 4682//6809
f 4667//6811 4666//12319 4679//6811
f 4665//6813 4664//6813 4677//6813
f 4663//6814 4662//12320 4675//6814
f 4661//6815 4660//12321 4673//6816
f 4670//6818 4669//12322 4682//6819
f 4667//6821 4680//12323 4681//6822
f 4665//6823 4678//12324 4679//6824
f 4663//6826 4676//12325 4677//6826
f 4675//6828 4674//12326 4687//6829
f 4672//6831 4685//12327 4686//6832
f 4684//6834 4683//6835 4696//6835
f 4682//6837 4681//6838 4694//6838
f 4679//6840 4692//12328 4693//6841
f 4678//6843 4677//12329 4690//6843
f 4676//6845 4675//12330 4688//6846
f 4673//6848 4686//12331 4687//6849
f 4683//6851 4682//12332 4695//6851
f 4681//6853 4680//6854 4693//6854
f 4678//6855 4691//12333 4692//6856
f 4676//6858 4689//12334 4690//6858
f 4688//6860 4687//12335 4700//6861
f 4686//6863 4685//12336 4698//6864
f 4696//6866 4709//12337 4710//6867
f 4695//6869 4694//12338 4707//6870
f 4692//6872 4705//12339 4706//6873
f 4691//6875 4690//12340 4703//6875
f 4688//6877 4701//12341 4702//6878
f 4686//6880 4699//12342 4700//6881
f 4695//6883 4708//12343 4709//6884
f 4694//6885 4693//12344 4706//6886
f 4692//6888 4691//12345 4704//6889
f 4689//6891 4702//12346 4703//6891
f 4701//6893 4700//12347 4713//6894
f 4699//6896 4698//12348 4711//6896
f 4710//6898 4709//6899 4722//6899
f 4707//6901 4720//6901 4721//6902
f 4705//6904 4718//6904 4719//6905
f 4704//6906 4703//12349 4716//6907
f 4701//6909 4714//12350 4715//6910
f 4699//6912 4712//12351 4713//6913
f 4709//6915 4708//12352 4721//6916
f 4707//6918 4706//6918 4719//6918
f 4705//6920 4704//12353 4717//6921
f 4702//12354 4715//12354 4716//12354
f 4713//6924 4726//12355 4727//6925
f 4711//6927 4724//12356 4725//6928
f 4723//6930 4722//12357 4735//6930
f 4721//6932 4720//6933 4733//6933
f 4719//6935 4718//12358 4731//6936
f 4716//6938 4729//12359 4730//6939
f 4715//6941 4714//12360 4727//6942
f 4713//6944 4712//12361 4725//6945
f 4721//6947 4734//12362 4735//6948
f 4719//6950 4732//12363 4733//6951
f 4717//6953 4730//12364 4731//6953
f 4716//6955 4715//12365 4728//6956
f 4726//6958 4739//12366 4740//6959
f 4724//6961 4737//12367 4738//6962
f 4736//6963 4735//12368 4748//6964
f 4733//6966 4746//12369 4747//6967
f 4732//6969 4731//12370 4744//6970
f 4730//6972 4729//12371 4742//6972
f 4728//6974 4727//12372 4740//6975
f 4726//6977 4725//12373 4738//6977
f 4735//6979 4734//12374 4747//6980
f 4732//6982 4745//12375 4746//6982
f 4730//6984 4743//12376 4744//6985
f 4728//6987 4741//12377 4742//6987
f 4739//6989 4752//12378 4753//6990
f 4738//6992 4737//12379 4750//6993
f 4748//6995 4761//12380 4762//6996
f 4746//6997 4759//12381 4760//6998
f 4745//7000 4744//12382 4757//7001
f 4743//7003 4742//12383 4755//7003
f 4740//7005 4753//12384 4754//7005
f 4739//7007 4738//12385 4751//7008
f 4747//7010 4760//12386 4761//7011
f 4745//7013 4758//7015 4759//7014
f 4744//7016 4743//12387 4756//7016
f 4741//7018 4754//12388 4755//7019
f 4753//7021 4752//12389 4765//7022
f 4750//7024 4763//12390 4764//7025
f 4762//7027 4761//12391 4774//7028
f 4759//7030 4772//12392 4773//7031
f 4758//7033 4757//12393 4770//7033
f 4755//7035 4768//12394 4769//7035
f 4753//7037 4766//12395 4767//7038
f 4752//7040 4751//12396 4764//7040
f 4760//7041 4773//12397 4774//7042
f 4758//7044 4771//7044 4772//7045
f 4757//7047 4756//7047 4769//7047
f 4755//7048 4754//7048 4767//7048
f 4765//7049 4778//12398 4779//7049
f 4764//7051 4763//12399 4776//7052
f 4774//7054 4787//12400 4788//7055
f 4772//7057 4785//12401 4786//7058
f 4771//7060 4770//12402 4783//7060
f 4769//7062 4768//12403 4781//7062
f 4767//7064 4766//12404 4779//7064
f 4765//7066 4764//12405 4777//7067
f 4774//7069 4773//12406 4786//7070
f 4771//7072 4784//7072 4785//7073
f 4769//7074 4782//12407 4783//7074
f 4767//7076 4780//12408 4781//7076
f 4779//7078 4778//12409 4791//7078
f 4776//7080 4789//12410 4790//7081
f 4788//7083 4787//12411 4800//7084
f 4786//7086 4785//12412 4798//7087
f 4783//7088 4796//12413 4797//7088
f 4782//7089 4781//12414 4794//7090
f 4780//7092 4779//12415 4792//7093
f 4777//7095 4790//12416 4791//7096
f 4787//7098 4786//12417 4799//7099
f 4785//7101 4784//12418 4797//7102
f 4782//7104 4795//12419 4796//7104
f 4780//7106 4793//7106 4794//7106
f 4792//7107 4791//12420 4804//7108
f 4790//7110 4789//12421 4802//7111
f 4800//7112 4813//12422 4814//7113
f 4799//7114 4798//12423 4811//7115
f 4796//7117 4809//12424 4810//7118
f 4795//7120 4794//7120 4807//7120
f 4792//7122 4805//12425 4806//7123
f 4790//7125 4803//12426 4804//7126
f 4799//7128 4812//12427 4813//7129
f 4798//7131 4797//12428 4810//7132
f 4796//7134 4795//12429 4808//7135
f 4793//7137 4806//12430 4807//7138
f 4805//7140 4804//12431 4817//7141
f 4803//7143 4802//12432 4815//7144
f 4814//7146 4813//12433 4826//7147
f 4811//7148 4824//12434 4825//7148
f 4809//7150 4822//12435 4823//7151
f 4808//7153 4807//12436 4820//7154
f 4805//7156 4818//12437 4819//7157
f 4803//7158 4816//12438 4817//7159
f 4813//7161 4812//12439 4825//7162
f 4811//7164 4810//12440 4823//7164
f 4809//7166 4808//12441 4821//7166
f 4806//7168 4819//12442 4820//7169
f 4817//7171 4830//12443 4831//7172
f 4815//7174 4828//12444 4829//7175
f 4826//7177 4839//12445 4840//7178
f 4825//7180 4824//12446 4837//7181
f 4823//7183 4822//12447 4835//7184
f 4820//7186 4833//12448 4834//7187
f 4819//7189 4818//12449 4831//7190
f 4817//7192 4816//12450 4829//7192
f 4825//7194 4838//12451 4839//7195
f 4823//7197 4836//12452 4837//7198
f 4821//7200 4834//12453 4835//7201
f 4820//7202 4819//12454 4832//7203
f 4830//7205 4843//12455 4844//7205
f 4828//7207 4841//12456 4842//7208
f 4840//7210 4839//12457 4852//7211
f 4837//7212 4850//7213 4851//7213
f 4836//7215 4835//12458 4848//7216
f 4834//7218 4833//12459 4846//7218
f 4832//7220 4831//12460 4844//7221
f 4830//7223 4829//12461 4842//7224
f 4839//7226 4838//12462 4851//7227
f 4836//7229 4849//7229 4850//7229
f 4834//7231 4847//12463 4848//7232
f 4832//7234 4845//12464 4846//7234
f 4843//7236 4856//12465 4857//7237
f 4842//7239 4841//12466 4854//7240
f 4852//7242 4865//12467 4866//7243
f 4850//7245 4863//12468 4864//7246
f 4849//7248 4848//12469 4861//7249
f 4847//7251 4846//12470 4859//7251
f 4844//7253 4857//12471 4858//7254
f 4843//7255 4842//12472 4855//7256
f 4851//7258 4864//12473 4865//7259
f 4849//7261 4862//12474 4863//7262
f 4848//7264 4847//12475 4860//7264
f 4845//7266 4858//12476 4859//7267
f 4857//7269 4856//12477 4869//7269
f 4855//7270 4854//12478 4867//7271
f 4866//7273 4865//12479 4878//7274
f 4864//7276 4863//12480 4876//7277
f 4862//7279 4861//12481 4874//7280
f 4859//7282 4872//7284 4873//7283
f 4857//7285 4870//12482 4871//7286
f 4856//7288 4855//12483 4868//7289
f 4864//7291 4877//12484 4878//7291
f 4862//7293 4875//12485 4876//7294
f 4861//7296 4860//7296 4873//7296
f 4859//7298 4858//12486 4871//7298
f 4869//7299 4882//12487 4883//7299
f 4868//7301 4867//12488 4880//7302
f 4878//7304 4891//12489 4892//7305
f 4877//7307 4876//12490 4889//7308
f 4874//7309 4887//12491 4888//7309
f 4873//7311 4872//12492 4885//7311
f 4871//7313 4870//12493 4883//7313
f 4868//7315 4881//12494 4882//7316
f 4878//7318 4877//12495 4890//7319
f 4876//7321 4875//12496 4888//7321
f 4873//7323 4886//12497 4887//7323
f 4871//7325 4884//12498 4885//7325
f 4883//7327 4882//12499 4896//7328
f 4880//7330 4894//12500 4895//7330
f 4892//7331 4891//12501 4905//7332
f 4890//7334 4889//12502 4903//7335
f 4887//7337 4901//12503 4902//7338
f 4885//7340 4899//12504 4900//7341
f 4884//7343 4883//12505 4897//7344
f 4881//7346 4895//12506 4896//7347
f 4891//7349 4890//12507 4904//7349
f 4889//7351 4888//12508 4902//7352
f 4886//7354 4900//12509 4901//7354
f 4885//7356 4884//12510 4898//7357
f 4897//7359 4896//12511 4909//7359
f 4895//7361 4894//12512 4907//7362
f 4905//7364 4918//7364 4919//7364
f 4904//7366 4903//12513 4916//7367
f 4901//7369 4914//12514 4915//7369
f 4899//7371 4912//12515 4913//7371
f 4897//7373 4910//12516 4911//7374
f 4895//7376 4908//12517 4909//7377
f 4904//7379 4917//12518 4918//7380
f 4903//7382 4902//12519 4915//7383
f 4901//7385 4900//12520 4913//7386
f 4899//7388 4898//7388 4911//7388
f 4910//7389 4909//12521 4922//7390
f 4908//7392 4907//12522 4920//7393
f 4919//7395 4918//12523 4931//7395
f 4916//7397 4929//12524 4930//7398
f 4914//7400 4927//12525 4928//7401
f 4913//7403 4912//12526 4925//7404
f 4910//7406 4923//12527 4924//7407
f 4908//7409 4921//12528 4922//7410
f 4918//7412 4917//12529 4930//7413
f 4916//7415 4915//12530 4928//7416
f 4914//7418 4913//12531 4926//7419
f 4911//7421 4924//12532 4925//7422
f 4922//7424 4935//12533 4936//7425
f 4920//7427 4933//7427 4934//7428
f 4931//7430 4944//12534 4945//7431
f 4930//7432 4929//12535 4942//7433
f 4928//7435 4927//12536 4940//7436
f 4925//7438 4938//12537 4939//7439
f 4924//7441 4923//12538 4936//7441
f 4922//7443 4921//12539 4934//7444
f 4930//7446 4943//12540 4944//7447
f 4928//7449 4941//12541 4942//7450
f 4926//7452 4939//12542 4940//7452
f 4925//7454 4924//12543 4937//7455
f 4935//7457 4948//12544 4949//7458
f 4933//7460 4946//12545 4947//7461
f 4945//7463 4944//12546 4957//7464
f 4942//7466 4955//12547 4956//7467
f 4941//7469 4940//7469 4953//7469
f 4938//7470 4951//12548 4952//7470
f 4937//7472 4936//12549 4949//7473
f 4935//7475 4934//12550 4947//7476
f 4944//7478 4943//7480 4956//7479
f 4941//7481 4954//12551 4955//7482
f 4939//7484 4952//12552 4953//7485
f 4938//7487 4937//12553 4950//7488
f 4948//7490 4961//12554 4962//7491
f 4947//7493 4946//12555 4959//7494
f 4957//7496 4970//7496 4971//7497
f 4955//7498 4968//12556 4969//7499
f 4954//7501 4953//12557 4966//7502
f 4951//7503 4964//12558 4965//7504
f 4949//7506 4962//12559 4963//7507
f 4948//7509 4947//12560 4960//7510
f 4956//7512 4969//12561 4970//7513
f 4954//7515 4967//12562 4968//7516
f 4953//7518 4952//12563 4965//7518
f 4951//7520 4950//12564 4963//7520
f 4962//7522 4961//12565 4974//7523
f 4959//7525 4972//12566 4973//7526
f 4971//7528 4970//12567 4983//7529
f 4968//7531 4981//12568 4982//7532
f 4966//7534 4979//12569 4980//7535
f 4964//7537 4977//12570 4978//7538
f 4962//7540 4975//12571 4976//7541
f 4960//7543 4973//12572 4974//7544
f 4969//7546 4982//12573 4983//7546
f 4967//7548 4980//12574 4981//7549
f 4966//7550 4965//12575 4978//7551
f 4964//7553 4963//12576 4976//7554
f 4975//7556 4974//12577 4987//7557
f 4973//7559 4972//12578 4985//7560
f 4983//7562 4996//7562 4997//7563
f 4981//7565 4994//12579 4995//7565
f 4979//7567 4992//12580 4993//7568
f 4978//7570 4977//12581 4990//7570
f 4976//7572 4975//12582 4988//7573
f 4973//7575 4986//12583 4987//7576
f 4983//7578 4982//12584 4995//7579
f 4981//7581 4980//12585 4993//7582
f 4978//7584 4991//12586 4992//7584
f 4976//7586 4989//12587 4990//7586
f 4988//7588 4987//12588 5000//7589
f 4985//7591 4998//12589 4999//7592
f 4997//7594 4996//12590 5009//7595
f 4995//7597 4994//12591 5007//7598
f 4992//7600 5005//12592 5006//7601
f 4991//7603 4990//12593 5003//7603
f 4989//7604 4988//12594 5001//7605
f 4986//7607 4999//12595 5000//7608
f 4996//7610 4995//12596 5008//7611
f 4994//7613 4993//12597 5006//7614
f 4991//7616 5004//12598 5005//7616
f 4989//7618 5002//12599 5003//7618
f 5001//7620 5000//12600 5013//7621
f 4999//7623 4998//12601 5011//7624
f 5009//7626 5022//12602 5023//7627
f 5008//7629 5007//12603 5020//7629
f 5005//7631 5018//12604 5019//7632
f 5004//7634 5003//12605 5016//7635
f 5001//7637 5014//12606 5015//7638
f 4999//7640 5012//12607 5013//7641
f 5008//7643 5021//12608 5022//7644
f 5007//7646 5006//12609 5019//7647
f 5005//7649 5004//12610 5017//7650
f 5002//7652 5015//12611 5016//7652
f 5014//7685 5013//12612 4609//7686
f 5012//7688 5011//12613 4607//7689
f 5022//7691 4618//12614 4619//7692
f 5020//7694 4616//12615 4617//7695
f 5018//7697 4614//12616 4615//7697
f 5017//7699 5016//12617 4612//7700
f 5014//7702 4610//12618 4611//7703
f 5012//7705 4608//12619 4609//7706
f 5021//7709 4617//12620 4618//7710
f 5020//7712 5019//12621 4615//7713
f 5018//7715 5017//12622 4613//7716
f 5015//7718 4611//12623 4612//7719
f 4481//7721 4607//12624 5011//7722
f 5011//7724 4998//12625 4602//7725
f 4998//7727 4985//12626 4597//7728
f 4985//7730 4972//12627 4593//7731
f 4593//7733 4972//12628 4959//7734
f 4589//7736 4959//12629 4946//7737
f 4585//7739 4946//12630 4933//7740
f 4933//7742 4920//12631 4577//7743
f 4577//7745 4920//12632 4907//7746
f 4907//7748 4894//7748 4569//7749
f 4894//7750 4880//12633 4565//7751
f 4880//7753 4867//12634 4561//7754
f 4561//7756 4867//12635 4854//7757
f 4557//7759 4854//12636 4841//7760
f 4553//7762 4841//12637 4828//7762
f 4828//7764 4815//12638 4545//7765
f 4545//7767 4815//12639 4802//7767
f 4802//7769 4789//12640 4537//7770
f 4789//7772 4776//12641 4533//7773
f 4776//7775 4763//12642 4529//7776
f 4529//7778 4763//12643 4750//7778
f 4525//7780 4750//12644 4737//7781
f 4521//7783 4737//12645 4724//7784
f 4724//7786 4711//12646 4513//7786
f 4513//7788 4711//12647 4698//7789
f 4698//7791 4685//12648 4505//7792
f 4685//7794 4672//12649 4501//7795
f 4672//7797 4659//12650 4497//7798
f 4497//7800 4659//12651 4646//7801
f 4493//7803 4646//12652 4633//7804
f 4489//7806 4633//12653 4620//7807
f 4620//7809 4607//12654 4481//7810
