# Blender 4.4.0
# www.blender.org
#mtllib sentence01.000020.mtl
#o sentence01.000020
v 0.052018 -0.029031 -0.021278
v 0.055261 -0.027418 -0.020024
v 0.056074 -0.026978 -0.021562
v 0.052844 -0.028675 -0.022278
v 0.065901 -0.034735 -0.021273
v 0.067174 -0.030661 -0.024805
v 0.066695 -0.029871 -0.027443
v 0.066430 -0.032456 -0.027511
v 0.022064 -0.085417 0.016272
v 0.008512 -0.090791 0.014837
v 0.007500 -0.085383 0.024804
v 0.019100 -0.076951 0.028864
v 0.032700 -0.053947 0.050818
v 0.028107 -0.060669 0.042934
v 0.028469 -0.061642 0.055662
v 0.035546 -0.053023 0.058914
v 0.021685 0.052759 -0.077743
v 0.029313 0.047674 -0.076649
v 0.028577 0.052359 -0.070976
v -0.071296 -0.040232 -0.026732
v -0.075013 -0.039076 -0.025742
v -0.075579 -0.038826 -0.027171
v -0.071803 -0.040057 -0.027772
v -0.082164 -0.048535 -0.026730
v -0.083428 -0.044427 -0.030311
v -0.082799 -0.043466 -0.032631
v -0.082176 -0.046193 -0.032684
v 0.021546 0.056621 -0.072055
v 0.084447 -0.042495 -0.042274
v 0.084885 -0.043894 -0.039659
v 0.085584 -0.042424 -0.037727
v 0.084982 -0.040801 -0.039931
v 0.079976 -0.043671 -0.025226
v 0.079954 -0.044077 -0.032498
v 0.081576 -0.044317 -0.034944
v 0.082024 -0.044004 -0.032573
v 0.080656 -0.040242 -0.014918
v 0.079260 -0.040139 -0.015648
v 0.080785 -0.042351 -0.019981
v 0.082713 -0.042762 -0.019427
v 0.063443 -0.013776 0.006022
v 0.066848 -0.016705 0.002510
v 0.067088 -0.017797 0.005947
v 0.062029 -0.016035 0.007515
v 0.058628 -0.017516 0.004897
v 0.063707 -0.021841 0.005245
v 0.063327 -0.023453 0.001008
v 0.059140 -0.020359 0.000976
v 0.078888 -0.030047 -0.051871
v 0.079896 -0.028691 -0.048393
v 0.078617 -0.026360 -0.047487
v 0.077231 -0.027808 -0.050864
v 0.062493 -0.039987 -0.022302
v 0.060563 -0.038234 -0.016378
v 0.066556 -0.040460 -0.020860
v 0.067079 -0.041114 -0.023285
v 0.077591 -0.035438 -0.042632
v 0.078349 -0.038456 -0.043097
v 0.078861 -0.039963 -0.040911
v 0.077435 -0.037767 -0.039765
v 0.081127 -0.043458 -0.044148
v 0.081607 -0.044906 -0.041214
v 0.061527 -0.014827 -0.004571
v 0.060764 -0.014476 -0.008133
v 0.061086 -0.015996 -0.009400
v 0.061402 -0.017296 -0.008278
v 0.064957 -0.032301 -0.021222
v 0.066777 -0.029584 -0.025911
v 0.076714 -0.034214 -0.004271
v 0.076473 -0.033329 -0.006412
v 0.079042 -0.036781 -0.010497
v 0.079128 -0.038063 -0.009052
v 0.073922 -0.030922 -0.008661
v 0.076265 -0.034325 -0.011514
v 0.077037 -0.036617 -0.012266
v 0.076283 -0.034363 -0.010058
v 0.080528 -0.036479 -0.044887
v 0.079079 -0.031435 -0.047273
v 0.080639 -0.030299 -0.046024
v 0.082277 -0.034593 -0.043752
v 0.069538 -0.040780 -0.034231
v 0.067944 -0.039028 -0.038994
v 0.066768 -0.039193 -0.038459
v 0.067862 -0.040760 -0.034390
v 0.080715 -0.041353 -0.041996
v 0.081048 -0.042792 -0.039718
v 0.079131 -0.041642 -0.038511
v 0.068391 -0.024890 -0.040704
v 0.070038 -0.026755 -0.041763
v 0.070163 -0.027683 -0.040206
v 0.069910 -0.026922 -0.039064
v 0.066994 -0.021569 0.006419
v 0.059159 -0.031750 -0.008544
v 0.060874 -0.033401 -0.008925
v 0.063689 -0.036116 -0.012753
v 0.062003 -0.036515 -0.013942
v 0.058016 -0.011860 0.003088
v 0.061476 -0.011841 0.003347
v 0.062254 -0.013089 0.004650
v 0.059117 -0.012803 0.006049
v 0.071179 -0.026770 -0.044893
v 0.073233 -0.028419 -0.043996
v 0.071383 -0.028079 -0.043386
v 0.070076 -0.026802 -0.043960
v 0.078208 -0.042520 -0.030771
v 0.077679 -0.039859 -0.037090
v 0.078064 -0.036227 -0.021763
v 0.077836 -0.039784 -0.022112
v 0.078289 -0.037641 -0.017968
v -0.031232 -0.086960 0.013525
v -0.017105 -0.091639 0.013012
v -0.017418 -0.086270 0.022350
v -0.029258 -0.079247 0.026648
v 0.077537 -0.034539 -0.017872
v 0.077528 -0.036156 -0.029692
v 0.077580 -0.040190 -0.029748
v 0.082835 -0.041377 -0.037344
v 0.082977 -0.042976 -0.031575
v 0.082048 -0.042097 -0.038239
v 0.065973 -0.037765 -0.041951
v 0.068153 -0.042756 -0.045019
v 0.066584 -0.044523 -0.039268
v 0.066159 -0.039404 -0.039702
v 0.060927 -0.017097 -0.013275
v 0.061639 -0.018853 -0.015597
v 0.059398 -0.020941 -0.013221
v 0.058816 -0.019991 -0.010556
v 0.064618 -0.034940 -0.010536
v 0.061892 -0.032565 -0.007857
v 0.062632 -0.031891 -0.007013
v 0.065393 -0.033497 -0.008775
v 0.075623 -0.030110 -0.044427
v 0.075403 -0.031612 -0.040220
v 0.073821 -0.030413 -0.040442
v 0.067681 -0.024440 -0.009021
v 0.068113 -0.026760 -0.010165
v 0.070526 -0.027151 -0.007892
v 0.069827 -0.025123 -0.005951
v 0.072215 -0.028240 0.002316
v 0.069059 -0.029004 0.002045
v 0.066321 -0.025259 0.004123
v 0.069683 -0.024917 0.004707
v 0.060574 -0.018606 -0.009492
v 0.060877 -0.016605 -0.010790
v 0.072342 -0.042155 -0.034345
v 0.070984 -0.039660 -0.040088
v 0.076730 -0.035571 -0.038428
v 0.077143 -0.037325 -0.036003
v 0.063847 -0.022776 -0.026725
v 0.062440 -0.024696 -0.027305
v 0.062424 -0.024677 -0.026331
v 0.064202 -0.022569 -0.025111
v 0.063509 -0.021232 -0.026263
v 0.063774 -0.021119 -0.024537
v 0.062982 -0.020319 -0.024496
v 0.062685 -0.020154 -0.025398
v 0.061740 -0.025376 -0.027481
v 0.062061 -0.025035 -0.027204
v 0.062423 -0.025013 -0.027796
v 0.068008 -0.033243 -0.030315
v 0.067326 -0.034532 -0.022791
v 0.067047 -0.035582 -0.021495
v 0.069131 -0.032945 -0.027257
v 0.078273 -0.042104 -0.023047
v 0.074574 -0.023736 -0.047741
v 0.072785 -0.024851 -0.050396
v 0.075546 -0.028336 -0.052911
v 0.060157 -0.030956 -0.011805
v 0.064054 -0.027690 -0.011737
v 0.062687 -0.026306 -0.011657
v 0.060102 -0.029248 -0.011504
v 0.060357 -0.024157 -0.017577
v 0.057535 -0.024196 -0.014302
v 0.061582 -0.021712 -0.015875
v 0.064716 -0.020262 -0.032269
v 0.064014 -0.023561 -0.028477
v 0.063468 -0.022333 -0.027515
v 0.063319 -0.020937 -0.027858
v 0.080687 -0.041113 -0.014378
v 0.082492 -0.043863 -0.019329
v 0.080258 -0.044982 -0.019638
v 0.078698 -0.042248 -0.014261
v 0.059459 -0.011815 -0.001194
v 0.054624 -0.015900 -0.000170
v 0.058363 -0.013094 -0.004681
v 0.082503 -0.037569 -0.049063
v 0.080010 -0.038219 -0.051006
v 0.080433 -0.040257 -0.049026
v 0.083290 -0.039501 -0.047088
v 0.066252 -0.027219 -0.033734
v 0.065762 -0.027496 -0.031638
v 0.066095 -0.026085 -0.032851
v 0.065902 -0.025863 -0.035187
v 0.046593 -0.069874 0.002433
v 0.055250 -0.049250 0.002400
v 0.059281 -0.060194 -0.011700
v 0.051053 -0.077552 -0.011336
v 0.072790 -0.027681 -0.000865
v 0.071835 -0.024579 0.001381
v 0.066966 -0.018187 -0.039907
v 0.065508 -0.018067 -0.041454
v 0.065945 -0.021536 -0.046674
v 0.068056 -0.019473 -0.043819
v 0.082505 -0.046935 -0.033716
v 0.085366 -0.045840 -0.032700
v 0.071047 -0.025090 -0.044995
v 0.073548 -0.027697 -0.047420
v 0.071681 -0.026910 -0.045466
v 0.070230 -0.025521 -0.044330
v 0.070499 -0.022467 -0.036960
v 0.071244 -0.022238 -0.038194
v 0.069472 -0.022530 -0.039184
v 0.068425 -0.022920 -0.037974
v 0.063587 -0.019456 -0.046312
v 0.064930 -0.024653 -0.051315
v 0.057560 -0.031465 -0.007703
v 0.069515 -0.019744 -0.038807
v 0.070406 -0.019837 -0.041304
v 0.071956 -0.021903 -0.039843
v -0.046698 -0.058744 0.048675
v -0.042328 -0.065299 0.040484
v -0.040234 -0.067452 0.053838
v -0.048101 -0.058371 0.056547
v 0.059731 -0.012914 -0.009422
v 0.061120 -0.014666 -0.010680
v 0.069662 -0.025384 -0.044077
v 0.068867 -0.025379 -0.043015
v 0.067685 -0.023880 -0.039192
v 0.068605 -0.025967 -0.038216
v 0.072450 -0.031183 -0.030874
v 0.073527 -0.032371 -0.022511
v 0.060171 -0.046138 -0.012720
v 0.055787 -0.031532 0.000049
v 0.068298 -0.022904 -0.039679
v 0.068395 -0.023101 -0.040212
v 0.067731 -0.022994 -0.039493
v 0.067376 -0.023405 -0.038687
v 0.070429 -0.021479 0.003416
v 0.072098 -0.030513 -0.037275
v 0.069649 -0.028441 -0.035574
v 0.071037 -0.028755 -0.037519
v 0.082920 -0.043101 -0.023862
v 0.084509 -0.042902 -0.031165
v 0.086164 -0.043845 -0.031248
v 0.084483 -0.043946 -0.023658
v 0.056422 -0.016301 0.003423
v 0.065780 -0.028930 -0.030817
v 0.066652 -0.028574 -0.029442
v 0.067362 -0.026427 -0.036768
v 0.066605 -0.023921 -0.037865
v 0.061178 -0.014559 -0.013641
v 0.079615 -0.038223 -0.045733
v 0.080317 -0.039740 -0.044028
v 0.078252 -0.037085 -0.044705
v 0.078104 -0.035517 -0.045805
v 0.077604 -0.033833 -0.048127
v 0.077207 -0.033336 -0.048814
v 0.078944 -0.036445 -0.047339
v 0.069364 -0.027007 -0.037228
v 0.070433 -0.027836 -0.038141
v 0.067748 -0.022075 -0.008150
v 0.068807 -0.021829 -0.002739
v 0.077660 -0.035077 -0.014396
v 0.076124 -0.032261 -0.015040
v 0.077221 -0.045651 -0.025535
v 0.077467 -0.045561 -0.034009
v 0.074950 -0.043438 -0.034158
v 0.075256 -0.043991 -0.026098
v 0.067325 -0.041455 -0.028644
v 0.064247 -0.041888 -0.029508
v 0.062354 -0.019606 -0.026306
v 0.061900 -0.017495 -0.030210
v 0.066214 -0.025784 -0.035988
v 0.066285 -0.024345 -0.037657
v 0.068851 -0.037461 -0.012550
v 0.065093 -0.029986 -0.005708
v 0.069401 -0.035630 -0.010196
v 0.060591 -0.027989 -0.005993
v 0.060219 -0.025539 -0.004870
v 0.063146 -0.027105 -0.004159
v 0.073563 -0.029826 -0.010443
v 0.075964 -0.032145 -0.011777
v 0.062383 -0.025977 -0.026974
v 0.061407 -0.027877 -0.025422
v 0.060353 -0.025984 -0.026977
v 0.075800 -0.033349 -0.029995
v 0.076680 -0.034014 -0.022075
v 0.071107 -0.022746 -0.040378
v 0.067552 -0.023644 -0.030882
v 0.068255 -0.021282 -0.034298
v 0.074443 -0.022634 -0.042995
v 0.073122 -0.023059 -0.041722
v 0.072208 -0.022864 -0.040941
v 0.073010 -0.021943 -0.041352
v 0.054175 -0.028542 -0.017815
v 0.055969 -0.026511 -0.015873
v 0.058001 -0.025625 -0.018950
v 0.076458 -0.030850 -0.048060
v 0.076725 -0.031976 -0.046302
v 0.073561 -0.040848 -0.040453
v 0.070652 -0.027565 -0.041976
v 0.070655 -0.028694 -0.040602
v 0.071276 -0.038796 -0.053077
v 0.069828 -0.034551 -0.051031
v 0.069146 -0.033227 -0.051392
v 0.070671 -0.034232 -0.055732
v 0.059509 -0.021863 -0.001418
v 0.062554 -0.024628 -0.001316
v 0.062143 -0.025316 -0.003044
v 0.059979 -0.023368 -0.003437
v 0.061451 -0.025952 -0.011594
v 0.059595 -0.028271 -0.011352
v 0.078053 -0.039318 -0.015856
v 0.077703 -0.037611 -0.014960
v 0.078316 -0.040209 -0.018937
v 0.078592 -0.042019 -0.020302
v 0.066832 -0.030205 -0.034641
v 0.067037 -0.028725 -0.033337
v 0.067694 -0.034052 -0.046057
v 0.070542 -0.035141 -0.047730
v 0.070221 -0.032688 -0.049885
v 0.068119 -0.032868 -0.048519
v 0.076132 -0.042656 -0.040924
v 0.070603 -0.028688 -0.039104
v 0.070886 -0.029512 -0.039172
v 0.070475 -0.028143 -0.039548
v 0.067612 -0.023387 -0.037135
v 0.069699 -0.023429 -0.035813
v 0.074522 -0.023900 -0.043304
v 0.077787 -0.026269 -0.046220
v 0.076702 -0.027566 -0.046965
v 0.073906 -0.024180 -0.044211
v 0.068946 -0.023651 -0.041798
v 0.009626 -0.100357 0.004714
v 0.013105 -0.111866 -0.002724
v -0.051702 0.047689 -0.081676
v -0.058403 0.041613 -0.080615
v -0.058795 0.046199 -0.075256
v -0.052068 0.050997 -0.075699
v 0.070633 -0.025552 -0.050335
v 0.070807 -0.029020 -0.051831
v 0.072437 -0.028726 -0.052533
v 0.071501 -0.025680 -0.051006
v 0.077858 -0.035162 -0.044713
v 0.081459 -0.040762 -0.040845
v 0.067129 -0.027737 -0.027412
v 0.063858 -0.028933 -0.024508
v 0.052937 -0.029236 -0.024023
v 0.053460 -0.028872 -0.025220
v 0.054197 -0.029967 -0.024898
v 0.054036 -0.030506 -0.023993
v 0.056588 -0.031094 -0.018358
v 0.058498 -0.030046 -0.017282
v 0.057024 -0.028636 -0.015709
v 0.055590 -0.030402 -0.016954
v 0.052052 -0.029799 -0.021217
v 0.052520 -0.029498 -0.022760
v 0.053447 -0.031033 -0.022338
v 0.052817 -0.031686 -0.020702
v 0.075745 -0.029115 -0.048744
v 0.077744 -0.031231 -0.048343
v 0.083645 -0.039669 -0.039040
v 0.084252 -0.041170 -0.036866
v 0.080906 -0.037520 -0.044842
v 0.081360 -0.039083 -0.042937
v 0.061940 -0.018757 -0.018530
v 0.062745 -0.020484 -0.018622
v 0.062360 -0.020459 -0.016927
v 0.084685 -0.039073 -0.041560
v 0.083888 -0.040896 -0.044599
v 0.062255 -0.013323 -0.001290
v 0.060940 -0.011792 0.000605
v 0.030999 0.002815 0.063797
v 0.042539 -0.005740 0.059489
v 0.042371 -0.003815 0.069978
v 0.031549 0.004896 0.074821
v 0.073086 -0.022124 -0.046033
v 0.070735 -0.023740 -0.048701
v 0.051740 -0.030087 -0.019163
v 0.051782 -0.030223 -0.019031
v 0.054111 -0.029737 -0.017050
v 0.056847 -0.026847 -0.023098
v 0.053360 -0.028364 -0.023679
v 0.057705 -0.031016 -0.019966
v 0.057850 -0.029086 -0.025342
v 0.057463 -0.027765 -0.026521
v 0.055881 -0.025174 -0.012241
v 0.057017 -0.027105 -0.011236
v 0.059004 -0.023445 -0.010683
v 0.052891 -0.031738 -0.018459
v 0.067497 -0.028593 -0.036210
v 0.060807 -0.030372 -0.020268
v 0.061949 -0.032008 -0.017911
v 0.060574 -0.031275 -0.015801
v 0.059654 -0.030417 -0.018352
v 0.071990 -0.028307 -0.007745
v 0.071717 -0.028428 -0.009353
v 0.060673 -0.032989 -0.013087
v 0.064446 -0.030613 -0.012096
v 0.067668 -0.027338 -0.030337
v 0.068874 -0.024652 -0.033198
v 0.063330 -0.026354 -0.027104
v 0.061185 -0.029336 -0.022533
v 0.063168 -0.031228 -0.020096
v 0.057259 -0.026926 -0.024332
v 0.060387 -0.025244 -0.024553
v 0.060323 -0.025567 -0.025654
v 0.057466 -0.027144 -0.025361
v 0.072342 -0.029838 -0.040623
v 0.069144 -0.021787 -0.046780
v 0.071872 -0.020748 -0.043722
v 0.074644 -0.051521 -0.056926
v 0.073044 -0.055541 -0.049005
v 0.070771 -0.041874 -0.049931
v 0.058806 -0.030691 -0.021691
v 0.053936 -0.028880 -0.025795
v 0.054346 -0.028487 -0.025186
v 0.078061 -0.036891 -0.011695
v 0.060424 -0.022403 -0.009995
v 0.066658 -0.024068 -0.035251
v 0.076191 -0.044131 -0.020793
v 0.075017 -0.041953 -0.015593
v 0.066334 -0.024168 -0.036749
v 0.066506 -0.024100 -0.037780
v 0.058414 -0.027954 -0.011168
v 0.060563 -0.024805 -0.011057
v 0.066782 -0.023798 -0.038025
v 0.062727 -0.021990 -0.018084
v 0.076762 -0.034344 -0.039920
v 0.067321 -0.029722 -0.001223
v 0.065040 -0.026504 0.000185
v 0.053985 -0.028127 -0.024702
v 0.055833 -0.028036 -0.016011
v 0.057990 -0.029664 -0.023636
v 0.062103 -0.024025 -0.022155
v 0.061380 -0.023830 -0.019856
v 0.063150 -0.021796 -0.020498
v 0.066034 -0.031689 -0.013248
v 0.061975 -0.034439 -0.015579
v 0.063796 -0.035686 -0.016753
v 0.068371 -0.032197 -0.014661
v 0.073662 -0.039491 -0.010561
v 0.071669 -0.036052 -0.006108
v 0.074370 -0.035846 -0.003650
v 0.077138 -0.039343 -0.008540
v 0.076192 -0.061920 -0.072863
v 0.075334 -0.044100 -0.062247
v 0.076398 -0.048110 -0.077574
v 0.074782 -0.038672 -0.048818
v 0.074779 -0.039972 -0.046514
v 0.080783 -0.041905 -0.046770
v 0.068007 -0.029509 -0.054133
v 0.068591 -0.031975 -0.051441
v 0.070243 -0.029692 -0.051150
v 0.081363 -0.046649 -0.024601
v 0.066163 -0.018524 -0.036234
v 0.068638 -0.020209 -0.036458
v 0.067500 -0.038402 -0.013957
v 0.071110 -0.029146 -0.012406
v 0.073865 -0.030320 -0.013303
v 0.081315 -0.031144 -0.048241
v 0.079216 -0.028274 -0.046503
v -0.006359 0.032386 0.074366
v -0.006061 0.030549 0.084023
v -0.009281 0.073940 -0.026904
v -0.008059 0.072707 -0.026672
v -0.009441 0.071540 -0.028242
v -0.009887 0.072147 -0.028293
v -0.009073 0.073399 -0.018387
v -0.009466 0.072494 -0.019685
v -0.007940 0.071436 -0.019600
v -0.007296 0.072585 -0.018834
v -0.010871 0.071760 -0.028348
v -0.012221 0.074416 -0.026465
v -0.011261 0.075131 -0.026588
v -0.010534 0.072064 -0.028290
v 0.081113 -0.032212 -0.051212
v -0.005118 0.073334 -0.019470
v -0.005841 0.072511 -0.020924
v -0.005875 0.074303 -0.021527
v -0.004074 0.075088 -0.020674
v -0.013668 0.081851 -0.019475
v -0.012370 0.081627 -0.021788
v -0.013242 0.079334 -0.020817
v -0.013540 0.079210 -0.018718
v -0.010191 0.080753 -0.022408
v -0.008449 0.082749 -0.022537
v -0.006491 0.080715 -0.022716
v -0.008484 0.078976 -0.022208
v -0.012338 0.074510 -0.022613
v -0.011656 0.075844 -0.020567
v -0.013364 0.077696 -0.023295
v -0.005793 0.072783 -0.023368
v -0.005686 0.071360 -0.022457
v -0.007588 0.071300 -0.025710
v -0.007530 0.071344 -0.026100
v 0.032149 -0.000066 0.047010
v 0.043436 -0.009865 0.046612
v 0.016369 0.049852 -0.039135
v 0.015554 0.051216 -0.036597
v 0.011669 0.051669 -0.038071
v 0.012642 0.050375 -0.040189
v 0.063661 -0.020834 -0.022635
v 0.062873 -0.019897 -0.023473
v 0.075062 -0.041245 -0.043851
v 0.079620 -0.036915 -0.046234
v 0.074932 -0.037015 -0.050408
v 0.074056 -0.032649 -0.051944
v 0.071927 -0.032545 -0.050846
v 0.072457 -0.036039 -0.049093
v 0.083259 -0.035733 -0.045546
v 0.062634 -0.021247 -0.008705
v 0.073951 -0.032015 -0.036141
v 0.073232 -0.030551 -0.052453
v 0.077084 -0.030227 -0.053424
v 0.080824 -0.043018 -0.024484
v 0.083824 -0.037554 -0.043997
v 0.082627 -0.036444 -0.042562
v 0.076052 -0.023265 -0.044801
v 0.066523 -0.035600 -0.019614
v 0.072411 -0.032498 -0.019119
v 0.070660 -0.032387 -0.016353
v -0.101141 -0.057231 -0.048580
v -0.102338 -0.058901 -0.045785
v -0.103404 -0.057820 -0.043858
v -0.102141 -0.055923 -0.046145
v -0.097044 -0.057764 -0.031238
v -0.096217 -0.058676 -0.038360
v -0.097519 -0.059238 -0.040977
v -0.098618 -0.058667 -0.038616
v 0.065714 -0.035766 -0.017554
v 0.066596 -0.028908 -0.032108
v 0.061413 -0.012188 -0.014612
v 0.070742 -0.025686 -0.003267
v -0.099520 -0.054433 -0.020778
v -0.097812 -0.053856 -0.021686
v -0.099101 -0.056247 -0.026003
v -0.101407 -0.057268 -0.025329
v 0.072267 -0.028185 -0.004611
v 0.025254 -0.093793 0.003810
v 0.031162 -0.104535 -0.005162
v 0.083923 -0.045324 -0.023973
v 0.076071 -0.030603 -0.048940
v 0.065694 -0.021414 -0.008449
v 0.066522 -0.018194 -0.003482
v 0.064169 -0.017164 -0.004279
v 0.070761 -0.029363 -0.039722
v 0.066525 -0.038249 -0.015414
v 0.066289 -0.039468 -0.017569
v 0.054504 -0.029615 -0.025553
v 0.070306 -0.035672 -0.008319
v 0.066401 -0.029780 -0.003581
v 0.048311 -0.022064 0.045241
v 0.044862 -0.035902 0.043043
v -0.087510 -0.024866 0.002081
v -0.089779 -0.028254 -0.001477
v -0.090560 -0.029332 0.002158
v -0.085714 -0.027315 0.003622
v 0.044879 -0.031876 0.054419
v 0.047821 -0.018664 0.057374
v 0.059759 -0.015008 -0.028462
v 0.060970 -0.016836 -0.021347
v 0.061523 -0.014695 -0.020215
v 0.007630 0.023231 0.064580
v 0.006621 0.023821 0.078540
v 0.058447 -0.010060 -0.015879
v 0.054807 -0.000972 -0.016300
v 0.056228 -0.001467 -0.031032
v 0.057529 -0.010584 -0.025582
v 0.042618 0.031605 -0.061604
v 0.043550 0.026973 -0.062384
v 0.044785 0.027552 -0.053105
v 0.043320 0.031392 -0.054297
v 0.006281 0.041139 -0.116947
v -0.004119 0.042006 -0.117743
v -0.003051 0.037149 -0.125401
v 0.007437 0.035723 -0.124259
v 0.034276 -0.110292 -0.012744
v 0.036154 -0.114927 -0.024196
v 0.017313 -0.122915 -0.021017
v 0.015545 -0.117632 -0.010638
v 0.010101 0.016632 -0.143490
v -0.000346 0.018996 -0.145080
v 0.000344 0.008759 -0.150615
v -0.081912 -0.028360 0.001607
v -0.085815 -0.033226 0.002066
v -0.084802 -0.034724 -0.001826
v -0.081690 -0.031057 -0.001808
v 0.011003 0.006640 -0.148897
v 0.034451 0.043617 -0.035689
v 0.035954 0.044558 -0.030273
v 0.032122 0.047177 -0.029977
v 0.030902 0.045552 -0.035611
v 0.065463 -0.015416 0.001377
v 0.064104 -0.014332 -0.000001
v -0.094510 -0.043191 -0.057007
v -0.095662 -0.042537 -0.053286
v -0.094330 -0.040634 -0.051862
v -0.092711 -0.040988 -0.055533
v -0.078293 -0.049390 -0.026561
v -0.078399 -0.048018 -0.020111
v -0.083376 -0.050919 -0.025105
v -0.082803 -0.050930 -0.027899
v 0.001904 -0.001573 -0.158215
v 0.012970 -0.002972 -0.156725
v -0.004106 0.057601 -0.048669
v -0.092615 -0.050219 -0.048036
v -0.093482 -0.053204 -0.048634
v -0.094366 -0.054714 -0.046607
v -0.093154 -0.052382 -0.045266
v -0.097169 -0.057401 -0.050174
v -0.098275 -0.059063 -0.047117
v -0.085375 -0.025975 -0.009049
v -0.084234 -0.026020 -0.012663
v -0.084392 -0.027798 -0.014450
v -0.085042 -0.028631 -0.013451
v -0.081317 -0.045824 -0.026867
v -0.083172 -0.043129 -0.031273
v -0.095699 -0.047635 -0.009679
v -0.095330 -0.046843 -0.012080
v -0.097804 -0.050638 -0.016391
v -0.097403 -0.051902 -0.014701
v -0.003603 0.054576 -0.050193
v -0.000262 0.053277 -0.046533
v -0.000741 0.055924 -0.045027
v -0.007947 0.053690 -0.091471
v -0.006624 0.050791 -0.098365
v 0.002333 0.050138 -0.097959
v 0.000519 0.053816 -0.091070
v 0.003773 0.051769 -0.043486
v 0.002931 0.053796 -0.042019
v -0.002112 0.031284 -0.131741
v 0.008235 0.029517 -0.130495
v 0.015574 -0.050926 -0.162664
v -0.093079 -0.044714 -0.014434
v -0.095068 -0.048493 -0.017333
v -0.095705 -0.050579 -0.018184
v -0.095254 -0.048231 -0.015971
v 0.016274 -0.042097 -0.162392
v 0.005108 -0.042820 -0.164844
v -0.095708 -0.051010 -0.050448
v -0.094373 -0.045939 -0.052466
v -0.096370 -0.044562 -0.051303
v -0.098058 -0.049051 -0.049585
v 0.005977 -0.056022 -0.165716
v 0.065396 -0.072597 -0.030282
v 0.064534 -0.054812 -0.029607
v 0.070412 -0.057663 -0.040797
v 0.070511 -0.076156 -0.047006
v 0.018050 0.010199 0.059271
v 0.017508 0.011669 0.071478
v -0.085189 -0.051212 -0.039276
v -0.083464 -0.049302 -0.044045
v -0.082045 -0.048579 -0.043426
v -0.082974 -0.050257 -0.039348
v -0.096161 -0.056214 -0.047867
v -0.096678 -0.057725 -0.045677
v -0.094767 -0.056410 -0.044289
v -0.085072 -0.038644 -0.044911
v -0.086717 -0.040690 -0.046023
v -0.086483 -0.041667 -0.044605
v -0.086355 -0.040968 -0.043371
v -0.089664 -0.033309 0.002530
v -0.079199 -0.041369 -0.011794
v -0.080551 -0.043555 -0.012236
v -0.082624 -0.046771 -0.016418
v -0.080889 -0.046687 -0.017553
v 0.037098 0.037096 -0.083486
v 0.040287 0.032322 -0.089015
v 0.042377 0.029484 -0.081668
v 0.039307 0.034529 -0.077347
v -0.010151 0.058817 -0.080525
v -0.002922 0.060512 -0.080110
v -0.005010 0.061219 -0.074331
v -0.010999 0.059702 -0.074746
v -0.082112 -0.022555 -0.000389
v -0.085551 -0.022889 -0.000504
v -0.086211 -0.024138 0.000711
v -0.083160 -0.024073 0.002087
v 0.043223 0.031945 -0.047020
v 0.045100 0.029155 -0.044161
v 0.043650 0.034008 -0.036329
v 0.041342 0.035827 -0.040083
v 0.037445 0.041225 -0.036476
v -0.087459 -0.040848 -0.049338
v -0.089093 -0.042839 -0.048768
v -0.087421 -0.042236 -0.047963
v -0.086545 -0.040721 -0.048274
v 0.039070 0.041421 -0.031382
v -0.094867 -0.056803 -0.036486
v -0.093718 -0.054364 -0.042746
v 0.004267 0.046968 -0.107999
v -0.005487 0.047838 -0.108314
v 0.043653 0.027750 -0.072197
v 0.041020 0.032594 -0.069872
v -0.006728 0.060032 -0.052083
v -0.005882 0.056202 -0.053263
v -0.008315 0.058063 -0.057201
v -0.096180 -0.050923 -0.027479
v -0.095680 -0.054154 -0.027888
v -0.096431 -0.052177 -0.023799
v -0.095877 -0.049340 -0.023553
v -0.011929 0.064575 -0.057709
v -0.012130 0.061664 -0.060544
v -0.009407 0.057874 -0.059912
v 0.018406 0.049497 -0.090770
v 0.020286 0.045533 -0.098090
v 0.027809 0.040788 -0.096868
v 0.025556 0.045144 -0.089917
v 0.009297 0.023992 -0.137169
v -0.094835 -0.050818 -0.035261
v -0.094752 -0.054518 -0.035400
v -0.001383 0.025637 -0.138025
v -0.011923 0.059446 -0.068129
v -0.007750 0.058292 -0.067982
v -0.008864 0.057221 -0.064892
v -0.099555 -0.056277 -0.043472
v -0.100331 -0.057597 -0.037667
v -0.098210 -0.056995 -0.044340
v -0.080782 -0.046997 -0.047006
v -0.080487 -0.050913 -0.050304
v -0.079704 -0.051836 -0.044329
v -0.080841 -0.048030 -0.044748
v -0.012133 0.059402 -0.065262
v 0.007189 0.052519 -0.039762
v 0.007980 0.050956 -0.041508
v 0.055469 -0.022549 -0.002362
v 0.057301 -0.020274 0.000217
v 0.060308 -0.014315 -0.046440
v 0.057547 -0.011715 -0.035824
v 0.055821 -0.003278 -0.043239
v 0.059703 -0.006296 -0.056758
v 0.063485 -0.010159 -0.069749
v 0.069895 -0.014213 -0.077673
v 0.067176 -0.022153 -0.061678
v 0.064002 -0.017575 -0.055720
v 0.038111 -0.042926 0.051972
v 0.035325 -0.047724 0.041960
v -0.011879 0.068352 -0.055197
v -0.011914 0.071697 -0.052780
v 0.020082 -0.132852 -0.067971
v -0.083159 -0.029616 -0.018768
v -0.083163 -0.031615 -0.021140
v -0.081523 -0.033158 -0.019034
v -0.081806 -0.031852 -0.016128
v 0.020230 -0.132011 -0.052523
v 0.040641 -0.123888 -0.056580
v 0.040104 -0.124281 -0.070068
v 0.059670 -0.065999 -0.020174
v -0.083936 -0.045688 -0.014375
v -0.081737 -0.042803 -0.011340
v -0.082672 -0.042216 -0.010677
v -0.084997 -0.044208 -0.012858
v 0.062814 -0.050803 -0.020326
v -0.007088 0.074657 -0.024180
v -0.009465 0.070724 -0.028392
v -0.008845 0.071762 -0.025333
v -0.009287 0.070725 -0.028386
v -0.006951 0.076768 -0.022000
v -0.004642 0.078255 -0.022206
v -0.008437 0.070841 -0.021263
v -0.009666 0.071395 -0.021291
v -0.009696 0.072056 -0.025530
v -0.009164 0.070857 -0.028480
v -0.017056 0.084649 -0.016805
v -0.016445 0.087704 -0.018308
v -0.012335 0.086494 -0.020569
v -0.014027 0.084299 -0.018908
v -0.010607 0.071748 -0.028423
v -0.011738 0.073178 -0.025863
v -0.012688 0.079215 -0.023994
v -0.010360 0.074852 -0.026827
v -0.010232 0.072149 -0.028341
v -0.010619 0.078286 -0.024447
v -0.012034 0.076457 -0.018500
v -0.008889 0.076662 -0.024485
v -0.090854 -0.044827 -0.049549
v -0.091233 -0.046290 -0.045384
v -0.089739 -0.044884 -0.045375
v -0.088404 -0.036906 -0.014501
v -0.088345 -0.039598 -0.015688
v -0.090119 -0.040417 -0.013260
v -0.090038 -0.037869 -0.011085
v 0.069244 -0.028198 -0.011296
v 0.042471 -0.010290 0.029411
v 0.048621 -0.017326 0.015640
v 0.049392 -0.021586 0.017266
v -0.092840 -0.040867 -0.002520
v -0.089981 -0.041292 -0.002018
v -0.088320 -0.037044 0.000299
v -0.091567 -0.037114 0.000277
v -0.083966 -0.030302 -0.014908
v -0.083754 -0.028766 -0.016006
v -0.088285 -0.053728 -0.039511
v -0.086871 -0.050938 -0.045226
v 0.046175 -0.016478 0.031915
v 0.072209 -0.030419 -0.039059
v 0.052923 0.012305 -0.088745
v 0.057703 0.004079 -0.099124
v 0.065773 -0.005415 -0.088364
v -0.092585 -0.050220 -0.043831
v -0.093518 -0.051800 -0.041557
v 0.061263 -0.002182 -0.079144
v 0.057575 -0.003061 -0.107392
v 0.064706 -0.012474 -0.097535
v 0.070992 -0.021427 -0.085256
v 0.074519 -0.035130 -0.065359
v 0.026114 0.047657 -0.049252
v 0.026150 0.047535 -0.049155
v 0.024446 0.048699 -0.048942
v -0.082347 -0.035725 -0.031738
v -0.080632 -0.037447 -0.032253
v -0.080923 -0.037360 -0.031536
v -0.083117 -0.035521 -0.030368
v 0.024589 0.048762 -0.048998
v 0.025812 0.047268 -0.049345
v 0.024094 0.048153 -0.049078
v -0.082336 -0.034212 -0.031145
v -0.083016 -0.034105 -0.029700
v -0.082391 -0.033240 -0.029569
v -0.081908 -0.033071 -0.030292
v 0.026898 0.046430 -0.049519
v 0.027258 0.046743 -0.049458
v 0.027347 0.046597 -0.049315
v 0.008329 0.049758 -0.050834
v 0.009114 0.049583 -0.051063
v 0.011690 0.049923 -0.049965
v 0.010924 0.050561 -0.049986
v 0.008041 0.049850 -0.050705
v 0.010762 0.050673 -0.049869
v -0.079864 -0.038052 -0.032656
v -0.080288 -0.037720 -0.032295
v -0.080484 -0.037786 -0.032767
v -0.083324 -0.048338 -0.035450
v -0.084289 -0.049337 -0.027745
v -0.083542 -0.049843 -0.026637
v -0.084266 -0.047888 -0.032573
v 0.012733 0.044433 -0.052919
v 0.012263 0.044263 -0.053250
v -0.095684 -0.056224 -0.028912
v 0.013506 0.044638 -0.052519
v 0.006846 0.047742 -0.052760
v 0.006965 0.047607 -0.053867
v -0.090663 -0.037287 -0.051734
v -0.088857 -0.037072 -0.054501
v -0.091104 -0.040726 -0.057452
v 0.012103 0.044099 -0.054014
v 0.012030 0.044110 -0.053476
v 0.007042 0.048113 -0.052423
v -0.080256 -0.042948 -0.017443
v -0.084883 -0.039867 -0.017676
v -0.083927 -0.038289 -0.017798
v -0.080837 -0.041060 -0.017439
v -0.081128 -0.036561 -0.023409
v -0.079166 -0.036134 -0.020158
v -0.082934 -0.034335 -0.021695
v -0.082711 -0.033504 -0.036380
v -0.081824 -0.036582 -0.033326
v -0.081877 -0.035299 -0.032273
v -0.081897 -0.033934 -0.032347
v -0.099320 -0.055620 -0.019839
v -0.101303 -0.059006 -0.024862
v -0.098780 -0.059463 -0.024890
v -0.096782 -0.056075 -0.019514
v 0.005469 0.047750 -0.052205
v 0.004627 0.047093 -0.052508
v -0.083394 -0.022533 -0.004782
v -0.077895 -0.026005 -0.002937
v -0.082303 -0.023941 -0.008380
v -0.098183 -0.051287 -0.055054
v -0.095097 -0.051334 -0.056598
v -0.095809 -0.053610 -0.054875
v -0.099294 -0.053586 -0.053354
v -0.082229 -0.041225 -0.038194
v -0.081904 -0.041255 -0.036321
v -0.082428 -0.039836 -0.037175
v -0.082262 -0.039682 -0.039292
v 0.004782 0.047164 -0.054109
v 0.015975 0.050810 -0.048794
v 0.016102 0.050628 -0.048070
v 0.011328 0.050517 -0.048598
v 0.010989 0.050627 -0.049394
v 0.015854 0.050835 -0.049178
v 0.019309 0.050200 -0.049136
v 0.019337 0.050067 -0.048738
v 0.019331 0.049919 -0.047982
v -0.058826 -0.075489 -0.001502
v -0.071397 -0.058840 -0.001076
v -0.073096 -0.068798 -0.015815
v -0.062093 -0.082344 -0.016329
v -0.092891 -0.040606 -0.005919
v -0.093086 -0.037183 -0.003344
v -0.084640 -0.031861 -0.043323
v -0.083506 -0.030717 -0.044848
v -0.083456 -0.032677 -0.050334
v -0.085127 -0.032669 -0.047329
v 0.008048 0.050030 -0.049624
v 0.008006 0.049989 -0.050434
v 0.019230 0.049765 -0.047314
v 0.016225 0.050357 -0.047444
v -0.100123 -0.061387 -0.039515
v -0.103643 -0.061311 -0.038653
v 0.011497 0.050187 -0.048038
v 0.008010 0.050016 -0.049291
v 0.005355 0.049348 -0.050779
v 0.006480 0.049608 -0.050746
v 0.016085 0.050030 -0.046658
v 0.015931 0.049495 -0.045985
v 0.011093 0.049489 -0.046745
v 0.011359 0.049875 -0.047394
v -0.087290 -0.039167 -0.049399
v -0.088922 -0.042077 -0.052203
v -0.087542 -0.041086 -0.050082
v -0.086640 -0.039471 -0.048685
v -0.087271 -0.036825 -0.040977
v -0.087883 -0.036795 -0.042169
v -0.086059 -0.036809 -0.043087
v -0.085085 -0.037034 -0.041836
v 0.019148 0.049357 -0.046495
v 0.018970 0.048909 -0.045667
v -0.082171 -0.029989 -0.049775
v -0.082387 -0.033695 -0.055047
v 0.028478 0.044807 -0.049249
v 0.029152 0.044067 -0.049601
v 0.028952 0.043938 -0.049100
v -0.077278 -0.040645 -0.010685
v 0.028486 0.044243 -0.048788
v 0.030818 0.041002 -0.046607
v 0.032144 0.040604 -0.047906
v 0.033806 0.039658 -0.047462
v -0.086571 -0.034048 -0.042548
v -0.087186 -0.034290 -0.044923
v -0.088409 -0.036630 -0.043740
v -0.082772 -0.024640 -0.013444
v -0.083959 -0.026841 -0.015370
v -0.086239 -0.039271 -0.048335
v -0.085620 -0.039147 -0.047168
v -0.084440 -0.037665 -0.043244
v -0.085062 -0.039948 -0.042329
v 0.032134 0.040275 -0.045984
v -0.089078 -0.046057 -0.036021
v -0.091136 -0.047351 -0.027833
v 0.039812 0.038389 -0.037816
v 0.034385 0.040249 -0.043251
v 0.036300 0.038808 -0.044684
v 0.027902 0.045513 -0.049170
v 0.027200 0.046380 -0.048958
v 0.028020 0.045781 -0.049402
v 0.028583 0.044949 -0.049575
v 0.027904 0.044988 -0.048487
v 0.027125 0.045934 -0.048313
v 0.026055 0.047294 -0.048858
v 0.025973 0.046938 -0.048174
v 0.024275 0.048144 -0.047966
v 0.024292 0.048432 -0.048681
v 0.022191 0.049351 -0.048656
v -0.075814 -0.055069 -0.017019
v -0.075200 -0.040141 -0.003098
v 0.022536 0.049498 -0.049008
v 0.022163 0.049109 -0.047881
v 0.024299 0.047761 -0.047269
v 0.022183 0.048868 -0.047192
v 0.025906 0.046402 -0.047446
v 0.027112 0.045310 -0.047696
v 0.027962 0.044329 -0.047996
v 0.028746 0.043676 -0.048301
v 0.029357 0.043316 -0.048823
v 0.028208 0.043619 -0.047418
v 0.028737 0.042756 -0.046680
v 0.027373 0.043897 -0.046254
v 0.027205 0.044670 -0.047061
v 0.029207 0.042900 -0.047839
v 0.029930 0.041905 -0.047229
v -0.084900 -0.036955 -0.043566
v -0.085042 -0.037062 -0.044200
v -0.084493 -0.036839 -0.043442
v -0.084008 -0.037339 -0.042506
v 0.026035 0.045811 -0.046785
v 0.025983 0.045205 -0.046005
v 0.024086 0.046661 -0.045722
v 0.024237 0.047250 -0.046536
v -0.093008 -0.033597 -0.001049
v -0.088143 -0.044758 -0.042227
v -0.086007 -0.042562 -0.040095
v -0.087327 -0.042868 -0.042120
v 0.022117 0.048377 -0.046466
v 0.022012 0.047786 -0.045566
v -0.101090 -0.057472 -0.029904
v -0.102615 -0.057704 -0.037190
v -0.104693 -0.059503 -0.037212
v -0.103006 -0.059174 -0.029569
v 0.015818 0.050932 -0.049072
v 0.015570 0.050180 -0.049249
v 0.019045 0.049782 -0.049040
v 0.019328 0.050310 -0.049031
v 0.022642 0.049626 -0.048930
v -0.079839 -0.026864 0.000250
v -0.081627 -0.042596 -0.035737
v -0.082834 -0.042161 -0.034427
v 0.022001 0.049158 -0.048977
v 0.018921 0.048847 -0.048937
v 0.017635 0.044683 -0.051458
v 0.018981 0.044392 -0.051423
v 0.021733 0.048293 -0.048852
v -0.083823 -0.040310 -0.040613
v -0.083328 -0.037647 -0.041722
v 0.015794 0.049187 -0.049323
v 0.016105 0.044893 -0.051634
v 0.012537 0.049030 -0.050237
v -0.083650 -0.027172 -0.018588
v 0.014628 0.044806 -0.052070
v 0.009850 0.049101 -0.051111
v 0.018127 0.050267 -0.062716
v 0.017930 0.050618 -0.063024
v 0.022979 0.050349 -0.061600
v 0.022796 0.049973 -0.061295
v 0.048169 -0.104608 -0.028573
v 0.051658 -0.111654 -0.045469
v 0.038803 -0.120369 -0.040036
v 0.025152 0.050115 -0.057383
v 0.025116 0.049436 -0.058986
v 0.027479 0.047912 -0.057528
v 0.027425 0.048415 -0.056002
v 0.025244 0.050941 -0.055645
v -0.094525 -0.052992 -0.051315
v -0.095488 -0.054570 -0.049774
v -0.093212 -0.051803 -0.050133
v -0.093108 -0.050202 -0.051175
v -0.092574 -0.048366 -0.053419
v -0.092210 -0.047842 -0.054069
v -0.093756 -0.051177 -0.052790
v -0.085688 -0.041103 -0.041550
v -0.086721 -0.041925 -0.042578
v 0.027324 0.048994 -0.054287
v 0.022459 0.052608 -0.057192
v -0.089102 -0.034341 -0.013337
v -0.090199 -0.034046 -0.007342
v -0.096137 -0.049686 -0.020178
v -0.095011 -0.047055 -0.020492
v -0.094854 -0.058777 -0.030792
v -0.094955 -0.058763 -0.039320
v -0.091718 -0.055881 -0.039361
v -0.092203 -0.056455 -0.031271
v 0.022442 0.051592 -0.058957
v 0.022520 0.050725 -0.060417
v 0.026552 0.045075 -0.053780
v 0.025790 0.045754 -0.054585
v -0.082419 -0.050852 -0.033475
v -0.078253 -0.050173 -0.034274
v -0.081575 -0.032490 -0.030974
v -0.080831 -0.030171 -0.034247
v -0.082697 -0.039601 -0.039925
v -0.082926 -0.038102 -0.041462
v -0.087614 -0.048801 -0.016884
v -0.085421 -0.040942 -0.009629
v -0.088624 -0.047236 -0.014673
v -0.081463 -0.038221 -0.009068
v -0.081731 -0.035911 -0.007702
v -0.084175 -0.037981 -0.007591
v 0.026335 0.047158 -0.053884
v 0.027401 0.045925 -0.053310
v 0.027310 0.044491 -0.053210
v 0.028120 0.045055 -0.052853
v 0.021990 0.042566 -0.053487
v 0.021620 0.042857 -0.053761
v 0.021100 0.043259 -0.054136
v -0.092668 -0.044055 -0.015879
v -0.094724 -0.046623 -0.017471
v 0.022204 0.042379 -0.053201
v -0.080450 -0.038791 -0.032320
v -0.079125 -0.040660 -0.030969
v -0.078586 -0.038475 -0.032309
v -0.092643 -0.048167 -0.035398
v -0.094556 -0.048927 -0.027627
v -0.087460 -0.037314 -0.044326
v 0.022296 0.042276 -0.052875
v -0.084773 -0.037320 -0.035474
v -0.085583 -0.035176 -0.038450
v -0.090753 -0.037498 -0.046882
v -0.089448 -0.037860 -0.045665
v -0.088418 -0.037613 -0.044891
v -0.089252 -0.036801 -0.045256
v -0.074117 -0.039958 -0.023626
v -0.076476 -0.038193 -0.021751
v -0.078190 -0.037763 -0.024774
v 0.022270 0.042241 -0.052540
v 0.022171 0.042371 -0.052322
v 0.040361 0.039117 -0.023793
v 0.041596 0.037899 -0.033150
v -0.091552 -0.045415 -0.053217
v -0.091844 -0.046609 -0.051530
v -0.089500 -0.053045 -0.045770
v 0.043143 0.035048 -0.025836
v 0.027897 0.045854 -0.049579
v -0.087177 -0.041595 -0.046336
v -0.086834 -0.042724 -0.045116
v 0.028494 0.045039 -0.049794
v -0.081953 -0.047288 -0.058420
v -0.082400 -0.043647 -0.055691
v -0.082501 -0.042499 -0.055691
v -0.082335 -0.043205 -0.060524
v 0.027522 0.045680 -0.049681
v -0.081662 -0.032448 -0.003963
v -0.084315 -0.035681 -0.004522
v -0.083667 -0.036149 -0.006210
v -0.081781 -0.033853 -0.005929
v -0.083025 -0.037862 -0.017745
v -0.080830 -0.040002 -0.017328
v 0.028070 0.045006 -0.049966
v -0.096420 -0.053248 -0.021772
v -0.096149 -0.051837 -0.020805
v -0.096275 -0.054369 -0.024844
v -0.096526 -0.055791 -0.026243
v 0.029131 0.044277 -0.050214
v 0.029371 0.044011 -0.050095
v 0.025248 0.046706 -0.049337
v 0.020890 0.043638 -0.051605
v 0.021429 0.043258 -0.051692
v -0.082454 -0.044446 -0.039027
v -0.082380 -0.043244 -0.038031
v -0.083001 -0.044629 -0.050598
v -0.085535 -0.046189 -0.052380
v -0.085008 -0.043321 -0.054283
v -0.083037 -0.043058 -0.052836
v -0.092518 -0.055637 -0.046389
v 0.026131 0.045888 -0.049736
v 0.023641 0.047459 -0.049107
v 0.020037 0.044029 -0.051498
v 0.021744 0.042992 -0.051894
v 0.021996 0.042627 -0.052074
v -0.086851 -0.042704 -0.043643
v -0.087120 -0.043513 -0.043816
v 0.026536 0.045315 -0.050040
v -0.086743 -0.042170 -0.044017
v 0.027076 0.044638 -0.050408
v 0.028503 0.044518 -0.050559
v -0.084270 -0.037359 -0.041046
v -0.086461 -0.037594 -0.039963
v -0.090621 -0.038684 -0.047471
v -0.093220 -0.041051 -0.050830
v -0.091966 -0.042351 -0.051607
v -0.090024 -0.038755 -0.048534
v 0.027628 0.043810 -0.051374
v 0.027723 0.043891 -0.051957
v 0.028637 0.044265 -0.051010
v -0.085592 -0.037553 -0.045942
v 0.028741 0.044282 -0.051549
v 0.027451 0.044071 -0.050932
v -0.017814 -0.100926 0.002097
v -0.019823 -0.112851 -0.005380
v 0.027611 0.044092 -0.052577
v 0.028572 0.044585 -0.052067
v 0.029459 0.043655 -0.049642
v 0.029726 0.043710 -0.050416
v 0.030249 0.043213 -0.051311
v 0.029917 0.043143 -0.049591
v -0.086690 -0.036832 -0.054235
v -0.086175 -0.039964 -0.055867
v -0.087860 -0.040338 -0.056770
v -0.087427 -0.037179 -0.055063
v -0.092745 -0.049890 -0.050106
v 0.030590 0.042419 -0.049608
v 0.029900 0.042443 -0.048508
v 0.031293 0.042765 -0.052085
v 0.032659 0.041918 -0.052882
v -0.097336 -0.055606 -0.046845
v -0.083896 -0.041243 -0.032438
v -0.080965 -0.042106 -0.029944
v 0.031790 0.041422 -0.049717
v 0.030790 0.041466 -0.048294
v 0.029581 0.043926 -0.050863
v -0.071436 -0.040652 -0.029414
v -0.071731 -0.040442 -0.030513
v -0.072329 -0.041588 -0.030297
v -0.072265 -0.041997 -0.029476
v 0.029669 0.043803 -0.051175
v 0.030777 0.044160 -0.052920
v -0.075719 -0.042574 -0.024320
v -0.078070 -0.041747 -0.023368
v -0.077229 -0.040236 -0.021741
v -0.075286 -0.041759 -0.022935
v 0.031476 0.043692 -0.054223
v 0.030100 0.044470 -0.052154
v 0.029542 0.045760 -0.052692
v 0.029953 0.045429 -0.053817
v -0.071035 -0.040880 -0.026839
v -0.071241 -0.040763 -0.028264
v -0.071917 -0.042293 -0.027917
v -0.071620 -0.042601 -0.026352
v 0.030353 0.044835 -0.055060
v 0.028892 0.046815 -0.054704
v -0.090869 -0.043637 -0.053743
v -0.092755 -0.045842 -0.053540
v 0.029138 0.046310 -0.056167
v 0.028670 0.047234 -0.053329
v 0.029497 0.044582 -0.051809
v -0.100528 -0.054672 -0.045243
v -0.101692 -0.056322 -0.042991
v -0.096150 -0.052265 -0.050586
v -0.096896 -0.053860 -0.048820
v 0.028964 0.045579 -0.052344
v 0.028264 0.046967 -0.052704
v 0.027038 0.048847 -0.053176
v -0.082724 -0.031640 -0.023743
v -0.083345 -0.033380 -0.024114
v -0.083369 -0.033305 -0.022508
v -0.101433 -0.053992 -0.047906
v -0.100191 -0.055353 -0.050973
v -0.085887 -0.024527 -0.005332
v -0.084832 -0.022685 -0.003135
v -0.054526 -0.005266 0.063449
v -0.065271 -0.015563 0.059000
v -0.064175 -0.012793 0.069485
v -0.054573 -0.002308 0.074962
v -0.089393 -0.036085 -0.049807
v -0.087094 -0.036049 -0.052458
v 0.025064 0.050852 -0.054205
v 0.024331 0.048869 -0.054772
v 0.022104 0.052591 -0.055308
v -0.071227 -0.041196 -0.024735
v -0.071212 -0.041194 -0.024664
v -0.073927 -0.041069 -0.022975
v -0.075974 -0.038815 -0.028579
v -0.072260 -0.039876 -0.028972
v 0.021557 0.050301 -0.055715
v 0.018209 0.051701 -0.063739
v 0.023728 0.051211 -0.062568
v 0.021142 0.048489 -0.056299
v 0.018853 0.044490 -0.054973
v 0.017247 0.044932 -0.055242
v 0.017961 0.049252 -0.056577
v -0.076251 -0.042797 -0.025877
v 0.007492 0.048290 -0.054712
v 0.008402 0.049102 -0.055459
v -0.075724 -0.041428 -0.030893
v -0.075628 -0.039963 -0.031837
v -0.078524 -0.036704 -0.018034
v -0.079137 -0.038644 -0.017038
v -0.081786 -0.035217 -0.016547
v -0.072077 -0.042567 -0.024327
v -0.083584 -0.042615 -0.040255
v 0.012798 0.044793 -0.054596
v 0.012349 0.044435 -0.054343
v 0.006033 0.048473 -0.054874
v 0.007324 0.049545 -0.055634
v -0.078918 -0.042949 -0.026248
v -0.080062 -0.044736 -0.023806
v -0.079691 -0.043470 -0.021812
v -0.078422 -0.042532 -0.024416
v -0.091451 -0.041630 -0.013355
v -0.090937 -0.042267 -0.014722
v -0.079656 -0.045339 -0.018669
v -0.084151 -0.043219 -0.017911
v -0.084122 -0.041137 -0.035060
v -0.085626 -0.038655 -0.037612
v -0.081160 -0.039330 -0.032323
v -0.079046 -0.042074 -0.028301
v -0.080611 -0.044297 -0.025901
v -0.075992 -0.038956 -0.029681
v -0.079223 -0.037644 -0.030027
v -0.078911 -0.038000 -0.031102
v -0.075894 -0.039259 -0.030642
v -0.088359 -0.044069 -0.045340
v -0.085737 -0.034220 -0.050506
v -0.088060 -0.035016 -0.047484
v -0.084050 -0.059095 -0.062903
v -0.081586 -0.062050 -0.054630
v -0.081413 -0.050133 -0.055423
v -0.077008 -0.043051 -0.027612
v -0.071989 -0.040578 -0.031022
v -0.072748 -0.040223 -0.030329
v -0.096792 -0.050652 -0.017707
v -0.083291 -0.034140 -0.015714
v -0.083295 -0.037868 -0.039288
v -0.094043 -0.057190 -0.025832
v -0.093115 -0.054967 -0.020480
v -0.082932 -0.037990 -0.040658
v -0.083084 -0.037943 -0.041600
v -0.079950 -0.039607 -0.016956
v -0.082675 -0.036651 -0.017183
v -0.083397 -0.037664 -0.041825
v -0.083421 -0.034787 -0.023825
v -0.092431 -0.049091 -0.045266
v 0.012059 0.049760 -0.056403
v 0.014382 0.045227 -0.054992
v -0.087876 -0.041711 -0.005109
v -0.086436 -0.038096 -0.003395
v 0.013436 0.045069 -0.054804
v -0.072657 -0.039756 -0.029913
v 0.010271 0.049381 -0.055941
v -0.076041 -0.039590 -0.022020
v -0.076092 -0.041837 -0.029289
v 0.011377 0.051428 -0.056831
v 0.008979 0.050454 -0.056203
v 0.018212 0.051157 -0.056498
v -0.081658 -0.036638 -0.027706
v -0.081526 -0.036399 -0.025530
v -0.083259 -0.034639 -0.026077
v 0.021320 -0.125967 -0.105245
v 0.020971 -0.129506 -0.088322
v -0.085282 -0.044957 -0.018630
v -0.080739 -0.047091 -0.020933
v -0.082228 -0.048934 -0.021704
v -0.087227 -0.046185 -0.019831
v -0.092210 -0.052455 -0.015282
v -0.090941 -0.048677 -0.010585
v -0.093535 -0.048912 -0.008290
v -0.095471 -0.052935 -0.013635
v 0.039872 -0.121176 -0.089228
v 0.039559 -0.118248 -0.104227
v -0.087037 -0.068112 -0.078892
v -0.084946 -0.052931 -0.068809
v -0.088949 -0.057417 -0.085676
v -0.090022 -0.050938 -0.054045
v -0.090329 -0.052405 -0.051907
v -0.096361 -0.055587 -0.052791
v -0.082743 -0.038418 -0.057917
v -0.082699 -0.041347 -0.055445
v -0.085426 -0.039977 -0.055072
v -0.099697 -0.061012 -0.030117
v 0.023654 0.047247 -0.055501
v 0.020115 0.043891 -0.054581
v 0.048479 -0.111599 -0.105203
v 0.047684 -0.109665 -0.115415
v 0.040010 -0.114551 -0.117650
v 0.026627 -0.067195 0.030416
v 0.018536 -0.071389 0.041837
v -0.083948 -0.032134 -0.039878
v -0.085881 -0.034285 -0.040347
v 0.004033 0.049204 -0.055038
v -0.085948 -0.049440 -0.018077
v 0.005839 0.049876 -0.055966
v -0.090211 -0.043228 -0.017552
v -0.092702 -0.044887 -0.018693
v -0.097381 -0.044879 -0.053765
v -0.094675 -0.042712 -0.051349
v 0.002801 0.048723 -0.054080
v 0.002188 0.048439 -0.054432
v 0.003349 0.048759 -0.055692
v 0.004920 0.049277 -0.056792
v 0.007948 0.050765 -0.056671
v 0.007335 0.050443 -0.057496
v 0.010675 0.052283 -0.058264
v 0.010809 0.052393 -0.057248
v 0.018159 0.053615 -0.056921
v 0.018214 0.053141 -0.058566
v 0.010259 0.050941 -0.059918
v 0.006837 0.049235 -0.058975
v 0.009654 0.049775 -0.061802
v 0.006650 0.048432 -0.060600
v 0.018239 0.051223 -0.061582
v 0.018273 0.052295 -0.060064
v 0.005342 0.049244 -0.051518
v 0.003166 0.048787 -0.052216
v 0.005905 0.049432 -0.051640
v 0.003538 0.048963 -0.052220
v 0.007082 0.048916 -0.051854
v 0.002845 0.048594 -0.052826
v 0.002143 0.048466 -0.053028
v -0.026610 0.033792 0.074579
v -0.026461 0.032129 0.084597
v 0.007900 0.048733 -0.051880
v 0.002690 0.048083 -0.056259
v 0.001335 0.048093 -0.054782
v 0.001630 0.046920 -0.057398
v 0.000730 0.047487 -0.055366
v 0.003918 0.047069 -0.059621
v 0.004307 0.048061 -0.057826
v 0.001185 0.048216 -0.053293
v 0.001601 0.048410 -0.052546
v 0.000570 0.047980 -0.053637
v 0.000934 0.048325 -0.052760
v 0.007714 0.049846 -0.048817
v 0.007350 0.049460 -0.048441
v 0.004557 0.049214 -0.050543
v 0.003949 0.048931 -0.050458
v 0.015535 0.048874 -0.045329
v 0.018643 0.048377 -0.044982
v 0.015011 0.048551 -0.044455
v -0.027171 0.073253 -0.026961
v -0.028323 0.071850 -0.026790
v -0.026755 0.070857 -0.028262
v -0.026329 0.071530 -0.028286
v 0.018260 0.047832 -0.044105
v 0.010109 0.049034 -0.045327
v 0.010743 0.049262 -0.046025
v 0.018272 0.012802 0.080969
v 0.029344 0.042076 -0.045829
v 0.030132 0.041573 -0.044925
v 0.028243 0.042750 -0.044176
v 0.027716 0.043226 -0.045394
v 0.025952 0.044514 -0.045102
v -0.028340 0.072979 -0.018303
v -0.027661 0.072123 -0.019600
v -0.028939 0.070847 -0.019634
v -0.029863 0.071888 -0.018867
v 0.026052 0.044277 -0.043778
v 0.023602 0.045644 -0.043697
v 0.023857 0.046078 -0.044781
v 0.021805 0.047199 -0.044810
v 0.021283 0.046681 -0.043742
v 0.033475 0.040316 -0.049396
v 0.035039 0.040370 -0.052792
v 0.035286 0.039324 -0.048760
v 0.037368 0.038904 -0.052287
v -0.000130 0.046741 -0.058939
v -0.025277 0.071291 -0.028314
v -0.024435 0.074157 -0.026315
v -0.025308 0.074702 -0.026554
v -0.025636 0.071527 -0.028276
v -0.000377 0.046926 -0.056070
v -0.001854 0.047701 -0.059764
v -0.001836 0.047551 -0.056979
v -0.000734 0.048656 -0.062405
v 0.001359 0.047254 -0.061691
v -0.000072 0.047956 -0.054145
v 0.000366 0.048005 -0.052858
v -0.000932 0.048404 -0.054519
v -0.000231 0.048492 -0.052864
v 0.006799 0.049152 -0.047981
v 0.006270 0.049035 -0.047377
v 0.003349 0.049113 -0.050259
v 0.002566 0.049072 -0.049812
v 0.046331 -0.098789 -0.016051
v 0.054405 -0.114452 -0.060028
v 0.031011 0.049840 -0.064849
v 0.028553 0.050001 -0.062932
v 0.025189 0.052277 -0.064405
v 0.026977 0.053166 -0.066884
v 0.033960 0.048020 -0.068693
v 0.036415 0.045751 -0.065355
v 0.033841 0.047095 -0.062736
v 0.031262 0.047703 -0.061194
v 0.036038 0.041268 -0.055631
v 0.034030 0.042355 -0.055775
v 0.033950 0.043562 -0.057548
v 0.035889 0.042617 -0.057962
v 0.038275 0.039655 -0.055459
v 0.038417 0.041142 -0.058647
v 0.035108 0.044602 -0.060310
v 0.032811 0.045452 -0.059317
v 0.037806 0.043486 -0.061631
v 0.007453 0.052111 -0.066460
v 0.008120 0.049701 -0.065893
v 0.005233 0.048015 -0.063789
v 0.003671 0.049051 -0.064433
v 0.006463 0.053467 -0.067401
v 0.001582 0.050252 -0.064845
v 0.020444 0.055933 -0.067919
v 0.019296 0.053805 -0.065830
v 0.009295 0.048987 -0.062861
v 0.007267 0.048585 -0.061767
v 0.009025 0.048578 -0.063550
v 0.006715 0.048150 -0.062114
v 0.054705 -0.092050 -0.127524
v 0.055851 -0.078473 -0.133432
v 0.041782 -0.085601 -0.145630
v 0.040634 -0.098388 -0.137234
v 0.025214 0.049389 -0.059704
v 0.025657 0.049238 -0.060222
v 0.027987 0.047631 -0.058927
v 0.027567 0.047820 -0.058396
v 0.029411 0.046003 -0.057188
v 0.029927 0.045858 -0.057906
v 0.031323 0.044440 -0.056709
v 0.030725 0.044559 -0.056175
v 0.031543 0.043591 -0.055314
v 0.032154 0.043292 -0.055482
v 0.006752 0.048243 -0.063325
v 0.008786 0.049065 -0.064246
v 0.051290 -0.113272 -0.091883
v 0.029813 0.034764 -0.104045
v 0.037508 0.029911 -0.100545
v 0.035324 0.035848 -0.094356
v 0.026520 0.049756 -0.061299
v 0.029101 0.047809 -0.059987
v 0.031055 0.045841 -0.058635
v 0.032405 0.044235 -0.057212
v 0.032967 0.043169 -0.056166
v 0.062099 -0.014037 -0.017309
v 0.061325 -0.016249 -0.017161
v 0.069173 -0.041545 -0.027848
v 0.067050 -0.040747 -0.034349
v 0.065922 -0.039915 -0.037699
v 0.071906 -0.024539 -0.045166
v 0.074266 -0.027146 -0.048109
v 0.076186 -0.033234 -0.008542
v 0.072787 -0.029248 -0.006585
v -0.096801 -0.045616 -0.056787
v 0.076098 -0.033866 -0.009355
v 0.081843 -0.036660 -0.043174
v 0.082209 -0.038238 -0.041403
v 0.083153 -0.037947 -0.040838
v 0.036589 -0.083244 0.002714
v 0.043229 -0.092692 -0.008110
v 0.082432 -0.039850 -0.039504
v 0.062223 -0.019190 -0.021901
v 0.070757 -0.041536 -0.027287
v 0.073123 -0.043129 -0.026601
v 0.074515 -0.043015 -0.021603
v 0.073160 -0.042457 -0.022233
v 0.073681 -0.041147 -0.016679
v 0.072380 -0.040676 -0.017710
v 0.077462 -0.037126 -0.012106
v 0.077404 -0.040707 -0.016449
v 0.075544 -0.028488 -0.048388
v 0.075565 -0.027651 -0.047639
v 0.076627 -0.028821 -0.048276
v 0.063023 -0.020525 -0.020643
v 0.069620 -0.024971 -0.043167
v 0.069733 -0.023008 -0.041366
v 0.069221 -0.023622 -0.041845
v 0.061669 -0.025020 -0.025937
v 0.061658 -0.025145 -0.026841
v 0.062557 -0.024448 -0.024316
v 0.064022 -0.022168 -0.022885
v 0.057047 -0.025112 -0.015017
v 0.056556 -0.026861 -0.014204
v 0.055634 -0.026102 -0.013313
v 0.078364 -0.032941 -0.053382
v 0.069823 -0.022594 -0.040399
v 0.071228 -0.022776 -0.041282
v 0.071993 -0.023030 -0.042320
v 0.077724 -0.028918 -0.047471
v 0.072609 -0.023221 -0.043126
v 0.071295 -0.023580 -0.043334
v 0.072901 -0.024268 -0.044772
v 0.070382 -0.024136 -0.043505
v 0.066007 -0.036206 -0.018314
v 0.064360 -0.035086 -0.018089
v 0.061759 -0.015692 -0.037766
v 0.063730 -0.016679 -0.035857
v 0.071410 -0.026932 -0.005752
v 0.066137 -0.034889 -0.043157
v 0.068108 -0.037707 -0.046339
v 0.079375 -0.042392 -0.020390
v 0.071191 -0.030832 -0.014172
v 0.068740 -0.030206 -0.012950
v 0.073534 -0.031691 -0.015721
v 0.075462 -0.032900 -0.018374
v 0.066602 -0.027201 -0.034796
v 0.075112 -0.032622 -0.038092
v 0.075789 -0.033575 -0.035699
v 0.073569 -0.031380 -0.038520
v 0.069325 -0.037248 -0.049874
v 0.068754 -0.034240 -0.049708
v 0.065302 -0.034155 -0.046572
v 0.068210 -0.032931 -0.047767
v 0.059504 -0.024520 -0.018517
v 0.056334 -0.028712 -0.012537
v 0.059172 -0.030011 -0.013865
v 0.058250 -0.029424 -0.011553
v 0.060504 -0.030820 -0.012593
v 0.061394 -0.031994 -0.014075
v 0.062364 -0.032974 -0.016245
v 0.064227 -0.032864 -0.018525
v 0.060007 -0.025149 -0.022905
v 0.067530 -0.025260 -0.049792
v 0.059164 -0.025293 -0.020976
v 0.061693 -0.024723 -0.024547
v 0.061357 -0.024431 -0.022710
v 0.060557 -0.024310 -0.020718
v 0.065814 -0.024275 -0.009759
v 0.066164 -0.027121 -0.011118
v 0.063877 -0.023979 -0.010401
v 0.067073 -0.029222 -0.011752
v 0.061902 -0.024129 -0.010787
v 0.067635 -0.034346 -0.044204
v 0.068711 -0.035007 -0.047282
v 0.061082 -0.012908 -0.020945
v 0.046076 0.030092 -0.029968
v 0.047956 0.024560 -0.038642
v 0.008564 0.050875 0.017341
v 0.007870 0.051140 0.020748
v 0.036891 0.042722 -0.021644
v 0.032067 0.046405 -0.019431
v 0.005539 0.062308 0.011054
v 0.004800 0.062405 0.012752
v 0.003859 0.062555 0.012582
v 0.004670 0.062250 0.011499
v 0.003085 0.060845 0.011940
v 0.004122 0.060129 0.011574
v 0.004044 0.061348 0.011789
v 0.003020 0.061993 0.012237
v 0.008351 0.061968 -0.006202
v 0.010904 0.058355 -0.009942
v 0.013333 0.057240 -0.005584
v 0.010945 0.060606 -0.002197
v 0.006326 0.053239 0.013522
v 0.006159 0.053788 0.011517
v 0.005212 0.056571 0.011005
v 0.005163 0.056164 0.012067
v 0.006328 0.053128 0.015041
v 0.005023 0.056030 0.012896
v 0.008439 0.050908 0.015178
v 0.008081 0.051243 0.012133
v 0.013359 0.056971 0.017346
v 0.010592 0.059517 0.015358
v 0.011223 0.059976 0.011554
v 0.014106 0.057586 0.012129
v 0.005803 0.060076 -0.018059
v 0.008539 0.059257 -0.014225
v 0.006064 0.061715 -0.010110
v 0.002858 0.061977 -0.014800
v -0.000075 0.062589 -0.019421
v 0.002850 0.060812 -0.022347
v -0.000282 0.066358 -0.027291
v 0.000874 0.068451 -0.023643
v 0.000624 0.072096 -0.022697
v 0.001110 0.070702 -0.024696
v -0.001955 0.070550 -0.018881
v 0.000810 0.067047 -0.021616
v -0.006374 0.071473 -0.017507
v -0.031953 0.072244 -0.019672
v -0.030983 0.071554 -0.021062
v -0.030981 0.073272 -0.021717
v -0.032856 0.073726 -0.021113
v -0.006607 0.072247 -0.018098
v -0.002119 0.069031 -0.018236
v -0.023810 0.081489 -0.019592
v -0.024791 0.081153 -0.021933
v -0.024314 0.079225 -0.020702
v -0.024148 0.079092 -0.018615
v -0.002541 0.066746 -0.017178
v -0.005923 0.070493 -0.016630
v -0.006983 0.072798 -0.018411
v -0.004051 0.072810 -0.018993
v -0.026831 0.080035 -0.022645
v -0.028650 0.081707 -0.022923
v -0.030607 0.079574 -0.023120
v -0.028488 0.078120 -0.022467
v -0.024816 0.074383 -0.022424
v -0.026119 0.075845 -0.020417
v -0.023939 0.077611 -0.023088
v -0.030762 0.071773 -0.023553
v -0.030690 0.070573 -0.022535
v -0.028668 0.070631 -0.025757
v -0.028681 0.070504 -0.026192
v -0.002535 0.074313 -0.021315
v -0.014667 0.081766 -0.018072
v -0.013111 0.083707 -0.019754
v -0.007041 0.063529 -0.050119
v -0.004310 0.060584 -0.046548
v -0.007241 0.066452 -0.047792
v -0.004664 0.063091 -0.044317
v -0.003506 0.077860 -0.023364
v -0.000819 0.076433 -0.025406
v -0.006371 0.081738 -0.024210
v -0.004820 0.081618 -0.027150
v -0.012349 0.060035 -0.062915
v -0.016762 0.077785 -0.014915
v -0.016303 0.077451 -0.014833
v -0.017114 0.079523 -0.015648
v 0.023298 -0.118089 -0.131071
v 0.021689 -0.105865 -0.144979
v 0.018206 -0.082796 -0.157064
v 0.014316 -0.070958 -0.161113
v -0.013473 0.078593 -0.000740
v -0.013620 0.078662 -0.002168
v -0.006029 0.061885 0.005193
v -0.011339 0.063230 0.004434
v -0.011563 0.066192 0.004874
v -0.006290 0.065052 0.006081
v -0.002717 0.063286 0.007066
v -0.001920 0.060056 0.006155
v -0.005691 0.059278 0.004123
v -0.011154 0.060233 0.003282
v -0.007204 0.070664 0.006552
v -0.012326 0.072501 0.005296
v -0.012751 0.075159 0.003541
v -0.007540 0.072866 0.004641
v -0.000709 0.065276 -0.012980
v -0.004130 0.068542 -0.013397
v -0.007843 0.072886 -0.013464
v -0.011227 0.075642 -0.013230
v -0.011960 0.075790 -0.015291
v -0.009140 0.073513 -0.016070
v -0.012521 0.075833 -0.015933
v -0.009747 0.073713 -0.016808
v -0.010006 0.073987 -0.017218
v -0.009244 0.073628 -0.017832
v -0.011382 0.075079 -0.017660
v -0.010614 0.074746 -0.018347
v -0.012741 0.076028 -0.016208
v -0.012708 0.081289 -0.043081
v -0.012462 0.078044 -0.046742
v -0.008901 0.077068 -0.003214
v -0.013583 0.077915 -0.003532
v -0.014299 0.076397 -0.007503
v -0.009811 0.075698 -0.007220
v -0.005534 0.073145 -0.006477
v -0.004034 0.074422 -0.001641
v -0.015789 0.077151 -0.014482
v -0.008698 0.077222 -0.001806
v -0.008405 0.076685 -0.000045
v -0.003606 0.074518 0.000183
v -0.003432 0.073811 0.002053
v 0.000493 0.070991 0.000935
v -0.000502 0.069950 -0.004859
v 0.004898 0.066450 -0.002852
v 0.004032 0.067418 0.003751
v 0.010987 0.061193 0.008117
v 0.006831 0.061993 0.011036
v 0.006806 0.062613 0.009490
v 0.006495 0.063662 0.007794
v 0.010178 0.062384 0.004711
v 0.013740 0.059032 0.007289
v 0.012671 0.059826 0.002277
v 0.008432 0.063755 0.000893
v 0.005774 0.065103 0.005880
v 0.005605 0.062910 0.009658
v 0.004770 0.062604 0.010463
v 0.005290 0.063803 0.008518
v 0.004539 0.063367 0.009484
v 0.004725 0.064968 0.007282
v 0.003963 0.064394 0.008442
v 0.003002 0.066061 0.007085
v 0.003634 0.067019 0.005625
v 0.003303 0.061670 0.010240
v 0.002150 0.062747 0.009720
v 0.002036 0.063953 0.009310
v 0.003115 0.062623 0.010184
v 0.004119 0.060763 0.010742
v 0.003724 0.061835 0.010749
v 0.004736 0.057346 0.010193
v 0.003943 0.058157 0.009226
v -0.057257 -0.008277 0.046878
v -0.066388 -0.020275 0.045268
v 0.004626 0.060193 0.011094
v 0.004467 0.061076 0.011248
v 0.004099 0.062129 0.011470
v 0.003927 0.062685 0.010251
v 0.003379 0.063573 0.009405
v 0.002412 0.064962 0.008402
v -0.003532 0.072260 0.004027
v 0.000072 0.070175 0.004582
v -0.000310 0.068550 0.006431
v -0.003675 0.070150 0.006368
v -0.000585 0.066946 0.008032
v -0.001071 0.057356 0.005138
v -0.003655 0.068087 0.007890
v 0.002050 0.057365 0.007326
v 0.003279 0.054838 0.006524
v 0.000884 0.060564 0.008157
v 0.005701 0.054648 0.010039
v 0.004971 0.055215 0.008758
v 0.007403 0.051899 0.009904
v 0.006390 0.052803 0.008139
v -0.000490 0.065290 0.008935
v 0.000417 0.070934 0.002864
v -0.008029 0.075134 0.002127
v -0.013122 0.077179 0.001177
v -0.048652 0.045490 -0.042074
v -0.048239 0.046762 -0.039471
v -0.044279 0.047753 -0.040701
v -0.044795 0.046449 -0.042909
v -0.012835 0.088818 -0.034402
v -0.012547 0.084879 -0.039265
v 0.003224 0.062559 0.012428
v -0.004608 0.028436 0.091617
v -0.083361 -0.033818 -0.027915
v -0.082454 -0.032828 -0.028482
v -0.090951 -0.053955 -0.049325
v 0.006172 0.061958 0.013064
v 0.005872 0.053150 0.017642
v 0.004339 0.056229 0.014488
v 0.011322 0.057696 0.022709
v 0.007678 0.060716 0.027312
v 0.005805 0.062726 0.023334
v 0.008963 0.060247 0.019587
v 0.002484 0.065123 0.018044
v 0.004824 0.063071 0.015158
v -0.094524 -0.051609 -0.051734
v 0.003384 0.063619 0.014466
v 0.000838 0.065709 0.016548
v -0.000363 0.065889 0.015363
v 0.002320 0.063705 0.013837
v -0.001878 0.064874 0.013222
v -0.006405 0.066430 0.013857
v -0.006201 0.061591 0.017063
v -0.001480 0.060007 0.016395
v 0.003064 0.057438 0.015395
v 0.001810 0.061797 0.012574
v -0.089969 -0.049178 -0.055453
v -0.089407 -0.044637 -0.056697
v -0.086922 -0.043894 -0.055456
v -0.087394 -0.047633 -0.053880
v -0.001517 0.065499 0.013765
v 0.001671 0.063043 0.013173
v -0.006071 0.067734 0.014257
v 0.006774 0.021750 0.087319
v 0.001873 0.063572 0.013232
v -0.001067 0.065802 0.014164
v -0.005538 0.068675 0.015285
v -0.004664 0.069268 0.017038
v -0.003426 0.069548 0.018944
v -0.001948 0.068926 0.021418
v 0.000747 0.065374 0.027741
v 0.002108 0.063666 0.032326
v -0.005653 0.067201 0.030958
v -0.004809 0.066071 0.035500
v -0.007369 0.071904 0.023740
v -0.008585 0.073143 0.020739
v -0.009510 0.072370 0.018544
v -0.010092 0.070810 0.016461
v -0.014932 0.076630 -0.012938
v -0.013031 0.076573 -0.017431
v -0.014447 0.079052 -0.017465
v -0.010693 0.084524 -0.021526
v -0.017226 0.081860 -0.016072
v -0.007925 0.083815 -0.023571
v -0.009765 0.085514 -0.022757
v -0.009171 0.086440 -0.024639
v -0.007770 0.085142 -0.025599
v -0.011441 0.087112 -0.021693
v -0.010013 0.087710 -0.024031
v -0.015769 0.089142 -0.019555
v -0.014654 0.091188 -0.023318
v -0.013341 0.090991 -0.029986
v -0.014134 0.091750 -0.025873
v -0.008580 0.087252 -0.026225
v -0.007060 0.085346 -0.028604
v -0.099481 -0.049923 -0.051653
v -0.006736 0.082731 -0.031906
v -0.003775 0.078801 -0.029962
v 0.004906 -0.026915 -0.164523
v -0.010680 0.069437 0.014945
v -0.011281 0.067721 0.014296
v -0.085705 -0.032858 -0.014284
v -0.090071 -0.046505 -0.041367
v -0.005391 0.054872 0.026377
v -0.005626 0.057193 0.022190
v -0.010605 0.058031 0.023245
v -0.088613 -0.042323 -0.056953
v -0.092526 -0.042881 -0.058277
v -0.010394 0.055996 0.027352
v -0.015218 0.068169 0.014358
v -0.098578 -0.056913 -0.030515
v -0.100258 -0.052121 -0.050275
v -0.098770 -0.051058 -0.048641
v -0.092066 -0.038014 -0.048816
v -0.084189 -0.049695 -0.024504
v -0.090482 -0.047375 -0.024440
v -0.089201 -0.046895 -0.021563
v -0.083818 -0.049573 -0.022465
v -0.082293 -0.043020 -0.036971
v -0.014824 0.062591 0.018199
v -0.011083 0.062443 0.017626
v -0.015207 0.069627 0.015267
v -0.014868 0.070780 0.017313
v -0.014354 0.073166 0.019803
v -0.014350 0.058161 0.023981
v -0.014052 0.056193 0.028405
v -0.084083 -0.024775 -0.019021
v 0.004252 0.054056 0.019555
v -0.090915 -0.038370 -0.008163
v -0.091908 -0.041101 -0.009974
v -0.033555 -0.095330 -0.000015
v -0.037524 -0.105760 -0.009724
v -0.102835 -0.061121 -0.029516
v 0.005221 0.051911 0.023285
v -0.000544 0.056093 0.021623
v 0.000063 0.053856 0.024775
v -0.011779 0.067995 0.036787
v -0.012345 0.067788 0.032385
v -0.013810 0.074324 0.022073
v -0.013413 0.073123 0.025285
v 0.021109 -0.094308 -0.152776
v 0.050945 0.010119 -0.105086
v 0.047683 0.017324 -0.098790
v -0.091054 -0.045134 -0.054019
v 0.040940 0.023285 -0.105919
v 0.042729 0.016240 -0.110598
v 0.052488 0.003261 -0.112536
v 0.045092 0.010366 -0.117298
v 0.035187 -0.045007 -0.156466
v 0.034837 -0.031657 -0.154982
v 0.015953 -0.027970 -0.161743
v 0.029347 -0.058640 -0.155939
v 0.042430 -0.067610 -0.147503
v 0.043689 -0.047786 -0.149216
v 0.043895 -0.033804 -0.150022
v -0.087972 -0.033317 -0.013792
v -0.088919 -0.030173 -0.008050
v -0.087659 -0.028702 -0.009291
v -0.086971 -0.043355 -0.044294
v 0.018493 -0.069367 0.055500
v 0.052575 -0.113810 -0.073371
v 0.040168 -0.021386 -0.147788
v 0.032500 -0.018835 -0.153395
v 0.030407 -0.006809 -0.148768
v 0.037583 -0.009639 -0.144508
v 0.015291 -0.013724 -0.162573
v 0.004093 -0.012528 -0.164575
v 0.018233 -0.127950 -0.035977
v -0.012218 0.074785 -0.050087
v 0.039180 -0.060871 0.018036
v 0.049604 -0.043783 0.018156
v 0.047450 -0.016544 0.067372
v 0.059569 -0.029025 -0.006710
v 0.059103 -0.029664 -0.007509
v 0.049299 -0.026874 0.031818
v 0.051255 -0.029469 0.018624
v 0.031104 -0.073839 0.017351
v 0.068196 -0.039741 -0.016813
v 0.068906 -0.040988 -0.020178
v 0.070119 -0.039372 -0.015674
v 0.070755 -0.040771 -0.019439
v 0.070999 -0.041498 -0.023440
v 0.071292 -0.038502 -0.013693
v 0.068382 -0.032655 -0.049526
v 0.070144 -0.031152 -0.050778
v -0.084737 -0.049152 -0.019429
v -0.083987 -0.050191 -0.021628
v 0.058598 -0.024570 -0.005251
v 0.058499 -0.026417 -0.006137
v -0.072500 -0.041361 -0.030895
v 0.057526 -0.025648 -0.006087
v 0.057439 -0.024188 -0.005282
v 0.058446 -0.022813 -0.003951
v 0.057334 -0.023005 -0.004429
v 0.073115 -0.026404 -0.065796
v 0.056984 -0.027165 -0.004685
v 0.058272 -0.029419 -0.006951
v 0.058251 -0.027863 -0.006637
v 0.057287 -0.026470 -0.006172
v 0.057106 -0.024312 -0.004977
v 0.057068 -0.022532 -0.003743
v 0.057676 -0.021777 -0.002337
v -0.089647 -0.047734 -0.012788
v -0.086837 -0.041387 -0.007441
v -0.068898 -0.032552 0.042927
v -0.063325 -0.043817 0.040389
v -0.063115 -0.040360 0.052321
v -0.068270 -0.028835 0.055561
v -0.080242 -0.027105 -0.032304
v -0.081482 -0.029557 -0.025980
v -0.082786 -0.027554 -0.024680
v 0.072250 -0.038810 -0.012249
v 0.064286 -0.026990 -0.002262
v -0.038073 0.020878 0.064880
v -0.036413 0.021888 0.079055
v 0.067468 -0.035919 -0.042751
v 0.067453 -0.037450 -0.040846
v 0.070401 -0.038304 -0.042227
v 0.070369 -0.037109 -0.044372
v 0.055371 -0.084316 -0.018367
v 0.058583 -0.090784 -0.030962
v 0.006933 -0.074796 0.052119
v 0.006441 -0.078127 0.038368
v 0.074166 -0.078886 -0.063814
v 0.067434 -0.034826 -0.044393
v 0.070462 -0.036077 -0.046138
v 0.069340 -0.041584 -0.024003
v 0.065149 -0.035287 -0.044360
v 0.065529 -0.036565 -0.042496
v 0.072349 -0.037446 -0.047590
v 0.072251 -0.038604 -0.045601
v 0.072241 -0.039690 -0.043238
v 0.065901 -0.037883 -0.040589
v -0.081209 -0.021473 -0.019417
v -0.079794 -0.010774 -0.019026
v -0.080692 -0.011199 -0.034583
v -0.079711 -0.021359 -0.029008
v 0.069377 -0.038561 -0.048166
v 0.073225 -0.051336 -0.092007
v 0.074028 -0.067017 -0.086989
v 0.068672 -0.054722 -0.110213
v 0.069884 -0.070539 -0.105210
v 0.067319 -0.088029 -0.099973
v 0.072045 -0.085264 -0.080980
v 0.068505 -0.032985 -0.049685
v 0.071488 -0.030705 -0.051593
v 0.051616 -0.004962 -0.118606
v 0.056844 -0.011725 -0.113762
v 0.044809 0.003045 -0.123136
v 0.044606 -0.003849 -0.129257
v 0.050961 -0.012401 -0.125478
v 0.058373 -0.023310 -0.118709
v 0.074348 -0.035245 -0.082363
v 0.070094 -0.036830 -0.097519
v 0.065934 -0.023304 -0.101910
v -0.071330 0.023206 -0.066196
v -0.071304 0.018150 -0.067169
v -0.073184 0.018609 -0.057747
v -0.072396 0.022730 -0.058731
v 0.064356 -0.039426 -0.114829
v 0.055422 -0.029241 -0.129885
v 0.059235 -0.043521 -0.126475
v 0.050957 -0.033074 -0.140968
v 0.053028 -0.047143 -0.138358
v 0.054269 -0.063101 -0.136614
v 0.062362 -0.057966 -0.122544
v 0.050599 -0.018491 -0.132545
v 0.043957 -0.009164 -0.135254
v 0.047342 -0.021842 -0.140590
v 0.042869 -0.013912 -0.140228
v 0.063268 -0.016626 -0.103626
v 0.051833 -0.024099 0.001298
v 0.052954 -0.019089 0.001656
v -0.032569 0.038618 -0.118152
v -0.022961 0.040613 -0.118517
v -0.022245 0.035756 -0.125932
v -0.031877 0.032963 -0.125636
v 0.057235 -0.010889 -0.007583
v -0.040333 -0.110829 -0.016360
v -0.041310 -0.115476 -0.027721
v -0.020306 -0.122065 -0.023560
v -0.020415 -0.117371 -0.012822
v 0.051454 0.018488 -0.032080
v 0.050334 0.015763 -0.043536
v 0.054864 0.006388 -0.036229
v 0.054347 0.008332 -0.023161
v -0.029810 0.014844 -0.147390
v -0.019692 0.017764 -0.146940
v -0.019059 0.009515 -0.154058
v -0.029476 0.006603 -0.153751
v -0.065956 0.036659 -0.039457
v -0.068039 0.037491 -0.033907
v -0.064497 0.040679 -0.033603
v -0.062824 0.039390 -0.039245
v 0.049457 0.014049 -0.057530
v 0.053793 0.004376 -0.049257
v 0.056914 0.001738 -0.065511
v 0.051675 0.012735 -0.073064
v 0.060530 -0.102430 -0.095536
v 0.063946 -0.101270 -0.077556
v -0.088403 -0.026931 -0.002671
v -0.087427 -0.025709 -0.004081
v 0.065307 -0.100903 -0.063814
v 0.033030 0.040526 -0.088344
v -0.018009 -0.002779 -0.158373
v -0.028202 -0.005350 -0.157204
v 0.022728 -0.122215 -0.120598
v 0.032996 0.028554 -0.111001
v 0.052030 -0.103606 -0.119801
v -0.005309 -0.083304 0.035996
v 0.040749 -0.109898 -0.126599
v 0.063161 -0.073085 -0.118674
v 0.061732 -0.087956 -0.114065
v 0.055966 -0.102935 -0.108025
v 0.063185 -0.098211 -0.049883
v 0.036678 -0.002687 -0.139706
v 0.040737 0.037041 -0.055235
v 0.039983 0.036250 -0.050958
v 0.040850 0.038273 -0.059847
v 0.037726 0.037634 -0.046393
v -0.001405 0.058088 -0.042979
v -0.001924 0.060280 -0.040932
v -0.002694 0.062184 -0.038384
v 0.000862 0.057718 -0.037779
v -0.000050 0.059546 -0.034891
v -0.005674 0.068715 -0.039215
v -0.005107 0.065643 -0.041738
v -0.003125 0.064648 -0.036175
v -0.003201 0.066992 -0.033416
v -0.005559 0.071185 -0.036378
v 0.000392 0.064149 -0.021394
v 0.001079 0.061625 -0.025806
v -0.000909 0.063537 -0.029777
v 0.003298 0.057932 -0.031847
v 0.002349 0.059803 -0.029073
v -0.000588 0.061480 -0.032622
v 0.004759 0.056009 -0.034899
v -0.001699 0.070203 -0.030125
v 0.000161 0.073953 -0.027285
v -0.005042 0.074905 -0.033026
v -0.007079 0.078874 -0.035249
v -0.007406 0.075289 -0.038823
v 0.001828 0.055862 -0.040031
v 0.006166 0.054378 -0.037383
v 0.005362 0.059118 -0.025697
v 0.008898 0.058262 -0.022418
v 0.007478 0.057046 -0.029349
v 0.011058 0.056457 -0.026697
v 0.008942 0.055364 -0.032511
v 0.012745 0.054737 -0.030022
v 0.011902 0.057325 -0.018394
v 0.014440 0.056091 -0.014510
v 0.016817 0.054257 -0.009216
v 0.017940 0.054488 -0.019049
v 0.020743 0.052415 -0.013997
v 0.020726 0.053134 -0.023726
v 0.024445 0.051374 -0.018660
v -0.028390 0.055790 -0.049754
v -0.028139 0.052600 -0.051255
v -0.031839 0.050984 -0.047961
v -0.032113 0.053758 -0.046474
v -0.022576 0.052561 -0.091842
v -0.023173 0.049452 -0.098946
v -0.031268 0.047709 -0.099350
v -0.030490 0.051603 -0.092328
v 0.014835 0.055655 -0.023316
v 0.017026 0.053904 -0.026935
v 0.014339 0.052785 -0.033188
v 0.010467 0.053412 -0.035332
v 0.023137 0.050019 -0.033709
v 0.022342 0.051543 -0.028607
v 0.018364 0.052146 -0.031032
v 0.019477 0.050653 -0.035171
v 0.027094 0.050076 -0.024801
v 0.027442 0.048817 -0.031923
v 0.027039 0.047172 -0.036239
v 0.014030 0.048727 -0.042822
v 0.009331 0.049327 -0.043874
v 0.017412 0.048073 -0.042289
v 0.023285 0.048293 -0.037114
v 0.020027 0.049058 -0.038042
v 0.031795 0.041854 -0.042181
v 0.029218 0.043316 -0.041421
v 0.023423 0.046105 -0.041419
v 0.020604 0.047103 -0.041774
v 0.026420 0.044753 -0.041222
v 0.005254 0.049616 -0.045923
v 0.001090 0.050013 -0.048492
v 0.046188 -0.040674 0.030818
v -0.007862 0.072570 -0.042014
v -0.007669 0.069476 -0.045002
v -0.001285 0.051822 -0.064938
v -0.003445 0.050879 -0.062351
v -0.009560 0.057296 -0.062415
v 0.002863 0.055606 -0.068065
v -0.001524 0.050394 -0.051678
v -0.035912 0.048976 -0.045347
v -0.035659 0.051109 -0.043758
v -0.003036 0.050324 -0.054466
v -0.004173 0.049856 -0.057040
v -0.004550 0.050215 -0.059942
v -0.021194 0.029879 -0.132257
v -0.030552 0.026661 -0.131696
v -0.024549 -0.051350 -0.164616
v -0.026249 -0.042179 -0.163567
v -0.015630 -0.043026 -0.165855
v -0.015568 -0.056248 -0.165671
v 0.013450 0.057256 -0.078708
v 0.010551 0.060385 -0.073073
v 0.043901 0.025666 -0.093421
v 0.046660 0.022403 -0.085212
v 0.034273 0.044200 -0.074064
v 0.037500 0.042153 -0.070030
v 0.039680 0.040056 -0.064985
v 0.046878 0.020634 -0.073736
v 0.046103 0.020420 -0.061229
v 0.047196 0.021860 -0.049344
v -0.073039 -0.075976 -0.035327
v -0.077454 -0.061287 -0.034291
v -0.078596 -0.062896 -0.046332
v -0.079025 -0.079164 -0.050403
v 0.035762 0.016598 -0.121951
v -0.044989 0.003987 0.060263
v -0.043551 0.005602 0.071989
v -0.005255 -0.078562 0.049980
v 0.036227 0.010592 -0.127700
v 0.034181 0.022328 -0.115632
v 0.028816 0.001822 -0.143888
v 0.027615 0.009580 -0.137813
v 0.036778 0.003987 -0.133829
v 0.027337 0.016506 -0.131998
v 0.026803 0.022151 -0.125585
v 0.025802 0.028056 -0.119698
v 0.024704 0.033789 -0.114716
v 0.021900 0.040584 -0.106194
v 0.033882 -0.055804 0.029510
v -0.009515 0.071044 -0.028522
v -0.010093 0.071562 -0.028418
v -0.063718 0.029562 -0.087657
v -0.065499 0.024607 -0.092954
v -0.068082 0.021257 -0.086031
v -0.066248 0.026637 -0.081833
v -0.009775 0.070850 -0.028471
v -0.010434 0.071408 -0.028423
v -0.010041 0.071456 -0.028040
v -0.010628 0.073889 -0.019925
v -0.011447 0.072850 -0.021864
v -0.010825 0.072284 -0.025590
v 0.057548 -0.012649 -0.001148
v -0.021588 0.058113 -0.080732
v -0.028806 0.058366 -0.080930
v -0.026944 0.059105 -0.075317
v -0.020894 0.058639 -0.075198
v -0.072505 0.023139 -0.051342
v -0.074004 0.020234 -0.048545
v -0.073653 0.025490 -0.040615
v -0.071475 0.027239 -0.044223
v -0.068647 0.033555 -0.040314
v -0.070878 0.033677 -0.035028
v -0.032269 0.044092 -0.108971
v -0.023460 0.046198 -0.109074
v -0.069920 0.018888 -0.077017
v -0.068707 0.024305 -0.074452
v -0.025412 0.058548 -0.052804
v -0.025665 0.054553 -0.054055
v -0.023229 0.056723 -0.057843
v -0.020283 0.063696 -0.058026
v -0.019941 0.060765 -0.060932
v -0.022271 0.056502 -0.060592
v -0.046558 0.044472 -0.093556
v -0.047113 0.039765 -0.100348
v -0.054090 0.034668 -0.100042
v -0.053085 0.039256 -0.093352
v -0.029959 0.021283 -0.138787
v -0.020260 0.024223 -0.138779
v -0.019715 0.058176 -0.068788
v -0.023925 0.056621 -0.069024
v -0.022649 0.055546 -0.065858
v -0.019608 0.058265 -0.065878
v -0.039934 0.049135 -0.041856
v -0.040363 0.047656 -0.043809
v -0.077054 -0.032207 -0.004330
v -0.079882 -0.030657 -0.002507
v -0.080512 -0.023851 -0.050065
v -0.079018 -0.022161 -0.039390
v -0.078702 -0.011766 -0.047959
v -0.079823 -0.014635 -0.061405
v -0.082307 -0.018765 -0.073975
v -0.082514 -0.024734 -0.082763
v -0.083075 -0.031265 -0.065769
v -0.082034 -0.026823 -0.059469
v -0.054651 -0.049970 0.049669
v -0.053507 -0.054088 0.038813
v -0.020574 0.067457 -0.055554
v -0.020681 0.070861 -0.053044
v -0.021892 -0.132635 -0.069204
v -0.021184 -0.133146 -0.054788
v -0.043096 -0.124811 -0.060337
v -0.042948 -0.123769 -0.074122
v -0.072819 -0.072235 -0.025050
v -0.076244 -0.058640 -0.025121
v -0.029591 0.073716 -0.024355
v -0.026670 0.070097 -0.028369
v -0.027688 0.071164 -0.025369
v -0.026847 0.070142 -0.028363
v -0.029967 0.075797 -0.022264
v -0.032296 0.076900 -0.022705
v -0.028219 0.070318 -0.021262
v -0.027186 0.071002 -0.021270
v -0.026904 0.071527 -0.025541
v -0.026912 0.070189 -0.028468
v -0.020902 0.084404 -0.017153
v -0.021533 0.087261 -0.018719
v -0.025173 0.085450 -0.021100
v -0.023656 0.083651 -0.019245
v -0.025618 0.071242 -0.028393
v -0.024938 0.072900 -0.025728
v -0.024347 0.078936 -0.023944
v -0.026156 0.074297 -0.026845
v -0.025934 0.071578 -0.028327
v -0.026280 0.077731 -0.024519
v -0.025847 0.076441 -0.018256
v -0.027907 0.075917 -0.024620
v -0.088576 -0.041700 -0.016582
v -0.067280 -0.019550 0.028283
v -0.072900 -0.027161 0.014573
v -0.071528 -0.030889 0.015067
v -0.068533 -0.026197 0.029922
v -0.088345 -0.044604 -0.043835
v -0.075067 0.004076 -0.093222
v -0.075260 -0.005963 -0.104615
v -0.080733 -0.016527 -0.094162
v -0.080421 -0.010889 -0.083507
v -0.075443 -0.013149 -0.114909
v -0.082401 -0.024018 -0.105089
v -0.087319 -0.032640 -0.093529
v -0.085206 -0.044946 -0.072094
v -0.057128 0.041759 -0.053057
v -0.057204 0.041733 -0.052907
v -0.055656 0.043030 -0.052542
v -0.055815 0.043024 -0.052637
v -0.056801 0.041256 -0.052946
v -0.055374 0.042334 -0.052356
v -0.057721 0.040284 -0.053381
v -0.058132 0.040717 -0.053332
v -0.058225 0.040660 -0.053163
v -0.039727 0.045787 -0.053143
v -0.040449 0.045459 -0.053243
v -0.043187 0.045436 -0.052516
v -0.042416 0.046329 -0.052541
v -0.039335 0.045993 -0.052924
v -0.042208 0.046620 -0.052313
v -0.043349 0.039804 -0.055251
v -0.042776 0.039739 -0.055578
v -0.044189 0.039849 -0.054947
v -0.037674 0.043926 -0.055200
v -0.037892 0.043929 -0.056277
v -0.042541 0.039726 -0.056563
v -0.042405 0.039643 -0.055937
v -0.038057 0.044262 -0.054521
v -0.036366 0.044135 -0.054456
v -0.035338 0.043556 -0.054929
v -0.035458 0.043752 -0.056518
v -0.047442 0.046209 -0.051554
v -0.047585 0.046104 -0.050888
v -0.042835 0.046596 -0.051046
v -0.042452 0.046682 -0.051813
v -0.047333 0.046173 -0.051954
v -0.050682 0.045144 -0.052169
v -0.050679 0.045075 -0.051786
v -0.050704 0.044954 -0.051089
v -0.039435 0.046547 -0.051827
v -0.039347 0.046365 -0.052645
v -0.050606 0.044859 -0.050484
v -0.047687 0.045879 -0.050347
v -0.042958 0.046422 -0.050527
v -0.039417 0.046496 -0.051492
v -0.036596 0.045981 -0.052756
v -0.037708 0.046077 -0.052767
v -0.047554 0.045624 -0.049638
v -0.047398 0.045246 -0.048972
v -0.042534 0.045966 -0.049306
v -0.042798 0.046202 -0.049946
v -0.050513 0.044503 -0.049757
v -0.050385 0.044232 -0.048920
v -0.059223 0.038888 -0.053115
v -0.059760 0.038035 -0.053533
v -0.059629 0.038059 -0.052971
v -0.059252 0.038474 -0.052617
v -0.061606 0.035106 -0.050408
v -0.062666 0.034318 -0.051738
v -0.064138 0.032656 -0.051285
v -0.062861 0.033972 -0.049760
v -0.070555 0.030251 -0.041782
v -0.065136 0.033182 -0.047018
v -0.066666 0.031096 -0.048545
v -0.058701 0.039624 -0.053011
v -0.058053 0.040512 -0.052787
v -0.058829 0.039779 -0.053281
v -0.059286 0.038885 -0.053508
v -0.058772 0.039226 -0.052298
v -0.057927 0.040150 -0.052162
v -0.057088 0.041563 -0.052581
v -0.056978 0.041254 -0.051910
v -0.055408 0.042596 -0.051575
v -0.055458 0.042841 -0.052254
v -0.053490 0.043984 -0.051956
v -0.053869 0.043988 -0.052376
v -0.053454 0.043770 -0.051255
v -0.055420 0.042300 -0.050927
v -0.053410 0.043549 -0.050673
v -0.056920 0.040886 -0.051195
v -0.057999 0.039740 -0.051496
v -0.058829 0.038710 -0.051793
v -0.059532 0.037983 -0.052128
v -0.060030 0.037489 -0.052692
v -0.059098 0.038105 -0.051214
v -0.059659 0.037260 -0.050487
v -0.058389 0.038545 -0.050029
v -0.058150 0.039257 -0.050840
v -0.059989 0.037252 -0.051674
v -0.060700 0.036221 -0.051071
v -0.057017 0.040423 -0.050552
v -0.057032 0.039951 -0.049768
v -0.055275 0.041549 -0.049373
v -0.055368 0.041977 -0.050199
v -0.052939 0.043182 -0.050053
v -0.052921 0.042812 -0.049106
v -0.047392 0.046150 -0.051928
v -0.047203 0.045057 -0.052073
v -0.050592 0.044213 -0.051939
v -0.050839 0.045098 -0.052129
v -0.054043 0.044025 -0.052335
v -0.053460 0.043394 -0.051939
v -0.050372 0.043319 -0.051736
v -0.048321 0.039389 -0.054218
v -0.049486 0.038945 -0.054271
v -0.053077 0.042453 -0.051812
v -0.047293 0.044018 -0.051977
v -0.046866 0.039781 -0.054291
v -0.043955 0.044284 -0.052681
v -0.045360 0.039865 -0.054618
v -0.041216 0.044760 -0.053275
v -0.048141 0.045503 -0.066603
v -0.047923 0.046278 -0.066446
v -0.053051 0.045195 -0.065195
v -0.053009 0.044660 -0.065192
v -0.055161 -0.106734 -0.031916
v -0.055645 -0.111905 -0.048552
v -0.041466 -0.120844 -0.043423
v -0.055606 0.044013 -0.060896
v -0.055515 0.043648 -0.062563
v -0.057906 0.041991 -0.061152
v -0.057956 0.042322 -0.059702
v -0.055923 0.044714 -0.059306
v -0.057977 0.042818 -0.058078
v -0.053189 0.046626 -0.060789
v -0.053067 0.045927 -0.062539
v -0.053047 0.045321 -0.064170
v -0.057061 0.038853 -0.057590
v -0.056361 0.039642 -0.058389
v -0.057081 0.040971 -0.057814
v -0.058035 0.039625 -0.057283
v -0.057707 0.038183 -0.057040
v -0.058602 0.038701 -0.056793
v -0.052209 0.036902 -0.056814
v -0.051887 0.037236 -0.057094
v -0.051400 0.037734 -0.057442
v -0.052384 0.036711 -0.056524
v -0.052473 0.036617 -0.056176
v -0.052503 0.036629 -0.055874
v -0.052410 0.036772 -0.055600
v -0.072170 0.031245 -0.026995
v -0.072613 0.029752 -0.037033
v -0.074110 0.026783 -0.029300
v -0.058678 0.039754 -0.053500
v -0.059162 0.038876 -0.053786
v -0.058211 0.039447 -0.053641
v -0.058670 0.038760 -0.053923
v -0.059665 0.038019 -0.054218
v -0.059911 0.037857 -0.054077
v -0.056191 0.040635 -0.052786
v -0.051361 0.038026 -0.054610
v -0.051790 0.037650 -0.054868
v -0.056862 0.039736 -0.053455
v -0.054908 0.041453 -0.052159
v -0.050631 0.038472 -0.054383
v -0.052067 0.037360 -0.055117
v -0.052244 0.037026 -0.055352
v -0.057190 0.039102 -0.053792
v -0.057631 0.038436 -0.054172
v -0.059060 0.038233 -0.054446
v -0.058141 0.037550 -0.055243
v -0.058106 0.037573 -0.055786
v -0.059204 0.037976 -0.054938
v -0.059262 0.037911 -0.055564
v -0.058004 0.037834 -0.054681
v -0.057956 0.037781 -0.056419
v -0.058997 0.038216 -0.056052
v -0.060030 0.037639 -0.053573
v -0.060117 0.037554 -0.054397
v -0.060658 0.037054 -0.055289
v -0.060463 0.037125 -0.053519
v -0.061076 0.036357 -0.053520
v -0.060565 0.036635 -0.052369
v -0.061569 0.036502 -0.056017
v -0.062549 0.035397 -0.056738
v -0.062191 0.035162 -0.053607
v -0.061441 0.035567 -0.052130
v -0.059883 0.037697 -0.054870
v -0.060106 0.037510 -0.055231
v -0.061081 0.037811 -0.056868
v -0.061616 0.037383 -0.058077
v -0.060523 0.038110 -0.056170
v -0.060077 0.039423 -0.056675
v -0.060351 0.039183 -0.057698
v -0.060716 0.038738 -0.058860
v -0.059378 0.040684 -0.058523
v -0.059573 0.040335 -0.059882
v -0.059268 0.040967 -0.057239
v -0.059956 0.038149 -0.055912
v -0.059516 0.039178 -0.056430
v -0.058810 0.040569 -0.056856
v -0.057876 0.042663 -0.057035
v -0.055889 0.044863 -0.057706
v -0.055179 0.042935 -0.058502
v -0.053078 0.046598 -0.059231
v -0.052520 0.044975 -0.059321
v -0.048123 0.047160 -0.067063
v -0.053777 0.045803 -0.066069
v -0.051960 0.043077 -0.059685
v -0.049247 0.039341 -0.058025
v -0.047680 0.039980 -0.058106
v -0.048834 0.044355 -0.059679
v -0.038569 0.044557 -0.056962
v -0.039443 0.045208 -0.057738
v -0.043285 0.040284 -0.057126
v -0.042838 0.040012 -0.056848
v -0.036971 0.044944 -0.057086
v -0.038383 0.045777 -0.057937
v -0.043035 0.045448 -0.059034
v -0.044882 0.040581 -0.057631
v -0.043930 0.040488 -0.057377
v -0.041230 0.045241 -0.058418
v -0.042520 0.047176 -0.059557
v -0.040032 0.046503 -0.058623
v -0.049254 0.046359 -0.059937
v -0.022450 -0.128945 -0.107840
v -0.022810 -0.130018 -0.090585
v -0.040864 -0.122068 -0.093252
v -0.039160 -0.120971 -0.108404
v -0.054354 0.041436 -0.059132
v -0.050476 0.038546 -0.057769
v -0.047941 -0.113641 -0.108536
v -0.045239 -0.110242 -0.116921
v -0.037209 -0.116274 -0.119798
v -0.039947 -0.071752 0.028044
v -0.029399 -0.075859 0.039661
v -0.034899 0.045875 -0.056994
v -0.036664 0.046327 -0.058224
v -0.033599 0.045527 -0.056095
v -0.032915 0.045483 -0.056388
v -0.034137 0.045643 -0.057781
v -0.035655 0.046005 -0.059041
v -0.038825 0.046927 -0.059208
v -0.037985 0.046890 -0.060176
v -0.041539 0.048179 -0.061288
v -0.041860 0.048159 -0.060045
v -0.049145 0.047870 -0.060404
v -0.049079 0.047829 -0.061979
v -0.040657 0.047084 -0.063274
v -0.037272 0.045948 -0.061649
v -0.039726 0.046111 -0.065108
v -0.036848 0.045384 -0.063260
v -0.048756 0.046262 -0.065479
v -0.049041 0.047195 -0.063632
v -0.036504 0.045699 -0.053486
v -0.034205 0.045628 -0.054064
v -0.037138 0.045773 -0.053708
v -0.034618 0.045566 -0.054060
v -0.038286 0.045115 -0.053880
v -0.033747 0.045337 -0.054706
v -0.033000 0.045477 -0.054865
v -0.039148 0.044753 -0.053859
v -0.033330 0.045164 -0.058310
v -0.031946 0.045360 -0.056654
v -0.032061 0.044276 -0.059332
v -0.031194 0.044945 -0.057146
v -0.034287 0.044262 -0.061865
v -0.034888 0.044982 -0.060074
v -0.031955 0.045423 -0.055115
v -0.032525 0.045610 -0.054339
v -0.031251 0.045326 -0.055452
v -0.031811 0.045537 -0.054515
v -0.039107 0.046504 -0.051048
v -0.038697 0.046360 -0.050678
v -0.035790 0.046157 -0.052521
v -0.035116 0.046086 -0.052406
v -0.047015 0.044791 -0.048261
v -0.050083 0.043893 -0.048169
v -0.046431 0.044539 -0.047361
v -0.049725 0.043495 -0.047172
v -0.041665 0.045770 -0.047857
v -0.042215 0.045804 -0.048596
v -0.043336 0.008356 0.081620
v -0.060306 0.036475 -0.049644
v -0.061202 0.035769 -0.048699
v -0.059406 0.037361 -0.047967
v -0.058804 0.037881 -0.049169
v -0.057172 0.039393 -0.048790
v -0.057366 0.039128 -0.047422
v -0.055002 0.040794 -0.047181
v -0.055121 0.041126 -0.048361
v -0.052756 0.042353 -0.048291
v -0.052729 0.042111 -0.047057
v -0.063747 0.033637 -0.053296
v -0.064768 0.033263 -0.056725
v -0.065522 0.032045 -0.052703
v -0.067297 0.031311 -0.056350
v -0.030265 0.044703 -0.060520
v -0.030009 0.044670 -0.057652
v -0.028795 0.046042 -0.061027
v -0.028603 0.045706 -0.058276
v -0.030163 0.046864 -0.063570
v -0.031930 0.045044 -0.063372
v -0.030538 0.045458 -0.055879
v -0.031180 0.045504 -0.054601
v -0.029565 0.045956 -0.056014
v -0.030523 0.046106 -0.054506
v -0.038187 0.046183 -0.050192
v -0.037675 0.046231 -0.049581
v -0.034568 0.046289 -0.052202
v -0.033876 0.046550 -0.051768
v -0.053914 -0.100845 -0.020225
v -0.057057 -0.115674 -0.065256
v -0.061391 0.043658 -0.068916
v -0.058749 0.044066 -0.066531
v -0.055347 0.046347 -0.068113
v -0.057385 0.047100 -0.070686
v -0.063607 0.041242 -0.072995
v -0.066333 0.038627 -0.069818
v -0.063889 0.040428 -0.066855
v -0.061361 0.041505 -0.064859
v -0.065519 0.034098 -0.059610
v -0.063646 0.035675 -0.059564
v -0.063550 0.036964 -0.061288
v -0.065396 0.035557 -0.061922
v -0.067934 0.032090 -0.059596
v -0.067989 0.033651 -0.062815
v -0.064755 0.037735 -0.064220
v -0.062651 0.039035 -0.062985
v -0.067343 0.036021 -0.065930
v -0.037746 0.048635 -0.068420
v -0.038229 0.046830 -0.067590
v -0.035546 0.045423 -0.065639
v -0.034333 0.046561 -0.065836
v -0.036888 0.049930 -0.069370
v -0.032480 0.047873 -0.065982
v -0.050614 0.050339 -0.071523
v -0.049384 0.048581 -0.069369
v -0.039387 0.045632 -0.066024
v -0.037380 0.045498 -0.064499
v -0.039037 0.045544 -0.066152
v -0.036891 0.045281 -0.064525
v -0.054534 -0.096144 -0.127161
v -0.058437 -0.084457 -0.132573
v -0.041497 -0.089841 -0.144207
v -0.039033 -0.100529 -0.138223
v -0.055511 0.043829 -0.063422
v -0.055831 0.043764 -0.063789
v -0.058255 0.041928 -0.062482
v -0.057865 0.042011 -0.062019
v -0.059758 0.040135 -0.060823
v -0.060202 0.040028 -0.061398
v -0.061402 0.038401 -0.060288
v -0.060963 0.038559 -0.059871
v -0.061645 0.037417 -0.059072
v -0.062113 0.037016 -0.059194
v -0.036884 0.045558 -0.065395
v -0.038771 0.046229 -0.066458
v -0.051643 -0.115167 -0.096304
v -0.054791 0.029202 -0.107598
v -0.061700 0.023145 -0.104757
v -0.060574 0.029026 -0.098072
v -0.056768 0.044233 -0.064722
v -0.059281 0.041919 -0.063485
v -0.061113 0.039766 -0.062149
v -0.062230 0.037967 -0.060822
v -0.062747 0.036815 -0.059830
v -0.084068 -0.027012 -0.021926
v -0.082923 -0.029076 -0.022130
v -0.084866 -0.051663 -0.032816
v -0.081646 -0.049657 -0.039229
v -0.080592 -0.048381 -0.042586
v -0.088043 -0.038764 -0.049570
v -0.089494 -0.041625 -0.052853
v -0.095197 -0.046662 -0.014546
v -0.092377 -0.042359 -0.012376
v -0.095106 -0.047469 -0.015358
v -0.097541 -0.051340 -0.049033
v -0.098272 -0.053039 -0.047429
v -0.099674 -0.052774 -0.047037
v -0.046215 -0.086006 -0.000612
v -0.050235 -0.093979 -0.013562
v -0.098838 -0.054748 -0.045601
v -0.082303 -0.032044 -0.026936
v -0.086952 -0.052430 -0.032295
v -0.089760 -0.054871 -0.031687
v -0.091886 -0.055405 -0.026626
v -0.090269 -0.054317 -0.027208
v -0.091784 -0.053617 -0.021502
v -0.090247 -0.052635 -0.022450
v -0.096164 -0.050892 -0.018076
v -0.095747 -0.054286 -0.022312
v -0.090629 -0.043073 -0.053246
v -0.090830 -0.042304 -0.052322
v -0.091694 -0.043473 -0.053190
v -0.083229 -0.033456 -0.026005
v -0.086179 -0.038881 -0.047384
v -0.086134 -0.037231 -0.045382
v -0.085681 -0.037628 -0.045964
v -0.080251 -0.037611 -0.031333
v -0.079993 -0.037766 -0.032084
v -0.081544 -0.037100 -0.029719
v -0.083490 -0.035093 -0.028335
v -0.078064 -0.037012 -0.020855
v -0.077401 -0.038515 -0.020097
v -0.077235 -0.037638 -0.019195
v -0.093570 -0.045751 -0.058612
v -0.086289 -0.036918 -0.044337
v -0.087514 -0.037322 -0.045265
v -0.088382 -0.037580 -0.046349
v -0.092869 -0.043553 -0.052385
v -0.088927 -0.037729 -0.047318
v -0.087664 -0.037877 -0.047512
v -0.089023 -0.038680 -0.049149
v -0.086824 -0.038204 -0.047736
v -0.083417 -0.049976 -0.023455
v -0.082259 -0.048301 -0.023447
v -0.081151 -0.027683 -0.041177
v -0.082357 -0.029656 -0.039329
v -0.090986 -0.039991 -0.011129
v -0.081345 -0.044906 -0.048237
v -0.081460 -0.047028 -0.051483
v -0.097408 -0.055955 -0.026426
v -0.090016 -0.045230 -0.019340
v -0.087835 -0.043987 -0.018128
v -0.092318 -0.046503 -0.020968
v -0.093772 -0.047905 -0.023854
v -0.082702 -0.041280 -0.039039
v -0.091219 -0.047200 -0.043312
v -0.091980 -0.048206 -0.041145
v -0.089663 -0.045784 -0.043520
v -0.081639 -0.046193 -0.054760
v -0.082310 -0.043760 -0.054300
v -0.080495 -0.044516 -0.051033
v -0.082873 -0.043134 -0.052324
v -0.079849 -0.036837 -0.024288
v -0.077510 -0.040228 -0.018104
v -0.079214 -0.041879 -0.019974
v -0.079073 -0.041136 -0.017458
v -0.080358 -0.042837 -0.018673
v -0.080638 -0.044303 -0.019985
v -0.080825 -0.045696 -0.021990
v -0.081673 -0.046114 -0.024260
v -0.079240 -0.037473 -0.028491
v -0.084053 -0.035723 -0.053486
v -0.078924 -0.037597 -0.026704
v -0.080606 -0.037268 -0.030006
v -0.080665 -0.036867 -0.028255
v -0.080375 -0.036731 -0.026367
v -0.087222 -0.036329 -0.015508
v -0.086688 -0.039568 -0.016869
v -0.085586 -0.035881 -0.016317
v -0.086637 -0.042222 -0.017354
v -0.083948 -0.035942 -0.016812
v -0.082671 -0.044658 -0.049108
v -0.082747 -0.044808 -0.052092
v -0.082960 -0.025473 -0.025045
v -0.075905 0.021499 -0.033760
v -0.076551 0.015464 -0.043052
v -0.044807 0.047230 0.018359
v -0.044060 0.047437 0.021687
v -0.069225 0.035315 -0.024976
v -0.065131 0.039552 -0.022825
v -0.043519 0.059910 0.011308
v -0.042879 0.059922 0.012792
v -0.042077 0.060160 0.012629
v -0.042714 0.059905 0.011616
v -0.041270 0.058013 0.012670
v -0.042070 0.057385 0.012389
v -0.042090 0.058622 0.012333
v -0.041290 0.059268 0.012733
v -0.045530 0.059334 -0.007560
v -0.047486 0.055375 -0.011762
v -0.049648 0.054227 -0.007070
v -0.047994 0.057994 -0.003380
v -0.043340 0.050249 0.014420
v -0.043273 0.050968 0.012253
v -0.042677 0.053901 0.011748
v -0.042680 0.053370 0.012997
v -0.043228 0.050001 0.015982
v -0.042497 0.053146 0.013828
v -0.044780 0.047437 0.016082
v -0.044588 0.048045 0.012888
v -0.049845 0.053175 0.017623
v -0.047725 0.056089 0.015622
v -0.048606 0.056902 0.011714
v -0.050805 0.054146 0.012258
v -0.042121 0.057179 -0.019605
v -0.045043 0.056299 -0.016059
v -0.043141 0.059245 -0.011727
v -0.039825 0.059864 -0.016302
v -0.036707 0.060922 -0.020582
v -0.038586 0.058153 -0.023562
v -0.034725 0.064363 -0.027892
v -0.036646 0.066366 -0.024359
v -0.037064 0.070015 -0.023669
v -0.036618 0.068445 -0.025601
v -0.035238 0.069146 -0.019374
v -0.037259 0.065113 -0.022212
v -0.031254 0.070642 -0.017968
v -0.030923 0.071459 -0.018394
v -0.035431 0.067637 -0.018702
v -0.035025 0.065557 -0.018009
v -0.031789 0.069635 -0.017370
v -0.030253 0.071985 -0.018640
v -0.032931 0.071493 -0.019496
v -0.034217 0.072584 -0.022027
v -0.023129 0.081433 -0.018285
v -0.024235 0.083119 -0.020053
v -0.025736 0.062100 -0.050862
v -0.028858 0.058924 -0.047693
v -0.026113 0.065097 -0.048516
v -0.029019 0.061514 -0.045414
v -0.033193 0.076048 -0.024328
v -0.035697 0.074298 -0.026731
v -0.030597 0.080323 -0.024755
v -0.031787 0.079715 -0.028282
v -0.019538 0.059069 -0.063378
v -0.021604 0.077883 -0.014814
v -0.022079 0.077423 -0.014884
v -0.020932 0.079394 -0.015823
v -0.019363 -0.117970 -0.132673
v -0.019477 -0.107788 -0.144277
v -0.021767 -0.084238 -0.157942
v -0.021227 -0.072419 -0.160562
v -0.024511 0.077929 -0.000541
v -0.024384 0.078151 -0.002219
v -0.031124 0.060674 0.005006
v -0.025751 0.062482 0.004268
v -0.025578 0.065393 0.004810
v -0.030975 0.063763 0.005972
v -0.034697 0.061678 0.007022
v -0.035314 0.058425 0.006017
v -0.031104 0.058193 0.004025
v -0.025581 0.059663 0.003162
v -0.030478 0.069383 0.006751
v -0.025370 0.071714 0.005335
v -0.025170 0.074418 0.003623
v -0.030391 0.071842 0.004998
v -0.036819 0.063740 -0.014198
v -0.033687 0.067474 -0.014436
v -0.030236 0.072196 -0.014425
v -0.027051 0.075355 -0.014034
v -0.026173 0.075491 -0.015888
v -0.028849 0.072959 -0.016788
v -0.025631 0.075598 -0.016163
v -0.028117 0.073242 -0.017185
v -0.027846 0.073585 -0.017349
v -0.028292 0.073198 -0.017808
v -0.026507 0.074975 -0.017458
v -0.027095 0.074548 -0.018172
v -0.025492 0.075942 -0.016182
v -0.021817 0.080585 -0.043210
v -0.021212 0.077326 -0.046871
v -0.028984 0.075680 -0.003474
v -0.024453 0.077262 -0.003861
v -0.023966 0.076064 -0.007907
v -0.028173 0.074634 -0.008037
v -0.032295 0.071581 -0.007493
v -0.033958 0.072869 -0.001917
v -0.022603 0.077108 -0.014697
v -0.029291 0.076091 -0.001664
v -0.029662 0.075829 0.000226
v -0.034545 0.073266 0.000236
v -0.034779 0.072823 0.002328
v -0.038588 0.069525 0.000719
v -0.037326 0.068123 -0.005918
v -0.042609 0.064304 -0.003957
v -0.042149 0.065788 0.003713
v -0.048660 0.058413 0.008162
v -0.044722 0.059479 0.011319
v -0.044655 0.060226 0.009676
v -0.044400 0.061523 0.007950
v -0.047956 0.059829 0.004267
v -0.050843 0.055921 0.007093
v -0.049865 0.057112 0.001547
v -0.046421 0.061574 0.000004
v -0.043758 0.063204 0.005974
v -0.043576 0.060701 0.009932
v -0.042779 0.060366 0.010732
v -0.043280 0.061779 0.008807
v -0.042471 0.061338 0.009760
v -0.042826 0.063166 0.007610
v -0.041983 0.062557 0.008819
v -0.041107 0.064455 0.007536
v -0.041766 0.065394 0.005964
v -0.041237 0.059480 0.010637
v -0.040022 0.060706 0.010002
v -0.039783 0.062037 0.009762
v -0.040885 0.060512 0.010445
v -0.042098 0.058288 0.011351
v -0.041633 0.059531 0.011119
v -0.042143 0.054862 0.010741
v -0.041346 0.055797 0.009591
v -0.042635 0.057471 0.011877
v -0.042446 0.058402 0.011858
v -0.042129 0.059733 0.011685
v -0.041863 0.060526 0.010608
v -0.041252 0.061618 0.009833
v -0.040319 0.063224 0.008913
v -0.034609 0.071332 0.004485
v -0.038329 0.069027 0.004999
v -0.037762 0.067274 0.006857
v -0.034197 0.068898 0.006817
v -0.037233 0.065417 0.008466
v -0.035861 0.055752 0.005017
v -0.034074 0.066585 0.008059
v -0.039178 0.055315 0.007411
v -0.040124 0.052668 0.006642
v -0.038347 0.058573 0.008225
v -0.042747 0.051995 0.010692
v -0.042000 0.052731 0.009119
v -0.044015 0.048948 0.010504
v -0.043083 0.050098 0.008518
v -0.037339 0.063546 0.009090
v -0.038688 0.069680 0.003030
v -0.030061 0.074308 0.002399
v -0.024851 0.076414 0.001213
v -0.023469 0.087382 -0.034641
v -0.022804 0.083851 -0.039428
v -0.041554 0.060041 0.012650
v -0.025678 0.028903 0.092450
v -0.044064 0.059284 0.013264
v -0.042669 0.049938 0.018591
v -0.041792 0.053257 0.015376
v -0.047543 0.053531 0.022844
v -0.044175 0.056599 0.027526
v -0.042986 0.058983 0.023648
v -0.045887 0.056346 0.019940
v -0.040932 0.062275 0.018095
v -0.042898 0.060275 0.015199
v -0.041785 0.061072 0.014380
v -0.039694 0.063207 0.016386
v -0.038729 0.063545 0.015190
v -0.040903 0.061267 0.013761
v -0.037345 0.062340 0.013509
v -0.033206 0.064415 0.013890
v -0.032232 0.059679 0.017439
v -0.036637 0.057486 0.017069
v -0.040731 0.054382 0.016107
v -0.040273 0.058917 0.013067
v -0.037657 0.062975 0.013818
v -0.040228 0.060232 0.013450
v -0.033649 0.065832 0.014044
v -0.034962 0.021269 0.088113
v -0.040520 0.060978 0.013377
v -0.038100 0.063333 0.014138
v -0.034224 0.066671 0.014906
v -0.035071 0.067257 0.016741
v -0.036118 0.067486 0.018755
v -0.037048 0.066400 0.021367
v -0.038421 0.062343 0.027814
v -0.039616 0.060816 0.032258
v -0.032761 0.065191 0.030988
v -0.033477 0.064359 0.035238
v -0.032376 0.070162 0.023987
v -0.031788 0.071490 0.020577
v -0.030844 0.070828 0.018143
v -0.030233 0.069472 0.015905
v -0.023392 0.076813 -0.013377
v -0.025111 0.076668 -0.017140
v -0.023572 0.078995 -0.017453
v -0.026511 0.083620 -0.021958
v -0.020727 0.081699 -0.016449
v -0.029104 0.082443 -0.024096
v -0.027447 0.084304 -0.023168
v -0.027985 0.084916 -0.025241
v -0.029220 0.083484 -0.026359
v -0.025982 0.085981 -0.022153
v -0.027282 0.086267 -0.024729
v -0.021994 0.088543 -0.020009
v -0.023011 0.090369 -0.023790
v -0.023777 0.089626 -0.030658
v -0.023495 0.090671 -0.026539
v -0.028298 0.085458 -0.027178
v -0.029184 0.083313 -0.029530
v -0.029102 0.080753 -0.032491
v -0.032172 0.076829 -0.030759
v -0.017015 -0.027371 -0.165525
v -0.029616 0.068255 0.014502
v -0.028669 0.066375 0.014140
v -0.031346 0.053160 0.027041
v -0.031686 0.055352 0.022808
v -0.026872 0.056876 0.023563
v -0.026508 0.054957 0.027726
v -0.024644 0.067395 0.014268
v -0.023838 0.061927 0.018170
v -0.027561 0.061260 0.017714
v -0.025029 0.069091 0.014896
v -0.025574 0.070454 0.016673
v -0.026139 0.072466 0.019190
v -0.023184 0.057521 0.024110
v -0.022807 0.055690 0.028504
v -0.041206 0.050856 0.020296
v -0.041463 0.048629 0.024425
v -0.036611 0.053393 0.022173
v -0.036688 0.051356 0.025623
v -0.027050 0.067095 0.036716
v -0.026493 0.066846 0.032559
v -0.026679 0.073548 0.021770
v -0.026805 0.072125 0.025379
v -0.020648 -0.095788 -0.151141
v -0.069876 0.000975 -0.111329
v -0.069848 0.009189 -0.104755
v -0.063492 0.015334 -0.111369
v -0.063675 0.007952 -0.116340
v -0.070879 -0.005359 -0.120029
v -0.064296 0.002882 -0.123819
v -0.042999 -0.048089 -0.157919
v -0.046252 -0.032969 -0.158750
v -0.027923 -0.028903 -0.165009
v -0.036207 -0.062169 -0.157231
v -0.046786 -0.072266 -0.148375
v -0.050423 -0.053914 -0.152415
v -0.052297 -0.037585 -0.151804
v -0.028928 -0.074500 0.053879
v -0.056093 -0.116118 -0.078787
v -0.052183 -0.025606 -0.150200
v -0.044574 -0.022184 -0.156265
v -0.043577 -0.011926 -0.151532
v -0.050626 -0.015761 -0.147757
v -0.028036 -0.016607 -0.163382
v -0.017517 -0.014484 -0.165290
v -0.021007 -0.128495 -0.037448
v -0.020784 0.073915 -0.050206
v -0.053081 -0.066120 0.014222
v -0.067644 -0.051432 0.015107
v -0.067766 -0.026267 0.065842
v -0.080138 -0.038905 -0.009834
v -0.079443 -0.039461 -0.010623
v -0.069763 -0.036548 0.029080
v -0.071668 -0.038144 0.015817
v -0.043133 -0.078061 0.014753
v -0.085887 -0.050674 -0.021136
v -0.085819 -0.051586 -0.024742
v -0.088187 -0.050819 -0.020192
v -0.088219 -0.052079 -0.024094
v -0.087667 -0.052613 -0.028316
v -0.089774 -0.050424 -0.018316
v -0.082916 -0.042368 -0.053631
v -0.085093 -0.041483 -0.054885
v -0.080529 -0.034653 -0.007422
v -0.080151 -0.036347 -0.008544
v -0.079534 -0.035470 -0.007844
v -0.079583 -0.034123 -0.007199
v -0.080477 -0.033036 -0.006122
v -0.079395 -0.032997 -0.006385
v -0.083647 -0.036449 -0.071186
v -0.077330 -0.036459 -0.007459
v -0.078836 -0.038936 -0.009933
v -0.079295 -0.037556 -0.009206
v -0.079090 -0.036142 -0.007941
v -0.078545 -0.034064 -0.006569
v -0.078688 -0.032495 -0.005385
v -0.079886 -0.031996 -0.004583
v -0.090869 -0.051147 -0.016946
v -0.085410 -0.038304 -0.005779
v -0.083208 -0.046455 -0.047677
v -0.083115 -0.047699 -0.045865
v -0.085785 -0.049372 -0.047453
v -0.085759 -0.048346 -0.049439
v -0.062516 -0.086130 -0.023941
v -0.067362 -0.093546 -0.033473
v -0.017155 -0.077786 0.051421
v -0.017032 -0.080569 0.036935
v -0.081719 -0.081088 -0.068294
v -0.083050 -0.045520 -0.049127
v -0.085646 -0.047314 -0.051033
v -0.085396 -0.051877 -0.028855
v -0.080610 -0.045468 -0.049080
v -0.081032 -0.046457 -0.047437
v -0.087328 -0.049107 -0.052553
v -0.087477 -0.050364 -0.050736
v -0.088095 -0.051502 -0.048419
v -0.081273 -0.047418 -0.045589
v -0.081900 -0.047618 -0.053243
v -0.086218 -0.059761 -0.098785
v -0.083369 -0.072443 -0.093337
v -0.077949 -0.062765 -0.113996
v -0.076012 -0.076685 -0.109380
v -0.071434 -0.092029 -0.104700
v -0.077430 -0.088011 -0.086804
v -0.082501 -0.042648 -0.054058
v -0.086768 -0.041808 -0.055860
v -0.070561 -0.012165 -0.126517
v -0.075756 -0.020047 -0.121464
v -0.064834 -0.003195 -0.131620
v -0.063614 -0.009466 -0.137729
v -0.069386 -0.018677 -0.132769
v -0.075839 -0.030296 -0.124406
v -0.088844 -0.045129 -0.090507
v -0.085552 -0.045777 -0.103956
v -0.083675 -0.033227 -0.108726
v -0.077545 -0.047169 -0.119622
v -0.068251 -0.035820 -0.132638
v -0.070156 -0.050549 -0.128972
v -0.060555 -0.038906 -0.142061
v -0.060721 -0.053733 -0.139916
v -0.059308 -0.069676 -0.137809
v -0.070204 -0.065561 -0.124867
v -0.065206 -0.024039 -0.136654
v -0.060883 -0.014693 -0.141376
v -0.059362 -0.026735 -0.142914
v -0.056831 -0.019136 -0.143796
v -0.081389 -0.026832 -0.110798
v -0.073244 -0.033098 -0.001240
v -0.075580 -0.028658 -0.000562
v -0.081094 -0.021750 -0.010767
v -0.079091 0.009373 -0.035777
v -0.076964 0.006472 -0.048501
v -0.080278 -0.002593 -0.040234
v -0.079989 -0.001019 -0.025973
v -0.075143 0.004578 -0.062940
v -0.078123 -0.004281 -0.054665
v -0.078844 -0.006929 -0.070110
v -0.075885 0.004242 -0.077417
v -0.062889 -0.105730 -0.100062
v -0.067230 -0.105259 -0.083586
v -0.068971 -0.103398 -0.070342
v -0.059484 0.033616 -0.092196
v -0.020917 -0.123451 -0.122443
v -0.056306 0.022105 -0.115531
v -0.050428 -0.104453 -0.120266
v -0.037020 -0.110845 -0.127673
v -0.068445 -0.080247 -0.120383
v -0.065128 -0.093106 -0.116672
v -0.057522 -0.105260 -0.111411
v -0.068649 -0.098982 -0.052767
v -0.054285 -0.007335 -0.145846
v -0.070278 0.029115 -0.059510
v -0.069673 0.028142 -0.055178
v -0.070191 0.030375 -0.064225
v -0.067886 0.029667 -0.050408
v -0.032127 0.056109 -0.044490
v -0.031955 0.058428 -0.042367
v -0.031665 0.060472 -0.039665
v -0.034937 0.055437 -0.039572
v -0.034437 0.057450 -0.036450
v -0.028594 0.067256 -0.039775
v -0.029047 0.064173 -0.042658
v -0.031258 0.063012 -0.037035
v -0.031177 0.065377 -0.033806
v -0.029047 0.069685 -0.036658
v -0.036503 0.062208 -0.022119
v -0.036090 0.059205 -0.026697
v -0.033563 0.061601 -0.030459
v -0.037682 0.055178 -0.033556
v -0.037014 0.057249 -0.030392
v -0.033948 0.059566 -0.033714
v -0.038611 0.052951 -0.036909
v -0.033019 0.068299 -0.030786
v -0.035657 0.071868 -0.028180
v -0.030130 0.073269 -0.033371
v -0.028231 0.077222 -0.035554
v -0.027163 0.073817 -0.039048
v -0.035377 0.053383 -0.041835
v -0.039446 0.051067 -0.039418
v -0.040286 0.056058 -0.027212
v -0.044431 0.054995 -0.024213
v -0.041736 0.053554 -0.031236
v -0.045545 0.052650 -0.028831
v -0.042600 0.051456 -0.034641
v -0.046529 0.050434 -0.032429
v -0.047640 0.053779 -0.020437
v -0.050097 0.052168 -0.016635
v -0.052282 0.050414 -0.011082
v -0.052829 0.049969 -0.021594
v -0.055657 0.047690 -0.016312
v -0.054844 0.048104 -0.026647
v -0.058750 0.045905 -0.021655
v -0.049601 0.051529 -0.025709
v -0.051054 0.049349 -0.029679
v -0.047556 0.048406 -0.035927
v -0.043609 0.049497 -0.037768
v -0.055940 0.044973 -0.037058
v -0.055774 0.046507 -0.031853
v -0.051746 0.047463 -0.034037
v -0.052261 0.045899 -0.038309
v -0.060415 0.044314 -0.028273
v -0.060004 0.043189 -0.035383
v -0.059164 0.041726 -0.039829
v -0.045713 0.044969 -0.045671
v -0.041058 0.046133 -0.046280
v -0.049161 0.043947 -0.045315
v -0.055539 0.043383 -0.040527
v -0.052311 0.044424 -0.041234
v -0.062932 0.035430 -0.045844
v -0.060500 0.037587 -0.045143
v -0.055113 0.041326 -0.044862
v -0.052344 0.042702 -0.045018
v -0.057943 0.039529 -0.044884
v -0.036889 0.046892 -0.048092
v -0.032619 0.047757 -0.050354
v -0.064959 -0.047398 0.027293
v -0.026227 0.071267 -0.042333
v -0.026107 0.068226 -0.045497
v -0.029919 0.049825 -0.065977
v -0.027616 0.049173 -0.063445
v -0.022064 0.055842 -0.063255
v -0.034043 0.052536 -0.069683
v -0.029499 0.048168 -0.053144
v -0.027626 0.048221 -0.055653
v -0.026567 0.048266 -0.058012
v -0.026357 0.048734 -0.060904
v -0.043984 0.052754 -0.081833
v -0.041788 0.055874 -0.075359
v -0.067844 0.017848 -0.097932
v -0.071330 0.014592 -0.089556
v -0.062999 0.037301 -0.078085
v -0.066435 0.034706 -0.074349
v -0.068947 0.032344 -0.069451
v -0.072491 0.012356 -0.078367
v -0.072496 0.011561 -0.066338
v -0.074624 0.012672 -0.054110
v -0.055476 0.010632 -0.126029
v -0.056574 0.005505 -0.135510
v -0.056094 0.015654 -0.120281
v -0.046394 -0.001353 -0.149046
v -0.048367 0.006997 -0.145432
v -0.056787 -0.000069 -0.142725
v -0.048158 0.011920 -0.137429
v -0.047682 0.016782 -0.128394
v -0.048600 0.022637 -0.123264
v -0.048707 0.029110 -0.117956
v -0.048110 0.035445 -0.108924
v -0.051072 -0.061384 0.025609
v -0.026648 0.070375 -0.028532
v -0.026107 0.070948 -0.028413
v -0.026372 0.070213 -0.028479
v -0.025759 0.070855 -0.028409
v -0.026292 0.070875 -0.028039
v -0.026764 0.073663 -0.019819
v -0.025588 0.072605 -0.021744
v -0.025797 0.071867 -0.025524
v -0.081363 -0.023310 -0.004037
v -0.063297 -0.038323 0.062318
v -0.055017 -0.048778 0.059051
v 0.045443 -0.029915 0.064938
v 0.040323 -0.042267 0.061613
v 0.007800 0.020413 0.095390
v 0.019794 0.013698 0.089742
v 0.022427 0.013399 0.100762
v 0.009552 0.018809 0.106532
v 0.053519 -0.032195 0.081654
v 0.047590 -0.030625 0.073971
v 0.044298 -0.043239 0.071451
v 0.051690 -0.045819 0.079958
v 0.037533 -0.053682 0.070918
v 0.043392 -0.055697 0.082186
v 0.032432 -0.064205 0.082841
v 0.029062 -0.061800 0.070777
v 0.018461 -0.067825 0.070777
v 0.020447 -0.070850 0.084578
v 0.032602 0.006005 0.083693
v 0.042791 -0.003703 0.079123
v 0.044119 -0.005601 0.090155
v 0.034743 0.005522 0.093877
v 0.048029 -0.016781 0.076355
v 0.050457 -0.019505 0.085597
v 0.008964 -0.074724 0.084245
v 0.007596 -0.071961 0.068914
v 0.014163 0.013781 0.127425
v 0.001379 0.016945 0.132756
v 0.000793 0.019137 0.122558
v 0.011735 0.016218 0.118042
v 0.048300 0.005253 0.123934
v 0.063900 -0.002432 0.113575
v 0.072707 0.005120 0.120332
v 0.054770 0.014300 0.132047
v 0.097682 -0.002545 0.114801
v 0.109790 -0.022893 0.101909
v 0.032062 0.013677 0.129222
v 0.035982 0.022301 0.141353
v -0.000848 -0.089601 0.090726
v -0.003732 -0.075703 0.082292
v 0.099135 -0.027870 0.097254
v 0.098516 -0.053535 0.101364
v 0.113006 -0.049225 0.106355
v 0.058138 -0.102659 0.132740
v 0.059239 -0.106146 0.140799
v 0.075064 -0.101297 0.135324
v 0.069760 -0.097843 0.127658
v 0.074119 -0.054531 0.091465
v 0.064498 -0.072550 0.089816
v 0.072436 -0.075168 0.101423
v 0.086250 -0.056815 0.094901
v 0.037316 -0.096338 0.113529
v 0.055059 -0.087162 0.107377
v 0.047481 -0.082914 0.092442
v 0.031885 -0.090484 0.098447
v 0.086586 -0.032808 0.096128
v 0.074166 -0.034204 0.093103
v 0.075975 -0.015919 0.104704
v 0.065671 -0.019212 0.100986
v 0.054806 -0.008790 0.109959
v 0.052497 -0.062013 0.089331
v 0.040084 -0.073018 0.090051
v 0.027378 -0.085154 0.088601
v 0.014435 -0.089992 0.089645
v 0.000057 -0.111037 0.145381
v -0.000435 -0.107595 0.132360
v 0.017710 -0.099997 0.115503
v 0.016551 -0.094986 0.101015
v 0.086900 -0.010686 0.108952
v 0.057777 -0.020738 0.095030
v 0.047311 -0.008616 0.100543
v 0.062104 0.028051 0.141633
v 0.082442 0.015123 0.130918
v 0.041249 0.034049 0.153518
v 0.022191 0.038718 0.160184
v 0.020651 -0.105026 0.130390
v 0.020150 -0.107792 0.143847
v 0.041339 -0.107669 0.141233
v 0.044211 -0.102407 0.127525
v 0.041830 0.003553 0.115632
v 0.027890 0.008232 0.120396
v 0.016729 0.020556 0.133824
v 0.059920 -0.048717 0.087744
v 0.060024 -0.033910 0.089961
v 0.037421 0.003043 0.106856
v 0.024636 0.010165 0.113386
v -0.001954 0.023347 0.110847
v 0.019252 0.028202 0.147820
v 0.102841 -0.075063 0.116756
v 0.089952 -0.091860 0.126957
v 0.081287 -0.091589 0.122783
v -0.001438 -0.102798 0.116591
v -0.010301 0.019625 0.124341
v -0.008610 0.014460 0.134393
v -0.012167 0.024340 0.112457
v 0.084717 -0.079803 0.111662
v 0.063593 -0.093477 0.117947
v -0.013840 0.027531 0.102559
v -0.004876 -0.075398 0.066838
v -0.007547 0.017520 0.142023
v -0.008034 0.029227 0.153334
v -0.008435 0.038136 0.167501
v -0.003274 0.026913 0.100379
v 0.005416 0.029469 0.151318
v 0.004215 0.019770 0.139351
v 0.006227 0.040099 0.163422
v 0.001283 -0.097327 0.099433
v -0.033760 0.020106 0.096102
v -0.042725 0.009765 0.089872
v -0.043288 0.009620 0.100092
v -0.032852 0.017709 0.106144
v -0.065753 -0.039238 0.078861
v -0.063975 -0.038083 0.071458
v -0.056660 -0.049559 0.067825
v -0.060172 -0.053413 0.079245
v -0.049337 -0.060641 0.067598
v -0.051111 -0.063365 0.081556
v -0.040235 -0.070533 0.081824
v -0.039234 -0.068389 0.068224
v -0.027830 -0.072760 0.068997
v -0.028328 -0.074634 0.082419
v -0.054517 -0.000275 0.084318
v -0.063648 -0.011518 0.078708
v -0.063285 -0.012022 0.089252
v -0.054837 -0.000019 0.094533
v -0.067696 -0.024953 0.074984
v -0.067939 -0.025686 0.084265
v -0.015841 -0.076641 0.083102
v -0.016812 -0.074953 0.068095
v -0.032855 0.015109 0.128465
v -0.020542 0.015328 0.133672
v -0.021531 0.019098 0.122104
v -0.033412 0.015705 0.118098
v -0.063025 -0.000664 0.121907
v -0.077572 -0.013323 0.114162
v -0.086436 -0.007782 0.121062
v -0.070068 0.006224 0.130942
v -0.110329 -0.016307 0.113774
v -0.119226 -0.035611 0.101227
v -0.047682 0.008831 0.128734
v -0.052493 0.016861 0.138880
v -0.108391 -0.039087 0.097627
v -0.105583 -0.066625 0.099210
v -0.118746 -0.063580 0.104023
v -0.058655 -0.107641 0.130441
v -0.058596 -0.111479 0.138200
v -0.075246 -0.109381 0.131843
v -0.070883 -0.104929 0.124914
v -0.080665 -0.062556 0.086588
v -0.068260 -0.078139 0.092440
v -0.077964 -0.084730 0.099485
v -0.093413 -0.066964 0.094241
v -0.040588 -0.100519 0.112193
v -0.059695 -0.094897 0.104998
v -0.051438 -0.087263 0.096219
v -0.034506 -0.092887 0.099310
v -0.097500 -0.042712 0.092919
v -0.082255 -0.040750 0.086822
v -0.088211 -0.024522 0.101442
v -0.075751 -0.029082 0.100302
v -0.069958 -0.013718 0.107925
v -0.060049 -0.073239 0.083377
v -0.047487 -0.083448 0.086529
v -0.031936 -0.088059 0.088870
v -0.015659 -0.090627 0.089527
v -0.020781 -0.102287 0.115774
v -0.017247 -0.094493 0.099427
v -0.099972 -0.021661 0.106714
v -0.070922 -0.027331 0.091934
v -0.063866 -0.013581 0.098906
v -0.078228 0.016110 0.142431
v -0.096291 0.001497 0.130231
v -0.058397 0.025933 0.153207
v -0.039399 0.033013 0.159571
v -0.022062 -0.105955 0.129803
v -0.020412 -0.109685 0.143499
v -0.041218 -0.109840 0.140149
v -0.045712 -0.105459 0.126198
v -0.057322 -0.003762 0.115318
v -0.045167 0.005581 0.123304
v -0.033360 0.014950 0.135571
v -0.066824 -0.056314 0.082703
v -0.070121 -0.042305 0.087742
v -0.055652 -0.001892 0.105785
v -0.044326 0.007866 0.112833
v -0.023115 0.022462 0.110479
v -0.036089 0.024701 0.144315
v -0.106134 -0.087596 0.112851
v -0.091180 -0.102012 0.122801
v -0.083297 -0.100617 0.119678
v -0.089050 -0.090661 0.107760
v -0.066121 -0.100253 0.115835
v -0.024618 0.025861 0.100171
v -0.021420 0.027222 0.149585
v -0.020022 0.014302 0.140885
v -0.023271 0.037651 0.163481
v -0.026804 0.070395 -0.028129
v -0.078030 -0.003626 -0.003341
v -0.077600 -0.010963 0.004412
v -0.075369 -0.003978 0.015558
v -0.076532 0.003769 0.006824
v -0.070530 0.003535 0.025127
v -0.074289 0.009641 0.015221
v -0.063422 0.012759 0.031554
v -0.069136 0.016506 0.022326
v -0.058674 0.022344 0.035858
v -0.063662 0.024222 0.026979
v -0.048629 0.044230 0.042566
v -0.045958 0.040539 0.046475
v -0.040270 0.047720 0.049742
v -0.041843 0.052129 0.047336
v -0.033997 0.054361 0.053006
v -0.035346 0.058891 0.051110
v -0.026896 0.058857 0.055774
v -0.027513 0.063743 0.053892
v -0.018057 0.061663 0.056424
v -0.018811 0.066414 0.054050
v -0.019427 0.070187 0.045366
v -0.028440 0.068610 0.045615
v -0.028338 0.067078 0.050237
v -0.019209 0.068919 0.050359
v -0.035568 0.064670 0.044028
v -0.035691 0.062243 0.048226
v -0.041359 0.058931 0.040470
v -0.042366 0.055985 0.044907
v -0.047605 0.051593 0.035130
v -0.048868 0.048293 0.039381
v -0.051626 0.046588 0.029329
v -0.053763 0.041699 0.031639
v -0.025212 0.052150 0.055668
v -0.017433 0.055145 0.056974
v -0.031744 0.048393 0.054102
v -0.038250 0.042921 0.052450
v -0.043621 0.036445 0.050441
v -0.053801 0.032068 0.040204
v -0.048403 0.029126 0.047256
v -0.054041 0.020541 0.042404
v -0.058977 0.009892 0.038573
v -0.066063 -0.001373 0.031025
v -0.073091 -0.011081 0.020843
v -0.077140 -0.017828 0.009315
v -0.078994 -0.015429 -0.003089
v -0.034504 0.064885 0.040283
v -0.027720 0.068430 0.041131
v -0.040307 0.060595 0.037214
v -0.045692 0.054460 0.031485
v -0.049301 0.050282 0.025814
v -0.052220 0.049697 0.012698
v -0.051318 0.049032 0.019549
v -0.051221 0.052867 -0.001160
v -0.052304 0.051816 0.005842
v -0.056919 0.044408 -0.008654
v -0.056492 0.040324 0.000232
v -0.053644 0.045986 0.003999
v -0.053527 0.048243 -0.004462
v -0.060809 0.041501 -0.015052
v -0.060592 0.035957 -0.004738
v -0.024020 0.047246 0.057535
v -0.016997 0.048978 0.058141
v -0.030049 0.043588 0.057082
v -0.035759 0.038943 0.056709
v -0.039840 0.033284 0.055957
v -0.043769 0.026845 0.054045
v -0.047578 0.018755 0.051491
v -0.053178 0.007579 0.047693
v -0.060469 -0.005360 0.038622
v -0.070433 -0.016874 0.025781
v -0.074504 -0.024336 0.013485
v -0.035183 0.025536 0.060823
v -0.032548 0.029532 0.061172
v -0.029135 0.033018 0.061677
v -0.025794 0.036740 0.061632
v -0.021663 0.036947 0.062528
v -0.015828 0.037433 0.062714
v -0.020678 0.031430 0.062833
v -0.015180 0.032090 0.063185
v -0.022918 0.030354 0.065082
v -0.015196 0.030792 0.065294
v -0.025241 0.032213 0.068005
v -0.016158 0.034049 0.070514
v -0.053217 0.043958 0.021696
v -0.055699 0.038040 0.021420
v -0.055873 0.037587 0.010543
v -0.059991 0.032513 0.006590
v -0.060281 0.032325 0.019631
v -0.053637 0.043876 0.013093
v -0.066660 0.026087 0.015437
v -0.067589 0.028491 0.002082
v -0.066622 0.033470 -0.010862
v -0.072038 0.024990 -0.003199
v -0.072178 0.020031 0.010077
v -0.070778 0.030106 -0.014627
v -0.073402 0.026536 -0.018413
v -0.074529 0.020989 -0.007708
v -0.075030 0.015437 0.003815
v -0.057557 0.033752 0.032809
v -0.076871 0.010318 -0.002059
v -0.075189 0.022011 -0.021778
v -0.076317 0.016242 -0.012573
v -0.076917 0.016213 -0.026670
v -0.078162 0.007973 -0.018034
v -0.078420 0.002214 -0.009481
v -0.079290 -0.011846 -0.011303
v -0.019647 0.070407 0.041030
v -0.073948 -0.036636 -0.001987
v -0.040018 0.063917 -0.008875
v -0.035198 0.067406 -0.010260
v -0.031080 0.071696 -0.010807
v -0.027628 0.074981 -0.011033
v -0.023647 0.076405 -0.010720
v -0.016618 0.034540 0.086631
v -0.015809 0.059269 -0.075041
v -0.017450 0.036866 0.077936
v -0.018576 0.056031 0.028763
v -0.007070 -0.012535 -0.164915
v -0.019615 0.068831 0.037204
v -0.018810 0.058024 0.024228
v -0.017769 0.086323 -0.039585
v -0.019493 0.067756 0.032815
v -0.020247 0.074399 0.022951
v -0.020223 0.070370 0.017025
v -0.014548 0.047492 -0.108365
v -0.020271 0.072458 0.019846
v -0.019348 0.076552 -0.012660
v -0.018321 0.089677 -0.034926
v -0.020072 0.069396 0.015020
v -0.004269 -0.092313 0.013412
v -0.019939 0.072467 0.025810
v -0.019475 0.062198 0.018802
v -0.019959 0.068004 0.014302
v -0.018239 0.060398 0.002892
v -0.019210 0.075750 -0.009708
v -0.016051 0.069228 -0.056551
v -0.001551 -0.124095 -0.020624
v -0.016334 0.072367 -0.054100
v -0.011938 0.031593 -0.132410
v -0.013971 0.041990 -0.118401
v -0.017247 0.082578 -0.044309
v 0.000472 -0.132168 -0.088606
v 0.000105 -0.129848 -0.106392
v -0.015273 0.053017 -0.091981
v -0.003920 -0.076733 -0.166522
v -0.018696 0.091908 -0.030260
v -0.019049 0.081946 -0.015874
v -0.009594 0.010385 -0.152602
v 0.000087 -0.135515 -0.051323
v 0.002288 -0.098211 -0.155197
v -0.018996 0.075603 0.003470
v -0.008325 -0.001164 -0.158230
v -0.018833 0.072501 0.004897
v -0.019019 0.089523 -0.019091
v -0.000612 -0.130120 -0.035258
v 0.000039 -0.134908 -0.066759
v -0.019046 0.077139 -0.003326
v -0.019143 0.075696 -0.006839
v 0.000212 -0.085167 -0.160815
v -0.015608 0.058274 -0.080745
v -0.019045 0.078641 -0.001967
v -0.016157 0.061159 -0.063512
v -0.019059 0.078926 -0.000264
v -0.015193 0.029862 0.094108
v 0.002318 -0.120961 -0.133481
v -0.019034 0.077640 0.001625
v -0.018438 0.066391 0.004078
v -0.016815 0.079004 -0.048051
v -0.018388 0.063414 0.003745
v -0.014910 0.050499 -0.098671
v -0.019285 0.078075 -0.014256
v -0.019162 0.078550 -0.014383
v -0.016345 0.062601 -0.061411
v -0.012928 0.036988 -0.126136
v -0.016031 0.060444 -0.065701
v -0.019259 0.077554 -0.014117
v 0.000744 -0.126303 -0.122323
v -0.005254 -0.057353 -0.166408
v -0.005441 -0.043706 -0.166808
v -0.016293 0.065929 -0.058883
v -0.016438 0.075481 -0.051461
v -0.004785 -0.089190 0.021008
v -0.018851 0.091869 -0.022954
v -0.018890 0.092594 -0.025784
v -0.010368 0.019531 -0.145923
v -0.002454 -0.118556 -0.010451
v -0.006009 -0.026621 -0.165923
v -0.011089 0.025700 -0.138384
v -0.003984 -0.101696 0.003878
v -0.003350 -0.113438 -0.001974
v -0.019072 0.087861 -0.017776
v -0.016051 0.059772 -0.068661
v -0.019030 0.084675 -0.016460
v 0.003288 -0.110889 -0.147876
v -0.019056 0.079756 -0.015055
v -0.009426 0.071016 -0.028110
v 0.050585 0.005332 -0.001010
v 0.050798 -0.001408 0.006321
v 0.047062 0.005644 0.017544
v 0.047503 0.013017 0.009311
v 0.041356 0.012230 0.027061
v 0.043456 0.018473 0.017660
v 0.033882 0.019782 0.033045
v 0.037793 0.023840 0.024010
v -0.023417 0.086465 -0.019807
v -0.022304 0.084060 -0.018138
v 0.027625 0.028411 0.036976
v 0.031429 0.030312 0.027815
v -0.030307 0.045102 -0.056759
v -0.028002 0.073422 -0.017759
v -0.024642 0.077768 -0.041517
v -0.029052 0.045772 -0.057124
v 0.013601 0.048460 0.041940
v 0.012258 0.044820 0.046268
v 0.005502 0.051186 0.049297
v 0.006078 0.055671 0.046569
v -0.030429 0.071827 -0.018778
v -0.001636 0.057000 0.052424
v -0.000746 0.061895 0.050541
v -0.008886 0.060472 0.055343
v -0.008934 0.065610 0.053244
v -0.023443 0.071353 -0.048323
v -0.023991 0.055803 -0.056210
v -0.010373 0.070266 0.045409
v -0.009575 0.068919 0.049639
v -0.023782 0.074792 -0.044849
v -0.035868 0.071225 -0.022761
v -0.033953 0.070292 -0.019832
v -0.026233 0.088367 -0.027143
v -0.026619 0.087066 -0.030504
v -0.002466 0.067151 0.043914
v -0.026808 0.086235 -0.023496
v -0.024136 0.087433 -0.021004
v -0.001241 0.065193 0.047835
v -0.031742 0.045406 -0.055973
v -0.042334 0.039532 -0.056295
v -0.025584 0.088506 -0.024364
v -0.022420 0.089437 -0.021535
v -0.034981 0.043318 -0.055899
v -0.031110 0.045224 -0.056390
v -0.031100 0.080185 -0.026666
v -0.023226 0.060779 -0.055560
v 0.004278 0.062191 0.040504
v 0.005569 0.059450 0.044036
v 0.011200 0.055625 0.034847
v 0.012975 0.052393 0.038728
v -0.034233 0.075328 -0.025641
v 0.015682 0.051105 0.029104
v 0.018149 0.046140 0.031264
v -0.009262 0.053453 0.055429
v -0.032593 0.045268 -0.055768
v -0.033229 0.045240 -0.055508
v -0.025883 0.080929 -0.037880
v -0.002326 0.050626 0.053776
v 0.004909 0.046083 0.052265
v 0.010815 0.040490 0.050143
v 0.021062 0.037230 0.040433
v -0.037664 0.043711 -0.055858
v -0.022378 0.079320 -0.016528
v -0.029192 0.082981 -0.025290
v -0.027843 0.084761 -0.024303
v -0.023299 0.077514 -0.016003
v 0.016747 0.033787 0.047264
v 0.023496 0.025949 0.042811
v -0.026936 0.048240 -0.056899
v 0.029630 0.016030 0.039114
v -0.023229 0.065109 -0.053617
v -0.023176 0.068632 -0.051137
v 0.038241 0.006423 0.032282
v 0.046103 -0.001838 0.022210
v -0.022005 0.081616 -0.017268
v 0.050967 -0.007985 0.010835
v 0.053333 -0.005564 -0.000658
v -0.003926 0.067184 0.040222
v -0.011263 0.069761 0.041151
v 0.002663 0.063542 0.037205
v -0.026489 0.084570 -0.034003
v 0.009329 0.058427 0.031404
v 0.013535 0.054765 0.025843
v 0.016504 0.053473 0.012601
v -0.025967 0.075607 -0.017148
v 0.015727 0.053351 0.019471
v 0.015163 0.055973 -0.000327
v 0.016204 0.055203 0.006050
v 0.021948 0.048714 -0.007137
v 0.021199 0.043542 0.000680
v 0.018707 0.049399 0.004284
v -0.018908 0.090708 -0.020870
v -0.024871 0.088077 -0.022324
v 0.018481 0.051868 -0.003343
v 0.026713 0.047235 -0.012539
v 0.025979 0.040615 -0.003373
v -0.009696 0.048094 0.057363
v -0.043819 0.050348 -0.070427
v -0.043585 0.048383 -0.068761
v -0.003120 0.045457 0.057024
v 0.003311 0.041563 0.056216
v 0.007609 0.036777 0.055350
v 0.012478 0.031001 0.053863
v 0.017532 0.023336 0.051103
v 0.024397 0.013225 0.047043
v -0.037648 0.054630 -0.072083
v -0.020281 0.058328 -0.071793
v -0.025429 0.058116 -0.071828
v 0.033428 0.001745 0.039191
v -0.044800 0.047441 -0.063347
v -0.045667 0.046834 -0.059955
v -0.043241 0.046906 -0.067115
v -0.045499 0.048124 -0.060272
v -0.045308 0.048286 -0.061420
v 0.044506 -0.007676 0.026775
v -0.043480 0.046221 -0.066463
v 0.049423 -0.014451 0.014397
v -0.043295 0.046070 -0.066685
v 0.004799 0.028042 0.061173
v -0.042296 0.052327 -0.071764
v 0.001488 0.031979 0.061360
v -0.001871 0.034743 0.061629
v -0.043827 0.046316 -0.065584
v -0.045702 0.045194 -0.059452
v -0.005384 0.037815 0.061516
v -0.046167 0.040437 -0.057891
v -0.009706 0.037607 0.062552
v -0.015856 0.059612 -0.071802
v -0.036116 0.056734 -0.081655
v -0.063255 0.033961 -0.082751
v -0.009713 0.032241 0.063313
v -0.066103 0.031387 -0.077597
v -0.008042 0.031321 0.065705
v -0.061474 0.038236 -0.042623
v -0.064057 0.035792 -0.043239
v -0.033774 0.058262 -0.075545
v -0.006195 0.032191 0.068784
v 0.017759 0.048594 0.021652
v 0.020003 0.042091 0.021219
v 0.020288 0.040788 0.010608
v 0.024881 0.036283 0.007159
v -0.039632 0.044412 -0.099805
v -0.038874 0.002977 -0.151451
v -0.038977 0.049084 -0.093145
v -0.051852 0.044154 -0.086961
v 0.025173 0.036450 0.019735
v -0.039978 0.010972 -0.146648
v 0.018472 0.047807 0.013013
v 0.033218 0.031870 0.016383
v 0.033082 0.034092 0.003366
v 0.032921 0.039938 -0.008438
v 0.038774 0.032016 -0.001367
v -0.058500 0.037926 -0.086079
v 0.039535 0.027447 0.012112
v -0.069402 0.028696 -0.048003
v -0.022052 0.056103 -0.085937
v -0.070956 0.026160 -0.053743
v 0.037796 0.037551 -0.011810
v -0.029892 0.055896 -0.086497
v -0.030035 -0.056328 -0.160594
v 0.041521 0.034402 -0.015550
v 0.042484 0.028893 -0.005349
v 0.043333 0.023945 0.006122
v 0.023369 0.038613 0.032645
v -0.028621 0.054816 -0.069301
v 0.046619 0.018963 0.000380
v -0.052266 0.043317 -0.043431
v -0.055190 0.041994 -0.042883
v 0.044487 0.030282 -0.018790
v -0.035548 -0.044313 -0.160853
v -0.068162 0.030697 -0.045934
v -0.041535 0.035100 -0.118397
v -0.024339 0.052560 -0.063394
v -0.026227 0.052656 -0.065991
v -0.040760 0.028706 -0.124882
v 0.045738 0.024751 -0.009902
v 0.047605 0.024805 -0.023395
v 0.049327 0.016790 -0.015170
v -0.039428 0.022148 -0.130466
v 0.049711 0.010943 -0.007158
v 0.053607 -0.002192 -0.008719
v -0.036751 -0.008189 -0.154391
v -0.036404 0.047674 -0.046834
v 0.053206 -0.028089 0.000436
v 0.002466 0.066028 -0.007540
v -0.002452 0.069052 -0.009122
v -0.068647 0.029077 -0.071601
v -0.070651 0.027695 -0.065030
v -0.038392 -0.030127 -0.163052
v -0.045235 0.045509 -0.044439
v -0.071207 0.026635 -0.059243
v -0.018078 -0.064995 -0.163520
v -0.006859 0.072800 -0.009840
v -0.066392 0.033237 -0.044257
v -0.010564 0.075484 -0.010229
v -0.014773 0.076431 -0.010287
v -0.045461 0.049201 -0.087420
v -0.048944 0.044518 -0.043883
v -0.023905 0.052565 -0.060736
v -0.032040 0.048817 -0.049176
v -0.028732 0.049789 -0.052173
v -0.039487 0.016847 -0.137970
v -0.026366 0.051017 -0.055021
v -0.024480 0.052276 -0.057804
v -0.040742 0.046740 -0.045215
v -0.041072 0.040651 -0.109009
v -0.037043 -0.019187 -0.160786
v -0.058469 0.040246 -0.042714
v -0.004195 -0.067855 -0.167676
v -0.015622 0.056035 -0.086143
v -0.025280 0.051855 -0.056475
v -0.031392 0.057091 -0.071914
v -0.037971 0.053895 -0.087212
v -0.019569 0.069371 0.028962
v -0.044868 0.062975 0.003628
v -0.046002 0.061063 0.006395
v -0.045645 0.058165 0.013843
v -0.038305 0.068922 -0.002431
v -0.042510 0.065594 0.000572
v -0.037799 0.064389 0.024534
v -0.046442 0.059697 0.008986
v -0.032691 0.067745 0.027378
v -0.046469 0.058581 0.011237
v -0.026753 0.069373 0.028532
v -0.019096 0.076166 -0.005032
v -0.028487 0.075021 -0.005727
v -0.023925 0.076489 -0.005729
v -0.033287 0.072141 -0.004623
v -0.044230 0.058812 0.017324
v -0.041953 0.060831 0.021172
v -0.014356 0.087297 -0.019250
v -0.015587 0.084530 -0.017716
v -0.000134 0.047560 -0.055109
v -0.009667 0.073840 -0.017696
v -0.009854 0.078993 -0.041351
v -0.001290 0.048025 -0.055749
v -0.006937 0.072703 -0.018498
v -0.009807 0.072547 -0.048110
v -0.007345 0.057240 -0.055615
v -0.010133 0.075877 -0.044667
v -0.000875 0.073071 -0.021738
v -0.003101 0.071657 -0.019297
v -0.011073 0.089890 -0.026111
v -0.009938 0.088859 -0.029562
v -0.010541 0.087541 -0.022968
v -0.013481 0.088409 -0.020468
v 0.001107 0.048134 -0.054111
v 0.012013 0.043928 -0.053652
v -0.011954 0.089698 -0.023707
v -0.015208 0.090212 -0.021078
v 0.004390 0.046781 -0.053585
v 0.000632 0.047804 -0.054543
v -0.005751 0.081861 -0.025805
v -0.008739 0.062075 -0.055048
v -0.002378 0.077341 -0.024471
v 0.001927 0.048175 -0.053879
v 0.002496 0.048337 -0.053601
v -0.009345 0.082450 -0.037669
v 0.006857 0.047483 -0.053217
v -0.015734 0.079363 -0.016454
v -0.007899 0.084467 -0.024732
v -0.009387 0.086143 -0.023811
v -0.015017 0.077280 -0.016273
v -0.003651 0.050131 -0.055856
v -0.009379 0.066315 -0.053129
v -0.009682 0.069866 -0.050739
v -0.015913 0.081807 -0.016947
v -0.009318 0.086398 -0.033674
v -0.012110 0.075637 -0.017261
v -0.012699 0.089149 -0.021847
v 0.013507 0.055009 -0.067431
v 0.013538 0.052465 -0.066077
v 0.006529 0.058518 -0.070133
v -0.011472 0.059653 -0.071205
v -0.006451 0.060110 -0.070759
v 0.014145 0.051954 -0.059778
v 0.014555 0.051338 -0.056906
v 0.013520 0.050300 -0.064769
v 0.014452 0.052852 -0.057174
v 0.014377 0.053017 -0.058223
v 0.013488 0.050025 -0.063279
v 0.013371 0.050337 -0.062931
v 0.011683 0.056948 -0.069122
v 0.013667 0.050755 -0.061604
v 0.014762 0.049713 -0.056630
v 0.015690 0.045179 -0.055155
v 0.005273 0.060110 -0.079653
v 0.035101 0.041031 -0.078538
v 0.037724 0.038788 -0.073201
v 0.029949 0.044169 -0.038846
v 0.032863 0.042539 -0.039530
v 0.002155 0.061623 -0.074083
v 0.011805 0.048563 -0.097968
v 0.020814 0.004535 -0.146704
v 0.010292 0.052669 -0.090845
v 0.022786 0.049474 -0.083309
v 0.019904 0.013234 -0.140710
v 0.030780 0.044446 -0.082314
v 0.039274 0.037116 -0.043994
v -0.009285 0.056950 -0.085710
v 0.041327 0.034626 -0.049519
v -0.001186 0.057907 -0.085497
v 0.021876 -0.054427 -0.160245
v -0.002888 0.057229 -0.067826
v 0.020325 0.047811 -0.040199
v 0.023310 0.046822 -0.039448
v 0.026526 -0.043259 -0.160308
v 0.037795 0.038701 -0.042058
v 0.016372 0.038722 -0.115989
v -0.006980 0.054143 -0.062419
v -0.005169 0.054491 -0.064823
v 0.017283 0.032601 -0.122535
v 0.017933 0.026678 -0.128201
v 0.022293 -0.005018 -0.152801
v 0.004539 0.050427 -0.044751
v 0.040056 0.036966 -0.067103
v 0.041598 0.035800 -0.060620
v 0.026232 -0.029647 -0.159184
v 0.013372 0.049297 -0.041662
v 0.041846 0.034943 -0.054942
v 0.010350 -0.064242 -0.164931
v 0.035668 0.040671 -0.040491
v 0.016019 0.053498 -0.084132
v 0.016963 0.048658 -0.040859
v -0.007311 0.053955 -0.059998
v 0.000396 0.051152 -0.047590
v -0.002500 0.051901 -0.050950
v 0.019210 0.020406 -0.135291
v -0.004686 0.052863 -0.054069
v -0.006636 0.053681 -0.057116
v 0.008701 0.049989 -0.042845
v 0.014014 0.044977 -0.107077
v 0.024402 -0.016503 -0.157690
v 0.026701 0.045556 -0.039064
v -0.005722 0.053489 -0.055686
v -0.000348 0.059960 -0.070467
v 0.008004 0.057379 -0.085015
v 0.006918 0.064990 0.003890
v 0.008157 0.063373 0.006351
v 0.008056 0.061090 0.013548
v 0.000301 0.070540 -0.001678
v 0.004415 0.067358 0.001120
v -0.000686 0.067381 0.024421
v 0.008594 0.062256 0.008781
v -0.006331 0.069716 0.027130
v 0.008737 0.061328 0.010974
v -0.012646 0.070292 0.028273
v -0.009372 0.076370 -0.005013
v -0.014173 0.076870 -0.005281
v -0.004683 0.073724 -0.003853
v 0.006688 0.062145 0.017079
v 0.004127 0.064233 0.020920
v 0.015929 0.039661 -0.054123
v -0.045823 0.034701 -0.056735
v 0.013600 0.052206 -0.054724
v 0.012066 0.051637 -0.054774
v 0.010669 0.050781 -0.054823
v 0.009518 0.049717 -0.054862
v 0.013642 0.052206 -0.055048
v 0.012149 0.051635 -0.055404
v 0.010791 0.050778 -0.055731
v 0.009675 0.049713 -0.056004
v 0.013745 0.052208 -0.055353
v 0.012353 0.051642 -0.056002
v 0.011088 0.050789 -0.056597
v 0.010048 0.049727 -0.057091
v 0.013905 0.052214 -0.055631
v 0.012668 0.051656 -0.056545
v 0.011546 0.050810 -0.057385
v 0.010626 0.049753 -0.058086
v 0.014117 0.052225 -0.055873
v 0.013084 0.051677 -0.057017
v 0.012148 0.050841 -0.058067
v 0.011384 0.049792 -0.058946
v 0.014370 0.052238 -0.056065
v 0.013582 0.051703 -0.057392
v 0.012872 0.050880 -0.058616
v 0.012298 0.049839 -0.059640
v 0.014657 0.052253 -0.056203
v 0.014144 0.051734 -0.057666
v 0.013688 0.050925 -0.059012
v 0.013328 0.049896 -0.060140
v 0.014965 0.052270 -0.056283
v 0.014747 0.051769 -0.057819
v 0.014565 0.050976 -0.059238
v 0.014434 0.049959 -0.060428
v 0.015283 0.052291 -0.056304
v 0.015371 0.051806 -0.057861
v 0.015471 0.051029 -0.059292
v 0.015576 0.050026 -0.060496
v 0.015597 0.052310 -0.056258
v 0.015988 0.051844 -0.057769
v 0.016368 0.051084 -0.059164
v 0.016711 0.050095 -0.060338
v 0.015900 0.052332 -0.056156
v 0.016579 0.051883 -0.057571
v 0.017226 0.051137 -0.058867
v 0.017790 0.050161 -0.059960
v 0.016172 0.052349 -0.055993
v 0.017114 0.051916 -0.057247
v 0.018006 0.051186 -0.058404
v 0.018774 0.050223 -0.059376
v 0.016409 0.052365 -0.055783
v 0.017579 0.051948 -0.056838
v 0.018680 0.051230 -0.057802
v 0.019625 0.050280 -0.058609
v 0.016598 0.052377 -0.055530
v 0.017952 0.051970 -0.056337
v 0.019224 0.051265 -0.057080
v 0.020313 0.050324 -0.057700
v 0.016739 0.052387 -0.055250
v 0.018228 0.051989 -0.055787
v 0.019620 0.051290 -0.056272
v 0.020811 0.050358 -0.056676
v 0.016820 0.052389 -0.054950
v 0.018386 0.051996 -0.055189
v 0.019851 0.051306 -0.055398
v 0.021099 0.050383 -0.055576
v 0.016843 0.052396 -0.054635
v 0.018434 0.052005 -0.054575
v 0.019910 0.051318 -0.054503
v 0.021160 0.050402 -0.054432
v 0.016806 0.052395 -0.054320
v 0.018358 0.052004 -0.053952
v 0.019793 0.051322 -0.053606
v 0.021009 0.050401 -0.053309
v 0.016701 0.052398 -0.054009
v 0.018157 0.052005 -0.053352
v 0.019509 0.051316 -0.052743
v 0.020639 0.050393 -0.052229
v 0.016541 0.052396 -0.053724
v 0.017844 0.051999 -0.052796
v 0.019052 0.051303 -0.051946
v 0.020071 0.050373 -0.051233
v 0.016324 0.052393 -0.053477
v 0.017419 0.051990 -0.052316
v 0.018446 0.051282 -0.051254
v 0.019311 0.050343 -0.050366
v 0.016066 0.052388 -0.053275
v 0.016918 0.051974 -0.051928
v 0.017721 0.051253 -0.050693
v 0.018405 0.050298 -0.049660
v 0.015777 0.052374 -0.053136
v 0.016347 0.051948 -0.051653
v 0.016899 0.051213 -0.050292
v 0.017373 0.050244 -0.049150
v 0.015467 0.052361 -0.053052
v 0.015743 0.051918 -0.051493
v 0.016017 0.051165 -0.050058
v 0.016265 0.050181 -0.048855
v 0.015152 0.052336 -0.053037
v 0.015119 0.051875 -0.051459
v 0.015109 0.051110 -0.050003
v 0.015122 0.050113 -0.048783
v 0.014840 0.052315 -0.053079
v 0.014504 0.051833 -0.051544
v 0.014212 0.051051 -0.050126
v 0.013989 0.050042 -0.048941
v 0.014542 0.052288 -0.053185
v 0.013918 0.051786 -0.051752
v 0.013359 0.050991 -0.050428
v 0.012910 0.049973 -0.049316
v 0.014271 0.052267 -0.053343
v 0.013382 0.051750 -0.052067
v 0.012579 0.050938 -0.050887
v 0.011925 0.049906 -0.049897
v 0.014035 0.052247 -0.053555
v 0.012918 0.051713 -0.052481
v 0.011902 0.050890 -0.051489
v 0.011069 0.049849 -0.050657
v 0.013843 0.052233 -0.053804
v 0.012541 0.051688 -0.052973
v 0.011356 0.050849 -0.052211
v 0.010382 0.049796 -0.051572
v 0.015211 0.052468 -0.054684
v 0.013703 0.052220 -0.054090
v 0.012266 0.051663 -0.053536
v 0.010959 0.050817 -0.053027
v 0.009880 0.049757 -0.052601
v 0.013621 0.052211 -0.054404
v 0.012105 0.051646 -0.054143
v 0.010726 0.050795 -0.053907
v 0.009591 0.049728 -0.053712
v 0.008386 0.048793 -0.054902
v 0.006651 0.047231 -0.054966
v 0.005210 0.045239 -0.055018
v 0.004184 0.043002 -0.055052
v 0.003613 0.040606 -0.055071
v 0.003517 0.038143 -0.055082
v 0.003901 0.035714 -0.055035
v 0.004750 0.033406 -0.054985
v 0.006032 0.031307 -0.054920
v 0.007698 0.029500 -0.054842
v 0.009682 0.028053 -0.054756
v 0.011910 0.027021 -0.054663
v 0.014296 0.026447 -0.054568
v 0.008576 0.048789 -0.056273
v 0.006888 0.047232 -0.056691
v 0.005488 0.045239 -0.057045
v 0.004493 0.043005 -0.057305
v 0.003941 0.040608 -0.057461
v 0.003853 0.038146 -0.057500
v 0.004230 0.035716 -0.057427
v 0.005060 0.033409 -0.057237
v 0.006311 0.031308 -0.056946
v 0.007935 0.029502 -0.056565
v 0.009869 0.028054 -0.056110
v 0.012039 0.027023 -0.055596
v 0.014362 0.026448 -0.055043
v 0.009026 0.048805 -0.057581
v 0.007455 0.047252 -0.058338
v 0.006155 0.045264 -0.058978
v 0.005235 0.043032 -0.059451
v 0.004728 0.040640 -0.059737
v 0.004655 0.038178 -0.059819
v 0.005018 0.035748 -0.059704
v 0.005802 0.033437 -0.059384
v 0.006979 0.031333 -0.058878
v 0.008503 0.029523 -0.058210
v 0.010315 0.028071 -0.057401
v 0.012346 0.027034 -0.056485
v 0.014519 0.026453 -0.055497
v 0.009720 0.048838 -0.058775
v 0.008330 0.047293 -0.059839
v 0.007185 0.045313 -0.060744
v 0.006379 0.043085 -0.061411
v 0.005943 0.040698 -0.061816
v 0.005894 0.038237 -0.061939
v 0.006232 0.035806 -0.061780
v 0.006947 0.033491 -0.061340
v 0.008010 0.031383 -0.060642
v 0.009380 0.029564 -0.059712
v 0.011004 0.028102 -0.058582
v 0.012821 0.027056 -0.057298
v 0.014760 0.026464 -0.055911
v 0.010633 0.048884 -0.059808
v 0.009482 0.047350 -0.061141
v 0.008538 0.045383 -0.062274
v 0.007884 0.043162 -0.063110
v 0.007540 0.040778 -0.063618
v 0.007522 0.038321 -0.063777
v 0.007830 0.035887 -0.063582
v 0.008451 0.033567 -0.063039
v 0.009363 0.031453 -0.062172
v 0.010530 0.029623 -0.061011
v 0.011908 0.028148 -0.059603
v 0.013443 0.027087 -0.058002
v 0.015078 0.026480 -0.056270
v 0.011730 0.048942 -0.060642
v 0.010863 0.047423 -0.062190
v 0.010163 0.045469 -0.063509
v 0.009689 0.043258 -0.064483
v 0.009457 0.040879 -0.065076
v 0.009476 0.038425 -0.065264
v 0.009746 0.035988 -0.065039
v 0.010257 0.033664 -0.064412
v 0.010988 0.031540 -0.063407
v 0.011912 0.029697 -0.062061
v 0.012993 0.028207 -0.060428
v 0.014192 0.027127 -0.058570
v 0.015459 0.026500 -0.056559
v 0.012969 0.049009 -0.061244
v 0.012423 0.047509 -0.062950
v 0.011998 0.045570 -0.064402
v 0.011726 0.043369 -0.065476
v 0.011619 0.040999 -0.066131
v 0.011682 0.038545 -0.066343
v 0.011909 0.036108 -0.066097
v 0.012294 0.033776 -0.065407
v 0.012821 0.031641 -0.064300
v 0.013471 0.029783 -0.062821
v 0.014219 0.028275 -0.061024
v 0.015034 0.027175 -0.058981
v 0.015889 0.026525 -0.056769
v 0.014300 0.049085 -0.061592
v 0.014100 0.047603 -0.063387
v 0.013970 0.045681 -0.064919
v 0.013918 0.043492 -0.066052
v 0.013947 0.041129 -0.066747
v 0.014054 0.038679 -0.066971
v 0.014236 0.036238 -0.066712
v 0.014485 0.033900 -0.065983
v 0.014793 0.031753 -0.064818
v 0.015148 0.029879 -0.063259
v 0.015536 0.028350 -0.061369
v 0.015942 0.027226 -0.059219
v 0.016352 0.026551 -0.056890
v 0.015672 0.049165 -0.061670
v 0.015829 0.047705 -0.063489
v 0.016003 0.045799 -0.065038
v 0.016177 0.043625 -0.066185
v 0.016345 0.041269 -0.066888
v 0.016500 0.038822 -0.067132
v 0.016634 0.036380 -0.066852
v 0.016745 0.034033 -0.066117
v 0.016827 0.031872 -0.064938
v 0.016878 0.029981 -0.063362
v 0.016895 0.028430 -0.061450
v 0.016878 0.027281 -0.059274
v 0.016829 0.026579 -0.056917
v 0.017033 0.049246 -0.061480
v 0.017544 0.047808 -0.063249
v 0.018019 0.045920 -0.064754
v 0.018419 0.043760 -0.065873
v 0.018724 0.041413 -0.066556
v 0.018925 0.038969 -0.066773
v 0.019015 0.036522 -0.066522
v 0.018987 0.034168 -0.065805
v 0.018845 0.031993 -0.064656
v 0.018594 0.030084 -0.063123
v 0.018244 0.028511 -0.061261
v 0.017808 0.027336 -0.059144
v 0.017302 0.026607 -0.056851
v 0.018330 0.049327 -0.061025
v 0.019180 0.047909 -0.062677
v 0.019942 0.046040 -0.064080
v 0.020556 0.043893 -0.065123
v 0.020995 0.041554 -0.065759
v 0.021239 0.039114 -0.065959
v 0.021285 0.036663 -0.065726
v 0.021125 0.034300 -0.065057
v 0.020769 0.032113 -0.063984
v 0.020231 0.030185 -0.062552
v 0.019530 0.028590 -0.060814
v 0.018693 0.027392 -0.058835
v 0.017754 0.026636 -0.056694
v 0.019515 0.049403 -0.060323
v 0.020671 0.048005 -0.061793
v 0.021698 0.046152 -0.063043
v 0.022506 0.044018 -0.063969
v 0.023065 0.041687 -0.064533
v 0.023351 0.039250 -0.064711
v 0.023356 0.036796 -0.064500
v 0.023077 0.034426 -0.063902
v 0.022527 0.032224 -0.062948
v 0.021725 0.030279 -0.061672
v 0.020704 0.028665 -0.060122
v 0.019502 0.027442 -0.058359
v 0.018166 0.026661 -0.056451
v 0.020540 0.049471 -0.059402
v 0.021964 0.048091 -0.060635
v 0.023219 0.046252 -0.061683
v 0.024196 0.044130 -0.062457
v 0.024859 0.041806 -0.062927
v 0.025182 0.039371 -0.063074
v 0.025151 0.036915 -0.062893
v 0.024769 0.034536 -0.062391
v 0.024050 0.032324 -0.061589
v 0.023020 0.030365 -0.060515
v 0.021722 0.028731 -0.059214
v 0.020203 0.027489 -0.057734
v 0.018523 0.026685 -0.056132
v 0.021367 0.049528 -0.058298
v 0.023007 0.048163 -0.059244
v 0.024448 0.046336 -0.060050
v 0.025562 0.044222 -0.060643
v 0.026309 0.041906 -0.061003
v 0.026661 0.039470 -0.061113
v 0.026601 0.037014 -0.060968
v 0.026135 0.034629 -0.060577
v 0.025279 0.032407 -0.059955
v 0.024066 0.030435 -0.059127
v 0.022543 0.028787 -0.058122
v 0.020769 0.027528 -0.056981
v 0.018811 0.026705 -0.055749
v 0.021964 0.049570 -0.057063
v 0.023755 0.048222 -0.057679
v 0.025331 0.046404 -0.058210
v 0.026545 0.044299 -0.058602
v 0.027356 0.041984 -0.058836
v 0.027728 0.039551 -0.058906
v 0.027650 0.037092 -0.058803
v 0.027122 0.034703 -0.058536
v 0.026167 0.032473 -0.058116
v 0.024821 0.030492 -0.057562
v 0.023137 0.028833 -0.056892
v 0.021177 0.027559 -0.056136
v 0.019020 0.026721 -0.055319
v 0.022306 0.049603 -0.055734
v 0.024184 0.048265 -0.056001
v 0.025839 0.046453 -0.056233
v 0.027112 0.044353 -0.056409
v 0.027962 0.042037 -0.056508
v 0.028346 0.039603 -0.056533
v 0.028256 0.037143 -0.056474
v 0.027693 0.034753 -0.056339
v 0.026681 0.032517 -0.056137
v 0.025258 0.030531 -0.055878
v 0.023479 0.028863 -0.055570
v 0.021414 0.027579 -0.055223
v 0.019140 0.026731 -0.054853
v 0.022379 0.049625 -0.054361
v 0.024283 0.048286 -0.054272
v 0.025954 0.046480 -0.054203
v 0.027243 0.044379 -0.054144
v 0.028098 0.042065 -0.054104
v 0.028490 0.039629 -0.054095
v 0.028396 0.037170 -0.054065
v 0.027827 0.034777 -0.054070
v 0.026801 0.032541 -0.054096
v 0.025360 0.030549 -0.054142
v 0.023560 0.028876 -0.054205
v 0.021469 0.027589 -0.054283
v 0.019168 0.026736 -0.054373
v 0.022198 0.049625 -0.053018
v 0.024047 0.048287 -0.052565
v 0.025676 0.046486 -0.052189
v 0.026931 0.044379 -0.051896
v 0.027771 0.042065 -0.051716
v 0.028153 0.039632 -0.051641
v 0.028067 0.037169 -0.051677
v 0.027516 0.034774 -0.051819
v 0.026520 0.032541 -0.052071
v 0.025122 0.030547 -0.052419
v 0.023372 0.028875 -0.052850
v 0.021341 0.027589 -0.053350
v 0.019102 0.026737 -0.053898
v 0.021755 0.049613 -0.051723
v 0.023492 0.048267 -0.050939
v 0.025019 0.046458 -0.050261
v 0.026195 0.044351 -0.049750
v 0.026986 0.042035 -0.049430
v 0.027351 0.039603 -0.049309
v 0.027279 0.037140 -0.049392
v 0.026773 0.034748 -0.049671
v 0.025853 0.032516 -0.050138
v 0.024553 0.030528 -0.050776
v 0.022927 0.028858 -0.051560
v 0.021033 0.027577 -0.052461
v 0.018946 0.026731 -0.053445
v 0.021067 0.049588 -0.050527
v 0.022624 0.048230 -0.049434
v 0.023995 0.046409 -0.048495
v 0.025055 0.044298 -0.047790
v 0.025771 0.041979 -0.047347
v 0.026112 0.039545 -0.047183
v 0.026063 0.037083 -0.047306
v 0.025628 0.034695 -0.047706
v 0.024822 0.032467 -0.048370
v 0.023677 0.030486 -0.049273
v 0.022238 0.028827 -0.050380
v 0.020559 0.027555 -0.051649
v 0.018704 0.026720 -0.053030
v 0.020158 0.049542 -0.049492
v 0.021478 0.048169 -0.048131
v 0.022644 0.046339 -0.046962
v 0.023555 0.044221 -0.046092
v 0.024177 0.041899 -0.045546
v 0.024484 0.039461 -0.045346
v 0.024467 0.037004 -0.045502
v 0.024124 0.034618 -0.046005
v 0.023470 0.032398 -0.046842
v 0.022527 0.030427 -0.047973
v 0.021334 0.028781 -0.049359
v 0.019935 0.027525 -0.050946
v 0.018387 0.026704 -0.052673
v 0.019064 0.049483 -0.048650
v 0.020100 0.048095 -0.047073
v 0.021022 0.046250 -0.045729
v 0.021753 0.044124 -0.044719
v 0.022264 0.041796 -0.044089
v 0.022533 0.039356 -0.043861
v 0.022553 0.036901 -0.044048
v 0.022321 0.034521 -0.044635
v 0.021846 0.032310 -0.045606
v 0.021147 0.030354 -0.046924
v 0.020249 0.028723 -0.048534
v 0.019188 0.027484 -0.050377
v 0.018006 0.026684 -0.052382
v 0.016747 0.026351 -0.054478
v 0.017831 0.049415 -0.048039
v 0.018544 0.048009 -0.046310
v 0.019191 0.046148 -0.044831
v 0.019719 0.044010 -0.043725
v 0.020104 0.041674 -0.043037
v 0.020331 0.039232 -0.042789
v 0.020393 0.036780 -0.042999
v 0.020285 0.034408 -0.043648
v 0.020013 0.032208 -0.044715
v 0.019588 0.030266 -0.046165
v 0.019024 0.028654 -0.047938
v 0.018345 0.027435 -0.049967
v 0.017576 0.026659 -0.052174
v 0.016499 0.049340 -0.047683
v 0.016868 0.047913 -0.045865
v 0.017221 0.046035 -0.044311
v 0.017530 0.043884 -0.043150
v 0.017779 0.041539 -0.042432
v 0.017960 0.039095 -0.042175
v 0.018067 0.036644 -0.042394
v 0.018094 0.034282 -0.043074
v 0.018041 0.032094 -0.044199
v 0.017910 0.030170 -0.045726
v 0.017707 0.028579 -0.047593
v 0.017438 0.027385 -0.049728
v 0.017113 0.026633 -0.052052
v 0.015125 0.049259 -0.047597
v 0.015139 0.047811 -0.045760
v 0.015189 0.045915 -0.044187
v 0.015271 0.043750 -0.043014
v 0.015382 0.041398 -0.042291
v 0.015516 0.038950 -0.042048
v 0.015669 0.036503 -0.042250
v 0.015835 0.034149 -0.042940
v 0.016008 0.031975 -0.044079
v 0.016182 0.030068 -0.045624
v 0.016348 0.028499 -0.047512
v 0.016502 0.027328 -0.049674
v 0.016636 0.026604 -0.052024
v 0.013764 0.049175 -0.047784
v 0.013423 0.047707 -0.045996
v 0.013171 0.045793 -0.044464
v 0.013029 0.043615 -0.043324
v 0.013000 0.041255 -0.042617
v 0.013088 0.038806 -0.042370
v 0.013288 0.036361 -0.042582
v 0.013591 0.034015 -0.043251
v 0.013988 0.031855 -0.044360
v 0.014463 0.029965 -0.045861
v 0.014997 0.028418 -0.047700
v 0.015571 0.027275 -0.049802
v 0.016162 0.026577 -0.052089
v 0.012467 0.049092 -0.048235
v 0.011787 0.047604 -0.046563
v 0.011247 0.045674 -0.045132
v 0.010889 0.043484 -0.044065
v 0.010729 0.041117 -0.043400
v 0.010773 0.038664 -0.043167
v 0.011017 0.036223 -0.043366
v 0.011453 0.033884 -0.043995
v 0.012064 0.031737 -0.045029
v 0.012826 0.029865 -0.046432
v 0.013712 0.028339 -0.048147
v 0.014685 0.027218 -0.050111
v 0.015710 0.026548 -0.052248
v 0.011279 0.049015 -0.048931
v 0.010291 0.047508 -0.047440
v 0.009490 0.045561 -0.046165
v 0.008937 0.043360 -0.045212
v 0.008657 0.040985 -0.044619
v 0.008658 0.038532 -0.044406
v 0.008943 0.036092 -0.044582
v 0.009500 0.033760 -0.045142
v 0.010307 0.031625 -0.046063
v 0.011332 0.029771 -0.047312
v 0.012538 0.028265 -0.048839
v 0.013877 0.027169 -0.050587
v 0.015297 0.026523 -0.052490
v 0.010251 0.048947 -0.049847
v 0.008997 0.047423 -0.048595
v 0.007965 0.045462 -0.047522
v 0.007245 0.043249 -0.046721
v 0.006860 0.040868 -0.046220
v 0.006827 0.038411 -0.046039
v 0.007148 0.035974 -0.046185
v 0.007808 0.033649 -0.046650
v 0.008785 0.031526 -0.047422
v 0.010037 0.029685 -0.048467
v 0.011521 0.028198 -0.049747
v 0.013176 0.027122 -0.051213
v 0.014942 0.026499 -0.052810
v 0.009421 0.048887 -0.050947
v 0.007951 0.047349 -0.049982
v 0.006737 0.045377 -0.049154
v 0.005878 0.043155 -0.048534
v 0.005410 0.040766 -0.048146
v 0.005348 0.038309 -0.048002
v 0.005697 0.035873 -0.048110
v 0.006442 0.033556 -0.048464
v 0.007554 0.031440 -0.049052
v 0.008992 0.029614 -0.049854
v 0.010699 0.028142 -0.050837
v 0.012611 0.027083 -0.051964
v 0.014653 0.026479 -0.053191
v 0.008821 0.048841 -0.052188
v 0.007194 0.047291 -0.051545
v 0.005847 0.045310 -0.050994
v 0.004890 0.043079 -0.050581
v 0.004360 0.040688 -0.050318
v 0.004280 0.038226 -0.050221
v 0.004649 0.035795 -0.050284
v 0.005455 0.033481 -0.050513
v 0.006666 0.031375 -0.050896
v 0.008237 0.029558 -0.051421
v 0.010105 0.028097 -0.052067
v 0.012202 0.027051 -0.052811
v 0.014445 0.026463 -0.053624
v 0.008470 0.048809 -0.053522
v 0.006753 0.047252 -0.053229
v 0.005331 0.045264 -0.052975
v 0.004317 0.043026 -0.052783
v 0.003754 0.040633 -0.052661
v 0.003662 0.038171 -0.052610
v 0.004042 0.035740 -0.052627
v 0.004883 0.033429 -0.052715
v 0.006151 0.031330 -0.052876
v 0.007799 0.029518 -0.053105
v 0.009762 0.028067 -0.053390
v 0.011965 0.027032 -0.053723
v 0.014324 0.026453 -0.054088
v -0.047414 0.047935 -0.057099
v -0.048945 0.047357 -0.057168
v -0.050327 0.046498 -0.057224
v -0.051463 0.045437 -0.057257
v -0.047368 0.047939 -0.057413
v -0.048854 0.047367 -0.057778
v -0.050204 0.046511 -0.058103
v -0.051313 0.045440 -0.058383
v -0.047265 0.047949 -0.057707
v -0.048652 0.047385 -0.058361
v -0.049912 0.046533 -0.058952
v -0.050947 0.045464 -0.059450
v -0.047104 0.047962 -0.057978
v -0.048336 0.047410 -0.058890
v -0.049457 0.046563 -0.059726
v -0.050377 0.045500 -0.060425
v -0.046895 0.047974 -0.058211
v -0.047926 0.047432 -0.059356
v -0.048860 0.046596 -0.060401
v -0.049626 0.045545 -0.061275
v -0.046644 0.047989 -0.058399
v -0.047432 0.047460 -0.059722
v -0.048141 0.046636 -0.060944
v -0.048717 0.045595 -0.061967
v -0.046361 0.048002 -0.058535
v -0.046874 0.047488 -0.059996
v -0.047329 0.046681 -0.061339
v -0.047692 0.045653 -0.062465
v -0.046054 0.048019 -0.058610
v -0.046274 0.047522 -0.060146
v -0.046454 0.046731 -0.061566
v -0.046588 0.045717 -0.062754
v -0.045736 0.048037 -0.058629
v -0.045651 0.047557 -0.060186
v -0.045551 0.046784 -0.061620
v -0.045449 0.045788 -0.062819
v -0.045422 0.048057 -0.058582
v -0.045033 0.047596 -0.060094
v -0.044655 0.046841 -0.061491
v -0.044316 0.045857 -0.062660
v -0.045120 0.048077 -0.058478
v -0.044441 0.047632 -0.059892
v -0.043796 0.046893 -0.061195
v -0.043236 0.045924 -0.062285
v -0.044844 0.048096 -0.058318
v -0.043902 0.047668 -0.059573
v -0.043014 0.046943 -0.060733
v -0.042249 0.045988 -0.061704
v -0.044606 0.048112 -0.058107
v -0.043435 0.047699 -0.059160
v -0.042336 0.046990 -0.060127
v -0.041395 0.046049 -0.060936
v -0.044416 0.048125 -0.057847
v -0.043061 0.047727 -0.058652
v -0.041790 0.047027 -0.059399
v -0.040704 0.046093 -0.060022
v -0.044278 0.048136 -0.057560
v -0.042787 0.047746 -0.058091
v -0.041394 0.047055 -0.058579
v -0.040207 0.046129 -0.058986
v -0.044197 0.048143 -0.057250
v -0.042632 0.047759 -0.057484
v -0.041168 0.047073 -0.057695
v -0.039919 0.046152 -0.057875
v -0.044181 0.048146 -0.056928
v -0.042596 0.047765 -0.056857
v -0.041114 0.047083 -0.056788
v -0.039852 0.046167 -0.056726
v -0.044222 0.048146 -0.056614
v -0.042679 0.047763 -0.056233
v -0.041238 0.047081 -0.055884
v -0.040005 0.046161 -0.055591
v -0.044326 0.048141 -0.056308
v -0.042880 0.047755 -0.055641
v -0.041531 0.047066 -0.055025
v -0.040377 0.046146 -0.054506
v -0.044483 0.048135 -0.056031
v -0.043195 0.047740 -0.055097
v -0.041986 0.047046 -0.054240
v -0.040950 0.046119 -0.053518
v -0.044691 0.048124 -0.055797
v -0.043601 0.047721 -0.054634
v -0.042580 0.047018 -0.053562
v -0.041706 0.046085 -0.052659
v -0.044941 0.048110 -0.055603
v -0.044095 0.047695 -0.054256
v -0.043296 0.046978 -0.053016
v -0.042609 0.046029 -0.051973
v -0.045225 0.048090 -0.055468
v -0.044652 0.047656 -0.053988
v -0.044107 0.046926 -0.052622
v -0.043633 0.045965 -0.051476
v -0.045529 0.048066 -0.055388
v -0.045251 0.047614 -0.053831
v -0.044981 0.046868 -0.052395
v -0.044735 0.045895 -0.051190
v -0.045845 0.048042 -0.055372
v -0.045869 0.047567 -0.053799
v -0.045876 0.046799 -0.052349
v -0.045873 0.045821 -0.051126
v -0.046153 0.048014 -0.055418
v -0.046477 0.047514 -0.053890
v -0.046766 0.046729 -0.052481
v -0.046996 0.045735 -0.051292
v -0.046455 0.047994 -0.055526
v -0.047066 0.047474 -0.054099
v -0.047615 0.046663 -0.052785
v -0.048071 0.045660 -0.051674
v -0.046727 0.047968 -0.055695
v -0.047598 0.047418 -0.054430
v -0.048395 0.046599 -0.053256
v -0.049053 0.045588 -0.052269
v -0.046972 0.047958 -0.055913
v -0.048081 0.047403 -0.054852
v -0.049081 0.046558 -0.053877
v -0.049909 0.045538 -0.053050
v -0.047169 0.047944 -0.056179
v -0.048466 0.047374 -0.055372
v -0.049637 0.046525 -0.054623
v -0.050595 0.045480 -0.053986
v -0.045803 0.048207 -0.057011
v -0.047313 0.047940 -0.056469
v -0.048749 0.047366 -0.055940
v -0.050042 0.046507 -0.055452
v -0.051098 0.045456 -0.055027
v -0.047395 0.047932 -0.056788
v -0.048908 0.047352 -0.056559
v -0.050270 0.046498 -0.056337
v -0.051391 0.045439 -0.056130
v -0.052589 0.044527 -0.057286
v -0.054325 0.042981 -0.057340
v -0.055775 0.041008 -0.057376
v -0.056815 0.038785 -0.057394
v -0.057399 0.036400 -0.057401
v -0.057519 0.033965 -0.057396
v -0.057130 0.031520 -0.057336
v -0.056279 0.029207 -0.057281
v -0.054996 0.027108 -0.057212
v -0.053331 0.025302 -0.057132
v -0.051346 0.023858 -0.057044
v -0.049120 0.022832 -0.056950
v -0.046738 0.022264 -0.056854
v -0.052410 0.044526 -0.058636
v -0.054095 0.042985 -0.059044
v -0.055509 0.041007 -0.059379
v -0.056513 0.038786 -0.059638
v -0.057082 0.036403 -0.059777
v -0.057178 0.033952 -0.059813
v -0.056801 0.031520 -0.059728
v -0.055971 0.029210 -0.059532
v -0.054719 0.027108 -0.059236
v -0.053096 0.025304 -0.058853
v -0.051163 0.023860 -0.058396
v -0.048995 0.022834 -0.057881
v -0.046674 0.022265 -0.057328
v -0.051970 0.044549 -0.059920
v -0.053542 0.043006 -0.060669
v -0.054854 0.041030 -0.061301
v -0.055781 0.038810 -0.061771
v -0.056296 0.036426 -0.062045
v -0.056374 0.033976 -0.062129
v -0.056013 0.031542 -0.062000
v -0.055229 0.029235 -0.061677
v -0.054052 0.027132 -0.061168
v -0.052529 0.025325 -0.060497
v -0.050719 0.023878 -0.059687
v -0.048690 0.022846 -0.058770
v -0.046518 0.022272 -0.057781
v -0.051286 0.044590 -0.061101
v -0.052679 0.043053 -0.062163
v -0.053831 0.041078 -0.063060
v -0.054640 0.038858 -0.063724
v -0.055080 0.036478 -0.064125
v -0.055136 0.034027 -0.064242
v -0.054801 0.031599 -0.064074
v -0.054087 0.029286 -0.063631
v -0.053026 0.027182 -0.062929
v -0.051656 0.025366 -0.061997
v -0.050031 0.023908 -0.060867
v -0.048214 0.022867 -0.059583
v -0.046276 0.022282 -0.058196
v -0.050379 0.044640 -0.062132
v -0.051534 0.043111 -0.063461
v -0.052483 0.041148 -0.064586
v -0.053140 0.038934 -0.065421
v -0.053489 0.036559 -0.065923
v -0.053511 0.034108 -0.066077
v -0.053205 0.031679 -0.065877
v -0.052585 0.029363 -0.065330
v -0.051673 0.027250 -0.064460
v -0.050506 0.025426 -0.063297
v -0.049128 0.023955 -0.061888
v -0.047593 0.022899 -0.060287
v -0.045960 0.022299 -0.058554
v -0.049287 0.044702 -0.062964
v -0.050160 0.043190 -0.064506
v -0.050863 0.041238 -0.065819
v -0.051341 0.039034 -0.066791
v -0.051580 0.036665 -0.067377
v -0.051561 0.034216 -0.067562
v -0.051295 0.031784 -0.067334
v -0.050784 0.029462 -0.066703
v -0.050051 0.027339 -0.065695
v -0.049125 0.025499 -0.064349
v -0.048044 0.024014 -0.062714
v -0.046846 0.022939 -0.060854
v -0.045579 0.022318 -0.058844
v -0.048052 0.044770 -0.063566
v -0.048603 0.043275 -0.065266
v -0.049033 0.041343 -0.066713
v -0.049313 0.039154 -0.067781
v -0.049426 0.036793 -0.068432
v -0.049362 0.034344 -0.068638
v -0.049138 0.031909 -0.068392
v -0.048751 0.029579 -0.067698
v -0.048220 0.027444 -0.066589
v -0.047570 0.025589 -0.065107
v -0.046821 0.024085 -0.063309
v -0.046005 0.022989 -0.061265
v -0.045150 0.022344 -0.059053
v -0.046726 0.044849 -0.063912
v -0.046931 0.043374 -0.065703
v -0.047066 0.041459 -0.067230
v -0.047126 0.039282 -0.068357
v -0.047105 0.036933 -0.069048
v -0.047000 0.034490 -0.069265
v -0.046819 0.032052 -0.069005
v -0.046565 0.029710 -0.068273
v -0.046252 0.027560 -0.067107
v -0.045895 0.025688 -0.065545
v -0.045505 0.024161 -0.063654
v -0.045097 0.023039 -0.061503
v -0.044687 0.022369 -0.059173
v -0.045358 0.044934 -0.063989
v -0.045204 0.043479 -0.065805
v -0.045036 0.041581 -0.067349
v -0.044869 0.039418 -0.068492
v -0.044707 0.037074 -0.069192
v -0.044568 0.034656 -0.069429
v -0.044423 0.032197 -0.069145
v -0.044307 0.029846 -0.068407
v -0.044220 0.027682 -0.067227
v -0.044166 0.025791 -0.065649
v -0.044147 0.024243 -0.063736
v -0.044162 0.023098 -0.061559
v -0.044211 0.022398 -0.059202
v -0.043995 0.045014 -0.063802
v -0.043489 0.043583 -0.065567
v -0.043019 0.041704 -0.067068
v -0.042627 0.039555 -0.068181
v -0.042330 0.037222 -0.068859
v -0.042133 0.034788 -0.069076
v -0.042042 0.032340 -0.068818
v -0.042064 0.029982 -0.068098
v -0.042202 0.027805 -0.066947
v -0.042451 0.025897 -0.065411
v -0.042798 0.024325 -0.063549
v -0.043233 0.023153 -0.061431
v -0.043738 0.022428 -0.059137
v -0.042695 0.045095 -0.063349
v -0.041851 0.043685 -0.064997
v -0.041094 0.041824 -0.066397
v -0.040488 0.039688 -0.067433
v -0.040054 0.037358 -0.068062
v -0.039811 0.034925 -0.068265
v -0.039765 0.032475 -0.068023
v -0.039923 0.030113 -0.067352
v -0.040276 0.027924 -0.066276
v -0.040812 0.025998 -0.064842
v -0.041512 0.024406 -0.063102
v -0.042348 0.023211 -0.061122
v -0.043286 0.022457 -0.058980
v -0.041511 0.045175 -0.062648
v -0.040358 0.043784 -0.064115
v -0.039334 0.041936 -0.065363
v -0.038531 0.039810 -0.066284
v -0.037977 0.037487 -0.066843
v -0.037693 0.035055 -0.067017
v -0.037691 0.032607 -0.066799
v -0.037968 0.030237 -0.066200
v -0.038517 0.028037 -0.065242
v -0.039317 0.026094 -0.063964
v -0.040336 0.024481 -0.062412
v -0.041537 0.023260 -0.060647
v -0.042873 0.022482 -0.058737
v -0.040482 0.045244 -0.061731
v -0.039061 0.043870 -0.062961
v -0.037812 0.042041 -0.064003
v -0.036838 0.039924 -0.064773
v -0.036179 0.037607 -0.065239
v -0.035860 0.035176 -0.065381
v -0.035892 0.032726 -0.065196
v -0.036275 0.030350 -0.064690
v -0.036993 0.028139 -0.063885
v -0.038021 0.026180 -0.062809
v -0.039318 0.024547 -0.061505
v -0.040836 0.023308 -0.060022
v -0.042516 0.022507 -0.058419
v -0.039652 0.045303 -0.060629
v -0.038016 0.043947 -0.061572
v -0.036580 0.042128 -0.062373
v -0.035470 0.040020 -0.062963
v -0.034729 0.037711 -0.063316
v -0.034379 0.035280 -0.063421
v -0.034442 0.032830 -0.063275
v -0.034908 0.030446 -0.062879
v -0.035762 0.028224 -0.062255
v -0.036974 0.026252 -0.061424
v -0.038496 0.024605 -0.060416
v -0.040270 0.023347 -0.059271
v -0.042227 0.022526 -0.058036
v -0.039052 0.045344 -0.059388
v -0.037258 0.044001 -0.060009
v -0.035690 0.042195 -0.060534
v -0.034484 0.040100 -0.060919
v -0.033682 0.037797 -0.061149
v -0.033311 0.035364 -0.061210
v -0.033393 0.032912 -0.061110
v -0.033920 0.030524 -0.060839
v -0.034873 0.028292 -0.060415
v -0.036218 0.026312 -0.059858
v -0.037902 0.024653 -0.059185
v -0.039861 0.023381 -0.058425
v -0.042019 0.022544 -0.057605
v -0.038706 0.045374 -0.058050
v -0.036823 0.044040 -0.058324
v -0.035175 0.042240 -0.058555
v -0.033912 0.040153 -0.058722
v -0.033076 0.037854 -0.058820
v -0.032697 0.035427 -0.058837
v -0.032789 0.032973 -0.058779
v -0.033348 0.030578 -0.058641
v -0.034357 0.028339 -0.058437
v -0.035780 0.026352 -0.058174
v -0.037557 0.024683 -0.057863
v -0.039622 0.023400 -0.057514
v -0.041897 0.022553 -0.057140
v -0.038626 0.045393 -0.056669
v -0.036720 0.044058 -0.056587
v -0.035055 0.042262 -0.056513
v -0.033777 0.040176 -0.056453
v -0.032932 0.037878 -0.056414
v -0.032561 0.035475 -0.056400
v -0.032648 0.033000 -0.056369
v -0.033213 0.030602 -0.056372
v -0.034236 0.028364 -0.056396
v -0.035676 0.026371 -0.056438
v -0.037476 0.024698 -0.056499
v -0.039567 0.023412 -0.056574
v -0.041869 0.022560 -0.056661
v -0.038809 0.045385 -0.055305
v -0.036955 0.044054 -0.054865
v -0.035331 0.042258 -0.054488
v -0.034084 0.040172 -0.054202
v -0.033260 0.037878 -0.054021
v -0.032886 0.035456 -0.053948
v -0.032972 0.032996 -0.053981
v -0.033521 0.030599 -0.054121
v -0.034513 0.028362 -0.054370
v -0.035912 0.026369 -0.054715
v -0.037661 0.024697 -0.055144
v -0.039694 0.023410 -0.055641
v -0.041934 0.022559 -0.056186
v -0.039255 0.045366 -0.054003
v -0.037516 0.044028 -0.053224
v -0.035994 0.042229 -0.052557
v -0.034823 0.040141 -0.052053
v -0.034040 0.037840 -0.051735
v -0.033680 0.035415 -0.051616
v -0.033751 0.032958 -0.051695
v -0.034258 0.030567 -0.051972
v -0.035177 0.028334 -0.052436
v -0.036477 0.026346 -0.053071
v -0.038106 0.024680 -0.053853
v -0.040001 0.023399 -0.054751
v -0.042090 0.022554 -0.055732
v -0.039948 0.045335 -0.052812
v -0.038389 0.043987 -0.051724
v -0.037020 0.042177 -0.050793
v -0.035960 0.040080 -0.050093
v -0.035249 0.037774 -0.049654
v -0.034912 0.035350 -0.049490
v -0.034963 0.032897 -0.049609
v -0.035399 0.030511 -0.050008
v -0.036205 0.028284 -0.050670
v -0.037350 0.026303 -0.051571
v -0.038792 0.024646 -0.052675
v -0.040473 0.023375 -0.053940
v -0.042331 0.022542 -0.055318
v -0.040859 0.045290 -0.051780
v -0.039537 0.043928 -0.050425
v -0.038373 0.042109 -0.049262
v -0.037461 0.040001 -0.048393
v -0.036842 0.037690 -0.047850
v -0.036536 0.035263 -0.047651
v -0.036556 0.032813 -0.047806
v -0.036901 0.030433 -0.048306
v -0.037556 0.028213 -0.049139
v -0.038500 0.026244 -0.050270
v -0.039694 0.024600 -0.051653
v -0.041095 0.023343 -0.053236
v -0.042649 0.022526 -0.054960
v -0.041950 0.045227 -0.050951
v -0.040914 0.043851 -0.049378
v -0.039992 0.042015 -0.048031
v -0.039263 0.039901 -0.047024
v -0.038754 0.037585 -0.046397
v -0.038488 0.035157 -0.046168
v -0.038471 0.032710 -0.046350
v -0.038703 0.030334 -0.046937
v -0.039179 0.028124 -0.047904
v -0.039880 0.026169 -0.049219
v -0.040779 0.024541 -0.050827
v -0.041842 0.023303 -0.052668
v -0.043028 0.022505 -0.054670
v -0.044291 0.022178 -0.056757
v -0.043179 0.045148 -0.050355
v -0.042466 0.043755 -0.048625
v -0.041823 0.041911 -0.047140
v -0.041299 0.039789 -0.046036
v -0.040919 0.037467 -0.045343
v -0.040693 0.035038 -0.045100
v -0.040631 0.032587 -0.045302
v -0.040740 0.030220 -0.045949
v -0.041012 0.028021 -0.047012
v -0.041438 0.026082 -0.048460
v -0.042004 0.024472 -0.050230
v -0.042686 0.023256 -0.052256
v -0.043459 0.022481 -0.054461
v -0.044505 0.045066 -0.050011
v -0.044138 0.043654 -0.048193
v -0.043790 0.041794 -0.046629
v -0.043486 0.039660 -0.045469
v -0.043246 0.037337 -0.044743
v -0.043068 0.034907 -0.044487
v -0.042960 0.032458 -0.044699
v -0.042931 0.030096 -0.045376
v -0.042983 0.027907 -0.046497
v -0.043115 0.025985 -0.048020
v -0.043320 0.024395 -0.049885
v -0.043592 0.023203 -0.052018
v -0.043921 0.022454 -0.054340
v -0.045876 0.044983 -0.049934
v -0.045865 0.043548 -0.048093
v -0.045819 0.041669 -0.046515
v -0.045743 0.039522 -0.045337
v -0.045638 0.037188 -0.044609
v -0.045520 0.034776 -0.044359
v -0.045360 0.032318 -0.044555
v -0.045190 0.029961 -0.045241
v -0.045015 0.027787 -0.046377
v -0.044843 0.025881 -0.047918
v -0.044679 0.024314 -0.049804
v -0.044529 0.023147 -0.051962
v -0.044398 0.022426 -0.054311
v -0.047227 0.044884 -0.050134
v -0.047576 0.043438 -0.048336
v -0.047831 0.041541 -0.046803
v -0.047983 0.039384 -0.045651
v -0.048018 0.037044 -0.044939
v -0.047932 0.034606 -0.044681
v -0.047736 0.032170 -0.044888
v -0.047431 0.029823 -0.045553
v -0.047031 0.027662 -0.046659
v -0.046559 0.025776 -0.048155
v -0.046027 0.024231 -0.049991
v -0.045456 0.023090 -0.052092
v -0.044871 0.022397 -0.054377
v -0.048518 0.044793 -0.050598
v -0.049205 0.043328 -0.048917
v -0.049750 0.041417 -0.047481
v -0.050118 0.039248 -0.046399
v -0.050285 0.036898 -0.045724
v -0.050240 0.034452 -0.045482
v -0.050001 0.032020 -0.045677
v -0.049565 0.029685 -0.046299
v -0.048954 0.027540 -0.047329
v -0.048195 0.025672 -0.048726
v -0.047313 0.024151 -0.050438
v -0.046344 0.023034 -0.052399
v -0.045323 0.022368 -0.054534
v -0.049704 0.044723 -0.051306
v -0.050700 0.043238 -0.049804
v -0.051505 0.041303 -0.048520
v -0.052061 0.039114 -0.047557
v -0.052351 0.036757 -0.046947
v -0.052350 0.034312 -0.046726
v -0.052071 0.031883 -0.046893
v -0.051516 0.029556 -0.047445
v -0.050712 0.027425 -0.048361
v -0.049688 0.025575 -0.049607
v -0.048486 0.024074 -0.051131
v -0.047150 0.022982 -0.052876
v -0.045734 0.022341 -0.054777
v -0.050727 0.044652 -0.052239
v -0.051985 0.043144 -0.050976
v -0.053026 0.041201 -0.049884
v -0.053749 0.039001 -0.049074
v -0.054142 0.036636 -0.048555
v -0.054180 0.034190 -0.048360
v -0.053865 0.031762 -0.048497
v -0.053208 0.029443 -0.048954
v -0.052234 0.027324 -0.049722
v -0.050982 0.025488 -0.050764
v -0.049503 0.024006 -0.052040
v -0.047852 0.022934 -0.053502
v -0.046091 0.022317 -0.055096
v -0.051552 0.044594 -0.053353
v -0.053029 0.043080 -0.052373
v -0.054253 0.041118 -0.051522
v -0.055117 0.038913 -0.050887
v -0.055594 0.036541 -0.050482
v -0.055661 0.034090 -0.050323
v -0.055317 0.031663 -0.050423
v -0.054575 0.029349 -0.050769
v -0.053464 0.027239 -0.051352
v -0.052028 0.025415 -0.052151
v -0.050325 0.023948 -0.053129
v -0.048417 0.022895 -0.054253
v -0.046380 0.022297 -0.055479
v -0.052145 0.044540 -0.054607
v -0.053778 0.043020 -0.053950
v -0.055140 0.041059 -0.053373
v -0.056108 0.038851 -0.052933
v -0.056650 0.036471 -0.052651
v -0.056734 0.034015 -0.052540
v -0.056369 0.031589 -0.052598
v -0.055565 0.029278 -0.052817
v -0.054355 0.027173 -0.053193
v -0.052787 0.025359 -0.053713
v -0.050921 0.023904 -0.054357
v -0.048829 0.022865 -0.055098
v -0.046589 0.022282 -0.055910
v -0.052499 0.044524 -0.055933
v -0.054218 0.042995 -0.055620
v -0.055652 0.041024 -0.055353
v -0.056678 0.038808 -0.055130
v -0.057259 0.036425 -0.054992
v -0.057360 0.033971 -0.054925
v -0.056984 0.031544 -0.054934
v -0.056143 0.029230 -0.055014
v -0.054873 0.027129 -0.055172
v -0.053227 0.025321 -0.055395
v -0.051266 0.023873 -0.055676
v -0.049066 0.022843 -0.056008
v -0.046710 0.022271 -0.056374
vn 0.4336 -0.9003 0.0370
vn 0.9432 -0.3298 -0.0405
vn 0.8571 -0.5112 -0.0635
vn 0.5292 0.6867 -0.4984
vn 0.9807 -0.0474 -0.1896
vn -0.0372 0.9978 -0.0556
vn 0.2574 0.8943 -0.3660
vn -0.3004 -0.9537 -0.0141
vn -0.8946 -0.4165 -0.1620
vn 0.7329 0.6614 0.1590
vn -0.6066 -0.6791 0.4132
vn 0.6195 0.6538 -0.4345
vn -0.1899 -0.9592 0.2094
vn -0.1905 -0.9566 0.2203
vn -0.1899 -0.9566 0.2212
vn 0.9553 0.2019 0.2160
vn 0.9538 0.2058 0.2191
vn 0.9540 0.2025 0.2210
vn 0.4739 -0.7564 -0.4508
vn 0.9569 0.2259 -0.1827
vn 0.3836 0.7267 0.5699
vn 0.8887 0.4504 0.0861
vn 0.8254 0.5645 0.0045
vn -0.6804 0.1444 0.7185
vn -0.0221 -0.9407 -0.3386
vn 0.6807 0.6601 0.3175
vn 0.7921 0.5502 0.2643
vn -0.6245 -0.7188 0.3055
vn -0.0286 0.9493 0.3130
vn 0.3305 0.7342 0.5930
vn 0.8142 0.5684 0.1187
vn 0.9953 -0.0554 -0.0791
vn 0.9961 -0.0572 -0.0678
vn 0.9953 -0.0548 -0.0792
vn -0.8018 0.5706 0.1779
vn 0.8132 -0.3167 0.4883
vn -0.0353 -0.7654 0.6426
vn -0.0354 -0.7652 0.6428
vn -0.0395 -0.7671 0.6403
vn 0.5472 0.7788 0.3067
vn 0.0620 -0.5514 0.8320
vn 0.9584 0.2823 0.0412
vn 0.8519 -0.5101 0.1185
vn 0.8028 -0.5958 0.0248
vn 0.7210 0.6754 -0.1549
vn 0.5542 -0.7729 0.3090
vn 0.9628 0.2694 -0.0226
vn -0.1240 0.1683 -0.9779
vn 0.5860 -0.6398 0.4973
vn 0.3137 -0.7769 0.5459
vn 0.6135 -0.4811 -0.6262
vn 0.8036 -0.3365 0.4909
vn 0.9676 0.1522 0.2014
vn 0.7370 0.0832 0.6707
vn 0.2319 -0.9719 -0.0406
vn 0.5612 0.7102 -0.4250
vn -0.0635 -0.7973 0.6002
vn 0.3288 0.1092 0.9381
vn -0.8436 0.3345 0.4202
vn 0.6458 0.5381 0.5416
vn 0.6233 0.6938 0.3607
vn 0.8546 0.4901 0.1715
vn 0.6980 0.6903 0.1904
vn -0.2900 -0.8054 0.5170
vn 0.9719 0.2355 0.0021
vn -0.6430 -0.7654 -0.0271
vn -0.6412 -0.7669 -0.0280
vn -0.6436 -0.7649 -0.0268
vn 0.1201 -0.9904 0.0685
vn 0.0466 0.4124 0.9098
vn 0.4808 0.8767 -0.0166
vn -0.3149 -0.6055 0.7309
vn -0.0029 0.6411 0.7674
vn -0.0022 0.6419 0.7668
vn -0.0032 0.6425 0.7663
vn 0.0351 -0.9738 0.2246
vn -0.2608 -0.4753 0.8403
vn 0.4453 0.6331 0.6332
vn 0.9787 0.2051 0.0044
vn -0.1460 0.0770 -0.9863
vn 0.7792 0.6110 0.1397
vn 0.9728 0.0603 -0.2237
vn 0.9732 0.0607 -0.2219
vn 0.9725 0.0623 -0.2243
vn -0.6332 -0.6839 0.3624
vn 0.9127 0.3339 -0.2357
vn -0.2719 0.7514 0.6012
vn -0.2725 0.7514 0.6009
vn -0.2713 0.7514 0.6015
vn -0.5867 -0.6272 0.5123
vn 0.9666 0.2286 -0.1155
vn 0.9655 0.2304 -0.1215
vn 0.9645 0.2355 -0.1193
vn -0.8385 0.3843 0.3864
vn 0.6628 0.5849 0.4675
vn 0.6629 0.5848 0.4676
vn 0.6633 0.5842 0.4677
vn 0.7611 0.5532 0.3385
vn -0.1616 0.8348 -0.5263
vn 0.7171 0.6509 0.2492
vn 0.7043 -0.6204 0.3451
vn -0.7718 0.3889 0.5030
vn 0.8926 0.4056 0.1968
vn 0.4109 0.7908 -0.4537
vn 0.5036 -0.8580 -0.1013
vn 0.7518 0.3085 0.5827
vn 0.1110 0.8872 -0.4477
vn 0.6334 -0.4387 -0.6374
vn 0.6347 -0.4331 -0.6399
vn 0.6354 -0.4300 -0.6414
vn 0.4690 -0.8829 -0.0232
vn -0.1940 0.6210 0.7594
vn 0.5047 -0.1455 -0.8510
vn 0.7053 0.2178 0.6746
vn 0.7612 0.6241 -0.1762
vn 0.4741 -0.8518 0.2228
vn 0.2818 0.8035 -0.5244
vn 0.9438 0.1759 0.2799
vn 0.7355 -0.5339 0.4171
vn -0.1790 -0.7559 0.6298
vn 0.9661 0.2224 0.1313
vn -0.0939 0.9578 0.2716
vn 0.3762 -0.8175 0.4361
vn 0.3176 -0.7547 -0.5741
vn 0.3216 -0.7602 -0.5646
vn 0.3218 -0.7606 -0.5638
vn 0.4574 0.0983 -0.8838
vn 0.4567 0.0989 -0.8841
vn 0.4613 0.0958 -0.8820
vn -0.1969 -0.9194 0.3406
vn 0.5357 0.7842 0.3133
vn 0.8706 -0.1462 0.4697
vn 0.8907 0.4130 0.1901
vn -0.3764 -0.8778 -0.2961
vn -0.6127 -0.6382 0.4661
vn 0.7015 0.6155 0.3593
vn 0.8696 0.4533 0.1956
vn -0.2669 0.8016 0.5350
vn 0.7656 -0.5747 0.2892
vn -0.0243 0.6667 -0.7449
vn -0.2537 -0.8423 -0.4756
vn 0.7053 -0.4400 -0.5558
vn -0.2641 -0.9337 0.2419
vn 0.8052 0.5891 0.0686
vn 0.4715 -0.8764 -0.0977
vn -0.1434 -0.7535 0.6416
vn 0.3550 0.9268 -0.1226
vn 0.8614 0.5030 0.0713
vn 0.7399 0.6292 0.2379
vn -0.5389 -0.3946 0.7442
vn -0.1720 0.9847 0.0285
vn 0.8611 -0.1180 0.4946
vn -0.0260 0.0871 0.9959
vn -0.8383 0.2474 0.4858
vn 0.2031 0.7733 -0.6006
vn 0.2373 0.8854 -0.3997
vn -0.7670 -0.6327 -0.1067
vn 0.6300 0.2749 -0.7263
vn 0.8982 0.3450 0.2724
vn 0.5390 0.8420 0.0206
vn 0.9525 -0.2693 -0.1418
vn 0.9511 -0.2730 -0.1444
vn 0.9506 -0.2745 -0.1453
vn 0.5411 -0.6369 -0.5492
vn 0.0846 0.7873 0.6107
vn 0.9956 -0.0921 0.0162
vn 0.9941 -0.0158 0.1069
vn 0.2472 -0.4721 0.8462
vn 0.4842 0.6951 -0.5313
vn 0.7090 -0.1251 0.6940
vn 0.8127 0.5290 -0.2443
vn -0.0990 0.2413 0.9654
vn 0.8030 0.3036 0.5128
vn -0.1243 0.9478 0.2936
vn 0.2155 -0.9051 -0.3667
vn 0.4142 -0.8181 0.3990
vn 0.9737 0.2106 -0.0874
vn 0.7689 0.6386 0.0332
vn 0.6947 0.5984 0.3991
vn 0.5257 0.8014 -0.2851
vn 0.7314 0.6484 -0.2113
vn 0.8167 0.5590 -0.1433
vn 0.7440 0.3952 -0.5389
vn -0.9138 0.1139 0.3899
vn 0.8877 0.0256 0.4598
vn 0.5748 0.7898 -0.2138
vn 0.7719 0.6343 -0.0421
vn -0.6196 -0.3157 0.7186
vn 0.2323 0.8902 0.3919
vn 0.0927 0.8528 -0.5140
vn 0.3388 -0.6771 0.6533
vn 0.7933 -0.6055 0.0637
vn -0.4054 0.9064 0.1185
vn -0.1317 -0.8516 0.5073
vn 0.7879 0.4008 -0.4674
vn 0.1103 0.8459 -0.5219
vn 0.1104 0.8462 -0.5213
vn 0.1104 0.8443 -0.5244
vn 0.8642 0.2924 0.4094
vn 0.3881 0.7672 -0.5106
vn 0.7817 0.4955 0.3788
vn -0.7502 -0.2538 0.6106
vn -0.1785 0.4024 0.8979
vn 0.4023 0.9008 0.1635
vn -0.4729 -0.4547 0.7547
vn 0.6142 0.1557 0.7736
vn 0.1051 0.1657 0.9806
vn 0.8062 -0.0897 0.5848
vn -0.2164 0.4892 -0.8449
vn -0.3406 -0.4717 0.8133
vn -0.0579 -0.6696 0.7405
vn 0.9084 0.4159 0.0428
vn -0.5645 -0.4655 0.6817
vn -0.3842 0.9205 0.0711
vn -0.1542 0.9854 0.0724
vn 0.5195 0.7419 -0.4239
vn 0.5575 0.8246 0.0961
vn 0.4918 0.7088 -0.5058
vn 0.9696 -0.0166 -0.2441
vn 0.9909 0.1336 -0.0130
vn 0.8015 0.5398 0.2574
vn 0.0296 0.9990 0.0337
vn 0.9238 0.2438 -0.2952
vn -0.0225 0.2490 -0.9682
vn -0.0052 0.1964 -0.9805
vn 0.9155 0.2036 0.3470
vn 0.5428 0.6179 0.5688
vn -0.0345 0.7762 -0.6296
vn 0.2301 0.8739 -0.4282
vn 0.7606 -0.6437 0.0844
vn -0.0503 0.9665 0.2518
vn 0.2011 0.9333 0.2974
vn 0.6949 0.5847 0.4185
vn -0.2666 0.9638 0.0101
vn 0.4322 -0.8932 0.1243
vn -0.1230 0.8769 -0.4647
vn -0.1226 0.8769 -0.4647
vn -0.1230 0.8769 -0.4646
vn -0.0775 0.8491 0.5225
vn -0.2345 0.9714 -0.0372
vn 0.4618 0.8098 -0.3619
vn 0.5677 0.3812 0.7296
vn 0.5667 0.3814 0.7303
vn 0.5625 0.3848 0.7318
vn 0.7400 0.5343 0.4085
vn 0.3584 0.5944 -0.7199
vn 0.1909 0.9139 0.3581
vn 0.9882 -0.1184 -0.0967
vn -0.2107 -0.8993 0.3832
vn 0.5471 0.5975 0.5862
vn 0.4321 0.7967 0.4225
vn 0.6743 0.6348 0.3773
vn 0.6749 0.6339 0.3777
vn 0.6731 0.6360 0.3773
vn 0.2071 0.9576 0.2005
vn 0.2060 0.9591 0.1939
vn 0.2056 0.9599 0.1907
vn 0.6885 0.6178 0.3798
vn 0.6890 0.6181 0.3785
vn 0.6881 0.6250 0.3686
vn -0.5531 0.3065 -0.7747
vn 0.7296 0.5657 0.3844
vn 0.7289 0.5659 0.3855
vn 0.7281 0.5657 0.3871
vn 0.6653 0.6767 0.3153
vn 0.6398 0.6855 0.3474
vn 0.6443 0.6813 0.3474
vn 0.6452 0.6809 0.3465
vn 0.5900 0.6557 0.4711
vn -0.5424 0.7206 -0.4320
vn 0.1682 0.1710 -0.9708
vn 0.1680 0.1716 -0.9707
vn 0.1684 0.1703 -0.9709
vn -0.1937 -0.3883 0.9010
vn 0.1633 0.4763 -0.8640
vn 0.1594 0.4752 -0.8653
vn 0.1648 0.4767 -0.8635
vn 0.2782 0.5107 -0.8135
vn 0.2794 0.5090 -0.8141
vn 0.2776 0.5112 -0.8134
vn 0.2171 0.4767 -0.8519
vn 0.2220 0.4750 -0.8515
vn 0.2239 0.4744 -0.8514
vn 0.7110 -0.1560 0.6857
vn 0.1610 0.8531 0.4962
vn 0.6242 -0.6669 0.4070
vn 0.6431 0.6998 -0.3109
vn 0.6069 0.6863 -0.4009
vn -0.6213 0.2017 0.7572
vn -0.4991 0.1783 0.8480
vn 0.5740 0.7172 -0.3952
vn 0.2739 0.5541 -0.7861
vn 0.1594 0.4300 -0.8886
vn -0.2044 0.5774 0.7905
vn -0.2352 0.8052 0.5443
vn -0.0993 0.1065 -0.9893
vn 0.7948 0.6023 -0.0737
vn -0.2487 0.0600 -0.9667
vn -0.2816 -0.9272 -0.2468
vn 0.0961 0.4923 -0.8651
vn 0.0787 0.2726 -0.9589
vn -0.0957 0.0819 -0.9920
vn -0.0962 0.0825 -0.9919
vn -0.1005 0.0868 -0.9912
vn -0.1715 0.8369 -0.5198
vn -0.3192 0.8741 0.3663
vn -0.1227 0.8280 -0.5471
vn -0.1246 0.8301 -0.5435
vn -0.1215 0.8267 -0.5493
vn 0.4863 0.8151 -0.3148
vn 0.4863 0.8156 -0.3137
vn 0.8220 0.5403 0.1802
vn 0.6802 0.6435 0.3511
vn 0.1784 0.9835 -0.0291
vn -0.5665 0.7480 0.3457
vn 0.6733 0.6157 0.4093
vn 0.6266 0.7272 0.2803
vn 0.6210 0.7308 0.2833
vn 0.6197 0.7314 0.2848
vn 0.4209 0.9004 0.1099
vn 0.7050 0.7007 0.1099
vn 0.7307 0.5284 0.4322
vn 0.7940 0.5970 0.1148
vn -0.2842 0.6903 0.6654
vn 0.7559 0.6293 -0.1803
vn 0.6055 0.6851 0.4049
vn 0.8077 0.5875 -0.0496
vn 0.8079 0.5874 -0.0485
vn 0.8065 0.5890 -0.0501
vn 0.6319 0.4818 0.6071
vn -0.2506 0.3503 0.9025
vn -0.5317 -0.0503 0.8454
vn -0.5330 -0.0498 0.8446
vn -0.5254 -0.0570 0.8489
vn 0.5643 0.7886 0.2442
vn 0.6903 0.6728 0.2662
vn 0.5448 0.5828 0.6029
vn -0.5074 -0.0583 0.8598
vn -0.5267 -0.1327 0.8396
vn -0.3849 -0.0716 0.9202
vn 0.8476 0.5304 -0.0171
vn 0.8512 0.5245 -0.0187
vn 0.8479 0.5298 -0.0173
vn 0.4711 0.8768 0.0967
vn 0.6327 0.7640 0.1263
vn -0.0663 0.7701 0.6345
vn 0.2923 0.4491 0.8443
vn -0.0066 0.3181 0.9480
vn 0.4087 0.5686 0.7139
vn -0.2113 0.6358 0.7424
vn -0.0151 0.5902 0.8071
vn 0.9746 -0.0257 0.2227
vn 0.2676 0.8819 -0.3880
vn 0.4382 0.8226 -0.3624
vn -0.3396 -0.8898 -0.3048
vn 0.7521 0.5339 0.3865
vn 0.3908 -0.9025 -0.1812
vn 0.3898 -0.9030 -0.1809
vn 0.3894 -0.9032 -0.1808
vn 0.0296 0.3147 0.9487
vn -0.1485 0.4041 0.9026
vn -0.1109 0.3695 0.9226
vn -0.1106 0.3694 0.9226
vn -0.1112 0.3695 0.9225
vn -0.5093 -0.2179 0.8325
vn 0.5691 -0.7981 -0.1979
vn 0.5671 -0.7999 -0.1963
vn 0.5714 -0.7959 -0.2000
vn 0.1637 0.6203 0.7671
vn 0.1495 0.3531 0.9235
vn -0.3687 0.9235 -0.1053
vn -0.4209 0.8901 -0.1749
vn -0.4171 0.8922 -0.1730
vn -0.4158 0.8929 -0.1728
vn -0.1239 0.6787 0.7239
vn -0.4038 0.9131 -0.0564
vn -0.4986 0.8664 -0.0280
vn 0.0627 0.4271 0.9020
vn -0.0559 0.9589 -0.2782
vn -0.5068 0.7275 -0.4625
vn -0.1012 0.1667 0.9808
vn -0.1015 0.1573 0.9823
vn -0.1012 0.1666 0.9808
vn -0.4936 0.8011 -0.3386
vn -0.4933 0.8015 -0.3380
vn -0.4929 0.8018 -0.3380
vn -0.2015 0.8421 -0.5002
vn -0.1578 0.8260 -0.5411
vn -0.1420 0.9594 -0.2438
vn -0.1621 0.9775 -0.1347
vn -0.0293 0.3251 -0.9452
vn 0.0507 0.8635 -0.5017
vn -0.0102 0.7773 -0.6291
vn -0.2510 0.9284 0.2738
vn -0.3751 0.8931 0.2484
vn 0.1576 0.2392 -0.9581
vn -0.4284 0.9016 -0.0592
vn 0.4379 0.5414 0.7177
vn 0.4364 0.5406 0.7192
vn 0.4387 0.5418 0.7169
vn 0.2911 0.4966 -0.8177
vn 0.2887 0.4951 -0.8194
vn 0.2830 0.4917 -0.8235
vn -0.5432 0.7835 -0.3017
vn -0.5565 0.6829 -0.4732
vn -0.4931 0.7466 -0.4466
vn -0.4912 0.7483 -0.4458
vn -0.4932 0.7465 -0.4465
vn -0.4300 0.8803 -0.2004
vn -0.4301 0.8803 -0.2003
vn -0.4300 0.8804 -0.2003
vn -0.9222 0.0143 -0.3864
vn 0.0171 0.9920 -0.1251
vn -0.2009 0.9372 -0.2852
vn -0.4594 0.8271 -0.3238
vn -0.4547 0.8295 -0.3243
vn -0.4606 0.8264 -0.3239
vn -0.5141 0.7913 -0.3310
vn -0.5156 0.7920 -0.3269
vn -0.5137 0.7912 -0.3319
vn -0.2069 0.9701 -0.1267
vn -0.2118 0.9685 -0.1311
vn -0.2152 0.9677 -0.1314
vn -0.0221 0.9950 -0.0976
vn -0.1390 0.9566 0.2563
vn -0.3813 0.2756 0.8824
vn -0.2320 0.7821 0.5783
vn -0.1765 0.9836 -0.0374
vn -0.3505 0.8626 0.3648
vn -0.2202 0.9733 -0.0653
vn 0.0364 0.7150 0.6982
vn 0.4572 0.8780 -0.1416
vn 0.6223 0.7648 0.1667
vn 0.7122 -0.5276 0.4630
vn 0.5794 0.8128 0.0610
vn 0.5868 0.8074 0.0616
vn 0.5846 0.8092 0.0596
vn 0.6663 0.6928 0.2758
vn -0.6190 0.7180 -0.3183
vn 0.3048 -0.9501 0.0662
vn 0.6456 0.5956 0.4780
vn -0.9614 0.2739 0.0268
vn -0.2475 -0.8108 -0.5304
vn -0.8897 0.3604 -0.2803
vn -0.8880 0.3618 -0.2839
vn -0.8881 0.3608 -0.2849
vn -0.7685 0.2694 0.5803
vn -0.9252 0.3792 -0.0160
vn -0.9226 0.3856 -0.0146
vn -0.9230 0.3845 -0.0140
vn 0.5974 0.7960 0.0974
vn 0.5840 0.6968 0.4164
vn 0.2294 0.7126 0.6630
vn 0.4972 0.8248 0.2694
vn 0.4938 0.8283 0.2649
vn 0.4915 0.8257 0.2767
vn -0.7842 0.5806 -0.2188
vn 0.4369 0.8717 0.2218
vn 0.4572 0.1630 0.8743
vn 0.4527 0.8425 0.2921
vn 0.4140 0.8870 0.2047
vn -0.0419 0.9968 -0.0679
vn 0.3840 0.8042 0.4536
vn 0.3725 -0.8850 -0.2793
vn -0.6894 0.6363 0.3463
vn -0.9028 0.4075 -0.1372
vn 0.4025 -0.2395 0.8836
vn 0.7932 -0.5454 0.2708
vn 0.4697 0.8817 0.0445
vn 0.5202 0.7618 -0.3861
vn -0.0097 0.9993 -0.0351
vn -0.0145 0.9254 -0.3787
vn 0.5344 0.8013 -0.2690
vn -0.2047 0.9094 0.3621
vn -0.1005 0.8666 0.4888
vn -0.0699 0.9889 0.1314
vn 0.1862 0.9362 -0.2981
vn -0.6841 0.5038 0.5275
vn -0.0233 0.9984 0.0507
vn -0.8790 0.4757 -0.0332
vn -0.5075 0.8309 0.2282
vn 0.5894 -0.7654 0.2583
vn -0.9814 0.1920 -0.0018
vn 0.6776 -0.6239 0.3894
vn 0.7364 0.6683 0.1050
vn 0.7320 0.6723 0.1105
vn 0.7359 0.6688 0.1050
vn -0.9924 -0.0177 -0.1217
vn 0.8971 0.4220 0.1307
vn 0.5822 0.7684 0.2658
vn -0.9983 -0.0384 -0.0437
vn 0.2862 0.8018 -0.5247
vn 0.6030 0.7930 0.0867
vn 0.6081 0.7895 0.0831
vn 0.6026 0.7933 0.0867
vn 0.4128 0.7842 0.4634
vn 0.0447 0.9853 -0.1649
vn 0.5217 0.7640 0.3796
vn 0.4033 0.8028 0.4392
vn 0.4425 0.7871 0.4298
vn 0.5227 0.7160 0.4627
vn -0.9001 -0.4234 0.1026
vn 0.4814 0.7246 0.4932
vn -0.0127 -0.7201 0.6937
vn 0.4520 0.8304 0.3258
vn 0.2602 0.2888 0.9214
vn -0.0130 0.5633 0.8261
vn -0.1434 0.5704 0.8087
vn 0.2117 0.7260 0.6543
vn 0.2554 0.6800 0.6872
vn 0.6887 0.4802 -0.5433
vn -0.7714 0.5992 0.2143
vn -0.8877 0.3149 -0.3359
vn 0.2560 0.9664 -0.0216
vn -0.2183 0.9436 -0.2489
vn -0.2226 -0.5329 0.8164
vn -0.8458 -0.5332 -0.0181
vn 0.4746 -0.8628 -0.1739
vn 0.7083 -0.3311 -0.6235
vn -0.5388 0.8237 -0.1764
vn -0.9291 0.3405 -0.1446
vn 0.7481 0.3649 -0.5542
vn 0.7491 0.3730 -0.5475
vn 0.7489 0.3723 -0.5483
vn 0.2450 0.7894 -0.5629
vn 0.3649 0.9302 0.0409
vn -0.7011 -0.6478 -0.2980
vn 0.8813 0.3555 -0.3112
vn -0.7312 0.5627 -0.3857
vn 0.7387 0.6692 0.0808
vn 0.5027 0.7716 0.3898
vn 0.4264 0.9028 -0.0571
vn -0.4214 -0.8581 0.2934
vn -0.8041 -0.5683 -0.1744
vn 0.7204 0.6932 -0.0199
vn -0.2485 0.8932 0.3747
vn -0.9879 0.1041 -0.1145
vn -0.1385 0.9878 0.0716
vn -0.5962 0.6936 -0.4043
vn -0.3243 0.4914 0.8083
vn 0.0652 0.0224 -0.9976
vn -0.5242 -0.7441 0.4141
vn -0.9776 -0.0961 0.1871
vn -0.2151 -0.7881 0.5767
vn -0.1403 0.9741 0.1771
vn 0.5648 0.8096 -0.1599
vn 0.5631 0.8130 -0.1483
vn 0.5630 0.8132 -0.1475
vn -0.3628 -0.4343 -0.8245
vn -0.9932 -0.0808 -0.0838
vn 0.5331 -0.8282 -0.1728
vn 0.3270 0.7864 0.5240
vn 0.3301 0.7859 0.5229
vn 0.3265 0.7863 0.5245
vn 0.2313 0.7914 0.5659
vn -0.6958 -0.5812 0.4220
vn -0.9979 -0.0644 0.0100
vn -0.7392 0.6719 -0.0457
vn -0.0234 0.7555 0.6547
vn -0.1425 -0.9363 -0.3209
vn 0.3480 0.7805 0.5194
vn 0.1027 0.9929 -0.0599
vn -0.7598 -0.1271 0.6376
vn -0.0874 -0.9960 0.0198
vn -0.0923 0.7282 -0.6791
vn -0.8747 0.4539 -0.1700
vn 0.4338 0.7371 0.5182
vn 0.4341 0.7371 0.5178
vn 0.4339 0.7374 0.5176
vn 0.1880 -0.7843 0.5911
vn 0.9359 -0.3348 -0.1097
vn 0.0032 -0.9928 -0.1198
vn 0.0024 -0.9928 -0.1194
vn 0.0004 -0.9929 -0.1189
vn -0.8348 0.4437 0.3261
vn -0.6957 0.7175 -0.0346
vn -0.8739 0.2024 0.4419
vn -0.7463 0.4126 0.5222
vn 0.9856 0.0937 0.1405
vn 0.3495 0.9226 0.1634
vn -0.6487 -0.4176 -0.6362
vn -0.0408 0.8733 -0.4854
vn 0.3435 -0.8417 -0.4165
vn 0.7005 0.6889 -0.1864
vn 0.1801 0.8083 -0.5605
vn -0.8947 0.2180 0.3899
vn -0.8989 0.2183 0.3798
vn -0.8946 0.2166 0.3909
vn 0.8655 0.4692 0.1753
vn -0.3334 0.7393 0.5851
vn 0.5738 -0.4094 0.7093
vn 0.5744 -0.4088 0.7092
vn 0.5715 -0.4117 0.7099
vn -0.9350 -0.2199 0.2781
vn -0.9377 -0.2151 0.2730
vn -0.9376 -0.2174 0.2713
vn 0.3539 0.7423 0.5690
vn 0.7098 0.6811 -0.1797
vn -0.8545 0.3580 0.3765
vn 0.9317 0.3367 -0.1360
vn 0.9566 0.1170 -0.2667
vn -0.8905 0.3333 0.3097
vn 0.9679 0.1992 0.1531
vn 0.9679 0.2002 0.1521
vn 0.9679 0.1997 0.1528
vn 0.9099 0.3866 0.1500
vn -0.4267 -0.8958 0.1242
vn -0.4364 -0.8971 -0.0688
vn 0.3818 -0.7179 -0.5821
vn 0.2923 0.9367 -0.1926
vn 0.5453 0.6362 0.5458
vn -0.2976 0.0222 0.9544
vn -0.8141 0.3242 0.4817
vn -0.0826 0.4674 0.8802
vn -0.6583 -0.7466 0.0963
vn -0.6494 0.7522 0.1116
vn -0.6507 0.7512 0.1113
vn -0.6489 0.7526 0.1119
vn 0.2137 0.6807 -0.7007
vn -0.5665 -0.4967 0.6576
vn 0.6907 0.4485 0.5673
vn -0.7378 -0.3918 -0.5497
vn 0.0386 0.7707 -0.6360
vn -0.4672 -0.5831 0.6647
vn -0.2484 -0.5364 0.8066
vn 0.2606 -0.4115 0.8734
vn -0.7371 0.4147 0.5336
vn 0.1737 -0.9762 -0.1295
vn 0.7792 0.3023 -0.5491
vn -0.9932 -0.0769 -0.0875
vn 0.9846 0.1136 0.1331
vn 0.4902 0.8399 0.2331
vn -0.0513 0.5445 0.8372
vn -0.0358 -0.9106 0.4118
vn 0.4597 -0.7519 0.4724
vn 0.3863 -0.8403 0.3804
vn 0.0495 0.0014 -0.9988
vn 0.6374 -0.7611 0.1198
vn -0.3253 0.9429 -0.0717
vn -0.5649 -0.1401 0.8132
vn -0.7814 0.5198 0.3451
vn -0.9057 0.4072 0.1176
vn -0.7528 0.5962 0.2790
vn 0.5476 0.8348 -0.0566
vn -0.9727 0.1401 -0.1849
vn -0.9202 0.3902 -0.0309
vn 0.6638 -0.7478 -0.0099
vn 0.6588 -0.7522 -0.0132
vn 0.6574 -0.7534 -0.0140
vn 0.6576 0.6258 0.4194
vn 0.6357 -0.1423 -0.7587
vn 0.6323 -0.1417 -0.7617
vn 0.6315 -0.1419 -0.7623
vn 0.7263 0.6605 -0.1903
vn 0.3400 -0.8756 0.3432
vn 0.1603 -0.9871 -0.0028
vn -0.5171 0.8381 -0.1737
vn -0.9032 0.3677 0.2215
vn -0.1313 0.4018 0.9062
vn 0.2809 -0.7181 0.6367
vn 0.3298 -0.6255 0.7071
vn -0.1239 -0.9871 0.1014
vn -0.1185 -0.9928 0.0166
vn -0.1181 -0.9929 0.0168
vn -0.1180 -0.9929 0.0163
vn -0.1936 -0.9270 0.3213
vn -0.5033 -0.6096 0.6124
vn 0.8888 0.4026 0.2191
vn 0.2121 0.9350 0.2844
vn -0.5324 -0.1780 0.8276
vn -0.3776 -0.3880 0.8408
vn -0.9085 0.1944 0.3699
vn 0.3686 -0.7675 0.5244
vn 0.7057 -0.4102 0.5776
vn -0.0842 0.4664 0.8806
vn -0.4192 0.9078 -0.0144
vn 0.1212 -0.9595 0.2544
vn 0.6849 0.5116 0.5189
vn 0.4803 -0.8032 0.3523
vn 0.5586 0.7505 0.3531
vn 0.6228 0.6496 -0.4360
vn 0.0049 -0.5116 0.8592
vn -0.6789 0.4955 0.5418
vn 0.4996 0.7896 0.3564
vn -0.6961 -0.1426 0.7036
vn -0.1944 0.8142 -0.5470
vn -0.3619 -0.9294 0.0730
vn 0.7941 0.5944 0.1270
vn 0.6217 0.7661 -0.1632
vn -0.9825 0.1357 -0.1274
vn -0.9844 0.1308 -0.1180
vn -0.9844 0.1305 -0.1180
vn 0.0473 -0.8003 0.5977
vn -0.9443 0.3226 0.0649
vn 0.5155 -0.8353 -0.1912
vn 0.7217 0.5921 -0.3587
vn 0.7206 0.5939 -0.3579
vn 0.7207 0.5932 -0.3587
vn -0.9192 0.1246 0.3737
vn 0.5122 -0.5241 0.6805
vn -0.9942 -0.1049 -0.0230
vn -0.0898 0.8987 -0.4292
vn 0.6721 -0.6213 0.4028
vn 0.2036 0.1008 -0.9739
vn 0.0312 0.9488 0.3143
vn 0.5586 0.8169 0.1437
vn -0.3296 0.8632 -0.3824
vn 0.8424 0.5371 -0.0429
vn 0.7476 -0.5236 0.4086
vn -0.9322 0.3237 -0.1621
vn 0.3096 0.8084 -0.5007
vn -0.0740 0.8204 -0.5669
vn -0.9864 0.1368 -0.0910
vn 0.6733 -0.5991 -0.4333
vn 0.6732 -0.6001 -0.4320
vn 0.6741 -0.5944 -0.4384
vn 0.4517 -0.8779 -0.1586
vn -0.9493 0.2608 -0.1755
vn 0.1031 -0.6494 0.7535
vn 0.3647 0.7088 -0.6038
vn 0.7812 0.5129 0.3558
vn 0.4709 0.8755 -0.1082
vn -0.8565 0.5151 -0.0313
vn -0.8520 0.3878 0.3516
vn 0.8159 0.5067 0.2783
vn 0.8193 0.5011 0.2788
vn 0.8184 0.5019 0.2797
vn 0.1153 0.2078 0.9714
vn -0.0248 0.7117 0.7020
vn -0.9033 0.3526 -0.2443
vn 0.5896 0.7863 0.1846
vn -0.9278 0.3579 -0.1053
vn -0.9282 0.3568 -0.1055
vn -0.9278 0.3579 -0.1054
vn -0.7344 0.3214 0.5978
vn 0.8345 0.4170 0.3602
vn -0.1759 -0.9609 -0.2138
vn 0.6596 -0.6231 0.4203
vn 0.6238 -0.6745 0.3950
vn -0.1477 -0.9502 0.2744
vn 0.8307 -0.4089 -0.3779
vn -0.9185 0.0350 0.3939
vn 0.1934 0.6678 0.7187
vn 0.8524 0.5224 -0.0223
vn 0.5790 0.8061 0.1222
vn 0.4920 0.7585 0.4273
vn -0.8661 -0.2910 0.4065
vn 0.1202 -0.9132 -0.3895
vn 0.5635 0.4529 -0.6909
vn 0.6999 -0.5959 0.3937
vn 0.4606 -0.8800 0.1158
vn -0.9616 0.2645 0.0740
vn 0.8641 0.0535 0.5005
vn -0.7632 -0.2507 0.5956
vn 0.8825 0.4094 0.2315
vn -0.8047 0.0886 0.5871
vn -0.9815 0.0209 -0.1904
vn -0.0958 0.8819 -0.4616
vn 0.6932 0.5008 0.5184
vn 0.6999 0.4989 0.5111
vn 0.7012 0.4986 0.5096
vn -0.6029 0.3996 0.6905
vn 0.1867 -0.9624 -0.1974
vn -0.8172 0.4875 0.3074
vn -0.8175 0.4851 0.3105
vn -0.8165 0.4887 0.3073
vn 0.4729 0.8705 0.1363
vn 0.0853 0.8468 -0.5250
vn -0.0069 0.9998 0.0192
vn 0.7539 0.6568 0.0162
vn -0.8953 0.3732 0.2433
vn 0.3254 -0.9431 0.0689
vn 0.0462 -0.9921 -0.1162
vn -0.1504 -0.2909 0.9449
vn 0.5679 0.8142 -0.1204
vn -0.6653 0.7230 0.1861
vn -0.6732 -0.7204 0.1671
vn 0.5201 0.4128 0.7477
vn 0.8477 0.3181 -0.4246
vn -0.9547 0.2486 -0.1634
vn -0.9269 -0.0054 -0.3754
vn -0.9261 -0.0045 -0.3772
vn -0.9259 -0.0049 -0.3776
vn -0.5290 0.7635 -0.3703
vn -0.6704 0.0475 0.7404
vn 0.3717 0.7708 0.5173
vn -0.9500 0.2994 0.0887
vn -0.6741 0.7147 -0.1864
vn -0.2378 0.6827 -0.6909
vn -0.3521 0.9225 -0.1581
vn 0.9952 -0.0908 -0.0360
vn -0.4888 -0.5018 -0.7137
vn -0.3134 -0.9493 -0.0244
vn -0.2108 0.9521 0.2217
vn 0.7485 -0.5769 0.3269
vn -0.0546 0.9909 -0.1233
vn 0.6036 0.6281 0.4910
vn 0.1138 0.4988 0.8592
vn -0.3692 0.1127 -0.9225
vn -0.8501 0.4870 -0.2003
vn 0.1956 -0.6563 0.7287
vn -0.8100 0.0071 0.5864
vn 0.8883 0.3380 0.3110
vn 0.5853 0.8044 -0.1013
vn 0.6479 0.6296 0.4287
vn -0.7899 0.6086 0.0753
vn 0.6497 0.1396 0.7473
vn -0.6784 0.5345 -0.5041
vn 0.1123 0.0939 -0.9892
vn -0.8986 -0.1071 0.4254
vn 0.8878 0.4514 0.0893
vn -0.6697 -0.6814 0.2954
vn -0.8551 0.4401 0.2741
vn -0.0447 0.2941 0.9547
vn 0.3947 -0.9184 0.0290
vn 0.3774 -0.9249 0.0467
vn -0.2223 0.8206 0.5265
vn 0.8417 -0.4941 0.2175
vn 0.9307 -0.3130 0.1892
vn -0.1864 0.8484 -0.4955
vn 0.5458 0.5237 0.6541
vn -0.0667 0.6708 -0.7386
vn -0.0663 0.6704 -0.7390
vn -0.0663 0.6703 -0.7392
vn 0.9795 -0.0619 0.1914
vn 0.4117 -0.8664 0.2827
vn 0.4979 0.8066 0.3186
vn 0.0256 0.6481 -0.7611
vn 0.1871 -0.7167 0.6719
vn -0.5534 0.7742 0.3073
vn 0.5356 -0.8435 0.0418
vn -0.4047 -0.8832 0.2372
vn -0.4049 -0.8830 0.2374
vn -0.4049 -0.8828 0.2382
vn 0.2045 0.8674 0.4537
vn 0.5173 0.7323 0.4428
vn 0.7527 0.4717 0.4592
vn -0.6602 0.7057 0.2571
vn 0.9569 0.1978 0.2127
vn -0.6245 0.7810 -0.0083
vn -0.9545 0.0336 0.2963
vn 0.5091 -0.8591 -0.0532
vn 0.8716 -0.1329 0.4719
vn -0.9170 -0.3860 0.1009
vn -0.3092 0.4033 0.8612
vn 0.7964 0.5843 -0.1559
vn -0.1514 0.9854 -0.0782
vn -0.3032 -0.8492 0.4324
vn -0.5378 0.7302 -0.4213
vn 0.5120 0.8466 0.1453
vn -0.4241 0.1138 -0.8984
vn -0.4207 0.1108 -0.9004
vn -0.4201 0.1097 -0.9008
vn -0.1945 -0.7573 -0.6234
vn -0.1946 -0.7580 -0.6225
vn -0.1940 -0.7566 -0.6245
vn 0.9641 0.2370 -0.1194
vn 0.9500 0.1276 0.2850
vn 0.8278 -0.3313 0.4529
vn 0.4609 -0.8180 0.3442
vn 0.6084 0.6154 -0.5011
vn -0.4323 -0.9014 0.0248
vn 0.9247 0.3654 -0.1072
vn 0.9776 0.1817 0.1063
vn 0.9736 0.2281 0.0002
vn 0.3902 0.2928 -0.8729
vn -0.3373 -0.9407 -0.0352
vn -0.3494 -0.9366 -0.0249
vn -0.0317 0.5637 -0.8254
vn 0.8305 0.5412 -0.1317
vn 0.5451 -0.8194 0.1774
vn 0.5444 -0.8198 0.1776
vn 0.5471 -0.8171 0.1819
vn -0.9986 0.0504 -0.0173
vn 0.2677 0.7692 0.5802
vn -0.9166 0.3879 -0.0971
vn 0.0284 0.7749 -0.6314
vn 0.9949 -0.0929 0.0384
vn 0.8472 -0.4910 0.2030
vn 0.5212 0.7993 -0.2989
vn 0.5220 0.7990 -0.2986
vn 0.5155 0.8017 -0.3027
vn -0.6510 -0.5587 0.5138
vn 0.2595 0.4110 -0.8739
vn 0.6790 -0.5380 0.4995
vn 0.9035 0.1727 0.3923
vn -0.2080 0.9212 0.3289
vn -0.0020 0.9998 -0.0172
vn -0.2753 -0.9613 -0.0064
vn 0.6705 -0.7414 0.0257
vn 0.4923 -0.8663 -0.0849
vn 0.2750 0.0626 -0.9594
vn -0.1504 0.6505 -0.7445
vn -0.1918 0.3240 -0.9264
vn 0.3026 0.8835 0.3577
vn -0.1962 0.5674 -0.7997
vn 0.3405 0.4036 -0.8492
vn 0.3421 0.3327 -0.8788
vn 0.9952 -0.0560 -0.0799
vn -0.7257 -0.6777 0.1185
vn 0.3951 0.7434 0.5397
vn -0.3166 -0.3704 -0.8733
vn 0.0666 0.6417 -0.7640
vn 0.3746 -0.7693 0.5176
vn 0.7732 0.5424 0.3285
vn 0.7732 0.5422 0.3289
vn 0.7732 0.5425 0.3284
vn 0.2470 0.9560 -0.1586
vn -0.9713 -0.0235 0.2368
vn 0.4517 -0.7039 -0.5482
vn -0.3950 -0.5962 -0.6989
vn -0.3056 0.8630 0.4022
vn 0.3550 -0.8645 0.3560
vn 0.4329 -0.8821 0.1855
vn 0.2408 0.1501 -0.9589
vn 0.5666 0.8163 0.1122
vn 0.7219 0.6867 0.0857
vn -0.2326 0.1553 -0.9601
vn 0.0154 0.6332 0.7739
vn 0.1656 0.7301 -0.6629
vn 0.5256 -0.7508 0.4001
vn 0.5860 0.6256 0.5150
vn -0.9031 -0.4284 -0.0301
vn 0.6869 0.6968 -0.2063
vn 0.6870 0.6963 -0.2078
vn 0.6871 0.6972 -0.2046
vn -0.9243 -0.3808 -0.0274
vn 0.4861 0.8015 -0.3484
vn 0.5942 0.7845 0.1776
vn 0.4387 0.8902 -0.1229
vn 0.5649 0.6326 0.5299
vn 0.5650 0.6326 0.5297
vn 0.5651 0.6326 0.5297
vn -0.7457 -0.6661 0.0144
vn 0.9619 -0.1919 -0.1947
vn 0.3190 0.4584 0.8295
vn -0.6352 -0.7157 0.2903
vn 0.1719 -0.1166 0.9782
vn -0.9364 -0.0327 -0.3495
vn -0.7272 0.5702 0.3821
vn 0.7593 0.1688 0.6285
vn 0.8748 0.4706 -0.1151
vn -0.4770 -0.5247 0.7051
vn -0.2576 -0.9659 0.0266
vn 0.2740 0.8472 0.4553
vn 0.0837 -0.6834 0.7252
vn 0.8607 0.3519 -0.3680
vn -0.7457 0.5667 0.3504
vn -0.7038 0.6835 -0.1936
vn 0.6363 0.7244 -0.2652
vn -0.6713 0.6249 0.3985
vn 0.5029 0.6828 -0.5299
vn 0.8681 0.3074 -0.3897
vn 0.8776 0.3170 -0.3597
vn 0.7733 0.4084 0.4850
vn -0.1631 -0.8498 0.5012
vn -0.1602 -0.8471 0.5066
vn -0.1587 -0.8460 0.5090
vn -0.4242 0.8535 -0.3028
vn -0.2635 -0.8170 0.5130
vn 0.2835 0.5584 -0.7796
vn -0.8381 -0.4385 0.3247
vn 0.5391 0.5271 0.6570
vn 0.0655 0.3905 -0.9183
vn 0.3899 0.8983 0.2027
vn -0.2817 0.9198 0.2730
vn 0.2644 -0.8881 0.3760
vn 0.9742 -0.0388 0.2222
vn 0.9308 0.2756 -0.2401
vn 0.5327 0.8447 0.0514
vn 0.3832 0.9201 -0.0812
vn 0.6632 0.5923 0.4575
vn 0.6650 0.5920 0.4553
vn 0.6599 0.5942 0.4598
vn 0.6910 0.6236 0.3656
vn -0.0216 0.7579 -0.6520
vn 0.4107 0.7083 -0.5742
vn -0.2050 -0.2799 0.9379
vn 0.8524 0.5203 -0.0515
vn 0.8506 0.5232 -0.0525
vn 0.8529 0.5195 -0.0511
vn 0.8233 0.5674 -0.0150
vn 0.2137 0.0132 -0.9768
vn 0.2137 0.0146 -0.9768
vn 0.2134 0.0216 -0.9767
vn 0.9631 -0.2541 0.0885
vn -0.5163 0.8429 -0.1518
vn 0.8854 0.1948 -0.4221
vn 0.2681 0.1834 0.9458
vn 0.2310 0.4779 -0.8475
vn 0.2355 0.4741 -0.8484
vn 0.2364 0.4744 -0.8480
vn -0.1975 0.9786 0.0583
vn 0.5286 -0.3397 0.7780
vn 0.3425 -0.9210 0.1858
vn 0.5620 0.6482 0.5138
vn 0.2465 0.4737 -0.8454
vn -0.2068 -0.3943 0.8954
vn -0.2862 0.7243 -0.6273
vn -0.3808 -0.2786 0.8817
vn 0.0524 0.6591 0.7502
vn 0.6929 0.7193 -0.0505
vn -0.2058 -0.4500 0.8690
vn 0.6215 0.7736 -0.1235
vn 0.6685 0.6427 0.3744
vn 0.5650 0.7858 -0.2514
vn -0.0793 -0.6946 0.7150
vn 0.7898 0.5835 -0.1888
vn 0.7079 -0.6046 0.3652
vn 0.7893 0.5872 0.1797
vn 0.7887 0.5879 0.1797
vn 0.7939 0.5796 0.1841
vn 0.4701 -0.6365 -0.6114
vn 0.9797 -0.1898 -0.0646
vn 0.2389 -0.4612 -0.8545
vn 0.3814 0.7992 0.4646
vn 0.0046 0.9221 -0.3869
vn 0.8025 0.4395 -0.4035
vn -0.0009 -0.9776 0.2106
vn 0.8361 0.5399 0.0975
vn 0.3631 -0.9124 0.1887
vn -0.1654 0.4876 -0.8573
vn 0.3154 0.9210 0.2287
vn 0.5119 0.8429 -0.1657
vn 0.5120 0.8430 -0.1649
vn 0.5120 0.8431 -0.1645
vn 0.2360 0.2626 0.9356
vn 0.3148 0.8826 0.3491
vn 0.3186 0.8802 0.3517
vn 0.8809 0.4643 -0.0921
vn 0.5367 0.8280 0.1621
vn 0.6752 0.7331 0.0816
vn 0.5943 0.7500 -0.2904
vn 0.6019 0.7441 -0.2900
vn 0.6010 0.7444 -0.2910
vn 0.4353 -0.8730 0.2199
vn 0.4336 -0.8742 0.2186
vn 0.4339 -0.8723 0.2256
vn 0.1119 0.4859 -0.8668
vn 0.1072 0.4886 -0.8659
vn 0.1142 0.4846 -0.8672
vn 0.9803 0.0586 0.1886
vn 0.6985 0.7147 -0.0357
vn 0.6049 0.7744 0.1856
vn 0.6045 0.7746 0.1861
vn 0.6030 0.7742 0.1927
vn 0.6978 0.7011 -0.1470
vn 0.2522 0.7921 0.5558
vn 0.2519 0.7932 0.5545
vn 0.2508 0.7944 0.5531
vn 0.6622 0.7439 -0.0895
vn 0.2258 0.9054 0.3595
vn 0.3047 0.7574 0.5776
vn 0.3051 0.7582 0.5762
vn 0.3049 0.7587 0.5757
vn 0.5445 -0.8188 0.1816
vn 0.5482 -0.8165 0.1809
vn -0.4366 -0.0333 0.8991
vn -0.7082 0.6425 -0.2926
vn 0.1830 0.7611 -0.6223
vn 0.6961 0.6675 0.2643
vn -0.0989 0.5127 -0.8529
vn 0.8651 0.5015 0.0125
vn 0.8996 0.4295 -0.0789
vn 0.8997 0.4293 -0.0788
vn 0.8988 0.4311 -0.0800
vn 0.9464 -0.1932 0.2589
vn -0.7230 -0.2420 0.6471
vn -0.9657 -0.1751 -0.1919
vn -0.9821 -0.1563 -0.1052
vn -0.8163 -0.1694 -0.5523
vn 0.1521 0.8937 0.4222
vn -0.0830 0.7765 0.6246
vn -0.8740 0.3838 0.2981
vn -0.2134 0.9306 0.2972
vn -0.1116 0.6485 0.7530
vn 0.1265 0.6371 0.7603
vn 0.2361 0.6917 0.6825
vn 0.3329 0.7332 0.5930
vn 0.0841 0.7325 0.6755
vn -0.4401 -0.1460 0.8860
vn -0.5044 -0.4743 0.7215
vn 0.3181 0.6945 0.6454
vn -0.3596 -0.4258 0.8303
vn -0.5024 -0.3473 0.7918
vn -0.8750 -0.3330 0.3513
vn -0.9465 -0.3002 0.1186
vn -0.8040 -0.5904 0.0705
vn -0.8272 -0.5223 0.2072
vn -0.0301 0.6706 -0.7412
vn -0.0283 0.6707 -0.7412
vn -0.0284 0.6707 -0.7412
vn 0.1075 0.9627 0.2483
vn 0.7400 0.6677 -0.0810
vn -0.4886 -0.2395 0.8390
vn 0.1811 0.5848 0.7907
vn -0.6361 -0.5204 0.5696
vn -0.5985 -0.3256 0.7320
vn 0.7440 0.5118 0.4295
vn 0.7605 0.5746 0.3025
vn 0.2937 -0.7009 -0.6500
vn 0.3442 0.6849 -0.6422
vn -0.5096 -0.2861 0.8115
vn -0.5129 -0.2833 0.8104
vn -0.5089 -0.2862 0.8119
vn 0.0313 0.3244 0.9454
vn 0.6900 0.7221 0.0489
vn 0.5448 0.7999 0.2517
vn -0.6172 0.5003 0.6072
vn 0.1944 0.7468 0.6360
vn 0.2265 0.8048 0.5485
vn 0.2254 0.8094 0.5423
vn 0.2249 0.8110 0.5402
vn 0.4066 0.7381 0.5384
vn 0.4077 0.7350 0.5418
vn 0.4100 0.7380 0.5360
vn 0.6878 0.7224 0.0706
vn -0.8220 -0.5521 -0.1394
vn -0.1741 0.9064 -0.3848
vn 0.2181 0.8723 -0.4376
vn 0.5660 0.8215 -0.0691
vn 0.4374 0.8940 -0.0978
vn 0.3271 0.8365 -0.4396
vn 0.5983 0.7085 -0.3742
vn 0.1060 0.4935 -0.8632
vn 0.1028 0.4946 -0.8630
vn 0.1075 0.4930 -0.8634
vn 0.4454 0.8616 -0.2432
vn 0.4467 0.8594 -0.2489
vn 0.4457 0.8607 -0.2459
vn 0.4297 0.7167 0.5492
vn 0.3512 0.9014 -0.2530
vn -0.5320 -0.4925 -0.6888
vn 0.6364 0.7587 0.1391
vn 0.2077 0.0850 -0.9745
vn 0.6296 0.7767 0.0167
vn 0.2961 0.5693 -0.7670
vn 0.5487 0.8253 0.1338
vn -0.0128 0.9971 0.0756
vn 0.1677 0.8509 0.4978
vn 0.1678 0.8503 0.4989
vn 0.1683 0.8479 0.5027
vn 0.2244 0.6370 -0.7375
vn 0.4931 0.7976 -0.3474
vn 0.4922 0.7984 -0.3469
vn 0.2614 0.9636 0.0567
vn -0.3050 0.3848 -0.8712
vn 0.5272 0.8489 -0.0385
vn 0.3467 0.9233 0.1653
vn 0.5583 0.8177 0.1402
vn 0.5580 0.8165 0.1483
vn 0.5583 0.8179 0.1390
vn 0.5161 0.8202 -0.2469
vn -0.3223 -0.1664 -0.9319
vn 0.4626 0.8849 -0.0543
vn 0.5089 0.7581 0.4078
vn 0.3734 0.8062 -0.4589
vn 0.1079 0.6685 0.7358
vn 0.6851 0.4218 0.5939
vn 0.6135 0.1034 0.7829
vn 0.5116 0.1771 0.8408
vn 0.7823 0.1954 0.5915
vn 0.5883 0.7827 -0.2029
vn 0.6830 0.3071 0.6627
vn 0.8010 0.3844 0.4590
vn 0.7891 0.5077 0.3456
vn 0.7889 0.5280 0.3144
vn 0.6328 0.3559 0.6876
vn 0.6862 0.0214 0.7271
vn -0.6251 -0.4663 0.6260
vn 0.6039 0.3230 0.7287
vn 0.6721 0.5925 0.4441
vn 0.6895 0.2433 0.6822
vn 0.6374 0.2838 0.7163
vn 0.6387 0.2821 0.7159
vn 0.6341 0.2823 0.7198
vn -0.0777 0.9817 -0.1740
vn 0.8817 0.4085 0.2361
vn 0.7271 0.6857 0.0343
vn 0.8282 0.5186 -0.2125
vn -0.1193 0.7583 -0.6409
vn -0.2462 -0.1208 0.9616
vn -0.2136 -0.5270 -0.8226
vn 0.1419 0.6924 -0.7074
vn -0.1098 -0.9109 -0.3978
vn 0.0335 0.8522 -0.5222
vn 0.3597 0.7538 0.5499
vn 0.0056 -0.9153 -0.4028
vn -0.9807 0.1743 0.0890
vn -0.5305 -0.7870 -0.3148
vn -0.0100 -0.7943 -0.6074
vn -0.0118 -0.7936 -0.6083
vn -0.0119 -0.7933 -0.6088
vn -0.7565 -0.5962 -0.2687
vn -0.0372 0.1244 0.9915
vn -0.8014 0.0963 -0.5904
vn 0.2146 0.9355 -0.2807
vn -0.1228 -0.7926 -0.5972
vn -0.5041 -0.7471 -0.4332
vn 0.2576 0.9255 0.2777
vn -0.2366 -0.8554 -0.4609
vn -0.5070 -0.7339 -0.4520
vn -0.5122 -0.7292 -0.4538
vn -0.5121 -0.7290 -0.4541
vn 0.1836 0.8362 0.5169
vn 0.6993 0.6230 -0.3506
vn 0.8480 0.3945 -0.3538
vn 0.8447 0.4797 0.2376
vn -0.2532 -0.1103 0.9611
vn 0.5314 0.7536 -0.3869
vn 0.5305 0.7549 -0.3856
vn 0.5333 0.7500 -0.3914
vn 0.4216 0.1111 -0.8999
vn 0.0463 0.1243 -0.9912
vn 0.2040 0.9425 -0.2648
vn 0.2930 -0.1273 -0.9476
vn 0.7477 -0.6602 -0.0717
vn 0.4651 -0.0299 -0.8848
vn 0.2039 0.5014 -0.8409
vn -0.0349 0.9570 -0.2880
vn 0.0648 -0.0283 -0.9975
vn -0.1500 0.2046 -0.9673
vn 0.7662 -0.4705 0.4378
vn 0.6214 0.2073 -0.7556
vn -0.4694 -0.5355 0.7021
vn 0.9374 -0.0342 0.3467
vn 0.4214 0.8504 0.3151
vn -0.2783 0.8108 -0.5148
vn 0.9637 0.1476 -0.2225
vn 0.9650 0.1517 -0.2137
vn 0.9653 0.1519 -0.2123
vn 0.6762 -0.4518 0.5819
vn -0.3303 -0.7344 -0.5929
vn -0.2869 -0.9164 0.2791
vn 0.0397 0.0450 -0.9982
vn 0.2731 0.7889 0.5505
vn 0.7961 0.6007 -0.0735
vn 0.3772 0.9024 -0.2084
vn 0.3777 0.9023 -0.2079
vn 0.3726 0.9035 -0.2117
vn -0.2158 -0.5928 0.7759
vn 0.5311 -0.8151 -0.2314
vn -0.2746 -0.4037 0.8727
vn 0.2863 0.9149 -0.2844
vn 0.2164 -0.5385 -0.8143
vn -0.0131 -0.3248 0.9457
vn 0.3781 0.6324 -0.6761
vn -0.2657 -0.3576 0.8953
vn 0.1740 0.9539 0.2446
vn 0.1753 0.9542 0.2424
vn 0.1738 0.9538 0.2452
vn 0.7526 0.6566 -0.0508
vn 0.8526 0.0170 0.5223
vn 0.9596 0.2464 0.1357
vn -0.2572 -0.8644 0.4321
vn -0.2325 -0.8528 0.4677
vn 0.7765 0.6109 0.1545
vn 0.9522 0.2851 0.1097
vn 0.7051 0.6380 0.3094
vn 0.8173 -0.1036 0.5669
vn 0.6186 -0.3574 0.6997
vn 0.9011 0.3030 0.3101
vn 0.9026 0.4146 0.1158
vn -0.9176 0.3779 0.1231
vn 0.7425 -0.4103 0.5295
vn -0.7441 -0.5281 0.4090
vn 0.8928 -0.4074 0.1922
vn -0.6897 -0.6396 0.3395
vn -0.6908 -0.6383 0.3396
vn -0.6889 -0.6407 0.3391
vn -0.0308 0.3003 -0.9533
vn -0.0313 0.3004 -0.9533
vn -0.0309 0.2999 -0.9535
vn 0.6398 0.7648 0.0757
vn -0.0596 -0.3614 0.9305
vn 0.9846 0.0205 0.1736
vn 0.8603 -0.4012 0.3144
vn -0.6878 0.7257 -0.0185
vn 0.9551 0.0825 0.2844
vn 0.9547 0.0842 0.2855
vn 0.9558 0.0801 0.2830
vn 0.3933 0.7412 0.5440
vn 0.0301 0.2600 0.9651
vn 0.9839 -0.0596 0.1685
vn 0.8951 0.1480 0.4205
vn 0.6942 -0.0034 0.7198
vn -0.6148 0.0879 0.7838
vn 0.0700 0.0898 -0.9935
vn 0.6139 0.5488 0.5674
vn -0.0753 0.7660 -0.6384
vn 0.4944 0.8224 0.2815
vn 0.0090 -0.9999 -0.0107
vn 0.8752 0.4825 0.0342
vn -0.2996 0.8751 -0.3800
vn -0.2998 0.8750 -0.3800
vn -0.2980 0.8755 -0.3803
vn 0.5584 0.7944 0.2391
vn 0.3814 0.8758 0.2956
vn 0.8986 -0.4369 -0.0407
vn 0.3960 -0.3886 0.8320
vn 0.8151 -0.0148 0.5791
vn 0.4265 -0.8630 -0.2708
vn -0.7682 0.5920 -0.2437
vn 0.5180 -0.8161 -0.2562
vn -0.4638 -0.8756 0.1347
vn -0.4624 -0.8769 0.1311
vn -0.4619 -0.8771 0.1316
vn -0.7688 0.6267 -0.1271
vn -0.7727 0.6221 -0.1258
vn -0.7741 0.6205 -0.1254
vn -0.1015 -0.8653 -0.4909
vn 0.9760 0.2065 0.0696
vn 0.5141 0.8173 0.2603
vn 0.7556 0.1894 0.6270
vn 0.8242 0.0136 0.5661
vn -0.6244 0.5930 -0.5084
vn 0.9702 -0.0023 -0.2422
vn 0.9850 -0.1401 -0.1004
vn 0.7586 -0.0780 0.6469
vn -0.1214 0.9866 -0.1089
vn 0.6167 -0.2781 -0.7364
vn 0.8337 0.4960 0.2426
vn -0.3466 -0.7687 -0.5376
vn -0.4158 -0.2198 -0.8825
vn -0.4166 -0.4259 -0.8032
vn -0.1503 -0.8693 0.4708
vn -0.4399 -0.3712 -0.8178
vn -0.0456 -0.7656 0.6417
vn 0.8244 0.2885 -0.4870
vn 0.7917 0.3754 -0.4819
vn 0.9552 0.1003 -0.2786
vn 0.5798 -0.8051 -0.1246
vn 0.6195 0.7304 0.2876
vn -0.1465 -0.7546 0.6396
vn 0.6263 0.7704 0.1192
vn -0.8862 -0.3650 -0.2855
vn 0.9276 0.3664 0.0735
vn 0.6553 0.4287 -0.6219
vn 0.8917 0.1034 0.4406
vn 0.9773 -0.0175 -0.2110
vn 0.9771 -0.0176 -0.2119
vn 0.9759 -0.0194 -0.2174
vn 0.2421 0.5984 -0.7638
vn -0.1197 0.7902 0.6011
vn 0.9292 0.1619 -0.3323
vn 0.8867 0.2331 -0.3992
vn 0.8892 0.1329 -0.4377
vn 0.8803 0.0419 -0.4726
vn 0.8648 0.0124 -0.5020
vn -0.5345 -0.7219 -0.4395
vn -0.5353 -0.7210 -0.4400
vn -0.5366 -0.7163 -0.4460
vn -0.0658 -0.7479 0.6605
vn -0.2964 0.9519 0.0784
vn -0.2966 0.9515 0.0818
vn -0.2968 0.9513 0.0838
vn 0.7921 0.4417 -0.4212
vn 0.0736 0.5071 -0.8587
vn 0.0736 0.5067 -0.8590
vn 0.0767 0.5029 -0.8610
vn 0.7500 0.4453 -0.4891
vn -0.9602 0.1654 -0.2251
vn 0.8868 0.2566 -0.3842
vn 0.8873 0.2556 -0.3837
vn 0.8837 0.2626 -0.3875
vn 0.7367 -0.2107 0.6426
vn 0.8495 0.2883 -0.4419
vn 0.8731 0.2958 -0.3875
vn -0.4665 0.1025 -0.8786
vn -0.6558 0.7526 0.0587
vn 0.8071 0.5834 -0.0906
vn 0.9297 0.3314 0.1606
vn 0.9370 0.3347 -0.0997
vn 0.2045 0.0125 -0.9788
vn 0.0463 0.7132 0.6995
vn 0.8758 0.4751 0.0852
vn 0.8770 0.4718 0.0913
vn 0.8757 0.4754 0.0848
vn -0.2140 0.9767 0.0137
vn 0.4862 0.5947 0.6402
vn -0.8105 0.4588 0.3642
vn 0.5649 0.8136 0.1376
vn -0.5423 0.8272 0.1475
vn 0.8605 0.4905 -0.1378
vn -0.3084 -0.6480 -0.6964
vn 0.2896 0.9571 0.0085
vn 0.4239 0.8962 -0.1308
vn -0.2881 0.4855 -0.8254
vn -0.9277 0.3733 -0.0030
vn 0.8832 -0.4630 -0.0751
vn 0.9774 0.0554 -0.2038
vn -0.7021 -0.6706 0.2393
vn 0.7272 -0.6828 -0.0703
vn -0.0180 0.9204 -0.3905
vn 0.8857 0.4635 -0.0264
vn -0.9789 -0.1903 -0.0744
vn 0.3473 0.6329 0.6920
vn -0.2303 -0.0100 0.9731
vn -0.8431 0.2918 -0.4517
vn 0.3781 -0.9160 -0.1341
vn -0.3981 -0.5393 0.7421
vn 0.8610 0.3054 -0.4066
vn -0.4759 0.7822 -0.4021
vn -0.0115 -0.9991 0.0407
vn 0.1282 -0.8040 -0.5807
vn 0.7184 0.6547 -0.2353
vn 0.3918 -0.9014 -0.1844
vn 0.3918 -0.9014 -0.1842
vn 0.4347 -0.1582 -0.8866
vn 0.4358 -0.1597 -0.8857
vn 0.4305 -0.1517 -0.8898
vn 0.2256 0.9721 -0.0638
vn 0.8961 0.0003 -0.4440
vn -0.9592 -0.1705 0.2254
vn -0.9592 -0.1704 0.2255
vn -0.9593 -0.1701 0.2255
vn 0.7506 0.2620 -0.6066
vn -0.9430 0.0889 0.3207
vn 0.8628 -0.1933 0.4671
vn 0.5837 0.7128 0.3888
vn 0.6998 -0.6771 -0.2276
vn 0.6995 -0.6773 -0.2278
vn 0.7002 -0.6751 -0.2325
vn 0.5670 -0.8117 -0.1400
vn 0.7134 -0.6763 -0.1836
vn -0.1295 0.9907 -0.0413
vn 0.6114 -0.7024 -0.3645
vn -0.2844 0.6792 -0.6766
vn 0.8496 0.5160 -0.1088
vn -0.9278 0.3581 -0.1042
vn -0.7953 0.4377 0.4194
vn 0.9336 0.1882 -0.3048
vn 0.0250 0.5948 -0.8035
vn 0.7737 -0.5790 0.2573
vn 0.7706 -0.5158 0.3742
vn 0.3092 0.6208 -0.7204
vn 0.8762 -0.3407 0.3409
vn 0.8763 -0.3385 0.3428
vn 0.8762 -0.3410 0.3406
vn 0.7584 -0.0107 -0.6517
vn 0.7584 -0.0093 -0.6517
vn 0.7586 -0.0094 -0.6514
vn -0.2552 -0.3673 0.8944
vn 0.0816 0.2021 -0.9760
vn 0.7596 0.4883 0.4296
vn 0.5402 0.8240 -0.1706
vn 0.7558 0.4130 -0.5081
vn 0.7557 0.4146 -0.5070
vn 0.7548 0.4206 -0.5034
vn 0.7788 0.5921 -0.2071
vn 0.5547 0.8318 0.0221
vn 0.5226 0.8106 -0.2641
vn -0.7189 -0.3713 0.5876
vn -0.8691 0.2799 -0.4079
vn 0.9086 0.3304 -0.2556
vn 0.0302 0.9738 0.2255
vn 0.7912 0.1647 0.5890
vn 0.7905 0.1634 0.5903
vn 0.7868 0.1584 0.5965
vn 0.7483 0.6192 -0.2380
vn 0.9616 0.2743 -0.0072
vn 0.8603 0.2807 0.4256
vn 0.9611 0.1695 0.2182
vn 0.4533 -0.8670 0.2068
vn 0.3117 -0.7612 -0.5687
vn 0.9344 0.2093 0.2883
vn 0.6805 0.6940 -0.2352
vn 0.7374 0.2528 -0.6264
vn 0.5635 0.7669 -0.3071
vn 0.9398 0.3392 0.0425
vn 0.7761 -0.6067 0.1720
vn 0.2622 0.1306 -0.9561
vn 0.8952 0.3640 -0.2571
vn 0.8956 0.3628 -0.2575
vn 0.8953 0.3595 -0.2632
vn -0.3812 -0.4324 0.8171
vn 0.0846 0.3354 0.9383
vn 0.8059 0.5402 -0.2422
vn 0.7937 0.2128 -0.5698
vn -0.5432 -0.7256 -0.4224
vn 0.2897 -0.8235 0.4879
vn 0.7314 0.5736 -0.3690
vn 0.8609 0.4695 -0.1961
vn 0.4939 -0.5874 -0.6411
vn 0.3809 0.9082 -0.1736
vn -0.0949 0.5436 0.8340
vn 0.3622 0.8851 -0.2923
vn 0.4914 0.8278 -0.2706
vn 0.3484 0.8848 -0.3094
vn 0.4052 0.9097 -0.0910
vn 0.4049 0.9095 -0.0945
vn 0.4053 0.9097 -0.0908
vn 0.8440 0.4181 -0.3359
vn -0.0017 -0.1095 -0.9940
vn 0.7207 0.6448 -0.2547
vn 0.8006 -0.5516 0.2341
vn 0.7996 -0.5536 0.2327
vn 0.5557 0.8308 -0.0323
vn -0.8798 -0.4424 0.1739
vn -0.8829 0.0219 0.4690
vn -0.8759 -0.3665 -0.3139
vn -0.2747 -0.4180 0.8659
vn -0.0749 0.3893 0.9181
vn 0.8796 0.0914 0.4668
vn 0.4320 0.9019 -0.0038
vn 0.4322 0.9018 -0.0040
vn 0.4321 0.9018 -0.0039
vn -0.4321 -0.8868 -0.1640
vn -0.7437 0.6576 0.1202
vn -0.7478 0.6090 0.2645
vn 0.7227 0.4540 -0.5211
vn 0.4976 0.8640 0.0771
vn 0.4976 0.8640 0.0772
vn 0.4975 0.8639 0.0785
vn 0.3688 0.8626 -0.3462
vn 0.4260 0.9047 0.0090
vn 0.8932 0.3725 -0.2518
vn 0.8913 0.3782 -0.2501
vn 0.8904 0.3757 -0.2572
vn 0.2340 0.9122 -0.3364
vn 0.2834 0.9301 -0.2337
vn 0.3502 0.9185 -0.1834
vn 0.9163 0.3053 -0.2592
vn 0.9530 0.2412 -0.1832
vn 0.8114 0.4899 -0.3189
vn 0.8116 0.4897 -0.3186
vn 0.8115 0.4897 -0.3187
vn 0.5471 0.8346 0.0640
vn 0.5498 0.8330 0.0619
vn 0.5482 0.8340 0.0624
vn 0.3726 0.8451 -0.3833
vn 0.3933 0.9085 -0.1412
vn 0.4326 0.8370 -0.3351
vn 0.3992 -0.8868 0.2330
vn 0.3645 -0.8500 0.3803
vn 0.3161 0.8571 -0.4067
vn 0.1059 0.9934 -0.0439
vn 0.2185 0.9755 -0.0272
vn 0.3184 0.8528 -0.4139
vn 0.3180 0.8524 -0.4152
vn 0.3150 0.8520 -0.4182
vn 0.2465 0.8377 -0.4873
vn 0.2425 0.8419 -0.4821
vn 0.2478 0.8362 -0.4892
vn 0.2568 0.8340 -0.4884
vn 0.2549 0.8356 -0.4865
vn 0.2574 0.8336 -0.4888
vn 0.3938 0.8608 -0.3223
vn 0.3958 0.8620 -0.3167
vn 0.3986 0.8596 -0.3198
vn 0.6277 0.7533 0.1964
vn 0.4493 0.8363 -0.3142
vn -0.9792 0.1350 -0.1513
vn 0.9107 0.3981 0.1104
vn 0.8952 -0.0660 -0.4407
vn 0.8964 -0.0672 -0.4381
vn 0.8977 -0.0689 -0.4352
vn 0.3917 0.8607 -0.3253
vn 0.3924 0.8602 -0.3257
vn 0.4689 0.8537 -0.2265
vn 0.9533 0.2906 0.0819
vn 0.3525 0.7935 -0.4962
vn 0.3525 0.7934 -0.4962
vn 0.3524 0.7934 -0.4963
vn 0.8058 0.5116 0.2983
vn 0.9765 0.2146 -0.0177
vn 0.4132 0.8519 -0.3217
vn 0.4144 0.8514 -0.3216
vn 0.4077 0.8551 -0.3203
vn 0.4628 0.8383 -0.2883
vn 0.4166 0.7843 -0.4596
vn 0.4061 0.7909 -0.4578
vn 0.4064 0.7899 -0.4593
vn 0.1914 0.9501 -0.2462
vn 0.2857 0.9020 -0.3236
vn 0.4805 0.7054 -0.5211
vn 0.2840 0.8608 -0.4224
vn 0.9507 -0.2630 0.1642
vn 0.6856 0.6270 0.3698
vn -0.6485 -0.7577 -0.0732
vn -0.9899 0.0218 -0.1400
vn 0.9286 0.2604 -0.2644
vn 0.0760 0.9969 0.0209
vn 0.7600 0.6492 -0.0298
vn 0.1774 0.5041 0.8453
vn 0.6534 0.6276 -0.4233
vn -0.2688 -0.9430 0.1963
vn 0.0158 0.8083 -0.5885
vn -0.2399 0.7638 -0.5993
vn 0.7650 0.4844 -0.4245
vn -0.3479 -0.8598 0.3737
vn -0.3451 -0.8584 0.3794
vn -0.3486 -0.8601 0.3724
vn 0.6819 0.7314 0.0019
vn -0.1894 0.5951 -0.7810
vn -0.6129 0.7145 -0.3376
vn -0.6049 0.7188 -0.3426
vn -0.6041 0.7193 -0.3431
vn 0.7155 -0.2292 0.6599
vn 0.0327 0.9409 0.3371
vn 0.4968 0.7470 0.4417
vn -0.8641 0.4635 -0.1964
vn 0.6694 0.7280 0.1480
vn 0.1069 0.7935 -0.5991
vn 0.7693 0.5954 -0.2316
vn 0.5406 0.8317 0.1267
vn 0.5789 0.7352 -0.3527
vn 0.5292 0.1713 0.8310
vn -0.1225 0.8556 0.5028
vn 0.3344 0.8455 -0.4163
vn 0.4212 0.6959 0.5817
vn 0.4233 -0.1089 -0.8994
vn -0.1737 0.2562 -0.9509
vn 0.4656 -0.5146 -0.7200
vn 0.4941 0.7968 -0.3479
vn -0.7055 -0.6428 -0.2984
vn 0.9362 0.3333 0.1118
vn 0.0676 0.5197 0.8517
vn 0.8315 0.5549 0.0270
vn 0.6397 0.6365 0.4308
vn -0.0167 0.7031 0.7109
vn 0.4966 0.6372 -0.5894
vn 0.8630 0.5026 -0.0514
vn 0.8003 0.5853 0.1303
vn 0.3455 0.9065 0.2428
vn 0.6687 0.5704 0.4769
vn 0.6681 0.5699 0.4783
vn 0.6667 0.5672 0.4835
vn 0.6396 0.6371 -0.4300
vn 0.7461 0.5914 -0.3059
vn 0.7464 0.5918 -0.3044
vn 0.7384 0.6021 -0.3039
vn -0.0964 0.9569 -0.2741
vn 0.8771 0.4677 -0.1089
vn 0.7875 0.5438 -0.2902
vn 0.1263 0.6834 0.7190
vn 0.6947 -0.1056 -0.7115
vn 0.7741 0.3760 -0.5092
vn 0.0302 -0.6106 -0.7914
vn 0.6858 0.6295 0.3654
vn 0.5607 0.3306 0.7592
vn 0.6739 0.5395 0.5048
vn 0.8436 0.5308 -0.0816
vn 0.3517 0.8860 -0.3021
vn 0.3527 0.8854 -0.3029
vn 0.3626 0.8819 -0.3012
vn 0.6677 0.6586 0.3469
vn -0.4578 0.8102 -0.3661
vn 0.6321 0.2302 0.7399
vn 0.0358 0.7605 -0.6483
vn 0.7373 0.6581 -0.1527
vn 0.7366 0.6589 -0.1524
vn 0.7347 0.6618 -0.1489
vn 0.7688 0.5414 -0.3403
vn 0.2062 0.7668 0.6079
vn 0.6709 0.6122 -0.4185
vn 0.9425 0.3004 -0.1462
vn 0.8669 0.4979 -0.0242
vn 0.8669 0.4978 -0.0247
vn 0.8677 0.4966 -0.0225
vn 0.8595 0.4816 -0.1712
vn 0.0495 0.8111 0.5828
vn 0.4375 0.4629 0.7709
vn 0.8991 0.4271 -0.0955
vn 0.8578 0.5102 0.0624
vn 0.9134 0.4049 0.0417
vn 0.9135 0.4047 0.0421
vn 0.9136 0.4042 0.0445
vn 0.3451 0.6215 0.7033
vn 0.8508 0.5219 0.0616
vn 0.8501 0.5232 0.0596
vn 0.8514 0.5217 0.0542
vn 0.8513 0.5243 -0.0187
vn 0.9374 0.3355 -0.0931
vn 0.9067 0.4007 -0.1319
vn 0.8745 0.3545 0.3311
vn 0.9300 0.3352 -0.1506
vn 0.6341 0.4928 -0.5959
vn -0.7156 0.2738 -0.6426
vn -0.7109 0.2764 -0.6467
vn -0.7067 0.2783 -0.6505
vn -0.0866 0.9153 -0.3933
vn 0.9303 0.3369 -0.1448
vn 0.6376 0.5579 -0.5313
vn 0.6372 0.5575 -0.5321
vn 0.6323 0.5601 -0.5352
vn 0.6758 0.6222 -0.3951
vn 0.3864 0.8493 -0.3598
vn 0.5921 0.5517 -0.5874
vn 0.5712 0.6860 0.4508
vn 0.3871 0.4656 -0.7959
vn 0.1145 0.8886 -0.4442
vn 0.5935 0.6280 -0.5034
vn 0.5050 0.6896 -0.5191
vn 0.8190 0.4460 -0.3610
vn 0.4541 0.6426 0.6171
vn 0.4600 0.6454 0.6098
vn 0.4526 0.6423 0.6185
vn 0.5260 0.5445 -0.6533
vn 0.7863 0.5457 0.2896
vn 0.6091 0.5835 -0.5372
vn 0.4835 0.6719 -0.5610
vn 0.2958 0.6389 -0.7102
vn 0.5335 0.7867 -0.3105
vn 0.5549 -0.6819 -0.4767
vn 0.9549 -0.0899 0.2830
vn 0.6260 0.5160 -0.5847
vn 0.0080 0.6983 0.7157
vn 0.7977 0.6011 -0.0485
vn 0.7947 0.6047 -0.0530
vn 0.7969 0.6020 -0.0497
vn 0.3521 0.7477 -0.5630
vn 0.4358 0.5312 -0.7266
vn 0.4342 0.5314 -0.7274
vn 0.4263 0.5326 -0.7312
vn 0.6908 -0.0777 -0.7189
vn -0.6284 0.5113 -0.5863
vn 0.5244 0.6174 -0.5863
vn 0.5247 0.6178 -0.5857
vn 0.5240 0.6142 -0.5900
vn -0.5874 -0.7919 -0.1670
vn -0.2267 0.5091 0.8303
vn -0.2245 0.5055 0.8331
vn -0.2229 0.5029 0.8351
vn 0.6096 0.4723 -0.6367
vn -0.2227 0.6955 -0.6832
vn -0.1244 -0.0144 -0.9921
vn -0.0461 0.7123 0.7004
vn 0.8834 0.2631 -0.3879
vn 0.0734 0.9036 -0.4220
vn 0.0684 0.9062 -0.4173
vn 0.0741 0.9034 -0.4224
vn 0.9283 0.3715 0.0191
vn 0.8354 0.4745 0.2774
vn 0.3195 0.9056 -0.2790
vn 0.5390 0.7623 -0.3582
vn 0.4776 0.7736 -0.4166
vn -0.5142 -0.8179 0.2582
vn 0.3609 0.9019 -0.2375
vn 0.7728 0.4875 -0.4063
vn 0.7262 0.4736 -0.4983
vn 0.8177 -0.5431 0.1910
vn 0.7876 0.5964 -0.1550
vn 0.0354 -0.8461 0.5319
vn 0.9501 0.0126 0.3118
vn 0.9021 -0.2398 -0.3589
vn -0.9218 -0.0710 0.3810
vn 0.8387 0.4522 -0.3034
vn 0.5776 0.5745 0.5799
vn 0.2791 -0.8319 0.4797
vn -0.7862 0.2237 0.5761
vn -0.6156 0.6460 -0.4514
vn 0.0191 0.9222 0.3862
vn -0.0878 0.9252 0.3693
vn -0.9254 0.3700 0.0820
vn 0.6980 -0.3770 0.6088
vn 0.7141 -0.6105 0.3426
vn 0.8151 0.5793 0.0097
vn 0.6467 -0.5538 0.5245
vn 0.6540 0.7565 0.0052
vn 0.6774 0.5178 -0.5225
vn 0.6773 0.5181 -0.5224
vn 0.6776 0.5176 -0.5225
vn 0.7349 -0.4261 0.5275
vn 0.0823 0.9579 -0.2749
vn -0.7001 -0.2623 0.6641
vn 0.3634 -0.9312 0.0294
vn -0.6895 0.0023 -0.7243
vn -0.1555 -0.8406 0.5189
vn 0.1196 -0.8675 0.4828
vn 0.2527 -0.9424 0.2192
vn -0.0654 -0.5512 0.8318
vn -0.2756 -0.1396 -0.9511
vn 0.0086 -0.1981 0.9801
vn 0.0889 -0.4670 0.8798
vn 0.5380 0.8330 0.1289
vn -0.8859 0.4328 -0.1672
vn 0.6102 0.7852 -0.1052
vn 0.8501 -0.1808 0.4946
vn 0.7230 0.5249 -0.4492
vn 0.9269 -0.3324 0.1741
vn 0.1936 -0.1989 0.9607
vn 0.6840 -0.6835 0.2550
vn 0.6055 0.7870 0.1185
vn -0.7014 -0.4337 0.5655
vn 0.4642 -0.6105 -0.6417
vn 0.9396 0.1567 0.3042
vn 0.7097 0.6659 0.2301
vn 0.7125 0.6625 0.2312
vn 0.7098 0.6654 0.2313
vn 0.5834 0.8094 -0.0669
vn 0.0964 0.3857 0.9176
vn 0.6103 0.7076 -0.3563
vn 0.6110 0.7065 -0.3571
vn 0.6143 0.7030 -0.3584
vn 0.7146 0.4573 0.5294
vn 0.0784 0.9915 -0.1041
vn 0.4353 -0.5316 0.7265
vn -0.3282 -0.4268 0.8427
vn -0.9177 0.3869 -0.0900
vn -0.6777 0.6707 -0.3015
vn -0.9830 0.1821 -0.0246
vn 0.8424 0.5359 -0.0558
vn 0.9804 0.1820 0.0749
vn -0.2743 0.6691 -0.6907
vn 0.1020 0.5718 -0.8141
vn 0.6787 0.5608 -0.4743
vn 0.8570 -0.4888 -0.1632
vn 0.9145 -0.3597 -0.1852
vn 0.9205 0.3862 -0.0588
vn 0.9206 0.3860 -0.0595
vn 0.9217 0.3848 -0.0491
vn 0.7811 -0.0802 -0.6192
vn 0.5711 -0.7597 -0.3110
vn 0.3074 0.9338 0.1830
vn -0.0968 0.7240 -0.6830
vn -0.1944 0.8453 -0.4976
vn -0.9275 0.3080 -0.2117
vn -0.7916 0.2277 -0.5670
vn -0.8398 0.4329 -0.3275
vn -0.5701 0.6963 -0.4360
vn -0.5716 0.6955 -0.4355
vn -0.5771 0.6966 -0.4263
vn 0.8656 0.2889 -0.4089
vn 0.8207 0.5503 0.1538
vn 0.9554 -0.2287 0.1871
vn 0.9554 -0.2289 0.1867
vn 0.9543 -0.2289 0.1924
vn -0.4251 -0.7582 0.4943
vn 0.7553 0.5472 -0.3606
vn -0.0325 0.6849 -0.7279
vn -0.1997 0.7828 -0.5894
vn -0.3458 -0.7705 0.5356
vn 0.0783 0.6340 -0.7694
vn -0.6665 0.7455 0.0017
vn 0.3842 -0.8515 0.3568
vn -0.3173 0.8472 -0.4262
vn 0.4268 0.5015 -0.7526
vn -0.6986 0.7154 -0.0131
vn -0.6989 0.7151 -0.0144
vn -0.6988 0.7152 -0.0148
vn 0.4868 -0.1281 0.8641
vn 0.2100 0.9638 -0.1643
vn -0.2316 0.7657 -0.6001
vn 0.9430 0.0155 0.3325
vn 0.1722 -0.8203 0.5454
vn -0.8496 -0.4718 -0.2359
vn -0.9889 0.1389 0.0528
vn -0.9904 0.1266 0.0546
vn -0.9904 0.1268 0.0548
vn -0.9899 0.1150 0.0825
vn -0.9902 0.1085 0.0874
vn -0.9899 0.1147 0.0832
vn 0.3767 0.8400 -0.3905
vn 0.3775 0.8392 -0.3916
vn 0.3788 0.8407 -0.3869
vn -0.7188 -0.6718 0.1791
vn 0.7584 0.5843 -0.2888
vn 0.7582 0.5823 -0.2935
vn 0.7602 0.5794 -0.2939
vn 0.3628 -0.1559 -0.9187
vn -0.2306 -0.9729 -0.0170
vn 0.3828 0.7834 -0.4896
vn -0.3790 0.5483 -0.7455
vn -0.3790 0.5481 -0.7457
vn -0.3798 0.5521 -0.7423
vn -0.3723 -0.9252 -0.0739
vn -0.3999 0.7708 -0.4959
vn 0.0605 0.9713 -0.2300
vn 0.0167 0.1160 -0.9931
vn -0.9474 -0.2937 0.1272
vn -0.9473 -0.2937 0.1275
vn -0.9471 -0.2938 0.1289
vn 0.8205 -0.1378 0.5548
vn 0.5087 0.7817 -0.3607
vn 0.8795 -0.0227 0.4754
vn 0.4915 0.8350 0.2475
vn -0.2431 -0.9699 0.0123
vn 0.3222 0.0751 0.9437
vn -0.4031 0.9111 0.0854
vn 0.5068 -0.3606 0.7831
vn -0.6559 0.2010 0.7276
vn -0.6538 0.2012 0.7295
vn -0.6563 0.2010 0.7273
vn -0.1671 0.1909 0.9673
vn 0.3452 0.9001 -0.2659
vn -0.9276 0.3736 0.0043
vn 0.3071 -0.8629 -0.4013
vn 0.2801 0.0451 -0.9589
vn -0.1814 0.9452 -0.2715
vn 0.3968 -0.7991 -0.4516
vn -0.9203 -0.0315 0.3899
vn 0.3442 -0.4275 0.8359
vn 0.0997 -0.6575 0.7468
vn -0.8826 0.4698 -0.0185
vn -0.9395 0.3242 -0.1108
vn 0.5329 -0.5153 0.6711
vn 0.0707 0.9956 0.0623
vn 0.3175 -0.4724 -0.8222
vn 0.4568 0.7855 -0.4174
vn 0.4707 0.6277 -0.6200
vn -0.5575 0.6530 -0.5127
vn -0.5597 0.6519 -0.5117
vn -0.5576 0.6526 -0.5130
vn -0.9378 0.2389 0.2518
vn 0.3007 0.9133 -0.2746
vn 0.8881 -0.2444 -0.3893
vn 0.8532 -0.4116 -0.3203
vn 0.4060 0.9014 -0.1505
vn 0.4069 0.9009 -0.1508
vn 0.4141 0.8978 -0.1499
vn 0.8305 -0.4791 -0.2841
vn 0.8321 0.0562 0.5517
vn 0.5668 0.8233 0.0307
vn -0.6649 0.7459 0.0399
vn 0.6483 0.7556 -0.0939
vn 0.7889 0.4773 -0.3870
vn 0.7891 0.4781 -0.3856
vn 0.7887 0.4845 -0.3785
vn -0.6389 0.6583 0.3980
vn -0.6274 0.6986 -0.3441
vn -0.6259 0.6997 -0.3444
vn -0.6220 0.7010 -0.3491
vn -0.9566 0.2683 -0.1139
vn -0.9231 0.3680 -0.1114
vn -0.9230 0.3683 -0.1116
vn -0.9213 0.3716 -0.1142
vn -0.9160 0.3795 0.1301
vn -0.9865 0.1451 -0.0753
vn 0.9638 -0.1956 -0.1814
vn -0.9858 -0.0879 -0.1429
vn -0.9903 0.1074 0.0879
vn -0.9708 0.0636 0.2313
vn 0.5737 -0.6632 0.4806
vn 0.9712 0.1903 0.1438
vn -0.6465 0.7370 -0.1971
vn 0.3624 0.0301 -0.9315
vn 0.1674 0.2663 -0.9492
vn -0.6931 0.7060 -0.1456
vn -0.0979 0.4816 -0.8709
vn -0.0280 0.6288 -0.7770
vn -0.5631 0.5663 0.6018
vn -0.4546 0.6231 -0.6365
vn 0.0843 0.9111 -0.4034
vn 0.1331 0.8566 0.4984
vn -0.0908 0.9937 0.0661
vn -0.0974 0.9808 -0.1691
vn -0.2801 0.9462 -0.1620
vn -0.3345 0.9393 0.0763
vn 0.0425 0.9761 -0.2132
vn -0.0392 0.5996 -0.7994
vn -0.3468 0.8874 0.3037
vn -0.0885 0.9506 0.2974
vn 0.0485 0.9875 0.1500
vn 0.3247 0.9372 0.1276
vn 0.1551 0.9676 -0.1991
vn -0.0720 0.8607 0.5041
vn -0.0917 0.9233 0.3730
vn -0.0916 0.9225 0.3749
vn -0.0920 0.9246 0.3696
vn -0.3217 0.8699 0.3740
vn -0.3454 0.8761 0.3365
vn -0.8216 0.4615 0.3347
vn -0.6494 0.7574 0.0684
vn -0.6668 0.6921 -0.2763
vn -0.6671 0.6917 -0.2765
vn -0.6646 0.6949 -0.2746
vn -0.7097 0.4116 0.5717
vn -0.7102 0.4102 0.5722
vn -0.7062 0.4177 0.5717
vn -0.8958 0.4216 0.1405
vn -0.8566 0.4207 0.2987
vn -0.7293 0.6253 0.2776
vn -0.6121 0.6754 0.4114
vn -0.6166 0.5874 0.5242
vn -0.6791 0.5241 0.5140
vn -0.6777 0.5232 0.5167
vn -0.6778 0.5225 0.5173
vn -0.6976 0.5506 0.4585
vn -0.3947 0.6195 0.6785
vn -0.5259 0.7853 0.3265
vn -0.5259 0.7866 0.3235
vn -0.5253 0.7789 0.3427
vn -0.5264 0.7780 0.3430
vn -0.5264 0.7770 0.3452
vn -0.6552 0.6919 0.3032
vn -0.6557 0.6913 0.3036
vn -0.6554 0.6918 0.3031
vn -0.7481 0.5639 0.3499
vn -0.7254 0.6183 0.3027
vn -0.7311 0.6112 0.3033
vn -0.7289 0.6130 0.3050
vn -0.8541 0.4089 0.3214
vn -0.7751 0.6148 0.1455
vn -0.7851 0.5617 0.2610
vn -0.7882 0.5683 0.2362
vn -0.7865 0.5718 0.2332
vn -0.7888 0.5673 0.2366
vn -0.7515 0.5990 0.2765
vn -0.7295 0.6547 0.1981
vn -0.7313 0.6535 0.1955
vn -0.7299 0.6542 0.1981
vn -0.6727 0.6231 0.3990
vn -0.6766 0.6543 0.3379
vn -0.7299 0.6020 0.3238
vn -0.7133 0.6064 0.3514
vn -0.4462 0.5794 0.6820
vn -0.4348 0.8359 0.3349
vn -0.1193 0.1103 -0.9867
vn 0.1117 -0.1792 -0.9775
vn 0.2989 -0.9435 -0.1428
vn 0.0228 -0.7725 -0.6346
vn 0.2762 -0.2058 -0.9388
vn -0.4401 0.5695 0.6943
vn -0.1388 0.4753 -0.8688
vn -0.1306 0.4770 -0.8691
vn -0.1285 0.4777 -0.8691
vn 0.0590 -0.2064 -0.9767
vn 0.0574 -0.1952 -0.9791
vn 0.0574 -0.2009 -0.9779
vn -0.0169 -0.0909 -0.9957
vn -0.1684 0.4598 -0.8719
vn -0.1718 0.4605 -0.8709
vn -0.1726 0.4600 -0.8710
vn -0.2002 -0.0734 -0.9770
vn -0.2143 0.4512 -0.8663
vn -0.2180 0.4495 -0.8663
vn -0.2133 0.4516 -0.8663
vn -0.2477 0.3091 -0.9182
vn -0.2506 0.3023 -0.9197
vn -0.2516 0.2996 -0.9203
vn -0.2360 0.4521 -0.8602
vn 0.3111 -0.2720 0.9106
vn -0.5711 -0.7750 0.2706
vn -0.6356 0.7474 -0.1934
vn -0.6348 0.7470 -0.1974
vn -0.6357 0.7475 -0.1926
vn -0.7280 0.6531 -0.2086
vn -0.6615 0.6286 -0.4090
vn -0.6611 0.6289 -0.4091
vn -0.6611 0.6290 -0.4091
vn -0.6674 0.7190 -0.1939
vn 0.5163 0.3390 0.7865
vn 0.4134 0.3059 0.8576
vn 0.1009 0.5740 0.8126
vn 0.1022 0.5766 0.8106
vn 0.1000 0.5724 0.8138
vn 0.1299 0.6465 0.7518
vn -0.9121 0.4093 -0.0227
vn -0.9111 0.4117 -0.0191
vn -0.9124 0.4086 -0.0230
vn -0.6922 0.4878 -0.5319
vn -0.6916 0.4882 -0.5323
vn -0.6928 0.4869 -0.5320
vn -0.7848 0.5707 -0.2417
vn 0.0399 0.1502 -0.9879
vn -0.0589 0.3358 -0.9401
vn -0.0604 0.3389 -0.9389
vn -0.0634 0.3310 -0.9415
vn -0.7110 0.6178 -0.3359
vn 0.0170 0.5887 -0.8082
vn 0.3421 0.0947 -0.9349
vn 0.3842 -0.0032 -0.9233
vn 0.0159 0.5925 -0.8054
vn -0.0447 0.5204 -0.8528
vn -0.0503 0.5210 -0.8521
vn -0.0476 0.5215 -0.8519
vn -0.0065 0.3826 -0.9239
vn 0.0786 0.2535 -0.9641
vn -0.0436 0.4854 -0.8732
vn -0.1190 0.5016 -0.8569
vn 0.0295 0.7452 -0.6662
vn 0.1706 0.9839 0.0530
vn 0.3370 0.9328 -0.1276
vn 0.2069 0.8408 -0.5002
vn 0.0915 0.8799 -0.4662
vn 0.4769 0.5967 0.6454
vn 0.3277 0.7114 0.6217
vn 0.1802 0.9210 0.3453
vn 0.1639 0.7964 0.5821
vn -0.8223 0.5440 0.1671
vn -0.8420 0.5385 0.0338
vn -0.7231 0.6888 0.0519
vn -0.7544 0.6471 0.1102
vn -0.7668 0.6124 0.1925
vn -0.6039 0.7800 0.1642
vn -0.7832 0.6069 0.1352
vn -0.7254 0.6627 0.1862
vn -0.7266 0.6617 0.1849
vn -0.7270 0.6619 0.1829
vn -0.6873 0.7157 -0.1236
vn -0.4212 0.8484 -0.3206
vn -0.4451 0.8940 -0.0516
vn -0.6367 0.7711 -0.0065
vn -0.8600 0.4618 0.2171
vn -0.7044 0.5056 0.4981
vn -0.7848 0.4356 0.4408
vn -0.8226 0.5419 0.1722
vn -0.8268 0.5607 0.0445
vn -0.8231 0.5660 0.0476
vn -0.8226 0.5672 0.0397
vn -0.8617 0.4942 0.1149
vn -0.8299 0.5555 -0.0514
vn -0.7721 0.6335 -0.0512
vn 0.0195 0.8433 0.5370
vn 0.5390 0.5436 0.6435
vn -0.2080 0.4117 0.8873
vn -0.3261 0.7244 0.6074
vn 0.4958 0.0143 0.8683
vn 0.5062 -0.1534 0.8487
vn -0.7720 0.6136 0.1659
vn -0.2979 0.4614 0.8357
vn 0.4839 -0.1748 0.8575
vn 0.4839 -0.1691 0.8586
vn 0.4840 -0.1757 0.8572
vn 0.4276 0.0972 0.8987
vn -0.5523 0.8319 0.0543
vn -0.6942 0.7179 -0.0519
vn 0.0745 0.5825 0.8094
vn -0.1328 0.3203 0.9380
vn -0.4152 0.4104 0.8119
vn -0.4261 0.4166 0.8030
vn 0.1218 0.5487 0.8271
vn -0.0928 0.6302 0.7709
vn -0.1539 0.3216 0.9343
vn -0.2677 0.3499 0.8977
vn -0.2667 0.3483 0.8986
vn -0.2671 0.3505 0.8977
vn -0.2368 0.3707 0.8980
vn -0.0341 0.2937 0.9553
vn -0.4248 -0.8982 -0.1128
vn 0.3462 -0.1954 0.9176
vn 0.4493 -0.1361 0.8829
vn 0.4484 -0.1268 0.8848
vn 0.4500 -0.1380 0.8823
vn -0.0213 0.4010 0.9158
vn -0.0240 0.3992 0.9165
vn -0.0202 0.4018 0.9155
vn -0.0452 0.3765 0.9253
vn -0.0488 0.3754 0.9256
vn -0.0445 0.3767 0.9253
vn -0.5859 -0.7089 -0.3926
vn -0.5974 -0.7529 0.2762
vn -0.3256 0.3626 0.8732
vn -0.3251 0.3624 0.8735
vn -0.3245 0.3619 0.8739
vn -0.1216 0.5218 0.8444
vn -0.3200 0.6433 0.6955
vn -0.4833 0.3110 0.8184
vn 0.0822 0.9957 0.0423
vn 0.2589 0.9653 -0.0343
vn -0.1144 0.7165 0.6881
vn 0.3359 0.9409 0.0440
vn 0.2768 0.9390 0.2039
vn 0.0927 0.7056 0.7026
vn -0.0272 0.2419 0.9699
vn -0.0732 0.9891 0.1275
vn 0.4371 0.8389 -0.3243
vn 0.3689 0.9033 -0.2191
vn 0.0947 0.8985 -0.4286
vn 0.0845 0.8880 -0.4521
vn 0.0459 0.6011 -0.7979
vn 0.0844 0.9331 -0.3495
vn 0.0914 0.9933 0.0701
vn -0.0807 0.3824 -0.9205
vn -0.1472 0.5709 -0.8077
vn -0.1178 0.8196 -0.5608
vn 0.1999 0.9239 0.3264
vn -0.5581 0.4130 0.7197
vn -0.1589 0.4391 -0.8843
vn -0.1348 0.8624 -0.4880
vn -0.2463 0.5388 -0.8056
vn -0.3737 0.5311 -0.7604
vn -0.2801 0.4571 -0.8442
vn -0.2562 0.3228 -0.9111
vn 0.0756 0.9809 -0.1793
vn 0.2495 0.8938 -0.3725
vn 0.2987 0.9160 -0.2678
vn 0.2957 0.8878 -0.3528
vn 0.5421 0.7627 -0.3528
vn 0.4734 0.8610 -0.1861
vn 0.4744 0.8620 -0.1786
vn 0.4745 0.8623 -0.1769
vn -0.0059 0.9737 -0.2279
vn -0.0071 0.9711 -0.2387
vn -0.0077 0.9714 -0.2374
vn 0.0499 0.9794 -0.1954
vn 0.0443 0.9801 -0.1936
vn 0.0417 0.9799 -0.1951
vn 0.2323 0.9700 -0.0714
vn -0.1744 0.9826 -0.0631
vn 0.0264 0.9380 0.3456
vn 0.0272 0.9371 0.3479
vn 0.0237 0.9410 0.3376
vn 0.0239 0.9410 0.3375
vn 0.0239 0.9411 0.3372
vn -0.0834 0.9132 -0.3990
vn -0.0824 0.9125 -0.4006
vn -0.0830 0.9126 -0.4004
vn 0.0970 0.9943 0.0434
vn 0.0616 0.9852 -0.1600
vn -0.0505 0.9278 -0.3698
vn -0.2072 0.7693 0.6043
vn -0.2540 0.8757 0.4106
vn -0.2241 0.9517 0.2099
vn -0.1777 0.9391 0.2941
vn -0.6065 0.7682 -0.2051
vn -0.6063 0.7694 -0.2011
vn -0.6063 0.7696 -0.2002
vn 0.0615 0.6212 -0.7813
vn -0.7462 0.6597 0.0888
vn -0.6971 0.7085 -0.1098
vn -0.6507 0.7576 -0.0510
vn -0.6987 0.7051 0.1208
vn -0.6904 0.6944 0.2029
vn -0.6548 0.7558 -0.0007
vn -0.5794 0.8116 0.0747
vn -0.6509 0.6959 0.3034
vn -0.4490 0.7359 0.5068
vn -0.4472 0.7348 0.5100
vn -0.4465 0.7345 0.5111
vn -0.3584 0.8156 0.4543
vn -0.6871 0.7154 0.1267
vn -0.6811 0.7203 0.1313
vn -0.6872 0.7153 0.1266
vn -0.5938 0.7942 0.1292
vn -0.5970 0.7606 0.2550
vn -0.6816 0.7162 0.1500
vn -0.6788 0.7184 0.1519
vn -0.6758 0.7209 0.1538
vn -0.2123 0.9767 0.0302
vn -0.6406 0.7556 0.1368
vn -0.5854 0.6246 0.5168
vn -0.1118 0.9769 0.1821
vn -0.2792 0.9443 -0.1742
vn -0.4628 0.8037 -0.3740
vn -0.5190 0.7718 -0.3673
vn -0.0361 0.9232 -0.3827
vn 0.0335 0.9500 0.3104
vn -0.1091 0.9939 0.0133
vn -0.2141 0.9168 -0.3371
vn -0.2127 0.9494 -0.2312
vn -0.4557 0.6019 -0.6558
vn 0.0081 0.9537 -0.3006
vn -0.6178 -0.7078 0.3426
vn -0.5782 -0.7802 0.2387
vn -0.4880 0.7713 0.4086
vn -0.4859 0.7741 0.4058
vn -0.4899 0.7687 0.4112
vn -0.7215 0.6922 -0.0180
vn -0.6461 0.7599 0.0711
vn -0.5994 0.7052 0.3787
vn -0.5943 0.6940 0.4063
vn -0.5957 0.7183 0.3593
vn -0.5956 0.7188 0.3587
vn -0.5950 0.7176 0.3619
vn -0.5559 0.7770 0.2955
vn -0.6054 0.7085 0.3627
vn -0.6391 0.6334 0.4363
vn -0.6439 0.6308 0.4330
vn -0.6382 0.6383 0.4304
vn -0.7421 0.6298 0.2293
vn -0.6283 0.6762 0.3847
vn -0.6291 0.6760 0.3838
vn -0.6282 0.6732 0.3901
vn -0.6421 0.6337 0.4315
vn -0.6351 0.6358 0.4386
vn -0.3362 0.4662 0.8183
vn -0.3306 0.5521 0.7654
vn -0.0707 0.6205 0.7810
vn -0.0723 0.6400 0.7650
vn -0.4002 0.5530 0.7308
vn -0.4020 0.6406 0.6542
vn 0.3199 0.8830 -0.3434
vn 0.3659 0.8652 -0.3429
vn 0.1621 0.9617 -0.2210
vn 0.1694 0.8977 -0.4067
vn 0.4001 0.9122 -0.0879
vn -0.5935 -0.4929 -0.6362
vn -0.5935 -0.4930 -0.6362
vn -0.3228 0.8238 -0.4660
vn -0.5575 0.6877 -0.4650
vn -0.3804 0.9086 0.1725
vn -0.4829 0.8329 0.2705
vn -0.4868 0.8322 0.2654
vn -0.4884 0.8320 0.2632
vn -0.5363 0.8265 0.1711
vn -0.7093 0.7047 -0.0159
vn -0.7091 0.7050 -0.0127
vn -0.7094 0.7046 -0.0176
vn -0.5744 0.7609 0.3019
vn -0.6068 0.7020 0.3729
vn -0.7873 0.6161 0.0230
vn -0.6559 0.6454 0.3914
vn -0.8294 0.5227 0.1973
vn -0.8204 0.5701 0.0440
vn -0.8218 0.5683 0.0407
vn 0.0384 0.8747 0.4832
vn -0.1123 0.9470 0.3010
vn 0.1502 0.9417 0.3012
vn 0.0460 0.7483 0.6618
vn 0.0106 0.6893 0.7244
vn 0.0116 0.6873 0.7263
vn 0.0001 0.6912 0.7227
vn -0.6131 -0.7395 -0.2778
vn -0.6679 0.6305 -0.3955
vn -0.6685 0.6306 -0.3942
vn -0.6683 0.6308 -0.3943
vn -0.4748 0.7563 0.4501
vn -0.2373 0.7515 0.6156
vn -0.0891 0.7854 0.6125
vn -0.0899 0.7814 0.6175
vn -0.0893 0.7853 0.6127
vn -0.2602 0.8646 0.4299
vn -0.5753 0.6634 0.4784
vn -0.6368 0.6349 0.4374
vn -0.6149 0.6784 0.4021
vn -0.5498 0.7252 0.4145
vn -0.6469 0.6153 0.4505
vn -0.6216 0.6524 0.4336
vn -0.6386 0.6463 0.4177
vn 0.4439 0.8961 0.0019
vn -0.6228 0.7384 0.2587
vn 0.7877 0.1566 0.5958
vn 0.8987 0.2658 -0.3489
vn -0.0218 0.6703 -0.7418
vn -0.0223 0.6703 -0.7417
vn -0.0216 0.6702 -0.7419
vn -0.8448 -0.4383 -0.3070
vn -0.2997 -0.7851 0.5420
vn 0.9865 -0.1477 -0.0712
vn -0.2458 0.9591 0.1402
vn 0.2825 -0.9513 -0.1232
vn -0.9581 -0.2791 0.0650
vn -0.9820 0.1882 -0.0170
vn -0.9822 0.1869 -0.0168
vn -0.9810 0.1934 -0.0136
vn 0.8842 0.4670 0.0140
vn -0.9185 -0.2188 0.3293
vn 0.7362 -0.3397 -0.5854
vn -0.6253 -0.7552 -0.1965
vn 0.4709 -0.7980 -0.3760
vn 0.4585 0.7924 0.4023
vn -0.6214 0.7706 0.1416
vn -0.6252 0.7684 0.1366
vn -0.6203 0.7712 0.1430
vn 0.9545 -0.0904 -0.2841
vn 0.4508 -0.8796 0.1519
vn -0.2232 -0.5553 0.8011
vn 0.4207 0.8938 0.1555
vn -0.7886 -0.1356 0.5997
vn 0.2990 -0.9045 -0.3041
vn -0.4308 0.6154 -0.6601
vn -0.8975 -0.1974 -0.3943
vn -0.6112 0.6162 -0.4967
vn 0.3514 0.2937 0.8890
vn 0.3197 0.5517 0.7704
vn 0.7577 0.2451 0.6049
vn 0.6164 -0.2973 0.7292
vn 0.5364 0.3121 -0.7841
vn -0.4027 0.7944 -0.4546
vn -0.4224 -0.5263 0.7380
vn -0.8037 0.4812 0.3501
vn 0.1643 0.7741 0.6113
vn 0.7051 0.4865 0.5158
vn 0.7590 0.3946 0.5179
vn 0.3166 0.6420 0.6983
vn -0.9356 0.1758 -0.3061
vn -0.9317 0.1128 -0.3454
vn 0.6294 -0.7767 0.0234
vn -0.9408 0.2250 0.2537
vn -0.9408 0.2251 0.2535
vn -0.9404 0.2261 0.2539
vn 0.5384 -0.8423 -0.0266
vn 0.5323 -0.8462 -0.0245
vn 0.5406 -0.8409 -0.0273
vn 0.4310 -0.3915 0.8130
vn 0.6344 -0.5214 -0.5707
vn 0.6326 -0.5239 -0.5704
vn 0.6306 -0.5268 -0.5699
vn 0.1383 -0.8244 0.5489
vn -0.8545 -0.4862 -0.1831
vn 0.3869 0.8024 0.4544
vn -0.7415 0.6015 0.2972
vn -0.9457 0.3066 0.1081
vn 0.5869 -0.7974 0.1405
vn 0.6251 -0.7408 0.2461
vn 0.7549 -0.6416 0.1356
vn 0.6655 -0.7356 0.1265
vn 0.6601 -0.7409 0.1237
vn 0.6591 -0.7419 0.1227
vn -0.1886 0.6457 -0.7399
vn -0.5547 0.6246 -0.5498
vn -0.5775 0.7060 -0.4100
vn -0.0278 0.7788 -0.6267
vn 0.6132 0.6669 -0.4234
vn 0.9081 -0.3345 0.2518
vn 0.5339 -0.5984 0.5974
vn 0.2965 -0.6995 0.6502
vn 0.2971 -0.7008 0.6485
vn 0.2964 -0.6995 0.6503
vn 0.4777 -0.3338 0.8126
vn -0.0983 -0.6340 0.7671
vn 0.2127 -0.1195 -0.9698
vn 0.2563 -0.9275 -0.2721
vn -0.6783 0.6056 -0.4162
vn 0.3044 -0.7467 0.5914
vn -0.6734 0.7372 0.0561
vn -0.0607 -0.9732 -0.2217
vn -0.9969 0.0386 -0.0690
vn -0.9975 0.0306 -0.0637
vn -0.9976 0.0291 -0.0624
vn 0.7763 0.5541 -0.3007
vn -0.6077 -0.7715 0.1886
vn -0.6111 -0.7696 0.1850
vn -0.6125 -0.7688 0.1838
vn -0.9145 0.3912 0.1030
vn -0.9184 -0.0695 0.3895
vn 0.1390 -0.9194 0.3678
vn -0.0043 -0.0803 -0.9968
vn -0.2792 -0.8804 0.3832
vn -0.0388 -0.9836 0.1760
vn -0.3665 0.8559 -0.3648
vn 0.4149 -0.8892 0.1930
vn 0.3453 0.9339 0.0925
vn -0.0078 -0.6643 0.7474
vn -0.3671 -0.9279 0.0651
vn 0.1767 0.0064 -0.9843
vn -0.9784 0.1857 -0.0908
vn -0.6759 -0.7260 -0.1268
vn 0.7770 0.2755 -0.5660
vn -0.9040 -0.2113 0.3718
vn 0.1260 0.4846 -0.8656
vn 0.1226 0.4848 -0.8660
vn 0.1273 0.4846 -0.8654
vn 0.4765 0.0404 0.8782
vn -0.8353 0.5498 -0.0047
vn -0.7472 0.6493 -0.1417
vn -0.6465 0.6572 0.3875
vn -0.3677 0.9111 -0.1863
vn -0.0189 0.4040 -0.9146
vn -0.0192 0.4034 -0.9148
vn -0.0222 0.4089 -0.9123
vn 0.8291 -0.1816 0.5287
vn 0.3656 0.0150 -0.9307
vn 0.8648 0.4612 -0.1984
vn 0.8651 0.4608 -0.1982
vn 0.8652 0.4607 -0.1979
vn 0.6607 -0.7438 -0.1011
vn 0.6603 -0.7442 -0.1011
vn 0.6608 -0.7437 -0.1010
vn 0.9472 -0.2124 0.2400
vn 0.8781 0.4758 -0.0510
vn -0.4435 -0.1613 -0.8816
vn -0.7848 0.5630 -0.2592
vn 0.6416 0.6904 -0.3342
vn 0.6422 0.6903 -0.3331
vn 0.6431 0.6931 -0.3258
vn -0.6043 -0.6389 0.4760
vn -0.1692 -0.9508 0.2595
vn -0.9253 0.3789 -0.0172
vn 0.8483 0.4947 -0.1885
vn 0.4195 0.7550 0.5039
vn 0.0885 -0.9505 0.2978
vn 0.3205 -0.9470 0.0236
vn 0.3020 -0.9533 -0.0088
vn 0.2643 -0.9643 0.0178
vn 0.4372 -0.6966 0.5689
vn 0.2545 -0.4845 0.8370
vn 0.3309 -0.2812 0.9008
vn 0.5305 -0.3605 0.7672
vn -0.0891 0.4825 0.8714
vn -0.4906 -0.8391 0.2351
vn -0.9859 -0.1669 -0.0096
vn 0.4466 -0.8406 0.3065
vn -0.0329 -0.8863 0.4620
vn -0.0843 -0.9767 0.1972
vn -0.2224 -0.8768 0.4264
vn -0.2292 -0.8778 0.4207
vn -0.2261 -0.8782 0.4215
vn -0.7467 -0.4631 0.4774
vn -0.7463 -0.4633 0.4779
vn -0.7438 -0.4684 0.4768
vn 0.5009 -0.7285 0.4673
vn -0.2246 -0.8751 0.4287
vn 0.3913 0.9197 -0.0332
vn 0.5379 0.7129 0.4499
vn 0.8219 0.2281 0.5220
vn -0.7061 0.6215 -0.3394
vn 0.8855 0.3447 -0.3114
vn -0.5484 -0.7091 -0.4432
vn 0.2258 0.7152 -0.6615
vn 0.4813 0.8331 0.2725
vn 0.5730 0.8184 -0.0441
vn 0.8545 0.5163 -0.0572
vn 0.3086 0.9508 0.0276
vn -0.1546 0.8916 -0.4256
vn -0.8022 0.5560 0.2177
vn -0.8033 0.5547 0.2169
vn -0.8017 0.5570 0.2169
vn -0.8208 0.5675 -0.0645
vn -0.3787 -0.8593 0.3437
vn -0.3783 -0.8594 0.3441
vn -0.3790 -0.8591 0.3439
vn 0.0878 0.6650 -0.7417
vn 0.9325 0.3202 -0.1673
vn -0.6848 0.6753 0.2741
vn 0.1275 -0.9374 0.3240
vn -0.3627 0.7347 -0.5732
vn -0.5574 0.6523 -0.5136
vn -0.7578 0.5909 -0.2768
vn -0.8536 0.4655 -0.2340
vn -0.9467 0.2041 -0.2492
vn -0.8284 0.3786 -0.4127
vn -0.9690 -0.1977 0.1481
vn -0.9691 -0.1982 0.1466
vn -0.9691 -0.1983 0.1465
vn 0.7624 -0.5939 0.2569
vn 0.7636 -0.5909 0.2604
vn 0.7619 -0.5936 0.2590
vn -0.4942 0.7767 -0.3905
vn -0.6562 -0.4693 0.5909
vn 0.3258 -0.9419 -0.0820
vn 0.1940 0.9381 -0.2868
vn -0.2081 0.9638 -0.1666
vn 0.0694 0.9143 -0.3990
vn -0.6755 -0.6339 0.3766
vn -0.1411 0.9721 -0.1875
vn 0.2488 0.7729 -0.5838
vn 0.9713 0.2377 -0.0065
vn 0.6222 0.2427 0.7443
vn 0.1808 0.8845 0.4301
vn -0.6949 0.5762 -0.4302
vn 0.0845 0.6232 -0.7775
vn 0.0794 0.6213 -0.7795
vn 0.0767 0.6235 -0.7781
vn -0.0148 0.7977 -0.6029
vn -0.2609 0.7657 -0.5879
vn -0.0959 0.6578 -0.7470
vn -0.2443 0.9149 -0.3214
vn 0.0845 0.9761 -0.2005
vn -0.1526 0.9876 0.0364
vn -0.5699 0.8153 -0.1023
vn -0.8235 0.3394 -0.4546
vn -0.0578 -0.7057 0.7062
vn 0.6452 0.4511 0.6166
vn -0.8708 0.1035 0.4807
vn -0.7672 0.3012 0.5662
vn -0.5529 0.0716 0.8302
vn -0.7765 -0.0584 0.6274
vn 0.2806 -0.9556 0.0899
vn -0.2943 -0.6916 -0.6596
vn 0.9809 0.1776 0.0788
vn 0.5210 0.8461 0.1124
vn -0.9462 0.0494 -0.3198
vn -0.6173 -0.7848 0.0559
vn 0.4410 -0.7171 0.5397
vn 0.0994 0.5571 -0.8245
vn 0.5479 0.7577 0.3546
vn 0.4894 0.8537 -0.1781
vn 0.4894 0.8535 -0.1787
vn 0.4970 0.8473 -0.1872
vn -0.9154 0.3663 -0.1667
vn -0.7833 0.6122 -0.1075
vn -0.8158 0.4721 -0.3339
vn 0.7072 0.6999 0.1006
vn -0.9054 0.3757 0.1980
vn 0.2929 -0.9242 0.2450
vn 0.2942 -0.9242 0.2433
vn 0.2967 -0.9233 0.2439
vn 0.0846 0.7226 -0.6860
vn 0.1742 0.8937 -0.4134
vn 0.1793 0.8907 -0.4177
vn 0.1742 0.8938 -0.4133
vn -0.9402 0.0348 0.3389
vn -0.6683 0.7393 -0.0821
vn -0.6388 0.7541 0.1528
vn -0.4917 0.8190 0.2958
vn -0.6416 0.6795 0.3559
vn -0.6558 0.7452 0.1208
vn -0.6577 0.7429 0.1246
vn -0.6588 0.7421 0.1237
vn 0.8981 -0.1433 0.4158
vn -0.9815 0.1912 -0.0111
vn 0.0091 -0.9103 -0.4139
vn -0.7076 -0.1837 0.6823
vn -0.7116 -0.1801 0.6791
vn -0.7134 -0.1783 0.6777
vn 0.9516 0.2769 0.1331
vn 0.9143 -0.3891 -0.1125
vn -0.9609 -0.2317 0.1518
vn 0.2882 0.3365 -0.8965
vn 0.2644 -0.6693 0.6943
vn -0.0804 -0.7505 -0.6560
vn 0.4943 0.7194 0.4881
vn 0.9365 0.3158 0.1522
vn 0.3981 -0.7124 0.5780
vn 0.3958 -0.7107 0.5815
vn 0.3941 -0.7164 0.5758
vn 0.6227 0.7715 0.1305
vn 0.1683 0.8755 0.4530
vn -0.0747 0.9968 0.0268
vn -0.8972 -0.2241 0.3806
vn -0.6437 0.7001 0.3091
vn -0.7233 0.6804 0.1180
vn -0.1543 -0.8794 0.4504
vn -0.9455 0.0889 0.3133
vn -0.6258 -0.7631 -0.1615
vn -0.2898 -0.9356 0.2017
vn 0.2142 0.9677 -0.1329
vn 0.3715 -0.8467 0.3808
vn -0.8374 0.5419 -0.0717
vn 0.9838 0.1790 0.0123
vn -0.5559 -0.6197 0.5541
vn -0.6261 -0.2798 0.7278
vn -0.9354 0.2415 -0.2582
vn -0.1815 -0.9824 0.0443
vn -0.6771 -0.2230 -0.7012
vn 0.4367 0.8770 -0.2005
vn -0.6084 0.5258 0.5944
vn -0.9410 -0.1010 -0.3230
vn -0.4506 0.7204 -0.5273
vn 0.4901 0.7183 0.4937
vn -0.0801 0.2607 -0.9621
vn -0.7910 0.5865 -0.1741
vn 0.9913 0.0809 -0.1034
vn -0.5203 0.1208 -0.8454
vn 0.1864 0.8704 0.4558
vn -0.6159 -0.4740 -0.6292
vn -0.9903 -0.1387 0.0118
vn -0.9856 0.0283 -0.1665
vn -0.4376 -0.7181 0.5411
vn -0.7573 -0.6497 0.0660
vn -0.7312 0.6453 -0.2214
vn 0.2802 0.8562 0.4341
vn -0.9747 0.2143 0.0636
vn 0.5147 0.8536 -0.0799
vn -0.2777 0.0981 -0.9556
vn -0.6043 -0.7961 -0.0314
vn -0.7768 0.4817 0.4055
vn 0.0159 0.5732 -0.8193
vn 0.1955 0.4054 -0.8930
vn -0.3650 0.2324 -0.9015
vn -0.5542 0.8063 -0.2068
vn -0.8595 -0.3787 0.3433
vn -0.8588 -0.3806 0.3428
vn -0.8582 -0.3870 0.3373
vn -0.9900 0.1070 0.0918
vn -0.7830 0.5562 -0.2786
vn -0.8579 0.4560 -0.2368
vn -0.9690 0.2428 -0.0453
vn -0.8769 0.2548 0.4076
vn -0.6640 0.7394 0.1119
vn -0.8877 0.4549 -0.0709
vn 0.6997 0.6797 0.2198
vn -0.3743 -0.9190 0.1237
vn -0.4047 -0.8828 0.2384
vn -0.4089 0.7869 0.4622
vn 0.8693 -0.1685 0.4647
vn 0.3875 -0.6304 -0.6726
vn 0.0339 0.7944 -0.6064
vn -0.6736 -0.7380 0.0398
vn -0.9770 -0.1890 -0.0989
vn 0.0630 0.7920 0.6073
vn -0.9900 0.1290 0.0563
vn -0.2709 0.7892 -0.5511
vn 0.7568 0.6496 -0.0730
vn 0.7591 0.6468 -0.0736
vn 0.7570 0.6493 -0.0731
vn -0.9951 -0.0225 0.0963
vn -0.4457 -0.8946 0.0310
vn -0.3846 -0.9230 -0.0094
vn -0.5206 0.8024 -0.2916
vn -0.5207 0.8023 -0.2917
vn -0.5205 0.8026 -0.2916
vn 0.4173 0.8969 -0.1461
vn -0.1033 -0.6500 0.7529
vn -0.4444 -0.8780 -0.1778
vn -0.4208 0.9045 -0.0695
vn -0.5935 0.2845 0.7528
vn -0.6772 0.6742 -0.2948
vn -0.9074 0.4099 -0.0927
vn -0.9935 0.0725 0.0873
vn -0.6035 0.5415 0.5853
vn -0.1077 0.3180 0.9420
vn 0.0142 0.9891 -0.1464
vn -0.9625 0.1686 -0.2124
vn -0.9625 0.1688 -0.2125
vn -0.9625 0.1691 -0.2121
vn 0.9822 0.1853 0.0304
vn 0.8721 -0.4702 -0.1354
vn -0.5476 0.2908 -0.7846
vn -0.8402 0.2035 -0.5026
vn -0.3829 -0.9140 0.1344
vn -0.3062 -0.9267 0.2178
vn -0.2597 -0.9601 0.1038
vn -0.1062 -0.9701 0.2184
vn -0.1042 -0.9706 0.2171
vn -0.1065 -0.9700 0.2185
vn 0.6191 0.1636 -0.7681
vn 0.6664 0.4158 0.6189
vn 0.1509 0.7982 0.5832
vn -0.0200 0.9699 0.2427
vn 0.7180 0.5505 -0.4259
vn 0.1544 -0.9091 0.3868
vn -0.7252 -0.6878 0.0311
vn -0.0256 0.9763 -0.2149
vn -0.3330 -0.9390 0.0861
vn -0.1722 -0.9803 0.0969
vn -0.5068 -0.8615 0.0302
vn -0.4624 -0.8810 0.1001
vn -0.2651 -0.9641 0.0179
vn 0.9385 0.3375 0.0734
vn -0.6715 -0.7102 0.2115
vn -0.4392 0.8002 -0.4083
vn -0.7147 -0.5870 -0.3802
vn -0.7148 -0.5876 -0.3792
vn -0.7160 -0.5859 -0.3796
vn 0.6908 -0.4302 0.5811
vn 0.3159 -0.9164 0.2457
vn 0.0303 -0.9646 0.2621
vn 0.4632 0.5038 0.7291
vn -0.9424 0.1935 0.2730
vn -0.6879 0.1817 -0.7027
vn -0.5735 0.2930 -0.7650
vn -0.2808 0.5280 -0.8015
vn -0.4786 0.2066 -0.8534
vn -0.1991 0.5037 -0.8406
vn -0.5765 0.1366 -0.8056
vn -0.4120 -0.0264 -0.9108
vn -0.0421 0.4052 -0.9133
vn 0.8455 0.0693 -0.5295
vn 0.0342 0.5109 -0.8590
vn -0.1276 0.3832 -0.9148
vn -0.4608 0.2125 -0.8617
vn -0.2252 0.5377 -0.8125
vn 0.8863 0.4513 -0.1037
vn 0.4627 -0.2870 -0.8388
vn -0.1061 0.9932 -0.0472
vn 0.0259 0.5061 -0.8621
vn 0.0220 0.5085 -0.8608
vn 0.0216 0.5085 -0.8608
vn -0.1169 -0.0804 0.9899
vn 0.7580 0.6487 -0.0671
vn -0.9505 0.0817 0.2999
vn -0.9519 0.0861 0.2942
vn -0.9524 0.0879 0.2917
vn 0.8992 0.4251 0.1037
vn -0.4757 0.7907 0.3854
vn -0.4725 0.7926 0.3854
vn -0.4716 0.7931 0.3855
vn -0.7958 0.4128 0.4431
vn -0.0461 0.9957 0.0806
vn -0.9872 0.1118 0.1136
vn -0.8433 0.4955 0.2082
vn -0.8240 0.5630 0.0633
vn -0.6657 0.7449 -0.0433
vn 0.7379 -0.5256 0.4235
vn 0.8843 0.4010 0.2390
vn -0.9879 0.1351 -0.0764
vn -0.9376 0.3272 -0.1176
vn -0.9362 0.3106 -0.1644
vn 0.7235 -0.6130 0.3174
vn 0.7228 -0.6149 0.3154
vn 0.7236 -0.6128 0.3177
vn -0.7527 0.6458 0.1280
vn -0.6705 0.7364 0.0904
vn -0.8079 0.5873 0.0479
vn 0.0111 0.9999 -0.0129
vn 0.4123 0.0527 -0.9095
vn -0.7662 0.5862 -0.2631
vn -0.7636 0.5907 -0.2608
vn -0.7644 0.5899 -0.2601
vn 0.9730 -0.2263 -0.0450
vn 0.9472 -0.2992 -0.1151
vn 0.8543 -0.5185 -0.0370
vn 0.8804 -0.4728 -0.0371
vn -0.6930 0.6761 0.2503
vn -0.6952 0.6751 0.2466
vn -0.6916 0.6747 0.2580
vn -0.5530 0.7918 -0.2592
vn -0.5763 0.7472 -0.3309
vn -0.9040 -0.2102 -0.3723
vn -0.8967 0.1585 0.4133
vn -0.4367 0.4116 0.7999
vn -0.4343 0.2073 0.8766
vn 0.4871 -0.4776 0.7311
vn -0.3409 0.6107 0.7147
vn -0.2712 -0.0380 0.9618
vn -0.4540 0.7194 0.5257
vn -0.2972 0.5664 0.7687
vn -0.8870 -0.0109 0.4617
vn -0.7988 0.2309 -0.5556
vn -0.8472 0.3203 -0.4238
vn -0.8196 0.3380 -0.4626
vn -0.8309 0.2273 -0.5078
vn 0.1694 -0.4854 -0.8577
vn -0.4936 0.7389 -0.4587
vn 0.5338 0.7489 -0.3927
vn 0.8716 -0.2600 0.4155
vn -0.7318 0.5138 0.4478
vn -0.6786 0.5835 0.4461
vn -0.8024 0.5445 0.2442
vn -0.8086 0.5598 0.1810
vn 0.2504 -0.1478 -0.9568
vn 0.7203 -0.6363 0.2762
vn -0.2462 0.3096 0.9184
vn 0.6225 -0.4793 0.6186
vn 0.6262 -0.4800 0.6144
vn 0.6267 -0.4804 0.6136
vn 0.4612 0.7391 -0.4910
vn -0.3611 -0.1861 -0.9138
vn 0.1158 0.9435 -0.3105
vn 0.2283 -0.3006 0.9260
vn 0.3884 -0.3380 0.8573
vn 0.3885 -0.3385 0.8570
vn 0.3878 -0.3366 0.8580
vn 0.2360 -0.3557 0.9043
vn 0.0263 0.8458 -0.5329
vn 0.0347 0.8416 -0.5390
vn 0.0259 0.8458 -0.5328
vn 0.5981 -0.5858 0.5469
vn -0.0233 0.5883 -0.8083
vn -0.2976 -0.8733 -0.3858
vn -0.0398 0.5810 0.8130
vn 0.2524 -0.1547 0.9552
vn -0.6608 0.6823 -0.3128
vn -0.7667 0.6395 -0.0560
vn -0.6830 0.7099 -0.1717
vn -0.5249 0.7176 -0.4577
vn -0.5994 0.5474 0.5840
vn -0.7338 0.5901 0.3366
vn -0.1882 0.7440 -0.6412
vn 0.2992 -0.7934 0.5301
vn -0.7593 0.6193 -0.1998
vn -0.0661 -0.1281 0.9896
vn -0.6482 0.3014 0.6993
vn -0.8042 0.5879 -0.0872
vn 0.9593 0.0780 0.2713
vn -0.3004 0.9332 -0.1972
vn -0.5400 0.7687 -0.3428
vn -0.5409 0.7686 -0.3415
vn -0.5402 0.7705 -0.3384
vn -0.2654 0.2368 0.9346
vn -0.6565 0.7235 -0.2136
vn -0.3764 0.9217 0.0935
vn -0.3294 0.8360 -0.4388
vn -0.5366 0.7987 -0.2724
vn -0.4602 0.8775 0.1348
vn -0.6083 0.7180 -0.3382
vn -0.6037 0.7181 -0.3462
vn -0.6088 0.7158 -0.3420
vn -0.6903 0.6976 -0.1922
vn -0.6906 0.6963 -0.1953
vn -0.6879 0.7016 -0.1858
vn -0.3916 0.8435 0.3675
vn -0.5600 0.7683 0.3100
vn -0.7789 0.5727 0.2555
vn -0.7682 0.6337 0.0915
vn -0.8078 0.5516 -0.2080
vn -0.6474 0.7248 0.2356
vn -0.7190 0.6938 0.0398
vn -0.7190 0.6939 0.0399
vn -0.7190 0.6939 0.0398
vn -0.1401 0.8557 0.4981
vn -0.3215 0.7246 0.6095
vn -0.3176 0.7199 0.6171
vn -0.3228 0.7247 0.6088
vn -0.5395 0.6746 0.5038
vn -0.4472 0.7671 0.4599
vn -0.5536 0.6405 0.5322
vn -0.3989 0.6551 0.6417
vn -0.4477 0.6333 0.6312
vn -0.6771 0.6177 0.4001
vn 0.4546 0.0114 0.8906
vn 0.7536 -0.1634 0.6367
vn 0.9110 -0.0837 0.4039
vn 0.8674 -0.1596 0.4714
vn 0.7995 -0.1507 0.5815
vn 0.8039 -0.0139 -0.5946
vn 0.6131 -0.3085 -0.7273
vn 0.9999 -0.0118 -0.0031
vn 0.8271 -0.2613 -0.4977
vn 0.7489 0.4319 0.5027
vn -0.0292 0.7114 0.7022
vn 0.2050 0.8739 0.4407
vn 0.1480 0.5160 0.8437
vn -0.1147 0.5431 0.8318
vn -0.2912 0.6244 0.7248
vn -0.1938 0.6463 0.7381
vn -0.1917 0.6373 0.7464
vn -0.1928 0.6468 0.7379
vn -0.3029 0.6453 0.7013
vn -0.2597 0.5890 0.7652
vn 0.3759 -0.3912 0.8400
vn -0.0457 0.4707 0.8811
vn 0.3846 -0.2373 0.8920
vn 0.5725 -0.3875 0.7225
vn 0.5424 -0.3388 0.7688
vn 0.5439 -0.3326 0.7704
vn 0.5425 -0.3402 0.7681
vn 0.9179 -0.1997 0.3429
vn 0.9625 -0.1576 0.2207
vn 0.9153 -0.3966 0.0698
vn 0.9005 -0.3870 0.1985
vn 0.7190 -0.4182 0.5551
vn 0.6298 -0.3357 0.7005
vn 0.0054 0.3161 0.9487
vn 0.4884 -0.2401 0.8390
vn 0.4855 -0.2445 0.8393
vn 0.4847 -0.2443 0.8399
vn 0.5375 -0.2491 0.8056
vn 0.0678 0.3122 0.9476
vn -0.3496 0.5901 0.7277
vn -0.2305 0.4951 0.8377
vn -0.7050 0.6685 0.2370
vn -0.5033 0.6325 0.5888
vn -0.6821 0.7271 -0.0783
vn -0.5474 0.7594 0.3517
vn -0.2558 0.7857 0.5633
vn -0.1689 0.6668 0.7258
vn -0.1712 0.7698 0.6149
vn -0.2185 0.7592 0.6131
vn 0.5783 0.3787 -0.7226
vn 0.8067 0.2165 -0.5498
vn 0.8981 0.3510 -0.2651
vn -0.3286 0.9223 0.2036
vn -0.5428 0.7894 0.2866
vn 0.8824 -0.4263 -0.1993
vn 0.2189 0.8843 -0.4125
vn -0.7739 0.6143 0.1542
vn -0.6910 0.6766 0.2543
vn -0.7260 0.6874 0.0182
vn -0.5582 0.8265 0.0733
vn -0.4498 0.8047 -0.3875
vn -0.3340 0.8577 -0.3910
vn -0.5090 0.8511 -0.1288
vn -0.6291 0.7703 -0.1048
vn 0.3284 -0.5265 -0.7842
vn 0.3328 -0.5210 -0.7860
vn 0.3282 -0.5270 -0.7839
vn 0.5931 -0.4180 -0.6882
vn -0.2257 0.3347 -0.9149
vn -0.1971 0.3490 -0.9162
vn -0.8637 0.4742 0.1708
vn 0.5196 0.0862 -0.8501
vn 0.1712 0.6099 -0.7738
vn -0.2208 0.6607 -0.7174
vn 0.2844 0.0175 -0.9586
vn 0.6573 -0.4643 -0.5936
vn 0.3781 0.2464 -0.8924
vn -0.2355 0.4693 -0.8511
vn -0.5272 0.7132 -0.4620
vn -0.5232 0.7131 -0.4666
vn -0.5290 0.7131 -0.4601
vn -0.6359 0.7051 -0.3138
vn -0.6833 0.7232 -0.1006
vn -0.6942 0.7123 0.1039
vn -0.6961 0.6869 0.2088
vn -0.6989 0.6818 0.2162
vn -0.6958 0.6871 0.2093
vn -0.4863 0.8693 0.0880
vn 0.3406 -0.2180 -0.9146
vn -0.6523 0.7536 0.0811
vn -0.4791 0.7477 -0.4599
vn -0.6508 0.6254 0.4304
vn 0.2023 0.7070 -0.6777
vn -0.1327 0.7719 0.6217
vn -0.2010 0.8993 0.3885
vn -0.5707 0.4839 0.6634
vn -0.7476 0.5433 0.3820
vn -0.7516 0.5341 0.3870
vn -0.7520 0.5344 0.3859
vn -0.7959 -0.0492 0.6034
vn -0.7946 -0.0437 0.6056
vn -0.7970 -0.0393 0.6027
vn -0.5238 0.3375 0.7821
vn -0.8406 0.3023 0.4495
vn -0.8426 0.3039 0.4446
vn -0.8400 0.3021 0.4506
vn -0.6759 0.1722 0.7166
vn 0.6329 -0.4052 0.6597
vn -0.7628 0.3726 0.5285
vn -0.6303 0.3570 0.6894
vn -0.7663 0.4572 0.4514
vn -0.8234 0.4921 0.2824
vn -0.8474 0.4108 0.3364
vn -0.7114 0.2145 0.6693
vn -0.7175 0.2154 0.6624
vn -0.7188 0.2156 0.6610
vn -0.6687 0.3186 0.6718
vn -0.6733 0.3213 0.6659
vn -0.6747 0.3210 0.6646
vn -0.7478 0.5469 0.3764
vn -0.1158 0.9778 -0.1746
vn -0.0881 0.8713 -0.4827
vn -0.0178 0.9978 0.0644
vn -0.9107 0.4118 -0.0325
vn -0.8946 0.3714 0.2485
vn -0.7990 0.5803 0.1576
vn -0.8078 0.5750 -0.1298
vn -0.8022 0.4405 -0.4031
vn -0.8113 0.4613 -0.3592
vn 0.4579 0.7845 0.4182
vn 0.8671 0.4944 -0.0609
vn 0.6601 0.7336 0.1616
vn 0.9229 0.3811 -0.0542
vn -0.5042 0.8429 -0.1880
vn 0.0403 0.1204 -0.9919
vn 0.0393 0.1204 -0.9919
vn 0.0330 0.1184 -0.9924
vn 0.3662 -0.8140 -0.4509
vn -0.0264 -0.9390 0.3429
vn -0.0249 -0.9384 0.3446
vn -0.0241 -0.9384 0.3446
vn 0.1963 -0.5327 -0.8232
vn 0.0456 0.2106 -0.9765
vn 0.7985 0.5529 0.2384
vn 0.5678 0.8107 -0.1428
vn -0.0470 0.7442 -0.6663
vn -0.1658 0.8229 -0.5434
vn 0.8550 0.5099 0.0952
vn 0.8510 0.5172 0.0910
vn 0.8552 0.5095 0.0954
vn 0.2339 -0.5518 -0.8005
vn -0.5430 0.7547 -0.3681
vn -0.2395 0.6106 -0.7548
vn 0.2145 -0.8949 -0.3913
vn 0.2134 -0.7726 -0.5980
vn 0.2214 -0.7681 -0.6008
vn 0.2117 -0.7737 -0.5972
vn 0.1373 -0.7769 -0.6145
vn 0.1152 -0.9072 -0.4046
vn 0.6975 -0.6774 -0.2338
vn 0.7843 -0.5155 -0.3450
vn 0.5936 -0.6263 -0.5053
vn 0.5635 -0.7168 -0.4107
vn 0.3963 -0.6948 -0.6002
vn 0.3796 -0.8087 -0.4493
vn 0.2774 -0.8097 0.5172
vn -0.2333 0.9683 -0.0893
vn -0.2320 0.9686 -0.0892
vn -0.2222 0.9710 -0.0881
vn 0.8496 0.4992 -0.1703
vn 0.9698 0.0038 0.2440
vn -0.2152 0.8837 -0.4156
vn -0.4174 0.8503 0.3207
vn 0.4843 0.6736 -0.5583
vn -0.3183 0.7936 0.5185
vn 0.8906 0.3701 -0.2645
vn -0.3963 0.9154 -0.0712
vn -0.0505 0.3687 -0.9282
vn -0.8004 0.3762 -0.4667
vn -0.8087 0.5160 -0.2825
vn -0.8086 0.5160 -0.2825
vn -0.8636 0.4497 -0.2278
vn -0.9080 0.3218 -0.2682
vn 0.1912 0.2772 0.9416
vn -0.4064 -0.2190 -0.8871
vn -0.4389 -0.2202 -0.8711
vn -0.4394 -0.2541 -0.8616
vn -0.6772 -0.1848 -0.7122
vn -0.5267 -0.8444 0.0982
vn -0.4961 -0.8510 -0.1722
vn -0.6243 -0.4704 0.6236
vn -0.2906 0.9561 -0.0371
vn -0.7802 0.0903 -0.6190
vn -0.5888 0.3853 -0.7105
vn -0.5897 0.3849 -0.7100
vn -0.5836 0.3865 -0.7141
vn -0.3666 0.4749 -0.8000
vn -0.2042 0.2226 -0.9533
vn -0.2202 0.4894 -0.8438
vn -0.3459 -0.8447 0.4085
vn -0.0941 -0.0143 -0.9955
vn -0.2786 -0.8465 -0.4536
vn -0.1105 0.9480 -0.2983
vn -0.1135 0.9469 -0.3008
vn -0.1102 0.9481 -0.2982
vn 0.3217 0.7185 0.6167
vn -0.2134 0.9575 -0.1942
vn 0.2036 0.7398 -0.6412
vn 0.8871 0.4336 0.1583
vn 0.8498 0.5245 0.0532
vn 0.8512 0.5221 0.0536
vn 0.3421 0.4991 -0.7961
vn -0.6605 -0.5139 0.5474
vn -0.6611 -0.5132 0.5473
vn -0.6549 -0.5196 0.5488
vn 0.1387 0.3064 -0.9418
vn -0.9680 0.2484 0.0356
vn -0.9679 -0.2435 0.0616
vn 0.8454 0.3002 -0.4418
vn -0.6852 0.2013 0.7000
vn 0.4643 -0.4786 0.7452
vn 0.4661 0.2994 0.8325
vn -0.7983 0.5985 0.0675
vn -0.0501 0.9097 -0.4122
vn -0.9076 -0.1450 -0.3940
vn -0.9898 0.0334 0.1382
vn -0.9899 0.0333 0.1377
vn -0.9910 0.0324 0.1299
vn -0.5871 -0.6650 0.4616
vn -0.8802 0.4050 -0.2473
vn -0.7839 0.6208 -0.0046
vn -0.7109 0.6824 -0.1699
vn -0.7334 0.6285 0.2590
vn 0.2899 -0.9265 0.2399
vn 0.5447 -0.7739 0.3231
vn 0.0406 -0.8561 0.5152
vn 0.1825 -0.9361 0.3008
vn 0.6641 -0.7428 0.0852
vn 0.4524 -0.8497 0.2707
vn -0.0667 -0.8661 -0.4954
vn 0.0291 -0.4309 0.9019
vn 0.2099 -0.5956 0.7754
vn 0.4564 -0.5664 0.6862
vn 0.3073 -0.4769 0.8235
vn 0.0098 0.9970 0.0769
vn -0.9968 0.0333 0.0727
vn -0.9969 0.0322 0.0716
vn -0.9968 0.0338 0.0729
vn -0.9929 0.1157 0.0286
vn -0.2413 -0.5666 0.7879
vn -0.2993 -0.6115 0.7325
vn -0.2980 -0.6121 0.7325
vn -0.3039 -0.6104 0.7315
vn 0.2115 -0.5176 0.8291
vn 0.0261 -0.8065 0.5906
vn -0.3812 -0.5270 0.7596
vn -0.3659 -0.5817 0.7264
vn -0.4356 -0.4785 0.7625
vn -0.4599 -0.3970 0.7943
vn -0.3108 -0.4656 0.8286
vn 0.3599 -0.8313 0.4235
vn -0.0480 -0.8787 0.4750
vn -0.1041 -0.9067 0.4087
vn 0.3743 -0.7770 0.5062
vn 0.3680 -0.7816 0.5036
vn 0.3674 -0.7820 0.5035
vn 0.7286 -0.3965 -0.5584
vn 0.7129 -0.6664 0.2181
vn 0.7648 -0.5897 0.2593
vn 0.7986 -0.5557 0.2312
vn 0.7819 -0.6037 0.1556
vn 0.9019 0.0797 -0.4246
vn -0.8481 0.5282 -0.0418
vn 0.5138 0.6233 -0.5895
vn 0.3641 0.5161 -0.7753
vn 0.3604 0.5198 -0.7745
vn 0.3677 0.5116 -0.7766
vn -0.8697 -0.4913 0.0468
vn 0.6089 0.7095 -0.3548
vn 0.6087 0.7096 -0.3550
vn -0.8384 0.4618 -0.2897
vn -0.8369 0.4642 -0.2901
vn -0.8373 0.4636 -0.2899
vn 0.2268 0.7797 0.5836
vn -0.9402 0.2736 -0.2029
vn 0.4910 0.7633 -0.4199
vn -0.9809 -0.1564 0.1153
vn -0.1450 -0.7518 0.6433
vn 0.4649 0.7464 0.4761
vn 0.4629 0.7467 0.4777
vn 0.4630 0.7431 0.4831
vn 0.7836 0.5792 0.2249
vn -0.9439 0.2210 0.2453
vn -0.8195 0.5731 -0.0027
vn -0.8720 0.4579 -0.1729
vn -0.1935 0.6598 -0.7261
vn 0.6620 -0.6255 0.4130
vn 0.8885 -0.0107 -0.4587
vn -0.8308 -0.5501 0.0849
vn 0.8665 0.4495 0.2170
vn 0.7970 -0.4300 0.4241
vn -0.3018 -0.7391 0.6023
vn 0.8250 0.1747 -0.5374
vn -0.2404 -0.6606 -0.7112
vn -0.8443 -0.2851 0.4538
vn 0.7307 -0.5539 0.3990
vn 0.7436 -0.5150 0.4264
vn 0.7460 -0.5191 0.4171
vn 0.7428 -0.5151 0.4276
vn 0.7803 -0.5315 0.3296
vn 0.7832 -0.4921 0.3800
vn 0.6975 -0.6392 -0.3239
vn 0.6972 -0.6406 -0.3218
vn 0.6985 -0.6350 -0.3300
vn 0.4983 -0.8047 -0.3228
vn -0.9646 -0.0049 -0.2635
vn -0.7026 0.6742 -0.2279
vn -0.9716 -0.1930 0.1368
vn -0.9714 -0.1939 0.1370
vn -0.9745 -0.1814 0.1323
vn -0.9767 -0.2138 0.0166
vn -0.7135 -0.2520 0.6537
vn -0.7740 -0.5487 0.3159
vn -0.8019 -0.1997 0.5631
vn -0.7012 -0.6039 0.3790
vn -0.6400 0.7232 0.2596
vn -0.8333 0.5389 -0.1237
vn -0.3161 -0.9322 0.1764
vn -0.9814 -0.1075 0.1593
vn -0.9479 -0.1670 0.2712
vn -0.9924 -0.1123 0.0509
vn 0.5465 0.0930 0.8323
vn 0.9272 0.2110 -0.3095
vn 0.4522 -0.8918 0.0151
vn 0.6744 -0.5931 -0.4398
vn 0.3282 -0.9393 0.1002
vn 0.3441 -0.9389 -0.0047
vn 0.3123 -0.9499 -0.0095
vn 0.3091 -0.9459 0.0987
vn -0.9112 0.4008 -0.0953
vn 0.4155 0.8136 -0.4067
vn 0.3467 0.8594 -0.3758
vn 0.3435 0.8623 -0.3720
vn 0.3432 0.8623 -0.3724
vn 0.9369 0.2904 0.1948
vn 0.0276 -0.8992 -0.4367
vn 0.3542 0.8908 -0.2847
vn 0.7174 -0.1999 -0.6674
vn 0.0549 -0.8616 -0.5046
vn -0.8771 0.4803 0.0063
vn 0.8120 -0.4792 -0.3333
vn 0.8122 -0.5145 -0.2751
vn 0.6364 -0.6756 -0.3722
vn 0.6499 -0.4915 -0.5797
vn 0.6521 -0.4862 -0.5817
vn 0.6523 -0.4854 -0.5822
vn 0.4864 -0.7812 -0.3913
vn 0.7112 -0.6283 -0.3153
vn 0.6353 -0.7646 -0.1085
vn 0.6641 -0.7434 -0.0799
vn 0.6597 -0.7477 -0.0759
vn 0.6587 -0.7485 -0.0772
vn 0.6753 -0.6927 -0.2532
vn 0.6939 -0.6259 -0.3560
vn 0.6939 -0.6261 -0.3556
vn 0.2753 -0.4297 0.8600
vn 0.5908 -0.7872 0.1768
vn 0.5898 -0.7880 0.1769
vn 0.5897 -0.7894 0.1708
vn 0.2084 -0.7534 -0.6236
vn 0.0618 -0.8214 -0.5671
vn -0.6525 -0.6341 -0.4150
vn -0.1832 -0.8376 -0.5147
vn -0.9812 -0.0241 -0.1914
vn -0.9693 -0.1987 0.1451
vn -0.8498 -0.3978 0.3458
vn -0.9495 -0.2763 -0.1484
vn -0.9494 -0.2707 -0.1592
vn -0.9492 -0.2710 -0.1598
vn -0.8867 -0.3357 -0.3179
vn -0.8840 -0.4218 -0.2015
vn -0.9075 -0.4165 -0.0545
vn 0.9787 0.1748 -0.1075
vn -0.1972 -0.9630 -0.1839
vn -0.8351 -0.1766 0.5209
vn 0.7534 -0.6437 -0.1343
vn -0.9644 -0.1070 -0.2419
vn -0.9643 -0.1125 -0.2397
vn -0.9644 -0.1137 -0.2388
vn -0.7727 -0.4168 -0.4787
vn -0.9739 -0.1269 -0.1882
vn -0.9959 -0.0904 -0.0095
vn -0.9961 -0.0881 -0.0078
vn -0.9954 -0.0944 -0.0149
vn 0.4826 -0.6969 -0.5305
vn 0.4938 -0.1620 -0.8543
vn 0.7264 0.0758 -0.6831
vn 0.5228 -0.2434 -0.8170
vn 0.5399 -0.1986 -0.8180
vn 0.3258 -0.8312 0.4506
vn -0.4107 -0.5145 0.7528
vn 0.5412 -0.6903 0.4802
vn -0.8693 0.4903 -0.0628
vn -0.8903 0.2918 -0.3497
vn -0.8059 0.4928 -0.3283
vn -0.8442 0.2838 -0.4546
vn -0.8448 0.2802 -0.4558
vn -0.8448 0.2799 -0.4560
vn -0.8515 0.2750 -0.4465
vn -0.9791 -0.0671 -0.1920
vn -0.9705 0.0570 -0.2343
vn -0.9690 0.0603 -0.2396
vn -0.9689 0.0602 -0.2401
vn -0.8911 -0.0384 -0.4522
vn -0.8911 -0.0383 -0.4523
vn -0.8912 -0.0385 -0.4521
vn -0.8818 -0.1261 -0.4545
vn -0.7649 -0.1030 -0.6359
vn -0.7819 -0.0535 -0.6211
vn -0.7703 -0.1659 -0.6158
vn -0.8226 -0.1740 -0.5413
vn -0.7032 -0.0336 -0.7102
vn -0.6904 0.1478 -0.7082
vn -0.7387 -0.0385 -0.6730
vn -0.7400 -0.0377 -0.6716
vn -0.7450 -0.0346 -0.6661
vn -0.7461 -0.0339 -0.6650
vn -0.8924 0.1858 -0.4112
vn -0.9285 0.2402 -0.2830
vn -0.9029 0.2999 -0.3079
vn -0.9947 0.1028 0.0067
vn -0.9377 0.3385 0.0776
vn -0.9378 0.3390 0.0747
vn -0.9381 0.3384 0.0741
vn -0.6273 -0.4293 0.6497
vn -0.7356 0.6590 0.1570
vn 0.9456 0.2220 0.2377
vn -0.9954 0.0951 0.0097
vn -0.9653 0.2001 -0.1676
vn -0.9886 -0.0502 -0.1422
vn -0.9883 -0.0481 -0.1446
vn -0.9883 -0.0477 -0.1450
vn -0.9982 0.0207 0.0571
vn -0.9904 0.1264 0.0556
vn -0.9503 0.3113 -0.0090
vn -0.9608 0.2753 0.0317
vn -0.9610 0.2749 0.0312
vn -0.9621 0.2709 0.0329
vn -0.9631 0.2460 0.1095
vn -0.8159 -0.5589 -0.1479
vn -0.6091 -0.7809 -0.1382
vn -0.6999 -0.7142 0.0083
vn -0.8688 -0.4949 -0.0162
vn 0.1208 0.1516 0.9810
vn -0.3846 -0.9148 -0.1232
vn -0.0630 0.9329 -0.3546
vn -0.0650 0.9328 -0.3546
vn -0.3091 -0.1320 -0.9418
vn -0.3094 -0.1339 -0.9415
vn -0.3103 -0.1400 -0.9403
vn 0.2132 0.3426 -0.9150
vn 0.6083 0.6744 -0.4184
vn -0.3423 0.8367 -0.4276
vn -0.2092 -0.1765 -0.9618
vn -0.7958 0.5515 -0.2502
vn -0.7957 0.5522 -0.2490
vn -0.7972 0.5470 -0.2556
vn -0.0651 0.1303 -0.9893
vn -0.4485 -0.2756 -0.8502
vn -0.4538 -0.2695 -0.8494
vn -0.4483 -0.2757 -0.8503
vn -0.4228 -0.8100 -0.4063
vn -0.7392 0.5258 -0.4208
vn -0.3314 0.7867 -0.5208
vn -0.5830 -0.6337 -0.5084
vn -0.7164 0.0993 -0.6905
vn -0.7774 -0.2670 -0.5696
vn -0.7796 -0.3508 -0.5189
vn -0.8221 -0.3432 -0.4543
vn -0.8172 -0.2556 -0.5165
vn -0.6152 -0.6608 -0.4300
vn -0.5029 -0.7324 -0.4590
vn -0.5743 -0.7605 -0.3031
vn -0.7292 -0.5993 -0.3302
vn -0.6201 0.2799 -0.7329
vn -0.6338 -0.6287 -0.4505
vn -0.6339 -0.6296 -0.4492
vn -0.6333 -0.6255 -0.4558
vn -0.9951 -0.0945 -0.0299
vn 0.5180 0.8004 -0.3016
vn -0.3798 0.5524 -0.7420
vn 0.9103 0.3751 0.1749
vn 0.9106 0.3747 0.1747
vn 0.9112 0.3737 0.1735
vn 0.0961 0.4446 -0.8906
vn -0.4149 0.6114 -0.6738
vn -0.4149 0.6118 -0.6734
vn -0.4144 0.6094 -0.6760
vn 0.7013 0.7082 -0.0814
vn -0.1324 0.7298 0.6707
vn -0.4655 -0.7511 0.4681
vn -0.7419 -0.6470 0.1762
vn -0.7282 -0.6482 0.2226
vn -0.7282 -0.6483 0.2224
vn -0.7225 -0.6514 0.2317
vn -0.8601 -0.4731 0.1907
vn -0.8604 -0.4731 0.1896
vn -0.8621 -0.4731 0.1818
vn -0.8539 -0.5009 0.1415
vn -0.7572 -0.0626 -0.6502
vn -0.5297 -0.0213 -0.8479
vn 0.7706 0.6355 -0.0478
vn -0.0275 0.4758 0.8791
vn -0.9518 0.2989 0.0692
vn -0.7476 0.5974 0.2901
vn -0.8503 0.4677 0.2413
vn -0.9841 0.1655 -0.0642
vn -0.5755 0.7869 0.2226
vn -0.7359 0.6368 0.2300
vn -0.7968 0.5944 0.1085
vn -0.6681 0.7334 -0.1250
vn 0.6164 -0.7761 -0.1332
vn 0.6165 -0.7762 -0.1323
vn 0.6186 -0.7759 -0.1236
vn -0.4396 -0.6777 -0.5895
vn -0.4353 -0.6833 -0.5862
vn -0.4402 -0.6771 -0.5898
vn -0.8256 0.3430 -0.4481
vn -0.7935 0.3897 -0.4674
vn -0.8215 0.5300 -0.2102
vn -0.8844 0.3815 -0.2690
vn -0.8726 0.4300 -0.2316
vn -0.9245 0.3182 -0.2099
vn -0.9038 -0.2266 -0.3630
vn -0.8070 -0.1921 0.5584
vn -0.9246 -0.0545 0.3770
vn -0.7418 0.5281 -0.4134
vn -0.8560 0.1095 -0.5053
vn -0.7229 0.6030 -0.3372
vn -0.6786 0.6620 -0.3182
vn -0.7539 0.5935 -0.2819
vn -0.8088 -0.1918 -0.5560
vn -0.6874 0.0220 -0.7260
vn -0.8032 0.2953 -0.5174
vn -0.9598 0.0636 -0.2733
vn -0.7811 0.1372 -0.6092
vn -0.8886 0.0499 -0.4559
vn -0.6904 0.4127 -0.5942
vn -0.8838 0.1420 -0.4459
vn -0.8827 0.1436 -0.4475
vn -0.8833 0.1426 -0.4466
vn -0.7061 0.4578 -0.5403
vn -0.7732 0.0215 -0.6338
vn -0.8687 0.4098 -0.2784
vn -0.8407 0.4486 -0.3032
vn -0.7587 0.4175 -0.5001
vn -0.8083 0.4291 -0.4032
vn -0.4180 -0.7728 -0.4775
vn -0.7743 0.5695 -0.2760
vn -0.6088 0.7183 -0.3367
vn -0.6353 0.5431 -0.5491
vn -0.4296 0.8550 -0.2907
vn -0.5550 0.7843 -0.2773
vn -0.5546 0.7848 -0.2767
vn -0.5588 0.7795 -0.2830
vn -0.4257 0.8291 -0.3625
vn -0.5248 0.7588 -0.3859
vn -0.5050 0.7769 -0.3761
vn -0.4342 0.8126 -0.3888
vn -0.4337 0.8156 -0.3830
vn -0.4317 0.8128 -0.3912
vn -0.5017 0.8516 -0.1521
vn -0.7219 0.6888 -0.0665
vn -0.6273 0.7788 -0.0003
vn -0.6272 0.7788 0.0002
vn -0.5636 0.8223 -0.0788
vn -0.4910 0.8268 -0.2743
vn -0.5664 0.8128 -0.1362
vn -0.4088 0.8227 -0.3950
vn -0.4087 0.8269 -0.3862
vn -0.4055 0.8267 -0.3900
vn -0.3273 0.8797 -0.3450
vn -0.3252 0.9000 -0.2903
vn -0.3260 0.8996 -0.2905
vn -0.3317 0.8979 -0.2893
vn -0.3781 0.8700 -0.3165
vn -0.5273 0.8337 -0.1640
vn -0.5218 0.8372 -0.1636
vn -0.5216 0.8375 -0.1632
vn -0.4707 0.8503 -0.2355
vn -0.5295 0.8326 -0.1624
vn -0.5219 0.8372 -0.1635
vn -0.1055 0.8641 -0.4922
vn -0.1972 0.5202 0.8310
vn 0.7708 0.4459 0.4551
vn 0.7696 0.4450 0.4579
vn 0.7713 0.4463 0.4538
vn -0.5427 0.7620 -0.3533
vn -0.4516 0.8144 -0.3645
vn -0.3738 0.8321 -0.4097
vn -0.4006 -0.8839 0.2414
vn -0.3984 -0.8838 0.2452
vn -0.4009 -0.8838 0.2411
vn -0.3830 -0.8569 0.3451
vn -0.3061 0.8473 -0.4340
vn -0.3070 0.8477 -0.4326
vn -0.3060 0.8473 -0.4340
vn -0.2570 0.9584 -0.1244
vn -0.2599 0.9568 -0.1303
vn -0.2611 0.9562 -0.1325
vn -0.3064 0.9421 -0.1362
vn -0.2924 0.8613 -0.4156
vn -0.3629 0.8302 -0.4231
vn -0.3601 0.8356 -0.4149
vn -0.3597 0.8295 -0.4272
vn -0.8670 0.4795 0.1353
vn -0.7393 0.6648 0.1069
vn -0.5589 0.7019 -0.4415
vn -0.5693 0.7721 -0.2823
vn -0.5681 0.7730 -0.2823
vn -0.5632 0.7771 -0.2808
vn -0.6058 0.7406 -0.2909
vn -0.6117 0.7368 -0.2880
vn -0.6145 0.7356 -0.2850
vn -0.5937 0.7004 -0.3961
vn -0.4804 0.8496 -0.2179
vn -0.4309 0.7498 -0.5021
vn -0.4324 0.7474 -0.5044
vn -0.4301 0.7503 -0.5020
vn -0.4262 0.7504 -0.5052
vn -0.5406 0.8033 -0.2498
vn -0.5936 0.7632 -0.2554
vn -0.4954 0.7186 -0.4880
vn -0.2816 0.9233 -0.2612
vn -0.3322 0.8543 -0.3997
vn -0.3287 0.8579 -0.3949
vn -0.3272 0.8595 -0.3928
vn -0.3752 0.8428 -0.3859
vn -0.3748 0.8433 -0.3851
vn -0.3738 0.8449 -0.3825
vn -0.3734 0.8455 -0.3816
vn -0.9336 -0.2937 0.2053
vn -0.8765 -0.4252 0.2256
vn 0.0225 0.6909 -0.7226
vn -0.8063 0.5681 0.1647
vn -0.8039 0.5708 0.1668
vn -0.8037 0.5707 0.1685
vn -0.6875 0.6836 -0.2451
vn 0.8931 -0.2226 -0.3908
vn 0.7831 -0.6064 -0.1380
vn -0.7503 0.6404 0.1640
vn 0.4518 0.5216 0.7237
vn 0.6377 -0.0537 -0.7684
vn -0.7318 0.4043 -0.5487
vn -0.7317 0.4036 -0.5493
vn -0.7329 0.4078 -0.5446
vn -0.9187 0.2355 -0.3170
vn -0.7591 0.4298 -0.4889
vn -0.7597 0.4299 -0.4878
vn -0.8553 0.3612 -0.3715
vn -0.8524 0.3711 -0.3684
vn -0.8520 0.3724 -0.3680
vn -0.8596 0.4106 -0.3040
vn -0.7778 0.4062 -0.4796
vn -0.7779 0.4070 -0.4788
vn -0.7772 0.4016 -0.4845
vn 0.1577 0.9500 -0.2696
vn 0.6249 0.6946 -0.3563
vn -0.4136 0.8317 -0.3704
vn -0.6604 -0.5326 -0.5293
vn -0.1403 0.6948 -0.7054
vn -0.1203 0.8256 -0.5512
vn -0.1203 0.8256 -0.5513
vn -0.1195 0.8263 -0.5504
vn -0.5371 0.5583 0.6323
vn -0.6331 0.6052 0.4826
vn -0.4379 0.5745 0.6916
vn -0.3770 0.4949 0.7829
vn -0.3713 0.4975 0.7839
vn -0.3783 0.4944 0.7826
vn 0.6384 -0.3794 -0.6698
vn -0.8392 0.1953 -0.5075
vn -0.8396 0.1951 -0.5069
vn -0.8402 0.1988 -0.5045
vn -0.2742 0.8381 -0.4717
vn -0.4904 0.7539 -0.4373
vn -0.7071 0.6346 -0.3119
vn -0.6331 0.6198 -0.4637
vn -0.6331 0.6193 -0.4644
vn -0.6326 0.6204 -0.4636
vn -0.6516 0.5922 -0.4739
vn -0.8613 0.4269 -0.2756
vn -0.6423 0.5577 0.5258
vn -0.7826 0.6091 0.1290
vn -0.8872 0.4612 0.0102
vn -0.7585 0.4654 0.4562
vn -0.6649 0.7441 0.0648
vn -0.8360 0.4761 -0.2730
vn -0.8355 0.4767 -0.2733
vn -0.8373 0.4741 -0.2723
vn -0.2105 0.0020 -0.9776
vn -0.3498 0.9300 0.1129
vn -0.4343 0.7568 -0.4886
vn -0.4341 0.7570 -0.4884
vn -0.3980 -0.4938 -0.7731
vn -0.4173 -0.4816 -0.7707
vn 0.7638 0.5847 -0.2734
vn -0.1993 0.9659 -0.1652
vn -0.1875 0.8987 -0.3965
vn -0.5748 0.6876 -0.4436
vn -0.4982 0.7454 -0.4430
vn -0.2869 0.5508 0.7838
vn -0.3081 0.4378 0.8447
vn -0.7641 -0.1506 -0.6273
vn -0.6500 0.6358 -0.4163
vn -0.6476 0.6412 -0.4117
vn -0.6472 0.6420 -0.4110
vn -0.3873 0.8804 0.2736
vn -0.9006 0.4128 -0.1363
vn -0.7960 0.5139 -0.3199
vn -0.7952 0.5155 -0.3194
vn -0.7949 0.5156 -0.3197
vn -0.8037 0.4809 -0.3503
vn -0.8956 0.3845 -0.2237
vn -0.8957 0.3844 -0.2236
vn -0.8899 0.3955 -0.2274
vn -0.8876 0.3214 -0.3300
vn -0.8288 0.4322 -0.3554
vn -0.7273 0.4978 -0.4724
vn -0.7286 0.4950 -0.4735
vn -0.7299 0.4921 -0.4745
vn -0.7363 0.5370 -0.4117
vn -0.9471 0.2070 -0.2453
vn -0.8508 0.4882 0.1944
vn -0.9227 0.3850 0.0183
vn -0.9270 0.2019 -0.3162
vn -0.9273 0.2005 -0.3162
vn -0.9263 0.2106 -0.3124
vn -0.9212 0.3883 0.0253
vn -0.9186 0.3823 -0.1004
vn -0.8848 0.4623 -0.0589
vn -0.9387 0.3436 -0.0287
vn 0.9772 0.2054 -0.0541
vn -0.9622 0.1721 -0.2111
vn -0.9792 0.1661 -0.1166
vn -0.9682 0.1499 -0.2005
vn -0.9684 0.1481 -0.2005
vn -0.9696 0.1401 -0.2004
vn -0.9452 0.2665 -0.1887
vn 0.6984 0.7147 0.0389
vn 0.1307 0.4878 0.8631
vn 0.7046 0.4866 -0.5165
vn 0.5035 -0.4404 0.7433
vn 0.6122 0.7814 -0.1208
vn -0.7504 0.5455 -0.3732
vn -0.6622 0.6447 -0.3820
vn -0.4230 -0.2921 -0.8578
vn -0.4431 0.7944 -0.4154
vn 0.1465 -0.8470 -0.5110
vn 0.3881 -0.9115 0.1364
vn 0.3882 -0.9115 0.1361
vn 0.3879 -0.9114 0.1373
vn -0.4342 0.0946 -0.8958
vn -0.4349 0.0947 -0.8955
vn -0.4298 0.0962 -0.8978
vn -0.4803 0.2503 -0.8406
vn -0.3701 0.4403 -0.8180
vn -0.3592 0.1732 -0.9170
vn -0.6111 0.6812 -0.4031
vn -0.6442 0.6872 -0.3359
vn -0.5604 0.6786 -0.4749
vn -0.4556 0.7489 -0.4812
vn -0.6538 0.4381 -0.6170
vn -0.6536 0.4378 -0.6174
vn -0.6526 0.4357 -0.6199
vn -0.6368 0.4826 -0.6013
vn -0.5201 0.5763 -0.6304
vn -0.5225 0.4887 -0.6986
vn -0.7483 0.5354 -0.3916
vn -0.6033 -0.3514 -0.7159
vn -0.6674 0.6297 -0.3976
vn -0.6682 0.6307 -0.3947
vn -0.5685 0.7595 -0.3163
vn -0.5686 0.7593 -0.3164
vn -0.5666 0.7606 -0.3170
vn -0.4956 0.8284 -0.2610
vn -0.5466 0.7323 -0.4061
vn -0.9537 0.0521 -0.2961
vn -0.7740 0.5979 -0.2084
vn 0.3193 0.6253 0.7121
vn 0.4878 0.7912 0.3689
vn -0.6527 0.6669 -0.3593
vn -0.6524 0.6671 -0.3597
vn -0.6519 0.6655 -0.3635
vn -0.2403 0.8762 0.4178
vn -0.5011 -0.8654 -0.0073
vn 0.5360 0.5048 0.6767
vn 0.2985 -0.8647 0.4039
vn -0.6653 0.0893 -0.7412
vn -0.9690 0.1588 0.1894
vn -0.9687 0.1629 0.1875
vn -0.9686 0.1635 0.1871
vn -0.6950 -0.6935 0.1898
vn -0.3651 0.8674 -0.3381
vn -0.3653 0.8663 -0.3407
vn -0.3641 0.8706 -0.3309
vn -0.6902 -0.6878 0.2247
vn -0.6691 -0.6958 0.2611
vn -0.6427 -0.6606 0.3881
vn -0.7009 -0.5645 0.4360
vn -0.7117 0.4016 -0.5764
vn -0.7107 0.4047 -0.5754
vn -0.7106 0.4050 -0.5753
vn -0.4949 -0.7274 0.4754
vn 0.1711 -0.8820 -0.4391
vn -0.2237 0.9198 -0.3225
vn 0.0426 0.9307 -0.3632
vn 0.7389 -0.2780 0.6138
vn -0.0603 -0.9246 0.3761
vn 0.4008 0.8462 0.3511
vn -0.1755 -0.9183 0.3548
vn -0.1835 -0.9142 0.3612
vn -0.1746 -0.9186 0.3546
vn -0.9094 -0.2913 0.2968
vn -0.9722 0.1966 0.1275
vn -0.0763 0.9211 -0.3818
vn -0.1915 -0.9293 0.3159
vn -0.3965 0.9167 -0.0483
vn 0.0849 -0.5367 0.8395
vn 0.9953 0.0336 0.0913
vn -0.2256 -0.4803 0.8476
vn 0.1390 0.5207 -0.8424
vn 0.1455 0.5197 -0.8419
vn 0.1466 0.5196 -0.8418
vn 0.2415 -0.1187 0.9631
vn 0.4510 -0.3582 0.8175
vn 0.1260 0.4941 0.8602
vn -0.0226 -0.1893 0.9817
vn 0.2315 -0.0437 -0.9719
vn -0.8350 0.5483 -0.0459
vn -0.6324 -0.4344 0.6413
vn -0.9612 -0.2739 0.0342
vn -0.6342 0.4453 -0.6321
vn -0.2871 0.9430 -0.1682
vn 0.6824 -0.4531 0.5736
vn -0.2452 -0.1613 0.9559
vn 0.3637 0.4374 -0.8224
vn 0.1174 0.5618 -0.8189
vn -0.4375 -0.8805 0.1827
vn -0.4771 -0.7796 -0.4058
vn -0.8697 0.4934 0.0124
vn -0.9687 0.0833 0.2339
vn -0.9896 0.0446 0.1366
vn -0.5098 -0.7842 0.3538
vn -0.9869 -0.1187 0.1095
vn -0.9639 0.2626 0.0439
vn -0.5800 -0.5359 -0.6135
vn -0.9777 0.0840 0.1923
vn -0.5366 0.6112 0.5818
vn -0.9370 -0.2050 -0.2827
vn 0.3242 -0.7202 -0.6134
vn 0.2876 0.9467 -0.1450
vn -0.4409 -0.8973 -0.0203
vn -0.7629 0.4272 -0.4853
vn 0.4523 0.7749 -0.4415
vn -0.9145 -0.3798 0.1397
vn 0.6771 0.7310 0.0846
vn 0.4323 0.9017 -0.0041
vn 0.5161 -0.0001 0.8565
vn -0.7606 -0.6387 0.1163
vn 0.3533 -0.9251 -0.1389
vn 0.8433 0.4586 -0.2804
vn 0.7609 0.3312 -0.5580
vn -0.7428 -0.6618 -0.1010
vn 0.3427 0.9308 -0.1272
vn -0.1371 -0.1593 0.9777
vn -0.9793 0.2023 -0.0108
vn 0.4576 0.0390 -0.8883
vn 0.1004 -0.9753 -0.1967
vn 0.4649 0.7234 -0.5105
vn 0.1932 0.9207 -0.3391
vn 0.4652 -0.5476 -0.6955
vn 0.7584 0.6510 -0.0328
vn 0.7519 0.6581 -0.0391
vn 0.7513 0.6588 -0.0397
vn 0.4375 0.8981 0.0446
vn 0.4048 0.9055 0.1271
vn 0.1293 -0.9078 -0.3989
vn 0.1142 0.8630 -0.4921
vn 0.7384 -0.3410 -0.5819
vn -0.0947 0.5910 -0.8011
vn 0.7022 0.1006 -0.7048
vn 0.5703 0.6930 -0.4411
vn 0.1965 -0.0891 -0.9765
vn 0.6129 0.7089 -0.3491
vn 0.0661 0.6214 -0.7807
vn 0.0595 0.8367 -0.5443
vn -0.0504 0.5891 -0.8065
vn -0.0371 0.7656 -0.6423
vn 0.3580 -0.6698 -0.6505
vn 0.1090 -0.9354 -0.3363
vn 0.2565 -0.7018 -0.6646
vn 0.3528 -0.4963 -0.7933
vn 0.1391 -0.9295 -0.3415
vn 0.1865 -0.7698 -0.6104
vn 0.5195 0.8535 0.0412
vn 0.3971 -0.5579 -0.7288
vn 0.2711 -0.7138 -0.6457
vn 0.2698 -0.7138 -0.6463
vn 0.2715 -0.7138 -0.6456
vn -0.0896 0.7691 -0.6328
vn 0.1173 -0.9336 -0.3386
vn 0.1176 -0.9346 -0.3358
vn 0.1176 -0.9345 -0.3358
vn -0.2492 0.9104 -0.3304
vn 0.2715 -0.9616 -0.0391
vn 0.4718 -0.8301 -0.2973
vn 0.1351 -0.9025 -0.4090
vn -0.2539 0.8155 -0.5200
vn 0.1185 0.9444 0.3068
vn -0.0192 -0.9792 -0.2020
vn 0.5079 0.3835 -0.7714
vn 0.2819 0.0764 -0.9564
vn 0.7747 0.3505 -0.5263
vn 0.5556 0.8303 0.0439
vn 0.4551 0.8833 0.1125
vn 0.2242 -0.8213 -0.5246
vn 0.2237 -0.8213 -0.5248
vn 0.2264 -0.8232 -0.5207
vn 0.3462 0.9332 0.0966
vn 0.1734 -0.9459 -0.2741
vn -0.0655 -0.7543 -0.6533
vn 0.0978 0.9302 0.3537
vn -0.0860 0.7782 -0.6221
vn 0.0759 0.9757 0.2054
vn 0.1438 -0.8614 -0.4872
vn 0.1472 -0.8638 -0.4819
vn 0.1455 -0.8625 -0.4847
vn 0.0369 0.5504 -0.8341
vn 0.0567 0.6991 -0.7128
vn -0.1567 0.7435 -0.6501
vn 0.2856 -0.8567 -0.4295
vn 0.0819 0.0474 -0.9955
vn -0.1967 0.9290 -0.3133
vn 0.6075 0.6974 -0.3802
vn -0.1198 0.6873 -0.7165
vn 0.9118 0.3915 -0.1242
vn 0.9766 -0.2147 -0.0123
vn 0.3162 -0.9162 -0.2463
vn 0.4560 0.8859 -0.0849
vn 0.9936 0.1047 0.0416
vn 0.9735 0.0199 0.2277
vn -0.2557 -0.7478 -0.6128
vn -0.5458 -0.3734 -0.7501
vn 0.3399 -0.9357 0.0952
vn 0.4922 -0.8660 0.0884
vn 0.6918 -0.7213 -0.0347
vn 0.8314 -0.5301 -0.1667
vn 0.9497 -0.1996 -0.2414
vn 0.9977 -0.0205 -0.0648
vn 0.9239 0.3797 -0.0475
vn 0.9245 0.3781 -0.0480
vn 0.9238 0.3800 -0.0471
vn 0.7568 -0.5463 0.3589
vn 0.7585 -0.5493 0.3506
vn 0.7569 -0.5456 0.3598
vn 0.5270 0.8471 0.0677
vn 0.5258 0.8475 0.0726
vn 0.5273 0.8470 0.0669
vn 0.7022 0.6370 -0.3180
vn 0.2044 0.9453 -0.2541
vn 0.9248 0.2574 0.2801
vn 0.9704 0.1911 0.1475
vn 0.6798 0.4436 0.5840
vn 0.1093 0.4581 0.8821
vn 0.7454 0.6387 0.1909
vn 0.3700 -0.0084 0.9290
vn 0.6296 0.3346 0.7011
vn 0.7465 0.2288 0.6248
vn 0.7376 0.2034 0.6439
vn 0.7380 0.2041 0.6432
vn 0.7359 0.1998 0.6469
vn 0.9330 0.0966 0.3467
vn 0.9538 0.1862 0.2356
vn 0.2884 0.9185 -0.2704
vn 0.8158 0.0777 0.5731
vn 0.6924 0.3392 0.6368
vn 0.7322 0.6719 0.1113
vn 0.8405 0.5108 0.1806
vn 0.8175 0.5723 -0.0644
vn 0.8137 0.4458 0.3730
vn 0.6924 0.5575 0.4581
vn 0.7564 0.6451 -0.1078
vn 0.6556 0.7067 0.2661
vn 0.5805 0.7550 0.3048
vn 0.5838 0.7562 0.2957
vn 0.5841 0.7562 0.2949
vn 0.3339 0.2959 0.8949
vn 0.4353 0.4301 0.7909
vn 0.7441 0.2577 0.6164
vn 0.7807 0.1063 0.6158
vn 0.7491 0.2773 0.6017
vn 0.8583 -0.1859 0.4783
vn 0.9336 0.0242 0.3576
vn 0.8601 0.4477 0.2444
vn 0.7500 0.4362 0.4972
vn 0.7466 0.3723 0.5514
vn 0.6479 0.1590 0.7450
vn -0.0096 0.9691 0.2465
vn 0.3470 0.3967 0.8498
vn 0.4855 0.2866 0.8259
vn 0.7371 0.2876 0.6115
vn 0.7375 0.2879 0.6109
vn 0.7346 0.2824 0.6169
vn 0.5921 0.7812 0.1981
vn -0.0257 0.0847 0.9961
vn -0.0358 0.8512 0.5236
vn 0.5765 0.6702 0.4674
vn 0.4825 0.5977 0.6402
vn 0.3822 0.2796 0.8807
vn 0.4853 0.1308 0.8645
vn 0.8501 0.4975 0.1725
vn 0.6030 0.3566 0.7136
vn 0.8770 0.4728 0.0851
vn 0.7463 0.4882 0.4524
vn 0.6901 0.7232 -0.0256
vn 0.8403 0.5396 0.0524
vn 0.9448 0.3240 0.0483
vn 0.9452 0.3229 0.0486
vn 0.9452 0.3231 0.0464
vn 0.9392 0.3325 0.0859
vn 0.9401 0.2963 0.1685
vn 0.6829 0.6478 0.3376
vn 0.3999 0.8322 0.3840
vn 0.4642 0.7000 0.5427
vn 0.4874 0.8729 -0.0229
vn 0.5393 0.7767 0.3254
vn 0.5087 0.8237 0.2505
vn 0.4483 0.8782 -0.1668
vn 0.4480 0.8789 -0.1638
vn 0.4483 0.8781 -0.1675
vn 0.5142 0.8543 0.0762
vn 0.2389 -0.9590 0.1524
vn -0.2723 0.7262 0.6313
vn 0.9547 -0.0685 0.2895
vn 0.4316 0.3446 0.8337
vn 0.7431 0.4284 0.5141
vn 0.4172 0.6024 -0.6805
vn 0.8265 0.3660 0.4277
vn 0.6131 0.3858 0.6894
vn 0.6389 0.7504 -0.1696
vn 0.3232 0.9463 -0.0127
vn 0.5684 0.7403 0.3589
vn 0.7664 0.5981 0.2343
vn 0.6021 0.7077 0.3696
vn 0.6008 0.7085 0.3702
vn 0.5933 0.7131 0.3735
vn 0.4920 0.7834 -0.3797
vn 0.1753 0.3113 0.9340
vn 0.7334 -0.6127 0.2946
vn 0.1675 0.4195 0.8922
vn 0.4029 0.4977 0.7681
vn 0.6392 0.7442 -0.1939
vn 0.9126 0.2478 0.3251
vn 0.1656 0.1383 0.9765
vn 0.1143 0.7419 0.6607
vn 0.1732 0.1153 0.9781
vn -0.0325 0.8449 -0.5339
vn -0.0319 0.8453 -0.5333
vn -0.0328 0.8449 -0.5339
vn 0.0141 0.3695 0.9291
vn -0.0544 0.6912 -0.7206
vn 0.3976 -0.7471 0.5327
vn 0.1348 0.6611 0.7381
vn 0.3332 0.5582 -0.7599
vn 0.2480 0.4634 -0.8507
vn 0.7776 0.4583 -0.4303
vn 0.7763 0.4577 -0.4334
vn 0.7779 0.4581 -0.4301
vn 0.9083 0.3186 -0.2712
vn 0.4581 0.6405 0.6164
vn 0.8728 0.2965 -0.3877
vn 0.8728 0.2976 -0.3868
vn 0.8746 0.2970 -0.3833
vn 0.2130 0.0224 -0.9768
vn 0.7911 0.5915 0.1558
vn 0.2528 0.9207 0.2972
vn 0.9875 0.1574 -0.0109
vn 0.9873 0.1583 -0.0110
vn 0.9880 0.1540 -0.0109
vn 0.6406 0.7665 -0.0451
vn 0.6426 0.7648 -0.0461
vn 0.6435 0.7641 -0.0466
vn -0.1937 0.9668 0.1664
vn 0.7986 0.5875 -0.1308
vn -0.8880 -0.3059 -0.3433
vn 0.8618 -0.4653 0.2021
vn 0.6056 0.7953 0.0283
vn -0.0085 -0.0557 -0.9984
vn 0.2660 0.8438 -0.4661
vn 0.5657 -0.8246 0.0015
vn 0.7736 0.3382 -0.5359
vn 0.4921 0.8683 -0.0623
vn 0.4420 0.8501 0.2864
vn 0.7029 0.6630 0.2576
vn 0.1391 0.3262 0.9350
vn 0.6841 0.3250 0.6530
vn 0.7800 0.2106 0.5893
vn 0.1900 0.4353 0.8800
vn 0.7191 0.4511 0.5285
vn 0.1862 0.0021 0.9825
vn 0.7606 0.5988 0.2508
vn 0.7632 0.5976 0.2460
vn 0.7648 0.5962 0.2442
vn 0.7855 0.5829 0.2080
vn 0.8258 0.5593 -0.0730
vn 0.1253 0.3529 0.9272
vn 0.5590 0.2693 0.7843
vn -0.2930 -0.5389 -0.7897
vn -0.2953 -0.5367 -0.7904
vn -0.2952 -0.5363 -0.7907
vn -0.4099 0.2542 -0.8760
vn 0.8867 0.4600 0.0457
vn 0.7211 0.4035 0.5632
vn 0.7611 0.4953 0.4188
vn 0.1032 -0.2226 -0.9694
vn -0.6757 0.7009 0.2284
vn -0.8568 -0.3477 -0.3808
vn -0.6948 -0.6841 -0.2218
vn -0.3159 -0.9380 -0.1427
vn -0.8087 0.5868 -0.0400
vn -0.9507 0.3065 0.0474
vn -0.5839 -0.7796 -0.2264
vn -0.2019 -0.9746 -0.0966
vn -0.2959 0.9526 0.0707
vn -0.1894 0.7041 -0.6844
vn -0.1508 0.7391 -0.6565
vn -0.3423 -0.0993 -0.9343
vn 0.0456 -0.8532 -0.5195
vn -0.3085 -0.5060 -0.8054
vn -0.1674 -0.8116 -0.5598
vn -0.3694 -0.0170 -0.9291
vn 0.1908 0.6948 -0.6935
vn 0.1754 0.6615 -0.7291
vn -0.1857 -0.6483 -0.7384
vn -0.0293 -0.3276 -0.9444
vn -0.0600 -0.3118 -0.9483
vn 0.1019 -0.4142 -0.9045
vn -0.0801 -0.8929 -0.4430
vn -0.0801 -0.8933 -0.4423
vn -0.0804 -0.8964 -0.4359
vn -0.0195 -0.4288 -0.9032
vn -0.1854 0.5233 -0.8317
vn -0.9461 0.3239 -0.0046
vn -0.4214 -0.0948 -0.9019
vn 0.0269 -0.9512 -0.3074
vn -0.0405 -0.9664 -0.2539
vn -0.3863 0.7619 -0.5198
vn -0.2308 0.7875 -0.5715
vn -0.2298 0.7854 -0.5748
vn -0.2294 0.7847 -0.5759
vn -0.3900 0.9208 -0.0071
vn -0.1097 -0.0834 -0.9905
vn -0.7980 -0.3279 -0.5057
vn -0.8247 0.5645 0.0347
vn -0.8281 0.5592 0.0395
vn -0.8243 0.5651 0.0344
vn -0.6314 0.7735 0.0550
vn -0.6305 0.7723 0.0783
vn -0.3550 0.8840 0.3042
vn -0.0313 0.7765 -0.6294
vn -0.0862 0.7824 -0.6168
vn -0.9316 -0.0053 -0.3635
vn -0.9643 -0.2610 -0.0459
vn -0.4721 0.8266 -0.3063
vn -0.7994 0.4804 -0.3608
vn 0.1434 0.7130 -0.6863
vn 0.1163 0.3603 -0.9256
vn -0.3571 -0.6473 -0.6735
vn -0.2058 -0.8679 -0.4520
vn -0.0805 -0.8970 -0.4346
vn -0.6632 0.7478 0.0305
vn -0.6688 0.7419 0.0476
vn -0.6338 0.7732 -0.0239
vn -0.0498 -0.8257 -0.5619
vn -0.2155 -0.1248 -0.9685
vn -0.1221 0.5046 -0.8547
vn -0.0960 0.6462 -0.7571
vn -0.1165 0.7104 -0.6941
vn -0.1871 0.7933 -0.5794
vn -0.0648 0.7471 -0.6616
vn -0.0630 0.7464 -0.6626
vn -0.0567 0.7438 -0.6660
vn 0.0562 -0.9472 -0.3156
vn -0.1017 -0.7871 -0.6084
vn -0.0921 -0.8647 -0.4937
vn 0.0070 -0.8909 -0.4542
vn 0.0026 -0.8919 -0.4523
vn 0.0021 -0.8919 -0.4522
vn -0.3971 -0.4931 -0.7741
vn -0.3368 -0.5126 -0.7898
vn -0.3356 -0.5120 -0.7907
vn -0.3295 -0.5093 -0.7950
vn -0.0848 -0.7526 -0.6530
vn -0.0599 -0.9343 -0.3515
vn 0.0294 -0.9460 -0.3229
vn -0.0384 -0.9567 -0.2886
vn -0.5294 0.7797 0.3343
vn 0.0375 0.8914 0.4517
vn 0.2990 0.6821 -0.6673
vn -0.0810 0.7920 -0.6052
vn -0.0264 0.9994 0.0205
vn -0.2135 0.9303 0.2983
vn -0.2169 0.9175 0.3333
vn -0.2168 0.9175 0.3333
vn -0.2175 0.9176 0.3326
vn 0.0690 -0.9909 -0.1159
vn -0.0667 0.5523 -0.8310
vn 0.0467 0.8019 -0.5956
vn 0.0637 0.9887 0.1360
vn -0.1431 -0.9361 -0.3212
vn 0.1052 -0.7309 -0.6743
vn -0.2324 -0.9581 0.1676
vn -0.5289 -0.8485 -0.0185
vn -0.7691 -0.6036 -0.2100
vn -0.8188 -0.5377 -0.2013
vn -0.8189 -0.5374 -0.2015
vn -0.8187 -0.5378 -0.2012
vn -0.7975 -0.5691 -0.2000
vn -0.9416 -0.3312 -0.0612
vn -0.9637 0.2652 -0.0307
vn -0.7222 0.6896 -0.0541
vn -0.6218 0.7783 -0.0869
vn -0.7971 0.5689 0.2027
vn -0.6067 0.7077 0.3621
vn 0.0964 0.4982 -0.8617
vn -0.0416 -0.9818 0.1852
vn -0.0416 -0.9818 0.1854
vn -0.0412 -0.9813 0.1880
vn 0.7401 0.3270 -0.5877
vn -0.7707 -0.6341 0.0628
vn 0.8908 0.1304 0.4352
vn 0.8918 0.1222 0.4356
vn 0.8919 0.1218 0.4356
vn 0.2302 0.9078 -0.3506
vn 0.1469 0.6823 0.7161
vn 0.7079 0.4370 0.5549
vn 0.5746 0.6455 0.5032
vn 0.7120 0.7019 -0.0181
vn 0.5393 0.7994 0.2647
vn 0.6184 -0.7515 -0.2297
vn 0.9288 0.3705 0.0064
vn -0.4555 0.8090 -0.3716
vn 0.1380 0.6601 -0.7384
vn -0.6121 0.7155 -0.3368
vn -0.9928 0.0545 0.1066
vn -0.9757 0.0824 0.2030
vn -0.8730 0.1907 0.4489
vn -0.7895 0.2129 0.5756
vn -0.7896 0.2131 0.5755
vn -0.7903 0.2112 0.5751
vn -0.6793 0.1497 0.7184
vn -0.6064 0.1465 0.7815
vn -0.4710 0.2176 0.8549
vn -0.1743 0.3347 0.9261
vn -0.1602 0.9550 0.2495
vn -0.5114 0.8123 0.2805
vn -0.7585 0.5736 0.3094
vn -0.8110 0.5549 0.1854
vn -0.8121 0.5528 0.1869
vn -0.8107 0.5555 0.1849
vn -0.8468 0.5116 0.1456
vn -0.1458 -0.0522 0.9879
vn -0.2722 0.0734 0.9594
vn -0.4541 0.2851 0.8441
vn -0.6404 0.3136 0.7011
vn -0.7354 0.2020 0.6468
vn -0.7377 0.2022 0.6442
vn -0.7381 0.2022 0.6437
vn -0.7580 0.1375 0.6376
vn -0.7872 0.1496 0.5983
vn -0.8126 0.1306 0.5680
vn -0.8088 -0.0304 0.5873
vn -0.9355 -0.0387 0.3512
vn -0.9460 0.2613 0.1919
vn -0.3085 0.8965 -0.3179
vn -0.4889 0.8718 -0.0293
vn -0.7322 0.6757 0.0854
vn -0.7254 0.6824 0.0907
vn -0.7262 0.6814 0.0914
vn -0.7326 0.6754 0.0846
vn -0.9226 0.3154 0.2222
vn -0.9300 0.3571 -0.0874
vn -0.9306 0.3548 -0.0902
vn -0.9298 0.3575 -0.0872
vn -0.8457 0.4683 0.2559
vn -0.8261 0.4889 0.2802
vn -0.8646 0.4358 -0.2503
vn -0.7514 0.6424 0.1506
vn -0.7520 0.6416 0.1511
vn -0.7433 0.6509 0.1547
vn -0.7311 0.6505 0.2059
vn -0.1589 0.3173 0.9349
vn -0.3168 0.4167 0.8521
vn -0.4560 0.5015 0.7352
vn -0.6475 0.3791 0.6611
vn -0.7477 0.2771 0.6035
vn -0.7838 0.1803 0.5942
vn -0.7835 0.1794 0.5949
vn -0.7830 0.1808 0.5952
vn -0.7833 0.1851 0.5935
vn -0.7820 0.1901 0.5936
vn -0.8313 0.0831 0.5496
vn -0.7994 0.0223 0.6003
vn -0.9226 -0.1074 0.3706
vn -0.9463 -0.2814 0.1591
vn -0.7528 -0.3940 0.5273
vn -0.9047 0.1414 0.4019
vn -0.8009 0.1766 0.5722
vn -0.8151 0.1835 0.5495
vn -0.6358 0.6921 0.3417
vn -0.5616 0.3028 0.7700
vn -0.4419 0.3108 0.8415
vn -0.3579 0.3318 0.8728
vn -0.2143 0.3861 0.8972
vn -0.0598 0.3624 0.9301
vn -0.0359 0.0488 0.9982
vn -0.1295 0.0317 0.9911
vn -0.1883 0.9457 0.2649
vn -0.0628 0.9232 0.3792
vn -0.1076 0.7980 -0.5930
vn -0.0182 0.8371 -0.5468
vn -0.5885 0.7497 -0.3026
vn -0.1703 0.8067 0.5659
vn -0.5393 0.5579 0.6308
vn -0.6913 0.4290 0.5814
vn -0.7825 0.2525 0.5692
vn -0.9074 0.4179 0.0451
vn -0.7774 0.6289 -0.0129
vn -0.7740 0.6332 -0.0088
vn -0.7780 0.6281 -0.0137
vn -0.8861 0.4170 0.2025
vn -0.9221 0.3848 0.0413
vn -0.9219 0.3852 0.0411
vn -0.9221 0.3849 0.0392
vn -0.9768 0.2011 0.0741
vn -0.9198 0.3620 0.1513
vn -0.8195 0.5348 0.2061
vn -0.5433 0.8188 0.1852
vn -0.5784 0.7749 0.2549
vn -0.7240 0.6471 0.2389
vn -0.7229 0.6482 0.2394
vn -0.7300 0.6416 0.2353
vn -0.7062 0.7080 0.0075
vn -0.7526 0.6194 0.2234
vn -0.7242 0.6556 0.2137
vn -0.7535 0.6256 0.2018
vn -0.8362 0.5224 0.1666
vn -0.8670 0.4738 0.1542
vn -0.9064 0.3945 0.1507
vn -0.8451 0.4467 0.2936
vn -0.9014 0.4327 0.0158
vn -0.8353 0.2613 0.4838
vn -0.8304 0.2183 0.5127
vn -0.8688 0.4784 0.1278
vn -0.8250 0.4546 0.3357
vn -0.9328 0.2933 0.2096
vn -0.9733 0.1659 0.1584
vn -0.9756 0.1632 0.1472
vn -0.9730 0.1665 0.1599
vn -0.9297 0.3563 0.0927
vn -0.9461 0.3137 0.0806
vn -0.9601 0.2621 0.0971
vn -0.9603 0.2712 0.0651
vn -0.9569 0.2695 -0.1085
vn -0.9789 0.1785 0.0996
vn -0.9712 0.2258 0.0754
vn -0.9891 0.0703 0.1297
vn -0.9828 0.1653 0.0817
vn -0.9940 0.0827 0.0719
vn -0.9960 0.0523 0.0723
vn -0.9954 0.0417 0.0865
vn -0.9884 0.1277 0.0822
vn -0.9761 0.1840 0.1155
vn -0.2367 0.9697 0.0612
vn -0.4498 0.8866 -0.1078
vn -0.5527 0.8261 -0.1096
vn -0.7809 0.6210 0.0675
vn -0.7840 0.6167 0.0711
vn -0.7798 0.6226 0.0662
vn -0.7939 0.6052 0.0594
vn -0.9583 0.2434 0.1498
vn -0.9605 0.2556 -0.1102
vn -0.8553 0.5060 -0.1112
vn -0.8079 0.5708 0.1462
vn -0.9462 0.3040 0.1107
vn -0.9444 0.3105 0.1080
vn -0.9443 0.3110 0.1077
vn -0.1873 0.9077 -0.3755
vn -0.1684 0.9115 -0.3753
vn 0.1414 -0.8119 0.5664
vn 0.5249 0.7346 0.4299
vn 0.1873 -0.7917 -0.5814
vn 0.2096 0.7459 0.6322
vn 0.6601 0.7260 -0.1931
vn 0.2924 0.9393 0.1794
vn 0.8979 0.3988 -0.1866
vn 0.3665 0.6600 0.6558
vn 0.2415 0.8090 0.5359
vn 0.6199 0.6921 -0.3698
vn -0.0081 0.9932 -0.1161
vn 0.2371 0.9670 0.0937
vn 0.4329 0.8798 0.1962
vn -0.4504 -0.7350 -0.5069
vn 0.9982 -0.0388 -0.0463
vn 0.9396 0.3325 0.0809
vn 0.1382 0.4780 -0.8674
vn -0.2622 -0.9182 0.2969
vn -0.5664 -0.8229 0.0440
vn 0.8759 0.3902 0.2840
vn 0.8299 0.3940 -0.3949
vn 0.7948 0.3556 -0.4918
vn 0.7048 0.7089 -0.0247
vn 0.2597 0.4897 -0.8323
vn -0.3529 0.9355 -0.0197
vn 0.9816 -0.0226 0.1895
vn -0.5855 -0.7796 0.2222
vn -0.6186 -0.7594 0.2015
vn -0.6155 -0.7609 0.2054
vn -0.6146 -0.7612 0.2070
vn -0.6501 -0.6401 0.4095
vn -0.6497 -0.6404 0.4095
vn -0.6500 -0.6402 0.4095
vn 0.1132 0.9212 -0.3721
vn -0.1868 -0.9809 0.0538
vn 0.8756 0.0789 -0.4766
vn 0.6593 0.5005 -0.5611
vn -0.6208 -0.6661 0.4135
vn 0.7563 0.5518 -0.3513
vn 0.3350 0.6363 0.6949
vn 0.3363 0.6369 0.6937
vn 0.3431 0.6391 0.6883
vn 0.1968 0.5758 -0.7936
vn -0.4774 -0.5202 0.7081
vn -0.0010 -0.9881 0.1538
vn 0.2673 0.5394 -0.7985
vn 0.5652 0.6328 0.5292
vn -0.5303 -0.2894 -0.7969
vn -0.1496 0.0166 -0.9886
vn 0.9979 0.0137 -0.0634
vn 0.9607 0.2614 0.0934
vn -0.6174 -0.7347 0.2812
vn -0.4612 -0.6898 -0.5580
vn 0.5745 0.7770 0.2573
vn -0.8545 -0.4799 0.1988
vn -0.9454 0.2915 0.1458
vn -0.6346 -0.0367 0.7719
vn -0.9808 0.1785 0.0790
vn -0.8410 0.1343 0.5241
vn -0.7662 0.5860 -0.2638
vn -0.6444 0.6637 -0.3797
vn -0.6417 0.6605 -0.3898
vn -0.6419 0.6601 -0.3901
vn -0.6303 0.6741 -0.3851
vn -0.3419 0.8853 0.3151
vn -0.3933 0.8734 0.2873
vn -0.4156 0.8393 0.3505
vn -0.4144 0.6097 0.6757
vn -0.4804 0.8130 0.3289
vn -0.4815 0.8105 0.3336
vn -0.4798 0.8141 0.3272
vn 0.1889 -0.3914 -0.9006
vn 0.1035 -0.4771 0.8727
vn -0.1079 0.4915 -0.8641
vn -0.1138 0.4886 -0.8651
vn -0.1166 0.4873 -0.8654
vn 0.2103 -0.0462 -0.9765
vn -0.4081 0.7576 0.5093
vn -0.5000 0.8475 0.1780
vn -0.5006 0.8473 0.1771
vn -0.4979 0.8488 0.1782
vn -0.6491 0.7306 -0.2119
vn -0.6259 0.7763 -0.0755
vn -0.4578 0.8393 -0.2933
vn -0.5152 0.8406 -0.1671
vn -0.3325 0.8978 -0.2889
vn -0.3961 0.8639 -0.3110
vn -0.3413 0.8416 -0.4186
vn -0.4173 0.8909 -0.1794
vn -0.3709 0.8719 -0.3197
vn -0.6460 0.6629 -0.3785
vn -0.6427 0.6640 -0.3821
vn -0.6110 0.6888 -0.3902
vn -0.6109 0.6887 -0.3904
vn -0.6121 0.6874 -0.3910
vn 0.8074 0.5898 -0.0170
vn 0.4593 0.8796 0.1239
vn 0.8447 -0.2579 -0.4690
vn 0.7393 -0.6731 0.0210
vn -0.4097 -0.8719 -0.2683
vn 0.2919 -0.8233 -0.4869
vn 0.2232 -0.6192 0.7529
vn 0.7617 0.1720 0.6247
vn 0.6621 0.7482 0.0419
vn 0.5549 0.8198 -0.1416
vn 0.9315 0.1710 0.3212
vn -0.3972 -0.2331 0.8876
vn -0.1020 0.1536 0.9829
vn -0.1015 0.1543 0.9828
vn 0.6246 0.7067 0.3323
vn -0.1266 0.6122 0.7805
vn 0.5867 0.6334 -0.5045
vn 0.5860 0.6341 -0.5045
vn 0.5864 0.6342 -0.5039
vn 0.6415 0.5934 -0.4861
vn 0.5584 0.6605 -0.5019
vn 0.8343 0.3182 0.4501
vn 0.7377 0.4364 -0.5151
vn 0.7376 0.4360 -0.5156
vn 0.7384 0.4389 -0.5120
vn 0.5933 0.7292 -0.3410
vn 0.0830 0.8319 0.5487
vn 0.8104 0.5648 -0.1559
vn 0.8224 0.3201 0.4703
vn 0.3702 0.6952 0.6162
vn -0.6712 0.4531 0.5867
vn 0.5329 0.8050 0.2606
vn 0.0476 0.9166 0.3970
vn 0.2733 0.8397 0.4693
vn 0.6538 0.6101 0.4476
vn 0.1184 0.3030 -0.9456
vn -0.3527 0.9305 -0.0990
vn -0.3184 0.9067 -0.2765
vn -0.7824 0.5303 0.3266
vn -0.7762 0.6255 0.0789
vn -0.4295 0.2226 0.8752
vn -0.0331 -0.0777 0.9964
vn -0.4708 0.5278 -0.7070
vn -0.6818 0.5784 -0.4478
vn -0.8112 0.1348 -0.5691
vn -0.7741 0.6280 -0.0798
vn -0.5504 0.8080 -0.2104
vn -0.7145 0.6545 -0.2470
vn -0.7145 0.6543 -0.2479
vn -0.7153 0.6561 -0.2406
vn -0.6005 0.6878 -0.4079
vn -0.6096 0.6793 -0.4086
vn -0.6021 0.6876 -0.4059
vn -0.4095 0.3673 0.8351
vn -0.1387 -0.4477 0.8833
vn -0.1342 -0.8545 0.5017
vn -0.0798 0.7789 -0.6220
vn -0.4031 0.8992 0.1700
vn -0.0373 0.0173 -0.9992
vn -0.0373 0.0178 -0.9991
vn 0.3544 0.8237 -0.4425
vn 0.3359 0.4826 0.8089
vn -0.4718 0.5924 -0.6530
vn -0.2970 0.6183 0.7277
vn 0.5340 0.7485 -0.3932
vn 0.9660 0.2579 0.0187
vn -0.4144 0.6094 -0.6759
vn -0.4140 0.6093 -0.6763
vn 0.0932 -0.1876 0.9778
vn -0.1328 -0.8079 -0.5742
vn -0.1147 -0.8896 -0.4421
vn -0.2039 0.7601 0.6170
vn -0.0745 0.9841 -0.1614
vn -0.4940 0.8316 -0.2536
vn -0.4525 0.6962 -0.5573
vn -0.0965 0.9877 0.1234
vn -0.1436 0.9139 0.3798
vn 0.1170 0.9744 -0.1920
vn 0.0672 0.8762 -0.4772
vn -0.4114 0.5726 0.7091
vn -0.4089 0.5704 0.7124
vn -0.4080 0.5703 0.7129
vn -0.3747 0.7506 0.5443
vn 0.1135 -0.0859 0.9898
vn -0.0227 0.8032 -0.5952
vn -0.0079 0.5353 0.8446
vn -0.2008 -0.4143 -0.8877
vn -0.2016 -0.5013 -0.8415
vn -0.2015 -0.5015 -0.8414
vn -0.2013 -0.5017 -0.8413
vn -0.1087 -0.9438 0.3122
vn -0.1040 -0.9939 -0.0379
vn -0.1003 -0.9945 -0.0312
vn -0.1044 -0.9938 -0.0388
vn -0.6416 -0.5367 -0.5479
vn 0.9538 0.2352 0.1870
vn -0.3476 0.2744 0.8966
vn -0.3661 0.2121 0.9061
vn -0.3881 0.8993 -0.2016
vn -0.6938 -0.5231 0.4949
vn 0.7560 0.6545 0.0035
vn 0.4866 -0.1058 -0.8672
vn -0.0633 0.8583 -0.5092
vn -0.0251 -0.9756 -0.2181
vn -0.0807 -0.9888 -0.1259
vn -0.0805 -0.9886 -0.1273
vn -0.0861 -0.9890 -0.1199
vn -0.0878 -0.9882 -0.1258
vn -0.0884 -0.9881 -0.1257
vn -0.4315 0.6372 -0.6386
vn 0.2747 -0.8388 0.4701
vn -0.5097 -0.7960 -0.3264
vn -0.1434 0.7130 -0.6863
vn 0.3431 -0.7366 0.5829
vn -0.1194 -0.8764 0.4666
vn -0.1567 -0.9168 0.3674
vn -0.0925 0.8844 -0.4575
vn 0.0703 -0.3607 0.9300
vn 0.1528 -0.5590 -0.8149
vn -0.0592 -0.7124 0.6993
vn 0.0021 0.3477 -0.9376
vn 0.6938 0.6631 -0.2811
vn 0.0219 0.9728 0.2305
vn 0.9019 0.3650 0.2308
vn 0.4277 0.8120 -0.3971
vn 0.0519 0.8006 -0.5969
vn 0.0519 0.8000 -0.5977
vn 0.0518 0.8026 -0.5943
vn 0.0696 0.7868 -0.6133
vn -0.1864 0.9162 0.3547
vn 0.0603 0.8462 -0.5294
vn -0.0786 0.7504 0.6563
vn -0.3724 0.7214 -0.5839
vn -0.4294 0.6251 -0.6519
vn 0.6871 0.6415 -0.3412
vn -0.2210 0.9713 -0.0878
vn -0.6390 -0.7202 0.2702
vn -0.0373 0.0168 -0.9992
vn -0.0641 0.5054 -0.8605
vn -0.0700 0.5004 -0.8630
vn -0.0635 0.5057 -0.8603
vn 0.5102 -0.4473 0.7346
vn 0.3081 0.9259 -0.2185
vn -0.0777 -0.5691 -0.8186
vn -0.5443 -0.7303 -0.4128
vn 0.7732 0.5428 0.3279
vn -0.2941 0.8734 0.3881
vn -0.3783 0.8137 0.4414
vn -0.3806 0.8148 0.4373
vn -0.3815 0.8147 0.4367
vn -0.5829 0.8126 0.0048
vn 0.8583 0.5040 0.0961
vn 0.2644 0.9127 0.3116
vn 0.6025 0.7975 0.0316
vn -0.7841 0.4500 -0.4274
vn -0.6602 0.6301 -0.4088
vn -0.7726 0.3119 -0.5531
vn -0.8668 0.3427 -0.3622
vn -0.8448 0.3724 -0.3843
vn -0.8537 0.2639 -0.4490
vn -0.8503 0.2641 -0.4552
vn -0.8537 0.2645 -0.4485
vn -0.8403 0.2218 -0.4947
vn -0.8441 0.2316 -0.4835
vn -0.8428 0.2315 -0.4860
vn -0.8442 0.2313 -0.4835
vn 0.9292 0.3580 0.0920
vn 0.9011 0.3983 0.1714
vn 0.0769 0.9211 -0.3816
vn 0.0781 0.9218 -0.3796
vn 0.0785 0.9220 -0.3790
vn 0.4715 0.8814 -0.0281
vn -0.6198 0.6622 -0.4211
vn -0.6161 0.7725 -0.1538
vn -0.6033 0.7743 0.1913
vn -0.6933 0.4155 0.5888
vn -0.5712 0.6284 0.5281
vn -0.5399 0.7185 0.4385
vn -0.5818 0.4634 0.6684
vn -0.7688 0.3458 0.5379
vn -0.8543 0.4659 0.2304
vn -0.8531 0.4646 0.2374
vn -0.8528 0.4636 0.2405
vn -0.8318 0.5135 0.2108
vn -0.5390 0.1793 0.8230
vn -0.6593 0.3473 0.6669
vn -0.6143 0.4928 0.6163
vn -0.6151 0.4898 0.6178
vn -0.6156 0.4907 0.6167
vn -0.7328 0.6804 0.0080
vn -0.5769 0.8159 0.0387
vn -0.8323 0.5237 0.1816
vn -0.8321 0.5238 0.1822
vn -0.8318 0.5237 0.1840
vn -0.7843 0.5064 0.3582
vn -0.7304 0.3348 -0.5953
vn -0.7510 0.3764 -0.5425
vn -0.7054 0.4462 0.5508
vn -0.4990 0.7401 0.4509
vn 0.1392 0.7854 0.6031
vn 0.5699 0.7115 -0.4111
vn 0.5791 0.7029 -0.4130
vn 0.5785 0.7031 -0.4135
vn 0.0268 0.9031 -0.4286
vn -0.6480 0.7031 -0.2929
vn -0.1640 0.9863 -0.0177
vn 0.2594 0.8963 -0.3596
vn -0.6587 0.6383 -0.3984
vn -0.2323 0.9364 -0.2629
vn 0.1833 0.9353 -0.3028
vn -0.6012 0.7227 -0.3410
vn -0.5969 0.2802 0.7518
vn 0.7395 0.6590 0.1374
vn 0.7382 0.6606 0.1365
vn 0.7433 0.6559 0.1315
vn 0.5126 0.7062 0.4884
vn 0.8070 -0.0319 0.5896
vn 0.1847 0.0088 0.9828
vn 0.7898 0.5952 0.1480
vn 0.7892 0.5963 0.1470
vn 0.7870 0.6003 0.1422
vn 0.9575 0.2676 0.1081
vn 0.9573 0.2680 0.1084
vn 0.9565 0.2701 0.1105
vn 0.7093 0.7006 -0.0780
vn 0.2842 0.9237 -0.2568
vn 0.9563 0.2705 0.1109
vn 0.1278 0.0216 -0.9916
vn 0.3224 0.4225 0.8470
vn 0.1804 -0.9500 0.2549
vn 0.1051 -0.9930 0.0531
vn 0.3117 0.3320 0.8903
vn 0.5040 0.7655 -0.4000
vn 0.3909 0.9171 -0.0782
vn -0.1734 -0.6649 0.7265
vn 0.2554 0.7902 0.5571
vn 0.4303 0.7985 0.4209
vn -0.1696 -0.0886 -0.9815
vn 0.2247 0.9289 0.2943
vn -0.1001 -0.1531 0.9831
vn 0.1666 -0.9205 -0.3536
vn -0.1494 0.9579 -0.2453
vn 0.1818 0.5940 0.7837
vn 0.2049 0.3988 0.8939
vn 0.0885 -0.5216 0.8486
vn 0.2316 -0.2877 -0.9293
vn 0.4419 0.8599 0.2555
vn 0.6154 0.6016 0.5093
vn 0.5833 0.7242 -0.3678
vn 0.6701 0.6590 -0.3417
vn 0.8368 0.2874 -0.4659
vn 0.1069 0.8094 0.5775
vn 0.2751 0.9349 -0.2244
vn 0.2753 0.9343 -0.2266
vn 0.2747 0.9368 -0.2166
vn 0.8987 0.4311 -0.0802
vn 0.7001 0.7084 0.0898
vn 0.3643 0.8930 -0.2642
vn 0.3650 0.8924 -0.2652
vn 0.3686 0.8892 -0.2711
vn 0.9691 0.2188 0.1137
vn 0.9214 -0.2286 0.3143
vn -0.3022 0.6996 0.6475
vn -0.3321 0.8118 0.4803
vn -0.0416 0.9943 0.0983
vn -0.2773 0.9550 -0.1052
vn 0.4576 0.8461 0.2734
vn 0.2279 0.8444 0.4849
vn -0.0017 0.4084 0.9128
vn 0.0596 0.8693 0.4907
vn -0.1162 0.9558 -0.2701
vn 0.0011 -0.1981 0.9802
vn -0.1082 0.7390 0.6649
vn -0.2202 0.9489 0.2262
vn -0.0300 0.9330 -0.3586
vn -0.0200 0.8899 -0.4557
vn -0.0210 0.8907 -0.4542
vn -0.0195 0.8898 -0.4559
vn -0.0105 0.9999 0.0134
vn -0.0593 0.4756 0.8777
vn -0.1535 0.3276 0.9323
vn -0.1769 0.3340 0.9258
vn 0.3982 0.7392 -0.5431
vn 0.0650 -0.8848 0.4614
vn 0.0290 -0.7249 0.6882
vn 0.0180 0.5293 -0.8483
vn 0.1293 -0.9794 -0.1554
vn 0.1878 -0.9601 -0.2070
vn 0.1944 -0.9571 -0.2149
vn 0.1949 -0.9568 -0.2159
vn -0.0501 0.8946 -0.4440
vn 0.1738 0.9739 -0.1460
vn 0.1706 0.9750 -0.1424
vn 0.1742 0.9738 -0.1461
vn 0.1204 -0.9386 0.3233
vn 0.1204 -0.9388 0.3229
vn 0.1204 -0.9393 0.3212
vn 0.2493 0.7721 -0.5845
vn 0.0031 0.9482 0.3178
vn 0.0578 0.9374 0.3434
vn 0.0303 0.0736 -0.9968
vn 0.0263 0.0733 -0.9970
vn 0.6271 0.6841 -0.3724
vn 0.8004 0.5096 -0.3155
vn 0.3990 0.8306 -0.3884
vn -0.1643 0.9280 0.3344
vn 0.7339 0.4473 -0.5112
vn -0.8393 0.2917 -0.4588
vn -0.0017 0.9329 -0.3601
vn -0.4397 0.8735 0.2087
vn -0.2771 0.7403 0.6126
vn -0.3584 0.8305 -0.4263
vn -0.3604 0.8296 -0.4265
vn 0.8758 0.2981 -0.3796
vn -0.1068 0.8133 -0.5720
vn 0.3180 0.8272 -0.4633
vn 0.0142 0.8569 -0.5153
vn 0.6406 0.6884 -0.3404
vn -0.3176 0.8192 -0.4776
vn -0.3110 0.8245 -0.4727
vn -0.3180 0.8189 -0.4778
vn -0.3360 0.8925 -0.3009
vn -0.3449 0.8867 -0.3079
vn -0.3355 0.8927 -0.3007
vn -0.3522 0.6092 -0.7105
vn -0.2794 0.7535 -0.5952
vn -0.3895 0.7341 -0.5562
vn -0.4344 0.6998 -0.5671
vn -0.4293 0.0965 -0.8980
vn -0.4311 0.2707 -0.8607
vn -0.9077 0.1693 -0.3839
vn -0.9659 0.2110 -0.1504
vn -0.7342 0.5705 -0.3680
vn -0.7348 0.5692 -0.3690
vn -0.7358 0.5673 -0.3698
vn -0.7972 0.3797 -0.4694
vn -0.6603 0.6521 -0.3724
vn -0.3230 0.7522 0.5743
vn -0.5783 0.6931 -0.4303
vn -0.1733 0.7791 -0.6024
vn -0.4295 0.7508 -0.5018
vn -0.4849 0.7904 -0.3744
vn -0.4298 0.8618 -0.2695
vn -0.2127 0.8643 -0.4557
vn -0.9153 0.3744 0.1487
vn -0.9506 0.2660 -0.1602
vn -0.8552 0.3072 -0.4175
vn -0.7908 0.3343 -0.5128
vn -0.6761 0.4071 -0.6142
vn -0.5680 0.6821 0.4605
vn -0.8183 0.5621 0.1200
vn 0.2185 0.8394 -0.4976
vn -0.4588 0.7382 -0.4946
vn -0.3442 0.8264 -0.4456
vn -0.5291 0.7497 -0.3976
vn -0.4941 0.7827 -0.3784
vn -0.4390 0.8451 -0.3052
vn -0.4379 0.8463 -0.3033
vn -0.4377 0.8466 -0.3028
vn -0.6036 0.7429 -0.2894
vn -0.6047 0.7423 -0.2889
vn -0.5641 0.7491 -0.3474
vn -0.2994 0.9009 -0.3143
vn -0.2681 0.9163 -0.2976
vn 0.7513 0.4625 0.4709
vn -0.0647 0.3635 0.9293
vn -0.7519 0.6380 -0.1664
vn -0.8800 0.4741 0.0288
vn -0.9865 0.1618 0.0250
vn -0.9083 0.3627 0.2083
vn 0.5456 0.7805 -0.3052
vn 0.5462 0.7806 -0.3037
vn 0.5466 0.7779 -0.3100
vn -0.3695 -0.2045 -0.9064
vn -0.3698 -0.2043 -0.9064
vn -0.3647 -0.2072 -0.9078
vn -0.0587 0.1138 -0.9918
vn 0.5212 0.2906 0.8025
vn -0.5353 0.2679 -0.8011
vn -0.5829 0.3864 -0.7148
vn -0.3175 -0.1984 -0.9273
vn -0.1679 -0.1273 -0.9776
vn -0.6694 0.6735 -0.3135
vn -0.6691 0.6738 -0.3135
vn -0.6673 0.6742 -0.3165
vn 0.0878 0.9786 0.1862
vn 0.3585 0.6305 -0.6885
vn 0.2434 0.7974 -0.5522
vn 0.4617 0.7657 0.4478
vn 0.7597 0.6219 -0.1900
vn 0.8722 0.3271 -0.3637
vn 0.4027 0.8395 -0.3648
vn -0.0875 0.8415 -0.5331
vn 0.7121 0.3368 0.6160
vn -0.2535 0.9481 0.1921
vn -0.0898 0.9960 0.0018
vn -0.0903 0.9959 0.0020
vn -0.0905 0.9959 0.0021
vn 0.3735 0.8504 -0.3705
vn 0.2271 0.9243 -0.3068
vn 0.4009 0.8593 -0.3176
vn 0.7509 0.3588 -0.5544
vn 0.6132 0.7869 0.0696
vn 0.6143 0.7854 0.0762
vn 0.6146 0.7852 0.0754
vn 0.5186 0.4444 0.7304
vn 0.8256 0.3934 -0.4045
vn 0.8401 0.5036 -0.2012
vn 0.8400 0.5039 -0.2012
vn 0.8390 0.5061 -0.1999
vn 0.6346 0.1968 0.7474
vn 0.5151 0.8551 -0.0585
vn 0.3378 0.8549 -0.3938
vn 0.7241 0.6066 0.3282
vn 0.3314 0.6896 -0.6439
vn 0.6393 0.7275 -0.2490
vn 0.5059 0.5247 -0.6847
vn -0.0652 0.9230 0.3794
vn 0.8684 0.3093 -0.3877
vn 0.6520 0.4489 0.6111
vn 0.6521 0.4489 0.6109
vn 0.6520 0.4488 0.6112
vn -0.1857 0.8891 0.4184
vn -0.1737 0.8929 0.4154
vn -0.1794 0.8912 0.4167
vn 0.8522 0.3756 -0.3643
vn -0.2361 0.9460 -0.2221
vn 0.3450 0.8846 -0.3137
vn 0.3334 0.8865 -0.3207
vn 0.3444 0.8847 -0.3141
vn 0.7552 0.6232 0.2031
vn 0.8061 0.5232 0.2766
vn 0.8594 0.4795 0.1777
vn 0.8594 0.4794 0.1775
vn 0.8593 0.4796 0.1779
vn 0.9013 0.3950 0.1779
vn 0.9021 0.3949 0.1742
vn 0.9022 0.3949 0.1736
vn 0.8513 0.4954 0.1727
vn 0.8626 0.4688 0.1900
vn -0.7006 0.7121 -0.0460
vn -0.6902 0.7224 -0.0419
vn -0.3842 0.9174 0.1040
vn -0.3409 0.9371 0.0747
vn 0.0833 0.9626 0.2576
vn 0.0723 0.9972 0.0171
vn -0.0317 0.8457 0.5327
vn 0.1939 0.9195 -0.3418
vn 0.0575 0.9281 -0.3678
vn 0.7326 0.6590 -0.1702
vn 0.4767 0.4170 -0.7739
vn -0.3947 0.6890 0.6079
vn -0.6997 0.6109 0.3705
vn -0.6992 0.6813 0.2167
vn -0.6465 0.7530 0.1225
vn -0.7531 0.6447 0.1307
vn -0.4962 0.8311 0.2512
vn -0.6973 0.6660 0.2649
vn -0.7100 0.7035 0.0323
vn -0.4185 0.7547 0.5053
vn -0.5642 0.7423 0.3616
vn -0.6305 0.6991 -0.3372
vn -0.6458 0.7371 -0.1991
vn -0.5996 0.7720 -0.2108
vn -0.3361 0.8814 -0.3320
vn 0.4075 0.8693 0.2798
vn 0.5581 0.7645 0.3225
vn 0.6253 0.7804 -0.0057
vn 0.6560 0.7342 -0.1749
vn 0.4291 -0.1495 -0.8908
vn 0.4990 0.1661 -0.8506
vn 0.6245 0.7750 -0.0972
vn 0.2198 0.9752 -0.0255
vn -0.1414 0.8701 -0.4722
vn -0.1413 0.8669 -0.4781
vn -0.1416 0.8699 -0.4724
vn -0.1469 0.9885 0.0371
vn 0.3846 0.9123 0.1407
vn 0.5818 0.8089 0.0845
vn 0.3991 -0.2055 -0.8936
vn 0.5246 0.7796 -0.3421
vn 0.5247 0.7796 -0.3419
vn 0.1894 0.8977 -0.3979
vn 0.1373 0.4020 -0.9053
vn -0.2162 0.3140 0.9245
vn 0.4882 0.4018 0.7747
vn 0.5352 0.5609 -0.6317
vn 0.0910 0.4491 -0.8889
vn 0.0938 0.4466 -0.8898
vn 0.0938 0.4468 -0.8897
vn 0.0637 0.4758 -0.8772
vn 0.2834 0.4164 -0.8639
vn 0.0840 0.1868 0.9788
vn 0.3005 0.2676 0.9155
vn -0.1673 0.2683 0.9487
vn -0.2951 0.4288 0.8539
vn -0.2924 0.4231 0.8576
vn -0.2952 0.4282 0.8541
vn 0.0906 0.4490 -0.8889
vn -0.0988 0.2302 0.9681
vn 0.1282 0.1877 0.9738
vn 0.1597 0.1954 0.9676
vn 0.4243 0.4833 -0.7657
vn 0.6842 0.5789 0.4436
vn -0.0253 0.5862 -0.8098
vn -0.2919 0.4227 0.8580
vn -0.1859 0.8038 -0.5651
vn 0.1604 0.4196 -0.8934
vn 0.2360 0.4111 -0.8805
vn 0.1171 0.4342 -0.8932
vn -0.4142 0.8278 0.3784
vn 0.3228 0.4290 -0.8437
vn 0.3922 0.4632 -0.7948
vn 0.2162 0.2195 0.9514
vn -0.0761 0.6675 -0.7407
vn -0.3901 0.9184 0.0657
vn -0.3713 0.6240 0.6875
vn -0.0339 0.4975 -0.8668
vn 0.0144 0.5550 -0.8317
vn -0.5923 0.3622 0.7197
vn 0.1721 0.5295 0.8307
vn 0.2455 0.7352 0.6318
vn -0.5402 0.4847 -0.6879
vn -0.2932 0.3953 -0.8705
vn 0.1798 0.8463 -0.5014
vn -0.4011 0.2442 0.8829
vn 0.2871 0.9040 0.3168
vn -0.2367 0.1833 0.9542
vn 0.0826 0.6681 -0.7395
vn 0.0539 0.3196 0.9460
vn 0.0185 0.2805 0.9597
vn -0.2446 0.3865 -0.8893
vn -0.0460 0.2359 0.9707
vn 0.0589 0.6161 -0.7855
vn 0.0279 0.5666 -0.8235
vn -0.1194 0.4194 -0.8999
vn -0.7525 0.5729 -0.3247
vn -0.2993 0.2014 0.9327
vn -0.2150 0.1806 0.9598
vn -0.4963 0.2963 0.8160
vn -0.0936 0.4382 -0.8940
vn 0.1441 0.4682 0.8718
vn -0.1534 0.4026 -0.9024
vn 0.2760 0.9611 -0.0114
vn -0.4095 0.4322 -0.8034
vn -0.1922 0.1828 0.9642
vn -0.2162 0.3869 -0.8964
vn -0.5197 0.8514 -0.0714
vn -0.5199 0.8512 -0.0715
vn -0.5198 0.8512 -0.0719
vn -0.6737 0.7329 -0.0953
vn -0.6755 0.7315 -0.0929
vn -0.6738 0.7327 -0.0955
vn -0.3464 0.9369 -0.0482
vn -0.3464 0.9368 -0.0483
vn -0.3465 0.9368 -0.0483
vn -0.6469 0.7324 -0.2126
vn -0.6472 0.7321 -0.2123
vn -0.3335 0.9371 -0.1037
vn -0.3333 0.9372 -0.1033
vn -0.3332 0.9372 -0.1027
vn -0.4989 0.8517 -0.1602
vn -0.4989 0.8517 -0.1603
vn -0.5954 0.7341 -0.3265
vn -0.5953 0.7342 -0.3264
vn -0.5947 0.7345 -0.3268
vn -0.3086 0.9382 -0.1567
vn -0.3090 0.9382 -0.1560
vn -0.3088 0.9383 -0.1554
vn -0.4596 0.8536 -0.2450
vn -0.4596 0.8538 -0.2446
vn -0.4602 0.8536 -0.2441
vn -0.5222 0.7378 -0.4278
vn -0.5223 0.7377 -0.4278
vn -0.5223 0.7382 -0.4269
vn -0.2765 0.9397 -0.2012
vn -0.2770 0.9397 -0.2005
vn -0.2761 0.9399 -0.2011
vn -0.4058 0.8563 -0.3194
vn -0.4059 0.8563 -0.3195
vn -0.4057 0.8563 -0.3197
vn -0.4292 0.7427 -0.5140
vn -0.4295 0.7427 -0.5138
vn -0.4286 0.7430 -0.5141
vn -0.2308 0.9421 -0.2431
vn -0.2309 0.9421 -0.2430
vn -0.2319 0.9422 -0.2419
vn -0.3359 0.8597 -0.3849
vn -0.3365 0.8599 -0.3838
vn -0.3367 0.8601 -0.3833
vn -0.3232 0.7481 -0.5795
vn -0.3231 0.7482 -0.5795
vn -0.3227 0.7480 -0.5800
vn -0.1825 0.9448 -0.2722
vn -0.1831 0.9448 -0.2716
vn -0.1837 0.9449 -0.2711
vn -0.2576 0.8645 -0.4317
vn -0.2578 0.8644 -0.4318
vn -0.2581 0.8643 -0.4318
vn -0.2049 0.7546 -0.6234
vn -0.2052 0.7545 -0.6234
vn -0.2052 0.7551 -0.6227
vn -0.1274 0.9480 -0.2917
vn -0.1271 0.9480 -0.2918
vn -0.1292 0.9480 -0.2908
vn -0.1691 0.8693 -0.4644
vn -0.1694 0.8694 -0.4642
vn -0.1698 0.8694 -0.4640
vn -0.0829 0.7621 -0.6421
vn -0.0829 0.7621 -0.6422
vn -0.0783 0.9515 -0.2976
vn -0.0827 0.9502 -0.3003
vn -0.0771 0.9511 -0.2991
vn -0.0812 0.8746 -0.4779
vn -0.0835 0.8737 -0.4792
vn -0.0801 0.8745 -0.4783
vn 0.0437 0.7690 -0.6377
vn 0.0441 0.7699 -0.6366
vn 0.0419 0.7692 -0.6376
vn -0.0130 0.9545 -0.2980
vn -0.0143 0.9544 -0.2981
vn 0.0159 0.8794 -0.4758
vn 0.0151 0.8796 -0.4755
vn 0.0147 0.8796 -0.4756
vn 0.1647 0.7776 -0.6068
vn 0.1629 0.7764 -0.6089
vn 0.1650 0.7775 -0.6068
vn 0.0327 0.9573 -0.2872
vn 0.0298 0.9567 -0.2895
vn 0.0339 0.9576 -0.2862
vn 0.1012 0.8844 -0.4557
vn 0.0981 0.8833 -0.4585
vn 0.1022 0.8848 -0.4546
vn 0.2801 0.7834 -0.5549
vn 0.2801 0.7833 -0.5549
vn 0.2797 0.7832 -0.5553
vn 0.0964 0.9611 -0.2589
vn 0.0963 0.9611 -0.2590
vn 0.0965 0.9611 -0.2589
vn 0.1941 0.8892 -0.4142
vn 0.1913 0.8897 -0.4146
vn 0.1903 0.8898 -0.4147
vn 0.3798 0.7897 -0.4818
vn 0.3813 0.7891 -0.4815
vn 0.3815 0.7888 -0.4819
vn 0.1355 0.9636 -0.2305
vn 0.2637 0.8942 -0.3616
vn 0.2616 0.8931 -0.3660
vn 0.2639 0.8945 -0.3609
vn 0.4649 0.7946 -0.3905
vn 0.4652 0.7946 -0.3901
vn 0.4652 0.7944 -0.3905
vn 0.1834 0.9667 -0.1787
vn 0.1834 0.9666 -0.1788
vn 0.1839 0.9666 -0.1786
vn 0.3330 0.8978 -0.2882
vn 0.3289 0.8985 -0.2907
vn 0.3282 0.8987 -0.2909
vn 0.5293 0.7995 -0.2840
vn 0.5292 0.7995 -0.2840
vn 0.2084 0.9682 -0.1383
vn 0.2081 0.9682 -0.1387
vn 0.2087 0.9682 -0.1382
vn 0.3758 0.9018 -0.2134
vn 0.3756 0.9008 -0.2180
vn 0.3758 0.9020 -0.2125
vn 0.5717 0.8036 -0.1657
vn 0.5705 0.8043 -0.1663
vn 0.5705 0.8041 -0.1674
vn 0.2325 0.9699 -0.0724
vn 0.2327 0.9698 -0.0724
vn 0.2323 0.9699 -0.0727
vn 0.4110 0.9037 -0.1203
vn 0.4086 0.9044 -0.1232
vn 0.4082 0.9044 -0.1244
vn 0.5896 0.8062 -0.0488
vn 0.5903 0.8059 -0.0452
vn 0.5917 0.8049 -0.0455
vn 0.2392 0.9704 -0.0340
vn 0.2399 0.9701 -0.0357
vn 0.2388 0.9705 -0.0327
vn 0.4216 0.9059 -0.0408
vn 0.4230 0.9050 -0.0448
vn 0.4211 0.9061 -0.0399
vn 0.5857 0.8068 0.0781
vn 0.5895 0.8044 0.0734
vn 0.5859 0.8065 0.0797
vn 0.2374 0.9709 0.0306
vn 0.2372 0.9710 0.0303
vn 0.2372 0.9710 0.0301
vn 0.4197 0.9062 0.0510
vn 0.4190 0.9066 0.0506
vn 0.4188 0.9067 0.0501
vn 0.5613 0.8037 0.1974
vn 0.5658 0.8016 0.1932
vn 0.5606 0.8040 0.1980
vn 0.2270 0.9712 0.0720
vn 0.2296 0.9708 0.0693
vn 0.2270 0.9711 0.0736
vn 0.3987 0.9067 0.1377
vn 0.4018 0.9059 0.1336
vn 0.3978 0.9071 0.1377
vn 0.5136 0.8008 0.3081
vn 0.5143 0.8005 0.3079
vn 0.5134 0.8006 0.3089
vn 0.2064 0.9708 0.1225
vn 0.2053 0.9705 0.1267
vn 0.2053 0.9703 0.1276
vn 0.3643 0.9054 0.2179
vn 0.3639 0.9047 0.2217
vn 0.3638 0.9043 0.2234
vn 0.4398 0.7984 0.4113
vn 0.4398 0.7972 0.4135
vn 0.4401 0.7968 0.4141
vn 0.1748 0.9696 0.1711
vn 0.1760 0.9695 0.1705
vn 0.1736 0.9697 0.1717
vn 0.3105 0.9026 0.2982
vn 0.3144 0.9018 0.2964
vn 0.3093 0.9029 0.2986
vn 0.3503 0.7918 0.5002
vn 0.3533 0.7917 0.4984
vn 0.3493 0.7931 0.4990
vn 0.1406 0.9686 0.2048
vn 0.1372 0.9676 0.2121
vn 0.1347 0.9679 0.2124
vn 0.2494 0.8992 0.3596
vn 0.2485 0.8977 0.3639
vn 0.2465 0.8981 0.3643
vn 0.2400 0.7867 0.5688
vn 0.2401 0.7867 0.5687
vn 0.2401 0.7871 0.5682
vn 0.0724 0.9653 0.2508
vn 0.0726 0.9656 0.2497
vn 0.0757 0.9655 0.2491
vn 0.1605 0.8942 0.4178
vn 0.1604 0.8943 0.4178
vn 0.1603 0.8943 0.4178
vn 0.1194 0.7806 0.6135
vn 0.1193 0.7806 0.6135
vn 0.1191 0.7804 0.6138
vn 0.0296 0.9636 0.2657
vn 0.0248 0.9630 0.2684
vn 0.0235 0.9627 0.2694
vn 0.0742 0.8897 0.4506
vn 0.0721 0.8890 0.4522
vn 0.0717 0.8888 0.4527
vn -0.0081 0.7734 0.6339
vn -0.0067 0.7742 0.6329
vn -0.0065 0.7742 0.6329
vn -0.0528 0.9583 0.2809
vn -0.0608 0.9583 0.2792
vn -0.0507 0.9583 0.2813
vn -0.0267 0.8834 0.4678
vn -0.0337 0.8845 0.4654
vn -0.0251 0.8832 0.4683
vn -0.1352 0.7671 0.6271
vn -0.1353 0.7670 0.6273
vn -0.1351 0.7670 0.6272
vn -0.1017 0.9555 0.2769
vn -0.1032 0.9554 0.2767
vn -0.1036 0.9552 0.2773
vn -0.1229 0.8789 0.4608
vn -0.1215 0.8793 0.4604
vn -0.1210 0.8796 0.4602
vn -0.2572 0.7597 0.5972
vn -0.2619 0.7617 0.5926
vn -0.2570 0.7594 0.5977
vn -0.1701 0.9505 0.2600
vn -0.1755 0.9505 0.2565
vn -0.1690 0.9503 0.2614
vn -0.2175 0.8732 0.4362
vn -0.2219 0.8741 0.4322
vn -0.2161 0.8731 0.4370
vn -0.3704 0.7546 0.5417
vn -0.3702 0.7547 0.5416
vn -0.3706 0.7547 0.5413
vn -0.2101 0.9479 0.2396
vn -0.2073 0.9483 0.2404
vn -0.2057 0.9485 0.2410
vn -0.2928 0.8691 0.3986
vn -0.2931 0.8691 0.3985
vn -0.2934 0.8690 0.3983
vn -0.4694 0.7481 0.4692
vn -0.4675 0.7489 0.4697
vn -0.4673 0.7490 0.4697
vn -0.2575 0.9447 0.2028
vn -0.2589 0.9448 0.2008
vn -0.2571 0.9447 0.2037
vn -0.3675 0.8643 0.3434
vn -0.3696 0.8650 0.3392
vn -0.3675 0.8639 0.3444
vn -0.5536 0.7424 0.3772
vn -0.5543 0.7421 0.3770
vn -0.5549 0.7429 0.3744
vn -0.2877 0.9427 0.1690
vn -0.2857 0.9432 0.1695
vn -0.2856 0.9430 0.1709
vn -0.4250 0.8610 0.2794
vn -0.4286 0.8600 0.2770
vn -0.4298 0.8595 0.2768
vn -0.6184 0.7374 0.2717
vn -0.6181 0.7378 0.2713
vn -0.6171 0.7381 0.2726
vn -0.3201 0.9404 0.1152
vn -0.3201 0.9404 0.1151
vn -0.3201 0.9404 0.1150
vn -0.4774 0.8561 0.1979
vn -0.4779 0.8562 0.1963
vn -0.4778 0.8558 0.1981
vn -0.6605 0.7344 0.1563
vn -0.6629 0.7327 0.1541
vn -0.6627 0.7330 0.1533
vn -0.3390 0.9386 0.0637
vn -0.3384 0.9388 0.0636
vn -0.3390 0.9386 0.0644
vn -0.5088 0.8534 0.1131
vn -0.5080 0.8539 0.1130
vn -0.5077 0.8541 0.1131
vn -0.1596 0.9869 -0.0238
vn -0.1551 0.9870 -0.0431
vn -0.1464 0.9872 -0.0630
vn -0.1374 0.9876 -0.0754
vn -0.1184 0.9886 -0.0928
vn -0.1024 0.9894 -0.1026
vn -0.0826 0.9905 -0.1101
vn -0.0818 0.9905 -0.1105
vn -0.0752 0.9909 -0.1112
vn -0.0421 0.9930 -0.1100
vn -0.0363 0.9934 -0.1086
vn -0.0351 0.9935 -0.1083
vn -0.0047 0.9955 -0.0943
vn -0.0032 0.9955 -0.0948
vn 0.0059 0.9962 -0.0865
vn 0.0267 0.9976 -0.0640
vn 0.0337 0.9980 -0.0540
vn 0.0337 0.9980 -0.0539
vn 0.0335 0.9981 -0.0525
vn 0.0453 0.9987 -0.0215
vn 0.0446 0.9988 -0.0221
vn 0.0446 0.9988 -0.0222
vn 0.0450 0.9987 -0.0230
vn 0.0440 0.9990 0.0080
vn 0.0449 0.9990 0.0056
vn 0.0445 0.9990 0.0054
vn 0.0356 0.9990 0.0251
vn 0.0262 0.9989 0.0383
vn 0.0271 0.9988 0.0415
vn 0.0269 0.9988 0.0410
vn 0.0193 0.9988 0.0446
vn -0.0181 0.9976 0.0673
vn -0.0216 0.9974 0.0689
vn -0.0221 0.9974 0.0687
vn -0.0767 0.9941 0.0771
vn -0.0762 0.9941 0.0769
vn -0.0770 0.9941 0.0770
vn -0.1150 0.9910 0.0679
vn -0.1150 0.9911 0.0677
vn -0.1151 0.9910 0.0679
vn -0.1332 0.9896 0.0549
vn -0.1379 0.9892 0.0503
vn -0.1379 0.9892 0.0500
vn -0.1506 0.9881 0.0302
vn -0.1569 0.9875 0.0137
vn -0.6809 0.7317 0.0309
vn -0.6782 0.7342 0.0321
vn -0.6790 0.7332 0.0361
vn -0.3480 0.9375 0.0081
vn -0.3480 0.9375 0.0082
vn -0.3482 0.9374 0.0076
vn -0.5229 0.8522 0.0188
vn -0.5230 0.8522 0.0188
vn -0.5227 0.8523 0.0185
vn -0.1602 0.9871 -0.0046
vn -0.8460 -0.5201 -0.1169
vn -0.8460 -0.5202 -0.1170
vn -0.8461 -0.5200 -0.1168
vn -0.9783 -0.1566 -0.1354
vn -0.9783 -0.1573 -0.1347
vn -0.9640 0.2307 -0.1320
vn -0.9640 0.2306 -0.1321
vn -0.8040 0.5844 -0.1102
vn -0.8040 0.5843 -0.1103
vn -0.4173 -0.9068 -0.0589
vn -0.4173 -0.9069 -0.0587
vn -0.4174 -0.9068 -0.0592
vn -0.7292 -0.6768 -0.1009
vn -0.7293 -0.6767 -0.1011
vn -0.9298 -0.3450 -0.1283
vn -0.9298 -0.3449 -0.1283
vn -0.9298 -0.3448 -0.1285
vn -0.9899 0.0384 -0.1367
vn -0.9898 0.0376 -0.1375
vn -0.9012 0.4154 -0.1237
vn -0.9012 0.4155 -0.1233
vn -0.9013 0.4153 -0.1231
vn -0.6637 0.7424 -0.0911
vn -0.6626 0.7432 -0.0929
vn -0.6641 0.7421 -0.0910
vn -0.2324 -0.9720 -0.0338
vn -0.2324 -0.9720 -0.0337
vn -0.2324 -0.9720 -0.0339
vn -0.5849 -0.8070 -0.0817
vn -0.8609 0.4168 -0.2917
vn -0.8608 0.4169 -0.2919
vn -0.6346 0.7440 -0.2093
vn -0.6345 0.7440 -0.2093
vn -0.6346 0.7440 -0.2091
vn -0.2196 -0.9716 -0.0878
vn -0.2197 -0.9716 -0.0877
vn -0.2197 -0.9716 -0.0876
vn -0.5559 -0.8063 -0.2024
vn -0.5559 -0.8062 -0.2025
vn -0.5559 -0.8062 -0.2027
vn -0.8056 -0.5192 -0.2852
vn -0.8055 -0.5194 -0.2855
vn -0.8056 -0.5193 -0.2853
vn -0.9330 -0.1546 -0.3249
vn -0.9330 -0.1545 -0.3251
vn -0.9201 0.2326 -0.3151
vn -0.9201 0.2325 -0.3151
vn -0.9202 0.2327 -0.3149
vn -0.7686 0.5856 -0.2576
vn -0.7685 0.5859 -0.2572
vn -0.7686 0.5855 -0.2576
vn -0.3959 -0.9062 -0.1485
vn -0.3959 -0.9063 -0.1483
vn -0.3960 -0.9063 -0.1480
vn -0.6937 -0.6759 -0.2488
vn -0.6938 -0.6759 -0.2488
vn -0.6937 -0.6760 -0.2485
vn -0.8858 -0.3443 -0.3110
vn -0.8859 -0.3440 -0.3110
vn -0.8858 -0.3442 -0.3111
vn -0.9445 0.0389 -0.3261
vn -0.7886 0.4199 -0.4492
vn -0.7886 0.4198 -0.4493
vn -0.7884 0.4202 -0.4492
vn -0.5839 0.7465 -0.3191
vn -0.5838 0.7462 -0.3200
vn -0.5841 0.7459 -0.3201
vn -0.1950 -0.9707 -0.1405
vn -0.1953 -0.9706 -0.1407
vn -0.1956 -0.9707 -0.1399
vn -0.5038 -0.8042 -0.3153
vn -0.5038 -0.8040 -0.3158
vn -0.5038 -0.8041 -0.3156
vn -0.7331 -0.5164 -0.4427
vn -0.7332 -0.5162 -0.4426
vn -0.8514 -0.1513 -0.5022
vn -0.8515 -0.1511 -0.5020
vn -0.8515 -0.1510 -0.5022
vn -0.8417 0.2362 -0.4855
vn -0.8418 0.2364 -0.4853
vn -0.7054 0.5885 -0.3951
vn -0.7052 0.5886 -0.3954
vn -0.3566 -0.9047 -0.2331
vn -0.3565 -0.9047 -0.2332
vn -0.3566 -0.9046 -0.2336
vn -0.6306 -0.6730 -0.3865
vn -0.6305 -0.6730 -0.3866
vn -0.6303 -0.6733 -0.3864
vn -0.8073 -0.3408 -0.4818
vn -0.8072 -0.3409 -0.4819
vn -0.8631 0.0423 -0.5032
vn -0.6874 0.4246 -0.5892
vn -0.6875 0.4247 -0.5891
vn -0.5122 0.7493 -0.4197
vn -0.5125 0.7491 -0.4198
vn -0.5114 0.7496 -0.4201
vn -0.1618 -0.9690 -0.1869
vn -0.1615 -0.9690 -0.1870
vn -0.4304 -0.8006 -0.4169
vn -0.4303 -0.8004 -0.4172
vn -0.4305 -0.8004 -0.4172
vn -0.6318 -0.5113 -0.5827
vn -0.6318 -0.5113 -0.5825
vn -0.6318 -0.5113 -0.5826
vn -0.7371 -0.1459 -0.6599
vn -0.7370 -0.1456 -0.6601
vn -0.7320 0.2413 -0.6372
vn -0.7319 0.2413 -0.6372
vn -0.7315 0.2418 -0.6375
vn -0.6157 0.5933 -0.5187
vn -0.6156 0.5935 -0.5185
vn -0.6162 0.5931 -0.5182
vn -0.3023 -0.9022 -0.3076
vn -0.3024 -0.9023 -0.3074
vn -0.3025 -0.9023 -0.3070
vn -0.5415 -0.6686 -0.5096
vn -0.5416 -0.6686 -0.5096
vn -0.5414 -0.6686 -0.5097
vn -0.6976 -0.3353 -0.6331
vn -0.6976 -0.3354 -0.6331
vn -0.6978 -0.3352 -0.6330
vn -0.7487 0.0481 -0.6612
vn -0.7488 0.0486 -0.6610
vn -0.5605 0.4316 -0.7068
vn -0.5605 0.4314 -0.7070
vn -0.5607 0.4312 -0.7069
vn -0.4222 0.7540 -0.5032
vn -0.4223 0.7540 -0.5032
vn -0.4222 0.7539 -0.5033
vn -0.1202 -0.9669 -0.2253
vn -0.1203 -0.9669 -0.2251
vn -0.1202 -0.9668 -0.2254
vn -0.3386 -0.7958 -0.5020
vn -0.3387 -0.7958 -0.5020
vn -0.3385 -0.7958 -0.5021
vn -0.5050 -0.5050 -0.7000
vn -0.5048 -0.5046 -0.7004
vn -0.5949 -0.1389 -0.7917
vn -0.5948 -0.1390 -0.7918
vn -0.5947 0.2486 -0.7645
vn -0.5946 0.2486 -0.7646
vn -0.5039 0.5999 -0.6214
vn -0.5040 0.5998 -0.6214
vn -0.2338 -0.8986 -0.3712
vn -0.2339 -0.8987 -0.3711
vn -0.2340 -0.8986 -0.3712
vn -0.4301 -0.6630 -0.6127
vn -0.4304 -0.6628 -0.6127
vn -0.5606 -0.3282 -0.7603
vn -0.5605 -0.3280 -0.7604
vn -0.6064 0.0559 -0.7932
vn -0.6065 0.0558 -0.7931
vn -0.4126 0.4400 -0.7976
vn -0.4127 0.4401 -0.7975
vn -0.3181 0.7598 -0.5670
vn -0.3177 0.7599 -0.5672
vn -0.3182 0.7596 -0.5672
vn -0.0701 -0.9641 -0.2562
vn -0.0700 -0.9641 -0.2561
vn -0.2321 -0.7904 -0.5669
vn -0.2321 -0.7903 -0.5671
vn -0.2317 -0.7905 -0.5669
vn -0.3581 -0.4976 -0.7901
vn -0.3581 -0.4981 -0.7897
vn -0.3577 -0.4971 -0.7905
vn -0.4299 -0.1302 -0.8935
vn -0.4298 -0.1301 -0.8935
vn -0.4350 0.2578 -0.8628
vn -0.4352 0.2580 -0.8626
vn -0.3747 0.6071 -0.7008
vn -0.3747 0.6067 -0.7011
vn -0.3745 0.6072 -0.7008
vn -0.1542 -0.8943 -0.4201
vn -0.1541 -0.8943 -0.4200
vn -0.1541 -0.8943 -0.4201
vn -0.3008 -0.6561 -0.6922
vn -0.3010 -0.6562 -0.6919
vn -0.3011 -0.6561 -0.6919
vn -0.4017 -0.3200 -0.8580
vn -0.4016 -0.3198 -0.8582
vn -0.4409 0.0656 -0.8951
vn -0.4411 0.0658 -0.8951
vn -0.2503 0.4496 -0.8575
vn -0.2503 0.4495 -0.8575
vn -0.2505 0.4497 -0.8573
vn -0.2025 0.7666 -0.6093
vn -0.2021 0.7665 -0.6097
vn -0.2019 0.7662 -0.6101
vn -0.0182 -0.9612 -0.2754
vn -0.0181 -0.9611 -0.2754
vn -0.0180 -0.9611 -0.2755
vn -0.1146 -0.7838 -0.6104
vn -0.1147 -0.7839 -0.6102
vn -0.1149 -0.7837 -0.6104
vn -0.1952 -0.4893 -0.8500
vn -0.1953 -0.4893 -0.8500
vn -0.1955 -0.4890 -0.8501
vn -0.2475 -0.1203 -0.9614
vn -0.2477 -0.1198 -0.9614
vn -0.2474 -0.1201 -0.9614
vn -0.2596 0.2689 -0.9275
vn -0.2591 0.2695 -0.9275
vn -0.2604 0.2681 -0.9275
vn -0.2318 0.6150 -0.7537
vn -0.2316 0.6155 -0.7534
vn -0.2322 0.6147 -0.7538
vn -0.0679 -0.8894 -0.4520
vn -0.0676 -0.8894 -0.4520
vn -0.0684 -0.8896 -0.4517
vn -0.1579 -0.6487 -0.7445
vn -0.1576 -0.6488 -0.7444
vn -0.1573 -0.6490 -0.7443
vn -0.2248 -0.3117 -0.9232
vn -0.2250 -0.3117 -0.9232
vn -0.2250 -0.3118 -0.9231
vn -0.2589 0.0763 -0.9629
vn -0.2592 0.0767 -0.9628
vn -0.0788 0.4600 -0.8844
vn -0.0788 0.4604 -0.8842
vn -0.0792 0.4602 -0.8843
vn -0.0811 0.7734 -0.6287
vn -0.0816 0.7739 -0.6280
vn -0.0824 0.7737 -0.6282
vn 0.0393 -0.9578 -0.2848
vn 0.0393 -0.9578 -0.2846
vn 0.0390 -0.9579 -0.2845
vn 0.0082 -0.7766 -0.6300
vn 0.0078 -0.7768 -0.6297
vn -0.0238 -0.4795 -0.8772
vn -0.0241 -0.4796 -0.8771
vn -0.0527 -0.1083 -0.9927
vn -0.0501 -0.1109 -0.9926
vn -0.0510 -0.1165 -0.9919
vn -0.0731 0.2806 -0.9570
vn -0.0728 0.2805 -0.9571
vn -0.0730 0.2806 -0.9571
vn -0.0818 0.6242 -0.7770
vn -0.0821 0.6244 -0.7768
vn -0.0817 0.6246 -0.7767
vn 0.0244 -0.8841 -0.4667
vn 0.0248 -0.8842 -0.4665
vn -0.0079 -0.6404 -0.7680
vn -0.0080 -0.6403 -0.7681
vn -0.0380 -0.3010 -0.9529
vn -0.0379 -0.3011 -0.9528
vn -0.0386 -0.3005 -0.9530
vn -0.0701 0.0877 -0.9937
vn -0.0673 0.0913 -0.9935
vn -0.0705 0.0878 -0.9936
vn 0.0941 0.4710 -0.8771
vn 0.0944 0.4710 -0.8771
vn 0.0938 0.4704 -0.8774
vn 0.0400 0.7809 -0.6234
vn 0.0401 0.7809 -0.6234
vn 0.0399 0.7808 -0.6235
vn 0.0956 -0.9545 -0.2825
vn 0.0955 -0.9545 -0.2826
vn 0.0959 -0.9544 -0.2826
vn 0.1335 -0.7692 -0.6249
vn 0.1334 -0.7692 -0.6250
vn 0.1334 -0.7691 -0.6250
vn 0.1496 -0.4693 -0.8703
vn 0.1495 -0.4693 -0.8703
vn 0.1497 -0.4695 -0.8702
vn 0.1471 -0.1001 -0.9840
vn 0.1470 -0.1002 -0.9840
vn 0.1427 -0.1050 -0.9842
vn 0.1150 0.2918 -0.9495
vn 0.1150 0.2916 -0.9496
vn 0.0699 0.6328 -0.7712
vn 0.0702 0.6328 -0.7711
vn 0.0704 0.6326 -0.7713
vn 0.1164 -0.8787 -0.4631
vn 0.1163 -0.8786 -0.4631
vn 0.1159 -0.8788 -0.4629
vn 0.1442 -0.6311 -0.7622
vn 0.1442 -0.6312 -0.7621
vn 0.1440 -0.6313 -0.7621
vn 0.1486 -0.2894 -0.9456
vn 0.1487 -0.2894 -0.9456
vn 0.1360 0.0970 -0.9859
vn 0.1372 0.0973 -0.9858
vn 0.1399 0.0985 -0.9852
vn 0.2633 0.4813 -0.8361
vn 0.2632 0.4813 -0.8361
vn 0.2633 0.4818 -0.8358
vn 0.1593 0.7881 -0.5946
vn 0.1597 0.7881 -0.5945
vn 0.1592 0.7881 -0.5946
vn 0.1541 -0.9510 -0.2682
vn 0.1545 -0.9509 -0.2683
vn 0.1542 -0.9510 -0.2682
vn 0.2546 -0.7616 -0.5960
vn 0.2546 -0.7617 -0.5959
vn 0.2546 -0.7616 -0.5959
vn 0.3184 -0.4589 -0.8295
vn 0.3184 -0.4588 -0.8295
vn 0.3349 -0.0834 -0.9386
vn 0.3348 -0.0835 -0.9386
vn 0.3344 -0.0840 -0.9387
vn 0.2989 0.3022 -0.9052
vn 0.2992 0.3021 -0.9051
vn 0.2178 0.6412 -0.7358
vn 0.2179 0.6412 -0.7358
vn 0.2090 -0.8727 -0.4413
vn 0.2090 -0.8729 -0.4408
vn 0.2093 -0.8731 -0.4403
vn 0.2917 -0.6216 -0.7270
vn 0.2917 -0.6214 -0.7271
vn 0.2918 -0.6219 -0.7267
vn 0.3329 -0.2774 -0.9013
vn 0.3329 -0.2775 -0.9012
vn 0.3324 -0.2784 -0.9011
vn 0.3234 0.1097 -0.9399
vn 0.3237 0.1094 -0.9398
vn 0.4197 0.4904 -0.7638
vn 0.4198 0.4904 -0.7638
vn 0.4202 0.4909 -0.7632
vn 0.2707 0.7949 -0.5430
vn 0.2708 0.7949 -0.5430
vn 0.2031 -0.9478 -0.2457
vn 0.2027 -0.9479 -0.2458
vn 0.2029 -0.9478 -0.2459
vn 0.3679 -0.7544 -0.5435
vn 0.3679 -0.7545 -0.5436
vn 0.3678 -0.7545 -0.5436
vn 0.4758 -0.4487 -0.7565
vn 0.4758 -0.4479 -0.7570
vn 0.4749 -0.4470 -0.7580
vn 0.5112 -0.0722 -0.8564
vn 0.5115 -0.0718 -0.8563
vn 0.4690 0.3125 -0.8261
vn 0.4687 0.3125 -0.8262
vn 0.4691 0.3126 -0.8260
vn 0.3554 0.6505 -0.6713
vn 0.3552 0.6503 -0.6715
vn 0.3550 0.6502 -0.6717
vn 0.2909 -0.8678 -0.4029
vn 0.2911 -0.8676 -0.4031
vn 0.2905 -0.8680 -0.4026
vn 0.4300 -0.6124 -0.6634
vn 0.4298 -0.6125 -0.6634
vn 0.5035 -0.2667 -0.8218
vn 0.5034 -0.2663 -0.8220
vn 0.4997 0.1208 -0.8578
vn 0.4994 0.1206 -0.8579
vn 0.4992 0.1212 -0.8580
vn 0.5592 0.4990 -0.6620
vn 0.3693 0.8011 -0.4711
vn 0.3696 0.8009 -0.4712
vn 0.3693 0.8008 -0.4715
vn 0.2521 -0.9447 -0.2097
vn 0.2520 -0.9447 -0.2098
vn 0.2522 -0.9447 -0.2094
vn 0.4691 -0.7475 -0.4702
vn 0.4692 -0.7474 -0.4703
vn 0.4684 -0.7478 -0.4704
vn 0.6145 -0.4378 -0.6563
vn 0.6144 -0.4378 -0.6564
vn 0.6675 -0.0626 -0.7420
vn 0.6680 -0.0624 -0.7415
vn 0.6197 0.3219 -0.7158
vn 0.6197 0.3220 -0.7157
vn 0.4777 0.6581 -0.5820
vn 0.4777 0.6580 -0.5822
vn 0.4776 0.6577 -0.5825
vn 0.3675 -0.8627 -0.3474
vn 0.3670 -0.8630 -0.3471
vn 0.3677 -0.8625 -0.3476
vn 0.5521 -0.6045 -0.5742
vn 0.5523 -0.6046 -0.5740
vn 0.5525 -0.6049 -0.5734
vn 0.6536 -0.2559 -0.7122
vn 0.6534 -0.2553 -0.7127
vn 0.6532 -0.2553 -0.7129
vn 0.6564 0.1310 -0.7429
vn 0.6558 0.1319 -0.7433
vn 0.6763 0.5065 -0.5350
vn 0.6763 0.5065 -0.5349
vn 0.4525 0.8064 -0.3806
vn 0.4519 0.8068 -0.3806
vn 0.2888 -0.9422 -0.1699
vn 0.2884 -0.9423 -0.1702
vn 0.5538 -0.7415 -0.3788
vn 0.5532 -0.7418 -0.3792
vn 0.5540 -0.7415 -0.3785
vn 0.7316 -0.4302 -0.5289
vn 0.7316 -0.4302 -0.5288
vn 0.7318 -0.4305 -0.5284
vn 0.7987 -0.0546 -0.5992
vn 0.7986 -0.0543 -0.5993
vn 0.7989 -0.0549 -0.5990
vn 0.7457 0.3301 -0.5787
vn 0.7454 0.3304 -0.5789
vn 0.5804 0.6648 -0.4703
vn 0.5803 0.6651 -0.4700
vn 0.5803 0.6644 -0.4709
vn 0.4299 -0.8586 -0.2792
vn 0.4300 -0.8586 -0.2791
vn 0.6548 -0.5975 -0.4628
vn 0.6549 -0.5976 -0.4627
vn 0.6547 -0.5973 -0.4633
vn 0.7802 -0.2466 -0.5749
vn 0.7871 0.1408 -0.6006
vn 0.7870 0.1407 -0.6007
vn 0.7655 0.5141 -0.3871
vn 0.7654 0.5138 -0.3875
vn 0.7650 0.5140 -0.3881
vn 0.5153 0.8111 -0.2768
vn 0.5153 0.8110 -0.2769
vn 0.3200 -0.9399 -0.1193
vn 0.3200 -0.9399 -0.1192
vn 0.6186 -0.7374 -0.2713
vn 0.6186 -0.7373 -0.2714
vn 0.6186 -0.7374 -0.2712
vn 0.8215 -0.4235 -0.3817
vn 0.8214 -0.4237 -0.3818
vn 0.9000 -0.0468 -0.4334
vn 0.8999 -0.0470 -0.4335
vn 0.8996 -0.0476 -0.4342
vn 0.8429 0.3371 -0.4193
vn 0.8429 0.3370 -0.4195
vn 0.8427 0.3376 -0.4193
vn 0.6591 0.6705 -0.3406
vn 0.6591 0.6705 -0.3408
vn 0.6591 0.6703 -0.3411
vn 0.4787 -0.8551 -0.1993
vn 0.4787 -0.8550 -0.1993
vn 0.4787 -0.8550 -0.1998
vn 0.7339 -0.5918 -0.3334
vn 0.7342 -0.5919 -0.3326
vn 0.8774 -0.2398 -0.4156
vn 0.8774 -0.2398 -0.4155
vn 0.8774 -0.2396 -0.4156
vn 0.8883 0.1482 -0.4347
vn 0.8882 0.1483 -0.4349
vn 0.8248 0.5188 -0.2248
vn 0.8246 0.5190 -0.2252
vn 0.8245 0.5188 -0.2260
vn 0.5569 0.8144 -0.1633
vn 0.5571 0.8142 -0.1633
vn 0.5570 0.8143 -0.1633
vn 0.3390 -0.9384 -0.0674
vn 0.3391 -0.9384 -0.0672
vn 0.3391 -0.9383 -0.0672
vn 0.6616 -0.7337 -0.1548
vn 0.6614 -0.7339 -0.1546
vn 0.6614 -0.7339 -0.1544
vn 0.8812 -0.4187 -0.2195
vn 0.8812 -0.4187 -0.2196
vn 0.9671 -0.0413 -0.2509
vn 0.9672 -0.0412 -0.2508
vn 0.9074 0.3427 -0.2433
vn 0.9074 0.3427 -0.2431
vn 0.9073 0.3425 -0.2440
vn 0.7108 0.6746 -0.1992
vn 0.7109 0.6745 -0.1994
vn 0.5104 -0.8524 -0.1136
vn 0.5105 -0.8524 -0.1135
vn 0.5101 -0.8525 -0.1141
vn 0.7861 -0.5879 -0.1907
vn 0.7860 -0.5881 -0.1905
vn 0.7861 -0.5881 -0.1904
vn 0.9419 -0.2352 -0.2397
vn 0.9419 -0.2354 -0.2395
vn 0.9555 0.1533 -0.2522
vn 0.8518 0.5210 -0.0552
vn 0.8516 0.5212 -0.0553
vn 0.5759 0.8164 -0.0436
vn 0.5760 0.8163 -0.0439
vn 0.5761 0.8163 -0.0429
vn 0.3478 -0.9375 -0.0097
vn 0.3478 -0.9375 -0.0096
vn 0.3480 -0.9375 -0.0094
vn 0.6808 -0.7318 -0.0324
vn 0.6809 -0.7317 -0.0325
vn 0.6806 -0.7319 -0.0330
vn 0.9082 -0.4156 -0.0484
vn 0.9082 -0.4158 -0.0489
vn 0.9083 -0.4155 -0.0485
vn 0.9976 -0.0381 -0.0585
vn 0.9976 -0.0388 -0.0579
vn 0.9367 0.3454 -0.0580
vn 0.9367 0.3453 -0.0580
vn 0.9366 0.3458 -0.0575
vn 0.7341 0.6772 -0.0504
vn 0.7341 0.6771 -0.0505
vn 0.7342 0.6771 -0.0506
vn 0.5251 -0.8507 -0.0219
vn 0.5250 -0.8508 -0.0216
vn 0.5253 -0.8507 -0.0217
vn 0.8096 -0.5855 -0.0409
vn 0.8098 -0.5853 -0.0410
vn 0.8100 -0.5850 -0.0415
vn 0.9713 -0.2318 -0.0543
vn 0.9713 -0.2314 -0.0544
vn 0.9714 -0.2311 -0.0547
vn 0.9856 0.1578 -0.0601
vn 0.9856 0.1580 -0.0600
vn 0.9859 0.1562 -0.0599
vn 0.8450 0.5218 0.1167
vn 0.8450 0.5220 0.1161
vn 0.8450 0.5217 0.1173
vn 0.5714 0.8170 0.0781
vn 0.5714 0.8170 0.0780
vn 0.5710 0.8172 0.0785
vn 0.3453 -0.9373 0.0478
vn 0.3454 -0.9372 0.0477
vn 0.3452 -0.9373 0.0480
vn 0.6759 -0.7311 0.0930
vn 0.6760 -0.7310 0.0928
vn 0.6757 -0.7313 0.0932
vn 0.9012 -0.4152 0.1242
vn 0.9013 -0.4151 0.1242
vn 0.9009 -0.4157 0.1248
vn 0.9900 -0.0362 0.1366
vn 0.9900 -0.0362 0.1364
vn 0.9295 0.3457 0.1286
vn 0.9293 0.3464 0.1281
vn 0.9291 0.3472 0.1272
vn 0.7283 0.6780 0.0997
vn 0.7281 0.6782 0.0995
vn 0.7279 0.6785 0.0989
vn 0.5209 -0.8506 0.0715
vn 0.5209 -0.8506 0.0716
vn 0.5210 -0.8506 0.0715
vn 0.8041 -0.5840 0.1110
vn 0.8039 -0.5842 0.1111
vn 0.8041 -0.5842 0.1104
vn 0.9642 -0.2296 0.1328
vn 0.9642 -0.2295 0.1329
vn 0.9783 0.1578 0.1341
vn 0.9783 0.1577 0.1345
vn 0.8061 0.5197 0.2829
vn 0.8061 0.5198 0.2828
vn 0.8059 0.5199 0.2833
vn 0.5429 0.8171 0.1939
vn 0.5446 0.8161 0.1935
vn 0.5427 0.8169 0.1955
vn 0.3320 -0.9377 0.1020
vn 0.3318 -0.9378 0.1023
vn 0.3321 -0.9377 0.1019
vn 0.6470 -0.7318 0.2141
vn 0.6471 -0.7315 0.2148
vn 0.6469 -0.7321 0.2135
vn 0.8609 -0.4162 0.2926
vn 0.8610 -0.4161 0.2925
vn 0.8613 -0.4161 0.2918
vn 0.9450 -0.0382 0.3249
vn 0.9450 -0.0382 0.3250
vn 0.9448 -0.0377 0.3254
vn 0.8862 0.3451 0.3090
vn 0.8862 0.3452 0.3090
vn 0.8862 0.3450 0.3091
vn 0.6935 0.6772 0.2457
vn 0.6934 0.6774 0.2458
vn 0.6932 0.6774 0.2461
vn 0.4994 -0.8512 0.1611
vn 0.4993 -0.8513 0.1611
vn 0.4995 -0.8512 0.1610
vn 0.7688 -0.5850 0.2584
vn 0.7687 -0.5851 0.2583
vn 0.7688 -0.5848 0.2589
vn 0.9205 -0.2315 0.3148
vn 0.9205 -0.2315 0.3147
vn 0.9205 -0.2305 0.3156
vn 0.9335 0.1563 0.3228
vn 0.9334 0.1562 0.3230
vn 0.7341 0.5167 0.4406
vn 0.7342 0.5166 0.4406
vn 0.7340 0.5166 0.4409
vn 0.4956 0.8142 0.3023
vn 0.4954 0.8133 0.3052
vn 0.4950 0.8134 0.3055
vn 0.3078 -0.9388 0.1547
vn 0.3077 -0.9389 0.1545
vn 0.3077 -0.9388 0.1550
vn 0.5948 -0.7341 0.3277
vn 0.5948 -0.7343 0.3270
vn 0.5951 -0.7335 0.3282
vn 0.7893 -0.4192 0.4486
vn 0.7895 -0.4190 0.4486
vn 0.8637 -0.0422 0.5023
vn 0.8083 0.3412 0.4798
vn 0.8076 0.3422 0.4803
vn 0.6316 0.6751 0.3812
vn 0.6315 0.6735 0.3842
vn 0.6312 0.6735 0.3847
vn 0.4606 -0.8529 0.2457
vn 0.4606 -0.8528 0.2461
vn 0.4607 -0.8529 0.2454
vn 0.7057 -0.5881 0.3951
vn 0.7059 -0.5880 0.3950
vn 0.8424 -0.2350 0.4849
vn 0.8426 -0.2347 0.4847
vn 0.8519 0.1529 0.5008
vn 0.8518 0.1528 0.5011
vn 0.6322 0.5116 0.5819
vn 0.6321 0.5116 0.5820
vn 0.6320 0.5118 0.5819
vn 0.4217 0.8100 0.4074
vn 0.4223 0.8099 0.4072
vn 0.4206 0.8104 0.4078
vn 0.2731 -0.9405 0.2022
vn 0.2738 -0.9404 0.2018
vn 0.2742 -0.9404 0.2013
vn 0.5214 -0.7382 0.4281
vn 0.5215 -0.7381 0.4280
vn 0.5212 -0.7383 0.4282
vn 0.6876 -0.4241 0.5894
vn 0.6875 -0.4242 0.5894
vn 0.6875 -0.4246 0.5891
vn 0.7489 -0.0475 0.6610
vn 0.7491 -0.0479 0.6607
vn 0.6981 0.3360 0.6323
vn 0.6980 0.3360 0.6323
vn 0.6978 0.3363 0.6325
vn 0.5417 0.6697 0.5079
vn 0.5418 0.6697 0.5079
vn 0.5417 0.6697 0.5080
vn 0.4047 -0.8557 0.3224
vn 0.4055 -0.8560 0.3206
vn 0.4044 -0.8556 0.3230
vn 0.6164 -0.5926 0.5186
vn 0.6164 -0.5926 0.5185
vn 0.6165 -0.5926 0.5184
vn 0.7325 -0.2399 0.6371
vn 0.7325 -0.2399 0.6372
vn 0.7327 -0.2396 0.6370
vn 0.7371 0.1473 0.6595
vn 0.7368 0.1477 0.6598
vn 0.5056 0.5051 0.6994
vn 0.5057 0.5051 0.6994
vn 0.5058 0.5049 0.6995
vn 0.3338 0.8054 0.4897
vn 0.3335 0.8053 0.4902
vn 0.3331 0.8053 0.4904
vn 0.2330 -0.9426 0.2393
vn 0.2331 -0.9426 0.2391
vn 0.2329 -0.9426 0.2394
vn 0.4295 -0.7431 0.5131
vn 0.4296 -0.7432 0.5130
vn 0.4297 -0.7432 0.5128
vn 0.5605 -0.4310 0.7071
vn 0.5606 -0.4308 0.7072
vn 0.5610 -0.4307 0.7069
vn 0.6057 -0.0551 0.7938
vn 0.6059 -0.0555 0.7936
vn 0.5610 0.3288 0.7597
vn 0.5610 0.3287 0.7598
vn 0.4299 0.6646 0.6111
vn 0.4330 0.6627 0.6111
vn 0.4293 0.6642 0.6120
vn 0.3377 -0.8598 0.3831
vn 0.3384 -0.8596 0.3829
vn 0.5048 -0.5989 0.6217
vn 0.5046 -0.5990 0.6218
vn 0.5043 -0.5992 0.6218
vn 0.5946 -0.2467 0.7652
vn 0.5947 -0.2468 0.7652
vn 0.5951 0.1397 0.7914
vn 0.5949 0.1398 0.7915
vn 0.3587 0.4977 0.7897
vn 0.3586 0.4973 0.7900
vn 0.3583 0.4972 0.7902
vn 0.2282 0.7997 0.5553
vn 0.2301 0.7992 0.5552
vn 0.2278 0.8003 0.5547
vn 0.1851 -0.9454 0.2682
vn 0.1847 -0.9454 0.2684
vn 0.1847 -0.9455 0.2681
vn 0.3239 -0.7489 0.5781
vn 0.3237 -0.7490 0.5781
vn 0.3235 -0.7491 0.5782
vn 0.4125 -0.4388 0.7983
vn 0.4121 -0.4388 0.7985
vn 0.4124 -0.4391 0.7982
vn 0.4392 -0.0647 0.8960
vn 0.4393 -0.0651 0.8960
vn 0.4390 -0.0653 0.8961
vn 0.4014 0.3201 0.8581
vn 0.4015 0.3202 0.8581
vn 0.4004 0.3190 0.8590
vn 0.3026 0.6556 0.6918
vn 0.3029 0.6553 0.6919
vn 0.3028 0.6554 0.6919
vn 0.2595 -0.8642 0.4311
vn 0.2601 -0.8638 0.4315
vn 0.2602 -0.8636 0.4318
vn 0.3752 -0.6061 0.7013
vn 0.3756 -0.6061 0.7012
vn 0.3756 -0.6058 0.7013
vn 0.4338 -0.2557 0.8639
vn 0.4340 -0.2557 0.8639
vn 0.4335 -0.2554 0.8642
vn 0.4282 0.1302 0.8942
vn 0.4282 0.1304 0.8942
vn 0.4280 0.1307 0.8943
vn 0.1959 0.4878 0.8507
vn 0.1960 0.4879 0.8506
vn 0.1955 0.4874 0.8510
vn 0.1149 0.7932 0.5980
vn 0.1139 0.7927 0.5989
vn 0.1137 0.7926 0.5991
vn 0.1286 -0.9487 0.2889
vn 0.1288 -0.9487 0.2888
vn 0.1289 -0.9487 0.2887
vn 0.2063 -0.7558 0.6214
vn 0.2059 -0.7561 0.6213
vn 0.2506 -0.4474 0.8585
vn 0.2505 -0.4474 0.8585
vn 0.2550 -0.0748 0.9640
vn 0.2553 -0.0747 0.9640
vn 0.2223 0.3083 0.9249
vn 0.2223 0.3077 0.9252
vn 0.2223 0.3091 0.9247
vn 0.1603 0.6473 0.7452
vn 0.1606 0.6469 0.7454
vn 0.1595 0.6476 0.7451
vn 0.1703 -0.8690 0.4647
vn 0.1710 -0.8691 0.4642
vn 0.1700 -0.8689 0.4648
vn 0.2326 -0.6142 0.7541
vn 0.2327 -0.6141 0.7541
vn 0.2329 -0.6140 0.7542
vn 0.2579 -0.2658 0.9289
vn 0.2581 -0.2658 0.9288
vn 0.2586 -0.2645 0.9291
vn 0.2428 0.1192 0.9627
vn 0.2428 0.1191 0.9627
vn 0.2424 0.1200 0.9627
vn 0.0256 0.4772 0.8784
vn 0.0250 0.4773 0.8784
vn 0.0246 0.4769 0.8786
vn -0.0083 0.7858 0.6185
vn -0.0085 0.7856 0.6187
vn -0.0087 0.7853 0.6191
vn 0.0753 -0.9517 0.2975
vn 0.0751 -0.9518 0.2975
vn 0.0827 -0.7630 0.6411
vn 0.0831 -0.7629 0.6411
vn 0.0793 -0.4575 0.8857
vn 0.0791 -0.4573 0.8858
vn 0.0569 -0.0784 0.9953
vn 0.0583 -0.0775 0.9953
vn 0.0643 -0.0781 0.9949
vn 0.0393 0.2958 0.9544
vn 0.0398 0.2961 0.9543
vn 0.0387 0.2963 0.9543
vn 0.0091 0.6386 0.7695
vn 0.0096 0.6387 0.7694
vn 0.0093 0.6385 0.7695
vn 0.0802 -0.8743 0.4788
vn 0.0808 -0.8741 0.4789
vn 0.0809 -0.8740 0.4791
vn 0.0824 -0.6225 0.7782
vn 0.0824 -0.6226 0.7782
vn 0.0825 -0.6225 0.7783
vn 0.0734 -0.2755 0.9585
vn 0.0734 -0.2754 0.9585
vn 0.0731 -0.2758 0.9584
vn 0.0512 0.1002 0.9936
vn 0.0516 0.1006 0.9936
vn 0.0452 0.1078 0.9931
vn -0.1483 0.4664 0.8720
vn -0.1482 0.4661 0.8722
vn -0.1487 0.4667 0.8718
vn -0.1321 0.7782 0.6140
vn -0.1319 0.7781 0.6141
vn -0.1316 0.7780 0.6143
vn 0.0143 -0.9554 0.2951
vn 0.0145 -0.9554 0.2951
vn 0.0144 -0.9554 0.2951
vn -0.0423 -0.7703 0.6363
vn -0.0423 -0.7704 0.6362
vn -0.0423 -0.7706 0.6359
vn -0.0941 -0.4681 0.8786
vn -0.0941 -0.4681 0.8787
vn -0.0941 -0.4682 0.8786
vn -0.1246 -0.0909 0.9880
vn -0.1243 -0.0919 0.9880
vn -0.1323 -0.0898 0.9871
vn -0.1480 0.2849 0.9471
vn -0.1474 0.2849 0.9472
vn -0.1468 0.2855 0.9471
vn -0.1430 0.6298 0.7635
vn -0.1429 0.6299 0.7634
vn -0.0142 -0.8798 0.4752
vn -0.0138 -0.8798 0.4751
vn -0.0153 -0.8797 0.4754
vn -0.0694 -0.6314 0.7724
vn -0.0692 -0.6315 0.7723
vn -0.0690 -0.6316 0.7723
vn -0.1151 -0.2865 0.9511
vn -0.1147 -0.2869 0.9511
vn -0.1386 0.0891 0.9863
vn -0.1384 0.0924 0.9861
vn -0.1360 0.0949 0.9862
vn -0.3165 0.4561 0.8317
vn -0.3167 0.4561 0.8317
vn -0.3160 0.4561 0.8320
vn -0.2515 0.7709 0.5852
vn -0.2524 0.7714 0.5841
vn -0.2513 0.7710 0.5851
vn -0.0371 -0.9585 0.2828
vn -0.0371 -0.9584 0.2829
vn -0.0373 -0.9585 0.2826
vn -0.1636 -0.7776 0.6071
vn -0.1635 -0.7775 0.6073
vn -0.1633 -0.7778 0.6069
vn -0.2622 -0.4784 0.8381
vn -0.2624 -0.4781 0.8382
vn -0.2621 -0.4783 0.8382
vn -0.3186 -0.1080 0.9417
vn -0.3187 -0.1080 0.9417
vn -0.3185 -0.1086 0.9417
vn -0.3297 0.2747 0.9032
vn -0.3298 0.2747 0.9032
vn -0.3282 0.2760 0.9034
vn -0.2912 0.6210 0.7278
vn -0.2912 0.6209 0.7278
vn -0.2911 0.6210 0.7277
vn -0.1029 -0.8852 0.4538
vn -0.1021 -0.8849 0.4544
vn -0.1017 -0.8848 0.4547
vn -0.2173 -0.6403 0.7368
vn -0.2175 -0.6402 0.7368
vn -0.2970 -0.2993 0.9068
vn -0.2965 -0.2995 0.9069
vn -0.2975 -0.2972 0.9073
vn -0.3293 0.0836 0.9405
vn -0.3293 0.0835 0.9405
vn -0.3290 0.0831 0.9407
vn -0.4741 0.4470 0.7586
vn -0.4740 0.4469 0.7587
vn -0.3618 0.7647 0.5333
vn -0.3619 0.7647 0.5333
vn -0.3617 0.7647 0.5333
vn -0.0930 -0.9619 0.2571
vn -0.0926 -0.9619 0.2572
vn -0.0929 -0.9619 0.2570
vn -0.2774 -0.7845 0.5547
vn -0.2779 -0.7844 0.5546
vn -0.4190 -0.4883 0.7655
vn -0.4190 -0.4882 0.7656
vn -0.4192 -0.4886 0.7652
vn -0.4964 -0.1199 0.8598
vn -0.4965 -0.1200 0.8597
vn -0.5008 0.2651 0.8240
vn -0.5009 0.2655 0.8238
vn -0.4288 0.6124 0.6641
vn -0.4292 0.6121 0.6642
vn -0.4298 0.6117 0.6641
vn -0.1895 -0.8903 0.4140
vn -0.1893 -0.8903 0.4141
vn -0.1899 -0.8902 0.4140
vn -0.3549 -0.6491 0.6728
vn -0.3551 -0.6491 0.6728
vn -0.3554 -0.6489 0.6728
vn -0.4665 -0.3101 0.8284
vn -0.4665 -0.3100 0.8284
vn -0.4667 -0.3103 0.8282
vn -0.5075 0.0729 0.8586
vn -0.5083 0.0733 0.8580
vn -0.5075 0.0725 0.8586
vn -0.6138 0.4380 0.6568
vn -0.6141 0.4380 0.6565
vn -0.6143 0.4375 0.6566
vn -0.4611 0.7582 0.4610
vn -0.4611 0.7582 0.4609
vn -0.4611 0.7583 0.4608
vn -0.1366 -0.9646 0.2255
vn -0.1367 -0.9646 0.2254
vn -0.1365 -0.9646 0.2256
vn -0.3775 -0.7910 0.4815
vn -0.3774 -0.7909 0.4817
vn -0.3776 -0.7911 0.4813
vn -0.5590 -0.4979 0.6630
vn -0.5590 -0.4978 0.6631
vn -0.5592 -0.4983 0.6626
vn -0.6553 -0.1306 0.7440
vn -0.6553 -0.1305 0.7440
vn -0.6556 -0.1302 0.7438
vn -0.6526 0.2554 0.7134
vn -0.6526 0.2553 0.7134
vn -0.6528 0.2551 0.7133
vn -0.5524 0.6042 0.5743
vn -0.5522 0.6045 0.5742
vn -0.5514 0.6047 0.5748
vn -0.2623 -0.8950 0.3606
vn -0.2622 -0.8951 0.3605
vn -0.2620 -0.8952 0.3606
vn -0.4778 -0.6566 0.5836
vn -0.4776 -0.6567 0.5836
vn -0.4770 -0.6570 0.5838
vn -0.6190 -0.3196 0.7174
vn -0.6190 -0.3197 0.7174
vn -0.6188 -0.3192 0.7178
vn -0.6666 0.0639 0.7426
vn -0.6666 0.0639 0.7427
vn -0.6666 0.0637 0.7427
vn -0.7318 0.4300 0.5288
vn -0.7319 0.4302 0.5285
vn -0.7316 0.4296 0.5293
vn -0.5444 0.7526 0.3704
vn -0.5446 0.7525 0.3703
vn -0.5445 0.7525 0.3705
vn -0.1767 -0.9673 0.1820
vn -0.1766 -0.9673 0.1822
vn -0.1768 -0.9673 0.1820
vn -0.4625 -0.7965 0.3894
vn -0.4624 -0.7966 0.3894
vn -0.4627 -0.7964 0.3894
vn -0.6763 -0.5057 0.5356
vn -0.6762 -0.5053 0.5361
vn -0.6761 -0.5048 0.5367
vn -0.7873 -0.1395 0.6006
vn -0.7873 -0.1392 0.6007
vn -0.7873 -0.1389 0.6008
vn -0.7802 0.2466 0.5749
vn -0.7804 0.2462 0.5748
vn -0.7805 0.2462 0.5746
vn -0.6553 0.5975 0.4621
vn -0.6553 0.5976 0.4621
vn -0.6553 0.5976 0.4620
vn -0.3262 -0.8992 0.2917
vn -0.3262 -0.8992 0.2915
vn -0.5801 -0.6635 0.4725
vn -0.5803 -0.6638 0.4719
vn -0.7462 -0.3281 0.5792
vn -0.7462 -0.3280 0.5792
vn -0.7466 -0.3277 0.5790
vn -0.7990 0.0551 0.5989
vn -0.7988 0.0549 0.5990
vn -0.8214 0.4236 0.3821
vn -0.8215 0.4234 0.3819
vn -0.8220 0.4230 0.3814
vn -0.6077 0.7482 0.2663
vn -0.6077 0.7482 0.2664
vn -0.6077 0.7481 0.2666
vn -0.2050 -0.9693 0.1359
vn -0.2049 -0.9693 0.1359
vn -0.2050 -0.9693 0.1360
vn -0.5273 -0.8010 0.2834
vn -0.5273 -0.8009 0.2838
vn -0.5278 -0.8004 0.2842
vn -0.7670 -0.5112 0.3878
vn -0.7671 -0.5112 0.3875
vn -0.8891 -0.1464 0.4336
vn -0.8891 -0.1463 0.4337
vn -0.8774 0.2399 0.4156
vn -0.8772 0.2403 0.4158
vn -0.7339 0.5918 0.3335
vn -0.7339 0.5918 0.3334
vn -0.3736 -0.9026 0.2139
vn -0.3738 -0.9024 0.2143
vn -0.3739 -0.9023 0.2146
vn -0.6600 -0.6690 0.3418
vn -0.6599 -0.6691 0.3417
vn -0.6597 -0.6693 0.3419
vn -0.8441 -0.3353 0.4184
vn -0.8440 -0.3354 0.4185
vn -0.8999 0.0473 0.4336
vn -0.8998 0.0472 0.4336
vn -0.9008 0.0463 0.4318
vn -0.8815 0.4180 0.2195
vn -0.8816 0.4180 0.2194
vn -0.8815 0.4182 0.2193
vn -0.6495 0.7448 0.1533
vn -0.6493 0.7450 0.1529
vn -0.6497 0.7447 0.1527
vn -0.2260 -0.9709 0.0791
vn -0.2257 -0.9709 0.0796
vn -0.5709 -0.8040 0.1662
vn -0.5707 -0.8042 0.1663
vn -0.5704 -0.8044 0.1661
vn -0.8259 -0.5164 0.2264
vn -0.8258 -0.5165 0.2263
vn -0.8260 -0.5162 0.2266
vn -0.9561 -0.1514 0.2510
vn -0.9561 -0.1515 0.2507
vn -0.9560 -0.1516 0.2512
vn -0.9423 0.2351 0.2382
vn -0.7861 0.5877 0.1913
vn -0.7862 0.5875 0.1916
vn -0.7862 0.5877 0.1911
vn -0.4066 -0.9050 0.1253
vn -0.4067 -0.9049 0.1251
vn -0.7118 -0.6730 0.2008
vn -0.7118 -0.6731 0.2007
vn -0.7120 -0.6729 0.2008
vn -0.9084 -0.3402 0.2432
vn -0.9084 -0.3402 0.2431
vn -0.9083 -0.3398 0.2440
vn -0.9675 0.0413 0.2493
vn -0.0387 -0.9992 -0.0070
vn -0.0346 -0.9991 -0.0242
vn -0.0265 -0.9988 -0.0420
vn -0.0147 -0.9982 -0.0582
vn -0.0012 -0.9975 -0.0707
vn 0.0170 -0.9965 -0.0818
vn 0.0332 -0.9956 -0.0877
vn 0.0524 -0.9945 -0.0909
vn 0.0712 -0.9934 -0.0902
vn 0.0932 -0.9920 -0.0852
vn 0.1067 -0.9911 -0.0790
vn 0.1260 -0.9899 -0.0646
vn 0.1364 -0.9892 -0.0533
vn 0.1364 -0.9892 -0.0532
vn 0.1481 -0.9884 -0.0341
vn 0.1537 -0.9880 -0.0185
vn 0.1569 -0.9876 0.0023
vn 0.1561 -0.9875 0.0219
vn 0.1519 -0.9876 0.0393
vn 0.1431 -0.9880 0.0577
vn 0.1323 -0.9885 0.0731
vn 0.1179 -0.9893 0.0860
vn 0.1031 -0.9901 0.0951
vn 0.0820 -0.9913 0.1028
vn 0.0665 -0.9922 0.1053
vn 0.0429 -0.9936 0.1043
vn 0.0287 -0.9945 0.1009
vn 0.0069 -0.9958 0.0912
vn -0.0052 -0.9966 0.0822
vn -0.0207 -0.9976 0.0655
vn -0.0288 -0.9982 0.0525
vn -0.0370 -0.9988 0.0305
vn -0.9082 0.4157 0.0488
vn -0.9082 0.4156 0.0491
vn -0.9082 0.4158 0.0488
vn -0.6688 0.7428 0.0308
vn -0.6690 0.7427 0.0307
vn -0.6694 0.7423 0.0303
vn -0.2343 -0.9718 0.0259
vn -0.2346 -0.9717 0.0260
vn -0.2348 -0.9717 0.0259
vn -0.5899 -0.8063 0.0430
vn -0.5899 -0.8063 0.0432
vn -0.5899 -0.8063 0.0433
vn -0.8527 -0.5194 0.0558
vn -0.8528 -0.5193 0.0554
vn -0.8526 -0.5195 0.0558
vn -0.9862 -0.1547 0.0595
vn -0.9862 -0.1548 0.0594
vn -0.9715 0.2308 0.0546
vn -0.9714 0.2313 0.0542
vn -0.8101 0.5849 0.0406
vn -0.8101 0.5848 0.0407
vn -0.8102 0.5847 0.0408
vn -0.0397 -0.9991 0.0148
vn -0.4208 -0.9065 0.0349
vn -0.4210 -0.9064 0.0350
vn -0.4212 -0.9063 0.0353
vn -0.7356 -0.6755 0.0506
vn -0.7356 -0.6756 0.0502
vn -0.7354 -0.6757 0.0501
vn -0.9374 -0.3434 0.0585
vn -0.9375 -0.3431 0.0587
vn -0.9976 0.0386 0.0577
vn -0.9976 0.0386 0.0580
vn -0.9976 0.0385 0.0581
vn -0.6322 0.7742 0.0287
vn -0.6314 0.7750 0.0284
vn -0.6301 0.7758 0.0322
vn -0.6128 0.7777 0.1405
vn -0.6141 0.7761 0.1436
vn -0.6136 0.7772 0.1393
vn -0.5760 0.7782 0.2502
vn -0.5760 0.7784 0.2496
vn -0.5753 0.7784 0.2512
vn -0.5159 0.7831 0.3474
vn -0.5168 0.7823 0.3477
vn -0.5176 0.7835 0.3439
vn -0.4385 0.7872 0.4335
vn -0.4376 0.7876 0.4338
vn -0.3453 0.7927 0.5024
vn -0.3491 0.7914 0.5019
vn -0.3497 0.7913 0.5016
vn -0.2433 0.7981 0.5512
vn -0.2432 0.7981 0.5512
vn -0.1292 0.8045 0.5797
vn -0.1293 0.8046 0.5796
vn -0.1307 0.8052 0.5783
vn -0.0118 0.8112 0.5846
vn -0.0118 0.8113 0.5846
vn -0.0119 0.8113 0.5846
vn 0.1043 0.8178 0.5660
vn 0.1048 0.8176 0.5662
vn 0.1042 0.8178 0.5660
vn 0.2157 0.8242 0.5236
vn 0.2153 0.8243 0.5237
vn 0.2164 0.8231 0.5250
vn 0.3155 0.8312 0.4578
vn 0.3120 0.8321 0.4586
vn 0.3176 0.8289 0.4605
vn 0.3910 0.8378 0.3810
vn 0.3928 0.8389 0.3769
vn 0.3945 0.8386 0.3757
vn 0.4616 0.8412 0.2816
vn 0.4609 0.8420 0.2805
vn 0.4614 0.8418 0.2800
vn 0.5069 0.8429 0.1804
vn 0.5066 0.8432 0.1799
vn 0.5331 0.8429 0.0725
vn 0.5331 0.8429 0.0726
vn 0.5331 0.8429 0.0727
vn 0.5387 0.8414 -0.0430
vn 0.5386 0.8414 -0.0429
vn 0.5384 0.8416 -0.0430
vn 0.5215 0.8390 -0.1553
vn 0.5216 0.8390 -0.1553
vn 0.5217 0.8388 -0.1557
vn 0.4827 0.8356 -0.2621
vn 0.4828 0.8356 -0.2622
vn 0.4828 0.8354 -0.2626
vn 0.4232 0.8314 -0.3602
vn 0.4232 0.8313 -0.3603
vn 0.4232 0.8312 -0.3605
vn 0.3454 0.8263 -0.4449
vn 0.3453 0.8263 -0.4450
vn 0.3457 0.8262 -0.4449
vn 0.2519 0.8201 -0.5138
vn 0.2520 0.8199 -0.5141
vn 0.2532 0.8198 -0.5136
vn 0.1471 0.8134 -0.5629
vn 0.1472 0.8135 -0.5626
vn 0.1474 0.8135 -0.5626
vn 0.0333 0.8070 -0.5897
vn 0.0331 0.8071 -0.5895
vn 0.0331 0.8065 -0.5903
vn -0.0814 0.8011 -0.5930
vn -0.0812 0.8010 -0.5931
vn -0.0819 0.8013 -0.5926
vn -0.1953 0.7947 -0.5747
vn -0.1953 0.7948 -0.5746
vn -0.3029 0.7888 -0.5349
vn -0.3033 0.7886 -0.5349
vn -0.4011 0.7836 -0.4745
vn -0.4013 0.7834 -0.4745
vn -0.4006 0.7838 -0.4745
vn -0.4873 0.7792 -0.3942
vn -0.4873 0.7791 -0.3944
vn -0.4873 0.7793 -0.3941
vn -0.5547 0.7755 -0.3015
vn -0.5546 0.7754 -0.3021
vn -0.5547 0.7752 -0.3024
vn -0.6020 0.7739 -0.1965
vn -0.6022 0.7738 -0.1966
vn -0.6022 0.7739 -0.1963
vn -0.6280 0.7731 -0.0892
vn -0.6278 0.7732 -0.0894
vn -0.5253 0.8486 -0.0632
vn -0.5249 0.8490 -0.0612
vn -0.5243 0.8494 -0.0606
vn -0.6782 0.7298 -0.0863
vn -0.6798 0.7285 -0.0845
vn -0.6785 0.7292 -0.0884
vn -0.3513 0.9354 -0.0394
vn -0.3509 0.9357 -0.0372
vn -0.3510 0.9356 -0.0370
vn -0.6518 0.7296 -0.2070
vn -0.6531 0.7289 -0.2055
vn -0.6518 0.7295 -0.2074
vn -0.3389 0.9366 -0.0885
vn -0.3397 0.9365 -0.0873
vn -0.3386 0.9367 -0.0888
vn -0.5038 0.8506 -0.1504
vn -0.5046 0.8503 -0.1494
vn -0.5035 0.8508 -0.1507
vn -0.5996 0.7318 -0.3239
vn -0.5998 0.7316 -0.3241
vn -0.5999 0.7316 -0.3237
vn -0.3148 0.9384 -0.1424
vn -0.3144 0.9384 -0.1435
vn -0.3142 0.9384 -0.1440
vn -0.4646 0.8528 -0.2384
vn -0.4645 0.8526 -0.2395
vn -0.4648 0.8522 -0.2402
vn -0.5253 0.7356 -0.4278
vn -0.5264 0.7354 -0.4267
vn -0.5257 0.7365 -0.4257
vn -0.2756 0.9408 -0.1974
vn -0.2755 0.9408 -0.1975
vn -0.2758 0.9407 -0.1973
vn -0.4084 0.8554 -0.3185
vn -0.4084 0.8553 -0.3187
vn -0.4082 0.8553 -0.3192
vn -0.4313 0.7414 -0.5141
vn -0.4304 0.7416 -0.5145
vn -0.4317 0.7413 -0.5138
vn -0.2323 0.9432 -0.2375
vn -0.2316 0.9431 -0.2384
vn -0.2311 0.9431 -0.2391
vn -0.3364 0.8589 -0.3862
vn -0.3374 0.8593 -0.3843
vn -0.3376 0.8595 -0.3837
vn -0.3239 0.7480 -0.5793
vn -0.3240 0.7480 -0.5792
vn -0.3240 0.7484 -0.5787
vn -0.1780 0.9458 -0.2714
vn -0.1761 0.9461 -0.2717
vn -0.1791 0.9458 -0.2711
vn -0.2550 0.8643 -0.4336
vn -0.2555 0.8644 -0.4330
vn -0.2580 0.8638 -0.4328
vn -0.2056 0.7548 -0.6228
vn -0.2063 0.7551 -0.6223
vn -0.2063 0.7553 -0.6221
vn -0.1238 0.9488 -0.2907
vn -0.1262 0.9488 -0.2895
vn -0.1265 0.9490 -0.2889
vn -0.1668 0.8694 -0.4651
vn -0.1693 0.8699 -0.4634
vn -0.1701 0.8700 -0.4628
vn -0.0829 0.7625 -0.6417
vn -0.0827 0.7625 -0.6417
vn -0.0837 0.7628 -0.6412
vn -0.0723 0.9520 -0.2976
vn -0.0725 0.9519 -0.2976
vn -0.0726 0.9519 -0.2976
vn -0.0798 0.8751 -0.4773
vn -0.0796 0.8752 -0.4772
vn 0.0424 0.7704 -0.6362
vn 0.0421 0.7702 -0.6364
vn 0.0419 0.7703 -0.6363
vn -0.0171 0.9552 -0.2954
vn -0.0169 0.9552 -0.2954
vn -0.0173 0.9552 -0.2953
vn 0.0133 0.8805 -0.4738
vn 0.0126 0.8808 -0.4733
vn 0.0120 0.8810 -0.4729
vn 0.1629 0.7776 -0.6072
vn 0.1630 0.7776 -0.6072
vn 0.1627 0.7776 -0.6074
vn 0.0375 0.9585 -0.2826
vn 0.0357 0.9583 -0.2835
vn 0.0384 0.9586 -0.2820
vn 0.1023 0.8861 -0.4520
vn 0.1023 0.8859 -0.4524
vn 0.1025 0.8864 -0.4515
vn 0.2764 0.7846 -0.5550
vn 0.2764 0.7846 -0.5549
vn 0.2762 0.7845 -0.5552
vn 0.0891 0.9615 -0.2600
vn 0.0872 0.9611 -0.2620
vn 0.0900 0.9616 -0.2591
vn 0.1863 0.8911 -0.4137
vn 0.1860 0.8912 -0.4137
vn 0.1866 0.8911 -0.4137
vn 0.3769 0.7911 -0.4818
vn 0.3768 0.7911 -0.4818
vn 0.3765 0.7912 -0.4819
vn 0.1350 0.9643 -0.2277
vn 0.1354 0.9644 -0.2271
vn 0.2604 0.8950 -0.3622
vn 0.2599 0.8952 -0.3621
vn 0.2606 0.8958 -0.3600
vn 0.4630 0.7969 -0.3880
vn 0.4630 0.7969 -0.3881
vn 0.4629 0.7968 -0.3883
vn 0.1784 0.9673 -0.1803
vn 0.1769 0.9674 -0.1812
vn 0.1765 0.9674 -0.1818
vn 0.3268 0.8998 -0.2892
vn 0.3269 0.8997 -0.2893
vn 0.3249 0.9001 -0.2902
vn 0.5279 0.8011 -0.2819
vn 0.5282 0.8010 -0.2817
vn 0.5284 0.8010 -0.2813
vn 0.2052 0.9694 -0.1349
vn 0.2052 0.9694 -0.1350
vn 0.2053 0.9694 -0.1345
vn 0.3726 0.9031 -0.2137
vn 0.3731 0.9029 -0.2134
vn 0.3734 0.9033 -0.2112
vn 0.5716 0.8041 -0.1631
vn 0.5701 0.8049 -0.1644
vn 0.5697 0.8052 -0.1648
vn 0.2257 0.9710 -0.0791
vn 0.2256 0.9709 -0.0797
vn 0.2257 0.9710 -0.0786
vn 0.4066 0.9053 -0.1231
vn 0.4068 0.9053 -0.1226
vn 0.5884 0.8074 -0.0436
vn 0.5881 0.8076 -0.0436
vn 0.5883 0.8074 -0.0448
vn 0.2348 0.9718 -0.0214
vn 0.2349 0.9718 -0.0214
vn 0.2346 0.9718 -0.0219
vn 0.4205 0.9067 -0.0325
vn 0.4199 0.9070 -0.0324
vn 0.4203 0.9067 -0.0345
vn 0.5837 0.8080 0.0808
vn 0.5837 0.8079 0.0812
vn 0.5824 0.8086 0.0832
vn 0.2324 0.9721 0.0326
vn 0.2328 0.9720 0.0318
vn 0.2322 0.9721 0.0334
vn 0.4155 0.9078 0.0578
vn 0.4155 0.9077 0.0581
vn 0.5550 0.8071 0.2015
vn 0.5533 0.8078 0.2032
vn 0.5550 0.8072 0.2011
vn 0.2192 0.9718 0.0874
vn 0.2192 0.9718 0.0875
vn 0.2190 0.9718 0.0875
vn 0.3935 0.9070 0.1499
vn 0.3958 0.9065 0.1473
vn 0.3931 0.9072 0.1499
vn 0.5023 0.8064 0.3120
vn 0.5029 0.8060 0.3121
vn 0.5019 0.8064 0.3128
vn 0.1956 0.9711 0.1365
vn 0.1957 0.9707 0.1392
vn 0.1954 0.9706 0.1409
vn 0.3564 0.9051 0.2319
vn 0.3558 0.9053 0.2322
vn 0.3568 0.9055 0.2299
vn 0.4316 0.8027 0.4115
vn 0.4316 0.8027 0.4114
vn 0.4314 0.8026 0.4119
vn 0.1630 0.9693 0.1840
vn 0.1607 0.9694 0.1854
vn 0.1644 0.9692 0.1832
vn 0.3035 0.9033 0.3032
vn 0.3035 0.9034 0.3029
vn 0.3330 0.7976 0.5029
vn 0.3373 0.7963 0.5021
vn 0.3324 0.7980 0.5027
vn 0.1190 0.9674 0.2237
vn 0.1191 0.9674 0.2236
vn 0.2326 0.9002 0.3682
vn 0.2320 0.8998 0.3695
vn 0.2318 0.8996 0.3702
vn 0.2267 0.7901 0.5696
vn 0.2264 0.7902 0.5695
vn 0.2268 0.7901 0.5694
vn 0.0584 0.9638 0.2600
vn 0.0582 0.9641 0.2592
vn 0.0593 0.9638 0.2600
vn 0.1462 0.8950 0.4214
vn 0.1431 0.8956 0.4212
vn 0.1477 0.8946 0.4217
vn 0.1067 0.7831 0.6127
vn 0.1088 0.7845 0.6105
vn 0.1093 0.7845 0.6104
vn 0.0008 0.9599 0.2805
vn 0.0029 0.9602 0.2793
vn 0.0041 0.9604 0.2786
vn 0.0556 0.8899 0.4528
vn 0.0551 0.8900 0.4527
vn 0.0573 0.8904 0.4516
vn -0.0169 0.7768 0.6295
vn -0.0260 0.7799 0.6254
vn -0.0158 0.7766 0.6298
vn -0.0572 0.9559 0.2881
vn -0.0570 0.9559 0.2881
vn -0.0567 0.9559 0.2882
vn -0.0421 0.8832 0.4671
vn -0.0424 0.8831 0.4673
vn -0.0441 0.8831 0.4671
vn -0.1500 0.7723 0.6173
vn -0.1512 0.7730 0.6161
vn -0.1499 0.7719 0.6178
vn -0.1281 0.9499 0.2850
vn -0.1259 0.9503 0.2847
vn -0.1254 0.9505 0.2844
vn -0.1435 0.8750 0.4625
vn -0.1386 0.8763 0.4613
vn -0.1373 0.8770 0.4604
vn -0.2630 0.7652 0.5876
vn -0.2671 0.7669 0.5836
vn -0.2625 0.7647 0.5885
vn -0.1632 0.9474 0.2754
vn -0.1630 0.9474 0.2754
vn -0.2234 0.8696 0.4403
vn -0.2194 0.8688 0.4438
vn -0.2247 0.8701 0.4387
vn -0.3776 0.7590 0.5304
vn -0.3799 0.7606 0.5264
vn -0.3771 0.7591 0.5306
vn -0.2413 0.9403 0.2399
vn -0.2426 0.9393 0.2425
vn -0.2409 0.9395 0.2436
vn -0.3090 0.8656 0.3941
vn -0.4645 0.7546 0.4635
vn -0.4644 0.7544 0.4639
vn -0.4663 0.7538 0.4629
vn -0.2439 0.9405 0.2367
vn -0.3681 0.8611 0.3507
vn -0.5577 0.7467 0.3625
vn -0.3039 0.9370 0.1725
vn -0.3040 0.9369 0.1725
vn -0.3043 0.9369 0.1724
vn -0.4428 0.8511 0.2821
vn -0.4365 0.8532 0.2856
vn -0.4353 0.8534 0.2867
vn -0.6147 0.7360 0.2838
vn -0.6174 0.7345 0.2817
vn -0.6176 0.7344 0.2815
vn -0.3203 0.9360 0.1462
vn -0.3203 0.9360 0.1463
vn -0.3203 0.9360 0.1464
vn -0.4790 0.8505 0.2171
vn -0.4785 0.8490 0.2242
vn -0.4790 0.8509 0.2156
vn -0.6620 0.7312 0.1645
vn -0.6614 0.7317 0.1645
vn -0.6611 0.7320 0.1647
vn -0.3493 0.9346 0.0676
vn -0.3484 0.9349 0.0683
vn -0.3480 0.9350 0.0687
vn -0.5183 0.8473 0.1163
vn -0.5138 0.8492 0.1224
vn -0.5125 0.8497 0.1237
vn -0.1659 0.9861 -0.0121
vn -0.1655 0.9859 -0.0233
vn -0.1662 0.9858 -0.0232
vn -0.1629 0.9864 -0.0235
vn -0.1534 0.9872 -0.0438
vn -0.1344 0.9885 -0.0696
vn -0.1204 0.9892 -0.0830
vn -0.0932 0.9907 -0.0991
vn -0.0795 0.9913 -0.1046
vn -0.0630 0.9922 -0.1074
vn -0.0477 0.9932 -0.1066
vn -0.0295 0.9943 -0.1024
vn -0.0132 0.9954 -0.0949
vn 0.0037 0.9966 -0.0826
vn 0.0201 0.9977 -0.0645
vn 0.0282 0.9983 -0.0514
vn 0.0356 0.9989 -0.0310
vn 0.0384 0.9992 -0.0114
vn 0.0376 0.9993 0.0061
vn 0.0330 0.9992 0.0245
vn 0.0260 0.9989 0.0391
vn 0.0129 0.9983 0.0569
vn -0.0019 0.9975 0.0702
vn -0.0291 0.9958 0.0864
vn -0.0524 0.9941 0.0953
vn -0.0701 0.9927 0.0981
vn -0.1045 0.9898 0.0970
vn -0.1039 0.9898 0.0971
vn -0.1025 0.9900 0.0974
vn -0.1432 0.9866 0.0786
vn -0.1219 0.9881 0.0943
vn -0.1541 0.9863 0.0596
vn -0.1540 0.9862 0.0605
vn -0.1541 0.9862 0.0605
vn -0.1523 0.9864 0.0624
vn -0.1678 0.9856 0.0192
vn -0.1677 0.9856 0.0200
vn -0.1677 0.9856 0.0198
vn -0.6818 0.7303 0.0426
vn -0.6821 0.7300 0.0425
vn -0.6826 0.7295 0.0423
vn -0.3542 0.9347 0.0303
vn -0.3543 0.9346 0.0308
vn -0.3539 0.9348 0.0292
vn -0.5277 0.8488 0.0341
vn -0.5289 0.8479 0.0379
vn -0.5270 0.8492 0.0333
vn -0.1676 0.9857 0.0202
vn -0.8461 -0.5202 -0.1162
vn -0.8459 -0.5206 -0.1161
vn -0.8461 -0.5203 -0.1158
vn -0.9781 -0.1577 -0.1359
vn -0.9783 -0.1559 -0.1361
vn -0.9781 -0.1589 -0.1345
vn -0.9630 0.2368 -0.1288
vn -0.9629 0.2374 -0.1282
vn -0.8003 0.5901 -0.1066
vn -0.4161 -0.9075 -0.0573
vn -0.4160 -0.9075 -0.0574
vn -0.4161 -0.9075 -0.0572
vn -0.7292 -0.6770 -0.1000
vn -0.7292 -0.6769 -0.1001
vn -0.7291 -0.6770 -0.1003
vn -0.9298 -0.3453 -0.1277
vn -0.9298 -0.3450 -0.1278
vn -0.9298 -0.3454 -0.1275
vn -0.9897 0.0446 -0.1360
vn -0.9901 0.0391 -0.1351
vn -0.9893 0.0408 -0.1398
vn -0.8991 0.4210 -0.1202
vn -0.8993 0.4206 -0.1196
vn -0.8988 0.4215 -0.1208
vn -0.6607 0.7455 -0.0879
vn -0.6607 0.7455 -0.0880
vn -0.6610 0.7453 -0.0875
vn -0.2305 -0.9725 -0.0327
vn -0.2305 -0.9725 -0.0326
vn -0.2304 -0.9725 -0.0327
vn -0.5842 -0.8076 -0.0804
vn -0.5841 -0.8077 -0.0806
vn -0.5843 -0.8076 -0.0803
vn -0.8592 0.4214 -0.2902
vn -0.8598 0.4203 -0.2901
vn -0.8589 0.4221 -0.2900
vn -0.6330 0.7465 -0.2053
vn -0.6341 0.7458 -0.2043
vn -0.6328 0.7464 -0.2057
vn -0.2169 -0.9721 -0.0888
vn -0.2169 -0.9722 -0.0888
vn -0.2166 -0.9722 -0.0891
vn -0.5551 -0.8070 -0.2013
vn -0.5551 -0.8070 -0.2014
vn -0.5550 -0.8069 -0.2021
vn -0.8054 -0.5201 -0.2843
vn -0.8055 -0.5198 -0.2846
vn -0.8056 -0.5197 -0.2846
vn -0.9327 -0.1558 -0.3252
vn -0.9327 -0.1559 -0.3253
vn -0.9190 0.2383 -0.3141
vn -0.9187 0.2382 -0.3150
vn -0.9191 0.2354 -0.3161
vn -0.7663 0.5903 -0.2537
vn -0.7664 0.5900 -0.2541
vn -0.7663 0.5901 -0.2541
vn -0.3942 -0.9070 -0.1481
vn -0.3942 -0.9070 -0.1480
vn -0.3940 -0.9071 -0.1483
vn -0.6935 -0.6766 -0.2474
vn -0.6935 -0.6768 -0.2472
vn -0.8859 -0.3446 -0.3105
vn -0.8859 -0.3447 -0.3105
vn -0.9442 0.0413 -0.3268
vn -0.9441 0.0415 -0.3270
vn -0.9441 0.0416 -0.3271
vn -0.7872 0.4239 -0.4479
vn -0.7885 0.4225 -0.4469
vn -0.7868 0.4236 -0.4489
vn -0.5851 0.7477 -0.3139
vn -0.5848 0.7476 -0.3147
vn -0.5850 0.7474 -0.3149
vn -0.1949 -0.9712 -0.1372
vn -0.1951 -0.9710 -0.1381
vn -0.1949 -0.9713 -0.1365
vn -0.5028 -0.8051 -0.3147
vn -0.5032 -0.8052 -0.3139
vn -0.7329 -0.5174 -0.4418
vn -0.7330 -0.5171 -0.4418
vn -0.7331 -0.5171 -0.4418
vn -0.8513 -0.1525 -0.5021
vn -0.8517 -0.1520 -0.5016
vn -0.8412 0.2375 -0.4857
vn -0.8410 0.2378 -0.4859
vn -0.7054 0.5922 -0.3895
vn -0.7050 0.5901 -0.3934
vn -0.7048 0.5900 -0.3938
vn -0.3559 -0.9056 -0.2308
vn -0.3558 -0.9055 -0.2313
vn -0.3557 -0.9055 -0.2314
vn -0.6302 -0.6738 -0.3857
vn -0.6301 -0.6739 -0.3858
vn -0.6303 -0.6737 -0.3858
vn -0.8074 -0.3416 -0.4810
vn -0.8076 -0.3413 -0.4809
vn -0.8076 -0.3414 -0.4809
vn -0.8624 0.0440 -0.5043
vn -0.8625 0.0440 -0.5042
vn -0.8624 0.0447 -0.5042
vn -0.6872 0.4265 -0.5881
vn -0.6874 0.4261 -0.5881
vn -0.6871 0.4264 -0.5883
vn -0.5118 0.7508 -0.4177
vn -0.5135 0.7500 -0.4169
vn -0.5111 0.7515 -0.4172
vn -0.1603 -0.9694 -0.1862
vn -0.1589 -0.9695 -0.1865
vn -0.1583 -0.9696 -0.1868
vn -0.4293 -0.8013 -0.4167
vn -0.4295 -0.8014 -0.4162
vn -0.4294 -0.8013 -0.4166
vn -0.6316 -0.5128 -0.5814
vn -0.6319 -0.5124 -0.5815
vn -0.6320 -0.5126 -0.5813
vn -0.7373 -0.1473 -0.6593
vn -0.7373 -0.1468 -0.6594
vn -0.7374 -0.1473 -0.6592
vn -0.7321 0.2424 -0.6366
vn -0.7319 0.2426 -0.6367
vn -0.6162 0.5942 -0.5170
vn -0.3009 -0.9030 -0.3067
vn -0.3008 -0.9030 -0.3067
vn -0.3009 -0.9031 -0.3064
vn -0.5410 -0.6698 -0.5085
vn -0.5411 -0.6699 -0.5083
vn -0.5408 -0.6694 -0.5093
vn -0.6978 -0.3363 -0.6324
vn -0.6978 -0.3364 -0.6324
vn -0.6978 -0.3362 -0.6325
vn -0.7490 0.0485 -0.6608
vn -0.7488 0.0483 -0.6610
vn -0.5612 0.4328 -0.7055
vn -0.5612 0.4327 -0.7055
vn -0.5613 0.4326 -0.7055
vn -0.4239 0.7550 -0.5003
vn -0.4239 0.7550 -0.5002
vn -0.1195 -0.9675 -0.2227
vn -0.1190 -0.9674 -0.2234
vn -0.1198 -0.9676 -0.2223
vn -0.3381 -0.7969 -0.5006
vn -0.3381 -0.7972 -0.5002
vn -0.3383 -0.7967 -0.5009
vn -0.5049 -0.5061 -0.6992
vn -0.5050 -0.5061 -0.6992
vn -0.5047 -0.5063 -0.6993
vn -0.5953 -0.1397 -0.7912
vn -0.5955 -0.1397 -0.7911
vn -0.5955 0.2490 -0.7638
vn -0.5958 0.2491 -0.7635
vn -0.5057 0.5996 -0.6203
vn -0.5058 0.5997 -0.6201
vn -0.5056 0.5995 -0.6205
vn -0.2327 -0.8994 -0.3700
vn -0.2329 -0.8994 -0.3699
vn -0.2332 -0.8993 -0.3699
vn -0.4301 -0.6646 -0.6110
vn -0.4299 -0.6644 -0.6114
vn -0.4302 -0.6647 -0.6108
vn -0.5607 -0.3296 -0.7596
vn -0.5606 -0.3296 -0.7597
vn -0.5606 -0.3294 -0.7598
vn -0.6073 0.0553 -0.7926
vn -0.6074 0.0553 -0.7925
vn -0.4146 0.4409 -0.7961
vn -0.4144 0.4411 -0.7960
vn -0.4146 0.4413 -0.7958
vn -0.3182 0.7607 -0.5657
vn -0.3184 0.7606 -0.5657
vn -0.0664 -0.9645 -0.2556
vn -0.0667 -0.9645 -0.2555
vn -0.0661 -0.9645 -0.2557
vn -0.2303 -0.7914 -0.5662
vn -0.2302 -0.7915 -0.5662
vn -0.2301 -0.7914 -0.5663
vn -0.3577 -0.4982 -0.7898
vn -0.3578 -0.4982 -0.7898
vn -0.3572 -0.4981 -0.7901
vn -0.4300 -0.1312 -0.8933
vn -0.4306 -0.1298 -0.8932
vn -0.4367 0.2579 -0.8618
vn -0.4374 0.2580 -0.8615
vn -0.4373 0.2584 -0.8614
vn -0.3764 0.6071 -0.6998
vn -0.3763 0.6075 -0.6995
vn -0.3768 0.6066 -0.7001
vn -0.1518 -0.8950 -0.4194
vn -0.1520 -0.8950 -0.4193
vn -0.1513 -0.8951 -0.4193
vn -0.2995 -0.6572 -0.6917
vn -0.2990 -0.6573 -0.6918
vn -0.2991 -0.6574 -0.6917
vn -0.4020 -0.3219 -0.8572
vn -0.4019 -0.3219 -0.8572
vn -0.4013 -0.3214 -0.8577
vn -0.4418 0.0639 -0.8948
vn -0.4416 0.0642 -0.8949
vn -0.2519 0.4508 -0.8564
vn -0.2519 0.4507 -0.8564
vn -0.2521 0.4507 -0.8563
vn -0.2044 0.7670 -0.6083
vn -0.2044 0.7670 -0.6082
vn -0.0192 -0.9618 -0.2731
vn -0.0193 -0.9618 -0.2730
vn -0.1135 -0.7847 -0.6094
vn -0.1140 -0.7845 -0.6095
vn -0.1145 -0.7843 -0.6097
vn -0.1945 -0.4896 -0.8500
vn -0.1941 -0.4898 -0.8500
vn -0.1945 -0.4898 -0.8499
vn -0.2477 -0.1207 -0.9613
vn -0.2473 -0.1204 -0.9614
vn -0.2467 -0.1209 -0.9615
vn -0.2619 0.2681 -0.9271
vn -0.2618 0.2680 -0.9272
vn -0.2622 0.2682 -0.9270
vn -0.2332 0.6156 -0.7528
vn -0.2331 0.6158 -0.7526
vn -0.2341 0.6157 -0.7524
vn -0.0683 -0.8905 -0.4499
vn -0.0668 -0.8901 -0.4509
vn -0.0689 -0.8904 -0.4499
vn -0.1568 -0.6496 -0.7439
vn -0.1569 -0.6498 -0.7438
vn -0.1563 -0.6499 -0.7438
vn -0.2244 -0.3125 -0.9230
vn -0.2240 -0.3128 -0.9230
vn -0.2601 0.0743 -0.9627
vn -0.2601 0.0742 -0.9627
vn -0.0801 0.4605 -0.8841
vn -0.0799 0.4607 -0.8840
vn -0.0806 0.4608 -0.8838
vn -0.0839 0.7741 -0.6275
vn -0.0837 0.7740 -0.6276
vn -0.0841 0.7741 -0.6274
vn 0.0424 -0.9582 -0.2830
vn 0.0418 -0.9581 -0.2833
vn 0.0414 -0.9581 -0.2834
vn 0.0086 -0.7772 -0.6292
vn 0.0087 -0.7772 -0.6292
vn 0.0086 -0.7773 -0.6291
vn -0.0234 -0.4795 -0.8772
vn -0.0235 -0.4795 -0.8772
vn -0.0233 -0.4794 -0.8773
vn -0.0551 -0.1139 -0.9920
vn -0.0497 -0.1146 -0.9922
vn -0.0508 -0.1175 -0.9918
vn -0.0741 0.2807 -0.9569
vn -0.0740 0.2808 -0.9569
vn -0.0833 0.6248 -0.7764
vn -0.0834 0.6247 -0.7764
vn -0.0831 0.6249 -0.7763
vn 0.0256 -0.8846 -0.4657
vn 0.0267 -0.8849 -0.4650
vn 0.0273 -0.8848 -0.4652
vn -0.0074 -0.6408 -0.7677
vn -0.0075 -0.6409 -0.7676
vn -0.0080 -0.6408 -0.7677
vn -0.0379 -0.3014 -0.9527
vn -0.0385 -0.3010 -0.9528
vn -0.0387 -0.3008 -0.9529
vn -0.0637 0.0908 -0.9938
vn -0.0641 0.0918 -0.9937
vn -0.0728 0.0851 -0.9937
vn 0.0932 0.4710 -0.8772
vn 0.0929 0.4708 -0.8773
vn 0.0389 0.7814 -0.6228
vn 0.0388 0.7814 -0.6228
vn 0.0390 0.7814 -0.6228
vn 0.0968 -0.9548 -0.2811
vn 0.0977 -0.9548 -0.2807
vn 0.0985 -0.9549 -0.2803
vn 0.1337 -0.7695 -0.6245
vn 0.1334 -0.7696 -0.6244
vn 0.1339 -0.7696 -0.6243
vn 0.1489 -0.4692 -0.8704
vn 0.1491 -0.4692 -0.8704
vn 0.1494 -0.4695 -0.8702
vn 0.1405 -0.0995 -0.9851
vn 0.1422 -0.0976 -0.9850
vn 0.1410 -0.1053 -0.9844
vn 0.1145 0.2911 -0.9498
vn 0.1144 0.2911 -0.9498
vn 0.1150 0.2907 -0.9499
vn 0.0687 0.6331 -0.7710
vn 0.0687 0.6332 -0.7710
vn 0.0691 0.6330 -0.7711
vn 0.1175 -0.8793 -0.4616
vn 0.1175 -0.8791 -0.4619
vn 0.1166 -0.8793 -0.4617
vn 0.1444 -0.6317 -0.7616
vn 0.1445 -0.6317 -0.7616
vn 0.1444 -0.6316 -0.7618
vn 0.1483 -0.2897 -0.9456
vn 0.1484 -0.2897 -0.9455
vn 0.1482 -0.2893 -0.9457
vn 0.1346 0.1016 -0.9857
vn 0.1375 0.0990 -0.9855
vn 0.2621 0.4813 -0.8365
vn 0.2619 0.4813 -0.8365
vn 0.2626 0.4811 -0.8364
vn 0.1578 0.7888 -0.5941
vn 0.1577 0.7887 -0.5942
vn 0.1552 -0.9512 -0.2667
vn 0.1552 -0.9512 -0.2666
vn 0.1550 -0.9512 -0.2668
vn 0.2545 -0.7622 -0.5952
vn 0.2543 -0.7623 -0.5952
vn 0.2547 -0.7620 -0.5954
vn 0.3174 -0.4590 -0.8298
vn 0.3169 -0.4589 -0.8300
vn 0.3174 -0.4591 -0.8298
vn 0.3330 -0.0865 -0.9389
vn 0.3330 -0.0865 -0.9390
vn 0.2987 0.3007 -0.9058
vn 0.2986 0.3007 -0.9058
vn 0.2992 0.3002 -0.9057
vn 0.2163 0.6417 -0.7358
vn 0.2164 0.6414 -0.7361
vn 0.2166 0.6414 -0.7360
vn 0.2083 -0.8735 -0.4400
vn 0.2095 -0.8738 -0.4387
vn 0.2101 -0.8738 -0.4386
vn 0.2912 -0.6224 -0.7265
vn 0.2914 -0.6222 -0.7266
vn 0.2906 -0.6227 -0.7265
vn 0.3311 -0.2788 -0.9015
vn 0.3312 -0.2784 -0.9016
vn 0.3226 0.1098 -0.9402
vn 0.3225 0.1100 -0.9402
vn 0.3224 0.1097 -0.9402
vn 0.4184 0.4896 -0.7650
vn 0.4185 0.4896 -0.7650
vn 0.4185 0.4897 -0.7649
vn 0.2683 0.7951 -0.5438
vn 0.2685 0.7951 -0.5438
vn 0.2686 0.7953 -0.5435
vn 0.2009 -0.9483 -0.2458
vn 0.2008 -0.9483 -0.2458
vn 0.2004 -0.9483 -0.2459
vn 0.3673 -0.7550 -0.5433
vn 0.3671 -0.7550 -0.5433
vn 0.3669 -0.7551 -0.5433
vn 0.4744 -0.4485 -0.7575
vn 0.4745 -0.4485 -0.7574
vn 0.4742 -0.4483 -0.7577
vn 0.5102 -0.0748 -0.8568
vn 0.5101 -0.0750 -0.8568
vn 0.5104 -0.0759 -0.8566
vn 0.4668 0.3105 -0.8281
vn 0.4667 0.3105 -0.8281
vn 0.3539 0.6500 -0.6725
vn 0.3540 0.6500 -0.6725
vn 0.3537 0.6501 -0.6725
vn 0.2892 -0.8687 -0.4021
vn 0.2908 -0.8683 -0.4019
vn 0.2886 -0.8688 -0.4024
vn 0.4291 -0.6131 -0.6633
vn 0.4289 -0.6132 -0.6633
vn 0.5022 -0.2665 -0.8227
vn 0.5021 -0.2665 -0.8227
vn 0.5018 -0.2666 -0.8229
vn 0.4978 0.1192 -0.8590
vn 0.4978 0.1192 -0.8591
vn 0.4984 0.1214 -0.8584
vn 0.5584 0.4982 -0.6633
vn 0.3670 0.8015 -0.4721
vn 0.3668 0.8017 -0.4719
vn 0.3669 0.8015 -0.4721
vn 0.2526 -0.9451 -0.2072
vn 0.2524 -0.9451 -0.2075
vn 0.2527 -0.9451 -0.2069
vn 0.4679 -0.7483 -0.4703
vn 0.4681 -0.7484 -0.4699
vn 0.4673 -0.7485 -0.4705
vn 0.6141 -0.4386 -0.6562
vn 0.6141 -0.4386 -0.6561
vn 0.6139 -0.4384 -0.6565
vn 0.6663 -0.0649 -0.7429
vn 0.6663 -0.0649 -0.7428
vn 0.6662 -0.0653 -0.7429
vn 0.6187 0.3202 -0.7174
vn 0.4760 0.6578 -0.5837
vn 0.4762 0.6577 -0.5837
vn 0.3671 -0.8630 -0.3471
vn 0.3661 -0.8633 -0.3473
vn 0.3675 -0.8630 -0.3467
vn 0.5518 -0.6049 -0.5742
vn 0.5518 -0.6048 -0.5742
vn 0.6526 -0.2567 -0.7129
vn 0.6528 -0.2570 -0.7126
vn 0.6554 0.1296 -0.7441
vn 0.6555 0.1295 -0.7440
vn 0.6750 0.5058 -0.5371
vn 0.6750 0.5059 -0.5370
vn 0.4500 0.8072 -0.3820
vn 0.4495 0.8074 -0.3822
vn 0.4489 0.8076 -0.3825
vn 0.2867 -0.9428 -0.1703
vn 0.2876 -0.9426 -0.1697
vn 0.2860 -0.9429 -0.1708
vn 0.5534 -0.7422 -0.3781
vn 0.5529 -0.7426 -0.3779
vn 0.5536 -0.7419 -0.3784
vn 0.7312 -0.4300 -0.5295
vn 0.7310 -0.4304 -0.5295
vn 0.7311 -0.4303 -0.5295
vn 0.7982 -0.0560 -0.5998
vn 0.7984 -0.0563 -0.5996
vn 0.7454 0.3283 -0.5802
vn 0.7452 0.3282 -0.5805
vn 0.7454 0.3281 -0.5803
vn 0.5787 0.6647 -0.4726
vn 0.5787 0.6646 -0.4725
vn 0.5784 0.6648 -0.4727
vn 0.4296 -0.8591 -0.2783
vn 0.4293 -0.8592 -0.2785
vn 0.4295 -0.8590 -0.2786
vn 0.6547 -0.5973 -0.4632
vn 0.6545 -0.5975 -0.4634
vn 0.7796 -0.2480 -0.5751
vn 0.7795 -0.2480 -0.5751
vn 0.7793 -0.2483 -0.5754
vn 0.7868 0.1388 -0.6014
vn 0.7866 0.1384 -0.6017
vn 0.7656 0.5122 -0.3893
vn 0.7655 0.5122 -0.3893
vn 0.5138 0.8121 -0.2767
vn 0.5135 0.8127 -0.2753
vn 0.5135 0.8122 -0.2771
vn 0.3204 -0.9400 -0.1170
vn 0.3206 -0.9401 -0.1158
vn 0.3207 -0.9401 -0.1155
vn 0.6187 -0.7376 -0.2704
vn 0.6185 -0.7377 -0.2706
vn 0.6187 -0.7377 -0.2702
vn 0.8216 -0.4234 -0.3817
vn 0.8215 -0.4235 -0.3818
vn 0.8999 -0.0484 -0.4335
vn 0.8996 -0.0478 -0.4341
vn 0.8432 0.3352 -0.4203
vn 0.8431 0.3354 -0.4203
vn 0.6580 0.6706 -0.3425
vn 0.6582 0.6706 -0.3423
vn 0.6582 0.6702 -0.3429
vn 0.4787 -0.8554 -0.1980
vn 0.4786 -0.8555 -0.1979
vn 0.4789 -0.8554 -0.1972
vn 0.7341 -0.5916 -0.3332
vn 0.7341 -0.5917 -0.3332
vn 0.7343 -0.5922 -0.3318
vn 0.8771 -0.2406 -0.4157
vn 0.8772 -0.2405 -0.4156
vn 0.8885 0.1465 -0.4349
vn 0.8885 0.1467 -0.4348
vn 0.8252 0.5172 -0.2270
vn 0.8249 0.5175 -0.2274
vn 0.8247 0.5177 -0.2276
vn 0.5547 0.8161 -0.1620
vn 0.5548 0.8161 -0.1619
vn 0.5546 0.8162 -0.1621
vn 0.3380 -0.9386 -0.0693
vn 0.3377 -0.9387 -0.0693
vn 0.3377 -0.9387 -0.0692
vn 0.6615 -0.7338 -0.1547
vn 0.6617 -0.7337 -0.1545
vn 0.6616 -0.7336 -0.1555
vn 0.8818 -0.4177 -0.2191
vn 0.8818 -0.4176 -0.2189
vn 0.8816 -0.4180 -0.2195
vn 0.9675 -0.0427 -0.2493
vn 0.9675 -0.0423 -0.2494
vn 0.9674 -0.0422 -0.2496
vn 0.9079 0.3403 -0.2448
vn 0.9079 0.3406 -0.2446
vn 0.7101 0.6752 -0.1998
vn 0.7102 0.6751 -0.1997
vn 0.7103 0.6749 -0.2002
vn 0.5089 -0.8530 -0.1155
vn 0.5103 -0.8525 -0.1137
vn 0.5090 -0.8530 -0.1157
vn 0.7861 -0.5880 -0.1908
vn 0.7863 -0.5878 -0.1904
vn 0.9426 -0.2342 -0.2382
vn 0.9426 -0.2340 -0.2382
vn 0.9423 -0.2337 -0.2395
vn 0.9557 0.1523 -0.2519
vn 0.9557 0.1524 -0.2519
vn 0.9559 0.1521 -0.2514
vn 0.8520 0.5206 -0.0560
vn 0.8520 0.5205 -0.0560
vn 0.8521 0.5204 -0.0560
vn 0.5735 0.8180 -0.0441
vn 0.5743 0.8175 -0.0429
vn 0.5744 0.8175 -0.0425
vn 0.3474 -0.9377 -0.0076
vn 0.3474 -0.9377 -0.0075
vn 0.3474 -0.9377 -0.0073
vn 0.6811 -0.7315 -0.0327
vn 0.6812 -0.7314 -0.0326
vn 0.6812 -0.7314 -0.0324
vn 0.9089 -0.4142 -0.0492
vn 0.9088 -0.4144 -0.0492
vn 0.9089 -0.4141 -0.0488
vn 0.9977 -0.0372 -0.0565
vn 0.9977 -0.0373 -0.0564
vn 0.9977 -0.0358 -0.0580
vn 0.9374 0.3432 -0.0595
vn 0.9374 0.3431 -0.0595
vn 0.9373 0.3434 -0.0595
vn 0.7334 0.6779 -0.0505
vn 0.7334 0.6779 -0.0504
vn 0.5244 -0.8512 -0.0197
vn 0.5241 -0.8514 -0.0193
vn 0.8100 -0.5849 -0.0416
vn 0.8102 -0.5847 -0.0417
vn 0.8103 -0.5845 -0.0421
vn 0.9717 -0.2299 -0.0551
vn 0.9717 -0.2299 -0.0552
vn 0.9719 -0.2289 -0.0554
vn 0.9862 0.1549 -0.0583
vn 0.9863 0.1548 -0.0578
vn 0.8454 0.5213 0.1162
vn 0.5692 0.8183 0.0797
vn 0.5686 0.8187 0.0805
vn 0.5696 0.8181 0.0796
vn 0.3453 -0.9374 0.0445
vn 0.3453 -0.9374 0.0444
vn 0.6762 -0.7309 0.0918
vn 0.9021 -0.4137 0.1229
vn 0.9021 -0.4137 0.1226
vn 0.9906 -0.0325 0.1331
vn 0.9906 -0.0324 0.1329
vn 0.9904 -0.0331 0.1343
vn 0.9302 0.3440 0.1278
vn 0.9302 0.3442 0.1275
vn 0.7274 0.6787 0.1006
vn 0.7275 0.6787 0.1007
vn 0.7276 0.6786 0.1003
vn 0.5209 -0.8508 0.0688
vn 0.5209 -0.8508 0.0695
vn 0.5207 -0.8510 0.0684
vn 0.8046 -0.5837 0.1095
vn 0.8046 -0.5836 0.1095
vn 0.9647 -0.2284 0.1308
vn 0.9647 -0.2286 0.1306
vn 0.9648 -0.2275 0.1317
vn 0.9792 0.1536 0.1326
vn 0.9792 0.1551 0.1310
vn 0.8053 0.5203 0.2844
vn 0.8052 0.5203 0.2844
vn 0.8054 0.5203 0.2841
vn 0.5404 0.8179 0.1976
vn 0.5405 0.8179 0.1975
vn 0.5403 0.8179 0.1977
vn 0.3310 -0.9380 0.1032
vn 0.3310 -0.9379 0.1035
vn 0.3309 -0.9380 0.1037
vn 0.6471 -0.7321 0.2126
vn 0.6472 -0.7320 0.2129
vn 0.6473 -0.7319 0.2130
vn 0.8623 -0.4150 0.2902
vn 0.8623 -0.4151 0.2900
vn 0.9461 -0.0375 0.3216
vn 0.9460 -0.0377 0.3221
vn 0.8872 0.3431 0.3085
vn 0.8872 0.3432 0.3084
vn 0.8868 0.3444 0.3083
vn 0.6923 0.6777 0.2477
vn 0.6923 0.6778 0.2476
vn 0.6923 0.6776 0.2479
vn 0.4991 -0.8514 0.1614
vn 0.4985 -0.8517 0.1618
vn 0.4983 -0.8517 0.1622
vn 0.7695 -0.5848 0.2565
vn 0.7697 -0.5848 0.2561
vn 0.7697 -0.5847 0.2563
vn 0.9214 -0.2301 0.3130
vn 0.9213 -0.2304 0.3131
vn 0.9217 -0.2294 0.3127
vn 0.9344 0.1542 0.3211
vn 0.9345 0.1540 0.3209
vn 0.7329 0.5177 0.4414
vn 0.7330 0.5176 0.4413
vn 0.4910 0.8156 0.3063
vn 0.4913 0.8153 0.3064
vn 0.4906 0.8151 0.3079
vn 0.3089 -0.9389 0.1516
vn 0.3088 -0.9390 0.1516
vn 0.5952 -0.7347 0.3254
vn 0.5953 -0.7346 0.3256
vn 0.5953 -0.7346 0.3257
vn 0.7904 -0.4187 0.4471
vn 0.7903 -0.4187 0.4473
vn 0.7898 -0.4190 0.4479
vn 0.8647 -0.0417 0.5005
vn 0.8644 -0.0423 0.5010
vn 0.8083 0.3410 0.4800
vn 0.8080 0.3413 0.4802
vn 0.6292 0.6752 0.3851
vn 0.6294 0.6749 0.3853
vn 0.6293 0.6745 0.3859
vn 0.4609 -0.8534 0.2433
vn 0.4607 -0.8534 0.2437
vn 0.4613 -0.8534 0.2428
vn 0.7064 -0.5878 0.3944
vn 0.7064 -0.5879 0.3943
vn 0.8434 -0.2349 0.4832
vn 0.8434 -0.2349 0.4833
vn 0.8531 0.1511 0.4994
vn 0.8533 0.1512 0.4991
vn 0.6318 0.5129 0.5812
vn 0.6316 0.5131 0.5812
vn 0.6315 0.5129 0.5814
vn 0.4190 0.8116 0.4072
vn 0.4190 0.8116 0.4070
vn 0.4189 0.8115 0.4074
vn 0.2738 -0.9406 0.2005
vn 0.2729 -0.9409 0.2004
vn 0.2724 -0.9410 0.2006
vn 0.5216 -0.7384 0.4273
vn 0.5218 -0.7384 0.4272
vn 0.5218 -0.7384 0.4273
vn 0.6887 -0.4240 0.5882
vn 0.6886 -0.4244 0.5880
vn 0.6888 -0.4239 0.5881
vn 0.7497 -0.0477 0.6600
vn 0.7497 -0.0476 0.6601
vn 0.6983 0.3356 0.6322
vn 0.6983 0.3357 0.6322
vn 0.5404 0.6710 0.5077
vn 0.5405 0.6708 0.5077
vn 0.5407 0.6710 0.5074
vn 0.4063 -0.8559 0.3200
vn 0.6173 -0.5923 0.5178
vn 0.6174 -0.5924 0.5176
vn 0.6168 -0.5923 0.5184
vn 0.7331 -0.2401 0.6363
vn 0.7334 -0.2398 0.6361
vn 0.7333 -0.2399 0.6361
vn 0.7380 0.1471 0.6586
vn 0.7380 0.1470 0.6586
vn 0.5036 0.5062 0.7001
vn 0.5035 0.5062 0.7002
vn 0.5036 0.5064 0.6999
vn 0.3276 0.8067 0.4917
vn 0.3280 0.8067 0.4915
vn 0.3279 0.8073 0.4907
vn 0.2330 -0.9430 0.2375
vn 0.2323 -0.9430 0.2383
vn 0.2333 -0.9432 0.2366
vn 0.4303 -0.7434 0.5121
vn 0.5609 -0.4311 0.7068
vn 0.5608 -0.4311 0.7068
vn 0.5613 -0.4313 0.7064
vn 0.6061 -0.0550 0.7935
vn 0.6062 -0.0548 0.7934
vn 0.5598 0.3288 0.7606
vn 0.5599 0.3289 0.7605
vn 0.4274 0.6653 0.6122
vn 0.4275 0.6653 0.6120
vn 0.4272 0.6650 0.6126
vn 0.3379 -0.8598 0.3828
vn 0.3376 -0.8598 0.3830
vn 0.3375 -0.8598 0.3833
vn 0.5055 -0.5990 0.6210
vn 0.5948 -0.2470 0.7650
vn 0.5946 -0.2466 0.7653
vn 0.5942 0.1398 0.7921
vn 0.5942 0.1399 0.7921
vn 0.3560 0.4990 0.7901
vn 0.2202 0.8014 0.5562
vn 0.2182 0.8019 0.5562
vn 0.2202 0.8015 0.5560
vn 0.1840 -0.9457 0.2678
vn 0.1840 -0.9458 0.2675
vn 0.1828 -0.9458 0.2683
vn 0.3236 -0.7492 0.5779
vn 0.3235 -0.7493 0.5779
vn 0.3238 -0.7491 0.5779
vn 0.4126 -0.4385 0.7984
vn 0.4123 -0.4386 0.7985
vn 0.4131 -0.4386 0.7981
vn 0.4375 -0.0628 0.8970
vn 0.4386 -0.0636 0.8964
vn 0.3998 0.3210 0.8586
vn 0.3997 0.3210 0.8586
vn 0.4002 0.3216 0.8581
vn 0.2985 0.6589 0.6905
vn 0.2956 0.6596 0.6911
vn 0.2991 0.6575 0.6915
vn 0.2593 -0.8641 0.4313
vn 0.2593 -0.8642 0.4313
vn 0.2595 -0.8641 0.4313
vn 0.3754 -0.6062 0.7012
vn 0.3753 -0.6062 0.7012
vn 0.3759 -0.6059 0.7012
vn 0.4336 -0.2560 0.8640
vn 0.4334 -0.2558 0.8641
vn 0.4260 0.1304 0.8953
vn 0.4259 0.1304 0.8953
vn 0.4262 0.1291 0.8954
vn 0.1917 0.4897 0.8505
vn 0.1916 0.4897 0.8506
vn 0.1059 0.7955 0.5966
vn 0.1062 0.7956 0.5964
vn 0.1063 0.7957 0.5963
vn 0.1310 -0.9488 0.2875
vn 0.1306 -0.9489 0.2874
vn 0.1308 -0.9488 0.2876
vn 0.2070 -0.7557 0.6214
vn 0.2069 -0.7557 0.6214
vn 0.2071 -0.7556 0.6214
vn 0.2501 -0.4461 0.8593
vn 0.2502 -0.4462 0.8593
vn 0.2503 -0.4463 0.8592
vn 0.2535 -0.0724 0.9646
vn 0.2538 -0.0731 0.9645
vn 0.2210 0.3118 0.9241
vn 0.2208 0.3119 0.9241
vn 0.1539 0.6519 0.7425
vn 0.1534 0.6521 0.7424
vn 0.1541 0.6518 0.7426
vn 0.1725 -0.8691 0.4636
vn 0.1726 -0.8691 0.4635
vn 0.2330 -0.6139 0.7542
vn 0.2330 -0.6136 0.7544
vn 0.2334 -0.6137 0.7543
vn 0.2567 -0.2645 0.9296
vn 0.2566 -0.2646 0.9296
vn 0.2580 -0.2633 0.9296
vn 0.2421 0.1186 0.9630
vn 0.2420 0.1188 0.9630
vn 0.2420 0.1192 0.9629
vn 0.0194 0.4805 0.8768
vn 0.0205 0.4818 0.8760
vn 0.0218 0.4815 0.8762
vn -0.0129 0.7885 0.6148
vn -0.0133 0.7887 0.6146
vn -0.0128 0.7886 0.6148
vn 0.0746 -0.9521 0.2964
vn 0.0748 -0.9522 0.2963
vn 0.0746 -0.9522 0.2964
vn 0.0837 -0.7629 0.6411
vn 0.0837 -0.7628 0.6411
vn 0.0837 -0.7628 0.6412
vn 0.0791 -0.4562 0.8863
vn 0.0793 -0.4564 0.8863
vn 0.0793 -0.4559 0.8865
vn 0.0657 -0.0777 0.9948
vn 0.0652 -0.0767 0.9949
vn 0.0641 -0.0752 0.9951
vn 0.0361 0.3002 0.9532
vn 0.0360 0.3003 0.9532
vn 0.0346 0.3014 0.9529
vn 0.0033 0.6435 0.7655
vn 0.0038 0.6431 0.7658
vn 0.0033 0.6437 0.7653
vn 0.0808 -0.8744 0.4784
vn 0.0807 -0.8744 0.4784
vn 0.0809 -0.8744 0.4785
vn 0.0828 -0.6218 0.7788
vn 0.0830 -0.6219 0.7787
vn 0.0834 -0.6217 0.7788
vn 0.0737 -0.2742 0.9589
vn 0.0738 -0.2743 0.9588
vn 0.0737 -0.2738 0.9590
vn 0.0494 0.1062 0.9931
vn 0.0461 0.1080 0.9931
vn -0.1504 0.4736 0.8678
vn -0.1530 0.4745 0.8668
vn -0.1506 0.4716 0.8689
vn -0.1374 0.7815 0.6085
vn -0.1449 0.7843 0.6033
vn -0.1368 0.7809 0.6095
vn 0.0175 -0.9556 0.2943
vn -0.0408 -0.7703 0.6364
vn -0.0409 -0.7703 0.6364
vn -0.0938 -0.4672 0.8792
vn -0.0938 -0.4671 0.8792
vn -0.0940 -0.4673 0.8791
vn -0.1340 -0.0923 0.9867
vn -0.1328 -0.0942 0.9866
vn -0.1329 -0.0874 0.9873
vn -0.1485 0.2891 0.9457
vn -0.1484 0.2893 0.9457
vn -0.1486 0.2899 0.9454
vn -0.1483 0.6337 0.7592
vn -0.1487 0.6337 0.7591
vn -0.1490 0.6336 0.7592
vn -0.0123 -0.8800 0.4749
vn -0.0122 -0.8800 0.4749
vn -0.0125 -0.8799 0.4750
vn -0.0684 -0.6308 0.7729
vn -0.0685 -0.6308 0.7729
vn -0.0681 -0.6310 0.7728
vn -0.1153 -0.2849 0.9516
vn -0.1153 -0.2850 0.9516
vn -0.1147 -0.2855 0.9515
vn -0.1404 0.0973 0.9853
vn -0.1405 0.0973 0.9853
vn -0.1386 0.0994 0.9854
vn -0.3187 0.4649 0.8260
vn -0.3200 0.4662 0.8248
vn -0.3191 0.4639 0.8264
vn -0.2585 0.7765 0.5746
vn -0.2602 0.7775 0.5725
vn -0.2578 0.7767 0.5747
vn -0.0371 -0.9589 0.2814
vn -0.0373 -0.9589 0.2812
vn -0.1626 -0.7777 0.6072
vn -0.1626 -0.7777 0.6073
vn -0.1627 -0.7777 0.6073
vn -0.2623 -0.4771 0.8388
vn -0.2622 -0.4772 0.8387
vn -0.2619 -0.4774 0.8387
vn -0.3205 -0.1070 0.9412
vn -0.3205 -0.1071 0.9412
vn -0.3209 -0.1061 0.9411
vn -0.3335 0.2799 0.9003
vn -0.3317 0.2806 0.9007
vn -0.3301 0.2822 0.9008
vn -0.2996 0.6239 0.7218
vn -0.2954 0.6265 0.7213
vn -0.2950 0.6266 0.7214
vn -0.1018 -0.8855 0.4534
vn -0.1017 -0.8854 0.4536
vn -0.1012 -0.8851 0.4542
vn -0.2165 -0.6398 0.7374
vn -0.2168 -0.6394 0.7377
vn -0.2982 -0.2960 0.9075
vn -0.2973 -0.2965 0.9076
vn -0.2981 -0.2959 0.9075
vn -0.3318 0.0873 0.9393
vn -0.3314 0.0873 0.9394
vn -0.3318 0.0868 0.9393
vn -0.4796 0.4537 0.7511
vn -0.4779 0.4519 0.7533
vn -0.4787 0.4556 0.7505
vn -0.3594 0.7713 0.5253
vn -0.3596 0.7713 0.5251
vn -0.3582 0.7717 0.5255
vn -0.0896 -0.9622 0.2572
vn -0.0899 -0.9622 0.2572
vn -0.0891 -0.9622 0.2575
vn -0.2762 -0.7846 0.5551
vn -0.2763 -0.7847 0.5548
vn -0.2765 -0.7845 0.5550
vn -0.4181 -0.4873 0.7666
vn -0.4184 -0.4874 0.7664
vn -0.4977 -0.1180 0.8593
vn -0.4973 -0.1182 0.8595
vn -0.5051 0.2727 0.8189
vn -0.5067 0.2733 0.8177
vn -0.5039 0.2713 0.8200
vn -0.4288 0.6180 0.6590
vn -0.4301 0.6176 0.6585
vn -0.4304 0.6165 0.6593
vn -0.1871 -0.8907 0.4142
vn -0.1869 -0.8908 0.4142
vn -0.1878 -0.8905 0.4144
vn -0.3546 -0.6485 0.6736
vn -0.3539 -0.6488 0.6737
vn -0.3549 -0.6483 0.6736
vn -0.4666 -0.3080 0.8291
vn -0.5109 0.0763 0.8562
vn -0.5110 0.0762 0.8562
vn -0.5102 0.0772 0.8566
vn -0.6150 0.4424 0.6527
vn -0.6152 0.4422 0.6526
vn -0.6157 0.4424 0.6521
vn -0.4636 0.7644 0.4480
vn -0.4632 0.7639 0.4494
vn -0.4642 0.7642 0.4477
vn -0.1351 -0.9650 0.2246
vn -0.1353 -0.9651 0.2243
vn -0.1353 -0.9651 0.2241
vn -0.3775 -0.7911 0.4812
vn -0.3774 -0.7911 0.4815
vn -0.3774 -0.7911 0.4814
vn -0.5593 -0.4969 0.6635
vn -0.5588 -0.4975 0.6635
vn -0.5601 -0.4964 0.6632
vn -0.6562 -0.1268 0.7439
vn -0.6564 -0.1265 0.7437
vn -0.6543 0.2641 0.7086
vn -0.6542 0.2639 0.7088
vn -0.5515 0.6093 0.5697
vn -0.5553 0.6133 0.5617
vn -0.5522 0.6081 0.5703
vn -0.2612 -0.8956 0.3602
vn -0.2616 -0.8955 0.3601
vn -0.2608 -0.8956 0.3605
vn -0.4777 -0.6570 0.5832
vn -0.4776 -0.6570 0.5833
vn -0.4778 -0.6568 0.5834
vn -0.6193 -0.3171 0.7182
vn -0.6193 -0.3172 0.7182
vn -0.6194 -0.3170 0.7182
vn -0.6680 0.0681 0.7410
vn -0.6670 0.0695 0.7418
vn -0.7315 0.4342 0.5257
vn -0.7298 0.4356 0.5269
vn -0.7280 0.4373 0.5281
vn -0.5419 0.7577 0.3636
vn -0.5375 0.7598 0.3658
vn -0.5365 0.7604 0.3661
vn -0.1741 -0.9677 0.1824
vn -0.1740 -0.9677 0.1825
vn -0.1738 -0.9677 0.1825
vn -0.4617 -0.7965 0.3904
vn -0.4615 -0.7966 0.3905
vn -0.4615 -0.7967 0.3903
vn -0.6759 -0.5052 0.5366
vn -0.6764 -0.5049 0.5362
vn -0.6757 -0.5054 0.5367
vn -0.7876 -0.1362 0.6010
vn -0.7877 -0.1364 0.6008
vn -0.7778 0.2549 0.5746
vn -0.7776 0.2549 0.5747
vn -0.7783 0.2545 0.5739
vn -0.6513 0.6057 0.4572
vn -0.6515 0.6056 0.4570
vn -0.6512 0.6058 0.4571
vn -0.3247 -0.8996 0.2922
vn -0.3247 -0.8996 0.2920
vn -0.3249 -0.8997 0.2915
vn -0.5798 -0.6635 0.4728
vn -0.5801 -0.6636 0.4724
vn -0.7469 -0.3260 0.5796
vn -0.7470 -0.3258 0.5795
vn -0.7985 0.0604 0.5990
vn -0.7984 0.0601 0.5991
vn -0.7983 0.0602 0.5992
vn -0.8190 0.4314 0.3784
vn -0.8162 0.4341 0.3813
vn -0.8160 0.4339 0.3821
vn -0.6030 0.7551 0.2574
vn -0.6029 0.7566 0.2531
vn -0.6030 0.7549 0.2581
vn -0.2038 -0.9698 0.1339
vn -0.2035 -0.9699 0.1335
vn -0.2040 -0.9699 0.1330
vn -0.5266 -0.8011 0.2844
vn -0.5266 -0.8011 0.2845
vn -0.5265 -0.8010 0.2848
vn -0.7668 -0.5107 0.3888
vn -0.7667 -0.5107 0.3889
vn -0.7664 -0.5111 0.3892
vn -0.8889 -0.1440 0.4349
vn -0.8888 -0.1444 0.4349
vn -0.8889 -0.1441 0.4348
vn -0.8749 0.2471 0.4166
vn -0.8742 0.2482 0.4174
vn -0.7290 0.5996 0.3302
vn -0.7291 0.6023 0.3250
vn -0.7297 0.5986 0.3306
vn -0.3727 -0.9029 0.2142
vn -0.3727 -0.9029 0.2141
vn -0.3727 -0.9029 0.2143
vn -0.6592 -0.6692 0.3430
vn -0.6592 -0.6689 0.3435
vn -0.6592 -0.6685 0.3443
vn -0.8442 -0.3332 0.4198
vn -0.8442 -0.3331 0.4199
vn -0.8441 -0.3333 0.4201
vn -0.8991 0.0516 0.4347
vn -0.8996 0.0527 0.4336
vn -0.8768 0.4280 0.2191
vn -0.6373 0.7539 0.1596
vn -0.6394 0.7526 0.1575
vn -0.6402 0.7519 0.1574
vn -0.2234 -0.9714 0.0809
vn -0.2233 -0.9713 0.0813
vn -0.5699 -0.8045 0.1673
vn -0.5698 -0.8046 0.1675
vn -0.5699 -0.8044 0.1676
vn -0.8259 -0.5158 0.2277
vn -0.8259 -0.5158 0.2275
vn -0.8261 -0.5155 0.2277
vn -0.9558 -0.1497 0.2532
vn -0.9558 -0.1497 0.2531
vn -0.9555 -0.1490 0.2544
vn -0.9402 0.2422 0.2396
vn -0.9402 0.2423 0.2396
vn -0.9401 0.2425 0.2398
vn -0.7787 0.5974 0.1916
vn -0.7797 0.5947 0.1961
vn -0.7790 0.5972 0.1909
vn -0.4050 -0.9055 0.1266
vn -0.4049 -0.9055 0.1267
vn -0.4051 -0.9055 0.1265
vn -0.7118 -0.6729 0.2013
vn -0.7118 -0.6729 0.2014
vn -0.9082 -0.3390 0.2456
vn -0.9081 -0.3389 0.2459
vn -0.9081 -0.3386 0.2463
vn -0.9667 0.0456 0.2517
vn -0.9667 0.0455 0.2518
vn -0.9666 0.0449 0.2524
vn -0.0351 -0.9994 -0.0066
vn -0.0320 -0.9991 -0.0271
vn -0.0306 -0.9992 -0.0256
vn -0.0320 -0.9991 -0.0272
vn -0.0248 -0.9990 -0.0380
vn -0.0107 -0.9983 -0.0575
vn -0.0002 -0.9977 -0.0672
vn 0.0226 -0.9961 -0.0857
vn 0.0214 -0.9966 -0.0801
vn 0.0227 -0.9961 -0.0858
vn 0.0316 -0.9959 -0.0842
vn 0.0553 -0.9946 -0.0877
vn 0.0741 -0.9934 -0.0872
vn 0.1017 -0.9912 -0.0848
vn 0.0938 -0.9922 -0.0825
vn 0.1019 -0.9912 -0.0846
vn 0.1042 -0.9915 -0.0777
vn 0.1353 -0.9891 -0.0584
vn 0.1263 -0.9901 -0.0617
vn 0.1354 -0.9891 -0.0583
vn 0.1341 -0.9895 -0.0532
vn 0.1539 -0.9879 -0.0216
vn 0.1480 -0.9885 -0.0301
vn 0.1538 -0.9879 -0.0216
vn 0.1519 -0.9882 -0.0199
vn 0.1584 -0.9874 0.0061
vn 0.1559 -0.9878 0.0048
vn 0.1583 -0.9874 0.0061
vn 0.1553 -0.9877 0.0186
vn 0.1502 -0.9878 0.0406
vn 0.1433 -0.9882 0.0548
vn 0.1306 -0.9888 0.0723
vn 0.1186 -0.9894 0.0833
vn 0.1008 -0.9904 0.0942
vn 0.0842 -0.9914 0.1006
vn 0.0653 -0.9925 0.1035
vn 0.0469 -0.9936 0.1028
vn 0.0284 -0.9947 0.0985
vn 0.0115 -0.9958 0.0906
vn -0.0038 -0.9968 0.0793
vn -0.0169 -0.9977 0.0655
vn -0.0275 -0.9985 0.0481
vn -0.0337 -0.9989 0.0322
vn -0.9045 0.4233 0.0510
vn -0.9045 0.4234 0.0511
vn -0.9048 0.4229 0.0505
vn -0.6600 0.7500 0.0443
vn -0.6647 0.7462 0.0361
vn -0.6653 0.7458 0.0353
vn -0.2323 -0.9723 0.0263
vn -0.2326 -0.9722 0.0255
vn -0.2321 -0.9723 0.0269
vn -0.5892 -0.8068 0.0435
vn -0.5893 -0.8068 0.0436
vn -0.5894 -0.8067 0.0433
vn -0.8527 -0.5193 0.0568
vn -0.8528 -0.5191 0.0569
vn -0.8525 -0.5196 0.0567
vn -0.9862 -0.1531 0.0638
vn -0.9862 -0.1530 0.0639
vn -0.9859 -0.1554 0.0615
vn -0.9696 0.2384 0.0551
vn -0.9696 0.2384 0.0550
vn -0.9694 0.2395 0.0539
vn -0.8052 0.5914 0.0442
vn -0.8051 0.5914 0.0447
vn -0.8050 0.5917 0.0443
vn -0.0360 -0.9992 0.0161
vn -0.4195 -0.9071 0.0345
vn -0.4195 -0.9071 0.0346
vn -0.7354 -0.6757 0.0514
vn -0.7354 -0.6757 0.0513
vn -0.7352 -0.6760 0.0511
vn -0.9372 -0.3436 0.0603
vn -0.9372 -0.3436 0.0602
vn -0.9371 -0.3439 0.0598
vn -0.9971 0.0460 0.0608
vn -0.9970 0.0428 0.0641
vn -0.6309 0.7746 0.0445
vn -0.6325 0.7736 0.0399
vn -0.6325 0.7736 0.0388
vn -0.6137 0.7748 0.1517
vn -0.6140 0.7744 0.1528
vn -0.6134 0.7751 0.1513
vn -0.5744 0.7764 0.2594
vn -0.5150 0.7915 0.3291
vn -0.5141 0.7871 0.3407
vn -0.5153 0.7915 0.3287
vn -0.4386 0.7918 0.4250
vn -0.4333 0.7946 0.4253
vn -0.4324 0.7962 0.4233
vn -0.3563 0.7943 0.4920
vn -0.2508 0.8031 0.5404
vn -0.2495 0.8036 0.5404
vn -0.2488 0.8035 0.5409
vn -0.1434 0.8109 0.5674
vn -0.1432 0.8105 0.5679
vn -0.1453 0.8109 0.5669
vn -0.0217 0.8164 0.5770
vn -0.0210 0.8161 0.5775
vn -0.0211 0.8157 0.5780
vn 0.0945 0.8226 0.5606
vn 0.0942 0.8226 0.5607
vn 0.0938 0.8228 0.5606
vn 0.2006 0.8290 0.5220
vn 0.1999 0.8292 0.5219
vn 0.2017 0.8286 0.5222
vn 0.2995 0.8347 0.4622
vn 0.3010 0.8342 0.4621
vn 0.2993 0.8348 0.4621
vn 0.3889 0.8389 0.3808
vn 0.3889 0.8398 0.3787
vn 0.3910 0.8395 0.3773
vn 0.4566 0.8420 0.2872
vn 0.4567 0.8420 0.2871
vn 0.4567 0.8419 0.2876
vn 0.5037 0.8440 0.1846
vn 0.5037 0.8439 0.1846
vn 0.5034 0.8443 0.1838
vn 0.5298 0.8447 0.0760
vn 0.5299 0.8447 0.0759
vn 0.5349 0.8438 -0.0424
vn 0.5352 0.8437 -0.0419
vn 0.5180 0.8416 -0.1529
vn 0.5182 0.8415 -0.1529
vn 0.5180 0.8418 -0.1517
vn 0.4796 0.8383 -0.2594
vn 0.4793 0.8384 -0.2595
vn 0.4796 0.8384 -0.2592
vn 0.4198 0.8341 -0.3580
vn 0.4195 0.8342 -0.3579
vn 0.4200 0.8341 -0.3577
vn 0.3413 0.8278 -0.4453
vn 0.3416 0.8275 -0.4456
vn 0.3413 0.8277 -0.4455
vn 0.2485 0.8218 -0.5128
vn 0.2486 0.8217 -0.5128
vn 0.2489 0.8213 -0.5133
vn 0.1445 0.8150 -0.5612
vn 0.1445 0.8151 -0.5609
vn 0.1443 0.8151 -0.5611
vn 0.0332 0.8085 -0.5875
vn -0.0834 0.8020 -0.5915
vn -0.0834 0.8021 -0.5913
vn -0.1962 0.7954 -0.5735
vn -0.1963 0.7953 -0.5736
vn -0.1961 0.7957 -0.5731
vn -0.3043 0.7893 -0.5333
vn -0.3042 0.7893 -0.5334
vn -0.3044 0.7892 -0.5335
vn -0.4027 0.7842 -0.4722
vn -0.4034 0.7838 -0.4722
vn -0.4026 0.7842 -0.4722
vn -0.4884 0.7795 -0.3922
vn -0.4884 0.7797 -0.3919
vn -0.4891 0.7796 -0.3911
vn -0.5564 0.7764 -0.2961
vn -0.5562 0.7762 -0.2968
vn -0.5571 0.7755 -0.2971
vn -0.6031 0.7740 -0.1928
vn -0.6021 0.7755 -0.1899
vn -0.6024 0.7754 -0.1892
vn -0.6267 0.7750 -0.0813
vn -0.6265 0.7752 -0.0808
vn -0.6268 0.7749 -0.0814
vn 0.4662 -0.8846 -0.0066
vn 0.9742 -0.0945 -0.2052
vn 0.7930 -0.5705 -0.2137
vn 0.5083 0.7182 -0.4752
vn 0.9518 -0.0564 -0.3015
vn -0.0394 0.9916 -0.1234
vn 0.2922 0.8854 -0.3614
vn -0.3156 -0.9480 -0.0409
vn -0.9203 -0.2038 -0.3339
vn 0.3826 0.3307 0.8627
vn -0.5610 -0.7557 0.3378
vn 0.6562 0.5576 -0.5084
vn -0.1905 -0.9574 0.2170
vn 0.8617 0.4890 0.1353
vn 0.4581 -0.7494 -0.4780
vn 0.9750 0.2215 -0.0180
vn 0.7538 0.2799 0.5945
vn 0.8966 0.3563 0.2628
vn 0.9474 0.3199 -0.0030
vn -0.6465 0.1493 0.7482
vn 0.0235 -0.9308 -0.3648
vn 0.6417 0.6605 0.3899
vn 0.8465 0.5102 -0.1519
vn -0.1483 -0.8549 0.4972
vn 0.3161 0.7723 0.5510
vn 0.4462 0.7045 0.5519
vn 0.7548 0.6247 0.1999
vn 0.9993 0.0134 -0.0342
vn -0.7751 0.5999 0.1985
vn 0.8830 -0.3468 0.3164
vn -0.0354 -0.7656 0.6424
vn 0.5849 0.7448 0.3211
vn -0.0918 -0.5336 0.8407
vn 0.9814 0.1842 0.0545
vn 0.6961 -0.4617 -0.5498
vn 0.7874 -0.6091 -0.0951
vn 0.7043 0.7022 -0.1039
vn 0.6702 -0.6342 0.3855
vn 0.9784 0.2019 -0.0435
vn -0.0587 -0.0003 -0.9983
vn 0.5703 -0.5338 0.6244
vn 0.4496 -0.7367 0.5052
vn 0.5792 -0.4553 -0.6762
vn 0.8029 -0.3708 0.4668
vn 0.8079 0.2232 0.5454
vn 0.6260 0.0163 0.7797
vn 0.2249 -0.9673 -0.1172
vn 0.5005 0.6641 -0.5555
vn 0.2583 -0.6527 0.7122
vn 0.6550 0.0777 0.7516
vn -0.8284 0.3314 0.4515
vn 0.5925 0.4665 0.6568
vn 0.7464 0.5280 0.4051
vn 0.8917 0.3867 -0.2351
vn 0.6796 0.6761 0.2844
vn -0.2612 -0.8406 0.4746
vn 0.8727 0.4862 0.0444
vn -0.6406 -0.7674 -0.0283
vn -0.1915 -0.9595 0.2065
vn 0.6571 0.5568 0.5081
vn 0.4455 0.7862 -0.4284
vn -0.4236 -0.4298 0.7974
vn -0.0029 0.6334 0.7738
vn 0.6558 -0.7433 0.1320
vn -0.0959 -0.5132 0.8529
vn 0.5088 0.6555 0.5580
vn 0.9692 0.2423 0.0432
vn -0.0651 -0.0518 -0.9965
vn 0.7977 0.5525 -0.2416
vn 0.9392 -0.0271 -0.3423
vn -0.6503 -0.6399 0.4094
vn 0.8367 0.4652 -0.2890
vn -0.2728 0.7513 0.6009
vn -0.5513 -0.7421 0.3812
vn 0.9880 0.0635 -0.1409
vn -0.8546 0.3731 0.3612
vn 0.6631 0.5852 0.4668
vn 0.7659 0.4388 0.4701
vn -0.1634 0.6536 -0.7390
vn 0.7447 0.6181 0.2518
vn -0.6585 0.4069 0.6331
vn 0.9372 0.3321 0.1070
vn 0.4320 0.8242 -0.3661
vn -0.8230 -0.3414 -0.4540
vn 0.3781 -0.1261 0.9172
vn 0.1507 0.7811 -0.6059
vn 0.6324 -0.4414 -0.6366
vn 0.3804 -0.9179 0.1132
vn -0.2102 0.5477 0.8098
vn 0.4206 0.0562 -0.9055
vn -0.1233 0.6347 0.7628
vn 0.6790 0.6783 0.2806
vn 0.4862 -0.8299 0.2736
vn 0.4864 -0.8300 0.2729
vn 0.4862 -0.8300 0.2734
vn 0.3164 0.9350 -0.1601
vn 0.8554 0.1753 0.4874
vn 0.9512 0.0660 0.3014
vn -0.0863 -0.6596 0.7466
vn 0.9683 0.1990 0.1506
vn -0.0794 0.9876 0.1354
vn 0.3461 -0.8768 0.3339
vn 0.3173 -0.7545 -0.5746
vn 0.4021 0.0555 -0.9139
vn -0.2890 -0.8846 0.3659
vn 0.8700 0.3818 0.3119
vn 0.9732 0.0670 0.2201
vn 0.8089 0.5879 -0.0130
vn -0.2441 -0.9431 -0.2260
vn -0.6111 -0.6756 0.4124
vn 0.7157 0.5504 0.4300
vn 0.9859 0.0562 0.1576
vn -0.3746 0.8653 0.3331
vn 0.7649 -0.6389 0.0823
vn -0.2428 0.7129 -0.6579
vn -0.2440 0.7136 -0.6567
vn -0.2432 0.7130 -0.6576
vn -0.2791 -0.7955 -0.5378
vn -0.2796 -0.9272 0.2492
vn 0.7130 0.6621 0.2309
vn 0.3939 -0.9181 0.0449
vn -0.1258 -0.7395 0.6613
vn 0.6776 0.7334 -0.0554
vn 0.7909 0.5922 0.1539
vn 0.8536 0.1770 0.4899
vn -0.5602 -0.3475 0.7520
vn -0.1337 0.8479 -0.5130
vn 0.9854 0.0894 0.1452
vn 0.1768 0.0839 0.9807
vn -0.6318 0.7751 -0.0065
vn 0.3212 0.3941 -0.8611
vn 0.2592 0.8724 -0.4145
vn -0.8119 -0.5829 0.0333
vn 0.4628 0.0984 -0.8810
vn 0.8147 0.5011 0.2919
vn 0.6109 0.7902 0.0492
vn 0.9530 -0.2681 -0.1408
vn 0.5643 -0.6549 -0.5026
vn 0.5801 0.7490 0.3201
vn 0.8406 0.4278 0.3323
vn 0.9977 0.0080 0.0672
vn 0.3126 -0.5017 0.8066
vn 0.0970 0.7146 -0.6928
vn 0.7194 -0.1223 0.6837
vn 0.8336 0.4601 -0.3056
vn -0.0526 0.6563 0.7526
vn 0.8669 0.4259 0.2590
vn -0.2264 0.9372 0.2653
vn 0.3673 -0.8021 0.4709
vn 0.9386 0.3132 -0.1445
vn 0.9689 -0.1436 -0.2018
vn 0.7195 0.6456 0.2560
vn 0.4452 0.8301 -0.3358
vn 0.4830 0.7335 -0.4782
vn 0.7076 0.7038 -0.0634
vn 0.7544 0.4224 -0.5025
vn -0.5354 0.6709 0.5131
vn 0.9455 -0.0991 0.3103
vn 0.6223 0.7236 -0.2984
vn 0.7522 0.6584 0.0265
vn -0.8113 -0.4652 0.3541
vn 0.5500 0.8334 0.0531
vn 0.1105 0.8440 -0.5249
vn 0.3657 -0.6950 0.6191
vn 0.9556 -0.2727 -0.1117
vn -0.3311 0.9274 0.1744
vn -0.0401 -0.7675 0.6398
vn 0.7869 0.5066 -0.3523
vn 0.1713 0.8045 -0.5688
vn 0.8806 0.2853 0.3785
vn 0.5019 0.6342 -0.5881
vn 0.9013 0.3958 0.1760
vn -0.8769 -0.1480 0.4573
vn -0.4240 -0.0113 0.9056
vn 0.2923 0.9452 0.1453
vn -0.8150 -0.0744 0.5747
vn 0.5824 0.1549 0.7980
vn -0.0293 0.1817 0.9829
vn 0.4774 -0.5190 0.7091
vn 0.8918 0.4243 0.1570
vn -0.1148 -0.5840 0.8036
vn -0.1097 -0.6217 0.7756
vn 0.8622 0.4836 0.1510
vn -0.5081 -0.5571 0.6568
vn -0.3551 0.9334 0.0526
vn 0.3834 0.9083 0.1672
vn 0.3933 0.8267 -0.4023
vn 0.5594 0.8252 0.0780
vn 0.5588 0.8258 0.0768
vn 0.5565 0.8274 0.0754
vn 0.5196 0.7635 -0.3835
vn 0.9784 -0.0252 -0.2052
vn 0.9866 0.1530 -0.0559
vn 0.9031 0.3328 0.2714
vn -0.0461 0.9989 -0.0081
vn 0.9497 0.2838 -0.1326
vn -0.0447 0.1650 -0.9853
vn 0.0069 0.2277 -0.9737
vn 0.9284 0.2709 0.2542
vn 0.2696 0.2234 0.9367
vn -0.0040 0.7188 -0.6952
vn 0.3476 0.7714 -0.5331
vn 0.7494 -0.6615 0.0287
vn -0.0554 0.9855 0.1603
vn 0.1806 0.9835 0.0085
vn 0.6973 0.6811 0.2234
vn -0.2243 0.9738 -0.0367
vn 0.3343 -0.9397 0.0714
vn -0.2780 0.9343 0.2232
vn -0.0841 0.9071 0.4124
vn -0.0848 0.9045 0.4181
vn -0.0841 0.9083 0.4097
vn 0.3607 0.9327 -0.0045
vn 0.7827 0.4376 0.4427
vn 0.7495 0.5003 0.4335
vn 0.3137 0.5582 -0.7681
vn 0.1769 0.9532 0.2453
vn 0.9864 0.1003 0.1304
vn -0.1952 -0.8949 0.4012
vn 0.5149 0.5764 0.6345
vn 0.4073 0.8657 0.2910
vn 0.7779 0.4184 0.4689
vn 0.2080 0.9566 0.2040
vn 0.6716 0.6354 0.3810
vn -0.4222 0.2994 -0.8556
vn 0.7466 0.5201 0.4148
vn 0.7289 0.5640 0.3881
vn 0.6397 0.6870 0.3448
vn 0.5926 0.6364 0.4938
vn -0.6106 0.5791 -0.5402
vn 0.1678 0.1724 -0.9706
vn 0.1947 0.3675 0.9094
vn 0.1585 0.4751 -0.8656
vn 0.2800 0.5083 -0.8144
vn 0.2161 0.4767 -0.8521
vn 0.6134 -0.1924 0.7659
vn 0.0825 0.7708 0.6317
vn 0.0816 0.7686 0.6345
vn 0.0820 0.7700 0.6327
vn 0.6811 -0.6500 0.3372
vn 0.6648 0.7162 -0.2125
vn 0.6188 0.6963 -0.3637
vn -0.6026 -0.1567 0.7825
vn -0.5084 0.0319 0.8606
vn 0.5913 0.7377 -0.3258
vn 0.1059 0.3262 -0.9394
vn 0.0771 0.5025 -0.8611
vn -0.1684 0.6695 0.7235
vn -0.1541 0.9878 0.0240
vn -0.1013 0.0876 -0.9910
vn 0.7620 0.5767 -0.2945
vn -0.1090 -0.0909 -0.9899
vn -0.4330 -0.8597 -0.2709
vn -0.4338 -0.8594 -0.2705
vn -0.4326 -0.8598 -0.2712
vn 0.0726 0.5209 -0.8505
vn 0.1117 0.5259 -0.8432
vn -0.0317 0.4098 -0.9116
vn -0.1703 0.8169 -0.5511
vn -0.3209 0.8821 0.3449
vn -0.1255 0.8312 -0.5416
vn 0.2516 0.6193 -0.7438
vn 0.6996 0.6543 0.2871
vn 0.7095 0.6154 0.3433
vn 0.2729 0.9142 -0.2995
vn -0.4828 0.6786 0.5536
vn 0.7132 0.5833 0.3888
vn 0.6281 0.7261 0.2796
vn 0.3619 0.8975 -0.2520
vn 0.7067 0.6955 0.1294
vn 0.6463 0.4764 0.5961
vn 0.7377 0.5057 0.4473
vn -0.3031 0.7356 0.6059
vn 0.7691 0.6329 -0.0891
vn 0.6383 0.6660 0.3859
vn 0.8245 0.5483 0.1399
vn 0.4742 0.6164 0.6287
vn -0.6467 0.4301 0.6299
vn -0.5232 0.0151 0.8520
vn 0.5074 0.7236 0.4680
vn 0.5857 0.5349 0.6090
vn 0.3754 0.4055 0.8334
vn -0.5032 -0.1475 0.8515
vn -0.5252 -0.0588 0.8490
vn -0.3760 -0.1236 0.9183
vn 0.8625 0.5014 -0.0679
vn 0.4715 0.8745 0.1135
vn 0.6192 0.7419 0.2572
vn -0.1936 0.5748 0.7951
vn 0.1996 0.3843 0.9014
vn -0.0749 0.3057 0.9492
vn 0.3480 0.5136 0.7843
vn 0.0259 0.7697 0.6379
vn 0.1174 0.5976 0.7931
vn 0.6805 0.4447 0.5823
vn 0.3140 0.8542 -0.4144
vn 0.3098 0.8551 -0.4157
vn 0.3450 0.8957 -0.2805
vn -0.3707 -0.8555 -0.3616
vn 0.6498 0.5732 0.4992
vn 0.0976 0.2791 0.9553
vn -0.1196 0.3892 0.9133
vn -0.1105 0.3694 0.9227
vn -0.5134 -0.1642 0.8423
vn 0.5666 -0.8004 -0.1957
vn -0.0413 0.6103 0.7911
vn 0.1806 0.3670 0.9125
vn -0.4481 0.8840 -0.1333
vn -0.4216 0.8896 -0.1758
vn -0.0235 0.6546 0.7556
vn -0.4607 0.8788 -0.1248
vn -0.4797 0.8773 0.0147
vn -0.1783 0.5919 0.7861
vn -0.2098 0.9634 0.1668
vn -0.4950 0.7469 -0.4440
vn -0.4937 0.8009 -0.3389
vn -0.1869 0.8611 -0.4729
vn -0.1834 0.7854 -0.5911
vn -0.1234 0.8768 -0.4647
vn -0.2195 0.9666 -0.1322
vn 0.1779 0.2716 -0.9458
vn -0.2715 0.9415 0.1995
vn 0.1557 0.6599 -0.7350
vn -0.3420 0.7353 0.5851
vn -0.5368 0.7901 0.2958
vn 0.4749 0.3975 -0.7851
vn -0.1047 0.9629 -0.2488
vn 0.4354 0.5399 0.7204
vn 0.2430 0.4772 -0.8445
vn -0.2711 0.9282 -0.2550
vn -0.4227 0.7882 -0.4472
vn -0.5396 0.6864 -0.4875
vn -0.3272 0.9428 -0.0635
vn -0.8752 -0.0006 -0.4838
vn 0.0274 0.9745 -0.2229
vn -0.0532 0.9733 -0.2231
vn -0.4530 0.8303 -0.3246
vn -0.5157 0.7922 -0.3264
vn -0.2076 0.9705 -0.1223
vn -0.1684 0.9452 -0.2796
vn -0.1643 0.9005 0.4027
vn -0.8258 0.5638 -0.0102
vn -0.2046 0.8762 0.4363
vn -0.3147 0.9388 0.1401
vn -0.4005 0.8049 0.4378
vn -0.1913 0.9774 -0.0902
vn 0.0816 0.7679 0.6353
vn 0.4625 0.8667 -0.1867
vn 0.6386 0.7493 0.1755
vn 0.6949 -0.5917 0.4086
vn 0.5313 0.8471 0.0086
vn 0.5998 0.7767 0.1922
vn -0.6282 0.6978 -0.3442
vn 0.3346 -0.9206 0.2013
vn 0.5909 0.7329 0.3371
vn -0.8797 0.4745 -0.0301
vn -0.2177 -0.7940 -0.5676
vn -0.8903 0.3598 -0.2793
vn -0.5921 0.5521 0.5870
vn -0.9143 0.1890 0.3583
vn 0.5787 0.8128 0.0673
vn 0.4868 0.8655 0.1178
vn 0.2489 0.7311 0.6352
vn 0.5208 0.8154 0.2528
vn -0.9135 0.3579 -0.1936
vn 0.3965 0.8893 0.2277
vn 0.4019 0.8858 0.2318
vn 0.4029 0.8853 0.2323
vn 0.5790 0.1653 0.7984
vn 0.4900 0.8263 0.2778
vn 0.4932 0.8489 0.1900
vn -0.2326 0.9052 -0.3556
vn 0.3271 0.8813 0.3411
vn 0.5023 -0.8500 -0.1587
vn -0.7218 0.6375 0.2694
vn -0.8049 0.4183 0.4210
vn 0.1212 -0.2546 0.9594
vn 0.3412 -0.8193 0.4609
vn 0.4060 0.9136 -0.0237
vn 0.5477 0.7610 -0.3478
vn -0.4655 0.8722 -0.1499
vn 0.1078 0.9773 -0.1825
vn 0.6150 0.7517 -0.2384
vn -0.1190 0.9620 0.2458
vn -0.2889 0.7416 0.6055
vn -0.1271 0.9712 0.2017
vn -0.2965 0.9193 0.2587
vn -0.5125 0.5972 0.6170
vn -0.0877 0.9894 0.1157
vn -0.8367 0.5445 0.0586
vn 0.1362 0.8995 -0.4151
vn 0.1363 0.8995 -0.4151
vn 0.6107 -0.7580 0.2291
vn -0.9839 -0.1378 -0.1141
vn 0.6932 -0.6214 0.3652
vn 0.7596 0.6172 0.2051
vn -0.9768 -0.1296 -0.1706
vn 0.9010 0.4191 0.1116
vn 0.6090 0.7519 0.2526
vn -0.9573 -0.2769 0.0827
vn 0.3142 0.7687 -0.5571
vn 0.6089 0.7890 0.0825
vn 0.3151 0.7981 0.5135
vn 0.3153 0.7982 0.5133
vn -0.0021 0.9988 0.0485
vn 0.5407 0.7425 0.3954
vn 0.4645 0.7418 0.4838
vn 0.3975 0.8038 0.4426
vn 0.6209 0.7510 0.2248
vn -0.8399 -0.4143 0.3505
vn 0.4678 0.7333 0.4933
vn 0.0084 -0.7428 0.6695
vn 0.5102 0.7520 0.4174
vn 0.1421 0.6682 0.7303
vn 0.1189 0.5010 0.8573
vn -0.0752 0.5304 0.8444
vn -0.0866 0.9770 0.1948
vn 0.2440 0.7039 0.6671
vn 0.6019 0.6996 -0.3850
vn -0.6735 0.7144 0.1897
vn -0.8217 0.2148 -0.5279
vn 0.3543 0.9279 0.1161
vn -0.2782 0.8134 -0.5109
vn 0.0044 -0.4802 0.8772
vn -0.6470 -0.3823 -0.6597
vn 0.6260 -0.7506 -0.2115
vn 0.6352 -0.4630 -0.6182
vn -0.4900 0.8529 -0.1799
vn -0.9844 0.1311 -0.1172
vn 0.8754 0.2971 -0.3812
vn 0.2685 0.8345 -0.4812
vn -0.2787 0.6835 0.6747
vn -0.7234 -0.6565 -0.2139
vn 0.8960 0.3586 -0.2620
vn -0.7322 0.5825 -0.3530
vn 0.7408 0.6717 -0.0041
vn 0.4896 0.7772 0.3952
vn 0.7414 0.6419 0.1956
vn -0.5601 -0.7568 0.3370
vn 0.2156 0.9350 0.2816
vn 0.7282 0.6814 0.0743
vn -0.1731 0.8932 0.4149
vn -0.9900 0.0639 -0.1254
vn -0.0612 0.8081 0.5859
vn -0.6199 0.7023 -0.3500
vn -0.1999 0.7407 0.6414
vn 0.0305 -0.0950 -0.9950
vn -0.5317 -0.6334 0.5621
vn -0.9994 -0.0166 -0.0296
vn -0.1370 -0.7954 0.5903
vn -0.3360 0.5777 0.7439
vn 0.5649 0.8093 -0.1608
vn -0.4006 -0.4700 -0.7865
vn -0.9533 -0.2551 0.1618
vn 0.5675 -0.7936 -0.2194
vn 0.3307 0.7855 0.5231
vn 0.3467 0.7950 0.4978
vn -0.7071 -0.5454 0.4500
vn -0.9220 0.0248 0.3863
vn -0.5204 0.8026 -0.2915
vn 0.1821 0.8212 0.5409
vn -0.1023 -0.9366 -0.3352
vn 0.3824 0.7717 0.5081
vn -0.0187 0.9710 -0.2383
vn -0.8127 -0.0977 0.5744
vn -0.0696 -0.9898 -0.1239
vn -0.0295 0.8032 -0.5950
vn -0.8386 0.4612 -0.2898
vn 0.4010 0.7657 0.5028
vn -0.1332 -0.7083 0.6932
vn 0.9730 -0.2249 -0.0510
vn -0.0230 -0.9923 -0.1221
vn -0.8378 0.5207 0.1639
vn -0.7329 0.6268 -0.2645
vn -0.7562 0.1860 0.6274
vn -0.8652 0.5003 0.0342
vn 0.9743 0.0667 0.2153
vn 0.2694 0.9385 0.2160
vn -0.3325 -0.6466 -0.6865
vn -0.0204 0.8987 -0.4381
vn -0.0281 -0.9723 -0.2321
vn 0.4612 0.6757 -0.5752
vn 0.2470 0.7601 -0.6010
vn -0.8996 0.2168 0.3791
vn 0.9047 0.4087 0.1201
vn -0.3096 0.7399 0.5973
vn 0.4568 -0.4087 0.7901
vn -0.9341 -0.2187 0.2822
vn 0.3813 0.7326 0.5639
vn 0.6689 0.7190 -0.1887
vn -0.8248 0.3775 0.4210
vn 0.6781 0.7333 -0.0489
vn 0.9673 0.1029 -0.2319
vn -0.8558 0.3404 0.3895
vn 0.8990 0.4040 0.1689
vn -0.3996 -0.9055 0.1427
vn -0.3641 -0.9300 -0.0500
vn 0.2402 -0.9644 0.1103
vn 0.4242 0.8941 0.1436
vn 0.6699 0.7027 0.2396
vn -0.7231 -0.0990 0.6836
vn -0.7319 0.6806 0.0322
vn -0.0735 0.2091 0.9751
vn -0.5792 -0.8112 0.0807
vn -0.6511 0.7507 0.1114
vn 0.3852 0.7079 -0.5920
vn -0.4873 -0.6421 0.5919
vn 0.7022 0.4520 0.5501
vn -0.6770 -0.6016 -0.4240
vn 0.1108 0.7840 -0.6108
vn -0.2708 -0.6382 0.7207
vn -0.4021 -0.2110 0.8910
vn 0.5138 0.3245 0.7942
vn -0.7105 0.3790 0.5929
vn -0.0134 -0.9715 -0.2368
vn 0.6192 0.6438 -0.4497
vn -0.9710 -0.1839 -0.1529
vn 0.9830 0.0513 0.1764
vn 0.7128 0.6957 0.0887
vn 0.0194 0.4187 0.9079
vn 0.6954 -0.4358 0.5714
vn -0.0719 0.1870 -0.9797
vn -0.7385 0.2498 -0.6262
vn -0.4704 0.8655 0.1720
vn -0.5996 -0.1308 0.7896
vn -0.6488 0.6961 0.3074
vn -0.9110 0.3323 -0.2443
vn -0.9116 0.3294 -0.2460
vn -0.9119 0.3282 -0.2465
vn -0.7381 0.5749 0.3531
vn 0.6685 0.7432 0.0283
vn -0.8963 -0.0440 -0.4413
vn -0.9790 0.1960 -0.0553
vn 0.6649 -0.7469 -0.0091
vn 0.7329 0.5291 0.4276
vn 0.6366 -0.1425 -0.7579
vn 0.7593 0.6466 -0.0735
vn 0.2954 -0.9503 0.0980
vn -0.4276 0.7902 -0.4389
vn -0.9665 0.2535 -0.0404
vn -0.6582 0.4878 0.5735
vn 0.2082 -0.6739 0.7089
vn 0.4018 -0.4311 0.8079
vn -0.0961 -0.9952 0.0192
vn -0.1178 -0.9929 0.0183
vn -0.1097 -0.9810 0.1598
vn -0.3413 -0.6692 0.6601
vn 0.8808 0.4286 0.2015
vn 0.1169 0.4957 0.8606
vn -0.4759 -0.1886 0.8590
vn -0.1134 -0.4220 0.8995
vn -0.7945 0.6051 0.0500
vn 0.0505 -0.8778 0.4763
vn 0.5092 -0.6034 0.6136
vn -0.0961 0.5375 0.8378
vn -0.5082 0.8612 0.0084
vn -0.5086 0.8609 0.0094
vn -0.5070 0.8617 0.0205
vn -0.5434 -0.8342 0.0940
vn 0.5269 0.6698 0.5232
vn 0.5246 -0.7769 0.3483
vn 0.6008 0.7242 0.3385
vn 0.6418 0.6439 -0.4165
vn 0.1153 -0.4785 0.8705
vn -0.5927 0.4747 0.6506
vn 0.4130 0.8164 0.4036
vn -0.5552 -0.2083 0.8052
vn -0.9310 0.0092 -0.3648
vn -0.6273 -0.7766 -0.0581
vn 0.2580 0.9409 0.2196
vn -0.9824 0.1182 -0.1447
vn 0.1047 -0.8464 0.5221
vn -0.9113 0.3324 -0.2428
vn 0.6376 -0.7427 -0.2048
vn 0.6060 0.7262 -0.3246
vn -0.8751 0.3189 0.3641
vn 0.5353 -0.5138 0.6704
vn -0.9959 -0.0882 -0.0214
vn 0.0972 0.8999 -0.4252
vn 0.6728 -0.6048 0.4260
vn 0.1007 -0.0898 -0.9909
vn -0.1030 0.7529 0.6500
vn 0.6113 0.7785 -0.1424
vn 0.4314 0.9021 0.0147
vn 0.8484 0.5259 -0.0597
vn 0.4065 0.8958 -0.1797
vn -0.9473 0.2838 -0.1482
vn -0.0066 0.8703 -0.4925
vn -0.3044 0.8091 -0.5027
vn -0.9494 0.0171 -0.3135
vn 0.5525 -0.5293 -0.6439
vn 0.5498 -0.5296 -0.6459
vn 0.5468 -0.5304 -0.6478
vn 0.5197 -0.8331 -0.1892
vn -0.9172 0.0335 -0.3969
vn -0.2131 -0.3501 0.9121
vn 0.3429 0.6988 -0.6278
vn 0.8156 0.5078 0.2774
vn 0.1125 0.9909 0.0741
vn -0.8015 0.4532 -0.3901
vn -0.7693 0.4186 0.4826
vn 0.7860 0.5043 0.3575
vn 0.1702 0.2408 0.9555
vn -0.0172 0.7236 0.6900
vn -0.8816 0.3952 -0.2579
vn 0.5301 0.8049 0.2666
vn -0.9440 0.3274 -0.0412
vn -0.6357 0.3288 0.6984
vn 0.8313 0.4494 0.3270
vn -0.1620 -0.8443 -0.5109
vn 0.6839 -0.6997 0.2066
vn -0.2733 -0.6739 0.6864
vn -0.0491 -0.8022 0.5951
vn 0.7345 0.1054 0.6703
vn 0.1246 0.6562 0.7442
vn 0.6509 0.7585 -0.0313
vn 0.5545 0.8285 0.0782
vn 0.5023 0.7442 0.4403
vn -0.7126 0.0249 0.7011
vn 0.1506 -0.9516 -0.2681
vn 0.3602 0.4047 -0.8405
vn 0.6940 -0.6298 0.3489
vn -0.9671 0.2347 0.0980
vn 0.7843 0.1152 0.6096
vn -0.7793 -0.2577 0.5712
vn 0.8747 0.4747 0.0973
vn -0.9783 0.0936 -0.1847
vn -0.0447 0.8650 -0.4998
vn 0.6921 0.5012 0.5194
vn -0.5317 0.3805 0.7566
vn 0.1295 -0.9829 -0.1309
vn -0.8172 0.4850 0.3116
vn 0.3562 0.9126 -0.2007
vn 0.1130 0.6983 -0.7069
vn -0.0201 0.9998 0.0037
vn 0.7615 0.6482 -0.0010
vn -0.8880 0.4297 0.1638
vn 0.5638 -0.6738 0.4776
vn -0.0006 -0.9929 -0.1190
vn -0.3654 0.3904 0.8450
vn 0.4236 0.8937 0.1478
vn -0.6991 0.6902 0.1867
vn 0.6443 0.4120 0.6443
vn 0.8309 0.3543 -0.4291
vn -0.9393 0.3417 -0.0300
vn -0.9278 -0.0060 -0.3730
vn -0.5227 0.7600 -0.3862
vn -0.8404 0.5365 -0.0769
vn 0.4342 0.7411 0.5122
vn -0.8749 0.4554 0.1645
vn -0.6583 0.7419 -0.1272
vn -0.2573 0.8715 -0.4175
vn -0.3668 0.8785 -0.3062
vn 0.9226 0.1062 0.3709
vn -0.0276 -0.9992 0.0293
vn -0.2674 -0.9612 0.0675
vn -0.1958 0.9798 -0.0394
vn 0.7481 -0.6073 0.2675
vn -0.0213 0.9802 0.1969
vn 0.5876 0.5659 0.5784
vn 0.1019 0.5341 0.8393
vn -0.4977 -0.2665 -0.8254
vn -0.9490 0.3136 -0.0320
vn 0.6943 -0.3884 0.6059
vn -0.0760 0.5855 0.8071
vn 0.8851 0.1401 0.4438
vn 0.7448 0.6628 -0.0778
vn 0.6271 0.7110 0.3182
vn -0.8118 0.5494 -0.1977
vn 0.8383 0.0226 0.5447
vn -0.7441 0.6619 0.0906
vn 0.0731 0.4695 -0.8799
vn -0.9841 -0.1593 0.0784
vn 0.8990 0.3955 0.1882
vn -0.6763 -0.6811 0.2806
vn -0.8395 0.5086 0.1914
vn -0.4975 0.6535 0.5705
vn 0.3228 -0.9315 0.1677
vn 0.3945 -0.9188 0.0111
vn -0.2243 0.8543 0.4689
vn 0.6905 -0.6724 0.2665
vn 0.9928 -0.0862 0.0829
vn -0.2142 0.9714 -0.1021
vn -0.2123 0.9716 -0.1046
vn -0.2143 0.9715 -0.1017
vn 0.7844 0.3604 0.5047
vn -0.0671 0.6713 -0.7381
vn 0.9812 -0.0259 0.1914
vn 0.5299 -0.8410 0.1094
vn 0.5581 0.8262 0.0766
vn 0.0423 0.7947 -0.6055
vn 0.3937 -0.8800 0.2656
vn -0.5351 0.7646 0.3592
vn 0.4580 -0.8810 0.1185
vn -0.3867 -0.9032 0.1865
vn 0.2244 0.8497 0.4771
vn 0.5744 0.7542 0.3181
vn 0.8880 0.3971 0.2319
vn -0.9779 -0.0969 0.1851
vn 0.9631 0.1977 0.1826
vn -0.5954 0.7611 -0.2572
vn -0.9830 0.0264 0.1818
vn 0.5284 -0.8484 0.0324
vn 0.9519 0.1852 0.2441
vn -0.6843 -0.6963 0.2166
vn -0.0838 0.6450 0.7595
vn -0.1314 0.9681 0.2131
vn -0.2151 -0.9447 0.2476
vn -0.4950 0.7344 -0.4644
vn 0.5498 0.8353 0.0044
vn -0.4255 0.1137 -0.8978
vn -0.1949 -0.7581 -0.6224
vn 0.6054 0.7902 -0.0950
vn 0.9308 0.1938 0.3098
vn 0.5709 -0.4122 0.7100
vn 0.3485 -0.8855 0.3074
vn 0.7077 0.4418 -0.5514
vn -0.4193 -0.9073 -0.0307
vn 0.9775 0.1920 0.0878
vn 0.9686 0.2030 0.1435
vn 0.9351 0.3323 -0.1234
vn 0.3259 0.1525 -0.9330
vn -0.2630 -0.8570 0.4432
vn -0.5242 -0.8074 -0.2709
vn 0.9167 -0.0408 0.3975
vn 0.7939 0.6056 -0.0542
vn 0.4317 -0.8731 0.2264
vn -0.9462 -0.1957 0.2577
vn -0.7438 -0.6628 0.0868
vn -0.9482 0.3167 0.0250
vn 0.0958 0.7318 -0.6748
vn 0.9920 -0.1254 0.0147
vn 0.8693 -0.4553 0.1924
vn 0.5461 0.7778 -0.3113
vn 0.5425 0.7796 -0.3127
vn -0.2614 -0.7973 0.5440
vn 0.3730 0.3113 -0.8740
vn 0.6725 -0.5184 0.5282
vn 0.8879 -0.0856 0.4521
vn -0.2845 0.8644 0.4147
vn -0.0026 0.8622 -0.5065
vn -0.2227 -0.9665 0.1275
vn -0.9265 -0.3505 -0.1372
vn 0.8801 0.4199 -0.2215
vn -0.1175 0.6486 -0.7520
vn -0.3514 0.2574 -0.9001
vn 0.1505 0.7599 0.6323
vn -0.2274 0.5732 -0.7872
vn -0.0960 0.5676 -0.8177
vn 0.1410 0.4409 -0.8864
vn 0.9715 0.2350 0.0300
vn -0.6940 -0.7134 -0.0971
vn 0.3690 0.7466 0.5535
vn -0.2098 -0.4550 -0.8654
vn -0.1895 0.5053 -0.8419
vn 0.4494 -0.7844 0.4276
vn 0.5723 0.6535 0.4953
vn 0.6114 0.7646 0.2038
vn -0.9849 0.0215 0.1719
vn 0.4247 -0.7738 -0.4700
vn -0.2125 0.9657 0.1494
vn 0.3233 -0.8628 0.3887
vn 0.4561 -0.8665 0.2030
vn -0.0229 0.2799 -0.9598
vn 0.6231 0.7798 0.0603
vn 0.7375 0.6724 0.0630
vn -0.2666 0.2269 -0.9367
vn -0.1463 0.8328 0.5339
vn 0.2556 0.6458 -0.7194
vn 0.4863 -0.8300 0.2730
vn 0.5658 0.7307 0.3820
vn -0.8641 -0.4527 -0.2199
vn 0.6868 0.6965 -0.2080
vn -0.9219 -0.3457 -0.1748
vn 0.4682 0.8527 -0.2318
vn 0.6030 0.7739 0.1934
vn 0.4386 0.8628 -0.2516
vn 0.5621 0.6474 0.5147
vn -0.7813 -0.6155 -0.1035
vn 0.9728 0.0066 0.2315
vn 0.1371 -0.2495 0.9586
vn -0.5664 -0.7108 0.4171
vn 0.1544 -0.6256 0.7648
vn -0.8121 0.2185 -0.5411
vn -0.6710 0.5784 0.4638
vn 0.7348 0.1094 0.6694
vn 0.9357 0.3525 -0.0143
vn -0.4275 -0.5653 0.7054
vn -0.3460 -0.9289 -0.1321
vn 0.2777 0.8553 0.4375
vn 0.1819 -0.7383 0.6495
vn 0.8801 0.3789 -0.2862
vn -0.7749 0.6260 0.0870
vn -0.4561 0.8549 -0.2473
vn 0.2669 0.9353 -0.2323
vn -0.8029 0.5360 0.2607
vn 0.3825 0.8278 -0.4105
vn 0.8728 0.2960 -0.3880
vn 0.8687 0.3435 -0.3568
vn 0.7267 0.5458 0.4172
vn -0.1638 -0.8509 0.4992
vn -0.5345 0.8331 -0.1428
vn -0.3211 -0.8469 0.4239
vn 0.3226 0.5955 -0.7357
vn -0.8785 -0.3144 0.3597
vn 0.7182 0.4031 0.5671
vn -0.0228 0.4094 -0.9121
vn 0.4131 0.8969 0.1579
vn -0.3656 0.9173 0.1577
vn -0.0089 -0.8892 -0.4574
vn 0.9807 0.1852 -0.0634
vn 0.9265 0.3385 -0.1644
vn 0.4594 0.8879 0.0235
vn 0.5241 0.8516 -0.0072
vn 0.6671 0.5916 0.4527
vn 0.6339 0.6368 0.4390
vn 0.3249 0.3613 -0.8740
vn 0.4266 0.7266 -0.5386
vn -0.2531 -0.1609 0.9540
vn 0.8500 0.5241 -0.0528
vn 0.8271 0.5583 -0.0642
vn 0.2629 0.0808 -0.9614
vn 0.9653 -0.2386 0.1059
vn -0.6104 0.7652 -0.2047
vn 0.8781 0.3781 -0.2931
vn 0.2689 0.5602 0.7835
vn 0.2317 0.4791 -0.8466
vn -0.2119 0.9716 -0.1050
vn 0.5375 -0.3123 0.7833
vn 0.3520 -0.9151 0.1968
vn 0.6251 0.6594 0.4177
vn 0.0989 0.5923 -0.7996
vn -0.2209 -0.3622 0.9055
vn -0.3294 0.3527 -0.8758
vn -0.3531 -0.3337 0.8740
vn 0.0710 0.5576 0.8271
vn 0.7418 0.6706 -0.0068
vn -0.4699 -0.4080 0.7828
vn 0.5944 0.7891 -0.1547
vn 0.5139 0.8351 -0.1963
vn 0.4866 0.7903 -0.3723
vn -0.0705 0.4346 -0.8979
vn 0.8240 0.4761 -0.3072
vn 0.7531 0.5786 0.3132
vn 0.4237 -0.7333 -0.5317
vn 0.8870 -0.1587 -0.4337
vn 0.3371 -0.2036 -0.9192
vn 0.1166 0.5166 0.8482
vn 0.0852 0.8881 -0.4517
vn 0.7108 0.6452 -0.2803
vn 0.2318 0.9104 -0.3428
vn 0.9651 0.2255 0.1333
vn 0.4080 -0.8821 0.2355
vn 0.1110 0.4724 -0.8744
vn 0.2796 0.9600 0.0176
vn 0.5119 0.8429 -0.1660
vn 0.1518 0.8501 0.5043
vn 0.3143 0.8830 0.3487
vn 0.9739 0.2211 0.0508
vn 0.4558 0.8370 0.3028
vn 0.6736 0.7184 -0.1735
vn 0.5797 0.7356 -0.3503
vn 0.3661 -0.9204 0.1373
vn 0.1056 0.4897 -0.8654
vn 0.8819 0.0958 0.4617
vn 0.6347 0.7640 0.1164
vn 0.6423 0.7353 0.2163
vn 0.6884 0.7233 -0.0551
vn 0.2488 0.7916 0.5581
vn 0.6684 0.7432 0.0314
vn 0.2721 0.8789 0.3919
vn 0.3043 0.7573 0.5778
vn -0.3904 0.2630 0.8823
vn -0.7272 0.6014 -0.3308
vn 0.1592 0.8828 -0.4420
vn 0.6816 0.6801 0.2701
vn -0.0761 0.1115 -0.9908
vn 0.8726 0.4874 -0.0327
vn 0.8954 0.4332 -0.1027
vn 0.8765 0.0242 0.4807
vn -0.7097 -0.2658 0.6525
vn -0.6183 -0.3610 -0.6981
vn -0.6577 -0.1248 0.7429
vn 0.0719 0.8328 0.5489
vn -0.0180 0.9087 0.4171
vn -0.7500 -0.3767 0.5437
vn -0.1097 0.5215 0.8461
vn 0.1175 0.6101 0.7836
vn 0.2267 0.6690 0.7078
vn 0.2949 0.6867 0.6644
vn 0.0791 0.7128 0.6969
vn -0.3611 -0.2258 0.9048
vn -0.5149 -0.4388 0.7364
vn 0.2959 0.6489 0.7009
vn -0.3719 -0.3933 0.8408
vn -0.4901 -0.3822 0.7834
vn -0.8465 -0.3584 0.3936
vn -0.9161 -0.3398 0.2127
vn -0.8504 -0.5245 -0.0416
vn -0.8132 -0.5364 0.2260
vn -0.1412 0.8667 -0.4785
vn 0.1654 0.9756 0.1444
vn 0.7600 0.6234 0.1838
vn -0.4622 -0.2732 0.8437
vn 0.1387 0.4805 0.8659
vn 0.1362 0.4810 0.8661
vn 0.1280 0.4811 0.8672
vn -0.6487 -0.4981 0.5754
vn -0.5637 -0.3940 0.7259
vn 0.7823 0.5550 0.2829
vn 0.1751 -0.8122 -0.5565
vn 0.3267 0.6751 -0.6614
vn -0.5132 -0.2826 0.8104
vn 0.1255 0.4805 0.8680
vn 0.6306 0.7209 0.2874
vn 0.4792 0.7632 0.4334
vn -0.5913 0.4950 0.6366
vn 0.1898 0.7609 0.6204
vn 0.2268 0.8032 0.5509
vn 0.4063 0.7397 0.5365
vn 0.6627 0.7461 0.0649
vn -0.7882 -0.5535 -0.2691
vn 0.0879 0.9363 -0.3399
vn 0.3101 0.8592 -0.4070
vn 0.5512 0.8229 -0.1382
vn 0.5287 0.8420 -0.1072
vn 0.4655 0.8140 -0.3476
vn 0.5698 0.7119 -0.4106
vn 0.1011 0.4952 -0.8629
vn 0.5018 0.8353 -0.2249
vn 0.3652 0.6845 0.6309
vn 0.4448 0.8620 -0.2430
vn -0.4708 -0.5708 -0.6727
vn 0.6293 0.7694 0.1096
vn 0.2486 0.0501 -0.9673
vn 0.2490 0.0501 -0.9672
vn 0.6508 0.7589 0.0214
vn -0.1746 0.1748 -0.9690
vn 0.6287 0.7553 0.1852
vn -0.1123 0.9576 0.2654
vn 0.3038 0.7293 0.6130
vn 0.2413 0.6503 -0.7203
vn 0.3934 0.7934 -0.4645
vn 0.2195 0.9756 0.0029
vn -0.2950 0.2236 -0.9290
vn 0.6851 0.7236 0.0844
vn 0.4059 0.8893 0.2108
vn 0.5579 0.8163 0.1498
vn 0.6063 0.7775 -0.1667
vn -0.2083 -0.3071 -0.9286
vn 0.5906 0.8017 0.0917
vn 0.4106 0.8479 0.3353
vn 0.1948 0.7582 -0.6223
vn 0.0469 0.7630 0.6446
vn 0.7115 0.4140 0.5677
vn 0.6670 0.1275 0.7341
vn 0.5484 0.2035 0.8111
vn 0.7919 0.2037 0.5757
vn 0.5272 0.7989 -0.2897
vn 0.6596 0.5944 0.4600
vn 0.8476 0.3892 0.3607
vn 0.8053 0.5090 0.3039
vn 0.6880 0.4875 0.5376
vn 0.5974 0.3420 0.7254
vn 0.5716 0.0797 0.8167
vn -0.6117 -0.4897 0.6213
vn 0.6342 0.3430 0.6930
vn 0.6799 0.5929 0.4316
vn 0.6728 0.2396 0.6999
vn 0.4934 0.4209 0.7612
vn -0.0911 0.9823 -0.1638
vn 0.7936 0.5649 0.2259
vn 0.7750 0.6319 -0.0114
vn 0.8698 0.4247 -0.2510
vn 0.0016 0.8711 -0.4912
vn -0.2696 -0.0967 0.9581
vn -0.1896 -0.5478 -0.8148
vn 0.1554 0.7015 -0.6956
vn -0.1716 -0.8862 -0.4303
vn -0.0307 0.8757 -0.4819
vn 0.8468 0.1886 0.4973
vn 0.0006 -0.9137 -0.4065
vn -0.9232 0.0167 0.3840
vn -0.5960 -0.7925 -0.1294
vn -0.0096 -0.7943 -0.6074
vn -0.7046 -0.6477 -0.2899
vn -0.2209 0.1132 0.9687
vn -0.8211 0.4045 -0.4027
vn 0.7516 0.4525 0.4799
vn -0.1458 -0.7841 -0.6033
vn -0.4193 -0.8298 -0.3683
vn 0.2834 0.9092 0.3049
vn -0.3005 -0.8042 -0.5129
vn -0.5067 -0.7341 -0.4521
vn 0.1684 0.8473 0.5036
vn 0.8048 0.4564 -0.3795
vn 0.7746 0.5371 -0.3340
vn 0.7163 0.6892 0.1088
vn -0.3399 0.1524 0.9280
vn 0.2631 0.9247 -0.2751
vn 0.4529 0.0831 -0.8877
vn 0.1844 0.0043 -0.9828
vn 0.2308 0.9716 0.0523
vn 0.2007 0.0143 -0.9795
vn 0.6068 -0.7860 0.1182
vn 0.2612 0.1448 -0.9543
vn 0.1782 0.5204 -0.8351
vn -0.0227 0.9546 -0.2970
vn 0.1763 0.0764 -0.9814
vn -0.8381 0.1801 -0.5149
vn 0.7695 -0.3221 0.5515
vn 0.5119 0.2985 -0.8055
vn -0.4098 -0.4866 0.7715
vn 0.9637 -0.1976 0.1796
vn 0.3425 0.8257 0.4483
vn -0.2344 0.6583 -0.7153
vn 0.9635 0.1465 -0.2239
vn 0.6672 -0.4874 0.5632
vn -0.2347 -0.7979 -0.5553
vn -0.2380 -0.9351 0.2626
vn 0.0227 0.0055 -0.9997
vn 0.0224 0.0087 -0.9997
vn 0.0164 0.0119 -0.9998
vn 0.2666 0.8225 0.5024
vn 0.8020 0.5967 -0.0270
vn 0.3692 0.8885 -0.2723
vn -0.2342 -0.5822 0.7786
vn 0.4883 -0.2468 -0.8371
vn -0.1818 -0.4832 0.8564
vn 0.3232 0.8832 -0.3398
vn 0.2606 -0.4673 -0.8448
vn -0.0246 -0.0949 0.9952
vn 0.2858 0.5770 -0.7651
vn -0.2689 -0.2732 0.9236
vn 0.1758 0.9542 0.2420
vn 0.7552 0.6545 -0.0361
vn 0.5849 -0.4537 0.6723
vn 0.9488 0.2457 0.1983
vn -0.4356 -0.7673 0.4706
vn -0.2794 -0.8318 0.4795
vn 0.7564 0.6539 0.0191
vn 0.9650 0.2444 0.0950
vn 0.6955 0.6434 0.3199
vn 0.8167 0.4408 0.3724
vn 0.9343 -0.0880 0.3455
vn 0.7398 0.5830 0.3359
vn 0.8555 0.5177 0.0053
vn -0.7836 0.5614 0.2660
vn 0.2679 -0.6935 0.6688
vn -0.7048 -0.6397 0.3066
vn 0.8656 -0.4707 0.1710
vn -0.6933 -0.6611 0.2868
vn 0.0087 0.3511 -0.9363
vn 0.6043 0.7358 0.3056
vn -0.1006 -0.2754 0.9561
vn 0.9733 0.0689 0.2188
vn 0.7872 -0.1252 0.6039
vn -0.7776 0.6114 -0.1466
vn 0.9545 0.0849 0.2858
vn 0.4669 0.7813 0.4143
vn 0.0856 0.1771 0.9805
vn 0.9904 -0.0497 0.1286
vn 0.8515 -0.1075 0.5132
vn 0.4480 -0.4599 0.7666
vn -0.8324 0.0228 0.5537
vn 0.1084 -0.1230 -0.9865
vn 0.5994 0.6172 0.5096
vn 0.0279 0.9515 -0.3063
vn 0.5166 0.8175 0.2546
vn 0.0495 -0.9988 0.0068
vn -0.6937 0.5538 0.4604
vn -0.3406 0.8423 -0.4178
vn 0.6528 0.7497 -0.1089
vn 0.3943 0.8952 0.2078
vn 0.8673 -0.4901 -0.0873
vn 0.2346 -0.4285 0.8726
vn 0.6481 -0.0807 0.7573
vn 0.4032 -0.8700 -0.2837
vn -0.7820 0.5663 -0.2603
vn 0.4957 -0.8409 -0.2172
vn -0.2766 -0.9095 0.3103
vn -0.7676 0.6281 -0.1275
vn 0.0983 -0.7445 -0.6604
vn 0.9220 0.3785 0.0816
vn 0.5890 0.7865 0.1861
vn 0.4879 0.2528 0.8355
vn 0.9825 0.1609 0.0934
vn -0.2822 0.9269 -0.2473
vn 0.9757 -0.0198 -0.2181
vn 0.9861 -0.1525 -0.0652
vn 0.8397 -0.0691 0.5387
vn 0.1804 0.9737 -0.1392
vn 0.5023 -0.3887 -0.7724
vn 0.7846 0.1446 0.6029
vn -0.4267 -0.5768 -0.6966
vn -0.3407 -0.2651 -0.9020
vn -0.3287 -0.4869 -0.8092
vn -0.0440 -0.7836 0.6197
vn -0.3700 -0.4243 -0.8264
vn -0.4617 -0.7563 0.4634
vn 0.8300 0.2716 -0.4871
vn 0.7847 0.3985 -0.4748
vn 0.9709 0.0695 -0.2290
vn 0.5191 -0.7900 -0.3262
vn 0.5530 0.6815 0.4794
vn -0.1280 -0.6738 0.7278
vn 0.6127 0.7874 0.0681
vn -0.9105 -0.3229 -0.2584
vn 0.9191 0.3855 0.0817
vn 0.7140 0.5967 -0.3663
vn 0.9897 -0.0592 -0.1303
vn 0.1815 0.6431 -0.7440
vn -0.0773 0.8708 0.4856
vn 0.9595 0.1083 -0.2601
vn 0.9261 0.1766 -0.3335
vn 0.8975 0.2448 -0.3669
vn 0.9002 0.1420 -0.4118
vn 0.8771 0.0602 -0.4765
vn -0.3805 -0.6380 -0.6695
vn 0.0626 0.7620 -0.6445
vn -0.2962 0.9520 0.0765
vn 0.8024 0.4009 -0.4421
vn 0.0091 0.6124 -0.7905
vn 0.7550 0.3841 -0.5314
vn 0.7496 0.3893 -0.5353
vn 0.7553 0.3836 -0.5314
vn -0.8877 0.1950 -0.4170
vn 0.9241 0.2286 -0.3064
vn 0.8078 -0.0894 0.5826
vn 0.8489 0.2682 -0.4554
vn 0.8606 0.3632 -0.3570
vn -0.6252 0.2437 -0.7415
vn -0.5064 0.8620 0.0218
vn 0.7937 0.5795 0.1850
vn 0.9271 0.3204 0.1947
vn 0.9287 0.3474 -0.1300
vn 0.2949 0.1654 -0.9411
vn 0.3099 0.5010 0.8081
vn 0.8770 0.4717 0.0918
vn -0.0632 0.9948 -0.0796
vn 0.4048 0.5090 0.7596
vn -0.7750 0.5089 0.3747
vn 0.6383 0.7586 0.1305
vn -0.6051 0.7906 -0.0940
vn -0.3456 -0.6865 -0.6397
vn 0.3630 0.9288 -0.0739
vn 0.3278 0.8974 -0.2953
vn 0.0985 0.5879 -0.8029
vn -0.5227 0.6783 0.5163
vn 0.9274 -0.3732 0.0241
vn 0.9536 0.0710 -0.2927
vn 0.7409 -0.6644 -0.0979
vn -0.0610 0.9331 -0.3545
vn 0.6984 0.7157 0.0079
vn -0.9254 0.3154 0.2099
vn 0.3429 0.3359 0.8773
vn -0.1484 -0.2721 0.9508
vn -0.8383 0.4783 -0.2616
vn 0.3925 -0.9071 -0.1518
vn -0.2809 -0.4754 0.8337
vn 0.8468 0.3455 -0.4044
vn -0.4703 0.8726 -0.1317
vn 0.0383 -0.9991 0.0176
vn 0.1749 -0.7681 -0.6159
vn 0.7348 0.6620 -0.1478
vn 0.4269 -0.8754 -0.2268
vn 0.4508 -0.1671 -0.8768
vn 0.4796 0.8764 -0.0446
vn 0.8760 -0.0756 -0.4763
vn -0.9592 -0.1707 0.2254
vn 0.6806 0.3226 -0.6578
vn -0.9222 0.1013 0.3732
vn -0.5793 -0.0780 0.8114
vn 0.6273 0.7737 0.0889
vn 0.6988 -0.6781 -0.2279
vn 0.9002 -0.0951 -0.4249
vn 0.7202 -0.6635 -0.2029
vn -0.1744 0.9358 0.3064
vn 0.5735 -0.7452 -0.3401
vn -0.8366 0.4105 -0.3628
vn 0.6240 0.7809 -0.0297
vn -0.9812 0.1925 -0.0165
vn -0.8637 0.3949 0.3133
vn 0.9440 0.1701 -0.2827
vn 0.2451 0.4463 -0.8606
vn 0.7886 -0.5702 0.2303
vn 0.7585 -0.5225 0.3896
vn 0.3315 0.6384 -0.6947
vn 0.8763 -0.3361 0.3451
vn 0.7895 -0.0469 -0.6120
vn -0.4022 -0.5103 0.7602
vn 0.0136 0.0103 -0.9999
vn 0.6827 0.4688 0.5604
vn 0.7015 0.6998 0.1346
vn 0.8032 0.5204 -0.2899
vn 0.7839 0.6058 -0.1359
vn 0.6131 0.7411 0.2737
vn 0.5150 0.8440 -0.1501
vn -0.6848 -0.3835 0.6197
vn -0.8653 0.2284 -0.4462
vn 0.8921 0.3223 -0.3168
vn 0.0029 0.9727 0.2322
vn 0.7384 -0.0550 0.6721
vn 0.7571 0.4132 0.5059
vn 0.9107 0.1400 -0.3885
vn 0.8427 0.0901 0.5308
vn 0.9613 0.2317 0.1488
vn 0.4762 -0.8647 0.1597
vn 0.3773 0.9255 0.0320
vn 0.6623 0.6404 -0.3889
vn 0.7454 0.1261 -0.6546
vn 0.5779 0.7862 -0.2187
vn 0.9543 0.2979 0.0243
vn 0.7571 -0.6529 0.0240
vn 0.1397 0.4077 -0.9024
vn 0.8794 0.3536 -0.3188
vn -0.4181 -0.3742 0.8277
vn 0.1286 0.3305 0.9350
vn 0.8148 0.5183 -0.2596
vn 0.8927 0.2269 -0.3895
vn -0.5365 -0.7154 -0.4476
vn 0.3249 -0.8394 0.4357
vn 0.6615 0.6725 -0.3318
vn 0.8460 0.4305 -0.3147
vn 0.4585 -0.6405 -0.6160
vn 0.3852 0.9165 -0.1079
vn -0.0025 0.1612 0.9869
vn 0.3893 0.9025 -0.1842
vn 0.5052 0.8611 -0.0567
vn 0.3550 0.8916 -0.2811
vn 0.4050 0.9094 -0.0947
vn 0.8118 0.4895 -0.3184
vn 0.0017 -0.1426 -0.9898
vn 0.7046 0.6815 -0.1978
vn 0.7841 -0.5582 0.2713
vn 0.5470 0.8369 0.0199
vn -0.8723 -0.4654 0.1502
vn -0.9735 0.1514 0.1713
vn -0.9648 0.2452 -0.0946
vn -0.4236 -0.4334 0.7954
vn -0.7551 0.4587 0.4684
vn 0.9725 0.0629 -0.2243
vn 0.4209 0.8971 0.1344
vn -0.6680 -0.6973 -0.2599
vn -0.7631 0.6448 0.0434
vn -0.7334 0.5537 0.3944
vn 0.7490 0.3898 -0.5359
vn 0.4977 0.8640 0.0758
vn 0.3522 0.8519 -0.3876
vn 0.3555 0.8475 -0.3942
vn 0.4194 0.9060 -0.0574
vn 0.8909 0.3795 -0.2495
vn 0.3523 0.8521 -0.3870
vn 0.2657 0.9275 -0.2631
vn 0.3121 0.9058 -0.2867
vn 0.9152 0.2976 -0.2718
vn 0.9424 0.3177 -0.1044
vn 0.6954 0.6718 -0.2554
vn 0.3797 0.9140 -0.1430
vn 0.3444 0.8625 -0.3707
vn 0.3455 0.9126 -0.2187
vn 0.4100 0.8389 -0.3580
vn 0.3789 -0.8871 0.2635
vn 0.4143 -0.7887 0.4542
vn 0.3957 0.7984 -0.4538
vn 0.1515 0.9815 -0.1168
vn 0.1887 0.9820 0.0075
vn 0.2412 0.8433 -0.4803
vn 0.2547 0.8362 -0.4857
vn 0.4763 0.8498 0.2258
vn 0.4971 0.7600 -0.4188
vn -0.9962 -0.0637 0.0592
vn 0.8296 0.5575 -0.0313
vn 0.8952 -0.0655 -0.4408
vn 0.4065 0.8559 -0.3197
vn 0.4147 0.8976 -0.1495
vn 0.9358 0.3045 0.1774
vn 0.7558 0.4751 0.4507
vn 0.8773 0.4255 -0.2221
vn 0.5284 0.8177 -0.2284
vn 0.5823 0.7321 -0.3535
vn 0.3692 0.7870 -0.4943
vn 0.0826 0.9846 -0.1543
vn 0.1776 0.9503 -0.2557
vn 0.3258 0.8587 -0.3954
vn 0.2643 0.8766 -0.4022
vn 0.9541 -0.2291 0.1929
vn 0.7296 0.5829 0.3576
vn -0.6487 -0.7534 -0.1074
vn -0.9700 0.1377 -0.2003
vn 0.9010 0.2582 -0.3487
vn 0.2747 0.9373 -0.2146
vn 0.6621 0.7336 -0.1530
vn 0.3803 0.5211 0.7641
vn 0.5988 0.6887 -0.4089
vn -0.1604 -0.9779 0.1342
vn -0.0881 0.8580 -0.5060
vn -0.1897 0.8128 -0.5507
vn 0.7522 0.4864 -0.4446
vn -0.3446 -0.8581 0.3806
vn 0.7014 0.7120 0.0338
vn -0.1509 0.6392 -0.7541
vn -0.6136 0.7139 -0.3373
vn 0.7350 -0.3679 0.5696
vn 0.0232 0.9329 0.3595
vn 0.3812 0.9244 -0.0134
vn -0.8294 0.4995 -0.2500
vn 0.7068 0.5288 0.4699
vn 0.0769 0.8148 -0.5746
vn 0.7693 0.6144 -0.1752
vn 0.7065 0.6970 -0.1230
vn 0.5309 0.7829 -0.3244
vn 0.5502 0.1806 0.8153
vn 0.2617 0.9596 0.1030
vn 0.3045 0.8681 -0.3919
vn 0.4105 0.7392 0.5339
vn 0.4027 -0.2286 -0.8863
vn -0.1172 0.3200 -0.9402
vn 0.4867 -0.4716 -0.7353
vn 0.3876 0.7981 -0.4613
vn -0.6786 -0.6459 -0.3497
vn 0.9125 0.4073 0.0382
vn 0.1968 0.5809 0.7899
vn 0.8227 0.5665 0.0468
vn 0.6689 0.5948 0.4459
vn 0.1542 0.7920 0.5907
vn 0.3830 0.6408 -0.6654
vn 0.8386 0.5407 -0.0669
vn 0.9610 0.2481 0.1219
vn 0.5145 0.8569 0.0322
vn 0.6534 0.6232 0.4297
vn 0.5873 0.6328 -0.5046
vn 0.7470 0.5914 -0.3037
vn -0.1274 0.9481 -0.2912
vn 0.8167 0.5580 -0.1472
vn 0.7327 0.6153 -0.2908
vn 0.5278 0.7255 0.4417
vn 0.7584 -0.0122 -0.6516
vn 0.7560 0.4087 -0.5114
vn -0.0586 -0.5690 -0.8202
vn 0.6215 0.7054 0.3408
vn 0.6339 0.2813 0.7205
vn 0.6409 0.5610 0.5239
vn 0.8390 0.5062 -0.1996
vn 0.3702 0.8701 -0.3255
vn 0.6255 0.7401 0.2471
vn -0.4299 0.8805 -0.1999
vn 0.9001 0.3970 0.1793
vn 0.0689 0.7374 -0.6719
vn 0.7194 0.6552 -0.2307
vn 0.8098 0.5406 -0.2281
vn 0.1086 0.7652 0.6345
vn 0.6569 0.6320 -0.4112
vn 0.9462 0.2716 -0.1760
vn 0.7870 0.5531 0.2733
vn 0.8679 0.4961 -0.0224
vn 0.1545 0.8526 0.4991
vn 0.4530 0.4720 0.7563
vn 0.9045 0.3519 -0.2408
vn 0.9260 0.3720 0.0637
vn 0.3245 0.7455 0.5822
vn 0.8619 0.5006 0.0807
vn 0.9135 0.4043 0.0450
vn 0.9129 0.3757 -0.1596
vn 0.9211 0.3753 -0.1037
vn 0.6099 0.3440 0.7139
vn 0.9226 0.3453 -0.1723
vn 0.4672 0.7329 -0.4946
vn -0.7028 0.2569 -0.6634
vn -0.1642 0.8703 -0.4644
vn 0.9405 0.3159 -0.1248
vn 0.6900 0.4348 -0.5786
vn 0.6365 0.6772 -0.3692
vn 0.3475 0.8424 -0.4119
vn 0.6138 0.5165 -0.5970
vn 0.5798 0.6560 0.4831
vn 0.2935 0.5630 -0.7726
vn 0.1443 0.8703 -0.4710
vn 0.6318 0.5610 -0.5349
vn 0.5318 0.6572 -0.5342
vn 0.9195 0.3485 -0.1819
vn 0.4603 0.6465 0.6084
vn 0.5110 0.5646 -0.6481
vn 0.7048 0.6809 0.1992
vn 0.6357 0.5349 -0.5565
vn 0.5241 0.6136 -0.5906
vn 0.4249 0.5328 -0.7318
vn 0.5550 0.7598 -0.3386
vn 0.5083 -0.6477 -0.5676
vn 0.9692 -0.0971 0.2265
vn 0.5949 0.5729 -0.5639
vn 0.2721 0.8266 0.4927
vn 0.7544 0.6130 -0.2348
vn 0.3723 0.7274 -0.5764
vn 0.4716 0.4983 -0.7275
vn 0.6803 -0.1001 -0.7261
vn -0.7065 0.2789 -0.6504
vn 0.5007 0.6522 -0.5691
vn -0.4994 -0.8580 -0.1201
vn -0.2280 0.5114 0.8286
vn 0.5787 0.5132 -0.6339
vn -0.2632 0.6394 -0.7225
vn -0.2044 0.0738 -0.9761
vn -0.1454 0.4635 0.8741
vn 0.8681 0.2444 -0.4320
vn 0.0677 0.9066 -0.4166
vn 0.9503 0.3106 0.0213
vn 0.6333 0.6887 0.3529
vn 0.4817 0.7873 -0.3849
vn 0.6109 0.6821 -0.4020
vn 0.5079 0.7472 -0.4287
vn -0.3118 -0.8120 0.4934
vn 0.4859 0.8159 -0.3133
vn 0.7045 0.6808 -0.2003
vn 0.7385 0.4393 -0.5115
vn 0.7714 -0.6303 0.0874
vn 0.8062 0.5896 -0.0498
vn -0.0685 -0.9097 0.4097
vn 0.9525 -0.0384 0.3021
vn 0.8899 -0.2109 -0.4045
vn -0.9471 -0.2938 0.1291
vn 0.8619 0.4951 -0.1095
vn 0.7158 0.4857 0.5017
vn 0.3373 -0.7426 0.5786
vn -0.6435 0.2757 0.7141
vn -0.3875 0.8715 -0.3006
vn -0.0610 0.8507 0.5220
vn -0.0852 0.9031 0.4210
vn -0.9295 0.3631 0.0640
vn 0.7591 -0.3599 0.5425
vn 0.7224 -0.4444 0.5298
vn 0.8134 0.5792 0.0530
vn 0.6392 -0.5745 0.5112
vn 0.8751 0.4832 0.0257
vn 0.6770 0.5187 -0.5222
vn 0.7269 -0.4787 0.4925
vn 0.0943 0.9544 -0.2832
vn -0.7481 -0.1086 0.6546
vn 0.4117 -0.9046 0.1107
vn -0.7709 0.0631 -0.6338
vn -0.0728 -0.8549 0.5137
vn 0.0670 -0.9212 0.3833
vn 0.3328 -0.8935 0.3017
vn 0.0427 -0.5672 0.8225
vn 0.6397 0.3247 -0.6967
vn 0.0690 -0.1889 0.9796
vn 0.2745 -0.4601 0.8444
vn 0.5223 0.8320 0.1872
vn -0.8884 0.4440 -0.1166
vn 0.5832 0.7803 -0.2257
vn 0.6244 -0.4210 0.6580
vn 0.6255 0.5463 -0.5570
vn 0.9426 -0.2843 0.1750
vn 0.2797 -0.1832 0.9424
vn 0.5309 -0.8142 0.2350
vn 0.2028 0.9726 -0.1139
vn -0.6651 -0.5152 0.5406
vn 0.7561 -0.6046 0.2506
vn 0.9332 0.1480 0.3274
vn 0.8142 0.5689 0.1159
vn 0.5106 0.6918 0.5105
vn -0.0894 0.3612 0.9282
vn 0.7078 0.4891 0.5096
vn 0.0386 0.9890 -0.1430
vn 0.4992 -0.7799 0.3775
vn -0.8369 0.4725 -0.2762
vn -0.6969 0.6231 -0.3550
vn -0.9289 0.3416 -0.1431
vn 0.8327 0.5347 0.1436
vn -0.2555 0.7203 -0.6449
vn -0.2403 0.5692 -0.7863
vn 0.9213 -0.3881 0.0229
vn 0.8768 -0.4030 -0.2622
vn 0.9238 0.3768 -0.0683
vn 0.7519 -0.0189 -0.6590
vn 0.6250 -0.6446 -0.4403
vn 0.3159 0.9350 0.1611
vn -0.1001 0.7030 -0.7041
vn -0.2061 0.8374 -0.5062
vn -0.9201 0.3818 -0.0873
vn -0.7997 0.2029 -0.5650
vn -0.8311 0.3396 -0.4403
vn -0.5484 0.7258 -0.4153
vn 0.8828 0.2503 -0.3974
vn 0.9029 0.4188 -0.0968
vn 0.9509 -0.1190 0.2858
vn -0.3380 -0.6734 0.6575
vn 0.6792 0.6254 -0.3841
vn -0.0210 0.6711 -0.7411
vn -0.2285 0.7556 -0.6139
vn -0.2204 -0.7358 0.6403
vn 0.0512 0.8061 -0.5896
vn -0.3349 0.8429 0.4212
vn 0.4150 -0.8543 0.3130
vn -0.3806 0.7755 -0.5037
vn 0.5249 0.4132 -0.7442
vn -0.6985 0.7155 -0.0129
vn 0.8443 -0.3213 0.4288
vn 0.4973 0.8471 -0.1873
vn -0.2814 0.7047 -0.6514
vn 0.9615 -0.1190 0.2478
vn 0.0401 -0.7386 0.6730
vn -0.6290 -0.7771 0.0228
vn -0.9849 0.1270 0.1177
vn -0.9985 0.0531 -0.0126
vn 0.4176 0.7845 -0.4584
vn -0.7105 -0.6834 0.1679
vn 0.7700 0.6194 0.1531
vn 0.4364 -0.0977 -0.8944
vn -0.2630 -0.9648 -0.0027
vn 0.3222 0.8382 -0.4401
vn -0.3712 0.5435 -0.7529
vn -0.3520 -0.9359 -0.0159
vn -0.5378 0.5438 -0.6443
vn -0.0509 0.9889 -0.1394
vn -0.0002 0.0995 -0.9950
vn -0.9514 -0.2387 0.1944
vn 0.8570 -0.3357 0.3909
vn 0.4817 0.8105 -0.3334
vn 0.7326 -0.1694 0.6592
vn 0.5277 0.6101 0.5910
vn -0.3186 0.8661 -0.3851
vn 0.0398 0.4424 0.8960
vn -0.5493 0.8296 0.1000
vn 0.7921 0.0592 0.6075
vn -0.6536 0.2012 0.7296
vn -0.0869 0.2062 0.9747
vn 0.1658 0.8265 -0.5380
vn 0.1140 0.5456 -0.8303
vn 0.2557 -0.8666 -0.4284
vn 0.2277 0.0777 -0.9706
vn 0.3329 0.9409 0.0623
vn 0.4173 -0.7962 -0.4382
vn -0.5199 -0.5421 0.6602
vn 0.1523 -0.5546 0.8180
vn 0.1430 -0.6037 0.7843
vn -0.8314 0.5465 0.1009
vn -0.9647 0.2398 -0.1084
vn 0.5726 -0.4306 0.6977
vn -0.5082 0.8542 0.1102
vn 0.3206 -0.4173 -0.8503
vn 0.5244 0.7189 -0.4562
vn 0.5364 0.5979 -0.5957
vn -0.8156 0.3000 -0.4947
vn -0.9127 -0.2990 0.2785
vn 0.4636 0.8376 -0.2891
vn 0.9049 -0.2029 -0.3741
vn 0.8602 -0.4370 -0.2626
vn 0.3418 0.9361 -0.0828
vn 0.8283 -0.4522 -0.3307
vn 0.8642 0.1344 0.4848
vn 0.5753 0.8100 -0.1134
vn -0.6585 0.7368 0.1533
vn 0.5940 0.7507 -0.2892
vn 0.7780 0.4774 -0.4084
vn -0.5952 0.7554 0.2741
vn -0.6652 0.7340 -0.1370
vn -0.9379 0.2680 -0.2202
vn -0.8984 0.3671 -0.2410
vn -0.9010 0.3621 -0.2391
vn -0.9012 0.3627 -0.2372
vn -0.9211 0.3720 -0.1144
vn -0.9880 0.1467 -0.0487
vn 0.9611 -0.1748 -0.2137
vn -0.9904 -0.1265 -0.0563
vn -0.9986 0.0534 0.0033
vn -0.9659 0.0414 0.2558
vn 0.5330 -0.6553 0.5353
vn 0.9621 0.2547 0.0977
vn -0.4904 0.3612 0.7931
vn 0.4009 -0.1138 -0.9090
vn 0.2875 -0.0244 -0.9575
vn -0.6796 0.6997 -0.2201
vn -0.2534 0.1922 -0.9481
vn -0.0047 0.7326 -0.6807
vn -0.4847 0.4867 0.7267
vn -0.4880 0.6410 -0.5924
vn 0.1926 0.8029 -0.5642
vn 0.1067 0.9043 0.4132
vn -0.0977 0.9861 0.1345
vn -0.0996 0.9881 -0.1169
vn -0.3366 0.9261 0.1703
vn -0.3506 0.9247 0.1483
vn 0.0446 0.9901 0.1333
vn 0.0787 0.9933 -0.0848
vn -0.3318 0.9221 0.1991
vn -0.0923 0.9254 0.3675
vn 0.0708 0.9407 0.3317
vn 0.0867 0.9751 -0.2040
vn -0.1094 0.9171 0.3833
vn -0.0904 0.9314 0.3527
vn -0.3323 0.8297 0.4485
vn -0.2663 0.8108 0.5213
vn -0.8698 0.4587 0.1818
vn -0.7419 0.6691 0.0439
vn -0.6671 0.6741 -0.3169
vn -0.7506 0.4199 0.5102
vn -0.7048 0.4175 0.5735
vn -0.8103 0.5420 0.2229
vn -0.7789 0.4625 0.4237
vn -0.6560 0.6929 0.2991
vn -0.5276 0.4962 0.6895
vn -0.6799 0.5236 0.5134
vn -0.7428 0.5533 0.3769
vn -0.4979 0.7386 0.4545
vn -0.5138 0.8127 0.2750
vn -0.6690 0.6379 0.3816
vn -0.7330 0.6117 0.2977
vn -0.7624 0.4937 0.4184
vn -0.7492 0.6300 0.2044
vn -0.7905 0.5949 0.1455
vn -0.7315 0.6534 0.1950
vn -0.7867 0.5720 0.2322
vn -0.7350 0.6240 0.2652
vn -0.7464 0.6339 0.2027
vn -0.6686 0.6427 0.3741
vn -0.6688 0.6439 0.3716
vn -0.6685 0.6430 0.3736
vn -0.6797 0.6398 0.3588
vn -0.7207 0.6267 0.2963
vn -0.7080 0.6213 0.3359
vn -0.4276 0.8149 0.3913
vn -0.4615 0.7654 0.4485
vn -0.1247 0.0800 -0.9890
vn -0.0689 0.1195 -0.9904
vn 0.2909 -0.9565 0.0211
vn -0.1150 0.6623 -0.7404
vn 0.3391 -0.2558 -0.9053
vn 0.1292 -0.3984 0.9081
vn -0.1421 0.4746 -0.8687
vn 0.0623 -0.1084 -0.9922
vn -0.0247 -0.2266 -0.9737
vn -0.1676 0.4595 -0.8722
vn -0.1277 0.2235 -0.9663
vn -0.2185 0.4492 -0.8663
vn -0.2462 0.3122 -0.9175
vn -0.2633 0.4499 -0.8534
vn 0.2324 0.0233 0.9723
vn -0.5802 -0.7728 0.2571
vn -0.6346 0.7470 -0.1982
vn -0.6607 0.6293 -0.4092
vn -0.6919 0.6526 -0.3089
vn -0.6546 0.7060 -0.2703
vn 0.5506 -0.0619 0.8325
vn 0.4346 0.1995 0.8783
vn 0.1031 0.5783 0.8093
vn 0.0473 0.5403 0.8401
vn -0.9110 0.4120 -0.0182
vn -0.7641 0.5373 -0.3569
vn -0.6926 0.4862 -0.5328
vn -0.0660 0.3311 -0.9413
vn -0.1373 0.4524 -0.8812
vn -0.6577 0.6093 -0.4429
vn -0.0036 0.5685 -0.8226
vn 0.2253 0.4679 -0.8546
vn 0.3696 0.1259 -0.9206
vn -0.0647 0.5354 -0.8421
vn -0.0129 0.5812 -0.8137
vn -0.0439 0.5180 -0.8543
vn 0.0243 0.4585 -0.8884
vn 0.0188 0.6399 -0.7683
vn -0.4439 0.7755 -0.4489
vn 0.0698 0.7151 -0.6955
vn 0.1584 0.9871 -0.0240
vn 0.2909 0.9549 0.0594
vn 0.2041 0.8531 -0.4801
vn 0.0860 0.8714 -0.4830
vn 0.5178 0.6080 0.6018
vn 0.4667 0.8014 0.3740
vn 0.1854 0.9359 0.2995
vn 0.1565 0.7788 0.6074
vn -0.8275 0.5595 0.0466
vn -0.7639 0.6452 0.0147
vn -0.7899 0.6045 0.1031
vn -0.8043 0.5692 0.1709
vn -0.7801 0.6226 0.0610
vn -0.7255 0.6637 0.1818
vn -0.7422 0.6475 0.1731
vn -0.6350 0.7225 -0.2733
vn -0.3878 0.8714 -0.3005
vn -0.3891 0.8938 -0.2231
vn -0.6156 0.7852 -0.0675
vn -0.7997 0.5452 0.2514
vn -0.7586 0.5296 0.3796
vn -0.8497 0.5165 0.1064
vn -0.8214 0.5696 -0.0281
vn -0.8490 0.5266 -0.0433
vn -0.8038 0.5659 -0.1832
vn -0.7567 0.6312 -0.1702
vn -0.0849 0.7361 0.6716
vn 0.1034 0.4116 0.9055
vn -0.3788 0.5398 0.7517
vn -0.5418 0.5782 0.6101
vn 0.4464 0.1898 0.8745
vn 0.4847 0.0017 0.8747
vn -0.4623 0.2782 0.8419
vn -0.2220 0.3868 0.8951
vn 0.4840 -0.1684 0.8587
vn 0.4289 -0.2051 0.8798
vn -0.5497 0.8328 -0.0655
vn -0.7048 0.6886 0.1706
vn -0.0809 0.7858 0.6132
vn -0.0810 0.3182 0.9445
vn -0.3242 0.3617 0.8741
vn -0.4036 0.3998 0.8230
vn -0.1076 0.6776 0.7276
vn -0.1975 0.6300 0.7511
vn -0.2172 0.2790 0.9354
vn -0.2106 0.3437 0.9152
vn -0.2666 0.3510 0.8976
vn -0.1002 0.1064 0.9893
vn -0.3941 -0.9168 -0.0652
vn 0.3469 -0.0769 0.9347
vn 0.4489 -0.1248 0.8848
vn -0.0252 0.3984 0.9169
vn -0.0498 0.3751 0.9256
vn -0.6330 -0.6247 -0.4572
vn -0.5436 -0.8137 0.2060
vn -0.2462 0.3388 0.9081
vn -0.3133 0.4346 0.8444
vn -0.0785 0.6440 0.7610
vn -0.1571 0.2553 0.9540
vn 0.2718 0.9621 -0.0205
vn 0.2741 0.9609 -0.0402
vn 0.0560 0.7500 0.6591
vn 0.2051 0.9686 0.1405
vn 0.3490 0.9312 0.1051
vn -0.1699 0.5273 0.8325
vn -0.0553 0.2985 0.9528
vn -0.1158 0.9928 -0.0307
vn 0.4062 0.8644 -0.2962
vn 0.4148 0.8740 -0.2531
vn 0.0853 0.9045 -0.4178
vn 0.0398 0.9189 -0.3924
vn -0.0007 0.8847 -0.4662
vn -0.0635 0.9282 -0.3666
vn -0.1256 0.7930 -0.5961
vn -0.0980 0.3748 -0.9219
vn -0.1781 0.5287 -0.8299
vn 0.1079 0.9939 0.0227
vn 0.0769 0.9537 0.2908
vn -0.6370 0.4539 0.6230
vn -0.4354 0.4839 -0.7591
vn -0.2664 0.7916 -0.5498
vn 0.0762 0.6120 -0.7872
vn -0.2821 0.4874 -0.8264
vn -0.2417 0.4473 -0.8611
vn -0.1958 0.4146 -0.8887
vn 0.3798 0.8958 -0.2307
vn 0.3156 0.8746 -0.3681
vn 0.3160 0.8747 -0.3676
vn 0.3151 0.8746 -0.3686
vn 0.5057 0.7707 -0.3878
vn 0.4648 0.8308 -0.3063
vn 0.4728 0.8610 -0.1875
vn -0.0258 0.9746 -0.2223
vn 0.0516 0.9790 -0.1974
vn 0.1436 0.9895 0.0153
vn -0.0043 0.9738 -0.2274
vn -0.0215 0.9998 -0.0026
vn 0.1310 0.9854 -0.1092
vn 0.1797 0.9677 0.1768
vn 0.1184 0.9893 -0.0848
vn -0.0835 0.9134 -0.3984
vn -0.2735 0.8307 0.4850
vn -0.2412 0.8682 0.4336
vn -0.1676 0.9155 0.3657
vn -0.0822 0.8188 0.5682
vn -0.6066 0.7678 -0.2060
vn 0.0408 0.6891 -0.7235
vn -0.7260 0.6831 0.0789
vn -0.6871 0.7173 -0.1155
vn -0.6795 0.7333 -0.0227
vn -0.7300 0.6643 0.1606
vn -0.7180 0.6438 0.2646
vn -0.6846 0.7276 0.0436
vn -0.6539 0.7087 0.2649
vn -0.6691 0.6440 0.3710
vn -0.4494 0.7364 0.5057
vn -0.4974 0.8492 0.1774
vn -0.6803 0.7210 0.1319
vn -0.6433 0.7578 0.1089
vn -0.7076 0.6795 0.1939
vn -0.6819 0.7159 0.1500
vn 0.0821 0.9434 -0.3212
vn -0.5747 0.8161 0.0609
vn -0.5369 0.7417 0.4021
vn -0.2069 0.9624 0.1760
vn 0.0222 0.9782 -0.2064
vn -0.6102 0.7191 -0.3325
vn -0.4572 0.7763 -0.4340
vn -0.2623 0.9542 -0.1437
vn -0.0177 0.9730 0.2300
vn -0.0586 0.9943 0.0887
vn 0.1624 0.9697 0.1827
vn -0.0497 0.9981 -0.0368
vn -0.0827 0.9068 -0.4135
vn -0.1508 0.8731 -0.4637
vn -0.5721 -0.7064 0.4168
vn -0.5878 -0.7771 0.2250
vn -0.3173 0.8125 0.4891
vn -0.3175 0.8087 0.4951
vn -0.3167 0.8116 0.4909
vn -0.6393 0.7676 0.0459
vn -0.7751 0.6300 0.0479
vn -0.4901 0.7685 0.4114
vn -0.6351 0.6352 0.4396
vn -0.6287 0.6723 0.3908
vn -0.5946 0.7177 0.3625
vn -0.6554 0.6834 0.3216
vn -0.6207 0.6532 0.4337
vn -0.6769 0.6145 0.4052
vn -0.6759 0.6193 0.3995
vn -0.6758 0.6149 0.4064
vn -0.6749 0.6203 0.3997
vn -0.3293 0.4907 0.8067
vn -0.1639 0.6522 0.7401
vn -0.0910 0.6046 0.7913
vn -0.0712 0.4324 0.8989
vn -0.1047 0.9402 0.3242
vn -0.4396 0.5074 0.7411
vn 0.2579 0.9659 -0.0222
vn 0.1863 0.9694 -0.1601
vn -0.1743 -0.8751 0.4514
vn 0.0705 0.9802 -0.1850
vn 0.4397 0.8938 -0.0879
vn -0.5936 -0.4928 -0.6362
vn -0.3637 0.8717 -0.3283
vn -0.4689 0.8647 0.1800
vn 0.5661 0.0482 0.8229
vn -0.4807 0.8332 0.2733
vn -0.5728 0.8196 -0.0082
vn -0.7089 0.7052 -0.0115
vn -0.5520 0.7665 0.3283
vn -0.6268 0.6936 0.3549
vn -0.7846 0.6144 0.0832
vn -0.6277 0.6617 0.4101
vn -0.6576 0.7520 0.0456
vn -0.8213 0.5614 0.1016
vn 0.1664 0.8940 0.4161
vn -0.2936 0.4824 0.8253
vn 0.1122 0.9597 0.2578
vn -0.0273 0.8443 0.5352
vn 0.0389 0.5781 0.8150
vn -0.5112 -0.8512 -0.1191
vn -0.6877 0.5991 -0.4101
vn -0.6911 0.5991 -0.4043
vn -0.6909 0.5965 -0.4084
vn -0.4552 0.7632 0.4586
vn -0.4634 0.7530 0.4672
vn -0.4682 0.7504 0.4667
vn -0.4687 0.7491 0.4682
vn -0.1654 0.8045 0.5705
vn -0.3989 0.8438 0.3589
vn -0.4769 0.7193 0.5052
vn -0.5710 0.6866 0.4501
vn -0.5595 0.7074 0.4319
vn -0.4674 0.7479 0.4714
vn -0.6659 0.6717 0.3246
vn -0.6286 0.6543 0.4204
vn -0.6592 0.6194 0.4264
vn 0.4887 0.7326 -0.4738
vn -0.6716 0.7396 0.0450
vn 0.9965 0.0510 0.0668
vn 0.9124 0.1967 -0.3590
vn -0.0025 0.7718 -0.6359
vn -0.8774 -0.3897 -0.2797
vn -0.4526 -0.8662 0.2119
vn 0.9607 -0.2052 -0.1867
vn -0.1688 0.9832 0.0701
vn 0.4179 -0.8991 -0.1306
vn -0.9241 -0.3325 0.1883
vn -0.8658 0.4484 -0.2223
vn 0.9463 0.2992 -0.1220
vn -0.6847 -0.2345 0.6901
vn 0.5529 -0.5288 -0.6439
vn -0.5878 -0.7855 -0.1935
vn 0.4291 -0.8481 -0.3108
vn 0.4620 0.8179 0.3429
vn -0.6264 0.7677 0.1351
vn 0.7001 0.5528 0.4519
vn 0.4624 -0.8761 0.1367
vn -0.6510 -0.4045 0.6424
vn 0.4579 0.8759 0.1523
vn -0.4563 -0.5612 0.6906
vn 0.4182 -0.8849 -0.2051
vn -0.7873 0.5958 -0.1583
vn -0.8556 0.4046 0.3228
vn -0.5269 0.5923 -0.6095
vn 0.5451 0.3109 0.7786
vn 0.3657 0.5509 0.7502
vn 0.7905 0.2496 0.5593
vn 0.6280 -0.3001 0.7180
vn 0.6109 0.2767 -0.7418
vn -0.4443 0.8880 -0.1181
vn -0.6562 -0.5344 0.5327
vn -0.8521 0.4330 0.2941
vn 0.1251 0.7684 0.6276
vn 0.6420 0.5038 0.5780
vn 0.7092 0.3919 0.5860
vn 0.1881 0.6286 0.7546
vn -0.8016 0.5611 -0.2065
vn -0.9051 0.1399 -0.4016
vn 0.6577 -0.7531 0.0140
vn 0.5304 -0.8474 -0.0238
vn -0.2281 -0.4377 0.8697
vn 0.6346 -0.5211 -0.5708
vn -0.2045 -0.8418 0.4995
vn -0.8644 -0.4920 -0.1036
vn 0.3008 0.8854 0.3545
vn -0.6999 0.6871 0.1950
vn -0.9261 0.3452 0.1523
vn 0.5561 -0.8147 0.1643
vn 0.6016 -0.7540 0.2638
vn 0.6695 -0.7054 0.2328
vn 0.6664 -0.7348 0.1262
vn -0.2885 0.6628 -0.6910
vn -0.0653 0.6328 -0.7716
vn -0.6238 -0.6388 0.4504
vn -0.0625 0.7852 -0.6161
vn 0.5926 0.6908 -0.4143
vn 0.9073 -0.3651 0.2087
vn 0.5559 -0.5345 0.6366
vn 0.5379 -0.5863 0.6057
vn 0.2965 -0.6990 0.6507
vn -0.6144 0.2817 0.7370
vn 0.3562 -0.2939 -0.8870
vn 0.1232 -0.9748 -0.1859
vn -0.8254 0.2305 -0.5153
vn 0.5101 -0.8119 0.2840
vn -0.6531 0.7535 0.0756
vn -0.1744 -0.5014 -0.8474
vn -0.9968 0.0397 -0.0691
vn 0.8968 0.4365 -0.0726
vn -0.6062 -0.7722 0.1903
vn -0.9086 0.3960 0.1326
vn -0.9429 -0.1925 0.2718
vn -0.7433 -0.4695 0.4766
vn 0.2015 0.2895 -0.9357
vn -0.4005 0.8253 -0.3982
vn 0.2788 0.9592 -0.0470
vn -0.1431 -0.9359 0.3219
vn 0.2397 -0.0454 -0.9698
vn -0.9034 0.3768 -0.2045
vn -0.7117 -0.7023 0.0176
vn 0.7527 0.3444 -0.5611
vn -0.6812 -0.5463 -0.4873
vn 0.1217 0.4849 -0.8660
vn 0.5185 0.0554 0.8533
vn -0.6149 0.6258 -0.4799
vn -0.6340 0.7457 -0.2049
vn -0.6908 0.6087 0.3902
vn 0.1168 0.7880 0.6045
vn 0.1386 0.4072 -0.9028
vn 0.7061 0.0051 0.7081
vn 0.2759 0.0551 -0.9596
vn 0.7536 0.6461 -0.1214
vn 0.6600 -0.7444 -0.1010
vn 0.9006 -0.0200 0.4343
vn 0.7621 0.5763 -0.2951
vn -0.4898 -0.1742 -0.8543
vn -0.8576 0.5142 -0.0085
vn 0.7480 0.6365 -0.1880
vn -0.2146 -0.7515 0.6239
vn -0.9352 0.3517 0.0410
vn 0.3276 0.7671 -0.5516
vn 0.4132 0.8287 0.3776
vn 0.0796 -0.9822 0.1700
vn 0.3205 -0.9472 -0.0099
vn 0.2798 -0.9578 -0.0661
vn 0.3584 -0.9151 0.1850
vn 0.3921 -0.7174 0.5758
vn -0.0248 -0.5305 0.8473
vn 0.3815 -0.2706 0.8838
vn 0.5445 -0.3561 0.7594
vn -0.1696 0.9278 0.3322
vn -0.4667 -0.8474 0.2532
vn -0.9971 -0.0575 -0.0504
vn 0.4961 -0.8556 -0.1481
vn 0.3235 -0.8466 0.4226
vn 0.0349 -0.9630 0.2671
vn 0.0844 -0.9206 0.3813
vn -0.4892 -0.6882 0.5358
vn -0.7169 -0.3786 0.5855
vn -0.2221 -0.8773 0.4256
vn 0.3720 0.9037 -0.2120
vn 0.5195 0.7299 0.4443
vn 0.6867 0.0542 0.7249
vn -0.7265 0.6094 -0.3176
vn 0.8715 0.3343 -0.3587
vn -0.5440 -0.7036 -0.4571
vn -0.2037 0.4845 -0.8507
vn 0.6937 0.6996 0.1713
vn 0.5117 0.8552 -0.0818
vn 0.7919 0.5737 -0.2089
vn 0.4723 0.8776 0.0824
vn 0.5042 0.8517 -0.1427
vn -0.8037 0.5546 0.2157
vn -0.6853 0.7260 0.0573
vn -0.3780 -0.8594 0.3444
vn 0.2682 0.7448 -0.6110
vn 0.9623 0.2720 -0.0024
vn -0.9871 0.1309 0.0926
vn 0.1208 -0.9166 0.3812
vn -0.2443 0.7139 -0.6563
vn -0.7770 0.5294 -0.3407
vn -0.8243 0.5516 -0.1279
vn -0.8932 0.4032 -0.1990
vn -0.6060 0.6957 -0.3856
vn -0.9734 -0.1746 0.1486
vn 0.7181 -0.6061 0.3420
vn -0.5216 0.7582 -0.3913
vn -0.6075 -0.4916 0.6239
vn 0.3922 -0.9161 -0.0836
vn -0.1979 0.9664 -0.1641
vn -0.2533 0.9524 -0.1699
vn -0.2535 0.8763 -0.4097
vn -0.1031 0.9355 -0.3378
vn 0.3071 0.8738 -0.3770
vn 0.2406 0.7303 -0.6394
vn 0.9257 0.3701 -0.0781
vn 0.7707 0.2721 0.5762
vn 0.1430 0.8631 0.4844
vn -0.9425 0.2775 -0.1861
vn 0.0848 0.6248 -0.7762
vn 0.1841 0.8179 -0.5451
vn -0.0367 0.8118 -0.5828
vn 0.0329 0.6675 -0.7438
vn -0.5560 0.7338 -0.3904
vn -0.2083 0.9169 -0.3405
vn -0.4212 0.8937 -0.1546
vn -0.7687 0.6116 -0.1873
vn 0.1535 -0.4088 0.8996
vn 0.7078 0.4436 0.5498
vn -0.9947 0.0796 0.0648
vn -0.8399 0.3026 0.4505
vn -0.8880 0.2168 0.4056
vn -0.9831 -0.0764 0.1661
vn 0.4818 -0.8586 0.1750
vn -0.3312 -0.7245 -0.6045
vn 0.9193 0.2877 0.2686
vn 0.4833 0.8603 0.1625
vn -0.9140 0.0675 -0.4001
vn -0.6175 -0.7288 0.2958
vn 0.5570 -0.6693 0.4917
vn 0.3428 0.4029 -0.8486
vn 0.4552 0.8721 0.1795
vn 0.3979 0.8894 0.2249
vn -0.9184 0.1570 -0.3633
vn -0.7487 0.6629 0.0007
vn -0.4656 0.8385 -0.2829
vn 0.6867 0.7270 0.0005
vn -0.9019 0.3933 0.1788
vn 0.1576 -0.8048 0.5722
vn -0.1603 0.7103 -0.6854
vn 0.1794 0.8907 -0.4177
vn -0.9370 -0.0730 0.3416
vn -0.7697 0.6316 -0.0931
vn -0.6312 0.7636 0.1361
vn -0.5655 0.7327 0.3787
vn -0.6136 0.7214 0.3210
vn -0.6529 0.7482 0.1180
vn 0.8204 -0.4223 0.3855
vn -0.9226 0.3442 -0.1742
vn -0.0272 -0.9640 -0.2645
vn -0.7056 -0.1855 0.6839
vn 0.9741 0.0909 0.2072
vn 0.9060 -0.3876 -0.1701
vn -0.9613 -0.2727 0.0400
vn 0.1446 0.4117 -0.8998
vn 0.3677 -0.8740 0.3175
vn 0.8266 -0.4543 -0.3322
vn 0.4449 0.8265 0.3449
vn 0.9510 0.1037 0.2913
vn 0.4077 -0.7081 0.5766
vn 0.6036 0.7891 0.1137
vn 0.1598 0.9012 0.4028
vn -0.0982 0.9939 0.0502
vn -0.7282 -0.0408 0.6841
vn -0.5921 0.7495 0.2960
vn -0.6656 0.7431 -0.0690
vn 0.0849 -0.9593 0.2694
vn -0.9318 0.0412 0.3607
vn 0.2622 0.2791 0.9238
vn 0.3550 -0.8595 0.3678
vn -0.7931 0.6064 0.0574
vn 0.9890 0.1164 0.0915
vn -0.6825 -0.5945 0.4252
vn -0.5826 -0.2911 0.7588
vn -0.9604 -0.0756 -0.2682
vn -0.4270 -0.8267 0.3663
vn -0.7134 -0.1283 -0.6889
vn 0.4084 0.8938 -0.1856
vn -0.5485 0.5402 0.6383
vn -0.8233 -0.0364 -0.5665
vn -0.6492 0.6049 -0.4611
vn 0.5297 0.7183 0.4511
vn 0.0111 0.1586 -0.9873
vn -0.8081 0.5325 -0.2517
vn 0.9167 0.2847 -0.2806
vn -0.2556 0.4547 -0.8532
vn 0.0053 0.9687 0.2482
vn -0.6460 -0.0541 -0.7614
vn -0.8066 0.1435 0.5734
vn -0.9958 0.0710 -0.0581
vn -0.5023 -0.7492 0.4317
vn -0.6421 -0.7555 0.1301
vn -0.7714 0.3978 -0.4967
vn 0.2997 0.8485 0.4361
vn -0.9765 0.2145 -0.0225
vn 0.5210 0.8465 -0.1096
vn -0.8537 0.3128 -0.4163
vn -0.6183 -0.7859 0.0124
vn -0.7911 0.5572 0.2525
vn -0.9545 -0.2936 0.0529
vn -0.0062 0.1044 -0.9945
vn -0.4120 0.0617 -0.9091
vn -0.7319 0.6636 -0.1549
vn -0.9343 0.1768 0.3097
vn -0.8585 -0.3876 0.3359
vn -0.8737 0.4063 -0.2676
vn -0.8796 0.4583 -0.1273
vn -0.9514 0.2923 -0.0974
vn -0.8991 0.3423 0.2728
vn -0.6666 0.6751 0.3161
vn -0.9306 0.2816 0.2339
vn 0.6853 0.7279 -0.0227
vn -0.3834 -0.9184 0.0980
vn -0.4638 -0.8048 0.3705
vn -0.3903 0.8087 0.4401
vn 0.8814 -0.0195 0.4719
vn 0.4019 -0.5794 -0.7091
vn 0.0206 0.9887 -0.1487
vn -0.5394 -0.8333 0.1213
vn -0.8677 -0.4898 0.0852
vn 0.0590 0.8954 0.4414
vn -0.8205 0.4549 0.3461
vn -0.2405 0.8669 -0.4367
vn 0.5244 0.6941 -0.4932
vn -0.9869 -0.1211 0.1067
vn -0.3110 -0.9099 0.2745
vn -0.3386 -0.9397 0.0479
vn -0.4231 0.6904 -0.5868
vn 0.4153 0.9001 -0.1315
vn -0.3064 -0.9164 0.2577
vn -0.3670 -0.8426 -0.3941
vn -0.6695 0.7386 -0.0793
vn -0.8522 0.2544 0.4572
vn -0.8824 0.4121 -0.2269
vn -0.9977 0.0213 0.0649
vn -0.5825 0.2534 0.7723
vn 0.8918 0.3289 0.3107
vn 0.0822 0.9860 -0.1453
vn -0.9626 0.1678 -0.2129
vn 0.9924 0.1110 0.0528
vn 0.8754 -0.4592 -0.1510
vn -0.4495 0.3501 -0.8218
vn -0.8651 0.2634 -0.4268
vn -0.1488 -0.9848 0.0900
vn -0.2559 -0.9502 0.1776
vn -0.3561 -0.9134 0.1971
vn -0.1036 -0.9707 0.2168
vn 0.2566 0.4470 -0.8570
vn 0.3569 0.6292 0.6904
vn 0.3157 0.7984 0.5128
vn 0.0309 0.9374 0.3470
vn 0.6105 0.7815 -0.1284
vn 0.1922 -0.9120 0.3624
vn -0.7223 -0.6898 -0.0495
vn -0.0386 0.9910 -0.1282
vn -0.3799 -0.9250 0.0035
vn -0.1945 -0.9737 0.1187
vn -0.3710 -0.9204 0.1233
vn -0.4965 -0.8642 0.0816
vn -0.2311 -0.9724 -0.0309
vn 0.8808 0.4732 -0.0185
vn -0.6650 -0.7352 0.1311
vn -0.4162 0.8113 -0.4107
vn -0.7147 -0.5868 -0.3806
vn 0.3846 -0.7121 0.5874
vn 0.2493 -0.9483 0.1963
vn 0.6433 -0.7655 0.0122
vn 0.4306 0.6983 0.5718
vn -0.9148 -0.1083 0.3892
vn -0.5526 0.3261 -0.7670
vn -0.6812 0.1404 -0.7185
vn -0.4898 0.3363 -0.8043
vn -0.3434 0.3152 -0.8847
vn -0.0249 0.5544 -0.8319
vn -0.2429 0.4025 -0.8826
vn -0.1479 0.1750 -0.9734
vn -0.0214 0.4138 -0.9101
vn 0.8561 0.2764 -0.4366
vn -0.1421 0.4736 -0.8692
vn -0.0254 0.4270 -0.9039
vn -0.2557 0.3725 -0.8921
vn -0.1821 0.5592 -0.8088
vn 0.8945 0.4415 -0.0696
vn 0.3572 -0.4019 -0.8432
vn -0.4335 0.0916 0.8965
vn 0.0259 0.5058 -0.8623
vn -0.0606 -0.1368 0.9887
vn 0.7399 0.5820 -0.3373
vn -0.9498 0.0797 0.3025
vn 0.9084 0.3792 0.1762
vn -0.4769 0.7900 0.3854
vn -0.9000 0.3143 0.3021
vn -0.0477 0.9918 0.1188
vn -0.9591 0.2818 0.0272
vn -0.7036 0.7106 0.0099
vn -0.7265 0.6804 -0.0963
vn -0.9175 0.3966 0.0303
vn 0.7818 0.5841 -0.2182
vn 0.9276 0.1909 0.3212
vn -0.8670 0.3058 -0.3934
vn -0.9339 0.3548 -0.0445
vn -0.9432 0.3048 -0.1324
vn 0.7227 -0.6150 0.3154
vn -0.7858 0.6082 0.1124
vn -0.7262 0.6869 0.0291
vn -0.8172 0.5755 0.0317
vn -0.2943 0.9541 -0.0551
vn 0.3560 -0.0365 -0.9338
vn -0.7711 0.6018 -0.2081
vn 0.9731 -0.2127 -0.0886
vn 0.9030 -0.3211 -0.2854
vn 0.8443 -0.5166 -0.1426
vn 0.8965 -0.4281 -0.1143
vn -0.7183 0.6310 0.2932
vn -0.5488 0.7832 -0.2921
vn -0.5812 0.7805 -0.2305
vn -0.9837 -0.0824 -0.1598
vn -0.9519 -0.0519 -0.3021
vn -0.4539 0.5496 0.7014
vn -0.5465 0.6228 0.5599
vn 0.4484 -0.5169 0.7292
vn 0.1964 0.9774 -0.0784
vn -0.1662 -0.5359 0.8278
vn -0.7827 0.4549 0.4248
vn -0.7221 0.4215 0.5486
vn -0.7994 -0.0391 0.5995
vn -0.7952 0.2457 -0.5543
vn -0.8115 0.2935 -0.5053
vn -0.8395 0.2655 -0.4740
vn -0.8399 0.1994 -0.5048
vn -0.0750 -0.3563 -0.9314
vn -0.5769 0.5928 -0.5620
vn 0.2101 0.9533 -0.2169
vn 0.8511 -0.3523 0.3892
vn -0.8903 0.3197 0.3242
vn -0.7966 0.4798 0.3678
vn -0.8317 0.5235 0.1848
vn -0.7018 0.6114 0.3655
vn 0.1731 -0.5293 -0.8306
vn 0.7160 -0.6007 0.3556
vn -0.2404 0.1000 0.9655
vn 0.6218 -0.4794 0.6194
vn 0.3332 0.8866 -0.3209
vn -0.1287 -0.5982 -0.7909
vn 0.1635 0.9629 -0.2146
vn 0.2616 -0.1917 0.9460
vn 0.4070 -0.2905 0.8660
vn 0.2399 -0.3420 0.9086
vn 0.0347 0.8413 -0.5394
vn 0.6176 -0.5358 0.5757
vn 0.0558 0.6547 -0.7538
vn -0.3255 -0.8317 -0.4499
vn -0.0429 0.5367 0.8427
vn 0.3035 -0.0888 0.9487
vn -0.8774 0.4331 -0.2066
vn -0.7793 0.6252 -0.0436
vn -0.6232 0.7441 -0.2405
vn -0.4278 0.6996 -0.5723
vn -0.6085 0.6772 0.4137
vn -0.5153 0.7479 -0.4184
vn -0.4714 0.8225 -0.3182
vn 0.5994 -0.6856 -0.4131
vn -0.7117 0.6793 0.1788
vn -0.6756 0.6967 -0.2412
vn -0.7166 0.6652 0.2096
vn -0.7153 0.6684 -0.2040
vn 0.9701 0.0965 0.2227
vn -0.3119 0.9336 -0.1763
vn -0.5410 0.7687 -0.3413
vn -0.2100 0.7332 0.6467
vn -0.6525 0.7544 -0.0716
vn -0.3698 0.9274 0.0560
vn -0.3986 0.8775 -0.2668
vn -0.5327 0.7945 -0.2917
vn -0.4645 0.8850 0.0315
vn -0.6026 0.7180 -0.3484
vn -0.7081 0.7051 0.0378
vn -0.4344 0.8090 0.3959
vn -0.6434 0.7495 0.1562
vn -0.7399 0.6345 0.2235
vn -0.8100 0.5861 -0.0170
vn -0.7978 0.6016 -0.0410
vn -0.5913 0.6989 0.4024
vn -0.6895 0.7004 -0.1844
vn -0.6914 0.6987 -0.1839
vn -0.1727 0.8681 0.4654
vn -0.3178 0.7191 0.6180
vn -0.4458 0.7460 0.4947
vn -0.3081 0.8708 0.3832
vn -0.6296 0.6807 0.3745
vn -0.4073 0.6695 0.6212
vn -0.4682 0.6582 0.5895
vn -0.7183 0.6543 0.2364
vn 0.4403 0.0817 0.8941
vn 0.7577 -0.1393 0.6376
vn 0.7319 -0.1285 0.6692
vn 0.6236 -0.2306 0.7469
vn 0.7902 -0.1871 0.5835
vn 0.6522 -0.1476 -0.7435
vn 0.9694 -0.0745 -0.2339
vn 0.7251 -0.0335 0.6878
vn 0.7336 -0.0871 0.6740
vn -0.0629 0.8110 0.5816
vn 0.1512 0.4796 0.8643
vn -0.0884 0.4597 0.8837
vn -0.2809 0.5947 0.7533
vn -0.1910 0.6369 0.7469
vn -0.3859 0.7444 0.5450
vn -0.2827 0.6382 0.7161
vn 0.3876 -0.3363 0.8583
vn -0.0613 0.5808 0.8117
vn 0.4459 -0.1615 0.8804
vn 0.5686 -0.4103 0.7129
vn 0.5447 -0.3314 0.7704
vn 0.8792 -0.2500 0.4056
vn 0.9317 -0.2015 0.3022
vn 0.9206 -0.3865 0.0559
vn 0.8820 -0.4141 0.2251
vn 0.7176 -0.4217 0.5542
vn 0.6584 -0.2497 0.7100
vn -0.0602 0.4697 0.8808
vn 0.4879 -0.2393 0.8395
vn 0.5650 -0.2190 0.7955
vn 0.1791 0.1433 0.9733
vn -0.3767 0.6138 0.6938
vn -0.2983 0.5751 0.7618
vn -0.7518 0.6549 -0.0767
vn -0.6343 0.6918 0.3451
vn -0.6659 0.6800 -0.3069
vn -0.6128 0.7842 0.0979
vn -0.2635 0.8124 0.5202
vn -0.1811 0.7250 0.6646
vn -0.1706 0.7256 0.6666
vn -0.1689 0.7256 0.6671
vn -0.1826 0.7247 0.6644
vn -0.2092 0.8187 0.5347
vn 0.6262 0.3344 -0.7043
vn 0.6375 -0.3716 -0.6749
vn 0.9306 0.3556 0.0864
vn -0.4131 0.8945 0.1710
vn -0.5477 0.7818 0.2980
vn 0.8321 -0.4318 -0.3480
vn 0.3026 0.8619 -0.4070
vn -0.7639 0.6274 0.1515
vn -0.6917 0.6741 0.2590
vn -0.7305 0.6787 0.0761
vn -0.6976 0.7144 0.0545
vn -0.6033 0.7485 -0.2753
vn -0.4341 0.8266 -0.3581
vn -0.6340 0.7644 -0.1171
vn -0.6714 0.7363 -0.0840
vn 0.3333 -0.5205 -0.7861
vn 0.5411 -0.5053 -0.6723
vn -0.1853 0.2801 -0.9419
vn 0.0322 0.1179 -0.9925
vn -0.8933 0.4371 -0.1050
vn 0.4875 0.1066 -0.8666
vn -0.1573 0.7075 -0.6890
vn -0.5386 0.7034 -0.4638
vn -0.3023 0.3995 -0.8655
vn 0.7633 -0.3807 -0.5219
vn 0.3279 0.0529 -0.9432
vn -0.3464 0.5462 -0.7627
vn -0.5217 0.7132 -0.4682
vn -0.5741 0.7248 -0.3809
vn -0.7659 0.6430 -0.0053
vn -0.7852 0.5899 0.1884
vn -0.7068 0.7054 0.0523
vn -0.5444 0.8274 0.1379
vn 0.4285 -0.0506 -0.9021
vn -0.7044 0.6940 0.1488
vn -0.3815 0.7407 -0.5530
vn -0.5711 0.7407 0.3538
vn 0.1714 0.7357 -0.6552
vn -0.1900 0.6568 0.7297
vn -0.1677 0.9294 0.3287
vn -0.3680 0.6240 0.6893
vn -0.7347 0.5410 0.4094
vn -0.6265 0.0954 0.7736
vn -0.4328 0.2716 0.8596
vn -0.8431 0.3045 0.4433
vn -0.6542 0.1641 0.7383
vn 0.6218 -0.4309 0.6540
vn -0.7190 0.6336 0.2855
vn -0.7450 0.3962 0.5366
vn -0.8335 0.4781 0.2769
vn -0.8519 0.4884 0.1890
vn -0.8982 0.3910 0.2009
vn -0.7105 0.2145 0.6702
vn -0.6680 0.3173 0.6731
vn -0.7804 0.5407 0.3141
vn -0.0270 0.9955 -0.0912
vn -0.1238 0.8512 -0.5100
vn 0.0843 0.9954 -0.0450
vn -0.8161 0.5764 -0.0404
vn -0.8235 0.4976 0.2723
vn -0.8076 0.5714 0.1459
vn -0.8337 0.5266 -0.1662
vn -0.7993 0.4492 -0.3991
vn -0.7989 0.4488 -0.4004
vn -0.7925 0.4537 -0.4076
vn -0.8262 0.4145 -0.3816
vn 0.4022 0.7507 0.5240
vn 0.6535 0.7549 -0.0553
vn 0.6956 0.7046 -0.1401
vn -0.3989 0.9169 -0.0137
vn -0.0225 0.1778 -0.9838
vn 0.3331 -0.8449 -0.4186
vn -0.0266 -0.9392 0.3424
vn 0.1673 -0.5561 -0.8141
vn -0.0552 0.3354 -0.9405
vn 0.6441 0.7303 0.2277
vn 0.5395 0.7589 -0.3648
vn -0.0881 0.7771 -0.6231
vn -0.0589 0.7733 -0.6313
vn 0.8505 0.5181 0.0905
vn 0.2664 -0.5126 -0.8162
vn -0.5080 0.7606 -0.4043
vn -0.3094 0.6468 -0.6971
vn 0.2608 -0.8679 -0.4229
vn 0.2234 -0.7672 -0.6013
vn 0.1074 -0.7928 -0.5999
vn 0.0977 -0.9156 -0.3899
vn 0.6562 -0.6805 -0.3262
vn 0.7582 -0.5458 -0.3567
vn 0.5661 -0.6611 -0.4923
vn 0.5288 -0.7603 -0.3772
vn 0.3639 -0.7257 -0.5838
vn 0.3914 -0.7962 -0.4614
vn 0.3066 -0.8875 0.3440
vn -0.4105 0.9055 0.1078
vn 0.7496 0.6316 -0.1977
vn 0.8770 0.4702 -0.0993
vn -0.2782 0.8941 -0.3511
vn -0.3803 0.8821 0.2780
vn 0.4917 0.6487 -0.5809
vn -0.3387 0.7712 0.5390
vn 0.8764 0.4091 -0.2542
vn -0.2770 0.9556 0.1008
vn 0.0468 0.5282 -0.8478
vn -0.8155 0.3371 -0.4705
vn -0.8087 0.5159 -0.2825
vn -0.8981 0.3679 -0.2409
vn -0.8718 0.3079 -0.3810
vn 0.1820 0.0081 0.9833
vn -0.3111 -0.1188 -0.9429
vn -0.2914 0.0552 -0.9550
vn -0.4483 -0.2760 -0.8502
vn -0.5770 -0.0357 -0.8160
vn -0.6333 -0.7735 -0.0254
vn -0.4644 -0.8762 -0.1285
vn -0.5254 -0.4306 0.7338
vn -0.2973 0.9540 0.0379
vn -0.6712 0.2648 -0.6924
vn -0.6720 0.2758 -0.6873
vn -0.6710 0.2640 -0.6928
vn -0.6720 0.2767 -0.6869
vn -0.4084 0.4345 -0.8027
vn -0.3070 0.1221 -0.9438
vn -0.2478 0.4633 -0.8508
vn -0.4096 -0.8620 0.2987
vn -0.0745 -0.0302 -0.9968
vn -0.2367 -0.8754 -0.4216
vn -0.1135 0.9468 -0.3010
vn 0.2288 0.6098 0.7588
vn -0.2298 0.9564 -0.1802
vn 0.1681 0.7723 -0.6126
vn 0.8867 0.4449 0.1258
vn 0.8574 0.4980 0.1303
vn 0.4988 0.1671 -0.8504
vn -0.6242 -0.6454 0.4402
vn 0.6610 0.4296 -0.6152
vn -0.9750 0.2222 -0.0072
vn -0.9750 0.2222 -0.0077
vn -0.9749 0.2223 -0.0077
vn -0.9746 -0.1814 0.1317
vn 0.8353 0.3316 -0.4386
vn -0.9509 0.1946 0.2408
vn 0.3588 -0.4246 0.8313
vn 0.4894 0.6957 0.5258
vn -0.9781 0.1992 0.0599
vn -0.9798 0.1894 0.0638
vn -0.9785 0.1972 0.0606
vn -0.0626 0.9393 -0.3374
vn -0.9375 -0.1347 -0.3208
vn -0.9809 0.1031 0.1652
vn -0.6540 -0.5204 0.5490
vn -0.9792 -0.0144 -0.2026
vn -0.8608 0.5063 0.0524
vn -0.6405 0.7574 -0.1270
vn -0.6334 0.7284 0.2611
vn 0.2887 -0.9269 0.2399
vn 0.3321 -0.8040 0.4932
vn 0.2087 -0.9055 0.3694
vn 0.2574 -0.9356 0.2415
vn 0.5885 -0.7915 0.1648
vn 0.2895 -0.8574 0.4255
vn -0.2156 -0.1671 -0.9621
vn -0.1195 -0.5666 0.8153
vn 0.1674 -0.6210 0.7657
vn 0.4455 -0.5778 0.6839
vn 0.3177 -0.4550 0.8319
vn -0.1762 0.9805 0.0874
vn -0.9970 0.0319 0.0712
vn -0.9800 0.1881 0.0644
vn -0.2791 -0.5883 0.7589
vn -0.3991 -0.3839 0.8327
vn 0.1732 -0.3758 0.9104
vn 0.0574 -0.4504 0.8910
vn -0.3097 -0.6086 0.7305
vn -0.4631 -0.5055 0.7280
vn -0.5361 -0.5391 0.6496
vn -0.4452 -0.4091 0.7965
vn 0.5161 -0.7116 0.4768
vn 0.1548 -0.8451 0.5117
vn -0.1104 -0.8351 0.5389
vn 0.3749 -0.7765 0.5064
vn 0.7367 -0.0041 -0.6762
vn 0.6391 -0.7062 0.3046
vn 0.7505 -0.5963 0.2847
vn 0.8058 -0.5515 0.2159
vn 0.7654 -0.6175 0.1811
vn 0.8741 0.1034 -0.4745
vn -0.7792 0.5864 -0.2213
vn -0.1719 0.9619 -0.2128
vn 0.3605 0.5206 -0.7739
vn -0.4633 -0.7341 0.4963
vn 0.6664 0.6465 -0.3715
vn -0.8284 0.3351 -0.4488
vn 0.2720 0.8066 0.5247
vn -0.7783 0.5680 -0.2676
vn 0.3489 0.6340 -0.6902
vn -0.9430 0.2613 -0.2061
vn -0.7150 -0.5288 0.4573
vn 0.4791 0.7362 0.4781
vn 0.6283 0.7008 0.3378
vn -0.7728 0.5640 0.2911
vn -0.7273 0.6670 0.1616
vn -0.9345 0.3487 -0.0713
vn -0.2817 0.6549 -0.7013
vn 0.6666 -0.5547 0.4979
vn 0.8875 -0.0993 -0.4500
vn -0.9727 -0.0795 0.2181
vn 0.8418 0.4599 0.2826
vn 0.7748 -0.5221 0.3564
vn -0.2775 -0.7389 0.6140
vn 0.8696 0.4554 -0.1909
vn -0.2220 -0.7028 -0.6759
vn -0.6213 -0.3197 0.7154
vn 0.7412 -0.5632 0.3652
vn 0.7460 -0.5202 0.4157
vn 0.7759 -0.5051 0.3780
vn 0.8023 -0.5247 0.2845
vn 0.6510 -0.6098 -0.4521
vn 0.6489 -0.6284 -0.4290
vn -0.9404 -0.2833 -0.1879
vn -0.7275 0.6702 -0.1468
vn -0.9449 -0.3231 0.0532
vn -0.9860 -0.0711 0.1510
vn -0.9856 -0.0711 0.1536
vn -0.9860 -0.0711 0.1506
vn -0.6964 -0.6264 0.3503
vn -0.7552 -0.6214 0.2086
vn -0.7915 -0.5689 0.2236
vn -0.7467 -0.2847 0.6011
vn -0.7248 0.6272 0.2852
vn -0.7496 0.6269 -0.2124
vn -0.2480 -0.9636 0.1003
vn -0.9411 -0.0585 0.3331
vn -0.9604 -0.1581 0.2296
vn -0.9642 0.1538 0.2161
vn 0.7488 0.0654 0.6596
vn 0.9708 0.1970 -0.1368
vn 0.4183 -0.9083 -0.0064
vn 0.2382 -0.9592 0.1525
vn 0.3106 -0.9505 0.0121
vn 0.3401 -0.9403 0.0104
vn 0.2713 -0.9606 0.0597
vn -0.8971 0.4259 -0.1173
vn 0.4515 0.8627 -0.2279
vn 0.3657 0.8812 -0.2994
vn 0.8749 0.2685 0.4031
vn -0.0515 -0.8534 -0.5187
vn 0.3252 0.8423 0.4298
vn 0.8069 0.3912 0.4427
vn 0.0285 -0.8417 -0.5393
vn 0.5209 0.6514 0.5516
vn 0.7451 -0.4275 -0.5119
vn 0.8082 -0.5133 -0.2888
vn 0.6557 -0.6450 -0.3924
vn 0.6494 -0.4925 -0.5794
vn 0.4756 -0.8000 -0.3657
vn 0.7863 -0.6112 -0.0905
vn 0.7030 -0.6959 -0.1466
vn 0.6640 -0.7433 -0.0808
vn 0.6238 -0.7545 -0.2042
vn 0.6989 -0.6335 -0.3320
vn 0.3105 -0.4507 0.8369
vn 0.4663 -0.8347 0.2929
vn 0.5244 -0.8141 -0.2494
vn 0.1989 -0.8799 -0.4316
vn -0.4111 -0.8248 -0.3881
vn 0.2354 -0.9547 -0.1821
vn -0.9914 -0.0750 0.1075
vn -0.8078 -0.4675 0.3591
vn -0.9383 -0.1565 -0.3084
vn -0.9494 -0.2770 -0.1483
vn -0.8689 -0.2605 -0.4209
vn -0.8812 -0.3573 -0.3096
vn -0.9116 -0.3952 -0.1130
vn 0.9892 0.1365 -0.0532
vn -0.0829 -0.9914 0.1017
vn -0.9368 -0.1439 0.3189
vn 0.7306 -0.6806 -0.0542
vn -0.9647 -0.1061 -0.2413
vn 0.2327 -0.9483 -0.2157
vn -0.6078 -0.7908 -0.0722
vn -0.9825 -0.1794 0.0490
vn 0.3962 -0.2692 -0.8778
vn 0.5312 -0.1242 -0.8381
vn 0.5202 -0.1705 -0.8369
vn 0.5545 -0.1975 -0.8084
vn 0.4926 -0.2609 -0.8302
vn 0.1662 -0.7675 0.6192
vn 0.4356 -0.4295 0.7910
vn 0.1887 -0.7801 0.5965
vn -0.8786 0.4717 -0.0740
vn -0.8709 0.3587 -0.3359
vn -0.8610 0.3292 -0.3876
vn -0.8441 0.2842 -0.4546
vn -0.8696 0.1427 -0.4727
vn -0.9710 -0.0409 -0.2357
vn -0.9704 0.0559 -0.2349
vn -0.8910 -0.0382 -0.4524
vn -0.8870 -0.1362 -0.4412
vn -0.7922 -0.0490 -0.6083
vn -0.7682 -0.0832 -0.6347
vn -0.7682 -0.0832 -0.6348
vn -0.7666 -0.0835 -0.6366
vn -0.7793 -0.1495 -0.6086
vn -0.8016 -0.1553 -0.5773
vn -0.7293 0.0920 -0.6780
vn -0.6026 -0.1199 -0.7890
vn -0.7668 0.0302 -0.6412
vn -0.7669 0.0302 -0.6410
vn -0.7692 0.0307 -0.6383
vn -0.7320 -0.0804 -0.6766
vn -0.9077 0.1226 -0.4014
vn -0.9458 0.2238 -0.2354
vn -0.9079 0.3097 -0.2825
vn -0.9348 0.2913 0.2033
vn -0.9382 0.3372 0.0779
vn -0.8129 -0.2304 0.5350
vn -0.8752 0.4830 0.0271
vn 0.9148 0.3459 0.2086
vn -0.9658 0.1650 -0.1998
vn -0.9659 0.1652 -0.1995
vn -0.9649 0.1702 -0.2001
vn -0.9709 0.1890 -0.1472
vn -0.9886 -0.0505 -0.1417
vn -0.9983 0.0572 0.0139
vn -0.9886 0.1489 0.0206
vn -0.9585 0.2818 0.0426
vn -0.9506 0.3061 -0.0524
vn -0.9621 0.2706 0.0333
vn -0.8259 -0.5262 -0.2026
vn -0.6376 -0.7433 -0.2023
vn -0.7116 -0.7021 -0.0277
vn -0.8567 -0.5142 -0.0404
vn 0.0671 -0.1688 0.9834
vn -0.3668 -0.9252 -0.0975
vn -0.1028 0.9144 -0.3915
vn -0.3643 -0.2072 -0.9079
vn 0.3771 0.3092 -0.8730
vn 0.2296 0.8955 -0.3812
vn -0.3799 0.7931 -0.4762
vn -0.4045 -0.2622 -0.8762
vn -0.7865 0.5489 -0.2829
vn -0.1806 0.0109 -0.9835
vn -0.3341 -0.1881 -0.9236
vn -0.3319 -0.1845 -0.9251
vn -0.3348 -0.1893 -0.9231
vn -0.3919 -0.8468 -0.3597
vn -0.6909 0.5993 -0.4043
vn -0.3077 0.7019 -0.6424
vn -0.5441 -0.6785 -0.4936
vn -0.7645 0.0298 -0.6439
vn -0.7891 -0.2459 -0.5629
vn -0.6823 -0.4823 -0.5494
vn -0.8344 -0.3728 -0.4060
vn -0.8314 -0.2757 -0.4825
vn -0.5951 -0.6026 -0.5317
vn -0.5046 -0.7240 -0.4702
vn -0.5650 -0.7802 -0.2683
vn -0.7278 -0.5786 -0.3682
vn -0.7154 0.1593 -0.6803
vn -0.5627 -0.7293 -0.3892
vn -0.9994 -0.0266 -0.0226
vn 0.5143 0.8036 -0.2994
vn -0.4297 0.4725 -0.7695
vn 0.9167 0.3771 0.1320
vn -0.0407 0.3278 -0.9439
vn -0.3777 0.5910 -0.7127
vn 0.7505 0.6567 0.0739
vn -0.3248 0.8067 0.4938
vn -0.4866 -0.7192 0.4959
vn -0.7226 -0.6587 0.2097
vn -0.7286 -0.6478 0.2226
vn -0.8829 -0.2429 0.4019
vn -0.8623 -0.4730 0.1807
vn -0.7697 -0.0830 -0.6330
vn -0.5307 -0.0384 -0.8467
vn 0.8911 0.3954 -0.2227
vn 0.1188 0.4712 0.8740
vn -0.9009 0.4324 -0.0372
vn -0.7300 0.6380 0.2452
vn -0.7745 0.6146 0.1499
vn -0.9541 0.2749 -0.1187
vn -0.6381 0.7532 -0.1599
vn -0.6942 0.7192 0.0301
vn -0.6780 0.7225 -0.1357
vn -0.6643 0.6953 -0.2743
vn 0.5581 -0.8274 -0.0628
vn -0.4351 -0.6839 -0.5857
vn -0.7924 0.4428 -0.4195
vn -0.7178 0.3045 -0.6261
vn -0.8014 0.5152 -0.3037
vn -0.8749 0.4089 -0.2596
vn -0.8281 0.3992 -0.3936
vn -0.8756 0.3110 -0.3696
vn -0.8860 -0.2432 -0.3949
vn -0.9207 0.2506 0.2992
vn -0.9524 0.2839 0.1111
vn -0.8983 0.3883 0.2056
vn -0.9547 0.2020 -0.2186
vn -0.7417 0.6221 -0.2506
vn -0.6962 0.6717 -0.2533
vn -0.7778 0.6147 -0.1309
vn -0.8206 -0.0623 -0.5680
vn -0.6955 0.1208 -0.7083
vn -0.7919 0.4551 -0.4071
vn -0.9604 0.1308 -0.2458
vn -0.8838 0.1418 -0.4458
vn -0.8349 0.0410 -0.5489
vn -0.7331 0.4083 -0.5439
vn -0.8790 0.1781 -0.4422
vn -0.6410 0.5724 -0.5113
vn -0.7438 0.3238 -0.5848
vn -0.8921 0.4229 -0.1589
vn -0.8583 0.4686 -0.2090
vn -0.7304 0.4916 -0.4742
vn -0.7540 0.5525 -0.3552
vn -0.4422 -0.7335 -0.5163
vn -0.7823 0.5206 -0.3422
vn -0.6952 0.5943 -0.4043
vn -0.5324 0.7121 -0.4577
vn -0.4506 0.8727 -0.1877
vn -0.5741 0.7965 -0.1898
vn -0.4448 0.8373 -0.3179
vn -0.5591 0.7792 -0.2834
vn -0.5145 0.7822 -0.3514
vn -0.4305 0.8163 -0.3851
vn -0.4928 0.8478 -0.1957
vn -0.7202 0.6735 -0.1668
vn -0.6273 0.7788 -0.0008
vn -0.5655 0.8231 0.0524
vn -0.5319 0.8411 -0.0983
vn -0.5862 0.8093 -0.0359
vn -0.4194 0.8333 -0.3600
vn -0.4112 0.8217 -0.3947
vn -0.3517 0.9009 -0.2543
vn -0.4405 0.8773 -0.1904
vn -0.5489 0.8336 -0.0623
vn -0.6898 0.7232 0.0350
vn -0.0764 0.8284 -0.5549
vn -0.2662 0.5984 0.7557
vn 0.7690 0.4445 0.4595
vn -0.5576 0.7580 -0.3385
vn -0.5123 0.7599 -0.4001
vn -0.4707 0.7349 -0.4882
vn -0.3984 -0.8837 0.2457
vn -0.2996 -0.9241 0.2373
vn -0.3189 0.8312 -0.4555
vn -0.2558 0.9590 -0.1223
vn -0.2933 0.9489 -0.1168
vn -0.3047 0.8481 -0.4334
vn -0.3536 0.8341 -0.4235
vn -0.8714 0.4835 0.0837
vn -0.6885 0.7144 0.1250
vn -0.5657 0.6845 -0.4599
vn -0.5941 0.7577 -0.2701
vn -0.6072 0.6516 -0.4546
vn -0.4462 0.8786 -0.1704
vn -0.4386 0.7523 -0.4916
vn -0.5224 0.8253 -0.2143
vn -0.5624 0.7779 -0.2801
vn -0.5294 0.7154 -0.4560
vn -0.1791 0.9716 -0.1547
vn -0.3335 0.8529 -0.4016
vn -0.2416 0.9278 -0.2843
vn -0.4494 0.7626 -0.4653
vn -0.9429 -0.1602 0.2920
vn -0.8625 -0.4693 0.1893
vn -0.0029 0.6460 -0.7634
vn -0.7845 0.5963 0.1704
vn -0.5532 0.8012 -0.2282
vn 0.5877 -0.4479 -0.6738
vn 0.7793 -0.5998 -0.1815
vn -0.6868 0.6457 0.3337
vn 0.4829 0.5367 0.6919
vn 0.4971 0.1087 -0.8608
vn -0.7771 0.4009 -0.4853
vn -0.8699 0.2376 -0.4323
vn -0.7584 0.4297 -0.4900
vn -0.8556 0.3603 -0.3717
vn -0.8895 0.3121 -0.3337
vn -0.7556 0.4070 -0.5132
vn 0.2184 0.9249 -0.3112
vn 0.6774 0.6613 -0.3221
vn -0.4110 0.8010 -0.4354
vn -0.7610 -0.4595 -0.4579
vn -0.0917 0.7458 -0.6599
vn -0.1212 0.8250 -0.5521
vn -0.4483 0.5859 0.6751
vn -0.4838 0.6340 0.6033
vn -0.2979 0.5816 0.7570
vn -0.3704 0.4980 0.7841
vn 0.6346 -0.6331 -0.4432
vn -0.8277 0.2148 -0.5184
vn -0.5613 0.6318 -0.5346
vn -0.6280 0.5965 -0.4997
vn -0.7491 0.6199 -0.2339
vn -0.6364 0.6178 -0.4618
vn -0.7727 0.4495 -0.4481
vn -0.8221 0.4462 -0.3535
vn -0.6203 0.6614 0.4216
vn -0.7413 0.6689 0.0544
vn -0.8349 0.5392 -0.1106
vn -0.7147 0.6899 0.1151
vn -0.7789 0.6031 -0.1722
vn -0.8297 0.4637 -0.3108
vn -0.0313 -0.1118 -0.9932
vn -0.0393 0.8728 0.4864
vn -0.4345 0.7565 -0.4888
vn -0.4722 -0.3354 -0.8152
vn -0.3992 -0.5163 -0.7577
vn 0.7911 0.6013 -0.1122
vn -0.1190 0.9887 -0.0907
vn -0.1669 0.9129 -0.3725
vn -0.5175 0.7774 -0.3576
vn -0.4035 0.8703 -0.2825
vn -0.2318 0.5334 0.8135
vn -0.1740 0.4710 0.8648
vn -0.6520 -0.2840 -0.7031
vn -0.6518 -0.2866 -0.7021
vn -0.6520 -0.2843 -0.7029
vn -0.6503 0.6351 -0.4170
vn -0.5798 0.8146 0.0183
vn -0.8513 0.4996 -0.1601
vn -0.7970 0.5122 -0.3200
vn -0.8134 0.4643 -0.3503
vn -0.8960 0.3837 -0.2237
vn -0.9118 0.3447 -0.2230
vn -0.7933 0.4321 -0.4290
vn -0.7272 0.4980 -0.4724
vn -0.7976 0.5460 -0.2564
vn -0.9446 0.1771 -0.2765
vn -0.8976 0.4381 -0.0486
vn -0.8905 0.3538 -0.2861
vn -0.9411 0.2406 -0.2375
vn -0.9279 0.3707 0.0390
vn -0.9837 0.1794 0.0114
vn -0.9287 0.3702 -0.0224
vn -0.9235 0.3802 -0.0518
vn 0.7014 0.5837 0.4090
vn -0.9660 0.1650 -0.1991
vn -0.9431 0.2439 -0.2259
vn -0.9754 0.1256 -0.1812
vn -0.9622 0.2265 -0.1511
vn 0.7379 0.6634 -0.1237
vn 0.2252 0.4620 0.8578
vn 0.7883 0.4857 -0.3776
vn 0.0776 -0.6015 0.7951
vn 0.6339 0.7668 -0.1014
vn -0.6716 0.6815 -0.2907
vn -0.7334 0.4709 -0.4903
vn -0.6960 -0.1323 -0.7057
vn -0.4948 0.7935 -0.3544
vn -0.7946 0.5892 0.1465
vn 0.4332 -0.8794 0.1975
vn -0.4704 -0.0041 -0.8825
vn -0.4920 0.1951 -0.8485
vn -0.2768 0.5801 -0.7661
vn -0.3148 0.2323 -0.9203
vn -0.6545 0.6075 -0.4500
vn -0.6196 0.7182 -0.3166
vn -0.4718 0.7866 -0.3984
vn -0.4333 0.7726 -0.4640
vn -0.6121 0.5617 -0.5566
vn -0.6525 0.4353 -0.6203
vn -0.5429 0.5271 -0.6537
vn -0.5101 0.5202 -0.6850
vn -0.8071 0.3239 -0.4937
vn -0.6517 -0.2871 -0.7020
vn -0.6858 0.6026 -0.4081
vn -0.5664 0.7606 -0.3173
vn -0.5925 0.6774 -0.4359
vn -0.9565 0.2683 -0.1143
vn -0.8108 0.4099 -0.4178
vn 0.4987 0.5928 0.6324
vn 0.6018 0.7468 0.2831
vn -0.6707 0.6398 -0.3753
vn -0.0988 0.8222 0.5606
vn -0.5290 -0.8458 -0.0696
vn -0.0687 0.5921 0.8029
vn 0.1611 -0.9137 0.3731
vn -0.6684 0.1579 -0.7268
vn -0.9691 0.1575 0.1899
vn -0.7046 -0.6782 0.2089
vn -0.3577 0.8583 -0.3678
vn -0.7052 -0.6676 0.2388
vn -0.6745 -0.6864 0.2719
vn -0.6383 -0.6777 0.3650
vn -0.6734 -0.6329 0.3820
vn -0.7119 0.4011 -0.5765
vn -0.5253 -0.6805 0.5108
vn 0.1256 -0.9069 -0.4022
vn -0.1870 0.9368 -0.2957
vn 0.0049 0.9137 -0.4064
vn 0.7022 -0.3115 0.6402
vn -0.1467 -0.8597 0.4894
vn 0.3867 0.8761 0.2880
vn -0.1842 -0.9138 0.3621
vn -0.8885 -0.4228 0.1785
vn -0.9765 0.1926 0.0972
vn -0.1100 0.9292 -0.3529
vn -0.0412 -0.9813 0.1882
vn -0.3809 0.9223 0.0658
vn -0.0160 -0.5611 0.8276
vn 0.9845 0.1442 0.1002
vn -0.0775 -0.4692 0.8797
vn 0.1375 0.5209 -0.8425
vn 0.2620 -0.4269 0.8655
vn -0.1807 -0.0847 0.9799
vn 0.1213 -0.1677 0.9784
vn -0.1518 0.5085 0.8476
vn -0.0610 -0.1823 0.9813
vn -0.5485 0.2328 -0.8031
vn -0.9358 0.1960 -0.2932
vn -0.9088 -0.1244 0.3984
vn -0.9746 -0.2221 0.0297
vn -0.7845 0.3882 -0.4837
vn -0.7015 0.7115 0.0411
vn 0.7015 -0.3948 0.5933
vn -0.2873 -0.1555 0.9451
vn 0.3174 0.4663 -0.8257
vn 0.1942 0.5416 -0.8179
vn -0.5212 -0.8349 0.1768
vn -0.6422 -0.7265 0.2445
vn -0.8230 0.5597 0.0968
vn -0.9658 0.0775 0.2476
vn -0.9347 -0.1518 0.3213
vn -0.5115 -0.5182 0.6855
vn -0.9855 -0.0711 0.1540
vn -0.9620 0.2631 0.0723
vn -0.5476 -0.5912 -0.5921
vn -0.9747 0.0572 0.2161
vn -0.3582 0.6234 0.6950
vn 0.2887 -0.7495 -0.5958
vn 0.1880 0.8636 -0.4678
vn -0.5476 -0.8353 -0.0498
vn 0.3368 0.7750 -0.5347
vn -0.9031 -0.4236 0.0699
vn 0.7972 0.6037 0.0006
vn 0.4054 0.9002 -0.1592
vn -0.9110 -0.2435 0.3328
vn -0.7415 -0.6686 0.0560
vn 0.2533 -0.9594 0.1240
vn 0.7827 0.5789 -0.2285
vn 0.7369 0.4038 -0.5421
vn -0.8049 -0.5917 0.0438
vn 0.3065 0.9357 -0.1750
vn -0.2470 -0.4481 0.8591
vn -0.2624 -0.1113 0.9585
vn 0.1908 -0.0816 0.9782
vn -0.9756 0.2194 0.0041
vn 0.1504 -0.1599 -0.9756
vn 0.1348 -0.9567 -0.2580
vn -0.1658 0.6560 -0.7364
vn 0.2155 0.7823 -0.5845
vn 0.4250 -0.3375 -0.8399
vn 0.7588 0.6505 -0.0323
vn 0.4254 0.8967 0.1228
vn 0.3432 0.9066 0.2454
vn 0.2135 -0.9179 -0.3345
vn 0.1667 0.7774 -0.6065
vn 0.1672 -0.4395 -0.8825
vn 0.0927 0.6038 -0.7917
vn 0.7842 -0.0281 -0.6199
vn 0.2771 0.7763 -0.5662
vn 0.1937 -0.8229 -0.5341
vn 0.5294 0.7440 -0.4077
vn 0.0422 0.5751 -0.8170
vn 0.0781 0.6688 -0.7394
vn -0.0492 0.7482 -0.6617
vn -0.0127 0.7220 -0.6918
vn 0.2921 -0.7000 -0.6517
vn 0.0678 -0.9122 -0.4040
vn 0.2292 -0.8250 -0.5165
vn 0.4095 -0.4747 -0.7790
vn 0.0500 -0.9071 -0.4180
vn 0.1724 -0.8699 -0.4621
vn 0.4330 0.8685 0.2413
vn 0.5018 -0.5312 -0.6827
vn 0.2696 -0.7137 -0.6465
vn -0.0680 0.7519 -0.6558
vn 0.0883 -0.9514 -0.2950
vn -0.2744 0.9210 -0.2765
vn 0.1039 -0.9772 -0.1854
vn 0.4410 -0.8613 -0.2523
vn 0.1437 -0.8612 -0.4875
vn -0.1112 0.7504 -0.6516
vn 0.1369 0.9493 0.2829
vn 0.0619 -0.9361 -0.3463
vn 0.1932 0.5402 -0.8191
vn 0.2175 0.1430 -0.9655
vn 0.9680 0.0125 -0.2506
vn 0.5299 0.8392 0.1223
vn 0.4394 0.8857 0.1500
vn 0.2265 -0.8214 -0.5235
vn 0.3756 0.8950 -0.2407
vn 0.1179 -0.9355 -0.3330
vn 0.1800 -0.8878 -0.4235
vn 0.1398 0.9418 0.3058
vn -0.2447 0.8688 -0.4305
vn -0.1395 0.8710 0.4710
vn 0.1627 -0.8641 -0.4763
vn 0.0714 0.5955 -0.8002
vn -0.0006 0.5840 -0.8118
vn -0.1263 0.6117 -0.7809
vn 0.1577 -0.8364 -0.5249
vn 0.1672 -0.2084 -0.9636
vn -0.1172 0.7050 -0.6994
vn 0.8826 0.4485 -0.1410
vn -0.2788 0.7596 -0.5876
vn 0.9048 0.4242 -0.0359
vn 0.9845 -0.1606 0.0706
vn 0.3781 -0.9046 -0.1968
vn 0.4116 0.9090 0.0661
vn 0.9881 0.1534 -0.0110
vn 0.8865 0.2103 0.4121
vn -0.2043 -0.7783 -0.5937
vn -0.4253 -0.4566 -0.7814
vn 0.3875 -0.9114 0.1385
vn 0.6123 -0.7900 -0.0323
vn 0.7918 -0.5885 -0.1634
vn 0.8761 -0.2930 -0.3829
vn 0.8851 -0.2636 -0.3836
vn 0.9660 -0.1017 -0.2376
vn 0.7591 -0.5501 0.3482
vn 0.5256 0.8475 0.0736
vn 0.3737 0.8732 -0.3127
vn 0.5409 0.7982 -0.2652
vn 0.8969 0.2488 0.3656
vn 0.9618 0.1763 0.2094
vn 0.9620 0.1717 0.2122
vn 0.9619 0.1755 0.2097
vn 0.6945 0.3067 0.6509
vn 0.1564 0.3748 0.9138
vn 0.7569 0.6205 0.2054
vn 0.2928 0.1680 0.9413
vn 0.6200 0.3983 0.6760
vn 0.7247 0.2296 0.6497
vn 0.7275 0.1999 0.6564
vn 0.9620 0.1708 0.2129
vn 0.8350 0.4779 0.2726
vn 0.1782 0.9046 -0.3872
vn 0.8907 0.1529 0.4282
vn 0.7063 0.3433 0.6192
vn 0.7092 0.6973 0.1039
vn 0.8042 0.5856 0.1014
vn 0.8246 0.5589 -0.0873
vn 0.9345 0.3458 0.0842
vn 0.7089 0.5551 0.4352
vn 0.7628 0.6192 -0.1863
vn 0.7168 0.6929 0.0785
vn 0.5804 0.7549 0.3053
vn 0.2397 0.4899 0.8382
vn 0.4068 0.5154 0.7542
vn 0.7645 0.2515 0.5935
vn 0.8401 0.1724 0.5144
vn 0.7346 0.2819 0.6172
vn 0.9109 -0.0790 0.4051
vn 0.9190 -0.0023 0.3942
vn 0.7646 0.0525 0.6424
vn 0.8367 0.4874 0.2498
vn 0.7971 0.3412 0.4982
vn 0.5981 0.6668 0.4446
vn 0.0224 0.9538 0.2995
vn 0.3361 0.4155 0.8452
vn 0.4273 0.4425 0.7884
vn 0.7200 0.2884 0.6312
vn 0.5828 0.8113 -0.0457
vn 0.0222 0.1404 0.9899
vn -0.0909 0.9065 0.4123
vn 0.5409 0.8410 -0.0135
vn 0.4355 0.7004 0.5655
vn 0.1182 0.9348 -0.3350
vn 0.1164 0.9352 -0.3344
vn 0.1200 0.9342 -0.3359
vn 0.4289 0.4164 0.8017
vn 0.7867 0.6011 0.1408
vn 0.6142 0.1836 0.7675
vn 0.9453 0.3232 0.0442
vn 0.7595 0.4297 0.4884
vn 0.7272 0.6834 -0.0644
vn 0.8661 0.4598 0.1959
vn 0.9677 0.2521 -0.0050
vn 0.9230 0.3804 0.0582
vn 0.9713 0.2281 0.0677
vn 0.7650 0.5990 0.2364
vn 0.3779 0.8317 0.4068
vn 0.5921 0.7139 0.3740
vn 0.3217 0.9339 0.1561
vn 0.5494 0.8333 0.0609
vn 0.6244 0.7710 0.1251
vn 0.4480 0.8791 -0.1630
vn 0.5413 0.8218 -0.1778
vn 0.2631 -0.9493 0.1723
vn -0.2299 0.7155 0.6597
vn 0.7751 -0.3143 0.5480
vn 0.4606 0.2445 0.8533
vn 0.8146 0.3989 0.4210
vn 0.0214 0.6933 -0.7203
vn 0.7794 0.3717 0.5043
vn 0.6060 0.4222 0.6742
vn 0.6162 0.7867 -0.0379
vn 0.3642 0.8890 -0.2776
vn 0.5907 0.7345 0.3340
vn 0.7583 0.6032 0.2474
vn 0.7590 0.6013 0.2497
vn 0.6620 0.6867 0.3002
vn 0.4575 0.7874 -0.4132
vn 0.1016 0.3502 0.9312
vn 0.7071 -0.6578 0.2594
vn 0.0484 0.4657 0.8836
vn 0.0872 0.4392 0.8941
vn 0.5678 0.8169 -0.1013
vn 0.9096 0.2243 0.3497
vn 0.2112 0.2759 0.9377
vn 0.0417 0.8288 0.5580
vn 0.0764 0.9473 0.3110
vn 0.1164 0.9353 -0.3341
vn 0.1476 0.4385 0.8865
vn -0.3111 0.7418 -0.5941
vn 0.3778 -0.7764 0.5045
vn 0.1275 0.5896 0.7975
vn 0.2075 0.4661 -0.8601
vn 0.1097 0.6028 -0.7903
vn 0.7746 0.4573 -0.4369
vn 0.8902 0.3758 -0.2575
vn 0.5728 0.6313 0.5229
vn 0.8622 0.3131 -0.3981
vn 0.2482 0.0501 -0.9674
vn 0.7528 0.6228 0.2129
vn 0.2339 0.9536 0.1896
vn 0.9729 0.2262 -0.0483
vn 0.6399 0.7672 -0.0448
vn -0.1227 0.9883 -0.0908
vn 0.8401 0.5407 -0.0425
vn -0.5774 -0.5091 -0.6383
vn 0.8370 -0.5195 0.1718
vn 0.7687 0.6243 0.1389
vn -0.0048 -0.2382 -0.9712
vn 0.2614 0.8355 -0.4834
vn 0.6190 -0.7758 -0.1222
vn 0.7610 0.3528 -0.5444
vn 0.4979 0.8620 -0.0956
vn 0.3926 0.8952 0.2110
vn 0.6391 0.7491 0.1744
vn 0.2213 0.1964 0.9552
vn 0.6757 0.4122 0.6112
vn 0.7357 0.1991 0.6473
vn 0.2228 0.4441 0.8678
vn 0.7050 0.5101 0.4927
vn 0.1288 0.0956 0.9871
vn 0.8784 0.3783 0.2920
vn 0.7358 0.6771 -0.0106
vn 0.1610 0.3604 0.9188
vn 0.5372 0.4170 0.7331
vn -0.2926 -0.5389 -0.7899
vn -0.2393 0.3871 -0.8904
vn 0.9622 0.2205 -0.1596
vn 0.8069 0.4923 0.3264
vn 0.8151 0.4786 0.3264
vn 0.0430 -0.3194 -0.9466
vn -0.7457 0.6655 -0.0316
vn -0.8479 -0.4536 -0.2744
vn -0.7669 -0.4985 -0.4041
vn -0.3425 -0.9238 -0.1709
vn -0.7886 0.6123 0.0564
vn -0.9573 0.2891 -0.0022
vn -0.5394 -0.8248 -0.1697
vn -0.1495 -0.9785 -0.1422
vn -0.1511 0.9360 0.3180
vn -0.1707 0.6495 -0.7409
vn -0.1507 0.7260 -0.6710
vn -0.3603 -0.0901 -0.9285
vn 0.0564 -0.8947 -0.4430
vn -0.2516 -0.5093 -0.8230
vn 0.0187 -0.7631 -0.6460
vn -0.4776 -0.1279 -0.8692
vn -0.3712 0.5426 -0.7535
vn -0.5212 0.5289 -0.6698
vn -0.1229 -0.6346 -0.7630
vn -0.0601 -0.1282 -0.9899
vn 0.0067 -0.4346 -0.9006
vn -0.0167 -0.5213 -0.8532
vn 0.0142 -0.8632 -0.5047
vn -0.0292 -0.4176 -0.9082
vn -0.2450 0.5111 -0.8239
vn -0.8237 0.5278 -0.2072
vn -0.3783 -0.1138 -0.9187
vn 0.0503 -0.9621 -0.2681
vn -0.0427 -0.9653 -0.2577
vn -0.2610 0.7668 -0.5864
vn -0.2310 0.7881 -0.5705
vn -0.3234 0.7384 -0.5917
vn -0.2584 -0.4355 -0.8623
vn -0.5145 0.1805 -0.8383
vn -0.8285 0.5585 0.0403
vn -0.6125 0.7838 0.1027
vn -0.6167 0.7779 0.1202
vn -0.4791 0.8691 0.1232
vn -0.0645 0.6562 -0.7519
vn -0.0548 0.7430 -0.6670
vn -0.9045 0.0694 -0.4209
vn -0.9685 -0.0597 -0.2419
vn -0.8103 0.5854 -0.0271
vn -0.6804 0.5778 -0.4508
vn -0.8706 0.0889 -0.4838
vn -0.2664 -0.0091 -0.9638
vn -0.3407 -0.8192 -0.4614
vn -0.1972 -0.8822 -0.4277
vn -0.1293 -0.9165 -0.3786
vn -0.1390 -0.9148 -0.3792
vn -0.1302 -0.9164 -0.3785
vn -0.6507 0.7511 0.1116
vn -0.6603 0.7471 0.0765
vn -0.6370 0.7699 -0.0392
vn -0.0714 -0.8311 -0.5515
vn -0.4136 -0.5898 -0.6936
vn -0.2151 0.6000 -0.7706
vn -0.1099 0.7135 -0.6920
vn -0.1015 0.8211 -0.5617
vn -0.1514 0.8538 -0.4980
vn -0.0250 0.6891 -0.7242
vn 0.1331 -0.8880 -0.4402
vn -0.3111 -0.7369 -0.6002
vn -0.1181 -0.7894 -0.6024
vn 0.0079 -0.8907 -0.4546
vn -0.3284 -0.5089 -0.7957
vn -0.3199 -0.5132 -0.7964
vn -0.2725 -0.7886 -0.5513
vn -0.0773 -0.8748 -0.4782
vn -0.0399 -0.9658 -0.2562
vn -0.0148 -0.9670 -0.2542
vn -0.5910 0.7709 0.2375
vn -0.1072 0.9426 0.3163
vn 0.1923 0.5624 -0.8042
vn 0.0195 0.8797 -0.4751
vn -0.0082 0.9899 0.1414
vn -0.1191 0.9163 0.3823
vn -0.2162 0.9174 0.3340
vn -0.0390 -0.9991 -0.0168
vn 0.0960 0.6937 -0.7138
vn 0.1151 0.8424 -0.5265
vn -0.2058 0.9178 -0.3394
vn -0.0056 -0.9022 -0.4314
vn -0.1397 -0.9146 -0.3796
vn -0.1838 -0.9749 0.1256
vn -0.3626 -0.9225 0.1325
vn -0.6082 -0.7938 -0.0094
vn -0.8190 -0.5371 -0.2019
vn -0.8492 -0.5257 -0.0492
vn -0.9575 -0.2843 0.0482
vn -0.9585 0.2845 0.0154
vn -0.7332 0.6654 -0.1402
vn -0.6272 0.7619 -0.1618
vn -0.8308 0.5555 -0.0333
vn -0.6770 0.7070 0.2048
vn -0.1194 0.4992 -0.8582
vn -0.0191 -0.9856 0.1679
vn 0.6610 0.4017 -0.6338
vn -0.7755 -0.6007 0.1943
vn 0.8907 0.1317 0.4351
vn 0.4921 0.8685 -0.0591
vn -0.2077 0.4533 0.8668
vn 0.5618 0.3858 0.7318
vn 0.1349 0.9270 0.3501
vn 0.5456 0.8147 0.1964
vn 0.7241 0.6692 0.1670
vn 0.4719 -0.8811 -0.0332
vn 0.9571 0.2879 -0.0327
vn -0.7802 0.4914 -0.3870
vn -0.4554 0.4270 -0.7812
vn -0.2757 0.9114 -0.3055
vn -0.9847 0.0451 0.1685
vn -0.9849 0.0504 0.1654
vn -0.9845 0.0436 0.1698
vn -0.9139 0.0823 0.3975
vn -0.7911 0.2091 0.5748
vn -0.8392 0.1863 0.5109
vn -0.6875 0.2314 0.6883
vn -0.6106 0.2002 0.7662
vn -0.4649 0.2665 0.8443
vn -0.1462 0.4235 0.8940
vn -0.1918 0.9303 0.3126
vn -0.5776 0.7138 0.3961
vn -0.7260 0.6373 0.2584
vn -0.8124 0.5522 0.1873
vn -0.8738 0.4585 0.1620
vn -0.0966 0.0745 0.9925
vn -0.3101 -0.0928 0.9462
vn -0.4548 -0.0081 0.8906
vn -0.6351 0.1592 0.7558
vn -0.7353 0.2018 0.6470
vn -0.7920 0.1303 0.5964
vn -0.8084 0.1441 0.5708
vn -0.7438 0.1144 0.6585
vn -0.9017 0.0316 0.4312
vn -0.9865 0.0461 0.1569
vn -0.9867 0.0455 0.1563
vn -0.4376 0.8808 -0.1809
vn -0.5157 0.8350 -0.1920
vn -0.7169 0.6937 -0.0690
vn -0.8247 0.5533 0.1172
vn -0.9051 0.3950 0.1575
vn -0.9305 0.3550 -0.0906
vn -0.9130 0.3972 0.0933
vn -0.9154 0.3919 0.0923
vn -0.9133 0.3964 0.0936
vn -0.8345 0.4844 0.2627
vn -0.8625 0.4925 -0.1162
vn -0.7786 0.6248 0.0585
vn -0.7432 0.6505 0.1563
vn -0.2250 0.1658 0.9601
vn -0.3611 0.2538 0.8973
vn -0.4843 0.3313 0.8097
vn -0.6505 0.3268 0.6857
vn -0.7453 0.2118 0.6322
vn -0.8103 0.1743 0.5595
vn -0.7826 0.0785 0.6175
vn -0.8475 0.0606 0.5273
vn -0.9128 -0.1195 0.3905
vn -0.7376 -0.5099 0.4427
vn -0.8370 -0.2987 0.4584
vn -0.6979 -0.1716 0.6953
vn -0.8851 0.2062 0.4172
vn -0.7931 0.2022 0.5745
vn -0.6152 0.0411 0.7873
vn -0.5490 0.0882 0.8311
vn -0.4562 0.2142 0.8637
vn -0.3485 0.3588 0.8659
vn -0.3021 0.3902 0.8698
vn -0.1756 0.3966 0.9010
vn -0.0731 0.0788 0.9942
vn -0.2173 0.2066 0.9540
vn -0.1371 -0.0092 0.9905
vn -0.1346 0.8443 0.5186
vn -0.3830 0.1730 0.9074
vn -0.0333 0.8452 -0.5335
vn -0.6716 0.6776 0.2996
vn -0.2254 0.6938 0.6840
vn -0.5509 0.5110 0.6598
vn -0.6984 0.3113 0.6445
vn -0.7788 0.3580 0.5151
vn -0.9222 0.3850 0.0368
vn -0.7734 0.6339 -0.0081
vn -0.8486 0.5290 -0.0054
vn -0.9424 0.3346 0.0011
vn -0.9692 0.2398 0.0564
vn -0.9486 0.3080 0.0722
vn -0.8294 0.5256 0.1893
vn -0.6974 0.7167 -0.0052
vn -0.5695 0.7774 0.2670
vn -0.6499 0.6637 0.3704
vn -0.7078 0.6694 0.2257
vn -0.7962 0.5835 0.1604
vn -0.7382 0.6463 0.1934
vn -0.7311 0.6407 0.2346
vn -0.8574 0.4998 0.1229
vn -0.8912 0.4424 0.0998
vn -0.9134 0.3844 0.1340
vn -0.8995 0.2356 0.3680
vn -0.7912 0.6036 0.0982
vn -0.7252 0.1793 0.6648
vn -0.8511 0.2117 0.4805
vn -0.7599 0.5812 0.2913
vn -0.8543 0.4303 0.2914
vn -0.8864 0.3371 0.3172
vn -0.9756 0.1633 0.1464
vn -0.9409 0.3352 0.0489
vn -0.9519 0.3013 0.0559
vn -0.9638 0.2542 0.0806
vn -0.9643 0.2632 0.0287
vn -0.9680 0.2467 0.0458
vn -0.9839 0.1765 0.0265
vn -0.9776 0.2102 0.0120
vn -0.9930 0.0740 0.0925
vn -0.9871 0.1559 0.0358
vn -0.9875 0.0835 0.1338
vn -0.9930 0.0474 0.1082
vn -0.9876 0.1423 0.0661
vn -0.9835 0.1802 0.0188
vn -0.9582 0.2847 0.0277
vn -0.1738 0.9825 -0.0673
vn -0.4678 0.8799 -0.0827
vn -0.7323 0.6725 0.1071
vn -0.7848 0.6155 0.0722
vn -0.8144 0.5764 0.0671
vn -0.9298 0.3657 0.0419
vn -0.9157 0.3912 0.0917
vn -0.8341 0.5511 0.0239
vn -0.8281 0.4499 0.3344
vn -0.9465 0.3030 0.1111
vn -0.2296 0.9214 -0.3135
vn -0.1231 0.9588 -0.2559
vn -0.1210 -0.1982 0.9727
vn 0.4123 0.6695 0.6178
vn 0.1576 -0.8205 -0.5494
vn 0.2102 0.7198 0.6616
vn 0.6464 0.7615 0.0480
vn 0.0753 0.9956 -0.0565
vn 0.8794 0.3745 -0.2940
vn 0.3445 0.6391 0.6876
vn 0.2285 0.7599 0.6086
vn 0.5739 0.7901 -0.2151
vn 0.0761 0.9960 0.0467
vn 0.2938 0.9530 0.0734
vn 0.4241 0.8880 0.1775
vn -0.3319 -0.8348 -0.4392
vn 0.9624 0.2531 -0.0989
vn 0.8728 0.4850 -0.0538
vn 0.1527 0.5636 -0.8118
vn -0.1048 -0.8862 0.4512
vn -0.4653 -0.8743 0.1384
vn 0.7049 0.5451 0.4538
vn 0.8705 0.2758 -0.4076
vn 0.8407 0.1383 -0.5235
vn 0.7034 0.7108 -0.0048
vn 0.2812 0.4906 -0.8248
vn -0.3454 0.8450 0.4082
vn -0.5218 -0.8014 0.2924
vn -0.6199 -0.7587 0.2001
vn -0.6483 -0.6301 0.4273
vn 0.0267 0.8880 -0.4591
vn -0.0447 -0.9990 -0.0083
vn 0.9353 0.0930 -0.3414
vn 0.7062 0.5006 -0.5007
vn -0.6152 -0.6531 0.4416
vn 0.6946 0.6443 -0.3199
vn 0.2889 0.5787 0.7627
vn -0.0305 0.3003 -0.9534
vn -0.4383 -0.5588 0.7040
vn 0.0429 -0.9825 0.1811
vn 0.2160 0.4422 -0.8705
vn 0.5674 0.6137 0.5490
vn -0.5567 0.4394 -0.7050
vn -0.2778 0.2225 -0.9345
vn 0.9306 0.3455 -0.1206
vn 0.8816 0.4709 0.0321
vn -0.6291 -0.7322 0.2612
vn -0.5318 -0.7433 -0.4058
vn 0.6111 0.7622 0.2136
vn -0.8829 -0.4256 0.1984
vn -0.8829 -0.4256 0.1983
vn -0.9910 0.0325 0.1297
vn -0.8133 -0.3097 0.4926
vn -0.9349 -0.3252 0.1424
vn -0.9369 -0.2207 0.2713
vn -0.7307 0.6263 -0.2716
vn -0.6091 0.6785 -0.4106
vn -0.3654 0.9154 0.1687
vn -0.3655 0.9192 0.1468
vn -0.3974 0.8943 0.2055
vn -0.4037 0.8004 0.4431
vn -0.4817 0.8095 0.3358
vn 0.0558 -0.1952 -0.9792
vn 0.3243 -0.9271 0.1878
vn -0.1055 0.4929 -0.8637
vn 0.2547 -0.0808 -0.9636
vn -0.4681 0.7877 0.4005
vn -0.4483 0.8478 0.2833
vn -0.6167 0.6957 -0.3684
vn -0.6100 0.7715 -0.1809
vn -0.4299 0.8165 -0.3853
vn -0.4665 0.8290 -0.3084
vn -0.2931 0.8876 -0.3553
vn -0.3644 0.8481 -0.3847
vn -0.2978 0.8755 -0.3806
vn -0.3710 0.9219 -0.1117
vn -0.3601 0.8840 -0.2979
vn -0.6124 0.6871 -0.3909
vn -0.7478 0.6106 -0.2606
vn 0.6994 0.5317 0.4776
vn 0.4960 0.8598 0.1213
vn 0.7744 -0.5231 -0.3558
vn 0.5180 -0.8498 0.0977
vn -0.4344 -0.8591 -0.2705
vn 0.3081 -0.9263 -0.2171
vn -0.4105 -0.7549 0.5115
vn 0.7381 0.5075 0.4446
vn 0.5666 0.8041 -0.1801
vn 0.9355 0.1756 0.3067
vn -0.4045 -0.1953 0.8934
vn -0.0221 -0.0385 0.9990
vn 0.5567 0.6142 0.5594
vn 0.0409 0.7511 -0.6590
vn 0.5556 0.6225 -0.5512
vn 0.5952 0.6638 -0.4530
vn 0.6645 0.5293 -0.5276
vn 0.9209 0.1658 0.3526
vn 0.7083 0.5110 -0.4870
vn -0.0813 0.7234 0.6856
vn 0.5784 0.7715 -0.2649
vn 0.7474 0.4357 0.5016
vn 0.3788 0.7058 0.5986
vn -0.0235 0.4461 0.8947
vn 0.4844 0.7768 0.4024
vn 0.1068 0.9377 0.3307
vn 0.3899 0.7741 0.4988
vn 0.6667 0.5664 0.4845
vn 0.0311 0.1562 -0.9872
vn -0.4024 0.9148 -0.0357
vn -0.4845 0.8683 0.1062
vn -0.7470 0.5442 0.3819
vn -0.6158 0.4922 0.6152
vn -0.4625 0.3529 0.8134
vn -0.1970 -0.0172 0.9803
vn -0.3793 0.5444 -0.7482
vn -0.7246 0.3365 -0.6014
vn -0.8087 0.0793 -0.5828
vn -0.9265 0.3549 -0.1250
vn -0.7735 0.6075 -0.1806
vn -0.8027 0.5869 -0.1061
vn -0.7155 0.6563 -0.2395
vn -0.3696 0.3507 0.8605
vn -0.1926 -0.4978 0.8457
vn -0.1246 -0.8438 0.5220
vn -0.0960 0.7658 -0.6358
vn -0.3712 0.8983 0.2352
vn -0.0898 0.0485 -0.9948
vn 0.1423 0.8106 -0.5681
vn 0.4783 0.5999 0.6413
vn -0.3847 0.5623 -0.7319
vn -0.4105 0.4711 0.7807
vn 0.5224 0.7399 -0.4238
vn 0.9617 0.2725 0.0287
vn 0.1164 -0.1085 0.9873
vn -0.2023 -0.7371 -0.6448
vn -0.1373 -0.8643 -0.4839
vn -0.1768 0.8125 0.5555
vn -0.3877 0.8969 0.2126
vn -0.5111 0.8079 -0.2933
vn -0.4397 0.7217 -0.5347
vn -0.1694 0.9718 -0.1640
vn -0.2091 0.9336 0.2910
vn 0.1009 0.9622 -0.2529
vn -0.0266 0.6707 -0.7413
vn -0.4113 0.5736 0.7084
vn -0.4053 0.7723 0.4891
vn 0.0816 -0.1272 0.9885
vn -0.1246 0.7291 -0.6729
vn -0.0571 0.4148 0.9081
vn -0.1326 -0.5124 -0.8484
vn -0.2018 -0.5011 -0.8416
vn -0.1483 -0.9548 0.2576
vn -0.0997 -0.9946 -0.0304
vn -0.7164 -0.5851 -0.3799
vn 0.8518 0.4898 0.1859
vn -0.4112 0.3205 0.8534
vn -0.3438 0.1994 0.9176
vn -0.3586 0.9203 -0.1566
vn -0.6885 -0.6408 0.3394
vn 0.5750 0.7841 0.2336
vn 0.5705 -0.2743 -0.7741
vn -0.0053 0.8882 -0.4595
vn -0.1198 -0.9250 -0.3606
vn -0.0359 -0.9974 -0.0628
vn -0.4167 0.6329 -0.6526
vn 0.1707 -0.9151 0.3653
vn -0.5407 -0.7635 -0.3532
vn -0.1129 0.7445 -0.6580
vn 0.2051 -0.7000 0.6841
vn -0.1597 -0.9051 0.3940
vn -0.1170 -0.8990 0.4221
vn -0.1932 0.9124 -0.3608
vn 0.1018 -0.2661 0.9586
vn 0.0845 -0.6060 -0.7910
vn -0.1252 -0.7516 0.6476
vn -0.0525 0.4540 -0.8895
vn 0.6605 0.7436 -0.1042
vn -0.2034 0.8123 0.5467
vn 0.9176 0.3644 0.1588
vn 0.3803 0.8104 -0.4456
vn -0.0442 0.8973 -0.4392
vn 0.0517 0.8031 -0.5936
vn -0.0764 0.8223 0.5639
vn -0.0490 0.9175 -0.3947
vn -0.0419 0.7103 0.7026
vn -0.3600 0.7364 -0.5728
vn -0.3668 0.7089 -0.6025
vn 0.7321 0.6574 -0.1788
vn -0.1166 0.9639 -0.2393
vn -0.6484 -0.7181 0.2527
vn 0.0222 0.0730 -0.9971
vn -0.0706 0.4997 -0.8633
vn 0.3592 -0.4295 0.8285
vn -0.0585 0.8292 -0.5559
vn -0.1487 -0.5316 -0.8338
vn -0.5708 -0.6969 -0.4343
vn 0.8746 0.4617 0.1479
vn -0.1615 0.8225 0.5454
vn -0.3781 0.8131 0.4426
vn -0.5206 0.6653 0.5351
vn 0.8953 0.3993 0.1975
vn 0.2577 0.9326 0.2527
vn 0.4211 0.8931 -0.1585
vn -0.8258 0.4224 -0.3737
vn -0.6880 0.6236 -0.3711
vn -0.9264 0.1853 -0.3279
vn -0.8424 0.3396 -0.4184
vn -0.8248 0.3653 -0.4315
vn -0.8500 0.2644 -0.4556
vn -0.8044 0.3651 -0.4686
vn -0.8413 0.2316 -0.4884
vn 0.9114 0.3734 0.1730
vn 0.9056 0.3722 0.2032
vn 0.0765 0.9211 -0.3818
vn 0.4687 0.8803 -0.0734
vn -0.6567 0.6022 -0.4540
vn -0.6613 0.7220 -0.2035
vn -0.6543 0.7473 0.1154
vn -0.7305 0.4306 0.5301
vn -0.5284 0.6091 0.5914
vn -0.5983 0.7158 0.3600
vn -0.5574 0.4497 0.6979
vn -0.8324 0.3486 0.4308
vn -0.8549 0.4663 0.2275
vn -0.8223 0.5063 0.2598
vn -0.5958 0.2033 0.7769
vn -0.6328 0.3290 0.7010
vn -0.6129 0.4922 0.6181
vn -0.7328 0.6682 0.1286
vn -0.4986 0.8538 -0.1499
vn -0.7705 0.5609 0.3027
vn -0.7091 0.5719 0.4125
vn -0.7601 0.2656 -0.5930
vn -0.7429 0.3928 -0.5421
vn -0.6552 0.4818 0.5819
vn -0.4480 0.8594 0.2465
vn 0.1745 0.8144 0.5534
vn 0.6429 0.6938 -0.3245
vn -0.0163 0.9387 -0.3444
vn -0.5161 0.6908 -0.5064
vn 0.1857 0.9543 0.2341
vn 0.1978 0.9723 -0.1246
vn -0.6038 0.6456 -0.4677
vn -0.1609 0.9431 -0.2910
vn 0.1396 0.9724 -0.1867
vn -0.6328 0.7332 -0.2492
vn -0.5656 0.2772 0.7767
vn 0.6188 0.7853 0.0187
vn 0.7593 0.6210 0.1945
vn 0.6895 0.0818 0.7196
vn 0.0144 -0.0683 0.9976
vn 0.7433 0.6562 0.1301
vn 0.9590 0.2703 0.0851
vn 0.5182 0.8467 -0.1203
vn 0.2505 0.9103 -0.3297
vn 0.9470 0.2581 0.1914
vn 0.1781 0.0568 -0.9824
vn 0.3101 0.4418 0.8418
vn 0.1204 -0.9395 0.3207
vn 0.1690 -0.9848 -0.0393
vn 0.1143 0.1827 0.9765
vn 0.5951 0.7150 -0.3669
vn 0.3691 0.9083 -0.1968
vn -0.1186 -0.4432 0.8885
vn 0.2421 0.8586 0.4519
vn 0.3351 0.7727 0.5391
vn -0.0212 0.0560 -0.9982
vn 0.1629 0.8428 0.5129
vn -0.1175 -0.1123 0.9867
vn 0.1978 -0.8947 -0.4005
vn -0.1667 0.9663 -0.1962
vn 0.1926 0.6051 0.7725
vn 0.1642 0.3784 0.9109
vn -0.0110 -0.4465 0.8947
vn 0.1924 -0.3622 -0.9120
vn 0.4748 0.7601 0.4436
vn 0.6645 0.5922 0.4558
vn 0.5816 0.7156 -0.3867
vn 0.5692 0.7013 -0.4292
vn 0.8439 0.2349 -0.4824
vn 0.0967 0.8233 0.5592
vn 0.3118 0.9083 -0.2787
vn 0.9092 0.4012 0.1112
vn 0.7384 0.6675 -0.0962
vn 0.3343 0.8681 -0.3669
vn 0.9474 0.3051 0.0968
vn 0.9424 -0.1296 0.3083
vn -0.3489 0.6913 0.6328
vn -0.2208 0.7860 0.5775
vn 0.0697 0.9673 0.2439
vn -0.1256 0.9857 0.1126
vn 0.4825 0.8752 -0.0359
vn 0.3861 0.9051 0.1780
vn -0.0019 0.6898 0.7240
vn 0.0737 0.7499 0.6575
vn -0.0211 0.8234 -0.5670
vn 0.1017 -0.7805 0.6168
vn -0.0583 0.6415 0.7649
vn -0.1257 0.6200 0.7745
vn -0.0492 0.9099 -0.4120
vn -0.0212 0.8911 -0.4534
vn 0.0231 0.9894 0.1435
vn -0.1485 0.2542 0.9557
vn -0.1752 0.2921 0.9402
vn -0.2230 0.3235 0.9196
vn 0.2950 0.8427 -0.4504
vn 0.0499 -0.8753 0.4810
vn 0.0066 -0.7126 0.7015
vn -0.0056 0.4576 -0.8892
vn 0.0940 -0.9881 -0.1221
vn 0.1869 -0.9605 -0.2062
vn -0.1052 0.8435 -0.5267
vn 0.1704 0.9751 -0.1421
vn 0.0656 -0.9212 0.3835
vn 0.3651 0.6703 -0.6460
vn 0.1539 0.8094 0.5667
vn -0.0378 0.8261 0.5623
vn 0.1273 0.0036 -0.9919
vn 0.6153 0.6850 -0.3902
vn 0.7379 0.5423 -0.4018
vn 0.3862 0.8469 -0.3654
vn -0.1258 0.9171 0.3783
vn 0.7156 0.4762 -0.5110
vn -0.8297 0.3024 -0.4691
vn -0.0257 0.9234 -0.3829
vn -0.0299 0.9970 -0.0707
vn -0.2309 0.9577 0.1718
vn -0.3400 0.8502 -0.4020
vn 0.8661 0.2991 -0.4005
vn -0.0837 0.8429 -0.5315
vn 0.3000 0.8432 -0.4460
vn -0.0616 0.8068 -0.5877
vn 0.5604 0.6772 -0.4769
vn -0.3107 0.8248 -0.4724
vn -0.3452 0.8865 -0.3082
vn -0.3834 0.5527 -0.7400
vn -0.3645 0.6409 -0.6755
vn -0.3377 0.7882 -0.5145
vn -0.3952 0.7517 -0.5279
vn -0.3857 0.1657 -0.9076
vn -0.3338 0.4512 -0.8277
vn -0.9263 0.2120 -0.3113
vn -0.9577 0.0918 -0.2726
vn -0.7338 0.5708 -0.3684
vn -0.8633 0.4315 -0.2615
vn -0.6520 0.6652 -0.3638
vn -0.1269 0.6778 0.7242
vn -0.5782 0.6930 -0.4307
vn -0.1480 0.8036 -0.5765
vn -0.4439 0.7313 -0.5178
vn -0.4260 0.8553 -0.2948
vn -0.2860 0.9497 -0.1279
vn -0.2855 0.7976 -0.5314
vn -0.8009 0.5637 -0.2020
vn -0.8669 0.3719 -0.3320
vn -0.9231 0.2572 -0.2859
vn -0.8089 0.2987 -0.5064
vn -0.7035 0.3503 -0.6183
vn -0.3019 0.6836 0.6645
vn -0.5734 0.6896 0.4424
vn 0.2457 0.8228 -0.5125
vn -0.6279 0.4241 -0.6526
vn -0.4035 0.7501 -0.5239
vn -0.5222 0.7641 -0.3787
vn -0.4608 0.8353 -0.2999
vn -0.4392 0.8449 -0.3054
vn -0.6118 0.7033 -0.3620
vn -0.5756 0.7101 -0.4055
vn -0.2870 0.9132 -0.2893
vn -0.3059 0.8634 -0.4013
vn 0.7852 0.4886 0.3805
vn 0.0279 0.1761 0.9840
vn -0.7548 0.5364 -0.3774
vn -0.7923 0.5712 -0.2143
vn -0.9371 0.3482 -0.0263
vn -0.8062 0.5851 0.0873
vn 0.5348 0.7919 -0.2947
vn -0.3311 -0.1831 -0.9257
vn -0.3106 -0.1420 -0.9399
vn 0.4394 0.2781 0.8542
vn -0.5671 0.2335 -0.7899
vn -0.5401 0.4337 -0.7212
vn -0.2931 -0.1548 -0.9435
vn -0.2334 -0.1945 -0.9527
vn -0.6811 0.5875 -0.4369
vn -0.0313 0.6401 0.7677
vn 0.4016 0.5765 -0.7116
vn 0.3338 0.7112 -0.6186
vn 0.4841 0.7674 0.4204
vn 0.8725 0.4632 0.1553
vn 0.8075 0.3582 -0.4686
vn 0.3635 0.8819 -0.3002
vn -0.0288 0.9318 -0.3618
vn 0.7927 0.3551 0.4955
vn -0.0908 0.9959 0.0016
vn 0.0050 0.9944 -0.1052
vn 0.3796 0.8407 -0.3862
vn 0.2343 0.9186 -0.3182
vn 0.4183 0.8243 -0.3815
vn 0.7481 0.3640 -0.5548
vn 0.6034 0.7744 0.1902
vn 0.6542 0.3642 0.6629
vn 0.7921 0.4449 -0.4179
vn 0.7964 0.4420 -0.4128
vn 0.6584 0.2147 0.7214
vn 0.5361 0.8408 -0.0749
vn 0.4274 0.7779 -0.4607
vn 0.6757 0.6213 0.3966
vn 0.3508 0.6672 -0.6572
vn 0.7375 0.6079 -0.2941
vn 0.4387 0.5951 -0.6733
vn 0.0091 0.9538 0.3003
vn 0.8778 0.3098 -0.3654
vn 0.6519 0.4488 0.6112
vn -0.2292 0.5047 0.8323
vn 0.8360 0.3921 -0.3838
vn -0.2963 0.8281 -0.4759
vn 0.1639 0.9713 -0.1721
vn 0.6755 0.6724 0.3027
vn 0.8310 0.5060 0.2311
vn 0.8595 0.4793 0.1773
vn 0.9009 0.3958 0.1781
vn 0.8565 0.4907 0.1601
vn 0.8883 0.4420 0.1249
vn -0.6902 0.7210 -0.0614
vn -0.6003 0.7761 -0.1932
vn -0.3396 0.9391 0.0517
vn -0.3228 0.9451 0.0507
vn 0.0362 0.9872 0.1551
vn 0.1151 0.9845 0.1324
vn -0.1328 0.9132 0.3854
vn 0.2362 0.8763 -0.4198
vn 0.1288 0.8598 -0.4941
vn 0.8028 0.5956 0.0299
vn 0.5165 0.3843 -0.7652
vn -0.3185 0.7857 0.5304
vn -0.6350 0.7114 0.3011
vn -0.7387 0.6259 0.2503
vn -0.6669 0.7048 0.2419
vn -0.7760 0.6159 0.1360
vn -0.4495 0.8491 0.2777
vn -0.7191 0.6938 0.0398
vn -0.6758 0.7062 0.2110
vn -0.5357 0.7811 0.3208
vn -0.5337 0.7753 0.3379
vn -0.6088 0.7152 -0.3434
vn -0.5402 0.7709 -0.3375
vn -0.2763 0.8580 -0.4331
vn 0.4575 0.8292 0.3211
vn 0.4675 0.8505 0.2411
vn 0.5718 0.7876 0.2296
vn 0.6108 0.6859 -0.3956
vn 0.5011 -0.1848 -0.8455
vn 0.4665 0.1919 -0.8635
vn 0.5905 0.7946 -0.1415
vn 0.1597 0.9810 -0.1097
vn -0.1477 0.8610 -0.4867
vn -0.1402 0.9899 0.0219
vn 0.3295 0.9282 0.1730
vn 0.5463 0.8367 -0.0383
vn 0.3730 -0.1605 -0.9139
vn 0.5247 0.7796 -0.3418
vn 0.1170 0.8347 -0.5382
vn -0.5196 0.8514 -0.0711
vn -0.6757 0.7313 -0.0926
vn -0.3464 0.9368 -0.0481
vn -0.3332 0.9371 -0.1038
vn -0.5955 0.7342 -0.3261
vn -0.3082 0.9382 -0.1571
vn -0.4601 0.8533 -0.2453
vn -0.5221 0.7377 -0.4280
vn -0.2774 0.9397 -0.2001
vn -0.4063 0.8561 -0.3194
vn -0.4297 0.7425 -0.5139
vn -0.2306 0.9421 -0.2435
vn -0.3355 0.8596 -0.3854
vn -0.3230 0.7483 -0.5794
vn -0.1819 0.9448 -0.2726
vn -0.2576 0.8644 -0.4318
vn -0.2045 0.7548 -0.6233
vn -0.1269 0.9480 -0.2920
vn -0.1687 0.8692 -0.4648
vn -0.0831 0.7618 -0.6424
vn -0.0849 0.9499 -0.3009
vn -0.0845 0.8733 -0.4798
vn 0.0440 0.7704 -0.6361
vn -0.0126 0.9544 -0.2982
vn 0.0169 0.8792 -0.4762
vn 0.1626 0.7761 -0.6093
vn 0.0286 0.9566 -0.2899
vn 0.0969 0.8829 -0.4594
vn 0.2801 0.7834 -0.5548
vn 0.0960 0.9611 -0.2590
vn 0.1950 0.8891 -0.4141
vn 0.3794 0.7895 -0.4824
vn 0.1354 0.9636 -0.2306
vn 0.2610 0.8928 -0.3671
vn 0.4654 0.7950 -0.3892
vn 0.1829 0.9667 -0.1792
vn 0.3341 0.8976 -0.2874
vn 0.5292 0.7996 -0.2841
vn 0.2084 0.9681 -0.1392
vn 0.3756 0.9004 -0.2196
vn 0.5722 0.8031 -0.1659
vn 0.2328 0.9698 -0.0721
vn 0.4120 0.9033 -0.1194
vn 0.5893 0.8064 -0.0497
vn 0.2397 0.9701 -0.0367
vn 0.4233 0.9048 -0.0460
vn 0.5907 0.8036 0.0730
vn 0.2374 0.9709 0.0310
vn 0.4193 0.9064 0.0519
vn 0.5665 0.8013 0.1926
vn 0.2309 0.9706 0.0679
vn 0.4026 0.9058 0.1324
vn 0.5146 0.8001 0.3081
vn 0.2068 0.9708 0.1217
vn 0.3645 0.9056 0.2167
vn 0.4411 0.7981 0.4105
vn 0.1766 0.9695 0.1699
vn 0.3153 0.9016 0.2961
vn 0.3541 0.7916 0.4980
vn 0.1427 0.9690 0.2017
vn 0.2499 0.8996 0.3580
vn 0.2393 0.7868 0.5690
vn 0.0714 0.9657 0.2498
vn 0.1603 0.8942 0.4180
vn 0.1201 0.7810 0.6129
vn 0.0317 0.9639 0.2645
vn 0.0750 0.8898 0.4501
vn -0.0084 0.7732 0.6342
vn -0.0642 0.9583 0.2784
vn -0.0361 0.8848 0.4645
vn -0.1365 0.7664 0.6277
vn -0.1012 0.9556 0.2769
vn -0.1237 0.8788 0.4609
vn -0.2630 0.7622 0.5915
vn -0.1779 0.9504 0.2550
vn -0.2231 0.8744 0.4309
vn -0.3702 0.7545 0.5419
vn -0.2117 0.9476 0.2393
vn -0.2925 0.8693 0.3984
vn -0.4700 0.7478 0.4690
vn -0.2596 0.9448 0.1998
vn -0.3706 0.8651 0.3381
vn -0.5542 0.7417 0.3777
vn -0.2886 0.9425 0.1684
vn -0.4237 0.8613 0.2803
vn -0.6189 0.7371 0.2715
vn -0.3201 0.9403 0.1152
vn -0.4781 0.8563 0.1955
vn -0.6601 0.7347 0.1564
vn -0.3390 0.9387 0.0626
vn -0.5088 0.8536 0.1118
vn -0.6819 0.7308 0.0302
vn -0.3478 0.9375 0.0087
vn -0.5231 0.8521 0.0196
vn -0.8459 -0.5203 -0.1171
vn -0.9784 -0.1559 -0.1361
vn -0.9641 0.2304 -0.1322
vn -0.8039 0.5844 -0.1101
vn -0.4172 -0.9069 -0.0586
vn -0.7291 -0.6769 -0.1007
vn -0.9298 -0.3451 -0.1282
vn -0.9900 0.0396 -0.1357
vn -0.9011 0.4155 -0.1238
vn -0.6624 0.7432 -0.0936
vn -0.5850 -0.8069 -0.0814
vn -0.8610 0.4167 -0.2917
vn -0.6346 0.7440 -0.2092
vn -0.2196 -0.9716 -0.0879
vn -0.5560 -0.8062 -0.2025
vn -0.8057 -0.5192 -0.2852
vn -0.9330 -0.1548 -0.3248
vn -0.9201 0.2324 -0.3152
vn -0.7685 0.5858 -0.2572
vn -0.3955 -0.9064 -0.1486
vn -0.6938 -0.6759 -0.2486
vn -0.8859 -0.3437 -0.3114
vn -0.7890 0.4196 -0.4488
vn -0.5839 0.7467 -0.3186
vn -0.1954 -0.9705 -0.1411
vn -0.5038 -0.8039 -0.3161
vn -0.7327 -0.5165 -0.4432
vn -0.8516 -0.1512 -0.5019
vn -0.8420 0.2361 -0.4851
vn -0.7051 0.5888 -0.3953
vn -0.3570 -0.9049 -0.2320
vn -0.6304 -0.6728 -0.3872
vn -0.8074 -0.3406 -0.4817
vn -0.8631 0.0424 -0.5032
vn -0.6877 0.4250 -0.5887
vn -0.5128 0.7490 -0.4196
vn -0.1626 -0.9690 -0.1863
vn -0.4303 -0.8005 -0.4173
vn -0.6320 -0.5114 -0.5823
vn -0.7372 -0.1461 -0.6597
vn -0.7320 0.2412 -0.6372
vn -0.6153 0.5939 -0.5184
vn -0.3021 -0.9021 -0.3081
vn -0.5417 -0.6685 -0.5096
vn -0.6974 -0.3355 -0.6333
vn -0.7486 0.0480 -0.6613
vn -0.5602 0.4316 -0.7071
vn -0.4223 0.7540 -0.5031
vn -0.1200 -0.9668 -0.2256
vn -0.3390 -0.7958 -0.5017
vn -0.5053 -0.5052 -0.6996
vn -0.5951 -0.1387 -0.7916
vn -0.5947 0.2487 -0.7645
vn -0.5042 0.6000 -0.6212
vn -0.2336 -0.8987 -0.3712
vn -0.5607 -0.3284 -0.7601
vn -0.6063 0.0561 -0.7933
vn -0.4124 0.4399 -0.7978
vn -0.3170 0.7602 -0.5671
vn -0.0702 -0.9640 -0.2564
vn -0.2323 -0.7902 -0.5671
vn -0.3584 -0.4979 -0.7897
vn -0.4299 -0.1302 -0.8934
vn -0.4347 0.2575 -0.8630
vn -0.3749 0.6069 -0.7008
vn -0.1546 -0.8942 -0.4200
vn -0.3012 -0.6559 -0.6922
vn -0.4019 -0.3202 -0.8579
vn -0.4405 0.0652 -0.8954
vn -0.2501 0.4494 -0.8576
vn -0.2030 0.7667 -0.6091
vn -0.1145 -0.7839 -0.6102
vn -0.1957 -0.4892 -0.8499
vn -0.2477 -0.1205 -0.9613
vn -0.2589 0.2696 -0.9275
vn -0.2308 0.6160 -0.7532
vn -0.0675 -0.8893 -0.4522
vn -0.1588 -0.6483 -0.7446
vn -0.2266 -0.3106 -0.9231
vn -0.2588 0.0763 -0.9629
vn -0.0785 0.4597 -0.8846
vn -0.0808 0.7730 -0.6292
vn 0.0398 -0.9578 -0.2847
vn 0.0083 -0.7765 -0.6300
vn -0.0589 -0.1097 -0.9922
vn -0.0729 0.2804 -0.9571
vn -0.0826 0.6240 -0.7771
vn 0.0242 -0.8841 -0.4668
vn -0.0078 -0.6404 -0.7680
vn -0.0378 -0.3011 -0.9528
vn -0.0640 0.0950 -0.9934
vn 0.0952 0.4717 -0.8766
vn 0.0953 -0.9545 -0.2825
vn 0.1332 -0.7691 -0.6251
vn 0.1494 -0.4692 -0.8704
vn 0.1514 -0.0953 -0.9839
vn 0.1148 0.2918 -0.9496
vn 0.0694 0.6329 -0.7711
vn 0.1177 -0.8784 -0.4633
vn 0.1443 -0.6310 -0.7622
vn 0.1483 -0.2898 -0.9455
vn 0.1313 0.1061 -0.9856
vn 0.2630 0.4814 -0.8361
vn 0.1593 0.7881 -0.5945
vn 0.1542 -0.9509 -0.2683
vn 0.3185 -0.4590 -0.8294
vn 0.3353 -0.0829 -0.9384
vn 0.2989 0.3023 -0.9052
vn 0.2177 0.6413 -0.7358
vn 0.2077 -0.8728 -0.4416
vn 0.2926 -0.6214 -0.7268
vn 0.3332 -0.2772 -0.9012
vn 0.3233 0.1098 -0.9399
vn 0.2032 -0.9478 -0.2457
vn 0.3683 -0.7543 -0.5435
vn 0.4764 -0.4486 -0.7562
vn 0.5108 -0.0726 -0.8566
vn 0.4689 0.3123 -0.8262
vn 0.3564 0.6495 -0.6717
vn 0.2920 -0.8675 -0.4026
vn 0.4297 -0.6125 -0.6635
vn 0.5036 -0.2667 -0.8217
vn 0.4999 0.1205 -0.8577
vn 0.5592 0.4990 -0.6621
vn 0.3694 0.8014 -0.4703
vn 0.2513 -0.9447 -0.2108
vn 0.4696 -0.7473 -0.4701
vn 0.6146 -0.4377 -0.6563
vn 0.6675 -0.0631 -0.7419
vn 0.6194 0.3216 -0.7162
vn 0.4777 0.6582 -0.5819
vn 0.3667 -0.8629 -0.3477
vn 0.5521 -0.6044 -0.5743
vn 0.6541 -0.2565 -0.7116
vn 0.6566 0.1309 -0.7428
vn 0.6762 0.5064 -0.5350
vn 0.4527 0.8064 -0.3804
vn 0.2897 -0.9421 -0.1689
vn 0.5528 -0.7421 -0.3792
vn 0.7315 -0.4299 -0.5293
vn 0.7985 -0.0543 -0.5995
vn 0.7460 0.3298 -0.5785
vn 0.5802 0.6651 -0.4701
vn 0.4300 -0.8586 -0.2792
vn 0.6550 -0.5978 -0.4623
vn 0.7799 -0.2465 -0.5753
vn 0.7871 0.1409 -0.6005
vn 0.7666 0.5125 -0.3868
vn 0.5155 0.8109 -0.2769
vn 0.3200 -0.9398 -0.1194
vn 0.6186 -0.7373 -0.2716
vn 0.8216 -0.4236 -0.3816
vn 0.9000 -0.0467 -0.4334
vn 0.8432 0.3368 -0.4191
vn 0.6591 0.6707 -0.3403
vn 0.4787 -0.8550 -0.1995
vn 0.7340 -0.5915 -0.3336
vn 0.8772 -0.2401 -0.4159
vn 0.8884 0.1480 -0.4346
vn 0.8254 0.5179 -0.2249
vn 0.5567 0.8144 -0.1635
vn 0.6614 -0.7339 -0.1547
vn 0.9671 -0.0414 -0.2510
vn 0.9072 0.3433 -0.2430
vn 0.7108 0.6747 -0.1990
vn 0.5109 -0.8522 -0.1128
vn 0.7862 -0.5877 -0.1911
vn 0.9419 -0.2350 -0.2399
vn 0.9554 0.1533 -0.2522
vn 0.5756 0.8165 -0.0442
vn 0.3477 -0.9376 -0.0102
vn 0.6810 -0.7315 -0.0324
vn 0.9080 -0.4161 -0.0492
vn 0.9976 -0.0379 -0.0585
vn 0.9368 0.3451 -0.0581
vn 0.7340 0.6772 -0.0503
vn 0.5248 -0.8509 -0.0225
vn 0.8097 -0.5855 -0.0407
vn 0.9713 -0.2318 -0.0538
vn 0.9857 0.1584 -0.0581
vn 0.8460 0.5205 0.1155
vn 0.5718 0.8167 0.0776
vn 0.3456 -0.9372 0.0474
vn 0.6761 -0.7309 0.0925
vn 0.9013 -0.4150 0.1240
vn 0.9900 -0.0366 0.1360
vn 0.9295 0.3457 0.1290
vn 0.7284 0.6778 0.1000
vn 0.8044 -0.5835 0.1116
vn 0.9641 -0.2299 0.1330
vn 0.9783 0.1579 0.1340
vn 0.8068 0.5188 0.2825
vn 0.5450 0.8158 0.1935
vn 0.6471 -0.7314 0.2151
vn 0.8606 -0.4169 0.2926
vn 0.9451 -0.0386 0.3245
vn 0.8862 0.3454 0.3087
vn 0.6932 0.6777 0.2452
vn 0.4992 -0.8513 0.1613
vn 0.7687 -0.5854 0.2577
vn 0.9206 -0.2314 0.3145
vn 0.9334 0.1565 0.3229
vn 0.7347 0.5160 0.4403
vn 0.4951 0.8147 0.3018
vn 0.3078 -0.9389 0.1542
vn 0.5953 -0.7342 0.3265
vn 0.8637 -0.0423 0.5022
vn 0.8085 0.3412 0.4795
vn 0.6313 0.6756 0.3807
vn 0.4604 -0.8528 0.2463
vn 0.7056 -0.5882 0.3952
vn 0.8519 0.1528 0.5010
vn 0.6329 0.5113 0.5815
vn 0.4225 0.8098 0.4071
vn 0.2729 -0.9406 0.2021
vn 0.5217 -0.7380 0.4280
vn 0.6878 -0.4243 0.5889
vn 0.7486 -0.0472 0.6613
vn 0.6981 0.3358 0.6323
vn 0.5418 0.6698 0.5078
vn 0.4053 -0.8562 0.3203
vn 0.6164 -0.5925 0.5186
vn 0.7322 -0.2401 0.6373
vn 0.7375 0.1469 0.6592
vn 0.5047 0.5056 0.6997
vn 0.3333 0.8057 0.4896
vn 0.2333 -0.9426 0.2388
vn 0.4294 -0.7431 0.5132
vn 0.5604 -0.4316 0.7069
vn 0.6064 -0.0544 0.7933
vn 0.5611 0.3289 0.7596
vn 0.4337 0.6620 0.6112
vn 0.3373 -0.8599 0.3832
vn 0.5055 -0.5985 0.6215
vn 0.5952 0.1396 0.7914
vn 0.3590 0.4980 0.7894
vn 0.2308 0.7993 0.5548
vn 0.1856 -0.9453 0.2681
vn 0.4117 -0.4384 0.7990
vn 0.4397 -0.0647 0.8958
vn 0.4016 0.3205 0.8579
vn 0.3031 0.6553 0.6919
vn 0.2588 -0.8640 0.4319
vn 0.3750 -0.6063 0.7013
vn 0.4339 -0.2561 0.8638
vn 0.4283 0.1303 0.8942
vn 0.1964 0.4884 0.8503
vn 0.1151 0.7934 0.5977
vn 0.1286 -0.9487 0.2887
vn 0.2063 -0.7557 0.6216
vn 0.2506 -0.4475 0.8585
vn 0.2541 -0.0762 0.9642
vn 0.2252 0.3070 0.9247
vn 0.1608 0.6470 0.7453
vn 0.1711 -0.8689 0.4644
vn 0.2328 -0.6140 0.7541
vn 0.2575 -0.2659 0.9290
vn 0.2435 0.1193 0.9625
vn 0.0254 0.4776 0.8782
vn -0.0083 0.7857 0.6185
vn 0.0748 -0.9518 0.2973
vn 0.0829 -0.7628 0.6412
vn 0.0795 -0.4576 0.8856
vn 0.0568 -0.0864 0.9946
vn 0.0399 0.2953 0.9546
vn 0.0798 -0.8744 0.4786
vn 0.0823 -0.6226 0.7782
vn 0.0737 -0.2751 0.9586
vn 0.0528 0.1011 0.9935
vn -0.1479 0.4662 0.8722
vn -0.1324 0.7783 0.6138
vn -0.0420 -0.7703 0.6363
vn -0.0939 -0.4679 0.8788
vn -0.1253 -0.0959 0.9875
vn -0.1481 0.2842 0.9473
vn -0.1432 0.6297 0.7635
vn -0.0133 -0.8800 0.4749
vn -0.0695 -0.6313 0.7724
vn -0.1153 -0.2864 0.9512
vn -0.1407 0.0897 0.9860
vn -0.3168 0.4564 0.8315
vn -0.2524 0.7715 0.5840
vn -0.0372 -0.9585 0.2825
vn -0.1638 -0.7775 0.6072
vn -0.2623 -0.4785 0.8380
vn -0.3177 -0.1077 0.9421
vn -0.3296 0.2747 0.9033
vn -0.2913 0.6209 0.7278
vn -0.1030 -0.8853 0.4535
vn -0.2169 -0.6404 0.7367
vn -0.2951 -0.2990 0.9075
vn -0.3293 0.0834 0.9405
vn -0.4743 0.4471 0.7584
vn -0.3620 0.7646 0.5333
vn -0.0931 -0.9619 0.2571
vn -0.2773 -0.7845 0.5547
vn -0.4185 -0.4879 0.7660
vn -0.4963 -0.1197 0.8599
vn -0.5006 0.2648 0.8242
vn -0.4287 0.6124 0.6642
vn -0.1886 -0.8904 0.4142
vn -0.3546 -0.6493 0.6728
vn -0.4663 -0.3098 0.8286
vn -0.5088 0.0740 0.8577
vn -0.6135 0.4384 0.6568
vn -0.4610 0.7582 0.4611
vn -0.1367 -0.9646 0.2255
vn -0.3773 -0.7908 0.4819
vn -0.5588 -0.4975 0.6636
vn -0.6550 -0.1309 0.7442
vn -0.6528 0.2553 0.7133
vn -0.5528 0.6039 0.5743
vn -0.2627 -0.8951 0.3603
vn -0.4783 -0.6564 0.5834
vn -0.6193 -0.3201 0.7170
vn -0.6662 0.0642 0.7430
vn -0.7319 0.4304 0.5283
vn -0.5447 0.7527 0.3699
vn -0.1764 -0.9673 0.1824
vn -0.4622 -0.7966 0.3896
vn -0.6764 -0.5059 0.5353
vn -0.7873 -0.1392 0.6006
vn -0.7798 0.2471 0.5752
vn -0.6552 0.5975 0.4623
vn -0.3259 -0.8992 0.2920
vn -0.5802 -0.6633 0.4727
vn -0.7459 -0.3284 0.5795
vn -0.7991 0.0553 0.5987
vn -0.8212 0.4240 0.3818
vn -0.6077 0.7483 0.2661
vn -0.2052 -0.9693 0.1357
vn -0.5275 -0.8011 0.2829
vn -0.7667 -0.5114 0.3880
vn -0.8892 -0.1462 0.4335
vn -0.8779 0.2393 0.4148
vn -0.3740 -0.9025 0.2136
vn -0.6600 -0.6693 0.3414
vn -0.8439 -0.3354 0.4188
vn -0.9000 0.0481 0.4333
vn -0.8811 0.4187 0.2198
vn -0.6491 0.7451 0.1534
vn -0.2261 -0.9709 0.0790
vn -0.5708 -0.8040 0.1670
vn -0.8258 -0.5165 0.2264
vn -0.9561 -0.1512 0.2508
vn -0.9423 0.2339 0.2396
vn -0.7864 0.5871 0.1923
vn -0.4064 -0.9050 0.1256
vn -0.7119 -0.6730 0.2004
vn -0.9083 -0.3405 0.2430
vn -0.9676 0.0413 0.2493
vn -0.9083 0.4154 0.0490
vn -0.6687 0.7429 0.0314
vn -0.2346 -0.9718 0.0251
vn -0.5900 -0.8063 0.0431
vn -0.8528 -0.5193 0.0556
vn -0.9862 -0.1546 0.0596
vn -0.9715 0.2307 0.0549
vn -0.8101 0.5849 0.0405
vn -0.4208 -0.9065 0.0344
vn -0.7357 -0.6755 0.0504
vn -0.9374 -0.3434 0.0586
vn -0.9976 0.0386 0.0579
vn -0.6331 0.7736 0.0287
vn -0.6149 0.7754 0.1435
vn -0.5751 0.7793 0.2491
vn -0.5173 0.7817 0.3484
vn -0.4388 0.7871 0.4335
vn -0.3451 0.7936 0.5012
vn -0.2427 0.7983 0.5511
vn -0.1288 0.8043 0.5801
vn -0.0117 0.8113 0.5845
vn 0.1054 0.8173 0.5664
vn 0.2142 0.8241 0.5243
vn 0.3101 0.8316 0.4608
vn 0.3939 0.8355 0.3831
vn 0.4618 0.8406 0.2832
vn 0.5070 0.8428 0.1806
vn 0.5332 0.8429 0.0726
vn 0.5389 0.8413 -0.0424
vn 0.5214 0.8391 -0.1550
vn 0.4830 0.8355 -0.2621
vn 0.4231 0.8317 -0.3595
vn 0.3447 0.8265 -0.4450
vn 0.2514 0.8203 -0.5138
vn 0.1466 0.8135 -0.5627
vn 0.0337 0.8072 -0.5893
vn -0.0804 0.8006 -0.5937
vn -0.3025 0.7890 -0.5348
vn -0.4018 0.7832 -0.4745
vn -0.4870 0.7786 -0.3958
vn -0.5546 0.7758 -0.3009
vn -0.6026 0.7731 -0.1979
vn -0.6281 0.7730 -0.0891
vn -0.5252 0.8486 -0.0641
vn -0.6808 0.7276 -0.0842
vn -0.3514 0.9354 -0.0403
vn -0.6534 0.7285 -0.2058
vn -0.3400 0.9364 -0.0870
vn -0.5049 0.8502 -0.1490
vn -0.5994 0.7319 -0.3240
vn -0.3147 0.9385 -0.1423
vn -0.4652 0.8527 -0.2376
vn -0.5248 0.7357 -0.4282
vn -0.2748 0.9409 -0.1980
vn -0.4088 0.8552 -0.3186
vn -0.4298 0.7423 -0.5141
vn -0.2330 0.9432 -0.2367
vn -0.3358 0.8589 -0.3868
vn -0.3233 0.7480 -0.5796
vn -0.1744 0.9464 -0.2719
vn -0.2547 0.8647 -0.4330
vn -0.2053 0.7548 -0.6230
vn -0.1229 0.9488 -0.2910
vn -0.1662 0.8692 -0.4657
vn -0.0827 0.7624 -0.6417
vn -0.0717 0.9521 -0.2974
vn -0.0795 0.8753 -0.4770
vn 0.0426 0.7703 -0.6363
vn -0.0166 0.9552 -0.2954
vn 0.0140 0.8806 -0.4736
vn 0.1629 0.7776 -0.6073
vn 0.0354 0.9581 -0.2841
vn 0.1014 0.8859 -0.4527
vn 0.2765 0.7847 -0.5547
vn 0.0865 0.9610 -0.2627
vn 0.1859 0.8912 -0.4138
vn 0.3770 0.7911 -0.4818
vn 0.1348 0.9643 -0.2281
vn 0.2595 0.8952 -0.3624
vn 0.4629 0.7969 -0.3882
vn 0.1796 0.9672 -0.1796
vn 0.3271 0.8997 -0.2889
vn 0.5274 0.8014 -0.2821
vn 0.2051 0.9693 -0.1353
vn 0.3732 0.9027 -0.2141
vn 0.5714 0.8043 -0.1629
vn 0.2258 0.9709 -0.0801
vn 0.4061 0.9055 -0.1231
vn 0.5888 0.8071 -0.0435
vn 0.2350 0.9718 -0.0210
vn 0.4193 0.9073 -0.0318
vn 0.5839 0.8078 0.0811
vn 0.2331 0.9720 0.0312
vn 0.4153 0.9079 0.0578
vn 0.5531 0.8081 0.2028
vn 0.3963 0.9064 0.1465
vn 0.5033 0.8057 0.3123
vn 0.1967 0.9710 0.1357
vn 0.3564 0.9049 0.2326
vn 0.4317 0.8028 0.4113
vn 0.1599 0.9694 0.1861
vn 0.3381 0.7962 0.5017
vn 0.1192 0.9674 0.2235
vn 0.2333 0.9002 0.3678
vn 0.2262 0.7900 0.5698
vn 0.0563 0.9638 0.2605
vn 0.1420 0.8954 0.4219
vn 0.1065 0.7829 0.6130
vn -0.0008 0.9596 0.2814
vn 0.0548 0.8895 0.4536
vn -0.0281 0.7806 0.6243
vn -0.0577 0.9559 0.2879
vn -0.0419 0.8830 0.4676
vn -0.1522 0.7726 0.6164
vn -0.1291 0.9498 0.2851
vn -0.1455 0.8746 0.4625
vn -0.2679 0.7671 0.5829
vn -0.1634 0.9474 0.2753
vn -0.2178 0.8687 0.4449
vn -0.3800 0.7609 0.5260
vn -0.2393 0.9407 0.2404
vn -0.3334 0.8583 0.3901
vn -0.4641 0.7548 0.4635
vn -0.2453 0.9404 0.2355
vn -0.3548 0.8553 0.3776
vn -0.5544 0.7402 0.3805
vn -0.3035 0.9370 0.1729
vn -0.4448 0.8504 0.2811
vn -0.6142 0.7362 0.2841
vn -0.3202 0.9359 0.1465
vn -0.4783 0.8485 0.2264
vn -0.6622 0.7313 0.1632
vn -0.3490 0.9347 0.0670
vn -0.5195 0.8468 0.1143
vn -0.6818 0.7303 0.0432
vn -0.3544 0.9346 0.0312
vn -0.5286 0.8479 0.0391
vn -0.8457 -0.5208 -0.1164
vn -0.9781 -0.1564 -0.1372
vn -0.9630 0.2362 -0.1295
vn -0.4159 -0.9076 -0.0576
vn -0.7291 -0.6771 -0.0998
vn -0.9299 -0.3450 -0.1279
vn -0.9901 0.0484 -0.1316
vn -0.8994 0.4205 -0.1196
vn -0.6605 0.7456 -0.0881
vn -0.2306 -0.9725 -0.0323
vn -0.5840 -0.8077 -0.0807
vn -0.8604 0.4203 -0.2882
vn -0.6345 0.7455 -0.2041
vn -0.2170 -0.9721 -0.0887
vn -0.5550 -0.8072 -0.2010
vn -0.8054 -0.5198 -0.2847
vn -0.9326 -0.1559 -0.3254
vn -0.9195 0.2378 -0.3129
vn -0.7662 0.5906 -0.2531
vn -0.3944 -0.9070 -0.1479
vn -0.6935 -0.6765 -0.2478
vn -0.8859 -0.3445 -0.3106
vn -0.7887 0.4217 -0.4473
vn -0.5852 0.7481 -0.3129
vn -0.1939 -0.9712 -0.1386
vn -0.5029 -0.8049 -0.3151
vn -0.7329 -0.5175 -0.4417
vn -0.8511 -0.1528 -0.5023
vn -0.8413 0.2374 -0.4857
vn -0.7054 0.5927 -0.3888
vn -0.3558 -0.9056 -0.2308
vn -0.6297 -0.6741 -0.3860
vn -0.8075 -0.3414 -0.4811
vn -0.8629 0.0437 -0.5034
vn -0.6877 0.4258 -0.5880
vn -0.5140 0.7500 -0.4163
vn -0.1604 -0.9695 -0.1853
vn -0.4292 -0.8013 -0.4167
vn -0.6318 -0.5122 -0.5818
vn -0.7373 -0.1472 -0.6594
vn -0.7322 0.2419 -0.6367
vn -0.6160 0.5942 -0.5173
vn -0.3007 -0.9029 -0.3071
vn -0.5412 -0.6701 -0.5080
vn -0.6977 -0.3365 -0.6325
vn -0.7491 0.0487 -0.6607
vn -0.5614 0.4326 -0.7054
vn -0.4240 0.7550 -0.5002
vn -0.1186 -0.9674 -0.2238
vn -0.3387 -0.7971 -0.5000
vn -0.5049 -0.5059 -0.6994
vn -0.5954 -0.1399 -0.7912
vn -0.5059 0.5998 -0.6199
vn -0.4296 -0.6639 -0.6121
vn -0.5610 -0.3298 -0.7593
vn -0.6073 0.0554 -0.7926
vn -0.4142 0.4407 -0.7964
vn -0.3180 0.7608 -0.5657
vn -0.0669 -0.9645 -0.2555
vn -0.2303 -0.7913 -0.5664
vn -0.3576 -0.4990 -0.7894
vn -0.4294 -0.1311 -0.8935
vn -0.4362 0.2573 -0.8623
vn -0.3754 0.6076 -0.7000
vn -0.1526 -0.8949 -0.4193
vn -0.2997 -0.6570 -0.6917
vn -0.4018 -0.3221 -0.8572
vn -0.4420 0.0637 -0.8947
vn -0.2514 0.4503 -0.8568
vn -0.2041 0.7672 -0.6080
vn -0.0187 -0.9618 -0.2733
vn -0.1130 -0.7848 -0.6094
vn -0.1943 -0.4894 -0.8502
vn -0.2478 -0.1199 -0.9614
vn -0.2600 0.2704 -0.9270
vn -0.2331 0.6163 -0.7523
vn -0.0670 -0.8898 -0.4514
vn -0.1575 -0.6495 -0.7439
vn -0.2247 -0.3123 -0.9230
vn -0.2600 0.0743 -0.9627
vn -0.0795 0.4600 -0.8844
vn -0.0834 0.7739 -0.6278
vn 0.0428 -0.9581 -0.2831
vn 0.0085 -0.7773 -0.6291
vn -0.0590 -0.1102 -0.9922
vn -0.0742 0.2806 -0.9569
vn -0.0835 0.6246 -0.7765
vn 0.0253 -0.8844 -0.4661
vn -0.0068 -0.6414 -0.7672
vn -0.0374 -0.3018 -0.9526
vn -0.0652 0.0936 -0.9935
vn 0.0934 0.4713 -0.8770
vn 0.0395 0.7817 -0.6224
vn 0.0962 -0.9548 -0.2813
vn 0.1338 -0.7696 -0.6243
vn 0.1489 -0.4691 -0.8705
vn 0.1480 -0.0982 -0.9841
vn 0.1139 0.2915 -0.9498
vn 0.0682 0.6334 -0.7708
vn 0.1175 -0.8789 -0.4622
vn 0.1441 -0.6316 -0.7618
vn 0.1470 -0.2905 -0.9455
vn 0.1316 0.1042 -0.9858
vn 0.2618 0.4806 -0.8370
vn 0.1578 0.7888 -0.5940
vn 0.2541 -0.7623 -0.5952
vn 0.3173 -0.4589 -0.8299
vn 0.3330 -0.0866 -0.9389
vn 0.2980 0.3012 -0.9058
vn 0.2161 0.6418 -0.7358
vn 0.2081 -0.8733 -0.4405
vn 0.2916 -0.6221 -0.7266
vn 0.3313 -0.2783 -0.9016
vn 0.3226 0.1107 -0.9401
vn 0.4184 0.4895 -0.7651
vn 0.2676 0.7955 -0.5437
vn 0.2011 -0.9483 -0.2456
vn 0.3675 -0.7549 -0.5432
vn 0.4746 -0.4487 -0.7572
vn 0.5096 -0.0751 -0.8571
vn 0.4671 0.3108 -0.8278
vn 0.3541 0.6499 -0.6724
vn 0.2913 -0.8682 -0.4018
vn 0.4293 -0.6130 -0.6633
vn 0.5023 -0.2672 -0.8223
vn 0.4970 0.1195 -0.8595
vn 0.5583 0.4982 -0.6633
vn 0.2509 -0.9450 -0.2097
vn 0.4687 -0.7478 -0.4703
vn 0.6142 -0.4389 -0.6558
vn 0.6669 -0.0648 -0.7424
vn 0.6187 0.3203 -0.7174
vn 0.4758 0.6579 -0.5838
vn 0.3655 -0.8636 -0.3474
vn 0.6524 -0.2565 -0.7131
vn 0.6554 0.1296 -0.7440
vn 0.6751 0.5059 -0.5369
vn 0.4502 0.8071 -0.3819
vn 0.2889 -0.9424 -0.1688
vn 0.5524 -0.7424 -0.3790
vn 0.7313 -0.4302 -0.5292
vn 0.7980 -0.0557 -0.6000
vn 0.7450 0.3286 -0.5805
vn 0.5790 0.6645 -0.4724
vn 0.4296 -0.8591 -0.2781
vn 0.6549 -0.5972 -0.4631
vn 0.7796 -0.2479 -0.5751
vn 0.7868 0.1390 -0.6014
vn 0.7657 0.5121 -0.3892
vn 0.5133 0.8129 -0.2750
vn 0.3203 -0.9400 -0.1175
vn 0.6189 -0.7375 -0.2705
vn 0.8219 -0.4232 -0.3813
vn 0.9000 -0.0487 -0.4331
vn 0.8435 0.3349 -0.4200
vn 0.6580 0.6708 -0.3423
vn 0.4788 -0.8553 -0.1980
vn 0.7342 -0.5914 -0.3334
vn 0.8770 -0.2407 -0.4158
vn 0.8255 0.5169 -0.2266
vn 0.5549 0.8160 -0.1618
vn 0.3378 -0.9387 -0.0692
vn 0.6614 -0.7340 -0.1541
vn 0.8820 -0.4174 -0.2189
vn 0.9675 -0.0425 -0.2492
vn 0.9079 0.3401 -0.2450
vn 0.7100 0.6754 -0.1994
vn 0.5106 -0.8523 -0.1134
vn 0.7863 -0.5877 -0.1908
vn 0.9424 -0.2350 -0.2380
vn 0.9557 0.1515 -0.2524
vn 0.8521 0.5205 -0.0558
vn 0.5732 0.8182 -0.0445
vn 0.3474 -0.9377 -0.0078
vn 0.6810 -0.7315 -0.0328
vn 0.9086 -0.4148 -0.0497
vn 0.9977 -0.0387 -0.0549
vn 0.9372 0.3436 -0.0592
vn 0.5252 -0.8507 -0.0222
vn 0.8098 -0.5853 -0.0408
vn 0.9717 -0.2299 -0.0543
vn 0.9865 0.1520 -0.0606
vn 0.8454 0.5213 0.1163
vn 0.5685 0.8187 0.0811
vn 0.3453 -0.9375 0.0444
vn 0.6763 -0.7309 0.0918
vn 0.9022 -0.4135 0.1226
vn 0.9907 -0.0364 0.1310
vn 0.7275 0.6786 0.1009
vn 0.5212 -0.8505 0.0705
vn 0.8046 -0.5837 0.1094
vn 0.9647 -0.2286 0.1305
vn 0.9792 0.1520 0.1342
vn 0.8053 0.5203 0.2843
vn 0.5406 0.8178 0.1974
vn 0.3311 -0.9379 0.1034
vn 0.6471 -0.7323 0.2121
vn 0.8626 -0.4148 0.2897
vn 0.9462 -0.0374 0.3215
vn 0.8868 0.3430 0.3099
vn 0.6923 0.6779 0.2474
vn 0.4999 -0.8511 0.1605
vn 0.7697 -0.5850 0.2558
vn 0.9220 -0.2315 0.3103
vn 0.9343 0.1545 0.3213
vn 0.7328 0.5178 0.4415
vn 0.4907 0.8160 0.3057
vn 0.3088 -0.9390 0.1517
vn 0.5952 -0.7348 0.3254
vn 0.7907 -0.4183 0.4470
vn 0.8650 -0.0411 0.5000
vn 0.8086 0.3406 0.4797
vn 0.6294 0.6751 0.3848
vn 0.4613 -0.8530 0.2440
vn 0.7064 -0.5877 0.3945
vn 0.8434 -0.2348 0.4832
vn 0.8527 0.1520 0.4999
vn 0.6317 0.5132 0.5810
vn 0.4192 0.8120 0.4061
vn 0.2740 -0.9409 0.1993
vn 0.6887 -0.4242 0.5880
vn 0.7498 -0.0479 0.6599
vn 0.6984 0.3356 0.6322
vn 0.5407 0.6704 0.5082
vn 0.4063 -0.8560 0.3196
vn 0.6173 -0.5927 0.5173
vn 0.7330 -0.2404 0.6364
vn 0.7380 0.1472 0.6585
vn 0.5029 0.5069 0.7001
vn 0.3273 0.8067 0.4920
vn 0.2319 -0.9430 0.2385
vn 0.4304 -0.7433 0.5121
vn 0.5609 -0.4303 0.7072
vn 0.6059 -0.0552 0.7936
vn 0.5597 0.3287 0.7607
vn 0.4284 0.6644 0.6124
vn 0.3384 -0.8595 0.3831
vn 0.5054 -0.5990 0.6210
vn 0.5949 -0.2471 0.7649
vn 0.3561 0.4991 0.7900
vn 0.2181 0.8021 0.5560
vn 0.1845 -0.9456 0.2678
vn 0.3234 -0.7493 0.5779
vn 0.4122 -0.4374 0.7993
vn 0.4376 -0.0626 0.8970
vn 0.3993 0.3203 0.8591
vn 0.2947 0.6596 0.6915
vn 0.2590 -0.8641 0.4315
vn 0.4337 -0.2561 0.8639
vn 0.4281 0.1312 0.8941
vn 0.1918 0.4898 0.8505
vn 0.1057 0.7953 0.5969
vn 0.2067 -0.7558 0.6213
vn 0.2500 -0.4460 0.8594
vn 0.2530 -0.0724 0.9648
vn 0.2212 0.3117 0.9241
vn 0.1523 0.6526 0.7422
vn 0.1724 -0.8691 0.4637
vn 0.2554 -0.2659 0.9296
vn 0.2417 0.1188 0.9631
vn 0.0197 0.4797 0.8772
vn -0.0132 0.7884 0.6150
vn 0.0746 -0.9521 0.2965
vn 0.0838 -0.7629 0.6411
vn 0.0802 -0.4566 0.8861
vn 0.0564 -0.0836 0.9949
vn 0.0375 0.2991 0.9535
vn 0.0049 0.6432 0.7657
vn 0.0806 -0.8744 0.4784
vn 0.0824 -0.6221 0.7786
vn 0.0735 -0.2739 0.9589
vn 0.0491 0.1053 0.9932
vn -0.1542 0.4739 0.8670
vn -0.1462 0.7845 0.6026
vn 0.0172 -0.9555 0.2945
vn -0.0937 -0.4670 0.8793
vn -0.1252 -0.0940 0.9877
vn -0.1503 0.2882 0.9457
vn -0.1486 0.6338 0.7591
vn -0.0121 -0.8800 0.4748
vn -0.0691 -0.6305 0.7731
vn -0.1156 -0.2847 0.9516
vn -0.1424 0.0952 0.9852
vn -0.3214 0.4658 0.8245
vn -0.2603 0.7781 0.5717
vn -0.0368 -0.9589 0.2814
vn -0.1628 -0.7776 0.6074
vn -0.2622 -0.4777 0.8385
vn -0.3196 -0.1069 0.9415
vn -0.3333 0.2790 0.9006
vn -0.3000 0.6235 0.7220
vn -0.1024 -0.8856 0.4531
vn -0.2161 -0.6399 0.7374
vn -0.2965 -0.2971 0.9076
vn -0.3310 0.0877 0.9395
vn -0.4763 0.4524 0.7540
vn -0.3598 0.7711 0.5253
vn -0.0902 -0.9621 0.2573
vn -0.2758 -0.7847 0.5551
vn -0.4181 -0.4872 0.7667
vn -0.4987 -0.1163 0.8589
vn -0.5062 0.2739 0.8177
vn -0.4284 0.6177 0.6594
vn -0.1865 -0.8907 0.4146
vn -0.3535 -0.6490 0.6737
vn -0.5118 0.0753 0.8558
vn -0.6148 0.4432 0.6524
vn -0.4633 0.7636 0.4497
vn -0.1350 -0.9650 0.2247
vn -0.3773 -0.7911 0.4815
vn -0.5587 -0.4974 0.6637
vn -0.6559 -0.1271 0.7441
vn -0.6544 0.2642 0.7085
vn -0.5563 0.6132 0.5608
vn -0.2622 -0.8952 0.3603
vn -0.4779 -0.6569 0.5832
vn -0.6199 -0.3180 0.7173
vn -0.6691 0.0666 0.7402
vn -0.7315 0.4340 0.5259
vn -0.5428 0.7573 0.3631
vn -0.1745 -0.9677 0.1821
vn -0.4619 -0.7964 0.3903
vn -0.6769 -0.5045 0.5360
vn -0.7875 -0.1361 0.6011
vn -0.7777 0.2553 0.5744
vn -0.6509 0.6050 0.4587
vn -0.3246 -0.8995 0.2924
vn -0.5800 -0.6635 0.4726
vn -0.7467 -0.3261 0.5797
vn -0.7985 0.0603 0.5990
vn -0.8192 0.4304 0.3790
vn -0.6029 0.7568 0.2525
vn -0.2039 -0.9698 0.1342
vn -0.5266 -0.8011 0.2846
vn -0.7672 -0.5104 0.3885
vn -0.8888 -0.1439 0.4350
vn -0.8750 0.2470 0.4163
vn -0.7297 0.6021 0.3240
vn -0.3727 -0.9030 0.2136
vn -0.8442 -0.3335 0.4197
vn -0.8986 0.0504 0.4359
vn -0.8768 0.4281 0.2192
vn -0.6372 0.7538 0.1605
vn -0.2235 -0.9714 0.0807
vn -0.5697 -0.8047 0.1672
vn -0.8256 -0.5161 0.2281
vn -0.9557 -0.1502 0.2532
vn -0.9401 0.2430 0.2391
vn -0.7800 0.5941 0.1966
vn -0.4048 -0.9055 0.1272
vn -0.9082 -0.3389 0.2458
vn -0.9670 0.0466 0.2506
vn -0.9043 0.4239 0.0516
vn -0.6593 0.7505 0.0455
vn -0.2328 -0.9722 0.0247
vn -0.5891 -0.8069 0.0438
vn -0.8529 -0.5191 0.0565
vn -0.9862 -0.1530 0.0638
vn -0.9698 0.2373 0.0563
vn -0.8054 0.5910 0.0453
vn -0.7354 -0.6756 0.0516
vn -0.9375 -0.3428 0.0604
vn -0.9971 0.0493 0.0574
vn -0.6286 0.7765 0.0435
vn -0.6145 0.7737 0.1541
vn -0.5713 0.7860 0.2363
vn -0.5148 0.7866 0.3409
vn -0.4402 0.7924 0.4223
vn -0.3409 0.8020 0.4905
vn -0.2513 0.8020 0.5419
vn -0.1436 0.8098 0.5689
vn -0.0172 0.8180 0.5750
vn 0.0947 0.8224 0.5610
vn 0.1998 0.8293 0.5219
vn 0.3029 0.8335 0.4620
vn 0.3903 0.8378 0.3817
vn 0.4566 0.8422 0.2867
vn 0.5038 0.8437 0.1853
vn 0.5348 0.8439 -0.0426
vn 0.5185 0.8413 -0.1529
vn 0.4797 0.8382 -0.2596
vn 0.4200 0.8327 -0.3609
vn 0.2481 0.8217 -0.5131
vn 0.1448 0.8149 -0.5613
vn 0.0332 0.8085 -0.5876
vn -0.0831 0.8018 -0.5917
vn -0.1970 0.7952 -0.5734
vn -0.3038 0.7895 -0.5333
vn -0.4042 0.7834 -0.4721
vn -0.4889 0.7789 -0.3928
vn -0.5569 0.7763 -0.2953
vn -0.6034 0.7737 -0.1929
vn -0.6251 0.7761 -0.0835
s 1
f 4//1 2//1 1//1
f 8//2 6//2 5//2
f 13//3 15//3 14//3
f 17//4 19//4 18//4
f 32//5 30//5 29//5
f 36//6 34//6 33//6
f 37//7 39//7 38//7
f 21//8 23//8 20//8
f 25//9 27//9 24//9
f 41//10 43//10 42//10
f 48//11 46//11 45//11
f 52//12 50//12 49//12
f 53//13 55//14 54//15
f 60//16 58//17 57//18
f 29//19 62//19 61//19
f 66//20 64//20 63//20
f 67//21 6//21 68//21
f 72//22 70//22 69//22
f 76//23 74//23 73//23
f 77//24 79//24 78//24
f 81//25 83//25 82//25
f 59//26 86//26 85//26
f 88//27 90//27 89//27
f 96//28 94//28 93//28
f 100//29 98//29 97//29
f 101//30 103//30 102//30
f 106//31 34//31 87//31
f 108//32 115//33 107//34
f 117//35 36//35 118//35
f 124//36 126//36 125//36
f 131//37 129//38 128//39
f 132//40 134//40 133//40
f 142//41 140//41 139//41
f 148//42 60//42 147//42
f 144//43 127//43 124//43
f 149//44 151//44 150//44
f 156//45 154//45 153//45
f 159//46 158//46 157//46
f 116//47 164//47 105//47
f 171//48 169//48 168//48
f 174//49 173//49 172//49
f 179//50 181//50 180//50
f 186//51 188//51 187//51
f 194//52 196//52 195//52
f 199//53 139//53 198//53
f 206//54 208//54 207//54
f 213//55 211//55 210//55
f 202//56 214//56 201//56
f 96//57 216//57 54//57
f 92//58 43//58 44//58
f 97//59 246//59 100//59
f 250//60 229//60 228//60
f 252//61 58//61 253//61
f 258//62 256//62 255//62
f 260//63 229//63 259//63
f 110//64 112//64 113//64
f 114//65 263//65 109//65
f 265//66 267//67 266//68
f 56//69 270//69 269//69
f 274//70 249//70 250//70
f 185//71 63//71 64//71
f 280//72 278//72 276//72
f 285//73 283//74 157//75
f 288//76 211//76 212//76
f 141//77 92//77 46//77
f 289//78 175//78 176//78
f 148//79 105//79 106//79
f 312//80 170//80 171//80
f 238//81 42//81 43//81
f 318//82 160//83 317//84
f 310//85 308//85 307//85
f 241//86 325//86 324//86
f 160//87 240//88 317//89
f 47//90 307//90 308//90
f 108//91 315//92 164//93
f 345//94 86//94 119//94
f 348//95 350//96 349//97
f 356//98 358//98 357//98
f 355//99 353//99 352//99
f 363//100 32//100 362//100
f 149//101 150//101 176//101
f 364//102 253//102 365//102
f 366//103 368//103 367//103
f 183//104 371//104 63//104
f 163//105 161//105 160//105
f 209//106 101//106 208//106
f 378//107 165//107 166//107
f 379//108 381//109 380//110
f 383//111 3//111 4//111
f 284//112 386//112 385//112
f 387//113 389//113 388//113
f 391//114 229//114 249//114
f 73//115 397//115 396//115
f 405//116 407//116 406//116
f 203//117 411//117 410//117
f 414//118 413//118 412//118
f 1//119 357//119 4//119
f 277//120 131//120 275//120
f 254//121 57//121 58//121
f 358//122 415//122 351//122
f 417//123 386//123 408//123
f 401//124 192//125 420//126
f 419//127 127//128 143//129
f 421//130 182//130 422//130
f 103//131 302//131 409//131
f 428//132 368//132 174//132
f 380//133 359//133 356//133
f 62//134 266//134 323//134
f 140//135 431//135 430//135
f 357//136 351//136 348//136
f 356//137 379//137 380//137
f 415//138 403//138 434//138
f 437//139 436//139 435//139
f 438//140 440//140 439//140
f 188//141 450//141 449//141
f 452//142 454//142 453//142
f 265//143 181//143 421//143
f 224//144 64//144 225//144
f 237//145 213//145 427//145
f 275//146 128//146 458//146
f 281//147 460//147 459//147
f 50//148 79//148 461//148
f 73//149 282//149 281//149
f 468//150 466//150 465//150
f 390//151 352//151 359//151
f 482//152 484//152 483//152
f 489//153 487//153 486//153
f 493//154 495//154 494//154
f 472//155 470//155 469//155
f 502//156 500//156 499//156
f 220//157 222//157 223//157
f 512//158 143//158 66//158
f 518//159 511//159 80//159
f 513//160 230//160 286//160
f 205//161 31//162 244//163
f 189//164 451//164 188//164
f 163//165 532//165 8//165
f 533//166 225//166 251//166
f 446//167 447//167 412//167
f 335//168 540//168 334//168
f 544//169 546//169 545//169
f 329//170 291//170 292//170
f 199//171 262//171 238//171
f 385//172 416//172 550//172
f 532//173 191//173 247//173
f 363//174 118//174 243//174
f 236//175 237//175 250//175
f 578//176 580//176 579//176
f 573//177 571//177 570//177
f 561//178 562//178 272//178
f 241//179 259//179 240//179
f 590//180 592//180 591//180
f 545//181 595//181 594//181
f 503//182 155//182 504//182
f 606//183 624//183 623//183
f 478//184 480//184 479//184
f 646//185 648//185 647//185
f 590//186 689//186 684//186
f 564//187 651//187 650//187
f 728//188 184//188 727//188
f 714//189 716//189 715//189
f 692//190 575//190 693//190
f 541//191 581//191 578//191
f 346//192 248//192 400//192
f 161//193 230//193 160//193
f 128//194 94//194 95//194
f 698//195 704//195 703//195
f 574//196 576//197 575//198
f 290//199 401//199 328//199
f 630//200 725//200 726//200
f 733//201 735//201 734//201
f 755//202 496//202 493//202
f 759//203 481//203 760//203
f 757//204 762//204 761//204
f 764//205 466//205 467//205
f 768//206 3808//206 3809//206
f 759//207 488//207 489//207
f 492//208 475//208 771//208
f 474//209 769//209 473//209
f 773//210 465//210 772//210
f 771//211 486//211 483//211
f 484//212 775//212 491//212
f 774//213 489//213 486//213
f 495//214 764//214 756//214
f 495//215 761//215 494//215
f 137//216 784//216 136//216
f 325//217 797//217 547//217
f 165//218 51//218 52//218
f 369//219 29//219 370//219
f 730//220 568//220 569//220
f 90//221 301//221 89//221
f 243//222 516//222 242//222
f 800//223 806//223 805//223
f 817//224 808//224 816//224
f 816//225 823//225 822//225
f 306//226 447//226 807//226
f 815//227 809//227 808//227
f 829//228 828//228 825//228
f 726//229 501//229 502//229
f 274//230 424//230 423//230
f 879//231 881//231 880//231
f 884//232 879//232 885//232
f 219//233 217//233 211//233
f 906//234 904//234 897//234
f 455//235 205//235 542//235
f 898//236 830//237 829//238
f 903//239 880//239 881//239
f 906//240 897//240 898//240
f 377//241 519//241 165//241
f 923//242 948//243 946//244
f 946//245 951//245 950//245
f 3519//246 739//246 3517//246
f 900//247 886//247 880//247
f 225//248 65//248 144//248
f 182//249 442//249 422//249
f 809//250 947//250 824//250
f 954//251 962//251 961//251
f 927//252 965//253 966//254
f 885//255 880//256 886//257
f 925//258 966//259 967//260
f 343//261 341//261 340//261
f 965//262 971//263 968//264
f 968//265 970//265 969//265
f 972//266 969//267 973//268
f 963//269 981//269 978//269
f 336//270 338//270 339//270
f 992//271 827//272 828//273
f 810//274 996//274 959//274
f 1007//275 1002//276 1008//277
f 1012//278 827//279 1009//280
f 1011//281 1007//282 1008//283
f 294//284 292//284 291//284
f 907//285 920//285 919//285
f 1017//286 1019//286 1018//286
f 1020//287 1022//287 1021//287
f 1035//288 1020//288 1044//288
f 1061//289 1047//289 1046//289
f 1063//290 1046//290 1062//290
f 1044//291 1021//291 1045//291
f 1102//292 1097//292 1109//292
f 1116//293 1118//293 1117//293
f 1016//294 1014//294 1013//294
f 881//295 904//295 903//295
f 816//296 1127//296 817//296
f 1094//297 949//297 1097//297
f 514//298 167//298 515//298
f 146//299 81//299 82//299
f 1133//300 1130//300 1129//300
f 1102//301 1126//301 822//301
f 822//302 1116//303 816//304
f 1145//305 1148//305 1136//305
f 1076//306 1151//306 1069//306
f 1148//307 1086//308 1087//309
f 1109//310 1114//311 1136//311
f 1154//312 1156//312 1155//312
f 1153//313 967//313 1156//313
f 3464//314 463//314 3714//314
f 1144//315 1152//315 1151//315
f 1156//316 1163//316 1162//316
f 1164//317 1169//318 1165//319
f 1145//320 1176//320 1147//320
f 1114//321 1154//321 1171//321
f 1183//322 1164//322 1177//322
f 1184//323 1177//323 1185//323
f 1069//324 1062//324 1064//324
f 1023//325 1194//325 1022//325
f 1162//326 1170//326 1169//326
f 1195//327 1185//328 1191//329
f 1183//330 1176//330 1155//330
f 1201//331 1152//331 1196//331
f 1061//332 1201//333 1202//334
f 3825//335 843//335 3836//335
f 1203//336 1195//336 1034//336
f 1202//337 1184//337 1195//337
f 1218//338 1203//338 1217//338
f 1060//339 1202//339 1203//339
f 1225//340 1217//340 1219//340
f 671//341 694//342 670//343
f 1219//344 1024//344 1035//344
f 1217//345 1034//345 1024//345
f 1226//346 1015//346 1227//346
f 1243//347 1234//347 1233//347
f 1231//348 1229//348 1228//348
f 847//349 1233//349 843//349
f 843//350 1244//350 878//350
f 1233//351 1245//351 1244//351
f 1923//352 233//352 216//352
f 2100//353 499//353 500//353
f 3914//354 2135//354 3900//354
f 61//355 323//355 505//355
f 210//356 217//356 457//356
f 1299//357 1309//358 1300//359
f 3863//360 1231//360 3862//360
f 1066//361 1321//361 1322//361
f 1322//362 1228//363 1229//364
f 1060//365 1321//365 1047//365
f 1325//366 1323//367 1310//368
f 1244//369 1332//369 1330//369
f 1290//370 1242//370 1288//370
f 1337//371 1339//371 1338//371
f 1330//372 1340//373 1339//374
f 1341//375 1245//375 1294//375
f 1342//376 1332//376 1341//376
f 1343//377 1341//377 1344//377
f 1344//378 1294//378 1293//378
f 3857//379 1345//379 1346//379
f 1347//380 1342//380 1343//380
f 3856//381 1295//382 1345//383
f 1349//384 1348//385 1347//386
f 3861//387 1347//387 3853//387
f 3853//388 1343//388 3857//388
f 906//389 829//389 1353//389
f 905//390 1353//390 1354//390
f 865//391 1355//391 1357//391
f 1355//392 829//392 825//392
f 1357//393 825//393 826//393
f 1356//394 1353//394 1355//394
f 3834//395 1338//395 3833//395
f 866//396 1356//396 865//396
f 1358//397 1354//397 1356//397
f 3828//398 1337//399 3834//400
f 838//401 1012//402 841//403
f 1363//404 1338//404 1339//404
f 1368//405 1339//405 1340//405
f 1348//406 1340//407 1342//408
f 1371//409 3824//410 3829//411
f 524//412 526//412 523//412
f 528//413 530//413 527//413
f 1372//414 1369//414 1371//414
f 535//415 537//416 538//417
f 1367//418 1348//419 1350//420
f 1370//421 1359//422 1369//423
f 1369//424 3833//424 3824//424
f 1373//425 903//425 904//425
f 555//426 557//426 558//426
f 1374//427 910//427 1373//427
f 1373//428 905//428 1375//428
f 1374//429 1375//429 1376//429
f 1375//430 1354//430 1370//430
f 1378//431 908//431 1377//431
f 376//432 651//432 1387//432
f 1388//433 973//433 969//433
f 586//434 588//434 585//434
f 1390//435 1388//436 1391//437
f 1391//438 969//438 970//438
f 597//439 599//439 596//439
f 600//440 602//440 603//440
f 1392//441 970//441 979//441
f 608//442 610//442 607//442
f 612//443 523//443 611//443
f 614//444 616//445 613//446
f 617//447 25//447 24//447
f 620//448 622//449 619//450
f 1397//451 1391//451 1392//451
f 1398//452 1392//452 1399//452
f 1400//453 920//453 1378//453
f 1402//454 1165//455 1169//456
f 636//457 638//457 635//457
f 930//458 1402//458 929//458
f 641//459 643//459 644//459
f 929//460 1169//460 1170//460
f 1404//461 1403//461 1402//461
f 1411//462 1365//462 1406//462
f 1412//463 1415//463 1414//463
f 652//464 654//464 655//464
f 609//465 657//465 658//465
f 659//466 661//466 662//466
f 558//467 586//467 585//467
f 665//468 667//468 664//468
f 1413//469 1406//469 1412//469
f 1418//470 3810//470 3813//470
f 1417//471 1371//471 1416//471
f 1416//472 3829//472 3810//472
f 1419//473 1416//473 1418//473
f 1386//474 1374//474 1420//474
f 677//475 679//475 676//475
f 1385//476 1420//476 1421//476
f 1420//477 1376//477 1422//477
f 685//478 687//478 688//478
f 1421//479 1422//479 1423//479
f 528//480 691//480 658//480
f 1422//481 1372//481 1417//481
f 1018//482 747//482 1425//482
f 699//483 701//483 702//483
f 1424//484 579//484 1017//484
f 3663//485 1767//486 3660//487
f 700//488 711//488 712//488
f 1093//489 3754//489 1571//489
f 717//490 530//490 719//490
f 721//491 723//491 720//491
f 704//492 3543//492 3554//492
f 19//493 1426//494 1430//495
f 1429//496 1427//496 1426//496
f 1658//497 3542//497 3544//497
f 1439//498 1434//498 1438//498
f 1437//499 1435//499 1434//499
f 1426//500 1433//500 1432//500
f 1442//501 1432//501 1440//501
f 742//502 744//502 745//502
f 1432//503 1441//503 1440//503
f 751//504 753//504 750//504
f 1438//505 1403//505 1405//505
f 1446//506 1444//506 1443//506
f 1447//507 1446//507 1443//507
f 3860//508 1443//508 3848//508
f 1415//509 1445//509 1446//509
f 1414//510 1446//510 1448//510
f 2173//511 469//511 470//511
f 777//512 779//512 686//512
f 780//513 782//513 783//513
f 1676//514 1806//514 1675//514
f 3859//515 1349//515 3861//515
f 789//516 791//516 788//516
f 745//517 793//517 742//517
f 652//518 795//518 653//518
f 1455//519 1457//519 1456//519
f 1454//520 1350//520 1452//520
f 610//521 802//521 801//521
f 3831//522 698//523 703//524
f 1352//525 1045//525 1351//525
f 1015//526 1459//526 1460//526
f 811//527 813//527 814//527
f 2118//528 3817//528 2117//528
f 819//529 821//529 818//529
f 1466//530 1194//530 1190//530
f 1467//531 1465//531 1466//531
f 1182//532 1468//532 1467//532
f 832//533 833//533 831//533
f 835//534 837//534 834//534
f 1467//535 1190//535 1182//535
f 1469//536 1444//536 1445//536
f 840//537 712//537 690//537
f 1453//538 1469//538 1454//538
f 599//539 845//539 846//539
f 1226//540 3849//540 3855//540
f 851//541 853//541 850//541
f 855//542 856//542 854//542
f 858//543 860//543 857//543
f 861//544 863//544 864//544
f 1014//545 3855//545 3858//545
f 867//546 868//547 869//548
f 870//549 872//549 873//549
f 874//550 876//550 877//550
f 1310//551 1471//551 1309//551
f 1476//552 1427//553 1475//554
f 1461//555 1475//555 1460//555
f 887//556 889//556 890//556
f 788//557 892//557 891//557
f 894//558 896//558 893//558
f 1460//559 1227//559 1015//559
f 901//560 524//560 612//560
f 1465//561 1477//561 1464//561
f 1865//562 3500//562 1864//562
f 911//563 913//563 914//563
f 916//564 918//564 915//564
f 1850//565 3507//565 1851//565
f 921//566 895//566 894//566
f 1479//567 1436//568 1478//569
f 926//570 667//570 601//570
f 1481//571 563//571 1480//571
f 269//572 84//573 1482//574
f 931//575 933//575 916//575
f 934//576 614//576 869//576
f 936//577 688//577 937//577
f 938//578 662//578 939//578
f 1484//579 122//579 123//579
f 941//580 835//580 834//580
f 320//581 509//581 510//581
f 1849//582 3505//582 1850//582
f 84//583 1484//583 83//583
f 1487//584 1488//584 539//584
f 1757//585 3502//585 3509//585
f 365//586 1491//587 364//588
f 461//589 80//589 511//589
f 117//590 362//590 1496//590
f 1494//591 541//592 1495//593
f 926//594 957//595 958//596
f 1477//597 1433//597 1476//597
f 1709//598 1585//598 1700//598
f 119//599 1496//599 345//599
f 271//600 504//600 156//600
f 511//601 189//601 186//601
f 345//602 1492//602 365//602
f 255//603 344//604 254//605
f 57//606 299//606 132//606
f 1501//607 268//607 1500//607
f 267//608 1499//608 145//608
f 974//609 976//609 977//609
f 1678//610 1693//610 1676//610
f 3846//611 1807//611 3840//611
f 557//612 663//612 558//612
f 983//613 984//613 985//613
f 1443//614 3849//614 3848//614
f 421//615 268//615 265//615
f 989//616 991//617 988//618
f 1490//619 418//619 1504//619
f 279//620 309//620 310//620
f 997//621 676//621 679//621
f 998//622 999//622 875//622
f 1504//623 38//623 1505//623
f 1506//624 1507//624 1486//624
f 360//625 1508//625 1506//625
f 1506//626 207//626 360//626
f 939//627 1006//627 938//627
f 270//628 1483//628 269//628
f 66//629 546//629 512//629
f 1010//630 793//630 935//630
f 367//631 437//631 1509//631
f 244//632 363//632 243//632
f 1670//633 3534//633 1669//633
f 209//634 1510//634 226//634
f 235//635 1512//635 1511//635
f 1511//636 234//636 235//636
f 388//637 426//637 425//637
f 427//638 250//638 237//638
f 161//639 521//639 231//639
f 100//640 45//640 44//640
f 1025//641 608//641 1027//641
f 1029//642 1031//642 1028//642
f 939//643 1033//643 1032//643
f 41//644 594//644 99//644
f 1036//645 783//645 1037//645
f 702//646 1038//646 1039//646
f 1040//647 1042//648 1043//649
f 362//650 369//650 1493//650
f 187//651 477//652 186//653
f 70//654 539//654 198//654
f 1511//655 1521//655 234//655
f 1049//656 603//656 1048//656
f 613//657 869//657 614//657
f 860//658 1051//658 857//658
f 1005//659 1053//659 1006//659
f 753//660 1056//660 1054//660
f 1057//661 1059//661 1055//661
f 293//662 1522//662 292//662
f 288//663 1521//664 1522//665
f 292//666 1523//666 329//666
f 331//667 1508//667 1524//667
f 306//668 453//668 305//668
f 100//669 41//669 99//669
f 462//670 78//670 79//670
f 330//671 1524//671 462//671
f 635//672 1068//672 636//672
f 1485//673 1526//673 1528//673
f 206//674 1528//674 1510//674
f 1070//675 1072//675 831//675
f 942//676 1073//676 1074//676
f 916//677 1075//677 917//677
f 440//678 1530//678 439//678
f 157//679 1514//679 285//679
f 1529//680 5//680 1530//680
f 371//681 546//681 63//681
f 790//682 663//682 791//682
f 1077//683 857//683 1078//683
f 1403//684 1435//684 1165//684
f 1080//685 1082//685 1079//685
f 531//686 1529//686 440//686
f 21//687 1084//687 1085//687
f 272//688 1531//688 561//688
f 137//689 396//689 397//689
f 690//690 802//691 691//692
f 335//693 3567//693 581//693
f 1090//694 1029//694 1091//694
f 1092//695 794//695 1042//695
f 1533//696 137//697 138//698
f 661//699 1095//699 1096//699
f 69//700 445//700 72//700
f 1099//701 1101//701 1098//701
f 38//702 1536//702 1505//702
f 1104//703 1106//703 1103//703
f 852//704 1108//704 853//704
f 1377//705 909//705 1386//705
f 291//706 411//706 294//706
f 316//707 516//707 33//707
f 539//708 1533//708 534//708
f 1505//709 316//709 313//709
f 1110//710 1112//710 1113//710
f 1539//711 460//711 264//711
f 522//712 1537//712 1539//712
f 834//713 1120//713 1119//713
f 1122//714 1124//715 1121//716
f 612//717 1041//717 901//717
f 935//718 615//718 614//718
f 276//719 130//719 131//719
f 1686//720 3522//720 1685//720
f 193//721 1541//721 273//721
f 231//722 1540//722 287//722
f 556//723 982//723 557//723
f 365//724 85//724 345//724
f 190//725 318//726 1541//727
f 1810//728 3574//728 3528//728
f 3924//729 3512//729 3791//729
f 1132//730 985//730 1131//730
f 208//731 102//731 132//731
f 1134//732 662//733 661//734
f 1491//735 80//735 77//735
f 429//736 1542//736 147//736
f 1137//737 915//737 918//737
f 172//738 428//738 174//738
f 1139//739 1141//739 1142//739
f 549//740 54//740 55//740
f 1517//741 1518//741 296//741
f 976//742 1146//742 938//742
f 834//743 984//743 941//743
f 1543//744 286//744 115//744
f 1544//745 239//745 513//745
f 133//746 1544//746 1542//746
f 506//747 257//747 258//747
f 420//748 328//748 401//748
f 1158//749 1160//749 1157//749
f 587//750 1103//750 588//750
f 1513//751 1514//751 151//751
f 607//752 1027//752 608//752
f 304//753 1545//753 303//753
f 364//754 77//754 506//754
f 69//755 198//755 139//755
f 1006//756 976//756 938//756
f 700//757 1112//757 701//757
f 3877//758 3525//758 3787//758
f 1166//759 657//760 656//761
f 1167//762 858//762 1077//762
f 1300//763 3524//763 1299//763
f 1172//764 1174//765 1175//766
f 218//767 200//767 217//767
f 1179//768 1181//768 1178//768
f 372//769 97//769 98//769
f 89//770 227//770 88//770
f 1186//771 1188//771 1189//771
f 172//772 1517//772 1549//772
f 1482//773 81//773 1498//773
f 1090//774 1193//774 1030//774
f 394//775 353//775 1551//775
f 526//776 1198//776 1197//776
f 811//777 858//777 812//777
f 1199//778 1026//778 1025//778
f 606//779 697//779 696//779
f 1204//780 1206//780 743//780
f 1207//781 523//782 526//783
f 1209//784 867//784 613//784
f 914//785 685//785 936//785
f 1478//786 1441//786 1477//786
f 1029//787 1161//787 1091//787
f 1211//788 1213//788 1214//788
f 3858//789 1451//789 3859//789
f 844//790 1216//790 845//790
f 423//791 273//791 274//791
f 1220//792 1222//792 1083//792
f 22//793 1224//793 23//793
f 882//794 897//794 881//794
f 1519//795 173//795 387//795
f 1189//796 1232//796 1178//796
f 349//797 550//797 416//797
f 1071//798 1236//798 1072//798
f 1237//799 1239//799 745//799
f 1221//800 1189//800 1240//800
f 1510//801 1512//801 333//801
f 939//802 1241//802 1005//802
f 1556//803 5//803 67//803
f 1553//804 394//804 1551//804
f 404//805 67//805 347//805
f 1247//806 1249//806 1246//806
f 142//807 238//807 92//807
f 1251//808 635//808 1250//808
f 850//809 1253//809 851//809
f 1254//810 1077//810 1255//810
f 57//811 133//811 429//811
f 443//812 552//812 551//812
f 1187//813 1175//813 1188//813
f 1256//814 831//814 833//814
f 432//815 382//815 383//815
f 741//816 747//816 746//816
f 434//817 351//817 415//817
f 349//818 383//818 348//818
f 251//819 1481//819 1480//819
f 395//820 352//820 353//820
f 1518//821 1550//821 1551//821
f 1558//822 378//823 340//824
f 109//825 314//825 315//825
f 285//826 1513//826 407//826
f 395//827 393//827 392//827
f 202//828 410//828 1558//828
f 417//829 405//829 432//829
f 1246//830 1258//830 1247//830
f 3//831 297//831 2//831
f 1259//832 1261//833 1262//834
f 403//835 347//835 284//835
f 955//836 953//836 952//836
f 462//837 51//837 330//837
f 1096//838 687//838 1263//838
f 429//839 60//16 57//18
f 896//840 1265//840 932//840
f 1267//841 1268//841 1266//841
f 423//842 327//842 420//842
f 37//843 180//843 40//843
f 20//844 1187//844 1186//844
f 1256//845 1071//845 1070//845
f 155//846 156//846 504//846
f 1188//847 1269//847 1232//847
f 1236//848 1271//848 1262//848
f 1272//849 535//849 621//849
f 565//850 463//850 464//850
f 1273//851 745//852 1239//853
f 876//854 1255//855 1274//856
f 316//857 164//93 315//92
f 437//858 503//858 1509//858
f 194//859 1495//859 197//859
f 1275//860 864//860 863//860
f 624//861 631//861 630//861
f 1277//862 1137//862 1278//862
f 569//863 567//863 566//863
f 1481//864 125//864 366//864
f 324//865 547//865 326//865
f 1279//866 1107//866 1280//866
f 1525//867 329//867 1523//867
f 1281//868 1137//868 918//868
f 171//869 1553//869 1552//869
f 1488//870 396//870 1533//870
f 1557//871 1562//872 1559//873
f 1282//874 1206//874 1205//874
f 1053//875 1278//875 1281//875
f 778//876 607//876 1283//876
f 713//877 3566//877 3569//877
f 251//878 144//878 124//878
f 4//879 348//879 383//879
f 709//880 707//881 706//882
f 728//883 45//883 246//883
f 261//884 1563//884 544//884
f 789//885 1287//885 790//885
f 74//886 263//886 282//886
f 403//887 385//887 434//887
f 1178//888 1240//888 1189//888
f 1223//889 1289//889 1224//889
f 158//890 150//890 151//890
f 1220//891 1186//891 1221//891
f 296//892 354//892 433//892
f 784//893 1538//893 1566//893
f 1181//894 1291//894 1222//894
f 1269//895 1257//895 1246//895
f 1566//896 438//896 399//896
f 136//897 1566//897 1564//897
f 1563//898 169//898 1565//898
f 107//34 109//899 108//32
f 1297//900 1298//900 1296//900
f 1464//901 1476//901 1461//901
f 1520//902 507//902 508//902
f 1301//903 1303//903 1304//903
f 1306//904 1308//904 1305//904
f 175//905 1532//906 272//907
f 1532//908 200//908 201//908
f 1311//909 1312//909 1313//909
f 872//910 1315//910 1316//910
f 1317//911 1318//911 1319//911
f 3836//912 878//912 3828//912
f 1305//913 864//913 1276//913
f 1040//914 863//914 1320//914
f 1564//915 399//915 169//915
f 592//916 1575//916 591//916
f 591//917 1088//917 689//917
f 1581//918 1583//918 1582//918
f 1196//919 1147//919 1176//919
f 710//920 583//920 713//920
f 285//921 408//921 386//921
f 953//922 961//922 963//922
f 1594//923 1589//923 1593//923
f 1585//924 1587//925 1586//926
f 1592//927 1590//927 1589//927
f 3885//928 944//928 3899//928
f 1600//929 1598//929 1597//929
f 1604//930 1602//930 1601//930
f 1399//931 979//932 980//933
f 1589//934 1596//934 1595//934
f 1610//935 1608//935 1607//935
f 298//936 361//936 360//936
f 551//937 276//937 277//937
f 1627//938 3814//938 3819//938
f 859//939 818//939 860//939
f 1078//940 1328//940 1329//940
f 1555//941 1530//941 1556//941
f 572//942 680//942 681//942
f 772//943 776//943 774//943
f 977//944 918//944 917//944
f 404//945 392//945 393//945
f 1054//946 750//946 753//946
f 1644//947 1643//947 1642//947
f 932//948 1082//948 933//948
f 1067//949 1334//949 1068//949
f 1540//950 264//950 114//950
f 597//951 643//951 1336//951
f 471//952 762//952 470//952
f 1642//953 3831//953 3842//953
f 1644//954 3842//954 3843//954
f 923//955 950//955 927//955
f 96//956 548//957 95//958
f 520//959 522//959 521//959
f 445//960 443//960 442//960
f 849//961 848//961 842//961
f 480//962 755//962 493//962
f 1646//963 481//963 1639//963
f 311//964 1567//964 170//964
f 464//965 3497//965 3495//965
f 3497//966 1361//966 3495//966
f 234//967 236//967 235//967
f 190//968 192//968 191//968
f 153//969 152//969 149//969
f 231//970 286//970 230//970
f 1552//971 1551//971 1550//971
f 760//972 1648//973 488//974
f 3832//975 1649//975 3830//975
f 828//976 826//976 825//976
f 52//977 166//977 165//977
f 1663//978 1661//978 1660//978
f 287//979 115//980 286//981
f 668//982 670//982 669//982
f 634//983 640//984 639//985
f 553//986 559//986 554//986
f 118//987 33//987 516//987
f 492//988 491//988 490//988
f 3552//989 1651//989 3553//989
f 582//990 584//991 583//992
f 384//993 392//993 415//993
f 1381//994 1383//994 1380//994
f 1562//995 435//995 436//995
f 952//996 951//996 947//996
f 3529//997 583//997 584//997
f 1660//998 1667//998 1666//998
f 1394//999 1396//999 1393//999
f 1660//1000 1664//1000 1663//1000
f 1671//1001 1669//1001 1668//1001
f 1624//1002 1673//1002 1672//1002
f 1407//1003 1409//1003 1410//1003
f 1677//1004 1675//1004 1674//1004
f 1613//1005 1677//1005 1625//1005
f 1679//1006 1676//1006 1677//1006
f 1626//1007 3811//1007 3814//1007
f 534//1008 198//1008 539//1008
f 176//1009 150//1009 159//1009
f 803//1010 734//1011 800//1012
f 400//1013 191//1013 192//1013
f 65//1014 143//1014 144//1014
f 3526//1015 1656//1015 3540//1015
f 402//1016 157//1016 283//1016
f 629//1017 627//1017 626//1017
f 461//1018 49//1018 50//1018
f 758//1019 495//1019 756//1019
f 796//1020 786//1020 785//1020
f 406//1021 1513//1021 1560//1021
f 342//1022 166//1022 167//1022
f 1694//1023 1658//1023 1695//1023
f 1692//1024 1694//1025 1696//1026
f 3557//1027 1652//1027 3552//1027
f 3921//1028 1703//1028 3923//1029
f 326//1030 302//1030 90//1030
f 3916//1031 1702//1031 1706//1031
f 3919//1032 1698//1032 1701//1032
f 1699//1033 3927//1034 3918//1035
f 1557//1036 1560//1037 1561//1038
f 1127//1039 1117//1040 1128//1041
f 400//1042 289//1042 346//1042
f 1706//1043 1707//1043 1708//1043
f 1707//1044 1599//1045 1600//1046
f 1709//1047 1708//1047 1588//1047
f 1714//1048 1711//1049 1713//1050
f 3919//1051 1709//1051 1700//1051
f 1704//1052 1577//1052 1703//1052
f 1716//1053 1713//1054 1715//1055
f 1559//873 1549//1056 297//1057
f 1722//1058 1720//1058 1719//1058
f 1335//1059 596//1059 1489//1059
f 410//1060 377//1060 378//1060
f 973//1061 1163//1061 972//1061
f 168//1062 399//1062 398//1062
f 1571//1063 1089//1063 1093//1063
f 1572//1064 682//1065 1571//1066
f 749//1067 647//1067 754//1067
f 1730//1068 1723//1068 1729//1068
f 1594//1069 1729//1069 1592//1069
f 1729//1070 1591//1070 1592//1070
f 1731//1071 1730//1071 1583//1071
f 1384//1072 1377//1072 1379//1072
f 1732//1073 1712//1073 1714//1073
f 1724//1074 1731//1074 1732//1074
f 1712//1075 1731//1075 1580//1075
f 1722//1076 1732//1076 1733//1076
f 1721//1077 1733//1077 1734//1077
f 1734//1078 1716//1078 1717//1078
f 1735//1079 1736//1079 1697//1079
f 1733//1080 1714//1080 1716//1080
f 1663//1081 1741//1081 1668//1081
f 1742//1082 1740//1082 1743//1082
f 1738//1083 1737//1083 1735//1083
f 1665//1084 1666//1084 1740//1084
f 1665//1085 1744//1085 1664//1085
f 1725//1086 1746//1086 1745//1086
f 1591//1087 1745//1087 1590//1087
f 1590//1088 1747//1088 1596//1088
f 1745//1089 1748//1089 1747//1089
f 1659//1090 3538//1091 3542//1092
f 3287//1093 3545//1093 3282//1093
f 1185//1094 1182//1094 1190//1094
f 1664//1095 1749//1095 1741//1095
f 1741//1096 1739//1096 1738//1096
f 1746//1097 1743//1097 1748//1097
f 1726//1098 1742//1098 1746//1098
f 1153//1099 924//1099 925//1099
f 1115//1100 1153//1100 1154//1100
f 1654//1101 3575//1101 1655//1101
f 1896//1102 3549//1102 1686//1102
f 1720//1103 1744//1104 1726//1105
f 1721//1106 1749//1106 1720//1106
f 1750//1107 1701//1107 1698//1107
f 1697//1108 1750//1108 1696//1108
f 1151//1109 1063//1109 1062//1109
f 1751//1110 1670//1110 1671//1110
f 1695//1111 1752//1112 1751//1113
f 961//1114 986//1115 981//1116
f 1770//1117 1768//1117 1767//1117
f 1766//1118 1593//1118 1765//1118
f 1731//1119 1579//1119 1580//1119
f 1579//1120 1774//1120 1578//1120
f 3928//1121 1771//1121 3929//1121
f 1764//1122 3928//1122 3917//1122
f 1777//1123 1775//1123 1774//1123
f 3762//1124 1699//1124 1700//1124
f 1004//1125 1128//1126 1003//1127
f 1774//1128 1771//1129 1772//1130
f 987//1131 1399//1131 980//1131
f 1578//1132 1772//1132 1764//1132
f 1783//1133 1781//1133 1778//1133
f 1597//1134 1770//1134 1767//1134
f 639//1135 3895//1135 3884//1135
f 3928//1136 1769//1136 1770//1136
f 1793//1137 1789//1137 1788//1137
f 3929//1138 1798//1138 1769//1138
f 3508//1139 3773//1139 1806//1139
f 1802//1140 3924//1141 3922//1142
f 1788//1143 1794//1143 1793//1143
f 1793//1144 1795//1145 1776//1144
f 3773//1146 1675//1146 1806//1146
f 1584//1147 1783//1147 1789//1147
f 1771//1148 3920//1148 3929//1148
f 1801//1149 1798//1149 1800//1149
f 1768//1150 1798//1151 1799//1152
f 1775//1153 1797//1153 1771//1153
f 508//1154 515//1154 1520//1154
f 1796//1155 1802//1155 1797//1155
f 1800//1156 3920//1156 3922//1156
f 1794//1157 1804//1157 1795//1157
f 3532//1158 1752//1158 3547//1158
f 485//1159 1807//1159 775//1159
f 3809//1160 1640//1160 768//1160
f 3837//1161 1810//1161 1653//1161
f 485//1162 1640//1162 1808//1162
f 1690//1163 3770//1163 3772//1163
f 487//1164 1648//1164 1811//1164
f 3839//1165 1816//1165 3822//1165
f 3838//1166 1648//1166 3830//1166
f 3839//1167 1811//1167 3838//1167
f 1812//1168 487//1168 1811//1168
f 1641//1169 767//1169 768//1169
f 465//1170 755//1170 776//1170
f 767//1171 3823//1171 3808//1171
f 3822//1172 3826//1172 3847//1172
f 1809//1173 1815//1173 767//1173
f 3837//1174 1651//1175 3840//1176
f 675//1177 3541//1177 3496//1177
f 1814//1178 1822//1178 1821//1178
f 1821//1179 3821//1179 3820//1179
f 1824//1180 1649//1180 1825//1180
f 1827//1181 1850//1181 1805//1181
f 1668//1182 1662//1182 1663//1182
f 1779//1183 1848//1183 1828//1183
f 1790//1184 1805//1184 1794//1184
f 1833//1185 1853//1185 1852//1185
f 3521//1186 693//1186 575//1186
f 1614//1187 1616//1187 1617//1187
f 1852//1188 3498//1188 3501//1188
f 1620//1189 1622//1189 1623//1189
f 1855//1190 1574//1190 1861//1190
f 1847//1191 3501//1192 3513//1193
f 1766//1194 1855//1194 1782//1194
f 1629//1195 1631//1195 1628//1195
f 1633//1196 1634//1196 1632//1196
f 1635//1197 1637//1197 1638//1197
f 1848//1198 1852//1198 1847//1198
f 1855//1199 1863//1199 1862//1199
f 1803//1200 1867//1200 1802//1200
f 1862//1201 1831//1201 1832//1201
f 1782//1202 1862//1203 1781//1204
f 3922//1205 1865//1205 1800//1205
f 1873//1206 1870//1206 1869//1206
f 1874//1207 799//1207 804//1207
f 2045//1208 3897//1208 2044//1208
f 1219//1209 1295//1209 1225//1209
f 1615//1210 1396//1211 1395//1212
f 3884//1213 1877//1213 1876//1213
f 645//1214 3786//1214 3559//1214
f 1345//1215 1035//1215 1346//1215
f 634//1216 3884//1216 3880//1216
f 15//1217 1327//1217 14//1217
f 3910//1218 1878//1218 1893//1218
f 1894//1219 605//1219 1893//1219
f 3506//1220 627//1220 693//1220
f 3560//1221 645//1221 3559//1221
f 340//1222 454//1222 1558//1222
f 1897//1223 195//1223 1898//1223
f 1889//1224 1877//1224 1890//1224
f 1901//1225 129//1225 1900//1225
f 196//1226 754//1226 232//1226
f 1705//1227 3921//1227 3916//1227
f 340//1228 166//1228 343//1228
f 1570//1229 563//1230 561//1231
f 1904//1232 194//1232 1897//1232
f 1781//1233 1832//1233 1780//1233
f 1905//1234 55//1234 1906//1234
f 1000//1235 995//1235 996//1235
f 986//1236 920//1236 987//1236
f 1191//1237 1190//1237 1194//1237
f 2094//1238 2075//1239 2093//1240
f 1920//1241 1919//1241 1915//1241
f 453//1242 1912//1242 1911//1242
f 1915//1243 1918//1243 1916//1243
f 3882//1244 2106//1244 3901//1244
f 1655//1245 3531//1245 1868//1245
f 1916//1246 1926//1246 1925//1246
f 704//1247 3561//1247 703//1247
f 278//1248 1925//1248 1900//1248
f 3565//1249 1818//1250 1820//1251
f 1097//1252 1115//1252 1114//1252
f 1927//1253 727//1253 1923//1253
f 3578//1254 3654//1254 3758//1254
f 1920//1255 307//1255 1929//1255
f 1929//1256 48//1256 728//1256
f 503//1257 1497//1257 1509//1257
f 1902//1258 787//1258 796//1258
f 1816//1259 3820//1259 3826//1259
f 1925//1260 1923//1260 1924//1260
f 1535//1261 1568//1261 1534//1261
f 254//1262 258//1262 255//1262
f 1509//1263 366//1263 367//1263
f 119//1264 35//1264 36//1264
f 219//1265 293//1265 294//1265
f 141//1266 47//1266 431//1266
f 542//1267 244//1267 245//1267
f 1940//1268 430//1269 431//1270
f 1779//1271 1827//1272 1790//1273
f 1701//1274 3915//1274 3919//1274
f 1661//1275 3515//1275 1667//1275
f 270//1276 754//1276 647//1276
f 197//1277 749//1277 196//1277
f 1727//1278 1212//1278 1211//1278
f 53//1279 232//1280 754//1281
f 1465//1282 1479//1282 1478//1282
f 1284//1283 3854//1283 1293//1283
f 1951//1284 412//1284 413//1284
f 168//1285 1554//1285 1553//1285
f 1486//1286 206//1286 207//1286
f 506//1287 78//1287 361//1287
f 994//1288 1007//1288 993//1288
f 951//1289 963//1289 964//1289
f 1013//1290 3861//1290 1351//1290
f 3826//1291 1820//1291 1818//1291
f 1498//1292 1954//1292 1482//1292
f 299//1293 543//1293 132//1293
f 1754//1294 1756//1295 1753//1296
f 1681//1297 1683//1297 1682//1297
f 1696//1298 1695//1298 1697//1298
f 13//1299 738//1299 737//1299
f 473//1300 475//1300 474//1300
f 482//1301 768//1301 1640//1301
f 204//1302 30//1302 205//1302
f 1761//1303 820//1303 819//1303
f 611//1304 1125//1304 612//1304
f 1501//1305 1908//1306 1909//1307
f 1074//1308 711//1309 699//1310
f 1960//1311 82//1311 83//1311
f 120//1312 1960//1312 123//1312
f 35//1313 87//1313 34//1313
f 1773//1314 1025//1314 1031//1314
f 1965//1315 1569//1315 1535//1315
f 494//1316 471//1316 479//1316
f 1966//1317 1969//1317 1968//1317
f 446//1318 1971//1318 1967//1318
f 174//1319 125//1319 126//1319
f 1580//1320 1578//1320 1577//1320
f 1785//1321 1787//1321 1784//1321
f 1972//1322 304//1322 305//1322
f 1254//1323 875//1323 999//1323
f 1973//1324 342//1324 514//1324
f 321//1325 1973//1325 509//1325
f 1910//1326 275//1326 1907//1326
f 509//1327 514//1327 508//1327
f 1486//1328 1527//1328 1485//1328
f 1974//1329 804//1329 1975//1329
f 1977//1330 1974//1330 1978//1330
f 1980//1331 1966//1331 1981//1331
f 379//1332 2//1332 295//1332
f 1718//1333 1710//1333 1701//1333
f 884//1334 992//1334 883//1334
f 1680//1335 1678//1335 1679//1335
f 902//1336 525//1336 524//1336
f 344//1337 256//1337 299//1337
f 135//1338 137//1338 136//1338
f 236//1339 228//1339 333//1339
f 448//1340 1967//1341 1966//1342
f 589//1343 604//1343 584//1343
f 910//1344 908//1344 907//1344
f 1981//1345 1968//1345 1987//1345
f 1982//1346 1987//1346 1979//1346
f 1988//1347 1987//1347 1989//1347
f 1990//1348 1989//1348 1991//1348
f 1991//1349 1993//1349 1992//1349
f 322//1350 320//1351 319//1352
f 992//1353 830//1353 883//1353
f 1144//1354 1086//1355 1143//1356
f 1995//1357 1978//1357 1994//1357
f 1133//1358 1118//1359 1126//1360
f 1997//1361 1994//1361 1996//1361
f 870//1362 1335//1362 1489//1362
f 805//1363 1982//1364 1998//1365
f 727//1366 2000//1366 1999//1366
f 1996//1367 1988//1367 1990//1367
f 1994//1368 1979//1368 1988//1368
f 1829//1369 792//1369 1273//1369
f 1830//1370 941//1370 983//1370
f 798//1371 800//1371 799//1371
f 729//1372 731//1372 730//1372
f 2011//1373 2023//1373 2022//1373
f 1834//1374 846//1374 1159//1374
f 402//1375 284//1375 347//1375
f 2022//1376 2024//1377 2025//1378
f 1838//1379 989//1379 988//1379
f 810//1380 952//1380 809//1380
f 1823//1381 1840//1381 644//1381
f 1430//1382 1432//1382 1431//1382
f 1215//1383 1841//1383 1079//1383
f 149//1384 176//1384 177//1384
f 1316//1385 873//1385 872//1385
f 2112//1386 1384//1386 2106//1386
f 1842//1387 1844//1387 1845//1387
f 1159//1388 845//1388 1160//1388
f 837//1389 1846//1389 1120//1389
f 1971//1390 2030//1390 2027//1390
f 517//1391 370//1391 189//1391
f 858//1392 833//1392 812//1392
f 1471//1393 2027//1393 1888//1393
f 3551//1394 626//1394 627//1394
f 2174//1395 770//1395 490//1395
f 935//1396 1854//1396 1010//1396
f 1613//1397 1611//1397 1618//1397
f 1231//1398 1225//1398 1295//1398
f 1856//1399 891//1399 892//1399
f 1300//1400 748//1400 741//1400
f 1150//1401 1858//1401 1859//1401
f 1643//1402 696//1402 1642//1402
f 1215//1403 1264//1403 1216//1403
f 1320//1404 902//1404 901//1404
f 1956//1405 1944//1405 1960//1405
f 2031//1406 669//1406 1474//1406
f 2034//1407 1310//1408 1299//357
f 1879//1409 1656//1410 1657//1411
f 40//1412 242//1412 39//1412
f 1992//1413 2039//1413 1456//1413
f 888//1414 957//1415 889//1416
f 1882//1417 1996//1417 1990//1417
f 1078//1418 1255//1418 1077//1418
f 1871//1419 1192//1419 1090//1419
f 294//1420 218//1420 219//1420
f 1323//1421 2026//1422 1471//1423
f 123//1424 83//1424 1484//1424
f 1324//1425 2041//1425 1323//1425
f 384//1426 359//1426 352//1426
f 1324//1427 2038//1427 2036//1427
f 1883//1428 1885//1428 1829//1428
f 287//1429 114//1429 107//1429
f 1096//1430 1134//732 661//734
f 915//1431 931//1431 916//1431
f 806//1432 1981//1432 1982//1432
f 3533//1433 584//1433 604//1433
f 1425//1434 2042//1434 1018//1434
f 1018//1435 1948//1435 1017//1435
f 3562//1436 740//1436 3519//1436
f 1948//1437 649//1438 646//1439
f 1881//1440 1990//1441 1991//1442
f 1900//1443 130//1443 278//1443
f 992//1444 994//1444 993//1444
f 923//1445 925//1445 924//1445
f 3878//1446 2047//1446 3876//1446
f 1643//1447 625//1448 606//1449
f 2050//1450 2051//1450 2049//1450
f 2045//1451 1404//1451 2047//1451
f 3876//1452 945//1452 3885//1452
f 1139//1453 1079//1453 1841//1453
f 1037//1454 892//1454 982//1454
f 2055//1455 2057//1455 2056//1455
f 1198//1456 718//1456 717//1456
f 1619//1457 1612//1458 1611//1459
f 2058//1460 1606//1460 2059//1460
f 2059//1461 1607//1461 2058//1461
f 2058//1462 1624//1462 1605//1462
f 71//1463 179//1463 37//1463
f 405//1464 1557//1464 382//1464
f 976//1465 1006//1465 977//1465
f 322//1466 1972//1466 1911//1466
f 2061//1467 2063//1467 2062//1467
f 2066//1468 2067//1468 1825//1468
f 2052//1469 2064//1469 2051//1469
f 1609//1470 2066//1470 1647//1470
f 1515//1471 152//1471 1516//1471
f 1009//1472 993//1472 1007//1472
f 1644//1473 3815//1474 2118//1475
f 279//1476 1916//1476 278//1476
f 1285//1477 3862//1477 1284//1477
f 1647//1478 1825//1478 1649//1478
f 2056//1479 2067//1479 2065//1479
f 319//1480 1953//1480 1952//1480
f 667//1481 1913//1481 1914//1481
f 2070//1482 625//1482 2048//1482
f 2052//1483 2055//1483 2063//1483
f 2038//1484 1655//1484 1458//1484
f 1606//1485 2073//1485 2072//1485
f 1235//1486 1270//1486 1236//1486
f 2072//1487 2075//1487 2074//1487
f 2059//1488 2072//1488 2062//1488
f 2074//1489 2077//1489 2076//1489
f 1601//1490 2078//1491 2073//1492
f 2049//1493 1643//1493 1645//1493
f 1000//1494 1001//1494 994//1494
f 1089//1495 684//1495 689//1495
f 1931//1496 1306//1497 1930//1497
f 1462//1498 1021//1498 1022//1498
f 1932//1499 1934//1499 1935//1499
f 875//1500 1846//1500 998//1500
f 1936//1501 1937//1501 1938//1501
f 44//1502 46//1502 92//1502
f 1534//1503 1956//1503 120//1503
f 1541//1504 317//1504 391//1504
f 2081//1505 2084//1506 2083//1507
f 146//1508 1959//1508 300//1508
f 1360//1509 1942//1509 1361//1509
f 985//1510 1032//1510 1033//1510
f 1995//1511 1892//1511 2043//1511
f 2079//1512 2082//1513 2081//1514
f 2095//1515 2076//1515 2077//1515
f 2081//1516 2078//1516 2079//1516
f 2055//1517 2054//1518 2053//1519
f 501//1520 2095//1520 500//1520
f 2097//1521 2099//1521 2098//1521
f 2098//1522 2094//1522 2083//1522
f 2140//1523 3893//1523 3866//1523
f 2141//1524 3894//1524 3893//1524
f 2051//1525 2048//1526 2049//1527
f 592//1528 2101//1529 1576//1530
f 2071//1531 2076//1531 2096//1531
f 2102//1532 2098//1532 2101//1532
f 593//1533 2102//1533 592//1533
f 1019//1534 746//1534 747//1534
f 1950//1535 12//1535 1327//1535
f 725//1536 2096//1536 501//1536
f 1385//1537 2104//1537 1379//1537
f 1379//1538 2106//1538 1384//1538
f 2107//1539 2100//1540 2097//1541
f 3908//1542 502//1543 3896//1544
f 3896//1545 499//1546 3901//1547
f 940//1548 2109//1549 944//1550
f 928//1551 1170//1551 973//1551
f 3868//1552 684//1552 3899//1552
f 1962//1553 1964//1553 1961//1553
f 3878//1554 573//1554 3897//1554
f 2039//1555 1968//1556 1969//1557
f 1389//1558 2110//1559 2109//1549
f 1398//1560 2113//1560 1397//1560
f 3757//1561 3753//1561 3743//1561
f 3911//1562 2107//1563 2103//1564
f 949//1565 924//1565 1115//1565
f 260//1566 324//1566 326//1566
f 1390//1567 2113//1568 2110//1569
f 2070//1570 2064//1570 2071//1570
f 3867//1571 2103//1572 593//1573
f 2105//1574 1421//1574 2114//1574
f 2114//1575 1423//1575 2115//1575
f 3892//1576 2115//1576 3903//1576
f 3908//1577 2114//1577 3892//1577
f 554//1578 1902//1578 553//1578
f 972//1579 967//260 966//259
f 1765//1580 1573//1580 1574//1580
f 1984//1581 1986//1581 1983//1581
f 2053//1582 2069//1582 2057//1582
f 3573//1583 724//1583 714//1583
f 1625//1584 1674//1584 1673//1584
f 3881//1585 2119//1585 2122//1585
f 3903//1586 2123//1586 3904//1586
f 56//1587 1906//1587 55//1587
f 626//1588 3879//1588 629//1588
f 2001//1589 2003//1589 2004//1589
f 3912//1590 2127//1590 3907//1590
f 2006//1591 2008//1592 2009//1593
f 2127//1594 1412//1594 2128//1594
f 2014//1595 2016//1595 2017//1595
f 2018//1596 2020//1597 2021//1598
f 1495//1599 1947//1599 197//1599
f 1379//1600 1386//1600 1385//1600
f 3814//1601 1680//1601 1618//1601
f 2029//1602 1884//1602 2028//1602
f 3902//1603 2120//1603 3887//1603
f 629//1604 3914//1604 3872//1604
f 682//1605 943//1605 1089//1605
f 724//1606 2121//1606 716//1606
f 1757//1607 3821//1607 3845//1607
f 765//1608 3844//1608 3809//1608
f 3851//1609 715//1609 3852//1609
f 706//1610 3870//1610 3872//1610
f 981//1611 987//1611 980//1611
f 1457//1612 1656//1612 1880//1612
f 2017//1613 2032//1613 2033//1613
f 1458//1614 1868//1614 1457//1614
f 1776//1144 1792//1615 1793//1144
f 1959//1616 1946//1616 1958//1616
f 3663//1617 3725//1617 3661//1617
f 3913//1618 2122//1618 3850//1618
f 1093//1619 689//1619 1088//1619
f 966//1620 968//1620 972//1620
f 3852//1621 3881//1621 3913//1621
f 2172//1622 2170//1622 2171//1622
f 670//1623 2137//1623 669//1623
f 3761//1624 1903//1624 233//1624
f 1429//1625 28//1625 1449//1625
f 964//1626 978//1627 971//1628
f 3841//1629 1413//1629 2127//1629
f 1473//1630 669//1631 2137//1632
f 3834//1633 1359//1633 1358//1633
f 2138//1634 1870//1634 2137//1634
f 1872//1635 2137//1635 1870//1635
f 715//1636 3888//1636 3881//1636
f 1881//1637 1992//1637 1880//1637
f 3843//1638 739//1638 740//1638
f 1837//1639 3513//1639 3514//1639
f 253//1640 59//1640 85//1640
f 1808//1641 3840//1641 1807//1641
f 1647//1642 3818//1642 1609//1642
f 3865//1643 671//1643 668//1643
f 2112//1644 3883//1645 2111//1646
f 1405//1647 2044//1647 1438//1647
f 3829//1648 1364//1648 1366//1648
f 273//1649 391//1649 249//1649
f 576//1650 3520//1650 3555//1650
f 3875//1651 668//1652 2031//1653
f 1430//1654 2140//1654 2139//1654
f 2136//1655 3860//1655 28//1655
f 1430//1656 18//1656 19//1656
f 3893//1657 570//1657 695//1657
f 1442//1658 2046//1659 2141//1660
f 1431//1661 2141//1661 2140//1661
f 3869//1662 3850//1662 2136//1662
f 3808//1663 1817//1663 766//1663
f 3866//1664 695//1664 671//1664
f 2142//1665 798//1665 2138//1665
f 571//1666 2142//1667 694//1668
f 3819//1669 1618//1669 1611//1669
f 2143//1670 2025//1671 2142//1672
f 694//342 2138//1673 670//343
f 681//1674 2144//1674 572//1674
f 2144//1675 2022//1675 2143//1675
f 328//1676 457//1676 290//1676
f 1572//1677 2011//1677 2144//1677
f 630//1678 3903//1678 624//1678
f 2085//1679 2087//1680 2088//1681
f 2090//1682 2092//1682 2089//1682
f 572//1683 2143//1683 571//1683
f 1875//1684 2153//1685 2149//1686
f 1873//1687 2149//1687 2154//1687
f 2103//1688 2097//1688 2102//1688
f 2157//1689 2155//1689 2156//1689
f 2128//1690 1414//1690 2120//1690
f 3874//1691 589//1691 582//1691
f 3872//1692 628//1692 629//1692
f 2149//1693 2158//1693 2159//1693
f 2159//1694 3905//1694 3890//1694
f 698//1695 3902//1695 705//1695
f 3823//1696 3827//1697 1817//1698
f 2158//1699 3874//1699 3905//1699
f 1438//1700 2046//1700 1439//1700
f 2035//1701 2160//1701 2161//1701
f 2161//1702 3889//1702 3886//1702
f 3871//1703 605//1703 589//1703
f 3873//1704 18//1704 3875//1704
f 370//1705 61//1705 451//1705
f 649//1706 413//1706 648//1706
f 2153//1707 2156//1707 2158//1707
f 1428//1708 1449//1708 1450//1708
f 1490//1709 73//1710 1488//1711
f 3890//1712 710//1712 633//1712
f 2155//1713 3891//1714 3871//1715
f 1456//1716 1880//1716 1992//1716
f 2125//1717 2087//1717 2124//1717
f 2160//1718 3890//1719 3889//1720
f 300//1721 505//1721 323//1721
f 1064//1722 1046//1723 1065//1724
f 2043//1725 1891//1725 2155//1725
f 2129//1726 2004//1726 2003//1726
f 2131//1727 2133//1727 2134//1727
f 3848//1728 1450//1728 1449//1728
f 1998//1365 804//1729 805//1363
f 3879//1730 3864//1731 3914//1732
f 474//1733 490//1733 770//1733
f 1164//1734 1182//1734 1177//1734
f 707//1735 3909//1735 3870//1735
f 708//1736 2162//1736 707//1736
f 2162//1737 3886//1737 3909//1737
f 548//1738 1905//1738 458//1738
f 1145//1739 1114//1739 1171//1739
f 705//1740 1650//1740 704//1740
f 2043//1741 1977//1741 1995//1741
f 737//1742 554//1742 559//1742
f 1034//1743 1191//1743 1023//1743
f 458//1744 1907//1744 275//1744
f 195//1745 232//1745 233//1745
f 2040//1746 1969//1746 1970//1746
f 2145//1747 2147//1747 2148//1747
f 2054//1748 2049//1748 1645//1748
f 3832//1749 1639//1749 3818//1749
f 9//1750 11//1750 10//1750
f 252//1751 506//1751 258//1751
f 472//1752 479//1752 471//1752
f 1865//1753 3791//1753 3503//1753
f 900//1754 910//1754 907//1754
f 1941//1755 2151//1755 1942//1755
f 1921//1756 1927//1756 1919//1756
f 2163//1757 1898//1757 2116//1757
f 271//1758 153//1758 178//1758
f 1904//1759 12//1759 9//1759
f 282//1760 264//1760 460//1760
f 1872//1761 2154//1762 2035//1763
f 1326//1764 1897//1764 2163//1764
f 628//1765 693//1765 627//1765
f 1724//1766 1719//1766 1723//1766
f 1549//1767 436//1767 172//1767
f 1582//1768 1730//1768 1729//1768
f 1921//1769 1929//1769 1928//1769
f 3563//1770 10//1770 11//1770
f 2152//1771 1950//1771 1949//1771
f 475//1772 774//1772 771//1772
f 769//1773 2171//1773 473//1773
f 2171//1774 476//1774 473//1774
f 476//1775 772//1775 475//1775
f 1791//1776 464//1776 1760//1776
f 2166//1777 2168//1777 2169//1777
f 595//1778 372//1778 98//1778
f 483//1779 1641//1779 482//1779
f 762//1780 2173//1780 470//1780
f 771//1781 484//1781 492//1781
f 486//1782 1809//1782 483//1782
f 297//1783 1517//1783 296//1783
f 763//1784 2174//1784 762//1784
f 776//1785 759//1785 489//1785
f 184//1786 2176//1786 2000//1786
f 412//1787 303//1787 414//1787
f 2005//1788 185//1789 224//1790
f 3811//1791 1682//1791 3846//1791
f 2164//1792 756//1792 764//1792
f 1472//1793 2161//1794 2162//1795
f 950//1796 964//1796 965//1796
f 2177//1797 2179//1797 2180//1797
f 227//1798 1510//1798 333//1798
f 764//1799 467//1799 2164//1799
f 2182//1800 2184//1800 2181//1800
f 2186//1801 2018//1801 2185//1801
f 1985//1802 2181//1802 1986//1802
f 214//1803 729//1803 1531//1803
f 1545//1804 1546//1804 1569//1804
f 865//1805 842//1805 866//1805
f 849//1806 1357//1806 1362//1806
f 452//1807 1558//1807 454//1807
f 559//1808 3188//1808 737//1808
f 16//1809 737//1809 3188//1809
f 560//1810 498//1811 374//1812
f 3193//1813 3195//1813 3194//1813
f 3200//1814 3198//1814 3199//1814
f 3211//1815 3213//1815 3212//1815
f 3215//1816 3217//1816 3216//1816
f 2187//1817 2002//1817 2001//1817
f 2169//1818 2189//1818 2190//1818
f 2192//1819 2085//1819 2191//1819
f 2193//1820 2195//1820 2196//1820
f 2198//1821 2200//1822 2197//1823
f 1998//1824 1979//1824 1975//1824
f 3664//1825 3668//1825 3671//1825
f 2116//1826 1903//1827 1902//1828
f 1859//1829 2009//1829 1150//1829
f 3904//1830 2126//1830 3906//1830
f 1135//1831 1087//1831 1130//1831
f 2201//1832 2015//1832 2014//1832
f 1149//1833 110//1833 1858//1833
f 3221//1834 3218//1834 3215//1834
f 2203//1835 2205//1835 2206//1835
f 579//1836 1895//1836 1019//1836
f 1755//1837 2208//1837 1756//1837
f 3891//1838 1893//1838 605//1838
f 1211//1839 2150//1840 1727//1841
f 868//1842 2210//1842 2209//1842
f 944//1843 930//1843 940//1843
f 2130//1844 2202//1844 2201//1844
f 233//1845 1898//1845 195//1845
f 665//1846 750//1846 666//1846
f 1167//1847 999//1847 618//1847
f 2211//1848 2213//1849 2214//1850
f 2215//1851 2217//1852 2218//1853
f 3867//1854 590//1855 3868//1856
f 2220//1857 220//1857 2219//1857
f 823//1858 948//1859 1094//1860
f 3225//1861 3227//1861 3226//1861
f 266//1862 455//1862 265//1862
f 3882//1863 2107//1863 3883//1863
f 2221//1864 3519//1865 3517//1866
f 2223//1867 2225//1867 2226//1867
f 2207//1868 2124//1868 2208//1868
f 673//1869 3869//1869 3864//1869
f 817//1870 996//1870 815//1870
f 2227//1871 2146//1872 2145//1873
f 1947//1874 646//1874 749//1874
f 3900//1875 17//1875 3873//1875
f 2229//1876 1638//1876 1381//1876
f 1679//1877 1618//1877 1680//1877
f 1637//1878 2232//1878 2230//1878
f 2233//1879 1617//1879 1616//1879
f 2231//1880 2236//1880 2237//1880
f 1381//1881 2238//1881 1382//1881
f 3586//1882 2242//1883 3587//1884
f 1630//1885 2233//1885 1631//1885
f 1681//1886 472//1886 469//1886
f 1408//1887 2243//1887 2244//1887
f 3236//1888 3238//1888 3237//1888
f 3232//1889 3240//1889 3235//1889
f 1637//1890 2238//1890 1638//1890
f 3237//1891 3233//1891 3234//1891
f 1409//1892 1634//1892 2245//1892
f 1380//1893 2247//1893 2246//1893
f 1628//1894 2245//1894 1621//1894
f 2249//1895 1622//1895 1633//1895
f 1632//1896 1408//1896 2244//1896
f 2248//1897 1631//1897 2250//1897
f 2235//1898 1637//1898 1636//1898
f 3245//1899 3199//1899 3198//1899
f 631//1900 2071//1900 725//1900
f 515//1901 52//1901 49//1901
f 782//1902 2251//1903 1251//1904
f 2253//1905 2255//1905 2252//1905
f 397//1906 459//1906 784//1906
f 1456//1907 2040//1907 1455//1907
f 2040//1908 2036//1908 1455//1908
f 1401//1909 2111//1910 1398//1911
f 2041//1912 1970//1912 2026//1912
f 1535//1913 414//1913 1965//1913
f 1586//1914 2080//1914 2079//1914
f 2256//1915 1132//1915 1886//1915
f 1700//1916 3918//1916 3919//1916
f 3815//1917 1686//1918 3817//1919
f 1263//1920 1886//1920 1096//1920
f 598//1921 844//1922 599//1923
f 2257//1924 2259//1924 2260//1924
f 2258//1925 2262//1926 2259//1927
f 2259//1928 2263//1928 2216//1928
f 2260//1929 2216//1929 2215//1929
f 1967//1930 1970//1930 1969//1930
f 2212//1931 1963//1931 2213//1931
f 922//1932 2218//1853 2217//1852
f 1312//1933 1101//1933 2264//1933
f 1307//1934 1286//1934 789//1934
f 1548//1935 1546//1935 1972//1935
f 2266//1936 2268//1936 2265//1936
f 2265//1937 2270//1937 2269//1937
f 2272//1938 2269//1938 2271//1938
f 2273//1939 2265//1939 2272//1939
f 2275//1940 2277//1940 2274//1940
f 2278//1941 2277//1941 2279//1941
f 2284//1942 3617//1942 3639//1942
f 2287//1943 2286//1943 2281//1943
f 2288//1944 2283//1944 2287//1944
f 2290//1945 3639//1945 3620//1945
f 2291//1946 2293//1946 2294//1946
f 2295//1947 2294//1947 2279//1947
f 2296//1948 2291//1948 2295//1948
f 2297//1949 2292//1949 2291//1949
f 2294//1950 2299//1950 2300//1950
f 2279//1951 2300//1951 2278//1951
f 2298//1952 2302//1952 2292//1952
f 2292//1953 2303//1953 2293//1953
f 2293//1954 2304//1954 2299//1954
f 2304//1955 2306//1955 2299//1955
f 2306//1956 2300//1956 2299//1956
f 2308//1957 2310//1957 2307//1957
f 2302//1958 2310//1959 2303//1960
f 2301//1961 2307//1961 2302//1961
f 2312//1962 2307//1962 2311//1962
f 2313//1963 2315//1963 2316//1963
f 2318//1964 2320//1964 2317//1964
f 3748//1965 2322//1966 2323//1967
f 2324//1968 2273//1969 2326//1970
f 2313//1971 2326//1971 2327//1971
f 2328//1972 2313//1972 2316//1972
f 2329//1973 2324//1973 2328//1973
f 2331//1974 2333//1974 2330//1974
f 2330//1975 2267//1975 2266//1975
f 2325//1976 2266//1977 2273//1978
f 2329//1979 2330//1979 2325//1979
f 2333//1980 2335//1980 2267//1980
f 2336//1981 2333//1982 2332//1983
f 2338//1984 2332//1983 2337//1985
f 2331//1986 2337//1987 2332//1988
f 2329//1989 2339//1989 2331//1989
f 2328//1990 2340//1991 2329//1992
f 2316//1993 2341//1993 2328//1993
f 2342//1994 2315//1994 2343//1994
f 2344//1995 2346//1995 2347//1995
f 2341//1996 2347//1997 2340//1998
f 2342//1999 2344//1999 2341//1999
f 2348//2000 2345//2001 2344//2002
f 2350//2003 2352//2003 2353//2003
f 2339//2004 2353//2004 2337//2004
f 2340//2005 2350//2005 2339//2005
f 2347//2006 2351//2006 2350//2006
f 2337//2007 2354//2007 2338//2007
f 2353//2008 2355//2008 2354//2008
f 2356//2009 2276//2009 2357//2009
f 2356//2010 2358//2010 2359//2010
f 2356//2011 2296//2011 2295//2011
f 2279//2012 2356//2012 2295//2012
f 2360//2013 2270//2013 2268//2013
f 2267//2014 2360//2014 2268//2014
f 2362//2015 2364//2016 2365//2017
f 2362//2018 2361//2019 2358//2020
f 2366//2021 2358//2021 2357//2021
f 2366//2022 2363//2023 2362//2024
f 2357//2025 2368//2025 2366//2025
f 2366//2026 2369//2027 2367//2028
f 2276//2029 2370//2030 2368//2031
f 2368//2032 2282//2032 2369//2032
f 2372//2033 2374//2033 2371//2033
f 2375//2034 2377//2034 2007//2034
f 2378//2035 2380//2036 2381//2037
f 2382//2038 2381//2038 2383//2038
f 2384//2039 2378//2040 2382//2041
f 2385//2042 2379//2042 2378//2042
f 2388//2043 2390//2043 2387//2043
f 2387//2044 2392//2044 2391//2044
f 2393//2045 2387//2046 2391//2047
f 2394//2048 2388//2048 2387//2048
f 2186//2049 2402//2050 2400//2051
f 2403//2052 2327//2053 2326//2054
f 2272//2055 2326//2055 2273//2055
f 2271//2056 2403//2056 2272//2056
f 2405//2057 2404//2058 2403//2059
f 2404//2060 2408//2060 2327//2060
f 2409//2061 2411//2061 2412//2061
f 2409//2062 2271//2062 2269//2062
f 2413//2063 2269//2063 2270//2063
f 2413//2064 2410//2064 2409//2064
f 2417//2065 2416//2066 2418//2067
f 2417//2068 2406//2068 2405//2068
f 2412//2069 2405//2069 2271//2069
f 2411//2070 2417//2070 2412//2070
f 2406//2071 2407//2071 2404//2071
f 3569//2072 632//2072 713//2072
f 2420//2073 2397//2073 2421//2073
f 2420//2074 2423//2074 2422//2074
f 2424//2075 2422//2075 2419//2075
f 2424//2076 2398//2076 2420//2076
f 2425//2077 2392//2077 2426//2077
f 2421//2078 2426//2078 2423//2078
f 2397//2079 2425//2079 2421//2079
f 2396//2080 2391//2080 2425//2080
f 2427//2081 2315//2081 2314//2081
f 2427//2082 2408//2082 2428//2082
f 2430//2083 2428//2083 2429//2083
f 2343//2084 2427//2084 2430//2084
f 2432//2085 2430//2085 2431//2085
f 2431//2086 2429//2086 2433//2086
f 2435//2087 2433//2087 2434//2087
f 2436//2088 2431//2089 2435//2090
f 2428//2091 2407//2091 2437//2091
f 2422//2092 2407//2092 2419//2092
f 2438//2093 2422//2093 2423//2093
f 2429//2094 2437//2094 2438//2094
f 2440//2095 2433//2095 2439//2095
f 2441//2096 2433//2096 2429//2096
f 2442//2097 2439//2097 2441//2097
f 2443//2098 2440//2098 2439//2098
f 2445//2099 2444//2100 2443//2101
f 2447//2102 2443//2102 2442//2102
f 2383//2103 2445//2103 2447//2103
f 2381//2104 2446//2104 2445//2104
f 2448//2105 2423//2105 2426//2105
f 2449//2106 2426//2106 2392//2106
f 2441//2107 2449//2107 2442//2107
f 2441//2108 2438//2108 2448//2108
f 2449//2109 2390//2109 2450//2109
f 2450//2110 2389//2110 2451//2110
f 2447//2111 2451//2111 2383//2111
f 2442//2112 2450//2112 2447//2112
f 2451//2113 2453//2114 2452//2115
f 2452//2116 2455//2116 2454//2116
f 2382//2117 2454//2117 2384//2117
f 2383//2118 2452//2118 2382//2118
f 2456//2119 2373//2119 2372//2119
f 2459//2120 2461//2120 2458//2120
f 2463//2121 2465//2121 2462//2121
f 2462//2122 2285//2122 2284//2122
f 2466//2123 2284//2123 2290//2123
f 2467//2124 2462//2124 2466//2124
f 2461//2125 3703//2125 3701//2125
f 2468//2126 2470//2127 2471//2128
f 2472//2129 2471//2129 2473//2129
f 2474//2130 3701//2130 3688//2130
f 2475//2131 2477//2131 2478//2131
f 2458//2132 2453//2132 2479//2132
f 2479//2133 2389//2134 2388//2135
f 2395//2136 2479//2137 2388//2138
f 2480//2139 2458//2140 2479//2141
f 2481//2142 2483//2142 2478//2142
f 2484//2143 2485//2143 221//2143
f 2471//2144 2464//2145 2463//2146
f 2473//2147 2463//2147 2467//2147
f 2487//2148 2466//2148 2486//2148
f 2486//2149 2290//2149 2488//2149
f 2490//2150 2488//2150 2489//2150
f 2491//2151 2486//2151 2490//2151
f 2492//2152 2467//2152 2487//2152
f 2493//2153 2487//2153 2491//2153
f 2494//2154 2492//2154 2493//2154
f 2495//2155 2473//2155 2492//2155
f 3690//2156 2474//2156 3688//2156
f 3691//2157 2496//2157 3690//2157
f 2498//2158 2493//2158 2499//2158
f 2500//2159 2499//2159 2501//2159
f 3700//2160 2498//2160 2500//2160
f 3687//2161 2494//2161 2498//2161
f 2306//2162 2278//2162 2300//2162
f 2305//2163 2504//2163 2306//2163
f 2504//2164 2507//2164 2506//2164
f 2506//2165 2288//2165 2508//2165
f 2274//2166 2508//2166 2275//2166
f 2278//2167 2506//2167 2274//2167
f 3633//2168 2489//2168 2488//2168
f 3620//2169 2488//2169 2290//2169
f 2507//2170 2289//2170 2288//2170
f 2505//2171 2509//2171 2507//2171
f 2508//2172 2287//2172 2511//2172
f 2511//2173 2281//2173 2280//2173
f 2370//2174 2280//2174 2282//2174
f 2275//2175 2511//2175 2370//2175
f 2512//2176 2489//2176 2513//2176
f 2514//2177 2513//2177 2515//2177
f 2517//2178 2514//2178 2516//2178
f 2517//2179 2490//2179 2512//2179
f 2499//2180 2491//2180 2517//2180
f 2499//2181 2516//2182 2501//2183
f 2510//2184 2519//2185 2518//2186
f 2518//2187 2521//2188 2520//2189
f 3616//2190 2520//2190 3621//2190
f 3632//2191 2518//2191 3616//2191
f 2522//2192 2303//2193 2310//2194
f 2523//2195 2310//2194 2309//2196
f 2305//2197 2522//2198 2524//2199
f 2524//2200 2523//2200 2525//2200
f 2519//2201 2525//2201 2521//2201
f 2505//2202 2524//2202 2519//2202
f 2308//2203 2527//2203 2526//2203
f 2526//2204 2529//2204 2528//2204
f 2531//2205 2528//2205 2530//2205
f 2309//2206 2526//2206 2531//2206
f 1214//2207 2151//2208 1211//2209
f 2419//2210 2418//2210 2424//2210
f 2533//2211 2349//2211 2317//2211
f 2534//2212 2317//2212 2320//2212
f 2535//2213 2533//2213 2534//2213
f 2536//2214 2345//2214 2533//2214
f 2537//2215 2346//2215 2536//2215
f 2538//2216 2536//2216 2535//2216
f 2539//2217 2537//2217 2538//2217
f 2540//2218 2351//2218 2537//2218
f 2312//2219 2541//2220 2527//2221
f 2527//2222 2542//2222 2529//2222
f 2543//2223 2434//2224 2544//2225
f 2545//2226 2544//2226 2546//2226
f 2319//2227 2543//2227 2545//2227
f 2318//2228 2435//2229 2543//2230
f 2514//2231 2548//2231 2547//2231
f 2547//2232 2550//2232 2549//2232
f 2552//2233 2549//2233 2551//2233
f 2552//2234 2514//2234 2547//2234
f 2520//2235 2554//2235 2553//2235
f 2553//2236 2556//2236 2555//2236
f 3590//2237 2555//2237 3593//2237
f 3621//2238 2553//2238 3590//2238
f 2523//2239 2531//2239 2557//2239
f 2557//2240 2530//2240 2558//2240
f 2525//2241 2557//2241 2559//2241
f 2559//2242 2558//2242 2560//2242
f 2554//2243 2560//2243 2556//2243
f 2521//2244 2559//2244 2554//2244
f 2561//2245 2007//2245 2006//2245
f 2376//2246 2225//2246 2377//2246
f 2564//2247 2566//2248 2563//2249
f 2563//2250 338//2250 2567//2250
f 2569//2251 2567//2251 2568//2251
f 2570//2252 2563//2252 2569//2252
f 2572//2253 2574//2253 2571//2253
f 2571//2254 2576//2255 2575//2256
f 2544//2257 2575//2257 2546//2257
f 2544//2258 2572//2258 2571//2258
f 2578//2259 2569//2260 2577//2261
f 2579//2262 2569//2262 2568//2262
f 2574//2263 2579//2264 2576//2265
f 2573//2266 2577//2261 2574//2267
f 2581//2268 2583//2268 2580//2268
f 2584//2269 2583//2269 2585//2269
f 3697//2270 2580//2270 2584//2270
f 3676//2271 2580//2271 3675//2271
f 2582//2272 2552//2272 2583//2272
f 2583//2273 2551//2273 2585//2273
f 2500//2274 2589//2274 2588//2274
f 2590//2275 2589//2275 2591//2275
f 3693//2276 2588//2276 2590//2276
f 3695//2277 2500//2277 2588//2277
f 2501//2278 2591//2278 2589//2278
f 2592//2279 2594//2279 2595//2280
f 2386//2281 2503//2281 2502//2281
f 2596//2282 2386//2282 2374//2282
f 2596//2283 2373//2283 2597//2283
f 2599//2284 2597//2285 2598//2286
f 2599//2287 2379//2287 2596//2287
f 2600//2288 2380//2289 2599//2290
f 2600//2291 2598//2291 2601//2291
f 2603//2292 2601//2292 2602//2292
f 2603//2293 2446//2293 2600//2293
f 2604//2294 2602//2294 2605//2294
f 2440//2295 2605//2295 2434//2295
f 2444//2100 2604//2296 2440//2297
f 2606//2298 2581//2298 2607//2298
f 2606//2299 2590//2299 2591//2299
f 2591//2300 2582//2300 2606//2300
f 3676//2301 2456//2301 3689//2301
f 3689//2302 2372//2303 3693//2304
f 2478//2305 2608//2305 2481//2305
f 2609//2306 2611//2307 2199//2308
f 2564//2309 2613//2309 2612//2309
f 2612//2310 2598//2310 2597//2310
f 2457//2311 2597//2312 2373//2313
f 2565//2314 2612//2314 2457//2314
f 2614//2315 2570//2315 2578//2315
f 2615//2316 2578//2259 2573//2266
f 2602//2317 2614//2317 2615//2317
f 2601//2318 2613//2318 2614//2318
f 2572//2319 2605//2319 2616//2319
f 2616//2320 2602//2320 2615//2320
f 2573//2321 2616//2321 2615//2321
f 1459//2322 1045//2322 1021//2322
f 1265//2323 1079//2323 1082//2323
f 1612//1458 1609//2324 1611//1459
f 2067//2325 2069//2325 2068//2325
f 1135//2326 1136//2327 1148//2328
f 1938//2329 2618//2329 2617//2329
f 95//2330 458//2330 128//2330
f 2058//2331 1608//2331 1612//2331
f 1454//2332 1445//2332 1367//2332
f 655//2333 1048//2333 2619//2333
f 722//2334 2621//2334 723//2334
f 1131//2335 1033//2336 1134//2337
f 562//2338 366//2338 1497//2338
f 1723//2339 1725//2339 1591//2339
f 1786//2340 1122//2340 1787//2340
f 267//2341 323//2341 266//2341
f 1325//2342 1654//2342 2038//2342
f 1468//2343 1435//2343 1479//2343
f 658//2344 529//2345 528//2346
f 8//2347 247//2347 7//2347
f 382//2348 1559//2348 3//2348
f 788//2349 1307//2349 789//2349
f 940//2350 929//2350 928//2350
f 911//2351 2623//2351 912//2351
f 2621//2352 655//2352 654//2352
f 2624//2353 2625//2353 2626//2353
f 998//2354 27//2354 26//2354
f 635//2355 2626//2355 2625//2355
f 2627//2356 644//2356 1840//2356
f 2628//2357 1840//2357 2629//2357
f 1200//2358 2627//2358 2628//2358
f 1199//2359 641//2359 2627//2359
f 1520//2360 49//2360 477//2360
f 1452//2361 1349//2361 1451//2361
f 2630//2362 1859//2362 1858//2362
f 644//2363 1335//2363 1823//2363
f 1197//2364 717//2364 2632//2364
f 2632//2365 719//2365 1166//2365
f 2628//2366 1166//2366 1200//2366
f 2629//2367 2632//2367 2628//2367
f 1762//2368 1050//2368 821//2368
f 1823//2369 873//2369 1839//2369
f 2634//2370 794//2370 652//2370
f 1028//2371 1027//2372 1161//2373
f 1042//2374 2635//2375 1043//2376
f 93//2377 1901//2377 1924//2377
f 2036//2378 1458//2379 1455//2380
f 1527//2381 1525//2381 1526//2381
f 877//2382 1274//2382 1277//2382
f 134//2383 797//2383 1544//2383
f 1328//2384 931//2384 1329//2384
f 607//2385 1091//2385 1161//2385
f 1043//2386 2637//2386 2636//2386
f 2636//2387 2639//2387 2638//2387
f 1275//2388 2638//2388 1276//2388
f 1275//2389 1043//2390 2636//2391
f 1272//2392 2626//2392 2640//2392
f 2640//2393 638//2393 637//2393
f 1110//2394 2640//2394 637//2394
f 536//2395 2640//2395 2641//2395
f 1472//2396 1474//2396 1473//2396
f 2042//2397 1951//2397 649//2397
f 1058//2398 1105//2398 1059//2398
f 2642//2399 2643//2400 2644//2401
f 1192//2402 2644//2402 1193//2402
f 912//2403 2642//2403 1192//2403
f 3898//2404 3526//2404 3786//2404
f 1049//2405 2620//2405 2621//2405
f 616//2406 1885//2406 613//2406
f 1331//2407 666//2407 750//2407
f 990//2408 1198//2408 525//2408
f 1911//2409 321//2409 322//2409
f 1298//2410 1205//2411 2645//2412
f 76//2413 1504//2413 75//2413
f 1502//2414 421//2415 422//2416
f 610//2417 658//2417 691//2417
f 1146//2418 659//2418 938//2418
f 2646//2419 914//2419 936//2419
f 1280//2420 1238//2420 1279//2420
f 975//2421 2647//2421 2648//2421
f 2647//2422 975//2422 974//2422
f 1453//2423 1452//2423 1451//2423
f 1514//2424 158//2424 151//2424
f 835//2425 1843//2425 1842//2425
f 1271//2426 1173//2426 1289//2426
f 2649//2427 813//2427 2650//2427
f 1893//2428 1826//2428 1894//2428
f 1050//2429 1937//2429 1051//2429
f 2651//2430 814//2430 813//2430
f 1006//2431 1281//2431 977//2431
f 2653//2432 2654//2432 2655//2432
f 1001//2433 1003//2434 1002//2435
f 585//2436 679//2436 558//2436
f 2624//2437 621//2437 620//2437
f 555//2438 2028//2438 556//2438
f 1207//2439 1197//2439 2629//2439
f 1626//2440 478//2440 472//2440
f 426//2441 419//2442 1567//2443
f 1030//2444 1773//2444 1031//2444
f 3898//2445 634//2445 3880//2445
f 534//2446 138//2447 262//2448
f 1125//2449 1042//2450 1041//2451
f 333//2452 88//2452 227//2452
f 569//2453 561//2453 730//2453
f 1489//2454 871//2454 870//2454
f 1857//2455 620//2455 891//2455
f 1673//2456 3770//2457 3763//2458
f 622//2459 864//2459 1308//2459
f 2647//2460 974//2460 2657//2460
f 619//450 891//2461 620//448
f 261//2462 545//2462 262//2462
f 393//2463 1556//2463 404//2463
f 2658//2464 2647//2464 2657//2464
f 1075//2465 2657//2465 917//2465
f 1081//2466 2658//2466 1075//2466
f 1080//2467 2659//2467 2658//2467
f 2644//2468 1141//2468 2660//2468
f 2660//2469 1140//2469 1336//2469
f 642//2470 1336//2470 643//2470
f 1193//2471 2660//2471 642//2471
f 679//2472 555//2472 558//2472
f 1503//2473 1500//2473 1502//2473
f 1318//2474 1101//2474 1100//2474
f 2661//2475 1139//2475 1142//2475
f 2661//2476 2663//2476 2662//2476
f 2662//2477 2659//2477 2661//2477
f 2662//2478 2622//2479 2664//2480
f 2664//2481 911//2482 2646//2483
f 2648//2484 2646//2484 1146//2484
f 2648//2485 2662//2478 2664//2480
f 2083//2486 2093//2486 2081//2486
f 1442//2487 1437//2487 1439//2487
f 519//2488 330//2488 51//2488
f 1885//2489 1209//2489 613//2489
f 799//2490 805//2490 804//2490
f 1946//2491 1952//2491 1953//2491
f 1302//2492 1253//2492 1252//2492
f 566//2493 224//2493 533//2493
f 1389//2494 928//2494 1388//2494
f 683//2495 681//2495 680//2495
f 836//2496 1842//2496 2665//2496
f 2665//2497 1845//2497 1303//2497
f 2666//2498 1303//2499 1302//2500
f 24//2501 2665//2501 2666//2501
f 831//2502 2650//2503 832//2504
f 1845//2505 1304//2505 1303//2505
f 2010//2506 2012//2506 2011//2506
f 1051//2507 2667//2507 2668//2507
f 1522//2508 1511//2508 1523//2508
f 531//2509 441//2509 522//2509
f 782//1902 1251//1904 1250//2510
f 1250//2511 2625//2511 2669//2511
f 2669//2512 1857//2512 1856//2512
f 783//2513 1856//2513 1037//2513
f 782//2514 2669//2514 783//2514
f 720//2515 2671//2516 721//2517
f 1055//2518 1930//2519 1056//2520
f 1333//2521 1251//2521 2251//2521
f 619//2522 1308//2522 1307//2522
f 652//2523 2619//2523 2634//2523
f 521//2524 1539//2524 1540//2524
f 1838//2525 537//2525 2672//2525
f 2672//2526 536//2526 2641//2526
f 1113//2527 2641//2527 1110//2527
f 1113//2528 1838//2528 2672//2528
f 1016//2529 1351//2529 1045//2529
f 3897//2530 570//2530 3894//2530
f 226//2531 104//2531 101//2531
f 3564//2532 3827//2532 1818//2532
f 1036//2533 1884//2533 1883//2533
f 2674//2534 1304//2535 2673//2536
f 2673//2537 1844//2537 2675//2537
f 1334//2538 2675//2538 1039//2538
f 1333//2539 2673//2539 1334//2539
f 2676//2540 1039//2540 2675//2540
f 1843//2541 2675//2541 1844//2541
f 942//2542 2676//2542 1843//2542
f 1074//2543 702//2543 2676//2543
f 811//2544 859//2544 858//2544
f 752//2545 1055//2545 753//2545
f 1200//2546 656//2546 1026//2546
f 1120//2547 874//2547 2677//2547
f 2677//2548 877//2548 1052//2548
f 1241//2549 1052//2549 1005//2549
f 1119//2550 2677//2550 1241//2550
f 1560//2551 151//2551 1515//2551
f 1208//2552 611//2552 523//2552
f 215//2553 736//2553 214//2553
f 1460//2554 1462//2554 1461//2554
f 1208//2555 1839//2555 873//2555
f 854//2556 1282//2556 1297//2556
f 72//2557 182//2557 179//2557
f 544//2558 1565//2558 512//2558
f 217//2559 456//2559 457//2559
f 2047//2560 930//2561 945//2562
f 1204//2563 1937//2563 2633//2563
f 913//2564 686//2564 685//2564
f 840//2565 1113//2565 1112//2565
f 1531//2566 730//2566 561//2566
f 2678//2567 1283//2567 801//2567
f 601//2568 1914//2569 602//2570
f 1537//2571 459//2571 460//2571
f 1819//2572 3509//2573 3527//2574
f 991//2575 862//2575 538//2575
f 2679//2576 1073//2576 1830//2576
f 2680//2577 983//2577 2256//2577
f 779//2578 2256//2578 1263//2578
f 778//2579 2680//2579 779//2579
f 2678//2580 1830//2581 2680//2582
f 180//2583 245//2583 40//2583
f 1886//2584 1131//2335 1134//2337
f 1138//2585 1274//2585 1255//2585
f 1841//2586 1140//2587 1139//2588
f 75//2589 314//2589 74//2589
f 193//2590 420//2590 192//2590
f 2681//2591 1099//2591 1098//2591
f 170//2592 1565//2592 169//2592
f 349//2593 417//2593 432//2593
f 1121//2594 2684//2594 2683//2594
f 547//2595 409//2595 302//2595
f 123//2596 121//2596 120//2596
f 2643//2597 1142//2598 1141//2599
f 1542//2600 513//2600 1543//2600
f 899//2601 907//2601 919//2601
f 1210//2602 676//2602 867//2602
f 791//2603 982//2603 892//2603
f 24//2604 837//2604 836//2604
f 893//2605 932//2605 931//2605
f 1860//2606 863//2606 862//2606
f 535//2607 862//2607 861//2607
f 832//2608 813//2608 812//2608
f 2650//2609 813//2609 832//2609
f 1569//2610 1547//2610 1568//2610
f 181//2611 542//2611 180//2611
f 660//2612 937//2612 688//2612
f 2013//2613 568//2613 2012//2613
f 887//2614 2631//2614 2630//2614
f 1524//2615 361//2615 78//2615
f 520//2616 162//2616 1529//2616
f 2653//2617 854//2617 2685//2617
f 1238//2618 2655//2618 2686//2618
f 718//2619 527//2619 530//2619
f 1492//2620 518//2620 1491//2620
f 792//2621 615//2621 793//2621
f 599//2622 1835//2622 596//2622
f 290//2623 456//2623 175//2623
f 312//2624 1552//2624 425//2624
f 1248//2625 1179//2625 1249//2625
f 153//2626 177//2626 178//2626
f 1240//2627 1222//2627 1221//2627
f 1257//2628 1235//2628 1071//2628
f 1291//2629 1083//2629 1222//2629
f 1052//2630 1277//2630 1053//2630
f 743//2631 2618//2631 1204//2631
f 444//2632 430//2632 443//2632
f 23//2633 1172//2633 1187//2633
f 2687//2634 1180//2634 1179//2634
f 102//2635 409//2635 134//2635
f 1283//2636 610//2636 801//2636
f 373//2637 650//2637 651//2637
f 1180//2638 1084//2638 1291//2638
f 855//2639 2655//2639 1237//2639
f 1173//2640 1917//2640 1174//2640
f 2689//2641 853//2641 2688//2641
f 2688//2642 1108//2642 1279//2642
f 2686//2643 1279//2643 1238//2643
f 2687//2644 2688//2644 2686//2644
f 2691//2645 1252//2646 2690//2647
f 2690//2648 850//2648 2689//2648
f 1248//2649 2689//2649 2687//2649
f 1248//2650 2691//2650 2690//2650
f 2692//2651 24//2651 2666//2651
f 2691//2652 2666//2652 1302//2652
f 1247//2653 2692//2653 2691//2653
f 1258//2654 617//2654 2692//2654
f 394//2655 1555//2655 393//2655
f 2693//2656 1259//2656 1223//2656
f 1072//2657 1262//834 1261//833
f 1257//2658 1168//2658 1258//2658
f 398//2659 1555//2659 1554//2659
f 871//2660 1314//2660 872//2660
f 1178//2661 1249//2661 1179//2661
f 1224//2662 1173//2662 1172//2662
f 1010//2663 2618//2663 742//2663
f 1175//2664 1292//2664 1269//2664
f 2654//2665 2686//2665 2655//2665
f 2694//2666 1216//2666 1264//2666
f 71//2667 1487//2668 70//2669
f 701//2670 1111//2670 1038//2670
f 1072//2671 2649//2671 2650//2671
f 1085//2672 22//2672 21//2672
f 895//2673 1264//2674 896//2675
f 1601//2676 1605//2676 1604//2676
f 1259//2677 1271//2677 1289//2677
f 21//2678 1220//2678 1083//2678
f 988//2679 538//2679 537//2679
f 598//2680 1336//2680 1140//2680
f 820//2681 1762//2681 821//2681
f 1050//2682 818//2682 821//2682
f 1298//2683 1761//2683 2652//2683
f 1168//2684 618//2684 617//2684
f 858//2685 1256//2685 833//2685
f 39//2686 516//2686 1536//2686
f 2652//2687 819//2688 814//2689
f 313//2690 315//2690 314//2690
f 2026//2691 1971//2691 2027//2691
f 2656//2692 596//2692 1835//2692
f 814//2693 818//2693 811//2693
f 2696//2694 813//2694 2649//2694
f 1260//2695 2649//2695 1261//2695
f 2693//2696 2696//2696 1260//2696
f 2697//2697 2651//2698 2696//2699
f 381//2700 390//2700 380//2700
f 3818//2701 1611//2701 1609//2701
f 1475//2702 1428//2702 1227//2702
f 1292//2703 1917//2703 1235//2703
f 1551//2704 354//2704 1518//2704
f 1526//2705 1523//2705 1511//2705
f 1593//2706 1595//2706 1573//2706
f 1232//2707 1246//2707 1249//2707
f 2695//2708 1223//2708 22//2708
f 2698//2709 1296//2709 2697//2709
f 2698//2710 2693//2710 2695//2710
f 2685//2711 2695//2711 1085//2711
f 2685//2712 1297//2712 2698//2712
f 562//2713 271//2713 272//2713
f 2652//2714 1296//2714 1298//2714
f 1365//2715 1364//2715 1363//2715
f 1958//2716 1953//2717 1957//2718
f 585//2719 2210//2719 997//2719
f 1561//2720 1515//2720 435//2720
f 975//2721 1146//2721 976//2721
f 347//2722 68//2722 346//2722
f 1038//2723 636//2723 1068//2723
f 2700//2724 780//2724 2699//2724
f 2699//2725 1036//2725 1883//2725
f 2701//2726 1883//2726 1829//2726
f 851//2727 2699//2727 2701//2727
f 2674//2728 2251//2728 2702//2728
f 2702//2729 781//2729 2700//2729
f 1253//2730 2700//2730 851//2730
f 1301//2731 2702//2731 1253//2731
f 1519//2732 388//2732 1550//2732
f 1273//2733 1280//2733 2703//2733
f 2703//2734 1107//2734 852//2734
f 2701//2735 852//2735 851//2735
f 1829//2736 2703//2736 2701//2736
f 91//2737 326//2737 90//2737
f 1784//2738 2656//2738 1785//2738
f 2683//2739 2705//2739 2704//2739
f 604//2740 3499//2741 3533//2742
f 1669//2743 3548//2743 1662//2743
f 2062//2744 2060//2744 2059//2744
f 621//2745 861//2746 622//2747
f 2023//2748 732//2748 2024//2748
f 686//2749 1263//2750 687//2751
f 857//2752 2668//2752 1328//2752
f 883//2753 882//2753 879//2753
f 637//2754 1111//2754 1110//2754
f 2668//2755 893//2755 1328//2755
f 2667//2756 894//2756 2668//2756
f 1039//2757 1068//2757 1334//2757
f 313//2758 1504//2758 1505//2758
f 1911//2759 305//2759 453//2759
f 1936//2760 1964//2760 2212//2760
f 2707//2761 2401//2761 2183//2761
f 2708//2762 2183//2762 2182//2762
f 738//2763 2116//2764 554//2765
f 2349//2766 2432//2766 2436//2766
f 2711//2767 2020//2767 2019//2767
f 2400//2768 2019//2768 2186//2768
f 2714//2769 2716//2769 2713//2769
f 2717//2770 2719//2770 2720//2770
f 2721//2771 2723//2772 2724//2773
f 2726//2774 2728//2774 2725//2774
f 2725//2775 2730//2775 2729//2775
f 2731//2776 2729//2776 2709//2776
f 2732//2777 2725//2777 2731//2777
f 2734//2778 2736//2779 2733//2780
f 2738//2781 2740//2781 2737//2781
f 2737//2782 2741//2782 2742//2782
f 2744//2783 2746//2783 2743//2783
f 2745//2784 2748//2784 2747//2784
f 2749//2785 2747//2785 2751//2785
f 2753//2786 2751//2786 2752//2786
f 2250//2787 2246//2787 2248//2787
f 2754//2788 1614//2788 2755//2788
f 3598//2789 2755//2789 3609//2789
f 3608//2790 2747//2790 3609//2790
f 1617//2791 2755//2791 1614//2791
f 2242//2792 1620//2792 2757//2792
f 2191//2793 2760//2793 2759//2793
f 2761//2794 2760//2794 2762//2794
f 3648//2795 2761//2795 3649//2795
f 3623//2796 2759//2796 3648//2796
f 3209//2797 3223//2797 3224//2797
f 1395//2798 2236//2798 2235//2798
f 1395//1212 1636//2799 1615//1210
f 1616//2800 2229//2800 2233//2800
f 1617//2801 2763//2801 2756//2801
f 2756//2802 3628//2802 3608//2802
f 2765//2803 2234//2803 1630//2803
f 2766//2804 3628//2804 3622//2804
f 3202//2805 3246//2805 3247//2805
f 1516//2806 435//2806 1515//2806
f 2768//2807 3552//2807 3553//2807
f 1495//2808 578//2809 1424//2810
f 2135//2811 28//2811 17//2811
f 3526//2812 2773//2812 2774//2812
f 1690//2813 3926//2813 3925//2813
f 2778//2814 2780//2814 2777//2814
f 2777//2815 2781//2816 2782//2817
f 2784//2818 2777//2818 2783//2818
f 3555//2819 575//2820 576//2821
f 1494//2822 9//2822 540//2822
f 3529//2823 2015//2823 3566//2823
f 451//2824 505//2824 450//2824
f 2786//2825 2788//2825 2785//2825
f 2779//2826 2785//2826 2780//2826
f 2789//2827 2741//2827 2740//2827
f 2790//2828 2752//2828 2789//2828
f 2792//2829 2794//2829 2791//2829
f 2793//2830 2796//2830 2794//2830
f 2796//2831 2750//2831 2749//2831
f 2794//2832 2749//2832 2753//2832
f 2798//2833 1396//2833 2754//2833
f 3591//2834 2754//2834 3598//2834
f 2798//2835 2800//2835 1393//2835
f 3591//2836 2799//2836 2798//2836
f 2797//2837 2795//2837 2801//2837
f 2791//2838 2753//2838 2790//2838
f 216//2839 232//2839 54//2839
f 3804//2840 2807//2840 3803//2840
f 3805//2841 2804//2842 3803//2843
f 2769//2844 3557//2844 3552//2844
f 183//2845 184//2845 97//2845
f 2811//2846 2775//2846 2776//2846
f 2804//2847 2776//2847 2805//2847
f 2809//2848 2811//2848 2804//2848
f 2812//2849 2813//2849 2814//2849
f 3805//2850 2816//2851 3795//2852
f 3796//2853 2815//2854 3795//2855
f 3798//2856 2820//2856 2821//2856
f 3793//2857 2819//2857 3798//2857
f 2824//2858 2735//2858 2819//2858
f 2823//2859 2824//2859 2819//2859
f 2825//2860 2826//2860 2724//2860
f 3793//2861 2827//2861 3792//2861
f 3796//2862 2826//2863 3792//2864
f 2713//2865 2829//2865 2828//2865
f 2828//2866 2831//2867 2830//2868
f 2822//2869 2828//2869 2830//2869
f 2821//2870 2713//2870 2828//2870
f 2832//2871 2822//2871 2830//2871
f 2833//2872 2830//2872 2831//2872
f 2834//2873 2832//2873 2833//2873
f 2835//2874 2827//2874 2832//2874
f 2837//2875 2839//2875 2836//2875
f 2836//2876 2841//2876 2840//2876
f 2842//2877 2840//2877 2727//2877
f 2843//2878 2836//2878 2842//2878
f 2840//2879 2845//2879 2844//2879
f 2718//2880 2845//2880 2719//2880
f 2730//2881 2844//2881 2718//2881
f 2727//2882 2844//2882 2728//2882
f 2846//2883 2719//2883 2845//2883
f 2846//2884 2841//2884 2847//2884
f 2829//2885 2847//2885 2831//2885
f 2829//2886 2716//2886 2846//2886
f 2847//2887 2839//2887 2848//2887
f 2848//2888 2838//2888 2849//2888
f 2833//2889 2849//2889 2834//2889
f 2831//2890 2848//2891 2833//2892
f 2850//2893 2851//2893 2852//2893
f 2853//2894 2852//2894 2854//2894
f 2783//2895 2782//2895 2855//2895
f 2785//2896 2853//2896 2856//2896
f 2780//2897 2856//2897 2781//2897
f 2857//2898 2855//2898 2782//2898
f 2859//2899 2782//2900 2781//2901
f 2861//2902 2842//2902 2860//2902
f 2860//2903 2727//2903 2726//2903
f 2862//2904 2726//2904 2732//2904
f 2863//2905 2860//2905 2862//2905
f 2861//2906 2858//2906 2857//2906
f 2843//2907 2857//2907 2859//2907
f 2856//2908 2854//2908 2864//2908
f 2781//2909 2864//2910 2859//2911
f 2837//2912 2859//2912 2864//2912
f 2838//2913 2864//2913 2854//2913
f 2852//2914 2834//2914 2849//2914
f 2854//2915 2849//2915 2838//2915
f 2865//2916 2818//2916 2835//2916
f 2851//2917 2835//2917 2834//2917
f 2813//2918 2815//2918 2865//2918
f 2814//2919 2865//2919 2851//2919
f 2866//2920 2814//2920 2850//2920
f 2788//2921 2850//2921 2853//2921
f 2866//2922 2787//2922 2867//2922
f 2812//2923 2867//2923 2775//2923
f 1892//2924 1890//2924 1891//2924
f 2720//2925 2846//2925 2870//2925
f 298//2926 256//2926 257//2926
f 2872//2927 2713//2927 2820//2927
f 3794//2928 2735//2928 2734//2928
f 2729//2929 2874//2929 2873//2929
f 2846//2930 2715//2930 2870//2930
f 2876//2931 2878//2931 2875//2931
f 2733//2780 2878//2932 2734//2778
f 3806//2933 2879//2933 2880//2933
f 3806//2934 2872//2934 3794//2934
f 2882//2935 2884//2935 2881//2935
f 2881//2936 2715//2936 2714//2936
f 2880//2937 2714//2937 2872//2937
f 2879//2938 2881//2938 2880//2938
f 2885//2939 2887//2940 2888//2941
f 2888//2942 2890//2942 2885//2942
f 2885//2943 2892//2943 2891//2943
f 2893//2944 2885//2944 2891//2944
f 1942//2945 2532//2945 2894//2945
f 2895//2946 2720//2946 2870//2946
f 2884//2947 2870//2947 2715//2947
f 2883//2948 2895//2948 2884//2948
f 2896//2949 2892//2949 2895//2949
f 2889//2950 2717//2950 2890//2950
f 2890//2951 2720//2951 2892//2951
f 2897//2952 2891//2952 2896//2952
f 2898//2953 2896//2954 2883//2955
f 2899//2956 2883//2956 2882//2956
f 2900//2957 2882//2957 2879//2957
f 3797//2958 2879//2958 3807//2958
f 2876//2959 2901//2960 2877//2961
f 2901//2962 2904//2962 2903//2962
f 1785//2963 1835//2963 1834//2963
f 2905//2964 2899//2964 2900//2964
f 2907//2965 2897//2965 2898//2965
f 3797//2966 2903//2966 3799//2966
f 632//2967 577//2967 633//2967
f 3532//2968 2867//2968 2787//2968
f 434//2969 550//2969 350//2969
f 2768//2970 3640//2970 3643//2970
f 2910//2971 1623//2972 2249//2973
f 2241//2974 2758//2975 2242//2976
f 3640//2977 2913//2977 3652//2977
f 1623//2978 2757//2979 1620//2980
f 3587//2981 2757//2981 3652//2981
f 2229//2982 1380//2982 2250//2982
f 2765//2983 1629//2983 2914//2983
f 2915//2984 1629//2984 2912//2984
f 3642//2985 2914//2985 2915//2985
f 3641//2986 2765//2986 2914//2986
f 2919//2987 3642//2987 3613//2987
f 2918//2988 2912//2989 2241//2990
f 3614//2991 2241//2992 3586//2993
f 3618//2994 3613//2994 3670//2994
f 3541//2995 2180//2995 3496//2995
f 3521//2996 2188//2996 3506//2996
f 3705//2997 714//2997 3851//2997
f 2925//2998 2917//2998 2924//2998
f 2924//2999 2916//2999 2919//2999
f 3610//3000 2919//3000 3618//3000
f 3611//3001 2924//3001 3610//3001
f 2926//3002 2766//3002 2925//3002
f 3658//3003 2925//3003 3611//3003
f 1715//3004 1705//3004 1710//3004
f 785//3005 498//3005 796//3005
f 1387//3006 565//3006 1791//3006
f 374//1812 1899//3007 560//1810
f 3573//3008 2206//3008 3556//3008
f 2929//3009 2886//3010 2893//3011
f 2932//3012 2934//3012 2931//3012
f 1905//3013 1908//3014 1907//3015
f 2930//3016 2936//3016 2937//3016
f 2938//3017 2930//3017 2929//3017
f 1493//3018 517//3018 518//3018
f 1603//3019 1586//3019 1602//3019
f 2939//3020 2929//3020 2908//3020
f 2940//3021 2908//3021 2907//3021
f 3665//3022 1600//3023 3661//3024
f 2886//3025 2937//3025 2887//3025
f 2906//3026 2898//3026 2899//3026
f 2908//3027 2893//3027 2897//3027
f 2942//3028 2933//3028 2941//3028
f 2941//3029 2937//3030 2936//3031
f 3501//3032 2936//3032 3513//3032
f 3498//3033 2941//3033 3501//3033
f 2943//3034 2710//3034 2873//3034
f 2943//3035 2874//3035 2889//3035
f 2945//3036 2889//3036 2888//3036
f 2946//3037 2943//3037 2945//3037
f 2932//3038 2888//3038 2887//3038
f 2931//3039 2945//3039 2932//3039
f 727//3040 1929//3040 728//3040
f 2903//3041 2947//3042 2948//3043
f 545//3044 42//3044 262//3044
f 1480//3045 533//3045 251//3045
f 2907//3046 2949//3046 2940//3046
f 2906//3047 2950//3047 2949//3047
f 1558//3048 215//3048 202//3048
f 3799//3049 2948//3049 3801//3049
f 2054//3050 1644//1473 2118//1475
f 3705//3051 2203//3051 3573//3051
f 1828//3052 1849//3052 1827//3052
f 2953//3053 2955//3053 2952//3053
f 2952//3054 2957//3054 2956//3055
f 2956//3056 2258//3056 2952//3056
f 2953//3057 2258//3057 2257//3057
f 2454//3058 2474//3058 2496//3058
f 3747//3059 2959//3059 3766//3059
f 3747//3060 2131//3060 3737//3060
f 2961//3061 2963//3061 2958//3061
f 2958//3062 2964//3062 2959//3062
f 222//3063 2485//3063 2965//3063
f 2477//3064 2966//3064 2608//3064
f 2631//3065 2006//3065 1859//3065
f 2384//3066 2496//3066 2497//3066
f 2967//3067 2959//3067 2964//3067
f 2968//3068 2970//3069 2969//3070
f 3759//3071 2971//3071 3784//3071
f 3784//3072 2960//3072 3766//3072
f 2972//3073 2033//3073 2032//3073
f 2007//3074 2973//3074 2008//3074
f 3560//3075 2134//3075 2133//3075
f 1836//3076 1832//3076 1831//3076
f 3506//3077 2090//3078 3551//3079
f 955//3080 959//3080 956//3080
f 672//3081 674//3081 673//3081
f 633//3082 713//3082 632//3082
f 2024//3083 733//3083 803//3083
f 2025//1671 803//3084 798//3085
f 425//3086 1550//3086 388//3086
f 2975//3087 888//3088 887//3089
f 1319//3090 1157//3090 2694//3090
f 1212//3091 2977//3091 1213//3091
f 889//3092 2228//3092 2227//3092
f 1978//3093 1975//3093 1979//3093
f 1138//3094 1329//3094 915//3094
f 751//3095 2979//3095 2978//3095
f 1619//3096 1625//3096 1624//3096
f 2252//3097 1728//3097 1727//3097
f 1157//3098 845//3098 1216//3098
f 2706//3099 1938//3099 2617//3099
f 2980//3100 2254//3101 2981//3102
f 2982//3103 887//3103 2630//3103
f 802//3104 711//3104 2679//3104
f 678//3105 2029//3105 2028//3105
f 527//3106 690//3106 528//3106
f 1839//3107 2629//3107 1840//3107
f 2983//3108 602//2570 1914//2569
f 2983//3109 1913//3109 1331//3109
f 2985//3110 1331//3110 1054//3110
f 2986//3111 2983//3111 2985//3111
f 2987//3112 2635//3112 2634//3112
f 2985//3113 2639//3113 2986//3113
f 2990//3114 1318//3114 2989//3114
f 2991//3115 2993//3115 2994//3115
f 2995//3116 2994//3116 2996//3116
f 1106//3117 2991//3117 2995//3117
f 1058//3118 2992//3118 2991//3118
f 1415//3119 1365//3119 1367//3119
f 1317//3120 2217//3121 2997//3122
f 1932//3123 2255//3123 2980//3123
f 926//3124 2999//3124 664//3124
f 3001//3125 2992//3126 3000//3127
f 3000//3128 1057//3128 2978//3128
f 2999//3129 2978//3129 2979//3129
f 2998//3130 3000//3130 2999//3130
f 3002//3131 2209//3131 3003//3131
f 3002//3132 2996//3132 2994//3132
f 2993//3133 3002//3133 2994//3133
f 3001//3134 2998//3134 3002//3134
f 1103//3135 2995//3135 3004//3135
f 3004//3136 2996//3136 3003//3136
f 2209//3137 3004//3137 3003//3137
f 588//3138 3004//3139 2210//3140
f 295//3141 433//3141 381//3141
f 2638//3142 2988//3142 3005//3142
f 3005//3143 1056//2520 1930//2519
f 1305//3144 1930//1497 1306//1497
f 1276//3145 3005//3145 1305//3145
f 1987//3146 1993//3146 1989//3146
f 2633//3147 1761//3147 2645//3147
f 1423//3148 1417//3148 1419//3148
f 3561//3149 739//3150 703//3151
f 2671//3152 2704//3152 2705//3152
f 1473//3153 2035//3154 1472//1793
f 922//3155 2694//3156 895//3157
f 1401//3158 1378//3158 1384//3158
f 556//3159 1884//3159 1037//3159
f 842//3160 3825//3160 3836//3160
f 1854//3161 2617//3161 1010//3161
f 933//3162 1081//3162 1075//3162
f 1440//3163 1436//3164 1437//3165
f 529//3166 719//3166 530//3166
f 1031//3167 1027//2372 1028//2371
f 777//3168 912//3168 1871//3168
f 2645//3169 1204//3169 2633//3169
f 441//3170 1538//3170 1537//3170
f 790//3171 587//3171 586//3171
f 2065//3172 1610//3172 1607//3172
f 1860//3173 990//3173 902//3173
f 60//3174 87//3174 59//3174
f 1424//3175 1948//3175 1947//3175
f 332//3176 1507//3176 331//3176
f 261//3177 138//3177 135//3177
f 187//3178 449//3178 507//3178
f 1719//3179 1726//3179 1725//3179
f 1931//3180 1059//3180 3006//3180
f 3006//3181 1105//3182 1104//3183
f 1287//3184 1104//3184 587//3184
f 1286//3185 3006//3185 1287//3185
f 3007//3186 3009//3187 3010//3188
f 3009//3189 653//3189 795//3189
f 618//3190 26//3190 25//3190
f 2029//3191 1210//3191 1209//3191
f 957//3192 600//3193 2228//3194
f 1049//3195 2228//3195 600//3195
f 2631//3196 3011//3196 2561//3196
f 890//3197 2227//3197 3011//3197
f 3011//3198 2145//3198 3012//3198
f 2561//3199 3012//3199 2375//3199
f 1026//3200 609//3200 608//3200
f 2706//3201 1961//3201 1964//3201
f 3013//3202 2485//3202 3014//3202
f 2148//3203 1267//3203 3015//3203
f 3015//3204 1266//3204 1311//3204
f 2997//3205 1101//3205 1317//3205
f 642//3206 1773//3206 1193//3206
f 186//3207 461//3207 511//3207
f 1041//3208 1320//3208 901//3208
f 1121//716 3017//3209 1122//714
f 2984//3210 2987//3210 3018//3210
f 3018//3211 2634//3211 2619//3211
f 1048//3212 3018//3212 2619//3212
f 603//3213 2984//3213 3018//3213
f 2679//3214 801//3214 802//3214
f 2062//3215 2074//3215 2061//3215
f 2061//3216 2076//3217 2064//3218
f 414//3219 1545//3219 1965//3219
f 3016//3220 2683//3220 3019//3220
f 3019//3221 2704//3221 2670//3221
f 3020//3222 2670//3222 720//3222
f 3007//3223 3019//3223 3020//3223
f 1871//3224 1091//3224 777//3224
f 3021//3225 1122//3225 3017//3225
f 3022//3226 3017//3226 3010//3226
f 1314//3227 3022//3227 1315//3227
f 1784//3228 3021//3229 1314//3230
f 1316//3231 1763//3231 611//3231
f 3023//3232 3010//3232 3009//3232
f 3023//3233 795//3233 1092//3233
f 1763//3234 1092//3235 1125//3236
f 1315//3237 3023//3237 1763//3237
f 3016//3238 3010//3239 3017//3238
f 752//3240 2978//3240 1057//3240
f 2986//3241 2637//3242 2987//3243
f 3024//3244 653//3244 3008//3244
f 3020//3245 3008//3245 3007//3245
f 720//3246 3024//3246 3020//3246
f 723//3247 654//3247 3024//3247
f 2681//3248 1268//3248 3025//3248
f 2671//2516 1268//3249 721//2517
f 2705//3250 3025//3250 2671//3250
f 1313//3251 3027//3252 1311//3253
f 3026//3254 3029//3254 3027//3254
f 3027//3255 3030//3255 3031//3255
f 1311//3256 3031//3256 3015//3256
f 2012//3257 731//3257 2023//3257
f 917//3258 974//3258 977//3258
f 743//3259 856//3259 744//3259
f 1888//3260 2030//3260 1425//3260
f 2682//3261 2684//3262 3032//3263
f 3032//3264 1124//3264 2989//3264
f 1100//3265 2989//3265 1318//3265
f 1099//3266 3032//3267 1100//3268
f 1123//3269 2989//3269 1124//3269
f 3033//3270 1159//3270 1158//3270
f 2990//3271 1158//3271 1319//3271
f 1123//3272 3033//3272 2990//3272
f 1786//3273 1834//3273 3033//3273
f 1054//3274 2988//3274 2985//3274
f 2979//3275 664//3275 2999//3275
f 2623//3276 2663//3276 2643//3276
f 1095//3277 688//3277 687//3277
f 3034//3278 2261//3278 2956//3278
f 3036//3279 2956//3279 2957//3279
f 3037//3280 3034//3281 3036//3282
f 3038//3283 3035//3283 3034//3283
f 3040//3284 3026//3284 1313//3284
f 2263//3285 3041//3286 3040//3287
f 3042//3288 3043//3289 3041//3290
f 3041//3291 3028//3291 3026//3291
f 3044//3292 3043//3292 3039//3292
f 3046//3293 3045//3293 3044//3293
f 3047//3294 3049//3294 3045//3294
f 3043//3295 3049//3295 3028//3295
f 3038//3296 3051//3296 3050//3296
f 3050//3297 3053//3297 3052//3297
f 3052//3298 3044//3299 3050//3300
f 3039//3301 3050//3300 3044//3299
f 3054//3302 3039//3302 3042//3302
f 3042//3303 2262//3303 3054//3303
f 2261//3304 3054//3304 2262//3304
f 2216//3305 2997//3305 2217//3305
f 2212//3306 2667//3307 1936//3308
f 3056//3309 2209//3309 3055//3309
f 934//3310 1961//3310 1854//3310
f 2013//3311 3757//3311 567//3311
f 3058//3312 3060//3312 3061//3312
f 3059//3313 3063//3313 3060//3313
f 3060//3314 2213//3315 1963//3316
f 3061//3317 1963//3317 1962//3317
f 3063//3318 2214//1850 2213//1849
f 3062//3319 3064//3319 3063//3319
f 3065//3320 2260//3321 3064//3322
f 3064//3323 2215//3323 2214//3323
f 3066//3324 3031//3324 3030//3324
f 2608//3325 3067//3325 3066//3325
f 2966//3326 3068//3326 3067//3326
f 3031//3327 3068//3327 3015//3327
f 2455//3328 2461//3328 2474//3328
f 2476//3329 2226//3329 2477//3329
f 3551//3330 2089//3331 3525//3330
f 3526//3332 3769//3333 3786//3334
f 433//3335 355//3335 381//3335
f 2115//3336 1419//3336 2123//3336
f 3509//3337 2922//3337 3527//3337
f 3769//3338 2131//3338 2134//3338
f 3069//3339 2167//3340 2166//3341
f 2971//3342 2928//3342 2960//3342
f 2961//3343 2773//3344 2962//3345
f 3070//3346 2478//3346 2483//3346
f 2610//3347 3071//3347 2954//3347
f 2502//3348 2374//3348 2386//3348
f 3072//3349 2595//3349 3073//3349
f 2964//3350 3052//3350 2967//3350
f 3048//3351 3074//3351 3049//3351
f 2593//3352 3075//3352 3074//3352
f 3075//3353 3029//3353 3074//3353
f 3074//3354 3028//3354 3049//3354
f 3072//3355 3075//3355 2592//3355
f 3076//3356 2482//3356 2481//3356
f 2481//3357 3066//3357 3076//3357
f 3076//3358 3030//3358 3075//3358
f 2967//3359 3053//3359 2970//3359
f 2482//3360 3073//3361 2483//3362
f 479//3363 493//3363 494//3363
f 706//882 3873//3364 709//880
f 3561//3365 2221//1864 3517//1866
f 2013//3366 3754//3367 3755//3368
f 3533//3369 2016//3369 3529//3369
f 3562//3370 2222//3371 2974//3372
f 1171//3373 1155//3373 1176//3373
f 2586//3374 2565//3374 2587//3374
f 2982//3375 113//3375 2484//3375
f 2562//3376 3077//3376 3068//3376
f 2376//3377 3012//3378 3077//3379
f 3012//3380 2148//3381 3077//3382
f 3077//3383 3015//3383 3068//3383
f 2963//3384 3046//3384 2964//3384
f 3051//3385 2970//3385 3053//3385
f 1683//3386 491//3386 775//3386
f 3850//3387 1447//3387 3860//3387
f 1986//3388 3734//3388 3768//3388
f 3079//3389 2546//3389 2575//3389
f 3081//3390 2575//3390 2576//3390
f 1983//3391 3768//3391 3765//3391
f 3082//3392 2319//3392 2545//3392
f 3080//3393 2545//3393 2546//3393
f 3734//3394 3082//3394 3080//3394
f 3732//3395 2323//3395 3082//3395
f 1309//3396 1888//3397 748//3398
f 3073//3399 2772//3400 2771//3401
f 2760//3402 3084//3402 2762//3402
f 2760//3403 2088//3403 3083//3403
f 3085//3404 3086//3404 3087//3404
f 3089//3405 3090//3405 3088//3405
f 3089//3406 3084//3406 3085//3406
f 3092//3407 3090//3407 3091//3407
f 3093//3408 2744//3408 2743//3408
f 2751//3409 2748//3409 3093//3409
f 3093//3410 2752//3410 2751//3410
f 2742//3411 3093//3411 3094//3411
f 3094//3412 2743//3412 3095//3412
f 3096//3413 3098//3413 3087//3413
f 3099//3414 3087//3414 3086//3414
f 3097//3415 3095//3415 3098//3415
f 3100//3416 2746//3416 3101//3416
f 3101//3417 3102//3417 3100//3417
f 2764//3418 2927//3418 3101//3418
f 2745//3419 3101//3419 2746//3419
f 3102//3420 3091//3420 3100//3420
f 3100//3421 3095//3421 2743//3421
f 2869//3422 3592//3422 3634//3422
f 3102//3423 3104//3424 3092//3425
f 3658//3426 2869//3426 3634//3426
f 2927//3427 3103//3427 3102//3427
f 3098//3428 3091//3428 3090//3428
f 3087//3429 3090//3429 3085//3429
f 2088//3430 3105//3430 3083//3430
f 3083//3431 3086//3431 3084//3431
f 2483//3432 2771//3432 3070//3432
f 2401//3433 2185//3433 2321//3433
f 3099//3434 3105//3434 3106//3434
f 2125//3435 3106//3435 3105//3435
f 3108//3436 2742//3436 3107//3436
f 3107//3437 3094//3438 3097//3439
f 3110//3440 3107//3440 3109//3440
f 3109//3441 3097//3441 3096//3441
f 3111//3442 3096//3442 3099//3442
f 3112//3443 3109//3444 3111//3445
f 3113//3446 2737//3446 3108//3446
f 3115//3447 2722//3447 3114//3447
f 3117//3448 3114//3448 3116//3449
f 3119//3450 3116//3450 3118//3450
f 3118//3451 3120//3451 3121//3451
f 3116//3452 3113//3452 3120//3452
f 3122//3453 3111//3454 3123//3455
f 3122//3456 1755//3456 1754//3456
f 3124//3457 3126//3458 3127//3459
f 3125//3460 3121//3460 3126//3460
f 3128//3461 3118//3462 3125//3463
f 3129//3464 3125//3464 3124//3464
f 2020//3465 3128//3461 3129//3466
f 3853//3467 1346//3467 1352//3467
f 1065//3468 1047//3468 1066//3468
f 1814//3469 3830//3470 1649//3471
f 2021//3472 3129//3472 3130//3472
f 3111//3473 3106//3473 3123//3473
f 3123//3474 2207//3474 1755//3474
f 2377//3475 2224//3476 2973//3477
f 3014//3478 113//3478 112//3478
f 1756//3479 3782//3480 3767//3481
f 3131//3482 2530//3483 2528//3484
f 3133//3485 2528//3485 2529//3485
f 1753//3486 3767//3486 3775//3486
f 3134//3487 3127//3488 3135//3489
f 2327//3490 2314//3490 2313//3490
f 2436//3491 2317//3491 2349//3491
f 2018//3492 3711//3492 3712//3492
f 2534//3493 3137//3494 2535//3495
f 2320//3496 3136//3497 2534//3498
f 2185//3499 3712//3499 3771//3499
f 3138//3500 2542//3500 2539//3500
f 3134//3501 3744//3502 3745//3503
f 3785//3504 3134//3501 3745//3503
f 3140//3505 2539//3505 2538//3505
f 2535//3506 3140//3506 2538//3506
f 3711//3507 3130//3507 3785//3507
f 2558//3508 3132//3508 3141//3508
f 3782//3509 3141//3510 3132//3511
f 2560//3512 3141//3513 3142//3514
f 3760//3515 3142//3514 3141//3513
f 958//3516 2976//3516 2981//3516
f 1933//3517 2980//3517 3143//3517
f 2399//3518 2418//3518 2416//3518
f 2348//3519 2343//3520 2432//3521
f 2322//3522 2319//3522 2323//3522
f 2718//3523 2874//3523 2730//3523
f 2709//3524 2873//3524 2710//3524
f 2894//3525 1361//3525 1942//3525
f 346//3526 176//3526 347//3526
f 1876//3527 1882//3527 1881//3527
f 2802//3528 3607//3529 3592//3530
f 3104//3531 3088//3531 3092//3531
f 2974//3532 3649//3532 3603//3533
f 3089//3534 2761//3535 2762//3536
f 3088//3537 3145//3537 3089//3537
f 2803//3538 3603//3539 3607//3540
f 3870//3541 692//3541 628//3541
f 2123//3542 1418//3542 2126//3542
f 1365//3543 1368//3543 1367//3543
f 1581//3544 1782//3544 1783//3544
f 3569//3545 2129//3545 3520//3545
f 3555//3546 2002//3547 3521//3548
f 3146//3549 2551//3549 3147//3549
f 3751//3550 3147//3550 3750//3550
f 3742//3551 3146//3551 3751//3551
f 3149//3552 2585//3553 3146//3554
f 3196//3555 3197//3555 3195//3555
f 3604//3556 2191//3557 3623//3558
f 3142//3559 2556//3559 2560//3559
f 3777//3560 3150//3560 3142//3560
f 3646//3561 2550//3561 3593//3561
f 3150//3562 2555//3563 2556//3564
f 3778//3565 3151//3565 3150//3565
f 3788//3566 3152//3566 3646//3566
f 3153//3567 2551//3567 2549//3567
f 3152//3568 2549//3568 2550//3568
f 3781//3569 3153//3569 3152//3569
f 3776//3570 3147//3570 3153//3570
f 3148//3571 2206//3571 2205//3571
f 2183//3572 2321//3573 2184//3574
f 2132//3575 2928//3575 2133//3575
f 3684//3576 2204//3576 2203//3576
f 3719//3577 2197//3577 3721//3578
f 2594//3579 2773//3579 2951//3579
f 2595//3580 2951//3580 2772//3580
f 1870//3581 799//3581 1869//3581
f 3713//3582 2178//3582 3706//3582
f 3706//3583 3736//3583 3790//3583
f 336//3584 3774//3584 3722//3584
f 339//3585 3154//3585 336//3585
f 3789//3586 3149//3586 3742//3586
f 3683//3587 2584//3587 3149//3587
f 2963//3588 3048//3588 3047//3588
f 3722//3589 337//3590 336//3591
f 339//3592 2566//3592 2586//3592
f 3156//3593 2168//3593 2167//3593
f 2610//3594 2167//3595 2611//3596
f 2954//3597 3156//3597 2610//3597
f 3157//3598 2953//3599 2257//3600
f 3707//3601 2169//3601 3709//3601
f 2567//3602 3159//3602 2568//3602
f 337//3603 2567//3604 338//3605
f 3730//3606 2166//3606 3707//3606
f 3764//3607 1983//3607 3765//3607
f 2579//3608 3081//3608 2576//3608
f 2568//3609 3160//3609 2579//3609
f 3709//3610 2190//3611 3764//3612
f 3065//3613 3162//3613 3161//3613
f 3161//3614 1984//3614 2189//3614
f 3157//3615 2189//3615 2168//3615
f 2257//3616 3161//3616 3157//3616
f 734//3617 1922//3617 806//3617
f 3059//3618 2708//3618 3163//3618
f 3163//3619 2182//3619 1985//3619
f 3162//3620 1985//3621 1984//3622
f 3062//3623 3163//3623 3162//3623
f 3203//3624 3205//3624 3204//3624
f 2122//3625 1448//3625 1447//3625
f 3817//3626 1685//3626 3812//3626
f 139//3627 444//3627 69//3627
f 1570//3628 566//3628 533//3628
f 2957//3629 3165//3629 3036//3629
f 2955//3630 3164//3630 2957//3630
f 1912//3631 341//3631 1973//3631
f 3130//3632 3124//3632 3134//3632
f 1548//3633 319//3633 1547//3633
f 1949//3634 1327//3635 1887//3636
f 2969//3637 3078//3638 3167//3639
f 3167//3640 3169//3640 3168//3640
f 3724//3641 2017//3641 3720//3641
f 3720//3642 2033//3642 3759//3642
f 3168//3643 3165//3643 3170//3643
f 3170//3644 3164//3644 3171//3644
f 3779//3645 3171//3645 3756//3645
f 3724//3646 3170//3646 3779//3646
f 3171//3647 3166//3648 3172//3649
f 3172//3650 3071//3650 3173//3650
f 3752//3651 3173//3651 3749//3651
f 3756//3652 3172//3652 3752//3652
f 3169//3653 3036//3653 3165//3653
f 2593//3654 2962//3654 2594//3654
f 3173//3655 2609//2306 3174//3656
f 3174//3657 2199//3658 2198//3659
f 3783//3660 2198//3660 3719//3660
f 3749//3661 3174//3661 3783//3661
f 2190//3662 1984//3662 1983//3662
f 2196//3663 2767//3663 3148//3663
f 2119//3664 1414//3664 1448//3664
f 1464//3665 1466//3665 1465//3665
f 2199//3666 3069//3667 2200//3668
f 2457//3669 2587//3669 2565//3669
f 2226//3670 2562//3670 2966//3670
f 481//3671 1627//3671 1639//3671
f 333//3672 235//3672 236//3672
f 3078//3673 3037//3673 3169//3673
f 3040//3674 2997//3675 2263//3676
f 2219//3677 1933//3677 2220//3677
f 2385//3678 2497//3679 2503//3680
f 221//3681 3175//3681 2484//3681
f 2220//3682 3143//3682 3175//3682
f 3175//3683 2976//3683 2975//3683
f 2484//3684 2975//3684 2982//3684
f 2954//3685 3166//3686 2955//3687
f 2630//3688 110//3688 2982//3688
f 1547//3689 1952//3689 1955//3689
f 2091//3690 2188//3690 2187//3690
f 3733//3691 2178//3691 2177//3691
f 1918//3692 1927//3692 1926//3692
f 3563//3693 111//3693 3511//3693
f 955//3694 960//3694 954//3694
f 2037//3695 112//3696 3563//3697
f 3143//3698 2981//3698 2976//3698
f 2218//3699 2214//3699 2215//3699
f 672//3700 3787//3700 3541//3700
f 2152//3701 3014//3701 2037//3701
f 1147//3702 1143//3702 1145//3702
f 2248//3703 1409//3703 2245//3703
f 1615//3704 1635//3704 1616//3704
f 1410//3705 2246//3705 2247//3705
f 3241//3706 3242//3707 3240//3708
f 3177//3709 1383//3709 1382//3709
f 2238//3710 3176//3710 1382//3710
f 3176//3711 2230//3711 3178//3711
f 1410//3712 3179//3712 1407//3712
f 3179//3713 2243//3713 1407//3713
f 1633//3714 2800//3714 2249//3714
f 1621//3715 2758//3715 2912//3715
f 1622//3716 2245//3716 1634//3716
f 2236//3717 3181//3717 3182//3717
f 2237//3718 3182//3718 3183//3718
f 2250//3719 2233//3719 2229//3719
f 2912//3720 1628//3720 1621//3720
f 135//3721 1564//3721 1563//3721
f 1567//3722 512//3722 1565//3722
f 1085//3723 2653//3723 2685//3723
f 3184//3724 868//3724 3056//3724
f 869//3725 3057//3725 934//3725
f 1266//3726 1098//3726 1312//3726
f 1267//3727 722//3727 721//3727
f 937//3728 2646//3728 936//3728
f 2146//3729 722//3729 2147//3729
f 2211//3730 921//3730 2667//3730
f 1957//3731 507//3731 449//3731
f 1313//3732 2264//3732 3040//3732
f 1496//3733 1493//3733 1492//3733
f 2681//3734 2705//3734 2682//3734
f 2887//3735 2933//3735 2932//3735
f 1687//3736 1659//3736 1694//3736
f 145//3737 1498//3737 81//3737
f 1317//3738 1319//3738 2694//3738
f 37//3739 418//3739 71//3739
f 1935//3740 3185//3740 2977//3740
f 104//3741 301//3741 103//3741
f 2101//3742 2083//1507 2084//1506
f 543//3743 360//3743 207//3743
f 1934//3744 3186//3744 3185//3744
f 234//3745 212//3745 237//3745
f 3845//3746 1822//3746 1824//3746
f 1976//3747 1874//3747 1974//3747
f 223//3748 2219//3748 220//3748
f 3655//3749 3605//3749 3612//3749
f 468//3750 773//3750 2165//3750
f 1935//3751 1728//3751 1932//3751
f 3240//3752 3226//3752 3235//3752
f 3261//3753 3250//3753 3260//3753
f 3215//3754 3244//3754 3264//3754
f 3265//3755 3215//3755 3264//3755
f 3267//3756 3198//3756 3196//3756
f 3205//3757 3269//3758 3255//3759
f 3214//3760 3265//3760 3270//3760
f 3271//3761 3214//3761 3192//3761
f 3251//3762 3239//3762 3236//3762
f 3222//3763 3266//3763 3272//3763
f 3232//3764 3234//3764 3233//3764
f 3216//3765 3243//3765 3244//3765
f 3196//3766 3268//3766 3267//3766
f 3244//3767 3254//3767 3255//3767
f 3238//3768 3247//3768 3246//3768
f 3264//3769 3255//3769 3269//3769
f 3253//3770 3216//3770 3217//3770
f 3211//3771 3221//3771 3265//3771
f 3257//3772 3218//3772 3256//3772
f 3258//3773 3272//3773 3259//3773
f 3274//3774 3280//3774 3273//3774
f 3228//3775 3262//3775 3263//3775
f 3275//3776 3281//3776 3280//3776
f 3226//3777 3273//3777 3280//3777
f 3236//3778 3260//3778 3251//3778
f 3281//3779 3236//3779 3237//3779
f 3287//3780 3192//3780 3189//3780
f 3235//3781 3280//3781 3234//3781
f 3234//3782 3281//3783 3237//3784
f 3288//3785 3259//3785 3272//3785
f 3260//3786 3276//3787 3251//3788
f 3289//3789 3278//3789 3284//3789
f 3210//3790 3224//3790 3283//3790
f 3199//3791 3201//3791 3200//3791
f 3228//3792 3230//3792 3229//3792
f 3290//3793 3285//3793 3286//3793
f 3282//3794 3271//3794 3287//3794
f 3260//3795 3262//3795 3261//3795
f 3243//3796 3268//3796 3254//3796
f 3267//3797 3241//3797 3232//3797
f 3194//3798 3208//3798 3193//3798
f 3191//3799 3269//3799 3206//3799
f 3270//3800 3192//3800 3214//3800
f 3275//3801 3230//3802 3231//3803
f 3264//3804 3270//3804 3265//3804
f 3252//3805 3276//3805 3291//3805
f 3248//3806 3291//3806 3223//3806
f 3213//3807 3279//3807 3277//3807
f 3272//3808 3289//3808 3288//3808
f 3277//3809 3212//3809 3213//3809
f 3228//3810 3281//3811 3231//3812
f 3220//3813 3253//3813 3219//3813
f 3219//3814 3217//3814 3257//3814
f 3256//3815 3222//3815 3258//3815
f 3247//3816 3252//3816 3248//3816
f 3245//3817 3232//3817 3233//3817
f 3266//3818 3212//3818 3289//3818
f 3208//3819 3255//3819 3254//3819
f 3288//3820 3284//3820 3285//3820
f 3204//3821 3208//3821 3207//3821
f 560//3822 3187//3822 559//3822
f 3209//3823 3201//3823 3202//3823
f 3189//3824 3191//3824 3190//3824
f 448//3825 807//3825 447//3825
f 647//3826 122//3826 270//3826
f 1833//3827 1780//3827 1832//3827
f 510//3828 508//3828 507//3828
f 3210//3829 1887//3829 3201//3829
f 1887//3830 3200//3830 3201//3830
f 15//3831 3197//3831 3200//3831
f 16//3832 3195//3832 3197//3832
f 3195//3833 3187//3833 3194//3833
f 3194//3834 1899//3834 3207//3834
f 3207//3835 375//3836 3204//3837
f 387//3838 126//3839 127//3840
f 3189//3841 1760//3842 3287//3843
f 3577//3844 757//3844 758//3844
f 763//3845 2172//3845 2175//3845
f 3583//3846 3580//3846 3581//3846
f 3581//3847 3579//3847 3578//3847
f 3594//3848 3596//3848 3595//3848
f 3400//3849 3602//3849 3401//3849
f 3626//3850 3625//3850 3627//3850
f 3631//3851 3599//3851 3601//3851
f 3636//3852 3595//3852 3596//3852
f 3647//3853 3588//3853 3645//3853
f 3650//3854 3584//3855 3647//3856
f 3653//3857 3580//3857 3651//3857
f 3653//3858 3654//3858 3579//3858
f 1801//3859 3656//3859 3655//3859
f 3651//3860 3582//3860 3650//3860
f 3644//3861 3595//3861 3637//3861
f 1767//486 3659//3862 3660//487
f 1597//3863 3661//3863 1600//3863
f 1708//3864 3665//3864 3664//3864
f 3671//3865 3667//3865 3666//3865
f 3666//3866 3673//3866 3672//3866
f 1588//3867 3664//3867 1587//3867
f 2080//3868 3666//3868 2082//3868
f 2082//3869 3672//3870 2084//3871
f 3674//3872 3635//3872 3631//3872
f 3677//3873 3636//3873 3635//3873
f 3682//3874 3645//3874 3681//3874
f 3692//3875 3650//3875 3686//3875
f 3681//3876 3644//3876 3680//3876
f 786//3877 3692//3877 785//3877
f 3694//3878 3651//3878 3692//3878
f 785//3879 3686//3879 497//3879
f 497//3880 3682//3880 650//3880
f 650//3881 3681//3881 564//3881
f 3696//3882 3681//3882 3680//3882
f 3405//3883 3605//3883 3402//3883
f 3702//3884 3678//3884 3677//3884
f 3699//3885 3679//3885 3678//3885
f 3645//3886 3638//3887 3644//3888
f 1799//3889 3659//3889 1768//3889
f 3708//3890 3458//3890 3460//3890
f 3462//3891 3708//3891 3460//3891
f 3714//3892 564//3892 3696//3892
f 3615//3893 3602//3893 3600//3893
f 3710//3894 3696//3894 3698//3894
f 3635//3895 3596//3895 3599//3895
f 3629//3896 3627//3896 3630//3896
f 3597//3897 3599//3897 3596//3897
f 3630//3898 3715//3898 3629//3898
f 3627//3899 3597//3899 3594//3899
f 3717//3900 3723//3900 3718//3900
f 3715//3901 3660//3901 3629//3901
f 3716//3902 3725//3903 3715//3904
f 3668//3905 3661//3905 3725//3905
f 3668//3906 3717//3906 3667//3906
f 3667//3907 3718//3907 3673//3907
f 3727//3908 3673//3908 3718//3908
f 3728//3909 3672//3909 3673//3909
f 3726//3910 3718//3910 3723//3910
f 1576//3911 2084//3911 3672//3911
f 3727//3912 3731//3912 3729//3912
f 3203//3913 1387//3914 3190//3915
f 3190//3916 1791//3916 3189//3916
f 3283//3917 1949//3917 3210//3917
f 317//3918 259//3918 391//3918
f 2000//3919 3653//3919 3694//3919
f 3601//3920 3600//3920 3602//3920
f 3589//3921 3584//3921 3585//3921
f 3577//3922 756//3922 2170//3922
f 3585//3923 3582//3923 3583//3923
f 3678//3924 3637//3924 3636//3924
f 3204//3925 376//3925 3203//3925
f 1801//3926 3657//3926 1799//3926
f 3729//3927 3728//3927 3727//3927
f 1575//3928 3738//3928 1088//3928
f 3735//3929 1576//3930 3728//3931
f 1776//3932 1796//3932 1775//3932
f 1293//3933 1290//3933 1284//3933
f 1326//3934 1327//3934 12//3934
f 1294//3935 1234//3935 1290//3935
f 878//3936 1330//3936 1337//3936
f 497//3937 374//3937 498//3937
f 122//3938 413//3938 121//3938
f 3699//3939 3704//3939 3708//3939
f 3606//3940 3401//3940 3602//3940
f 3708//3941 3698//3941 3699//3941
f 3464//3942 3710//3943 3462//3944
f 3704//3945 3443//3945 3458//3945
f 439//3946 399//3946 438//3946
f 1512//3947 1526//3947 1511//3947
f 1668//3948 1738//3948 1671//3948
f 839//3949 1362//3949 838//3949
f 1362//3950 826//3950 1012//3950
f 3843//3951 1896//3952 3815//3953
f 2053//3954 2118//3954 2117//3954
f 3888//3955 2120//3955 2119//3955
f 696//3956 3816//3957 3831//3958
f 1826//3959 639//985 640//984
f 3740//3960 3729//3960 3731//3960
f 956//3961 886//3961 960//3961
f 1980//3962 1922//3963 807//3964
f 33//3965 105//3966 164//3967
f 1343//3968 3856//3968 3857//3968
f 3907//3969 2128//3969 3902//3969
f 1766//3970 1582//3970 1594//3970
f 14//3971 2163//3971 738//3971
f 595//3972 99//3972 594//3972
f 3233//3973 3246//3973 3245//3973
f 1346//3974 1044//3974 1352//3974
f 748//3975 1425//3975 747//3975
f 3193//3976 3254//3976 3268//3976
f 3190//3977 3206//3977 3203//3977
f 3612//3978 3606//3978 3615//3978
f 3624//3979 3615//3979 3625//3979
f 3631//3980 3443//3980 3674//3980
f 3679//3981 3644//3981 3637//3981
f 3686//3982 3647//3982 3682//3982
f 3702//3983 3674//3983 3704//3983
f 3625//3984 3600//3984 3597//3984
f 3601//3985 3415//3985 3631//3985
f 3739//3986 3735//3987 3729//3988
f 3630//3989 3594//3989 3741//3989
f 3741//3990 3716//3990 3630//3990
f 1284//3991 1288//3991 1285//3991
f 3698//3992 3680//3992 3679//3992
f 1778//3993 1780//3994 1779//3995
f 1792//3996 1584//3996 1789//3996
f 695//3997 571//3997 694//3997
f 3638//3998 3594//3998 3595//3998
f 3741//3999 3588//3999 3589//3999
f 3247//4000 3209//4000 3202//4000
f 3292//4001 3294//4001 3295//4001
f 3296//4002 3298//4002 3299//4002
f 3299//4003 3300//4003 3301//4003
f 3302//4004 3304//4004 3305//4004
f 3306//4005 3308//4005 3309//4005
f 3307//4006 3311//4006 3308//4006
f 3303//4007 3301//4007 3300//4007
f 3312//4008 3304//4008 3313//4008
f 3314//4009 3316//4009 3317//4009
f 3318//4010 3320//4010 3321//4010
f 3324//4011 3321//4011 3325//4011
f 3326//4012 3328//4012 3323//4012
f 3329//4013 3331//4013 3332//4013
f 3333//4014 3335//4014 3336//4014
f 3337//4015 3339//4015 3340//4015
f 3333//4016 3341//4016 3342//4016
f 3342//4017 3343//4017 3344//4017
f 3319//4018 3344//4018 3343//4018
f 3338//4019 3334//4019 3339//4019
f 3346//4020 3302//4020 3347//4020
f 3305//4021 3347//4021 3302//4021
f 3312//4022 3223//4022 3349//4022
f 3350//4023 3340//4024 3351//4025
f 3312//4026 3348//4026 3305//4026
f 3352//4027 3341//4027 3326//4027
f 3311//4028 3354//4028 3308//4028
f 3341//4029 3327//4029 3326//4029
f 3359//4030 3361//4030 3362//4030
f 3360//4031 3250//4031 3249//4031
f 3318//4032 3345//4032 3319//4032
f 3364//4033 3318//4034 3324//4035
f 3314//4036 3324//4036 3365//4036
f 3366//4037 3301//4037 3346//4037
f 3299//4038 3367//4038 3296//4038
f 3308//4039 3368//4040 3309//4041
f 3369//4042 3295//4042 3294//4042
f 3317//4043 3364//4043 3314//4043
f 3370//4044 3317//4044 3316//4044
f 3325//4045 3365//4045 3324//4045
f 3352//4046 3319//4046 3343//4046
f 3296//4047 3353//4047 3311//4047
f 3297//4048 3311//4048 3310//4048
f 3363//4049 3354//4049 3345//4049
f 3345//4050 3353//4050 3344//4050
f 3344//4051 3367//4051 3342//4051
f 3366//4052 3342//4052 3367//4052
f 3347//4053 3334//4053 3346//4053
f 3339//4054 3348//4054 3340//4054
f 3348//4055 3351//4025 3340//4024
f 3363//4056 3369//4056 3368//4056
f 3294//4057 3368//4057 3369//4057
f 3293//4058 3309//4058 3294//4058
f 3331//4059 3374//4059 3332//4059
f 3346//4060 3333//4060 3366//4060
f 3323//4061 3352//4061 3326//4061
f 3356//4062 3321//4062 3320//4062
f 3355//4063 3325//4063 3321//4063
f 3357//4064 3371//4064 3325//4064
f 3322//4065 3320//4066 3352//4067
f 3361//4068 3329//4068 3362//4068
f 3373//4069 3375//4069 3374//4069
f 3374//4070 3376//4070 3332//4070
f 3329//4071 3376//4072 3362//4073
f 3327//4074 3372//4074 3328//4074
f 3336//4075 3375//4076 3327//4077
f 3335//4078 3376//4078 3375//4078
f 3376//4079 3337//4079 3362//4079
f 3337//4080 3359//4080 3362//4080
f 3359//4081 3276//4081 3250//4081
f 3377//4082 3295//4082 3370//4082
f 3277//4083 3315//4083 3278//4083
f 3371//4084 3379//4084 3365//4084
f 3378//4085 3358//4085 3380//4085
f 3365//4086 3315//4086 3314//4086
f 3316//4087 3279//4087 3370//4087
f 3282//4088 3370//4089 3279//4090
f 3313//4091 3224//4091 3312//4091
f 3378//4092 3284//4092 3379//4092
f 3380//4093 3285//4093 3378//4093
f 3379//4094 3278//4094 3315//4094
f 3276//4095 3351//4095 3291//4095
f 3291//4096 3349//4096 3223//4096
f 3313//4097 2965//4097 3013//4097
f 2965//4098 3303//4098 222//4098
f 222//4099 3300//4099 223//4099
f 223//4100 3298//4101 3186//4102
f 3298//4103 3185//4103 3186//4103
f 3297//4104 2977//4104 3185//4104
f 3310//4105 1213//4105 2977//4105
f 3307//4106 1214//4106 1213//4106
f 2532//4107 3306//4107 3293//4107
f 2894//4108 3293//4108 3292//4108
f 2871//4109 3292//4109 3377//4109
f 3253//4110 3240//4110 3242//4110
f 3283//4111 3013//4112 2152//4113
f 1997//4114 1889//4114 1892//4114
f 1237//4115 744//4115 855//4115
f 1535//4116 120//4117 121//4118
f 1531//4119 201//4119 214//4119
f 1119//4120 1032//4120 984//4120
f 946//4121 824//4121 947//4121
f 163//4122 5//4122 162//4122
f 3589//4123 3723//4123 3741//4123
f 1155//4124 1162//4124 1164//4124
f 427//4125 327//4125 424//4125
f 553//4126 796//4126 498//4126
f 3381//4127 2231//4127 2237//4127
f 3381//4128 2230//4128 2232//4128
f 2237//4129 3180//4129 3381//4129
f 3383//4130 3385//4130 3382//4130
f 3384//4131 3387//4131 3385//4131
f 3386//4132 3389//4132 3387//4132
f 3388//4133 3391//4134 3389//4135
f 3392//4136 3394//4136 3395//4136
f 3395//4137 3396//4137 3397//4137
f 3398//4138 3397//4138 3396//4138
f 3400//4139 3399//4139 3398//4139
f 3403//4140 3405//4140 3402//4140
f 3406//4141 3404//4141 3403//4141
f 3408//4142 3407//4142 3406//4142
f 3410//4143 3409//4144 3408//4145
f 3412//4146 3411//4146 3410//4146
f 3415//4147 3398//4147 3414//4147
f 3414//4148 3396//4148 3416//4148
f 3416//4149 3394//4149 3417//4149
f 3417//4150 3393//4150 3418//4150
f 3393//4151 3420//4152 3418//4153
f 3419//4154 3421//4154 3420//4154
f 3390//4155 3422//4155 3421//4155
f 3388//4156 3423//4156 3422//4156
f 3386//4157 3424//4157 3423//4157
f 3384//4158 3425//4158 3424//4158
f 3425//4159 3426//4159 3184//4159
f 2904//4160 3428//4160 2947//4160
f 3429//4161 2904//4161 2902//4161
f 3430//4162 2902//4163 2876//4164
f 2875//4165 3430//4162 2876//4164
f 3432//4166 2733//4166 2736//4166
f 2825//4167 3435//4168 2824//4169
f 3437//4170 3439//4170 3436//4170
f 3441//4171 3436//4171 3440//4171
f 2724//4172 3434//4172 2825//4172
f 3436//4173 3115//4174 3117//4175
f 3440//4176 3117//4176 3119//4176
f 3443//4177 3414//4177 3442//4177
f 3442//4178 3416//4178 3444//4178
f 3444//4179 3417//4179 3445//4179
f 3445//4180 3418//4180 3446//4180
f 3446//4181 3420//4181 3447//4181
f 3420//4182 3448//4183 3447//4184
f 3421//4185 3449//4186 3448//4183
f 3422//4187 3450//4187 3449//4187
f 3423//4188 3451//4188 3450//4188
f 3424//4189 3452//4189 3451//4189
f 3425//4190 3056//4190 3452//4190
f 3451//4191 2253//4191 2252//4191
f 3450//4192 2252//4192 1727//4192
f 3449//4193 1727//4193 2150//4193
f 3448//4194 2150//4194 1941//4194
f 3453//4195 3448//4195 1941//4195
f 3454//4196 3447//4196 3453//4196
f 3455//4197 3446//4197 3454//4197
f 3456//4198 3445//4198 3455//4198
f 3442//4199 3456//4199 3457//4199
f 3443//4200 3457//4200 3458//4200
f 3459//4201 3458//4201 3457//4201
f 3457//4202 3455//4202 3459//4202
f 3459//4203 3454//4203 3461//4203
f 3462//4204 3459//4204 3461//4204
f 3461//4205 3453//4205 3463//4205
f 3464//4206 3461//4206 3463//4206
f 3463//4207 1941//4207 1360//4207
f 3404//4208 3401//4208 3405//4208
f 3407//4209 3399//4209 3404//4209
f 3409//4210 3397//4210 3407//4210
f 3411//4211 3395//4211 3409//4211
f 3465//4212 3413//4212 3412//4212
f 3467//4213 3469//4214 3466//4215
f 3465//4216 3431//4216 3433//4216
f 3470//4217 3466//4218 3465//4219
f 3438//4220 3432//4220 3435//4220
f 3467//4221 3438//4221 3437//4221
f 3468//4222 3437//4222 3441//4222
f 3471//4223 3468//4223 3472//4223
f 3472//4224 3441//4224 3473//4224
f 3473//4225 3440//4226 2712//4227
f 2712//4228 3119//4228 3128//4228
f 3475//4229 3472//4229 3474//4229
f 3474//4230 3473//4230 3476//4230
f 3476//4231 2712//4231 2711//4231
f 3477//4232 2711//4232 2400//4232
f 3478//4233 3476//4233 3477//4233
f 3479//4234 3474//4234 3478//4234
f 3392//4235 3413//4235 3480//4235
f 3466//4236 3480//4236 3413//4236
f 3419//4237 3392//4237 3480//4237
f 3390//4238 3480//4238 3391//4238
f 3469//4239 3391//4239 3480//4239
f 3389//4240 3471//4240 3475//4240
f 3387//4241 3475//4241 3479//4241
f 3385//4242 3479//4243 3481//4244
f 3482//4245 2400//4245 2402//4245
f 3483//4246 3477//4246 3482//4246
f 3481//4247 3478//4247 3483//4247
f 3484//4248 2402//4248 2707//4248
f 3058//4249 2707//4249 2708//4249
f 3061//4250 3484//4250 3058//4250
f 3485//4251 3482//4251 3484//4251
f 3382//4252 3481//4252 3486//4252
f 3486//4253 3483//4253 3485//4253
f 3426//4254 3382//4254 3487//4254
f 3487//4255 3486//4255 1962//4255
f 3486//4256 3061//4256 1962//4256
f 1961//4257 3487//4257 1962//4257
f 3057//4258 3426//4258 3487//4258
f 3428//4259 3402//4259 3488//4259
f 3427//4260 3403//4260 3428//4260
f 3429//4261 3406//4261 3427//4261
f 3430//4262 3408//4263 3429//4264
f 3431//4265 3410//4265 3430//4265
f 3470//4266 3433//4266 3432//4266
f 3434//4267 3438//4267 3435//4267
f 2723//4268 3439//4268 3434//4268
f 2875//4269 3433//4269 3431//4269
f 2736//4270 3435//4271 3432//4272
f 2947//4273 3488//4273 3500//4273
f 3464//4274 1360//4274 3497//4274
f 1900//4275 1924//4275 1901//4275
f 1736//4276 1718//4276 1750//4276
f 1955//4277 1943//4277 1956//4277
f 1671//4278 1735//4278 1751//4278
f 1696//4279 1698//4279 1692//4279
f 1800//4280 1864//4280 1801//4280
f 2063//4281 2056//4281 2060//4281
f 1737//4282 1717//4282 1736//4282
f 1751//4283 1697//4283 1695//4283
f 943//4284 3899//4284 684//4284
f 3656//4285 3402//4285 3605//4285
f 1577//4286 1764//4286 1703//4286
f 3917//4287 1599//4287 3923//4287
f 1945//4288 82//4288 1944//4288
f 68//4289 7//4289 248//4289
f 147//4290 1543//4290 148//4290
f 1109//4291 1133//4291 1102//4291
f 1503//4292 1907//4292 1908//4292
f 1499//4293 1909//4293 1498//4293
f 452//4294 735//4294 215//4294
f 1824//4295 3835//4295 3845//4295
f 1825//4296 2068//4296 1824//4296
f 1463//4297 1022//4297 1194//4297
f 841//4298 1009//4298 1011//4298
f 1568//4299 1955//4299 1534//4299
f 1926//4300 1927//4300 1923//4300
f 1910//4301 1502//4301 1939//4301
f 1939//4302 422//4303 442//4304
f 309//4305 1940//4306 308//4307
f 1804//4308 1866//4308 1803//4308
f 269//4309 1954//4309 56//4309
f 2065//4310 2060//4310 2056//4310
f 3812//4311 1758//4311 3835//4311
f 280//4312 552//4312 1940//4312
f 1875//4313 1869//4313 1874//4313
f 1739//4314 1734//4315 1737//4316
f 1778//4317 1790//4317 1788//4317
f 310//4318 1915//4318 279//4318
f 1909//4319 1906//4319 1954//4319
f 1789//4320 1778//4320 1788//4320
f 978//4321 980//933 979//932
f 1584//4322 1731//4322 1583//4322
f 425//4323 311//4323 312//4323
f 148//4324 115//4324 116//4324
f 2044//4325 3894//4325 2046//4325
f 277//4326 1939//4326 551//4326
f 1943//4327 1945//4327 1944//4327
f 1461//4328 1463//4328 1464//4328
f 2253//4329 3056//4329 3055//4329
f 2981//4330 3489//4330 958//4330
f 2209//4331 3489//4331 3055//4331
f 2254//4332 3055//4332 3489//4332
f 2998//4333 958//4333 3489//4333
f 2826//4334 2721//2771 2724//2773
f 3490//4335 2721//4336 2817//4337
f 2816//4338 3490//4338 2817//4338
f 2334//4339 2296//4339 2335//4339
f 2298//4340 2334//4340 2336//4340
f 2301//4341 2336//4341 2338//4341
f 2311//4342 2338//4342 2354//4342
f 2312//4343 2354//4344 2355//4345
f 2359//4346 2361//4346 2360//4346
f 2335//4347 2359//4347 2360//4347
f 2414//4348 2365//4349 2364//4350
f 2413//4351 2361//4351 2365//4351
f 2355//4352 2540//4352 2541//4352
f 2541//4353 2539//4354 2542//4355
f 2722//4356 2739//4356 2738//4356
f 3114//4357 2738//4357 3113//4357
f 3110//4358 3121//4358 3120//4358
f 3108//4359 3120//4359 3113//4359
f 3122//4360 3127//3459 3126//3458
f 3112//4361 3126//4361 3121//4361
f 3127//4362 1753//4362 3135//4362
f 3139//4363 2529//4363 2542//4363
f 3744//4364 3133//4364 3139//4364
f 3490//4335 2740//4365 2739//4366
f 3491//4367 2789//4368 3490//4369
f 228//4370 91//4370 88//4370
f 245//4371 243//4371 242//4371
f 248//4372 247//4372 191//4372
f 2//4373 296//4373 295//4373
f 145//4374 300//4374 267//4374
f 327//4375 210//4375 328//4375
f 329//4376 331//4376 330//4376
f 250//4377 228//4377 236//4377
f 239//4378 240//4378 230//4378
f 373//4379 375//4379 374//4379
f 178//4380 176//4380 175//4380
f 1218//4381 1228//4381 1321//4381
f 3862//4382 1295//382 3854//4383
f 808//4384 824//4384 823//4384
f 3858//4385 1013//4385 1014//4385
f 3813//4386 1411//4387 1413//4388
f 2154//4389 2159//4389 2160//4389
f 3845//4390 1758//4390 1757//4390
f 306//4391 1922//4391 452//4391
f 2157//4392 1976//4393 1977//4394
f 708//4395 2031//4395 1474//4395
f 1450//4396 1227//4396 1428//4396
f 1672//4397 1605//4397 1624//4397
f 1813//4398 1821//4398 1816//4398
f 1717//4399 1715//4399 1718//4399
f 176//4400 402//4400 347//4400
f 1710//4401 3916//4401 3915//4401
f 1712//4402 1577//4402 1711//4402
f 1705//4403 1711//4403 1704//4403
f 971//4404 979//4404 970//4404
f 822//4405 1094//4405 1102//4405
f 2909//4406 2793//4406 2792//4406
f 2810//4407 2795//4407 2793//4407
f 2799//4408 2249//4408 2800//4408
f 3662//4409 2910//4409 2799//4409
f 2769//4410 2801//4410 2795//4410
f 3177//4411 3178//4411 3179//4411
f 3178//4412 3180//4412 3179//4412
f 3181//4413 1393//4413 2800//4413
f 3181//4414 1632//4414 3182//4414
f 3182//4415 2244//4415 3183//4415
f 3183//4416 2243//4416 3180//4416
f 3492//4417 2790//4418 3491//4419
f 2808//4420 3491//4421 2816//4422
f 2239//4423 3572//4423 2240//4423
f 1149//4424 3571//4424 3570//4424
f 1150//4425 3567//4425 3571//4425
f 2202//4426 3566//4426 2015//4426
f 2921//4427 3565//4427 2923//4427
f 3568//4428 2133//4429 2928//4428
f 1777//4430 1759//4430 1792//4430
f 1201//4431 1183//4431 1184//4431
f 3561//4432 2195//4432 2194//4432
f 3553//4433 2770//4433 2768//4433
f 3927//4434 1687//4434 1692//4434
f 1516//4435 154//4435 503//4435
f 3549//4436 2974//3372 2803//4437
f 3550//4438 2779//4438 2778//4438
f 2771//4439 3575//4439 3546//4439
f 3070//4440 3546//4440 3558//4440
f 3547//4441 2775//4441 2867//4441
f 1376//4442 1370//4442 1372//4442
f 2767//4443 3556//4443 2206//4443
f 2195//4444 3543//4444 2767//4444
f 2775//4445 3542//4445 2776//4445
f 3377//4446 3545//4446 2871//4446
f 3804//4447 3539//4447 2806//4447
f 2776//4448 3538//4448 2805//4448
f 2240//4449 3535//4450 2920//4451
f 2920//4452 3669//4452 3619//4452
f 3548//4453 2786//4453 2779//4453
f 1805//4454 1851//4454 1804//4454
f 3534//4455 2787//4455 2786//4455
f 2951//4456 3540//4456 3531//4456
f 2772//4457 3531//4458 3575//4459
f 2973//4460 3530//4460 3536//4460
f 2224//4461 3537//4462 3530//4463
f 1957//4464 320//4464 510//4464
f 306//4465 304//4465 303//4465
f 2770//4466 3528//4466 2913//4466
f 2913//4467 3574//4467 2239//4467
f 2923//4468 3527//4468 2922//4468
f 308//4469 431//4469 47//4469
f 207//4470 132//4470 543//4470
f 1879//4471 1881//4471 1880//4471
f 3733//4472 3525//4472 2089//4472
f 2475//4473 3558//4473 3524//4473
f 2476//4474 3524//4475 3523//4476
f 2223//4477 3523//4476 3537//4478
f 3522//4479 2803//4479 2802//4479
f 2037//4480 11//4480 1950//4480
f 1959//4481 450//4481 505//4481
f 2003//4482 3520//4482 2129//4482
f 9//4483 334//4483 540//4483
f 2009//4484 3518//4484 3567//4484
f 2008//4485 3536//4485 3518//4485
f 3877//4486 673//4486 3879//4486
f 3515//4487 2778//4487 2784//4487
f 2935//4488 3513//4488 2936//4488
f 111//4489 3570//4489 3511//4489
f 3510//4490 2935//4490 2938//4490
f 683//4491 3885//4491 943//4491
f 3508//4492 2810//4492 2909//4492
f 736//4493 732//4493 729//4493
f 1795//4494 1803//4494 1796//4494
f 3505//4495 2938//4496 2939//4497
f 3507//4498 2939//4498 2940//4498
f 2950//4499 3504//4499 2949//4499
f 2940//4500 3504//4500 3507//4500
f 3801//4501 3512//4501 2950//4501
f 2868//4502 3502//4502 2869//4502
f 2869//4503 3522//4503 2802//4503
f 1024//4504 1023//4504 1020//4504
f 3500//4505 2948//3043 2947//3042
f 551//4506 442//4506 443//4506
f 2972//4507 3568//4428 2928//4428
f 2032//4508 3499//4509 2972//4510
f 216//4511 1924//4511 1923//4511
f 203//4512 201//4512 200//4512
f 1828//4513 1847//4513 1837//4513
f 1958//4514 449//4514 450//4514
f 272//907 178//4515 175//905
f 2871//4516 3495//4516 1361//4516
f 3619//4517 3564//4518 2921//4519
f 2801//4520 3643//4520 3662//4520
f 2005//4521 3654//4521 2176//4521
f 960//4522 899//4522 962//4522
f 3657//4523 3612//4523 3624//4523
f 3780//4524 3646//4524 3151//4524
f 3151//4525 3593//4525 2555//4525
f 2193//4526 3623//4526 2194//4526
f 3607//4527 3145//4527 3144//4527
f 3603//4528 2761//4528 3145//4528
f 3592//4529 3144//4530 3104//4531
f 2926//4532 3634//4532 3103//4532
f 3634//4533 3104//4534 3103//4535
f 3755//4536 3746//4536 3753//4536
f 566//4537 3758//4537 2005//4537
f 3488//4538 1864//4539 3500//4540
f 1602//4541 2079//4541 2078//4541
f 2868//4542 3611//4542 2922//4542
f 2922//4543 3610//4543 2923//4543
f 2923//4544 3618//4544 2921//4544
f 3670//4545 2918//4545 3614//4545
f 3619//4546 3614//4546 2920//4546
f 2921//4547 3670//4547 3619//4547
f 2920//4548 3586//4548 2240//4548
f 3613//4549 2915//4549 2918//4549
f 2917//4550 3622//4551 3641//4552
f 2916//4553 3641//4553 3642//4553
f 2239//4554 3652//4554 2913//4554
f 2911//4555 3652//4555 2757//4555
f 3643//4556 2911//4557 2910//4558
f 2797//4559 3662//4559 3591//4559
f 2797//4560 3598//4560 2750//4560
f 3622//4561 2763//4562 2765//4563
f 3608//4564 2764//4564 2745//4564
f 2194//4565 3648//4565 2221//4565
f 2221//4566 3649//4566 2222//4566
f 2756//4567 3609//4567 2755//4567
f 2750//4568 3609//4568 2747//4568
f 3669//4569 1817//4569 3827//4569
f 3763//4570 1691//4571 1699//4572
f 2515//4573 3590//4573 2548//4573
f 2548//4574 3593//4574 2550//4574
f 2513//4575 3632//4575 3616//4575
f 2513//4576 3621//4576 2515//4576
f 2509//4577 3620//4577 2289//4577
f 2510//4578 3633//4578 2509//4578
f 2289//4579 3639//4579 2283//4579
f 2283//4580 3617//4580 2286//4580
f 2240//4581 3587//4581 2239//4581
f 3659//4582 3624//4583 3626//4584
f 716//4585 3887//4585 3888//4585
f 727//4586 3761//4586 1923//4586
f 2165//4587 2170//4587 2164//4587
f 3660//4588 3626//4589 3629//4590
f 3743//4591 3578//4592 3757//4593
f 2175//4594 769//4594 770//4594
f 2100//4595 2095//4595 2099//4595
f 3758//4596 3757//4593 3578//4592
f 640//4597 3568//4597 1826//4597
f 1653//4598 3553//4598 1651//4598
f 1895//4599 3530//4599 746//4599
f 746//4600 3537//4600 741//4600
f 1653//4601 3528//4601 3576//4601
f 3762//4602 1604//4602 1672//4602
f 2093//4603 2073//4603 2078//4603
f 959//4604 995//4604 884//4604
f 962//4605 919//4605 986//4605
f 1400//4606 1398//4606 1399//4606
f 1000//4607 1127//4607 1004//4607
f 956//4608 884//4608 885//4608
f 1662//4609 3550//4609 1661//4609
f 2034//4610 3546//4610 1654//4610
f 3926//4611 3539//4611 3802//4611
f 3535//4612 766//4612 1817//4612
f 3572//4613 765//4613 766//4613
f 334//4614 3571//4614 335//4614
f 1868//4615 3540//4615 1656//4615
f 1684//4616 1652//4616 1678//4616
f 1682//4617 775//4617 1807//4617
f 1585//4618 3762//4618 1700//4618
f 3763//4619 1672//4619 1673//4619
f 2173//4620 490//4620 491//4620
f 1658//4621 3547//4621 1752//4621
f 3556//4622 1650//4623 724//4624
f 1571//1066 2010//4625 1572//1064
f 1587//4626 3671//4626 2080//4626
f 2099//4627 2077//4628 2094//4629
f 787//4630 1999//4630 786//4630
f 2000//4631 786//4631 1999//4631
f 3155//4632 3697//4632 3683//4632
f 3713//4633 3683//4633 3789//4633
f 2180//4634 3685//4634 3684//4634
f 3496//4635 3684//4635 3705//4635
f 1684//4636 3840//4636 1651//4636
f 1760//4637 3495//4637 3545//4637
f 2607//4638 3693//4638 2590//4638
f 2581//4639 3689//4639 2607//4639
f 2371//4640 3700//4640 3695//4640
f 2371//4641 3693//4641 2372//4641
f 2587//4642 3675//4642 2586//4642
f 2586//4643 3697//4643 339//4643
f 2497//4644 3687//4644 2503//4644
f 2502//4645 3687//4646 3700//4647
f 2494//4648 3690//4648 2495//4648
f 3690//4649 2472//4649 2495//4649
f 3688//4650 2468//4650 2472//4650
f 3701//4651 2469//4651 2468//4651
f 726//4652 3892//4652 630//4652
f 581//4653 3518//4653 580//4653
f 10//4654 3570//4654 334//4654
f 1837//4655 3510//4655 1849//4655
f 741//4656 3523//4656 1300//4656
f 1299//4657 3558//4658 2034//4659
f 1851//4660 3504//4660 1866//4660
f 3527//4661 1820//4662 1819//4663
f 580//4664 3536//4665 1895//4666
f 1758//4667 3522//4667 3502//4667
f 1693//4668 3508//4668 1806//4668
f 3504//4669 1867//4669 1866//4669
f 1894//4670 3568//4671 3499//4671
f 2126//4672 3813//4672 3841//4672
f 3906//4673 3841//4673 3912//4673
f 2113//4674 3867//4674 2110//4674
f 2179//4675 3789//4675 3685//4675
f 624//4676 3904//4676 623//4676
f 2192//4677 3788//4677 3780//4677
f 2177//4678 3787//4678 3733//4678
f 1364//4679 3833//4679 1338//4679
f 3858//4680 1470//4680 1453//4680
f 3135//3489 3775//4681 3744//4682
f 2069//4683 3835//4683 2068//4683
f 1351//4684 3853//4684 1352//4684
f 2108//4685 3901//4685 499//4685
f 2089//4686 3736//4686 3733//4686
f 3828//4687 1358//4687 866//4687
f 2001//4688 3783//4689 2187//4690
f 2187//4691 3719//4692 2091//4693
f 2130//4694 3752//4694 2004//4694
f 2004//4695 3749//4695 2001//4695
f 2014//4696 3779//4696 2201//4696
f 2201//4697 3756//4697 2130//4697
f 3167//3639 3759//4698 2969//3637
f 3168//4699 3720//4699 3167//4699
f 3159//4700 3764//4700 3160//4700
f 3160//4701 3765//4701 3081//4701
f 3730//4702 3158//4703 337//4704
f 3158//4705 3709//4705 3159//4705
f 2200//4706 3730//4706 3722//4706
f 3685//4707 3742//4707 2204//4707
f 3722//4708 2197//1823 2200//1822
f 3790//4709 2092//4709 3721//4709
f 3774//4710 3721//4710 2197//4710
f 3154//4711 3790//4711 3774//4711
f 3155//4712 3706//4712 3154//4712
f 2091//4713 3721//4713 2092//4713
f 2196//4714 3750//4714 3776//4714
f 2193//4715 3776//4715 3781//4715
f 3604//4716 3781//4716 3788//4716
f 2086//4717 3780//4717 3778//4717
f 2087//4718 3778//4718 3777//4718
f 2204//4719 3751//4719 2205//4719
f 2205//4720 3750//4720 3148//4720
f 3909//4721 574//4721 692//4721
f 2124//4722 3777//4722 3760//4722
f 2208//4723 3760//4723 3782//4723
f 3711//4724 3140//4724 3137//4724
f 3785//4725 3138//4725 3140//4725
f 3745//4726 3139//4727 3138//4728
f 3771//4729 3136//3497 2322//4730
f 3712//4731 3137//4731 3136//4731
f 3775//4732 3131//4732 3133//4732
f 3767//4733 3132//4733 3131//4733
f 1813//4734 3838//4734 1814//4734
f 1293//4735 3856//4735 1344//4735
f 2184//4736 3748//4736 3732//4736
f 2181//4737 3732//4737 3734//4737
f 3765//4738 3079//4738 3081//4738
f 3768//4739 3080//4739 3079//4739
f 709//4740 3875//4741 2031//4742
f 2774//4743 3737//4744 3769//4745
f 3786//4746 2134//4746 3559//4746
f 3809//4747 766//4747 765//4747
f 2968//4748 3766//4748 2959//4748
f 2969//3070 3784//4749 2968//3068
f 2958//4750 3737//4750 2961//4750
f 2132//4751 3766//4751 2960//4751
f 2321//4752 3771//4753 3748//4754
f 3860//4755 1449//4755 28//4755
f 3905//4756 582//4756 710//4756
f 3886//4757 577//4757 574//4757
f 3847//4758 1818//4758 3827//4758
f 705//4759 3887//4759 2121//4759
f 3816//4760 3907//4760 698//4760
f 2111//4761 3911//4761 2113//4761
f 3810//4762 1366//4762 1411//4762
f 1812//4763 3822//4763 1815//4763
f 675//4764 3852//4764 674//4764
f 3496//4765 3851//4766 675//4767
f 2110//4768 3868//4768 2109//4768
f 2104//4769 3901//4769 2106//4769
f 2109//1549 3899//4770 944//1550
f 3842//4771 703//4771 739//4771
f 1680//4772 3846//4773 1684//4774
f 1639//4775 3819//4775 3818//4775
f 623//4776 3906//4776 697//4776
f 2139//4777 3866//4778 3865//4779
f 1808//4780 3844//4780 3837//4780
f 3820//4781 1819//4781 1820//4781
f 3872//4782 3900//4782 706//4782
f 1646//4783 3830//4783 1648//4783
f 3889//4784 633//4784 577//4784
f 2139//4785 3875//4785 18//4785
f 2156//4786 3871//4786 3874//4786
f 674//4787 3913//4787 3869//4787
f 2117//4788 3812//4788 2069//4788
f 1815//4789 3847//4790 3823//4791
f 3855//4792 1444//4793 1470//4794
f 697//4795 3912//4795 3816//4795
f 866//4796 3836//4796 3828//4796
f 3864//4797 2136//4798 2135//4799
f 3585//4800 3726//4800 3589//4800
f 3583//4801 3731//4801 3585//4801
f 3753//4802 3738//4803 3739//4804
f 3740//4805 3581//4806 3743//4807
f 1088//4808 3746//4808 1093//4808
f 3739//4809 3743//4809 3753//4809
f 2791//4810 3493//4810 2792//4810
f 3492//4811 2807//4811 3493//4811
f 2792//4812 3494//4812 2909//4812
f 3493//4813 2806//4813 3494//4813
f 3508//4814 3494//4814 3516//4814
f 3516//4815 2806//4815 3539//4815
f 2948//4816 3791//4816 3801//4816
f 2105//4817 3896//4817 2104//4817
f 3538//4818 3804//4818 2805//4818
f 680//4819 3876//4819 683//4819
f 1891//4820 3910//4820 3891//4820
f 2905//4821 3801//4821 2950//4821
f 2900//4822 3799//4822 2905//4822
f 2901//2960 3807//4823 2877//2961
f 2734//4824 3806//4824 3794//4824
f 2877//4825 3806//4825 2878//4825
f 2820//4826 3794//4826 2872//4826
f 2818//4827 3792//4827 2827//4827
f 2823//4828 3792//4828 2826//4828
f 2822//4829 3798//4829 2821//4829
f 2819//4830 3800//4830 3798//4830
f 2817//4831 3795//4831 2816//4831
f 2809//4832 3795//4832 2815//4832
f 2808//4833 3803//4833 2807//4833
f 2805//4834 3803//4834 2804//4834
f 1702//4835 3923//4835 1599//4835
f 3922//4836 1797//4836 1802//4836
f 3915//4837 1706//4837 1709//4837
f 3918//4838 1692//4838 1698//4838
f 1657//1411 3880//4839 1879//1409
f 1890//4840 3895//4840 3910//4840
f 3772//4841 1674//4841 1675//4841
f 1689//4842 3772//4842 3773//4842
f 3926//4843 3538//4844 1688//4845
f 3516//4846 1689//4846 3773//4846
f 3917//4847 1703//4847 1764//4847
f 1598//4848 3928//4848 1770//4848
f 3880//4849 1876//4849 1879//4849
f 1691//4850 3925//4851 3927//4850
f 3925//4852 1688//4852 1687//4852
f 1117//4853 1118//4853 3930//4853
f 1066//4854 1322//4854 3930//4854
f 1243//4855 847//4855 3930//4855
f 3825//4856 848//4856 3930//4856
f 1128//4857 1117//4858 3930//4859
f 1129//4860 1130//4860 3930//4860
f 841//4861 1011//4861 3930//4861
f 1230//4862 3863//4862 3930//4862
f 1242//4863 1243//4863 3930//4863
f 1322//4864 1229//4864 3930//4864
f 1064//4865 1065//4866 3930//4867
f 1003//4868 1128//4857 3930//4859
f 1229//4869 1230//4869 3930//4869
f 3863//4870 1285//4870 3930//4870
f 1285//4871 1288//4871 3930//4871
f 848//4872 839//4872 3930//4872
f 847//4873 3825//4873 3930//4873
f 1118//4874 1129//4874 3930//4874
f 1065//4866 1066//4875 3930//4867
f 1087//4876 1086//4876 3930//4876
f 1008//4877 1002//4877 3930//4877
f 1011//4878 1008//4878 3930//4878
f 1002//4879 1003//4879 3930//4879
f 1076//4880 1069//4880 3930//4880
f 838//4881 841//4881 3930//4881
f 839//4882 838//4882 3930//4882
f 1288//4883 1242//4883 3930//4883
f 1130//4884 1087//4884 3930//4884
f 1086//4885 1076//4885 3930//4885
f 1069//4886 1064//4886 3930//4886
f 2410//4887 2414//4887 3931//4887
f 2411//4888 2410//4888 3931//4888
f 3617//4889 2285//4889 3931//4889
f 2394//4890 2393//4890 3931//4890
f 2393//4891 2396//4891 3931//4891
f 2281//4892 2286//4892 3931//4892
f 2282//4893 2280//4893 3931//4893
f 2398//4894 2399//4894 3931//4894
f 2465//4895 2464//4895 3931//4895
f 2396//4896 2397//4896 3931//4896
f 2470//4897 2469//4897 3931//4897
f 2399//4898 2416//4898 3931//4898
f 2480//4899 2395//4899 3931//4899
f 2459//4900 2480//4900 3931//4900
f 2369//4901 2282//4901 3931//4901
f 2460//4902 2459//4902 3931//4902
f 2415//4903 2411//4903 3931//4903
f 2416//4904 2415//4904 3931//4904
f 2364//4905 2363//4905 3931//4905
f 2286//4906 3617//4906 3931//4906
f 2464//4907 2470//4907 3931//4907
f 2469//4908 3703//4908 3931//4908
f 2285//4909 2465//4909 3931//4909
f 2414//4910 2364//4910 3931//4910
f 2395//4911 2394//4911 3931//4911
f 2363//4912 2367//4912 3931//4912
f 2397//4913 2398//4913 3931//4913
f 2280//4914 2281//4914 3931//4914
f 3703//4915 2460//4915 3931//4915
f 2367//4916 2369//4916 3931//4916
f 3934//4917 3937//4918 3938//4919
f 3934//4920 3939//4921 3935//4922
f 3932//4923 3937//4924 3933//4925
f 3938//4926 3943//4926 3939//4927
f 3937//4928 3940//4929 3941//4930
f 3937//4931 3942//4932 3938//4932
f 3942//4933 3947//4934 3943//4935
f 3941//4936 3944//4937 3945//4938
f 3942//4939 3945//4940 3946//4941
f 3947//4942 3950//4943 3951//4944
f 3944//4945 3949//4946 3945//4947
f 3945//4948 3950//4949 3946//4950
f 3950//4951 3955//4952 3951//4953
f 3949//4954 3952//4955 3953//4956
f 3950//4957 3953//4958 3954//4959
f 3955//4960 3958//4961 3959//4962
f 3953//4963 3956//4964 3957//4965
f 3953//4966 3958//4967 3954//4968
f 3959//4969 3962//4970 3963//4971
f 3957//4972 3960//4973 3961//4974
f 3958//4975 3961//4976 3962//4977
f 3962//4978 3967//4978 3963//4979
f 3960//4980 3965//4981 3961//4982
f 3961//4983 3966//4984 3962//4985
f 3966//4986 3971//4987 3967//4988
f 3965//4989 3968//4989 3969//4990
f 3966//4991 3969//4992 3970//4993
f 3970//4994 3975//4995 3971//4996
f 3968//4997 3973//4998 3969//4999
f 3969//5000 3974//5001 3970//5002
f 3974//5003 3979//5004 3975//5005
f 3973//5006 3976//5007 3977//5008
f 3974//5009 3977//5010 3978//5011
f 3979//5012 3982//5013 3983//5014
f 3976//5015 3981//5015 3977//5015
f 3977//5016 3982//5017 3978//5018
f 3982//5019 3987//5020 3983//5021
f 3981//5022 3984//5023 3985//5024
f 3982//5025 3985//5026 3986//5027
f 3987//5028 3990//5029 3991//5028
f 3984//5030 3989//5031 3985//5032
f 3985//5033 3990//5034 3986//5035
f 3991//5036 3994//5037 3995//5038
f 3989//5039 3992//5040 3993//5041
f 3990//5042 3993//5043 3994//5044
f 3995//5045 3998//5046 3999//5047
f 3992//5048 3997//5049 3993//5050
f 3993//5051 3998//5052 3994//5053
f 3998//5054 4003//5055 3999//5056
f 3997//5057 4000//5058 4001//5059
f 3998//5060 4001//5061 4002//5062
f 4002//5063 4007//5064 4003//5065
f 4000//5066 4005//5067 4001//5068
f 4001//5069 4006//5070 4002//5071
f 4006//5072 4011//5073 4007//5074
f 4005//5075 4008//5076 4009//5077
f 4006//5078 4009//5079 4010//5080
f 4011//5081 4014//5082 4015//5083
f 4008//5084 4013//5085 4009//5086
f 4009//5087 4014//5088 4010//5089
f 4014//5090 4019//5091 4015//5092
f 4013//5093 4016//5094 4017//5095
f 4014//5096 4017//5097 4018//5098
f 4019//5099 4022//5100 4023//5101
f 4016//5102 4021//5103 4017//5104
f 4017//5105 4022//5106 4018//5107
f 4023//5108 4026//5109 4027//5110
f 4021//5111 4024//5112 4025//5113
f 4022//5114 4025//5115 4026//5116
f 4027//5117 4030//5118 4031//5119
f 4024//5120 4029//5121 4025//5122
f 4025//5123 4030//5124 4026//5125
f 4031//5126 4034//5127 4035//5128
f 4029//5129 4032//5130 4033//5131
f 4030//5132 4033//5133 4034//5134
f 4034//5135 4039//5136 4035//5137
f 4032//5138 4037//5139 4033//5140
f 4033//5141 4038//5142 4034//5143
f 4038//5144 4043//5145 4039//5146
f 4037//5147 4040//5148 4041//5149
f 4038//5150 4041//5151 4042//5152
f 4043//5153 4046//5154 4047//5155
f 4040//5156 4045//5157 4041//5158
f 4041//5159 4046//5160 4042//5161
f 4046//5162 4051//5163 4047//5164
f 4045//5165 4048//5166 4049//5167
f 4046//5168 4049//5169 4050//5170
f 4051//5171 4055//5172 4056//5173
f 4048//5174 4054//5175 4049//5176
f 4049//5177 4055//5178 4050//5179
f 4056//5180 4059//5181 4060//5182
f 4053//5183 4058//5184 4054//5185
f 4055//5186 4058//5187 4059//5188
f 3932//5189 4052//5189 3936//5189
f 3936//5190 4052//5190 3940//5190
f 3940//5191 4052//5191 3944//5191
f 3944//5192 4052//5192 3948//5192
f 3948//5193 4052//5193 3952//5193
f 3952//5194 4052//5194 3956//5194
f 3956//5195 4052//5196 3960//5196
f 3960//5196 4052//5196 3964//5197
f 3964//5198 4052//5199 3968//5199
f 3968//5199 4052//5199 3972//5200
f 3972//5201 4052//5202 3976//5202
f 3976//5202 4052//5202 3980//5203
f 3980//5204 4052//5205 3984//5206
f 3984//5206 4052//5205 3988//5207
f 3988//5208 4052//5209 3992//5210
f 3992//5210 4052//5209 3996//5211
f 3996//5212 4052//5213 4000//5213
f 4000//5213 4052//5213 4004//5214
f 4004//5215 4052//5215 4008//5215
f 4008//5216 4052//5217 4012//5218
f 4012//5218 4052//5217 4016//5219
f 4016//5220 4052//5221 4020//5221
f 4020//5221 4052//5221 4024//5222
f 4024//5223 4052//5224 4028//5223
f 4028//5223 4052//5224 4032//5225
f 4032//5226 4052//5227 4036//5227
f 4036//5227 4052//5227 4040//5228
f 4040//5229 4052//5230 4044//5230
f 4044//5230 4052//5230 4048//5231
f 4048//5232 4052//5232 4053//5232
f 4053//5233 4052//5233 4057//5233
f 4060//5234 3934//5235 3935//5236
f 4058//5237 3932//5238 3933//5239
f 4058//5240 3934//5241 4059//5242
f 4057//5243 4052//5243 3932//5243
f 4069//5244 4081//5245 4082//5246
f 4066//5247 4080//5247 4067//5248
f 4065//5249 4077//5249 4078//5250
f 4063//5251 4075//5251 4076//5252
f 4071//5253 4085//5254 4072//5255
f 4069//5256 4083//5256 4070//5257
f 4067//5258 4081//5259 4068//5260
f 4066//5261 4078//5261 4079//5262
f 4063//5263 4077//5264 4064//5265
f 4061//5266 4075//5267 4062//5268
f 4072//5269 4086//5270 4073//5271
f 4071//5272 4083//5272 4084//5272
f 4076//5273 4090//5273 4077//5274
f 4074//5275 4088//5276 4075//5277
f 4086//5278 4098//5279 4099//5280
f 4083//5281 4097//5282 4084//5283
f 4082//5284 4094//5285 4095//5286
f 4079//5287 4093//5287 4080//5288
f 4078//5289 4090//5290 4091//5291
f 4076//5292 4088//5293 4089//5294
f 4085//5295 4097//5296 4098//5297
f 4082//5298 4096//5299 4083//5300
f 4080//5301 4094//5302 4081//5303
f 4079//5304 4091//5304 4092//5304
f 4089//5305 4103//5306 4090//5307
f 4088//5308 4100//5309 4101//5310
f 4098//5311 4112//5312 4099//5313
f 4096//5314 4110//5315 4097//5316
f 4095//5317 4107//5317 4108//5318
f 4092//5319 4106//5320 4093//5321
f 4090//5322 4104//5322 4091//5323
f 4089//5324 4101//5325 4102//5324
f 4097//5326 4111//5327 4098//5328
f 4095//5329 4109//5330 4096//5331
f 4094//5332 4106//5332 4107//5333
f 4092//5334 4104//5334 4105//5334
f 4103//5335 4115//5336 4116//5335
f 4100//5337 4114//5338 4101//5339
f 4112//5340 4124//5340 4125//5341
f 4110//5342 4122//5343 4123//5344
f 4107//5345 4121//5346 4108//5347
f 4105//5348 4119//5348 4106//5349
f 4103//5350 4117//5351 4104//5352
f 4101//5353 4115//5354 4102//5355
f 4110//5356 4124//5357 4111//5358
f 4109//5359 4121//5360 4122//5361
f 4107//5362 4119//5363 4120//5364
f 4105//5365 4117//5365 4118//5366
f 4115//5367 4129//5368 4116//5369
f 4114//5370 4126//5371 4127//5372
f 4124//5373 4138//5374 4125//5375
f 4123//5376 4135//5377 4136//5378
f 4120//5379 4134//5379 4121//5380
f 4119//5381 4131//5381 4132//5382
f 4117//5383 4129//5383 4130//5384
f 4114//5385 4128//5385 4115//5386
f 4124//5387 4136//5388 4137//5389
f 4122//5390 4134//5390 4135//5391
f 4119//5392 4133//5392 4120//5393
f 4117//5394 4131//5394 4118//5395
f 4129//5396 4141//5396 4142//5397
f 4126//5398 4140//5399 4127//5400
f 4138//5401 4150//5402 4151//5401
f 4136//5403 4148//5404 4149//5405
f 4133//5406 4147//5407 4134//5408
f 4131//5409 4145//5409 4132//5410
f 4130//5411 4142//5411 4143//5412
f 4127//5413 4141//5414 4128//5415
f 4137//5416 4149//5417 4150//5418
f 4135//5419 4147//5420 4148//5421
f 4132//5422 4146//5422 4133//5423
f 4131//5424 4143//5424 4144//5425
f 4142//5426 4154//5427 4155//5428
f 4140//5429 4152//5430 4153//5431
f 4150//5432 4164//5433 4151//5434
f 4149//5435 4161//5436 4162//5437
f 4146//5438 4160//5439 4147//5440
f 4144//5441 4158//5442 4145//5443
f 4142//5444 4156//5445 4143//5446
f 4140//5447 4154//5448 4141//5449
f 4149//5450 4163//5451 4150//5452
f 4148//5453 4160//5454 4161//5455
f 4146//5456 4158//5457 4159//5458
f 4144//5459 4156//5459 4157//5460
f 4155//5461 4167//5462 4168//5463
f 4153//5464 4165//5465 4166//5466
f 4163//5467 4177//5468 4164//5469
f 4161//5470 4175//5470 4162//5471
f 4159//5472 4173//5472 4160//5473
f 4158//5474 4170//5475 4171//5476
f 4155//5477 4169//5478 4156//5479
f 4153//5480 4167//5481 4154//5482
f 4163//5483 4175//5484 4176//5484
f 4161//5485 4173//5485 4174//5486
f 4159//5487 4171//5488 4172//5489
f 4156//5490 4170//5491 4157//5492
f 4167//5493 4181//5494 4168//5495
f 4165//5496 4179//5497 4166//5498
f 4176//5499 4190//5500 4177//5501
f 4175//5502 4187//5503 4188//5504
f 4173//5505 4185//5506 4186//5507
f 4170//5508 4184//5509 4171//5510
f 4169//5511 4181//5511 4182//5512
f 4167//5513 4179//5514 4180//5515
f 4175//5516 4189//5517 4176//5518
f 4173//5519 4187//5520 4174//5521
f 4171//5522 4185//5523 4172//5523
f 4170//5524 4182//5525 4183//5526
f 4180//5527 4194//5528 4181//5529
f 4178//5530 4192//5531 4179//5532
f 4190//5533 4202//5534 4203//5535
f 4187//5536 4201//5537 4188//5538
f 4186//5539 4198//5539 4199//5540
f 4183//5541 4197//5542 4184//5543
f 4182//5544 4194//5544 4195//5545
f 4180//5546 4192//5546 4193//5547
f 4189//5548 4201//5549 4202//5550
f 4186//5551 4200//5552 4187//5553
f 4184//5554 4198//5555 4185//5556
f 4183//5557 4195//5557 4196//5558
f 4193//5559 4207//5560 4194//5561
f 4192//5562 4204//5562 4205//5563
f 4202//5564 4216//5565 4203//5566
f 4200//5567 4214//5568 4201//5569
f 4199//5570 4211//5571 4212//5572
f 4196//5573 4210//5573 4197//5574
f 4194//5575 4208//5576 4195//5577
f 4193//5578 4205//5579 4206//5580
f 4201//5581 4215//5582 4202//5583
f 4199//5584 4213//5585 4200//5585
f 4198//5586 4210//5586 4211//5587
f 4196//5588 4208//5589 4209//5590
f 4207//5591 4219//5591 4220//5591
f 4204//5592 4218//5593 4205//5594
f 4216//5595 4228//5596 4229//5597
f 4213//5598 4227//5599 4214//5600
f 4211//5601 4225//5601 4212//5602
f 4209//5603 4223//5603 4210//5604
f 4207//5605 4221//5606 4208//5606
f 4205//5607 4219//5608 4206//5609
f 4214//5610 4228//5611 4215//5612
f 4213//5613 4225//5614 4226//5615
f 4211//5616 4223//5617 4224//5618
f 4209//5619 4221//5619 4222//5620
f 4219//5621 4233//5621 4220//5622
f 4218//5623 4230//5623 4231//5624
f 4228//5625 4242//5625 4229//5626
f 4226//5627 4240//5628 4227//5629
f 4225//5630 4237//5631 4238//5632
f 4223//5633 4235//5634 4236//5635
f 4221//5636 4233//5636 4234//5637
f 4218//5638 4232//5639 4219//5640
f 4228//5641 4240//5642 4241//5641
f 4226//5643 4238//5644 4239//5645
f 4223//5646 4237//5646 4224//5646
f 4221//5647 4235//5647 4222//5648
f 4233//5649 4245//5650 4246//5651
f 4230//5652 4244//5652 4231//5653
f 4242//5654 4254//5654 4255//5655
f 4240//5656 4252//5657 4253//5658
f 4237//5659 4251//5659 4238//5660
f 4235//5661 4249//5662 4236//5663
f 4234//5664 4246//5665 4247//5666
f 4231//5667 4245//5668 4232//5669
f 4241//5670 4253//5671 4254//5672
f 4239//5673 4251//5673 4252//5674
f 4236//5675 4250//5676 4237//5677
f 4235//5678 4247//5678 4248//5679
f 4246//5680 4258//5681 4259//5682
f 4244//5683 4256//5684 4257//5685
f 4254//5686 4268//5687 4255//5688
f 4253//5689 4265//5690 4266//5691
f 4250//5692 4264//5692 4251//5693
f 4248//5694 4262//5694 4249//5695
f 4246//5696 4260//5697 4247//5698
f 4244//5699 4258//5699 4245//5700
f 4253//5701 4267//5702 4254//5703
f 4252//5704 4264//5705 4265//5706
f 4250//5707 4262//5707 4263//5708
f 4248//5709 4260//5709 4261//5709
f 4259//5710 4271//5711 4272//5710
f 4257//5712 4269//5713 4270//5714
f 4267//5715 4281//5716 4268//5717
f 4265//5718 4279//5719 4266//5720
f 4263//5721 4277//5722 4264//5723
f 4262//5724 4274//5724 4275//5725
f 4259//5726 4273//5727 4260//5728
f 4257//5729 4271//5730 4258//5731
f 4266//5732 4280//5733 4267//5734
f 4265//5735 4277//5736 4278//5737
f 4263//5738 4275//5739 4276//5740
f 4260//5741 4274//5742 4261//5743
f 4271//5744 4285//5745 4272//5746
f 4269//5747 4283//5748 4270//5749
f 4281//5750 4293//5751 4294//5752
f 4279//5753 4291//5754 4292//5755
f 4277//5756 4289//5757 4290//5758
f 4274//5759 4288//5759 4275//5760
f 4273//5761 4285//5762 4286//5763
f 4271//5764 4283//5765 4284//5766
f 4280//5767 4292//5768 4293//5769
f 4277//5770 4291//5771 4278//5772
f 4275//5773 4289//5773 4276//5774
f 4274//5775 4286//5775 4287//5776
f 4284//5777 4298//5778 4285//5779
f 4282//5780 4296//5781 4283//5782
f 4294//5783 4306//5784 4307//5785
f 4291//5786 4305//5787 4292//5788
f 4290//5789 4302//5790 4303//5791
f 4287//5792 4301//5793 4288//5794
f 4286//5795 4298//5796 4299//5797
f 4284//5798 4296//5799 4297//5800
f 4293//5801 4305//5802 4306//5803
f 4290//5804 4304//5805 4291//5806
f 4288//5807 4302//5808 4289//5809
f 4287//5810 4299//5810 4300//5811
f 4297//5812 4311//5813 4298//5814
f 4296//5815 4308//5816 4309//5817
f 4306//5818 4320//5819 4307//5820
f 4304//5821 4318//5822 4305//5823
f 4303//5824 4315//5824 4316//5825
f 4300//5826 4314//5826 4301//5826
f 4298//5827 4312//5827 4299//5828
f 4297//5829 4309//5830 4310//5831
f 4305//5832 4319//5833 4306//5834
f 4304//5835 4316//5835 4317//5836
f 4302//5837 4314//5837 4315//5838
f 4300//5839 4312//5839 4313//5840
f 4310//5841 4324//5842 4311//5843
f 4308//5844 4322//5845 4309//5846
f 4320//5847 4332//5848 4333//5849
f 4318//5850 4330//5851 4331//5852
f 4316//5853 4328//5854 4329//5855
f 4313//5856 4327//5856 4314//5857
f 4311//5858 4325//5859 4312//5860
f 4310//5861 4322//5862 4323//5863
f 4318//5864 4332//5865 4319//5866
f 4316//5867 4330//5868 4317//5869
f 4315//5870 4327//5871 4328//5872
f 4312//5873 4326//5873 4313//5874
f 4323//5875 4337//5876 4324//5877
f 4322//5878 4334//5879 4335//5880
f 4332//5881 4346//5882 4333//5883
f 4330//5884 4344//5885 4331//5886
f 4329//5887 4341//5888 4342//5889
f 4327//5890 4339//5890 4340//5891
f 4325//5892 4337//5892 4338//5893
f 4322//5894 4336//5895 4323//5896
f 4332//5897 4344//5898 4345//5898
f 4330//5899 4342//5900 4343//5901
f 4327//5902 4341//5902 4328//5903
f 4325//5904 4339//5904 4326//5905
f 4337//5906 4350//5907 4351//5908
f 4334//5909 4349//5910 4335//5911
f 4346//5912 4359//5913 4360//5914
f 4344//5915 4357//5916 4358//5917
f 4341//5918 4356//5919 4342//5920
f 4340//5921 4353//5922 4354//5923
f 4338//5924 4351//5925 4352//5926
f 4335//5927 4350//5928 4336//5929
f 4345//5930 4358//5931 4359//5932
f 4343//5933 4356//5934 4357//5935
f 4340//5936 4355//5937 4341//5938
f 4338//5939 4353//5940 4339//5941
f 4351//5942 4363//5943 4364//5944
f 4349//5945 4361//5946 4362//5947
f 4359//5948 4373//5949 4360//5950
f 4358//5951 4370//5951 4371//5952
f 4355//5953 4369//5953 4356//5954
f 4354//5955 4366//5955 4367//5956
f 4351//5957 4365//5958 4352//5959
f 4349//5960 4363//5961 4350//5962
f 4358//5963 4372//5964 4359//5965
f 4357//5966 4369//5967 4370//5968
f 4355//5969 4367//5970 4368//5971
f 4352//5972 4366//5973 4353//5974
f 4364//5975 4376//5976 4377//5977
f 4362//5978 4374//5979 4375//5980
f 4373//5981 4385//5982 4386//5981
f 4370//5983 4384//5983 4371//5984
f 4368//5985 4382//5985 4369//5986
f 4367//5987 4379//5988 4380//5989
f 4364//5990 4378//5991 4365//5992
f 4362//5993 4376//5994 4363//5995
f 4372//5996 4384//5997 4385//5998
f 4370//5999 4382//6000 4383//6001
f 4368//6002 4380//6003 4381//6004
f 4365//6005 4379//6006 4366//6007
f 4376//6008 4390//6009 4377//6010
f 4374//6011 4388//6012 4375//6013
f 4385//6014 4399//6015 4386//6016
f 4384//6017 4396//6018 4397//6019
f 4382//6020 4394//6021 4395//6022
f 4379//6023 4393//6024 4380//6025
f 4378//6026 4390//6027 4391//6028
f 4376//6029 4388//6029 4389//6030
f 4384//6031 4398//6032 4385//6033
f 4382//6034 4396//6035 4383//6036
f 4380//6037 4394//6037 4381//6038
f 4379//6039 4391//6040 4392//6041
f 4389//6042 4403//6043 4390//6044
f 4387//6045 4401//6046 4388//6047
f 4399//6048 4411//6049 4412//6050
f 4396//6051 4410//6052 4397//6053
f 4395//6054 4407//6055 4408//6056
f 4393//6057 4405//6058 4406//6059
f 4391//6060 4403//6061 4404//6062
f 4389//6063 4401//6064 4402//6065
f 4398//6066 4410//6067 4411//6068
f 4395//6069 4409//6070 4396//6070
f 4393//6071 4407//6072 4394//6073
f 4391//6074 4405//6075 4392//6076
f 4402//6077 4416//6078 4403//6078
f 4401//6079 4413//6080 4414//6081
f 4411//6082 4425//6083 4412//6084
f 4409//6085 4423//6085 4410//6086
f 4408//6087 4420//6088 4421//6089
f 4406//6090 4418//6090 4419//6091
f 4403//6092 4417//6092 4404//6093
f 4402//6094 4414//6095 4415//6096
f 4410//6097 4424//6098 4411//6099
f 4408//6100 4422//6101 4409//6102
f 4407//6103 4419//6104 4420//6105
f 4404//6106 4418//6107 4405//6108
f 4416//6109 4428//6110 4429//6111
f 4413//6112 4427//6113 4414//6114
f 4425//6115 4437//6116 4438//6117
f 4423//6118 4435//6119 4436//6120
f 4421//6121 4433//6122 4434//6123
f 4418//6124 4432//6125 4419//6126
f 4416//6127 4430//6128 4417//6129
f 4415//6130 4427//6131 4428//6132
f 4423//6133 4437//6134 4424//6135
f 4421//6136 4435//6137 4422//6138
f 4420//6139 4432//6140 4433//6141
f 4418//6142 4430//6143 4431//6144
f 4428//6145 4442//6146 4429//6147
f 4426//6148 4440//6149 4427//6150
f 4437//6151 4451//6152 4438//6153
f 4435//6154 4449//6155 4436//6156
f 4434//6157 4446//6158 4447//6159
f 4432//6160 4444//6161 4445//6162
f 4430//6163 4442//6164 4443//6165
f 4427//6166 4441//6167 4428//6168
f 4437//6169 4449//6169 4450//6170
f 4435//6171 4447//6172 4448//6172
f 4432//6173 4446//6174 4433//6175
f 4430//6176 4444//6176 4431//6177
f 4442//6178 4454//6179 4455//6180
f 4439//6181 4453//6182 4440//6183
f 4451//6184 4463//6185 4464//6186
f 4449//6187 4461//6188 4462//6189
f 4446//6190 4460//6190 4447//6191
f 4444//6192 4458//6192 4445//6193
f 4443//6194 4455//6194 4456//6195
f 4440//6196 4454//6197 4441//6197
f 4450//6198 4462//6199 4463//6200
f 4447//6201 4461//6202 4448//6203
f 4445//6204 4459//6205 4446//6204
f 4444//6206 4456//6207 4457//6208
f 4455//6209 4467//6210 4468//6211
f 4453//6212 4465//6213 4466//6214
f 4463//6215 4477//6216 4464//6215
f 4462//6217 4474//6218 4475//6219
f 4459//6220 4473//6221 4460//6222
f 4457//6223 4471//6224 4458//6225
f 4455//6226 4469//6226 4456//6226
f 4453//6227 4467//6228 4454//6229
f 4462//6230 4476//6230 4463//6231
f 4461//6232 4473//6233 4474//6234
f 4459//6235 4471//6236 4472//6237
f 4457//6238 4469//6238 4470//6238
f 4347//6239 4073//6239 4086//6239
f 4347//6240 4086//6240 4099//6240
f 4347//6241 4099//6241 4112//6241
f 4347//6242 4112//6242 4125//6242
f 4347//6243 4125//6243 4138//6243
f 4347//6244 4138//6244 4151//6244
f 4347//6245 4151//6245 4164//6245
f 4347//6246 4164//6246 4177//6246
f 4347//6247 4177//6247 4190//6247
f 4347//6248 4190//6248 4203//6248
f 4347//6249 4203//6249 4216//6249
f 4347//6250 4216//6250 4229//6250
f 4347//6251 4229//6252 4242//6252
f 4347//6253 4242//6253 4255//6253
f 4347//6254 4255//6254 4268//6254
f 4347//6255 4268//6255 4281//6255
f 4347//6256 4281//6256 4294//6256
f 4347//6257 4294//6257 4307//6257
f 4347//6258 4307//6258 4320//6258
f 4347//6259 4320//6259 4333//6259
f 4347//6260 4333//6260 4346//6260
f 4347//6261 4346//6261 4360//6261
f 4347//6262 4360//6262 4373//6262
f 4347//6263 4373//6263 4386//6263
f 4347//6264 4386//6264 4399//6264
f 4347//6265 4399//6265 4412//6265
f 4347//6266 4412//6266 4425//6266
f 4347//6267 4425//6267 4438//6267
f 4347//6268 4438//6268 4451//6268
f 4347//6269 4451//6269 4464//6269
f 4347//6270 4464//6270 4477//6270
f 4468//6271 4063//6272 4064//6273
f 4466//6274 4061//6275 4062//6276
f 4477//6277 4072//6278 4073//6279
f 4474//6280 4071//6281 4475//6282
f 4472//6283 4069//6284 4473//6285
f 4471//6286 4066//6286 4067//6287
f 4468//6288 4065//6288 4469//6289
f 4466//6290 4063//6291 4467//6292
f 4347//6293 4477//6293 4073//6293
f 4476//6294 4071//6295 4072//6296
f 4474//6297 4069//6298 4070//6299
f 4472//6300 4067//6300 4068//6301
f 4469//6302 4066//6303 4470//6304
f 3935//6305 4465//6306 4060//6307
f 4465//6308 4056//6309 4060//6310
f 4452//6311 4051//6312 4056//6313
f 4439//6314 4047//6315 4051//6316
f 4047//6317 4413//6317 4043//6318
f 4043//6319 4400//6320 4039//6321
f 4039//6322 4387//6322 4035//6323
f 4387//6324 4031//6325 4035//6326
f 4031//6327 4361//6328 4027//6329
f 4361//6330 4023//6331 4027//6332
f 4348//6333 4019//6334 4023//6335
f 4334//6336 4015//6337 4019//6338
f 4015//6339 4308//6340 4011//6341
f 4011//6342 4295//6343 4007//6344
f 4007//6345 4282//6345 4003//6346
f 4282//6347 3999//6348 4003//6349
f 3999//6350 4256//6351 3995//6352
f 4256//6353 3991//6354 3995//6355
f 4243//6356 3987//6357 3991//6358
f 4230//6359 3983//6360 3987//6361
f 3983//6362 4204//6363 3979//6364
f 3979//6365 4191//6366 3975//6367
f 3975//6368 4178//6369 3971//6370
f 4178//6371 3967//6372 3971//6373
f 3967//6374 4152//6375 3963//6376
f 4152//6377 3959//6378 3963//6378
f 4139//6379 3955//6379 3959//6380
f 4126//6381 3951//6382 3955//6383
f 3951//6384 4100//6385 3947//6386
f 3947//6387 4087//6388 3943//6389
f 3943//6390 4074//6391 3939//6392
f 4074//6393 3935//6393 3939//6394
f 4480//6395 4483//6396 4484//6397
f 4480//6398 4485//6399 4481//6400
f 4479//6401 4482//6402 4483//6403
f 4484//6404 4489//6405 4485//6406
f 4482//6407 4487//6408 4483//6409
f 4483//6410 4488//6411 4484//6412
f 4488//6413 4493//6414 4489//6415
f 4487//6416 4490//6417 4491//6418
f 4488//6419 4491//6420 4492//6421
f 4493//6422 4496//6423 4497//6424
f 4490//6425 4495//6426 4491//6427
f 4491//6428 4496//6429 4492//6430
f 4496//6431 4501//6432 4497//6433
f 4495//6434 4498//6435 4499//6436
f 4496//6437 4499//6438 4500//6439
f 4501//6440 4504//6441 4505//6442
f 4498//6443 4503//6444 4499//6445
f 4499//6446 4504//6447 4500//6448
f 4505//6449 4508//6450 4509//6451
f 4503//6452 4506//6453 4507//6454
f 4504//6455 4507//6456 4508//6457
f 4509//6458 4512//6459 4513//6460
f 4506//6461 4511//6462 4507//6463
f 4507//6464 4512//6465 4508//6465
f 4513//6466 4516//6467 4517//6468
f 4511//6469 4514//6470 4515//6471
f 4512//6472 4515//6473 4516//6474
f 4516//6475 4521//6476 4517//6477
f 4514//6478 4519//6479 4515//6480
f 4515//6481 4520//6482 4516//6483
f 4520//6484 4525//6485 4521//6486
f 4518//6487 4523//6488 4519//6489
f 4520//6490 4523//6491 4524//6492
f 4525//6493 4528//6494 4529//6495
f 4522//6496 4527//6496 4523//6497
f 4523//6498 4528//6499 4524//6500
f 4528//6501 4533//6502 4529//6503
f 4527//6504 4530//6505 4531//6506
f 4528//6507 4531//6508 4532//6509
f 4533//6510 4536//6511 4537//6512
f 4530//6513 4535//6514 4531//6515
f 4531//6516 4536//6517 4532//6518
f 4537//6519 4540//6520 4541//6521
f 4534//6522 4539//6523 4535//6524
f 4536//6525 4539//6525 4540//6526
f 4541//6527 4544//6528 4545//6529
f 4539//6530 4542//6531 4543//6532
f 4539//6533 4544//6534 4540//6535
f 4544//6536 4549//6537 4545//6538
f 4542//6539 4547//6540 4543//6541
f 4544//6542 4547//6542 4548//6543
f 4548//6544 4553//6545 4549//6546
f 4547//6547 4550//6548 4551//6549
f 4547//6550 4552//6551 4548//6552
f 4552//6553 4557//6554 4553//6555
f 4551//6556 4554//6557 4555//6558
f 4552//6559 4555//6560 4556//6561
f 4557//6562 4560//6563 4561//6564
f 4554//6565 4559//6566 4555//6567
f 4555//6568 4560//6568 4556//6569
f 4560//6570 4565//6571 4561//6572
f 4559//6573 4562//6573 4563//6574
f 4560//6575 4563//6576 4564//6577
f 4565//6578 4568//6579 4569//6580
f 4562//6581 4567//6582 4563//6583
f 4563//6584 4568//6585 4564//6586
f 4569//6587 4572//6588 4573//6589
f 4567//6590 4570//6591 4571//6592
f 4568//6593 4571//6594 4572//6595
f 4572//6596 4577//6597 4573//6598
f 4570//6599 4575//6600 4571//6601
f 4571//6602 4576//6603 4572//6604
f 4576//6605 4581//6606 4577//6607
f 4575//6608 4578//6609 4579//6610
f 4576//6611 4579//6612 4580//6613
f 4580//6614 4585//6615 4581//6616
f 4578//6617 4583//6617 4579//6618
f 4579//6619 4584//6620 4580//6621
f 4584//6622 4589//6623 4585//6624
f 4583//6625 4586//6626 4587//6627
f 4584//6628 4587//6628 4588//6628
f 4589//6629 4592//6630 4593//6631
f 4586//6626 4591//6632 4587//6627
f 4587//6633 4592//6633 4588//6633
f 4592//6634 4597//6634 4593//6634
f 4591//6635 4594//6636 4595//6637
f 4592//6638 4595//6639 4596//6640
f 4597//6641 4601//6642 4602//6643
f 4594//6644 4600//6645 4595//6646
f 4595//6647 4601//6648 4596//6649
f 4602//6650 4605//6651 4606//6652
f 4600//6653 4603//6654 4604//6655
f 4601//6656 4604//6657 4605//6658
f 4478//6659 4598//6660 4482//6661
f 4482//6661 4598//6660 4486//6662
f 4486//6663 4598//6663 4490//6663
f 4490//6664 4598//6664 4494//6664
f 4494//6665 4598//6665 4498//6665
f 4498//6666 4598//6666 4502//6666
f 4502//6667 4598//6667 4506//6667
f 4506//6668 4598//6668 4510//6668
f 4510//6669 4598//6669 4514//6669
f 4514//6670 4598//6670 4518//6670
f 4518//6671 4598//6671 4522//6671
f 4522//6672 4598//6672 4526//6672
f 4526//6673 4598//6673 4530//6673
f 4530//6674 4598//6674 4534//6674
f 4534//6675 4598//6675 4538//6675
f 4538//6676 4598//6676 4542//6676
f 4542//6677 4598//6677 4546//6677
f 4546//6678 4598//6678 4550//6678
f 4550//6679 4598//6679 4554//6679
f 4554//6680 4598//6680 4558//6680
f 4558//6681 4598//6681 4562//6681
f 4562//6682 4598//6682 4566//6682
f 4566//6683 4598//6683 4570//6683
f 4570//6684 4598//6684 4574//6684
f 4574//6685 4598//6686 4578//6686
f 4578//6686 4598//6686 4582//6687
f 4582//6688 4598//6688 4586//6688
f 4586//6689 4598//6689 4590//6689
f 4590//6690 4598//6691 4594//6692
f 4594//6692 4598//6691 4599//6693
f 4599//6694 4598//6695 4603//6696
f 4606//6697 4480//6698 4481//6699
f 4603//6700 4479//6701 4604//6702
f 4604//6703 4480//6704 4605//6705
f 4603//6696 4598//6695 4478//6706
f 4615//6707 4627//6708 4628//6709
f 4612//6710 4626//6711 4613//6712
f 4611//6713 4623//6713 4624//6714
f 4609//6715 4621//6715 4622//6715
f 4618//6716 4630//6717 4631//6718
f 4615//6719 4629//6720 4616//6721
f 4613//6722 4627//6723 4614//6724
f 4612//6725 4624//6726 4625//6727
f 4609//6728 4623//6729 4610//6730
f 4607//6731 4621//6732 4608//6733
f 4619//6734 4631//6735 4632//6736
f 4617//6737 4629//6738 4630//6739
f 4622//6740 4636//6741 4623//6742
f 4620//6743 4634//6744 4621//6745
f 4632//6746 4644//6747 4645//6748
f 4629//6749 4643//6750 4630//6751
f 4628//6752 4640//6753 4641//6754
f 4626//6755 4638//6755 4639//6756
f 4624//6757 4636//6758 4637//6759
f 4622//6760 4634//6761 4635//6762
f 4631//6763 4643//6764 4644//6765
f 4628//6766 4642//6766 4629//6767
f 4626//6768 4640//6768 4627//6769
f 4624//6770 4638//6771 4625//6772
f 4635//6773 4649//6774 4636//6775
f 4634//6776 4646//6777 4647//6778
f 4644//6779 4658//6780 4645//6781
f 4642//6782 4656//6782 4643//6783
f 4641//6784 4653//6785 4654//6786
f 4639//6787 4651//6787 4652//6788
f 4636//6789 4650//6789 4637//6790
f 4635//6791 4647//6792 4648//6793
f 4643//6794 4657//6795 4644//6796
f 4642//6797 4654//6798 4655//6799
f 4640//6800 4652//6801 4653//6802
f 4637//6803 4651//6804 4638//6805
f 4648//6806 4662//6807 4649//6808
f 4646//6809 4660//6810 4647//6811
f 4658//6812 4670//6813 4671//6814
f 4656//6815 4668//6816 4669//6817
f 4653//6818 4667//6819 4654//6820
f 4651//6821 4665//6822 4652//6823
f 4649//6824 4663//6824 4650//6825
f 4648//6826 4660//6826 4661//6826
f 4656//6827 4670//6828 4657//6829
f 4654//6830 4668//6831 4655//6832
f 4653//6833 4665//6834 4666//6835
f 4651//6836 4663//6836 4664//6837
f 4661//6838 4675//6839 4662//6840
f 4660//6841 4672//6842 4673//6841
f 4670//6843 4684//6844 4671//6845
f 4668//6846 4682//6847 4669//6848
f 4667//6849 4679//6850 4680//6851
f 4665//6852 4677//6852 4678//6853
f 4663//6854 4675//6854 4676//6855
f 4661//6856 4673//6857 4674//6858
f 4670//6859 4682//6860 4683//6861
f 4667//6862 4681//6863 4668//6864
f 4665//6865 4679//6866 4666//6867
f 4663//6868 4677//6868 4664//6869
f 4675//6870 4687//6871 4688//6872
f 4672//6873 4686//6873 4673//6874
f 4684//6875 4696//6876 4697//6877
f 4682//6878 4694//6879 4695//6880
f 4679//6881 4693//6882 4680//6883
f 4678//6884 4690//6884 4691//6885
f 4676//6886 4688//6887 4689//6888
f 4673//6889 4687//6890 4674//6891
f 4683//6892 4695//6893 4696//6894
f 4681//6895 4693//6896 4694//6897
f 4678//6898 4692//6899 4679//6900
f 4676//6901 4690//6901 4677//6902
f 4688//6903 4700//6904 4701//6905
f 4686//6906 4698//6907 4699//6906
f 4696//6908 4710//6908 4697//6909
f 4695//6910 4707//6911 4708//6912
f 4692//6913 4706//6914 4693//6915
f 4691//6916 4703//6917 4704//6918
f 4688//6919 4702//6920 4689//6921
f 4686//6922 4700//6923 4687//6924
f 4695//6925 4709//6926 4696//6927
f 4694//6928 4706//6929 4707//6930
f 4692//6931 4704//6931 4705//6932
f 4689//6933 4703//6933 4690//6934
f 4701//6935 4713//6936 4714//6937
f 4699//6938 4711//6939 4712//6940
f 4710//6941 4722//6942 4723//6943
f 4707//6944 4721//6945 4708//6946
f 4705//6947 4719//6948 4706//6949
f 4704//6950 4716//6951 4717//6952
f 4701//6953 4715//6953 4702//6954
f 4699//6955 4713//6956 4700//6957
f 4709//6958 4721//6959 4722//6960
f 4707//6961 4719//6962 4720//6963
f 4705//6964 4717//6965 4718//6966
f 4702//6967 4716//6968 4703//6969
f 4713//6970 4727//6970 4714//6971
f 4711//6972 4725//6973 4712//6974
f 4723//6975 4735//6976 4736//6977
f 4721//6978 4733//6979 4734//6980
f 4719//6981 4731//6982 4732//6983
f 4716//6984 4730//6985 4717//6986
f 4715//6987 4727//6988 4728//6989
f 4713//6990 4725//6991 4726//6992
f 4721//6993 4735//6994 4722//6995
f 4719//6996 4733//6997 4720//6998
f 4717//6999 4731//7000 4718//7001
f 4716//7002 4728//7002 4729//7003
f 4726//7004 4740//7005 4727//7006
f 4724//7007 4738//7008 4725//7008
f 4736//7009 4748//7010 4749//7011
f 4733//7012 4747//7013 4734//7014
f 4732//7015 4744//7016 4745//7017
f 4730//7018 4742//7018 4743//7019
f 4728//7020 4740//7021 4741//7022
f 4726//7023 4738//7024 4739//7025
f 4735//7026 4747//7027 4748//7028
f 4732//7029 4746//7030 4733//7031
f 4730//7032 4744//7032 4731//7033
f 4728//7034 4742//7035 4729//7036
f 4739//7037 4753//7038 4740//7039
f 4738//7040 4750//7041 4751//7042
f 4748//7043 4762//7044 4749//7045
f 4746//7046 4760//7047 4747//7048
f 4745//7049 4757//7050 4758//7051
f 4743//7052 4755//7053 4756//7054
f 4740//7055 4754//7055 4741//7056
f 4739//7057 4751//7058 4752//7059
f 4747//7060 4761//7061 4748//7062
f 4745//7063 4759//7063 4746//7064
f 4744//7065 4756//7066 4757//7067
f 4741//7068 4755//7069 4742//7070
f 4753//7071 4765//7071 4766//7071
f 4750//7072 4764//7073 4751//7074
f 4762//7075 4774//7076 4775//7077
f 4759//7078 4773//7079 4760//7080
f 4758//7081 4770//7082 4771//7083
f 4755//7084 4769//7085 4756//7086
f 4753//7087 4767//7087 4754//7087
f 4752//7088 4764//7088 4765//7089
f 4760//7090 4774//7091 4761//7092
f 4758//7093 4772//7093 4759//7094
f 4757//7095 4769//7095 4770//7096
f 4755//7097 4767//7097 4768//7098
f 4765//7099 4779//7099 4766//7100
f 4764//7101 4776//7102 4777//7103
f 4774//7104 4788//7105 4775//7106
f 4772//7107 4786//7108 4773//7109
f 4771//7110 4783//7111 4784//7112
f 4769//7113 4781//7113 4782//7114
f 4767//7115 4779//7116 4780//7117
f 4765//7118 4777//7119 4778//7120
f 4774//7121 4786//7122 4787//7123
f 4771//7124 4785//7124 4772//7125
f 4769//7126 4783//7127 4770//7128
f 4767//7129 4781//7129 4768//7130
f 4779//7131 4791//7131 4792//7132
f 4776//7133 4790//7134 4777//7135
f 4788//7136 4800//7137 4801//7138
f 4786//7139 4798//7140 4799//7141
f 4783//7142 4797//7143 4784//7143
f 4782//7144 4794//7144 4795//7145
f 4780//7146 4792//7146 4793//7147
f 4777//7148 4791//7149 4778//7150
f 4787//7151 4799//7152 4800//7153
f 4785//7154 4797//7155 4798//7156
f 4782//7157 4796//7157 4783//7158
f 4780//7159 4794//7159 4781//7160
f 4792//7161 4804//7162 4805//7163
f 4790//7164 4802//7165 4803//7166
f 4800//7167 4814//7168 4801//7169
f 4799//7170 4811//7171 4812//7172
f 4796//7173 4810//7174 4797//7175
f 4795//7176 4807//7177 4808//7178
f 4792//7179 4806//7179 4793//7180
f 4790//7181 4804//7182 4791//7183
f 4799//7184 4813//7185 4800//7186
f 4798//7187 4810//7188 4811//5705
f 4796//7189 4808//7190 4809//7191
f 4793//7192 4807//7193 4794//7194
f 4805//7195 4817//7196 4818//7197
f 4803//7198 4815//7199 4816//7200
f 4814//7201 4826//7202 4827//7203
f 4811//7204 4825//7205 4812//7206
f 4809//7207 4823//7208 4810//7209
f 4808//7210 4820//7211 4821//7212
f 4805//7213 4819//7214 4806//7215
f 4803//7216 4817//7217 4804//7217
f 4813//5734 4825//7218 4826//7219
f 4811//7220 4823//7221 4824//7222
f 4809//7223 4821//7224 4822//7225
f 4806//7226 4820//7226 4807//7227
f 4817//7228 4831//7228 4818//7228
f 4815//7229 4829//7230 4816//7231
f 4826//7232 4840//7233 4827//7232
f 4825//7234 4837//7234 4838//7234
f 4823//7235 4835//7236 4836//7235
f 4820//7237 4834//7238 4821//7239
f 4819//7240 4831//7241 4832//7241
f 4817//7242 4829//7243 4830//7244
f 4825//7245 4839//7246 4826//7247
f 4823//7248 4837//7248 4824//7249
f 4821//7250 4835//7251 4822//7252
f 4820//7253 4832//7253 4833//7254
f 4830//7255 4844//7256 4831//7257
f 4828//7258 4842//7259 4829//7260
f 4840//7261 4852//7262 4853//7263
f 4837//7264 4851//7265 4838//7266
f 4836//7267 4848//7267 4849//7268
f 4834//7269 4846//7269 4847//7270
f 4832//7271 4844//7272 4845//7273
f 4830//7274 4842//7275 4843//7276
f 4839//7277 4851//7278 4852//7279
f 4836//7280 4850//7281 4837//7282
f 4834//7283 4848//7284 4835//7285
f 4832//7286 4846//7286 4833//7287
f 4843//7288 4857//7288 4844//7289
f 4842//7290 4854//7291 4855//7292
f 4852//7293 4866//7294 4853//7294
f 4850//7295 4864//7296 4851//7297
f 4849//7298 4861//7299 4862//7300
f 4847//7301 4859//7301 4860//7302
f 4844//7303 4858//7303 4845//7304
f 4843//7305 4855//7306 4856//7307
f 4851//7308 4865//7309 4852//7310
f 4849//7311 4863//7311 4850//7312
f 4848//7313 4860//7313 4861//7314
f 4845//7315 4859//7315 4846//7316
f 4857//7317 4869//7318 4870//7319
f 4855//7320 4867//7321 4868//7322
f 4866//7323 4878//7324 4879//7325
f 4864//7326 4876//7327 4877//7328
f 4862//7329 4874//7330 4875//7331
f 4859//7332 4873//7332 4860//7333
f 4857//7334 4871//7334 4858//7335
f 4856//7336 4868//7337 4869//7338
f 4864//7339 4878//7339 4865//7339
f 4862//7340 4876//7341 4863//7342
f 4861//7343 4873//7344 4874//7345
f 4859//7346 4871//7346 4872//7347
f 4869//7348 4883//7349 4870//7350
f 4868//7351 4880//7352 4881//7353
f 4878//7354 4892//7355 4879//7356
f 4877//7357 4889//7357 4890//7357
f 4874//7358 4888//7359 4875//7360
f 4873//7361 4885//7361 4886//7362
f 4871//7363 4883//7363 4884//7364
f 4868//7365 4882//7366 4869//7367
f 4878//7368 4890//7369 4891//7370
f 4876//7371 4888//7371 4889//7371
f 4873//7372 4887//7372 4874//7373
f 4871//7374 4885//7374 4872//7375
f 4883//7376 4896//7376 4897//7376
f 4880//7377 4895//7378 4881//7379
f 4892//7380 4905//7381 4906//7382
f 4890//7383 4903//7384 4904//7385
f 4887//7386 4902//7387 4888//7388
f 4885//7389 4900//7389 4886//7390
f 4884//7391 4897//7392 4898//7393
f 4881//7394 4896//7395 4882//7396
f 4891//7397 4904//7398 4905//7399
f 4889//7400 4902//7401 4903//7402
f 4886//7403 4901//7403 4887//7404
f 4885//7405 4898//7406 4899//7407
f 4897//7408 4909//7408 4910//7409
f 4895//7410 4907//7411 4908//7412
f 4905//7413 4919//7414 4906//7415
f 4904//7416 4916//7417 4917//7418
f 4901//7419 4915//7420 4902//7421
f 4899//7422 4913//7422 4900//7423
f 4897//7424 4911//7424 4898//7425
f 4895//7426 4909//7427 4896//7428
f 4904//7429 4918//7429 4905//7430
f 4903//7431 4915//7432 4916//7433
f 4901//7434 4913//7435 4914//7436
f 4899//7437 4911//7438 4912//7439
f 4910//7440 4922//7441 4923//7442
f 4908//7443 4920//7444 4921//7445
f 4919//7446 4931//7447 4932//7448
f 4916//7449 4930//7450 4917//7451
f 4914//7452 4928//7453 4915//7454
f 4913//7455 4925//7456 4926//7457
f 4910//7458 4924//7459 4911//7460
f 4908//7461 4922//7462 4909//7463
f 4918//7464 4930//7465 4931//7466
f 4916//7467 4928//7468 4929//7469
f 4914//7470 4926//7471 4927//7472
f 4911//7473 4925//7473 4912//7474
f 4922//7475 4936//7476 4923//7477
f 4920//7478 4934//7479 4921//7480
f 4931//7481 4945//7481 4932//7481
f 4930//7482 4942//7482 4943//7483
f 4928//7484 4940//7485 4941//7486
f 4925//7487 4939//7488 4926//7489
f 4924//7490 4936//7491 4937//7492
f 4922//7493 4934//7494 4935//7495
f 4930//7496 4944//7497 4931//7498
f 4928//7499 4942//7500 4929//7501
f 4926//7502 4940//7503 4927//7504
f 4925//7505 4937//7506 4938//7507
f 4935//7508 4949//7509 4936//7510
f 4933//7511 4947//7512 4934//7513
f 4945//7514 4957//7514 4958//7515
f 4942//7516 4956//7517 4943//7518
f 4941//7519 4953//7520 4954//7521
f 4938//7522 4952//7523 4939//7524
f 4937//7525 4949//7526 4950//7527
f 4935//7528 4947//7529 4948//7530
f 4944//7531 4956//7532 4957//7533
f 4941//7534 4955//7534 4942//7535
f 4939//7536 4953//7537 4940//7538
f 4938//7539 4950//7540 4951//7541
f 4948//7542 4962//7543 4949//7544
f 4947//7545 4959//7546 4960//7547
f 4957//7548 4971//7549 4958//7550
f 4955//7551 4969//7552 4956//7553
f 4954//7554 4966//7554 4967//7555
f 4951//7556 4965//7556 4952//7557
f 4949//7558 4963//7559 4950//7560
f 4948//7561 4960//7562 4961//7563
f 4956//7564 4970//7565 4957//7566
f 4954//7567 4968//7568 4955//7569
f 4953//7570 4965//7570 4966//7570
f 4951//7571 4963//7572 4964//7573
f 4962//7574 4974//7575 4975//7576
f 4959//7577 4973//7578 4960//7579
f 4971//7580 4983//7581 4984//7582
f 4968//7583 4982//7584 4969//7585
f 4966//7586 4980//7587 4967//7588
f 4964//7589 4978//7589 4965//7590
f 4962//7591 4976//7591 4963//7592
f 4960//7593 4974//7594 4961//7595
f 4969//7596 4983//7597 4970//7598
f 4967//7599 4981//7600 4968//7601
f 4966//7602 4978//7603 4979//7604
f 4964//7605 4976//7605 4977//7606
f 4975//7607 4987//7608 4988//7609
f 4973//7610 4985//7611 4986//7612
f 4983//7613 4997//7614 4984//7615
f 4981//7616 4995//7617 4982//7618
f 4979//7619 4993//7620 4980//7621
f 4978//7622 4990//7622 4991//7623
f 4976//7624 4988//7625 4989//7626
f 4973//7627 4987//7628 4974//7629
f 4983//7630 4995//7631 4996//7632
f 4981//7633 4993//7634 4994//7634
f 4978//7635 4992//7635 4979//7636
f 4976//7637 4990//7638 4977//7639
f 4988//7640 5000//7641 5001//7642
f 4985//7643 4999//7644 4986//7645
f 4997//7646 5009//7647 5010//7648
f 4995//7649 5007//7650 5008//7651
f 4992//7652 5006//7653 4993//7654
f 4991//7655 5003//7656 5004//7657
f 4989//7658 5001//7658 5002//7659
f 4986//7660 5000//7661 4987//7662
f 4996//7663 5008//7664 5009//7665
f 4994//7666 5006//7667 5007//7668
f 4991//7669 5005//7670 4992//7671
f 4989//7672 5003//7672 4990//7673
f 5001//7674 5013//7674 5014//7674
f 4999//7675 5011//7676 5012//7677
f 5009//7678 5023//7679 5010//7679
f 5008//7680 5020//7681 5021//7682
f 5005//7683 5019//7684 5006//7685
f 5004//7686 5016//7687 5017//7688
f 5001//7689 5015//7690 5002//7691
f 4999//7692 5013//7693 5000//7694
f 5008//7695 5022//7696 5009//7697
f 5007//7698 5019//7698 5020//7699
f 5005//7700 5017//7701 5018//7702
f 5002//7703 5016//7704 5003//7705
f 4893//7706 4619//7706 4632//7706
f 4893//7707 4632//7708 4645//7709
f 4893//7707 4645//7709 4658//7710
f 4893//7711 4658//7711 4671//7711
f 4893//7712 4671//7712 4684//7712
f 4893//7713 4684//7714 4697//7715
f 4893//7713 4697//7715 4710//7716
f 4893//7717 4710//7717 4723//7717
f 4893//7718 4723//7718 4736//7718
f 4893//7719 4736//7720 4749//7721
f 4893//7719 4749//7721 4762//7722
f 4893//7723 4762//7724 4775//7725
f 4893//7723 4775//7725 4788//7726
f 4893//7727 4788//7728 4801//7729
f 4893//7727 4801//7729 4814//7730
f 4893//7731 4814//7732 4827//7733
f 4893//7731 4827//7733 4840//7734
f 4893//7735 4840//7735 4853//7735
f 4893//7736 4853//7736 4866//7736
f 4893//7737 4866//7737 4879//7737
f 4893//7738 4879//7738 4892//7738
f 4893//7739 4892//7739 4906//7739
f 4893//7740 4906//7740 4919//7740
f 4893//7741 4919//7741 4932//7741
f 4893//7742 4932//7742 4945//7742
f 4893//7743 4945//7743 4958//7743
f 4893//7744 4958//7744 4971//7744
f 4893//7745 4971//7745 4984//7745
f 4893//7746 4984//7746 4997//7746
f 4893//7747 4997//7747 5010//7747
f 4893//7748 5010//7748 5023//7748
f 5014//7749 4609//7750 4610//7751
f 5012//7752 4607//7753 4608//7754
f 5022//7755 4619//7756 5023//7757
f 5020//7758 4617//7759 5021//7760
f 5018//7761 4615//7762 5019//7763
f 5017//7764 4612//7765 4613//7766
f 5014//7767 4611//7768 5015//7769
f 5012//7770 4609//7771 5013//7772
f 4893//7773 5023//7773 4619//7773
f 5021//7774 4618//7775 5022//7775
f 5020//7776 4615//7777 4616//7778
f 5018//7779 4613//7780 4614//7781
f 5015//7782 4612//7782 5016//7783
f 4481//7784 5011//7785 4606//7786
f 5011//7787 4602//7788 4606//7789
f 4998//7790 4597//7790 4602//7790
f 4985//7791 4593//7792 4597//7793
f 4593//7794 4959//7795 4589//7796
f 4589//7797 4946//7797 4585//7797
f 4585//7798 4933//7799 4581//7800
f 4933//7801 4577//7802 4581//7803
f 4577//7804 4907//7805 4573//7806
f 4907//7807 4569//7808 4573//7809
f 4894//7810 4565//7811 4569//7812
f 4880//7813 4561//7814 4565//7815
f 4561//7816 4854//7817 4557//7818
f 4557//7819 4841//7820 4553//7821
f 4553//7822 4828//7823 4549//7824
f 4828//7825 4545//7825 4549//7826
f 4545//7827 4802//7827 4541//7828
f 4802//7829 4537//7830 4541//7831
f 4789//7832 4533//7833 4537//7834
f 4776//7835 4529//7836 4533//7837
f 4529//7838 4750//7839 4525//7840
f 4525//7841 4737//7842 4521//7843
f 4521//7844 4724//7845 4517//7846
f 4724//7847 4513//7847 4517//7847
f 4513//7848 4698//7848 4509//7849
f 4698//7850 4505//7851 4509//7852
f 4685//7853 4501//7854 4505//7855
f 4672//7856 4497//7857 4501//7858
f 4497//7859 4646//7860 4493//7861
f 4493//7862 4633//7863 4489//7864
f 4489//7865 4620//7866 4485//7867
f 4620//7868 4481//7869 4485//7870
f 4//7871 3//7871 2//7871
f 8//7872 7//7872 6//7872
f 13//7873 16//7873 15//7873
f 17//7874 28//7874 19//7874
f 32//7875 31//7875 30//7875
f 36//7876 35//7876 34//7876
f 37//7877 40//7877 39//7877
f 21//7878 22//7878 23//7878
f 25//7879 26//7879 27//7879
f 41//7880 44//7880 43//7880
f 48//7881 47//7881 46//7881
f 52//7882 51//7882 50//7882
f 53//13 56//7883 55//14
f 60//7884 59//7884 58//7884
f 29//7885 30//7885 62//7885
f 66//7886 65//7886 64//7886
f 67//7887 5//7887 6//7887
f 72//7888 71//7888 70//7888
f 76//7889 75//7889 74//7889
f 77//7890 80//7890 79//7890
f 81//7891 84//7891 83//7891
f 59//7892 87//7892 86//7892
f 88//7893 91//7893 90//7893
f 96//7894 95//7894 94//7894
f 100//7895 99//7895 98//7895
f 101//7896 104//7896 103//7896
f 106//7897 105//7897 34//7897
f 108//7898 116//7898 115//7898
f 117//7899 119//7899 36//7899
f 124//7900 127//7900 126//7900
f 131//37 130//7901 129//38
f 132//7902 102//7902 134//7902
f 142//7903 141//7903 140//7903
f 148//7904 106//7904 60//7904
f 144//7905 143//7905 127//7905
f 149//7906 152//7906 151//7906
f 156//7907 155//7907 154//7907
f 159//7908 150//7908 158//7908
f 116//7909 108//7909 164//7909
f 171//7910 170//7910 169//7910
f 174//7911 126//7911 173//7911
f 179//7912 182//7912 181//7912
f 186//7913 189//7913 188//7913
f 194//7914 197//7914 196//7914
f 199//7915 142//7915 139//7915
f 206//7916 209//7916 208//7916
f 213//7917 212//7917 211//7917
f 202//7918 215//7918 214//7918
f 96//7919 93//7919 216//7919
f 92//7920 238//7920 43//7920
f 97//7921 184//7921 246//7921
f 250//7922 249//7922 229//7922
f 252//7923 254//7923 58//7923
f 258//7924 257//7924 256//7924
f 260//7925 91//7925 229//7925
f 110//7926 111//7926 112//7926
f 114//7927 264//7927 263//7927
f 265//66 268//7928 267//67
f 56//7883 53//13 270//7929
f 274//7930 273//7930 249//7930
f 185//7931 183//7931 63//7931
f 280//7932 279//7932 278//7932
f 285//73 284//7933 283//74
f 288//7934 219//7934 211//7934
f 141//7935 142//7935 92//7935
f 289//7936 290//7936 175//7936
f 148//7937 116//7937 105//7937
f 312//7938 311//7938 170//7938
f 238//7939 262//7939 42//7939
f 318//7940 163//7940 160//7940
f 310//7941 309//4305 308//4307
f 241//7942 239//7942 325//7942
f 160//87 230//7943 240//88
f 47//7944 48//7944 307//7944
f 108//7945 109//7945 315//7945
f 345//7946 85//7946 86//7946
f 348//95 351//7947 350//96
f 356//7948 359//7948 358//7948
f 355//7949 354//7949 353//7949
f 363//7950 31//7950 32//7950
f 364//7951 252//7951 253//7951
f 366//7952 125//7952 368//7952
f 183//7953 372//7953 371//7953
f 163//7954 162//7954 161//7954
f 209//7955 226//7955 101//7955
f 378//7956 377//7956 165//7956
f 379//108 295//7957 381//109
f 383//7958 382//7958 3//7958
f 284//7959 285//7959 386//7959
f 387//7960 127//7960 389//7960
f 391//7961 259//7961 229//7961
f 73//7962 281//7962 397//7962
f 405//7963 408//7964 407//7965
f 203//7966 218//7966 411//7966
f 414//7967 121//7967 413//7967
f 1//7968 356//7968 357//7968
f 277//7969 276//7969 131//7969
f 254//605 344//604 57//7970
f 358//7971 384//7971 415//7971
f 417//7972 416//7972 386//7972
f 401//124 400//7973 192//125
f 419//7974 389//7974 127//7974
f 421//7975 181//7975 182//7975
f 103//7976 301//7976 302//7976
f 428//7977 367//7977 368//7977
f 380//7978 390//7978 359//7978
f 62//7979 204//7979 266//7979
f 140//7980 141//7980 431//7980
f 357//7981 358//7981 351//7981
f 356//7982 1//7982 379//7982
f 415//7983 392//7983 403//7983
f 437//7984 428//7984 436//7984
f 438//7985 441//7986 440//7987
f 188//7988 451//7988 450//7988
f 265//7989 455//7989 181//7989
f 224//1790 185//1789 64//7990
f 237//7991 212//7991 213//7991
f 275//7992 131//7992 128//7992
f 281//7993 282//7993 460//7993
f 50//7994 462//7994 79//7994
f 73//7995 74//7995 282//7995
f 468//7996 467//7996 466//7996
f 390//7997 355//7997 352//7997
f 482//7998 485//7998 484//7998
f 489//7999 488//7999 487//7999
f 493//8000 496//8000 495//8000
f 472//8001 471//8001 470//8001
f 502//8002 501//8002 500//8002
f 220//8003 221//8003 222//8003
f 512//8004 419//127 143//129
f 518//8005 517//8005 511//8005
f 513//8006 239//8006 230//8006
f 205//161 30//8007 31//162
f 189//8008 370//8008 451//8008
f 163//8009 318//8009 532//8009
f 533//8010 224//8010 225//8010
f 446//8011 448//8011 447//8011
f 335//8012 541//8012 540//8012
f 544//8013 512//8013 546//8013
f 329//8014 519//8014 291//8014
f 199//8015 534//8015 262//8015
f 385//8016 386//8016 416//8016
f 532//8017 190//8017 191//8017
f 363//8018 117//8018 118//8018
f 578//8019 581//8019 580//8019
f 573//8020 572//8020 571//8020
f 561//8021 563//8021 562//8021
f 241//8022 260//8022 259//8022
f 590//8023 593//8023 592//8023
f 545//8024 546//8024 595//8024
f 503//8025 154//8025 155//8025
f 606//1449 625//1448 624//8026
f 478//8027 481//8027 480//8027
f 646//8028 649//8028 648//8028
f 590//8029 591//8029 689//8029
f 564//8030 565//8030 651//8030
f 728//8031 246//8031 184//8031
f 714//8032 724//8032 716//8032
f 692//8033 574//196 575//198
f 541//8034 335//8034 581//8034
f 346//8035 68//8035 248//8035
f 161//8036 231//8036 230//8036
f 128//39 129//38 94//8037
f 698//8038 705//8038 704//8038
f 574//8039 577//8039 576//8039
f 290//8040 289//8040 401//8040
f 630//8041 631//8041 725//8041
f 733//8042 736//8042 735//8042
f 755//8043 466//8043 496//8043
f 759//8044 480//8044 481//8044
f 757//8045 763//8045 762//8045
f 764//8046 496//8046 466//8046
f 768//8047 767//8047 3808//8047
f 759//8048 760//8048 488//8048
f 492//8049 474//8049 475//8049
f 474//8050 770//8050 769//8050
f 773//8051 468//8051 465//8051
f 771//8052 774//8052 486//8052
f 484//8053 485//8053 775//8053
f 774//8054 776//8054 489//8054
f 495//8055 496//8055 764//8055
f 495//8056 757//8056 761//8056
f 137//8057 397//8057 784//8057
f 325//8058 239//8059 797//8060
f 165//8061 519//8061 51//8061
f 369//8062 32//8062 29//8062
f 730//8063 731//8063 568//8063
f 90//8064 302//8064 301//8064
f 243//8065 118//8065 516//8065
f 800//8066 734//8066 806//8066
f 817//8067 815//8067 808//8067
f 816//8068 808//8068 823//8068
f 306//8069 303//8069 447//8069
f 815//8070 810//8070 809//8070
f 829//8071 830//8071 828//8071
f 726//8072 725//8072 501//8072
f 274//8073 427//8073 424//8073
f 879//8074 882//8074 881//8074
f 884//8075 883//8075 879//8075
f 219//8076 218//8076 217//8076
f 906//8077 905//8077 904//8077
f 455//8078 204//8078 205//8078
f 898//8079 882//8079 830//8079
f 903//8080 900//8081 880//8082
f 377//8083 291//8083 519//8083
f 923//8084 949//8084 948//8084
f 946//8085 947//8085 951//8085
f 3519//8086 740//8086 739//8086
f 900//8087 899//8087 886//8087
f 225//8088 64//8088 65//8088
f 182//8089 445//8089 442//8089
f 809//8090 952//8090 947//8090
f 954//8091 960//8091 962//8091
f 927//8092 950//8092 965//8092
f 885//255 879//8093 880//256
f 925//8094 927//252 966//254
f 343//8095 342//8095 341//8095
f 965//8096 964//8096 971//8096
f 968//264 971//263 970//8097
f 972//266 968//8098 969//267
f 963//8099 961//8099 981//8099
f 336//8100 337//8100 338//8100
f 992//271 993//8101 827//272
f 810//8102 815//8102 996//8102
f 1007//275 1001//8103 1002//276
f 1012//278 826//8104 827//279
f 1011//281 1009//8105 1007//282
f 294//8106 293//8106 292//8106
f 907//8107 908//8108 920//8109
f 1017//8110 579//8110 1019//8110
f 1020//8111 1023//8111 1022//8111
f 1035//8112 1024//8112 1020//8112
f 1061//8113 1060//8113 1047//8113
f 1063//8114 1061//8114 1046//8114
f 1044//8115 1020//8115 1021//8115
f 1102//8116 1094//8116 1097//8116
f 1116//8117 1126//1360 1118//1359
f 1016//8118 1015//8118 1014//8118
f 881//8119 897//8119 904//8119
f 816//304 1116//303 1127//8120
f 1094//1860 948//1859 949//8121
f 514//8122 342//8122 167//8122
f 146//8123 145//8124 81//8125
f 1133//8126 1135//8126 1130//8126
f 1102//8127 1133//8127 1126//8127
f 822//8128 1126//8128 1116//8128
f 1145//8129 1143//8129 1148//8129
f 1076//8130 1144//8130 1151//8130
f 1148//307 1143//8131 1086//308
f 1109//8132 1097//8132 1114//8132
f 1154//8133 1153//8133 1156//8133
f 1153//8134 925//8134 967//8134
f 3464//8135 3497//8135 463//8135
f 1144//8136 1147//8136 1152//8136
f 1156//8137 967//8137 1163//8137
f 1164//317 1162//8138 1169//318
f 1145//8139 1171//8139 1176//8139
f 1114//8140 1115//8140 1154//8140
f 1183//8141 1155//8141 1164//8141
f 1184//8142 1183//8142 1177//8142
f 1069//8143 1151//8143 1062//8143
f 1023//8144 1191//8144 1194//8144
f 1162//8145 1163//8145 1170//8145
f 1195//8146 1184//8146 1185//8146
f 1183//8147 1196//8147 1176//8147
f 1201//8148 1063//8148 1152//8148
f 1061//8149 1063//8149 1201//8149
f 3825//8150 847//8150 843//8150
f 1203//8151 1202//8151 1195//8151
f 1202//8152 1201//8152 1184//8152
f 1218//8153 1060//8153 1203//8153
f 1060//8154 1061//332 1202//334
f 1225//8155 1218//8155 1217//8155
f 671//8156 695//8156 694//8156
f 1219//8157 1217//8157 1024//8157
f 1217//8158 1203//8158 1034//8158
f 1226//8159 1014//8159 1015//8159
f 1243//8160 1242//8160 1234//8160
f 1231//8161 1230//8161 1229//8161
f 847//8162 1243//8162 1233//8162
f 843//8163 1233//8163 1244//8163
f 1233//8164 1234//8164 1245//8164
f 1923//8165 3761//8165 233//8165
f 2100//1540 2108//8166 499//8167
f 3914//8168 3864//8168 2135//8168
f 61//8169 62//8169 323//8169
f 210//8170 211//8170 217//8170
f 1299//357 1310//1408 1309//358
f 3863//8171 1230//8171 1231//8171
f 1066//8172 1047//8172 1321//8172
f 1322//362 1321//8173 1228//363
f 1060//8174 1218//8174 1321//8174
f 1325//366 1324//8175 1323//367
f 1244//8176 1245//8176 1332//8176
f 1290//8177 1234//8177 1242//8177
f 1337//8178 1330//8178 1339//8178
f 1330//372 1332//8179 1340//373
f 1341//8180 1332//8180 1245//8180
f 1342//8181 1340//8181 1332//8181
f 1343//8182 1342//8182 1341//8182
f 1344//8183 1341//8183 1294//8183
f 3857//8184 3856//8184 1345//8184
f 1347//8185 1348//406 1342//408
f 3856//381 3854//4383 1295//382
f 1349//384 1350//8186 1348//385
f 3861//8187 1349//8187 1347//8187
f 3853//8188 1347//8188 1343//8188
f 906//8189 898//236 829//238
f 905//8190 906//8190 1353//8190
f 865//8191 1356//8191 1355//8191
f 1355//8192 1353//8192 829//8192
f 1357//8193 1355//8193 825//8193
f 1356//8194 1354//8194 1353//8194
f 3834//8195 1337//8195 1338//8195
f 866//8196 1358//8196 1356//8196
f 1358//8197 1359//8197 1354//8197
f 3828//398 878//8198 1337//399
f 838//8199 1362//8199 1012//8199
f 1363//8200 1364//8200 1338//8200
f 1368//8201 1363//8201 1339//8201
f 1348//8202 1368//8202 1340//8202
f 1371//8203 1369//8203 3824//8203
f 524//8204 525//8204 526//8204
f 528//8205 529//8205 530//8205
f 1372//8206 1370//8206 1369//8206
f 535//415 536//8207 537//416
f 1367//418 1368//8208 1348//419
f 1370//421 1354//8209 1359//422
f 1369//8210 1359//8210 3833//8210
f 1373//8211 910//8211 903//8211
f 555//8212 556//8212 557//8212
f 1374//8213 909//8213 910//8213
f 1373//8214 904//8214 905//8214
f 1374//8215 1373//8215 1375//8215
f 1375//8216 905//8216 1354//8216
f 1378//8217 920//8109 908//8108
f 376//8218 373//8218 651//8218
f 1388//8219 928//8219 973//8219
f 586//8220 587//8220 588//8220
f 1390//8221 1389//8221 1388//8221
f 1391//8222 1388//8222 969//8222
f 597//8223 598//1921 599//1923
f 600//8224 601//8224 602//8224
f 1392//8225 1391//8225 970//8225
f 608//8226 609//8226 610//8226
f 612//8227 524//8227 523//8227
f 614//444 615//8228 616//445
f 617//8229 618//8229 25//8229
f 620//8230 621//8230 622//8230
f 1397//8231 1390//435 1391//437
f 1398//8232 1397//8232 1392//8232
f 1400//8233 987//8233 920//8233
f 1402//8234 1403//8234 1165//8234
f 636//8235 637//8235 638//8235
f 930//8236 1404//8237 1402//8238
f 641//8239 642//8239 643//8239
f 929//8240 1402//454 1169//456
f 1404//8241 1405//8241 1403//8241
f 1411//8242 1366//8242 1365//8242
f 1412//8243 1406//8243 1415//8243
f 652//8244 653//8244 654//8244
f 609//8245 656//8245 657//8245
f 659//8246 660//8246 661//8246
f 558//8247 663//8247 586//8247
f 665//8248 666//8248 667//8248
f 1413//8249 1411//8249 1406//8249
f 1418//8250 1416//8250 3810//8250
f 1417//8251 1372//8251 1371//8251
f 1416//8252 1371//8252 3829//8252
f 1419//8253 1417//8253 1416//8253
f 1386//8254 909//8254 1374//8254
f 677//8255 678//8255 679//8255
f 1385//8256 1386//8256 1420//8256
f 1420//8257 1374//8257 1376//8257
f 685//8258 686//8258 687//8258
f 1421//8259 1420//8259 1422//8259
f 528//8260 690//8260 691//8260
f 1422//8261 1376//8261 1372//8262
f 1018//8263 1019//8263 747//8263
f 699//8264 700//8264 701//8264
f 1424//8265 578//8265 579//8265
f 3663//8266 1597//8266 1767//8266
f 700//8267 699//8267 711//8267
f 1093//8268 3746//8268 3754//8268
f 717//8269 718//8269 530//8269
f 721//8270 722//8270 723//8270
f 704//8271 1650//8271 3543//8271
f 19//493 1429//8272 1426//494
f 1429//8273 1428//8274 1427//8274
f 1658//8275 1659//8275 3542//8275
f 1439//8276 1437//8276 1434//8276
f 1437//3165 1436//3164 1435//8277
f 1426//8278 1427//8278 1433//8278
f 1442//8279 1431//8279 1432//8279
f 742//8280 743//8280 744//8280
f 1432//8281 1433//8281 1441//8281
f 751//8282 752//8282 753//8282
f 1438//8283 1434//8283 1403//8283
f 1446//8284 1445//8284 1444//8284
f 1447//8285 1448//8285 1446//8285
f 3860//8286 1447//8286 1443//8286
f 1415//8287 1367//8287 1445//8287
f 1414//8288 1415//8288 1446//8288
f 2173//8289 1683//8289 469//8289
f 777//8290 778//8290 779//8290
f 780//8291 781//8291 782//8291
f 1676//8292 1693//8292 1806//8292
f 3859//8293 1451//8293 1349//8293
f 789//8294 790//8294 791//8294
f 745//8295 792//8295 793//8295
f 652//8296 794//8296 795//8296
f 1455//8297 1458//8297 1457//8297
f 1454//8298 1367//8298 1350//8298
f 610//8299 691//692 802//691
f 3831//3958 3816//3957 698//8300
f 1352//8301 1044//8301 1045//8301
f 1015//8302 1016//8302 1459//8302
f 811//8303 812//8303 813//8303
f 2118//1475 3815//1474 3817//8304
f 819//8305 820//8305 821//8305
f 1466//8306 1463//8306 1194//8306
f 1467//8307 1468//8307 1465//8307
f 1182//8308 1165//8308 1468//8308
f 832//8309 812//8309 833//8309
f 835//8310 836//8310 837//8310
f 1467//8311 1466//8311 1190//8311
f 1469//8312 1470//4794 1444//4793
f 840//8313 700//8313 712//8313
f 1453//8314 1470//8314 1469//8314
f 599//1923 844//1922 845//8315
f 1226//8316 1450//8316 3849//8316
f 851//8317 852//8317 853//8317
f 855//8318 744//8318 856//8318
f 858//8319 859//8319 860//8319
f 861//8320 862//8320 863//8320
f 1014//8321 1226//8321 3855//8321
f 867//546 676//8322 868//547
f 870//8323 871//8323 872//8323
f 874//8324 875//8324 876//8324
f 1310//8325 1323//8325 1471//8325
f 1476//552 1433//8326 1427//553
f 1461//8327 1476//8327 1475//8327
f 887//8328 888//8328 889//8328
f 788//8329 791//8329 892//8329
f 894//8330 895//2673 896//2675
f 1460//8331 1475//8331 1227//8331
f 901//8332 902//8332 524//8332
f 1465//8333 1478//8333 1477//8333
f 1865//8334 3503//8334 3500//8334
f 911//8335 912//8335 913//8335
f 916//8336 917//8336 918//8336
f 1850//8337 3505//8337 3507//8337
f 921//8338 922//3155 895//3157
f 1479//8339 1435//8339 1436//8339
f 926//8340 664//8340 667//8340
f 1481//8341 562//8341 563//8341
f 269//8342 1483//8342 84//8342
f 931//8343 932//8343 933//8343
f 934//8344 935//8344 614//8344
f 936//8345 685//8345 688//8345
f 938//8346 659//8346 662//8346
f 1484//8347 270//8347 122//8347
f 941//8348 942//8348 835//8348
f 320//8349 321//8349 509//8349
f 1849//8350 3510//8350 3505//8350
f 84//8351 1483//8351 1484//8351
f 1487//8352 1490//8352 1488//8352
f 1757//8353 1758//8353 3502//8353
f 365//586 1492//8354 1491//587
f 461//8355 79//8355 80//8355
f 117//8356 363//8356 362//8356
f 1494//8357 540//8357 541//8357
f 926//594 601//8358 957//595
f 1477//8359 1441//8359 1433//8359
f 1709//8360 1588//8360 1585//8360
f 119//8361 117//8361 1496//8361
f 271//8362 1497//8362 504//8362
f 511//8363 517//8363 189//8363
f 345//8364 1496//8364 1492//8364
f 57//8365 344//8365 299//8365
f 1501//8366 1499//8366 268//8366
f 267//8367 268//8367 1499//8367
f 974//8368 975//8368 976//8368
f 1678//8369 1652//8369 1693//8369
f 3846//8370 1682//8370 1807//8370
f 557//8371 982//8371 663//8371
f 983//8372 941//8372 984//8372
f 1443//8373 1444//8373 3849//8373
f 421//8374 1500//8374 268//8374
f 989//616 990//8375 991//617
f 1490//8376 1487//8376 418//8376
f 279//8377 280//8377 309//8377
f 997//8378 868//8378 676//8378
f 998//8379 26//8379 999//8379
f 1504//8380 418//8380 38//8380
f 1506//8381 1508//8381 1507//8381
f 360//8382 361//8382 1508//8382
f 1506//8383 1486//8383 207//8383
f 939//8384 1005//8384 1006//8384
f 270//8385 1484//8385 1483//8385
f 66//8386 63//8386 546//8386
f 1010//8387 742//8387 793//8387
f 367//8388 428//8388 437//8388
f 244//8389 31//8389 363//8389
f 1670//8390 3532//8390 3534//8390
f 209//8391 206//8391 1510//8391
f 388//8392 389//8392 426//8392
f 427//8393 274//8393 250//8393
f 161//8394 520//8394 521//8394
f 100//8395 246//8395 45//8395
f 1025//8396 1026//8396 608//8396
f 1029//8397 1030//8398 1031//8399
f 939//8400 662//8400 1033//8400
f 41//8401 42//8401 594//8401
f 1036//8402 780//8402 783//8402
f 702//8403 701//8403 1038//8403
f 1040//647 1041//8404 1042//648
f 362//8405 32//8405 369//8405
f 187//651 1520//8406 477//652
f 70//2669 1487//2668 539//8407
f 1049//8408 600//8408 603//8408
f 613//8409 867//8409 869//8409
f 860//8410 1050//8410 1051//8410
f 1005//8411 1052//8411 1053//8411
f 753//8412 1055//8412 1056//8412
f 1057//8413 1058//8413 1059//8413
f 293//8414 288//8414 1522//8414
f 288//663 212//8415 1521//664
f 292//8416 1522//8416 1523//8416
f 331//8417 1507//8417 1508//8417
f 306//8418 452//8418 453//8418
f 100//8419 44//8419 41//8419
f 462//8420 1524//8420 78//8420
f 330//8421 331//8421 1524//8421
f 635//8422 1067//8422 1068//8422
f 1485//8423 1527//8423 1526//8423
f 206//8424 1485//8424 1528//8424
f 1070//8425 1071//8425 1072//8425
f 942//8426 941//8427 1073//8428
f 916//8429 933//8429 1075//8429
f 440//8430 1529//8430 1530//8430
f 157//8431 158//8431 1514//8431
f 1529//8432 162//8432 5//8432
f 371//8433 595//8433 546//8433
f 790//8434 586//8434 663//8434
f 1077//8435 858//8435 857//8435
f 1403//8436 1434//8436 1435//8436
f 1080//8437 1081//8437 1082//8437
f 531//8438 520//8438 1529//8438
f 21//8439 1083//8439 1084//8439
f 272//8440 1532//8440 1531//8440
f 690//8441 712//8441 802//8441
f 335//8442 3571//8442 3567//8442
f 1090//8443 1030//8398 1029//8397
f 1092//8444 795//8444 794//8444
f 1533//8445 396//8445 137//8445
f 661//8446 660//8446 1095//8446
f 69//8447 444//8447 445//8447
f 1099//3266 1100//3268 1101//8448
f 38//8449 39//8449 1536//8449
f 1104//8450 1105//8450 1106//8450
f 852//8451 1107//8451 1108//8451
f 1377//8452 908//8452 909//8452
f 291//8453 377//8453 411//8453
f 316//8454 1536//8454 516//8454
f 539//8455 1488//8455 1533//8455
f 1505//8456 1536//8456 316//8456
f 1110//8457 1111//8457 1112//8457
f 1539//8458 1537//8458 460//8458
f 522//8459 441//8459 1537//8459
f 834//8460 837//8460 1120//8460
f 1122//8461 1123//8462 1124//8463
f 612//8464 1125//8464 1041//8464
f 935//8465 793//8465 615//8465
f 276//8466 278//8466 130//8466
f 1686//8467 3549//8467 3522//8467
f 193//8468 190//725 1541//727
f 231//8469 521//8469 1540//8469
f 556//8470 1037//8470 982//8470
f 365//8471 253//8471 85//8471
f 190//8472 532//8472 318//8472
f 1810//8473 765//8473 3574//8473
f 3924//8474 1867//8474 3512//8474
f 1132//8475 983//8475 985//8475
f 208//8476 101//8476 102//8476
f 1134//8477 1033//8477 662//8477
f 1491//8478 518//8478 80//8478
f 429//8479 133//8479 1542//8479
f 1137//8480 1138//8480 915//8480
f 172//8481 436//8481 428//8481
f 1139//8482 1140//8482 1141//8482
f 549//8483 96//8483 54//8483
f 1517//8484 1519//8484 1518//8484
f 834//8485 1119//8485 984//8485
f 1543//8486 513//8486 286//8486
f 1544//8487 797//8060 239//8059
f 133//8488 134//8488 1544//8488
f 506//8489 361//8489 257//8489
f 420//8490 327//8490 328//8490
f 1158//8491 1159//8491 1160//8491
f 587//8492 1104//8492 1103//8492
f 607//8493 1161//8493 1027//8493
f 304//8494 1546//8494 1545//8494
f 364//8495 1491//8495 77//8495
f 69//8496 70//8496 198//8496
f 700//8497 840//8497 1112//8497
f 3877//8498 626//8498 3525//8498
f 1166//759 719//8499 657//760
f 1167//8500 1168//8500 858//8500
f 1300//8501 3523//8501 3524//8501
f 1172//764 1173//8502 1174//765
f 218//8503 203//8503 200//8503
f 1179//8504 1180//8504 1181//8504
f 372//8505 183//8505 97//8505
f 89//8506 104//8506 227//8506
f 1186//8507 1187//8507 1188//8507
f 172//8508 173//8508 1517//8508
f 1482//574 84//573 81//8509
f 1090//8510 1192//8510 1193//8510
f 394//8511 395//8511 353//8511
f 526//8512 525//8512 1198//8512
f 1199//8513 1200//8513 1026//8513
f 606//8514 623//8514 697//8514
f 1204//8515 1205//8515 1206//8515
f 1207//781 1208//8516 523//782
f 1209//8517 1210//8517 867//8517
f 914//8518 913//8518 685//8518
f 1478//569 1436//568 1441//8519
f 1029//8520 1028//8520 1161//8520
f 1211//8521 1212//8521 1213//8521
f 3858//8522 1453//8522 1451//8522
f 844//8523 1215//8523 1216//8523
f 423//8524 193//8524 273//8524
f 1220//8525 1221//8525 1222//8525
f 22//8526 1223//8526 1224//8526
f 882//8527 898//8527 897//8527
f 1519//8528 1517//8528 173//8528
f 1189//8529 1188//8529 1232//8529
f 349//8530 350//8530 550//8530
f 1071//8531 1235//8531 1236//8531
f 1237//8532 1238//8532 1239//8532
f 1221//8533 1186//8533 1189//8533
f 1510//8534 1528//8534 1512//8534
f 939//8535 1032//8535 1241//8535
f 1556//8536 1530//8536 5//8536
f 1553//8537 1554//8537 394//8537
f 404//8538 1556//8538 67//8538
f 1247//8539 1248//8539 1249//8539
f 142//8540 199//8540 238//8540
f 1251//8541 1067//8541 635//8541
f 850//8542 1252//8542 1253//8542
f 1254//8543 1167//8543 1077//8543
f 57//8544 132//8544 133//8544
f 443//8545 430//8545 552//8545
f 1187//8546 1172//8546 1175//8546
f 1256//8547 1070//8547 831//8547
f 432//8548 405//8548 382//8548
f 741//8549 748//8549 747//8549
f 434//8550 350//8550 351//8550
f 349//8551 432//8551 383//8551
f 251//8552 124//8552 1481//8552
f 395//8553 384//8554 352//8555
f 1518//8556 1519//8556 1550//8556
f 1558//822 410//8557 378//823
f 109//8558 263//8558 314//8558
f 285//8559 1514//8559 1513//8559
f 395//8560 394//8560 393//8560
f 202//8561 203//8561 410//8561
f 417//8562 408//8562 405//8562
f 1246//8563 1257//8563 1258//8563
f 3//8564 1559//8564 297//8564
f 1259//8565 1260//8565 1261//8565
f 403//8566 404//8566 347//8566
f 955//8567 954//8567 953//8567
f 462//8568 50//8568 51//8568
f 1096//8569 1095//8569 687//8569
f 429//8570 147//8570 60//8570
f 896//8571 1264//8571 1265//8571
f 1267//8572 721//8572 1268//8572
f 423//8573 424//8573 327//8573
f 37//8574 179//8574 180//8574
f 20//8575 23//8575 1187//8575
f 1256//8576 1168//8576 1071//8576
f 1188//8577 1175//8577 1269//8577
f 1236//8578 1270//8578 1271//8578
f 1272//8579 536//8579 535//8579
f 565//8580 564//8580 463//8580
f 1273//851 792//8581 745//852
f 876//854 1254//8582 1255//855
f 316//8583 33//8583 164//8583
f 437//8584 1516//8584 503//8584
f 194//8585 1494//591 1495//593
f 1275//8586 1276//8586 864//8586
f 624//8587 625//8587 631//8587
f 1277//8588 1274//8588 1137//8588
f 569//8589 568//8589 567//8589
f 1481//8590 124//8590 125//8590
f 324//8591 325//8591 547//8591
f 1279//8592 1108//8592 1107//8592
f 1525//8593 332//8593 329//8593
f 1281//8594 1278//8594 1137//8594
f 171//8595 168//8595 1553//8595
f 1488//1711 73//1710 396//8596
f 1557//1036 1561//1038 1562//8597
f 1282//8598 856//8598 1206//8598
f 1053//8599 1277//8599 1278//8599
f 778//8600 777//8600 607//8600
f 713//8601 583//8601 3566//8601
f 251//8602 225//8602 144//8602
f 4//8603 357//8603 348//8603
f 709//4740 708//8604 707//8605
f 728//8606 48//8606 45//8606
f 261//8607 135//8607 1563//8607
f 789//8608 1286//8608 1287//8608
f 74//8609 314//8609 263//8609
f 403//8610 284//8610 385//8610
f 1178//8611 1181//8611 1240//8611
f 1223//8612 1259//8612 1289//8612
f 1220//8613 20//8613 1186//8613
f 296//8614 1518//8614 354//8614
f 784//8615 459//8615 1538//8615
f 1181//8616 1180//8616 1291//8616
f 1269//8617 1292//8617 1257//8617
f 1566//8618 1538//8618 438//8618
f 136//8619 784//8619 1566//8619
f 1563//8620 1564//8620 169//8620
f 107//8621 114//8621 109//8621
f 1297//8622 1282//8622 1298//8622
f 1464//8623 1477//8623 1476//8623
f 1520//8624 187//8624 507//8624
f 1301//8625 1302//8625 1303//8625
f 1306//8626 1307//8626 1308//8626
f 175//8627 456//8627 1532//8627
f 1532//8628 456//8628 200//8628
f 1311//8629 1266//8629 1312//8629
f 872//8630 1314//8630 1315//8630
f 3836//8631 843//8631 878//8631
f 1305//8632 1308//8632 864//8632
f 1040//8633 1275//8633 863//8633
f 1564//8634 1566//8634 399//8634
f 592//8635 1576//8635 1575//8635
f 591//8636 1575//8636 1088//8636
f 1581//8637 1584//8637 1583//8637
f 1196//8638 1152//8638 1147//8638
f 710//8639 582//8639 583//8639
f 285//8640 407//7965 408//7964
f 953//8641 954//8641 961//8641
f 1594//8642 1592//8642 1589//8642
f 1585//924 1588//8643 1587//925
f 1592//8644 1591//8644 1590//8644
f 3885//8645 945//8645 944//8645
f 1600//1046 1599//1045 1598//8646
f 1604//8647 1603//8647 1602//8647
f 1399//8648 1392//8648 979//8648
f 1589//8649 1590//8649 1596//8649
f 1610//8650 1609//8650 1608//8650
f 298//8651 257//8651 361//8651
f 551//8652 552//8652 276//8652
f 1627//8653 1626//8653 3814//8653
f 859//8654 811//8654 818//8654
f 1078//8655 857//8655 1328//8655
f 1555//8656 439//8656 1530//8656
f 572//8657 573//8657 680//8657
f 772//8658 465//8658 776//8658
f 977//8659 1281//8659 918//8659
f 404//8660 403//8660 392//8660
f 1054//8661 1331//8661 750//8661
f 1644//8662 1645//8662 1643//8662
f 932//8663 1265//8663 1082//8663
f 1067//8664 1333//8664 1334//8664
f 1540//8665 1539//8665 264//8665
f 597//8666 1335//8666 643//8666
f 471//8667 761//8667 762//8667
f 1642//8668 696//3956 3831//3958
f 1644//8669 1642//8669 3842//8669
f 923//8670 946//8670 950//8670
f 96//956 549//8671 548//957
f 520//8672 531//8672 522//8672
f 445//8673 444//8673 443//8673
f 849//8674 839//8674 848//8674
f 480//8675 759//8675 755//8675
f 1646//8676 760//8676 481//8676
f 311//8677 426//2441 1567//2443
f 464//8678 463//8678 3497//8678
f 3497//8679 1360//8679 1361//8679
f 234//8680 237//8680 236//8680
f 190//8681 193//8681 192//8681
f 153//8682 154//8682 152//8682
f 231//8683 287//8683 286//8683
f 1552//8684 1553//8684 1551//8684
f 760//972 1646//8685 1648//973
f 3832//8686 1647//8686 1649//8686
f 828//8687 827//8687 826//8687
f 52//8688 167//8688 166//8688
f 1663//8689 1662//8689 1661//8689
f 287//979 107//8690 115//980
f 668//8691 671//8691 670//8691
f 634//8692 645//8692 640//8692
f 553//8693 560//8693 559//8693
f 118//8694 36//8694 33//8694
f 492//8695 484//8695 491//8695
f 3552//8696 1652//8696 1651//8696
f 582//990 589//8697 584//991
f 384//8554 395//8553 392//8698
f 1381//8699 1382//8699 1383//8699
f 1562//8700 1561//8700 435//8700
f 952//8701 953//8701 951//8701
f 3529//8702 3566//8702 583//8702
f 1660//8703 1661//8703 1667//8703
f 1394//8704 1395//8704 1396//8704
f 1660//8705 1665//8705 1664//8705
f 1671//8706 1670//8706 1669//8706
f 1624//8707 1625//8707 1673//8707
f 1407//8708 1408//8708 1409//8708
f 1677//8709 1676//8709 1675//8709
f 1613//8710 1679//8710 1677//8710
f 1679//8711 1678//8711 1676//8711
f 1626//8712 1681//8712 3811//8712
f 534//8713 199//8713 198//8713
f 803//8714 733//8714 734//8714
f 400//8715 248//8715 191//8715
f 65//8716 66//8716 143//8716
f 3526//8717 1657//8717 1656//8717
f 402//8718 159//8718 157//8718
f 629//8719 628//8719 627//8719
f 461//8720 477//8720 49//8720
f 758//8721 757//8721 495//8721
f 796//8722 787//8722 786//8722
f 406//8723 407//8723 1513//8723
f 342//8724 343//8724 166//8724
f 1694//8725 1659//8725 1658//8725
f 1692//1024 1687//8726 1694//1025
f 3557//8727 1693//8727 1652//8727
f 3921//1028 1704//8728 1703//1028
f 326//8729 547//8729 302//8729
f 3916//8730 3921//8730 1702//8730
f 3919//8731 3918//8731 1698//8731
f 1699//8732 1691//8732 3927//8732
f 1557//8733 406//8733 1560//8733
f 1127//1039 1116//8734 1117//1040
f 400//8735 401//8735 289//8735
f 1706//8736 1702//8736 1707//8736
f 1707//8737 1702//8737 1599//8737
f 1709//8738 1706//8738 1708//8738
f 1714//1048 1712//8739 1711//1049
f 3919//8740 3915//8740 1709//8740
f 1704//8741 1711//8741 1577//8741
f 1716//1053 1714//8742 1713//1054
f 1559//873 1562//872 1549//1056
f 1722//8743 1721//8743 1720//8743
f 1335//8744 597//8744 596//8744
f 410//8745 411//8745 377//8745
f 973//8746 1170//8746 1163//8746
f 168//8747 169//8747 399//8747
f 1571//8748 682//8748 1089//8748
f 1572//8749 681//8749 682//8749
f 749//8750 646//8750 647//8750
f 1730//8751 1724//8751 1723//8751
f 1594//8752 1582//8752 1729//8752
f 1729//8753 1723//8753 1591//8753
f 1384//8754 1378//8754 1377//8754
f 1732//8755 1731//8755 1712//8755
f 1724//8756 1730//8756 1731//8756
f 1722//8757 1724//8757 1732//8757
f 1721//8758 1722//8758 1733//8758
f 1734//8759 1733//8759 1716//8759
f 1735//8760 1737//8760 1736//8760
f 1733//8761 1732//8761 1714//8761
f 1663//8762 1664//8762 1741//8762
f 1742//8763 1665//8763 1740//8763
f 1738//8764 1739//8764 1737//8764
f 1665//8765 1660//8765 1666//8765
f 1665//8766 1742//8766 1744//8766
f 1725//8767 1726//8767 1746//8767
f 1591//8768 1725//8768 1745//8768
f 1590//8769 1745//8769 1747//8769
f 1745//8770 1746//8770 1748//8770
f 1659//8771 1688//4845 3538//4844
f 3287//8772 1760//8772 3545//8772
f 1185//8773 1177//8773 1182//8773
f 1664//8774 1744//8774 1749//8774
f 1741//8775 1749//8776 1739//8777
f 1746//8778 1742//8778 1743//8778
f 1726//8779 1744//8779 1742//8779
f 1115//8780 924//8780 1153//8780
f 1654//8781 3546//8781 3575//8781
f 1896//8782 3562//8782 3549//8782
f 1720//1103 1749//8783 1744//1104
f 1721//8784 1739//8777 1749//8776
f 1750//8785 1718//8785 1701//8785
f 1697//8786 1736//8786 1750//8786
f 1151//8787 1152//8787 1063//8787
f 1751//8788 1752//8788 1670//8788
f 1695//1111 1658//8789 1752//1112
f 961//1114 962//8790 986//1115
f 1770//8791 1769//8791 1768//8791
f 1766//8792 1594//8792 1593//8792
f 1731//8793 1759//8793 1579//8793
f 1579//8794 1777//8794 1774//8794
f 3928//8795 1772//8795 1771//8795
f 1764//8796 1772//8796 3928//8796
f 1777//8797 1776//8797 1775//8797
f 3762//8798 3763//4570 1699//4572
f 1004//1125 1127//8799 1128//1126
f 1774//8800 1775//8800 1771//8800
f 987//8801 1400//8801 1399//8801
f 1578//8802 1774//1128 1772//1130
f 1783//8803 1782//8803 1781//8803
f 1597//8804 1598//8804 1770//8804
f 639//8805 1878//8805 3895//8806
f 3928//8807 3929//8807 1769//8807
f 1793//8808 1792//8808 1789//8808
f 3929//8809 3920//8809 1798//8809
f 3508//8810 3516//8810 3773//8810
f 1802//8811 1867//8811 3924//8811
f 1788//8812 1790//8812 1794//8812
f 1793//8813 1794//8813 1795//8813
f 3773//8814 3772//8814 1675//8814
f 1584//8815 1581//8815 1783//8815
f 1771//8816 1797//8816 3920//8816
f 1801//8817 1799//8817 1798//8817
f 1768//1150 1769//8818 1798//1151
f 1775//8819 1796//8819 1797//8819
f 508//8820 514//8820 515//8820
f 1796//8821 1803//8821 1802//8821
f 1800//8822 1798//8822 3920//8822
f 1794//8823 1805//8823 1804//8823
f 3532//8824 1670//8824 1752//8824
f 485//8825 1808//8825 1807//8825
f 3809//8826 3844//8826 1640//8826
f 3837//8827 3844//8827 1810//8827
f 485//8828 482//8828 1640//8828
f 1690//8829 1691//8829 3770//8829
f 487//8830 488//974 1648//973
f 3839//8831 1813//8831 1816//8831
f 3838//8832 1811//8832 1648//8832
f 3839//8833 1812//8833 1811//8833
f 1812//8834 1809//8834 487//8834
f 1641//8835 1809//8835 767//8835
f 465//8836 466//8836 755//8836
f 767//8837 1815//8837 3823//8837
f 3822//8838 1816//8838 3826//8838
f 1809//8839 1812//8839 1815//8839
f 3837//8840 1653//8840 1651//8840
f 675//8841 672//8841 3541//8841
f 1814//8842 1649//8842 1822//8842
f 1821//8843 1822//8843 3821//8843
f 1824//8844 1822//8844 1649//8844
f 1827//8845 1849//8845 1850//8845
f 1668//8846 1669//8846 1662//8846
f 1779//8847 1780//8847 1848//8847
f 1790//8848 1827//8848 1805//8848
f 1833//8849 1836//8849 1853//8849
f 3521//8850 3506//8850 693//8850
f 1614//8851 1615//8851 1616//8851
f 1852//8852 1853//8852 3498//8852
f 1620//8853 1621//8853 1622//8853
f 1855//8854 1765//8854 1574//8854
f 1847//1191 1852//8855 3501//1192
f 1766//8856 1765//8856 1855//8856
f 1629//8857 1630//8857 1631//8857
f 1633//8858 1622//8858 1634//8858
f 1635//8859 1636//8859 1637//8859
f 1848//8860 1833//8860 1852//8860
f 1855//8861 1861//8861 1863//8861
f 1803//8862 1866//8862 1867//8862
f 1862//8863 1863//8863 1831//8863
f 1782//1202 1855//8864 1862//1203
f 3922//1142 3924//1141 1865//8865
f 1873//8866 1872//8866 1870//8866
f 1874//8867 1869//8867 799//8867
f 2045//8868 3878//8868 3897//8868
f 1219//8869 1345//8869 1295//8869
f 1615//8870 1614//8870 1396//8870
f 3884//8871 3895//8871 1877//8871
f 645//8872 3898//8872 3786//8872
f 1345//8873 1219//8873 1035//8873
f 634//8874 639//8874 3884//8874
f 15//8875 1887//8875 1327//8875
f 3910//8876 3895//8876 1878//8876
f 1894//8877 604//8877 605//8877
f 3506//8878 3551//8878 627//8878
f 3560//8879 640//8879 645//8879
f 340//8880 341//8880 454//8880
f 1897//8881 194//8881 195//8881
f 1889//8882 1882//8882 1877//8882
f 1901//8883 94//8883 129//8883
f 196//8884 749//8884 754//8884
f 1705//8885 1704//8885 3921//8885
f 340//8886 378//8886 166//8886
f 1570//1229 1480//8887 563//1230
f 1904//8888 1494//8888 194//8888
f 1781//8889 1862//8889 1832//8889
f 1905//8890 549//8890 55//8890
f 1000//8891 994//8892 995//8893
f 986//8894 919//8894 920//8894
f 1191//8895 1185//8895 1190//8895
f 2094//4629 2077//4628 2075//8896
f 1920//8897 1921//8897 1919//8897
f 453//8898 454//8898 1912//8898
f 1915//8899 1919//8899 1918//8899
f 3882//8900 2112//8900 2106//8900
f 1655//8901 3575//8901 3531//8901
f 1916//8902 1918//8902 1926//8902
f 704//8903 3554//8903 3561//8903
f 278//8904 1916//8904 1925//8904
f 3565//1249 3564//8905 1818//1250
f 1097//8906 949//8906 1115//8906
f 1927//8907 1928//8907 727//8907
f 3578//8908 3579//8908 3654//8908
f 1920//8909 310//8909 307//8909
f 1929//8910 307//8910 48//8910
f 503//8911 504//8911 1497//8911
f 1902//8912 1903//8912 787//8912
f 1816//8913 1821//8913 3820//8913
f 1925//8914 1926//8914 1923//8914
f 1535//8915 1569//8915 1568//8915
f 254//8916 252//8916 258//8916
f 1509//8917 1497//8917 366//8917
f 119//8918 86//8918 35//8918
f 219//8919 288//8919 293//8919
f 141//8920 46//8920 47//8920
f 542//8921 205//8921 244//8921
f 1940//8922 552//8922 430//8922
f 1779//8923 1828//8923 1827//8923
f 1701//8924 1710//8924 3915//8924
f 1661//8925 3550//8925 3515//8925
f 270//8926 53//8926 754//8926
f 197//8927 1947//8927 749//8927
f 1727//8928 1728//8928 1212//8928
f 53//1279 54//8929 232//1280
f 1465//8930 1468//8930 1479//8930
f 1284//8931 3862//8931 3854//8931
f 1951//8932 446//8932 412//8932
f 168//8933 398//8933 1554//8933
f 1486//8934 1485//8934 206//8934
f 506//8935 77//8935 78//8935
f 994//8936 1001//8936 1007//8936
f 951//8937 953//8937 963//8937
f 1013//8938 3859//8938 3861//8938
f 3826//8939 3820//8939 1820//8939
f 1498//8940 1909//8940 1954//8940
f 299//8941 298//8941 543//8941
f 1754//8942 1755//8942 1756//8942
f 1681//8943 469//8943 1683//8943
f 1696//8944 1694//8944 1695//8944
f 13//8945 14//8945 738//8945
f 473//8946 476//8946 475//8946
f 482//8947 1641//8947 768//8947
f 204//8948 62//8948 30//8948
f 1761//8949 1762//8949 820//8949
f 611//8950 1763//8950 1125//8950
f 1501//8951 1503//8951 1908//8951
f 1074//1308 1073//8952 711//1309
f 1960//8953 1944//8953 82//8953
f 120//8954 1956//8954 1960//8954
f 35//8955 86//8955 87//8955
f 1773//8956 1199//8956 1025//8956
f 1965//8957 1545//8957 1569//8957
f 494//8958 761//8958 471//8958
f 1966//1342 1967//1341 1969//8959
f 446//8960 1951//8960 1971//8960
f 174//8961 368//8961 125//8961
f 1580//8962 1579//8962 1578//8962
f 1785//8963 1786//8963 1787//8963
f 1972//8964 1546//8964 304//8964
f 1254//8965 876//8965 875//8965
f 1973//8966 341//8966 342//8966
f 321//8967 1912//8967 1973//8967
f 1910//8968 277//8968 275//8968
f 509//8969 1973//8969 514//8969
f 1486//8970 1507//8970 1527//8970
f 1974//8971 1874//8971 804//8971
f 1977//8972 1976//8972 1974//8972
f 1980//8973 448//8973 1966//8973
f 379//8974 1//8974 2//8974
f 1718//8975 1715//8975 1710//8975
f 884//8976 995//8976 992//8976
f 1680//4772 1684//4774 1678//8977
f 902//8978 990//8978 525//8978
f 344//8979 255//8979 256//8979
f 135//8980 138//698 137//697
f 448//8981 446//8981 1967//8981
f 589//8982 605//8982 604//8982
f 910//8983 909//8983 908//8983
f 1981//8984 1966//8984 1968//8984
f 1982//8985 1981//8985 1987//8985
f 1988//8986 1979//8986 1987//8986
f 1990//8987 1988//8987 1989//8987
f 1991//8988 1989//8988 1993//8988
f 322//8989 321//8989 320//8989
f 992//8990 828//8990 830//8990
f 1144//1354 1076//8991 1086//1355
f 1995//8992 1977//8992 1978//8992
f 1133//8993 1129//8993 1118//8993
f 1997//8994 1995//8995 1994//8996
f 870//8997 1823//8997 1335//8997
f 805//8998 806//8998 1982//8998
f 727//8999 184//8999 2000//8999
f 1996//9000 1994//9000 1988//9000
f 1994//9001 1978//9001 1979//9001
f 1829//9002 616//9002 792//9002
f 1830//9003 1073//8428 941//8427
f 798//9004 803//1010 800//1012
f 729//9005 732//9005 731//9005
f 2011//9006 2012//9006 2023//9006
f 1834//9007 1835//9007 846//9007
f 402//9008 283//9008 284//9008
f 2022//1376 2023//9009 2024//1377
f 1838//9010 718//9010 989//9010
f 810//9011 955//9011 952//9011
f 1823//9012 1839//9012 1840//9012
f 1430//9013 1426//9013 1432//9013
f 1215//9014 844//9014 1841//9014
f 1316//9015 1208//9015 873//9015
f 2112//9016 1401//9016 1384//9016
f 1842//9017 1843//9017 1844//9017
f 1159//9018 846//9018 845//9018
f 837//9019 27//9019 1846//9019
f 1971//9020 1951//9020 2030//9020
f 517//9021 369//9021 370//9021
f 1471//9022 2026//9022 2027//9022
f 3551//3330 3525//3330 626//9023
f 2174//9024 2175//9024 770//9024
f 935//9025 934//9025 1854//9025
f 1613//9026 1619//9026 1611//9026
f 1231//9027 1228//9027 1225//9027
f 1856//9028 1857//9028 891//9028
f 1300//9029 1309//9029 748//9029
f 1150//9030 1149//9030 1858//9030
f 1643//9031 606//9031 696//9031
f 1215//9032 1265//9032 1264//9032
f 1320//9033 1860//9033 902//9033
f 1956//9034 1943//9034 1944//9034
f 2031//1653 668//1652 669//9035
f 2034//9036 1325//9036 1310//9036
f 1879//9037 1880//9037 1656//9037
f 40//9038 245//9038 242//9038
f 1992//9039 1993//9039 2039//9039
f 888//1414 958//9040 957//1415
f 1882//9041 1889//9041 1996//9041
f 1078//9042 1138//9042 1255//9042
f 1871//9043 912//9043 1192//9043
f 294//9044 411//9044 218//9044
f 1323//1421 2041//9045 2026//1422
f 123//9046 1960//9046 83//9046
f 1324//9047 2036//9047 2041//9047
f 384//9048 358//9048 359//9048
f 1324//9049 1325//9049 2038//9049
f 1883//9050 1884//9050 1885//9050
f 287//9051 1540//9051 114//9051
f 1096//9052 1886//2584 1134//2337
f 915//9053 1329//9053 931//9053
f 806//9054 1980//9054 1981//9054
f 3533//9055 3529//9055 584//9055
f 1425//9056 2030//9056 2042//9056
f 1018//9057 2042//9057 1948//9057
f 3562//9058 1896//9058 740//9058
f 1948//1437 2042//9059 649//1438
f 1881//9060 1882//9060 1990//9060
f 1900//9061 129//9061 130//9061
f 992//9062 995//8893 994//8892
f 923//9063 927//9063 925//9063
f 3878//9064 2045//9064 2047//9064
f 1643//9065 2048//9065 625//9065
f 2050//9066 2052//9066 2051//9066
f 2045//9067 1405//9067 1404//9067
f 3876//9068 2047//9068 945//9068
f 1139//9069 1080//9069 1079//9069
f 1037//9070 1856//9070 892//9070
f 2055//9071 2053//9071 2057//9071
f 1198//9072 989//9072 718//9072
f 1619//9073 2058//9073 1612//9073
f 2058//9074 1605//9074 1606//9074
f 2059//9075 2060//9075 1607//9075
f 2058//9076 1619//9076 1624//9076
f 71//9077 72//9077 179//9077
f 405//9078 406//9078 1557//9078
f 322//9079 1548//9079 1972//9079
f 2061//9080 2052//9080 2063//9080
f 2066//9081 2065//9081 2067//9081
f 2052//9082 2061//9082 2064//9082
f 1609//9083 1610//9083 2066//9083
f 1515//9084 151//9084 152//9084
f 1009//9085 827//9085 993//9085
f 1644//9086 3843//9086 3815//9086
f 279//9087 1915//9087 1916//9087
f 1285//9088 3863//9088 3862//9088
f 1647//9089 2066//9089 1825//9089
f 2056//9090 2057//9090 2067//9090
f 319//1352 320//1351 1953//9091
f 667//9092 666//9092 1913//9092
f 2070//9093 631//9093 625//9093
f 2052//9094 2050//9094 2055//9094
f 2038//9095 1654//9095 1655//9095
f 1606//9096 1601//9096 2073//9096
f 1235//9097 1917//9097 1270//9097
f 2072//9098 2073//9098 2075//9098
f 2059//9099 1606//9099 2072//9099
f 2074//9100 2075//9100 2077//9100
f 1601//1490 1602//9101 2078//1491
f 2049//1527 2048//1526 1643//9102
f 1000//9103 1004//9103 1001//9103
f 1089//9104 943//9104 684//9104
f 1931//9105 1286//9105 1306//9105
f 1462//9106 1459//9106 1021//9106
f 1932//9107 1933//9107 1934//9107
f 875//9108 874//9108 1846//9108
f 1936//9109 1051//9109 1937//9109
f 44//9110 45//9110 46//9110
f 1534//9111 1955//9111 1956//9111
f 1541//9112 318//82 317//84
f 2081//9113 2082//9113 2084//9113
f 146//9114 1945//9114 1959//9114
f 1360//9115 1941//9115 1942//9115
f 985//9116 984//9116 1032//9116
f 1995//8995 1997//8994 1892//9117
f 2079//1512 2080//9118 2082//1513
f 2095//9119 2096//9119 2076//9120
f 2081//9121 2093//9121 2078//9121
f 2055//1517 2050//9122 2054//1518
f 501//9123 2096//9119 2095//9119
f 2097//9124 2100//9124 2099//9124
f 2098//9125 2099//9125 2094//9125
f 2140//9126 2141//9126 3893//9126
f 2141//9127 2046//9127 3894//9127
f 2051//9128 2070//9128 2048//9128
f 592//9129 2102//9129 2101//9129
f 2071//9130 2064//3218 2076//3217
f 2102//9131 2097//9131 2098//9131
f 593//9132 2103//9132 2102//9132
f 1019//9133 1895//9133 746//9133
f 1950//9134 11//9134 12//9134
f 725//9135 2071//9135 2096//9135
f 1385//9136 2105//9136 2104//9136
f 1379//9137 2104//9137 2106//9137
f 2107//1539 2108//8166 2100//1540
f 3908//1542 726//9138 502//1543
f 3896//1545 502//9139 499//1546
f 940//1548 1389//1558 2109//1549
f 928//9140 929//9140 1170//9140
f 3868//9141 590//9141 684//9141
f 1962//9142 1963//9142 1964//9142
f 3878//9143 680//9143 573//9143
f 2039//1555 1993//9144 1968//1556
f 1389//9145 1390//1567 2110//1569
f 1398//1911 2111//1910 2113//9146
f 3757//9147 3755//9147 3753//9147
f 3911//1562 3883//1564 2107//1563
f 949//9148 923//9148 924//9148
f 260//9149 241//9149 324//9149
f 1390//9150 1397//9150 2113//9150
f 2070//9151 2051//9151 2064//9151
f 3867//9152 3911//9152 2103//9152
f 2105//9153 1385//9153 1421//9153
f 2114//9154 1421//9154 1423//9154
f 3892//9155 2114//9155 2115//9155
f 3908//9156 2105//9156 2114//9156
f 554//9157 2116//1826 1902//1828
f 972//9158 1163//9158 967//9158
f 1765//9159 1593//9159 1573//9159
f 1984//3622 1985//3621 1986//9160
f 2053//9161 2117//9161 2069//9161
f 3573//9162 3556//4622 724//4624
f 1625//9163 1677//9163 1674//9163
f 3881//9164 3888//9164 2119//9164
f 3903//9165 2115//9165 2123//9165
f 56//9166 1954//9166 1906//9166
f 626//9167 3877//9167 3879//9167
f 2001//9168 2002//9168 2003//9168
f 3912//9169 3841//9169 2127//9169
f 2006//1591 2007//9170 2008//1592
f 2127//9171 1413//9171 1412//9171
f 2014//9172 2015//9172 2016//9172
f 2018//1596 2019//9173 2020//1597
f 1495//9174 1424//9174 1947//9174
f 1379//9175 1377//9175 1386//9175
f 3814//9176 3811//9176 1680//9176
f 2029//9177 1885//9177 1884//9177
f 3902//9178 2128//9178 2120//9178
f 629//9179 3879//9179 3914//9179
f 682//9180 683//9180 943//9180
f 724//9181 1650//9181 2121//9181
f 1757//9182 1819//9182 3821//9182
f 765//9183 1810//9183 3844//9183
f 3851//9184 714//9184 715//9184
f 706//9185 707//9185 3870//9185
f 981//1116 986//1115 987//9186
f 1457//9187 1868//9187 1656//9187
f 2017//9188 2016//9188 2032//9188
f 1458//9189 1655//9189 1868//9189
f 1776//9190 1777//9190 1792//9190
f 1959//9191 1945//9191 1946//9191
f 3663//9192 3715//9192 3725//9192
f 3913//9193 3881//9193 2122//9193
f 1093//9194 1089//9194 689//9194
f 966//9195 965//9195 968//9195
f 3852//9196 715//9196 3881//9196
f 2172//9197 3577//9197 2170//9197
f 670//9198 2138//9198 2137//9198
f 3761//9199 787//9199 1903//9199
f 1429//9200 19//9200 28//9200
f 964//9201 963//9201 978//9201
f 3841//9202 3813//4386 1413//4388
f 1473//1630 1474//9203 669//1631
f 3834//9204 3833//9204 1359//9204
f 2138//9205 798//9205 1870//9205
f 1872//9206 1473//9206 2137//9206
f 715//9207 716//9207 3888//9207
f 1881//1440 1991//1442 1992//9208
f 3843//9209 3842//9209 739//9209
f 1837//9210 1847//9210 3513//9210
f 253//9211 58//9211 59//9211
f 1808//9212 3837//1174 3840//1176
f 1647//9213 3832//9213 3818//9213
f 3865//4779 3866//4778 671//9214
f 2112//9215 3882//9215 3883//9215
f 1405//9216 2045//9216 2044//9216
f 3829//411 3824//410 1364//9217
f 273//9218 1541//9218 391//9218
f 576//9219 632//9219 3520//9219
f 3875//9220 3865//9220 668//9220
f 1430//9221 1431//9221 2140//9221
f 2136//9222 3850//9222 3860//9222
f 1430//9223 2139//9223 18//9223
f 3893//9224 3894//9224 570//9224
f 1442//9225 1439//9225 2046//9225
f 1431//9226 1442//1658 2141//1660
f 3869//9227 3913//9227 3850//9227
f 3808//9228 3823//9228 1817//9228
f 3866//9229 3893//9229 695//9229
f 2142//1672 2025//1671 798//3085
f 571//9230 2143//9230 2142//9230
f 3819//9231 3814//9231 1618//9231
f 2143//9232 2022//9232 2025//9232
f 694//1668 2142//1667 2138//9233
f 681//9234 1572//9234 2144//9234
f 2144//9235 2011//9235 2022//9235
f 328//9236 210//9236 457//9236
f 1572//9237 2010//9237 2011//9237
f 630//9238 3892//9238 3903//9238
f 2085//9239 2086//9239 2087//9239
f 2090//9240 2091//9240 2092//9240
f 572//9241 2144//9241 2143//9241
f 1875//9242 1976//9242 2153//9242
f 1873//9243 1875//9243 2149//9243
f 2103//9244 2107//9244 2097//9244
f 2157//9245 2043//9245 2155//9245
f 2128//9246 1412//9246 1414//9246
f 3874//9247 3871//9247 589//9247
f 3872//9248 3870//9248 628//9248
f 2149//1686 2153//1685 2158//9249
f 2159//9250 2158//9250 3905//9250
f 698//9251 3907//9251 3902//9251
f 3823//1696 3847//9252 3827//1697
f 2158//9253 2156//9253 3874//9253
f 1438//9254 2044//9254 2046//9254
f 2035//9255 2154//9255 2160//9255
f 2161//9256 2160//1718 3889//1720
f 3871//1715 3891//1714 605//9257
f 3873//9258 17//9258 18//9258
f 370//9259 29//9259 61//9259
f 649//9260 1951//9260 413//9260
f 2153//9261 2157//9261 2156//9261
f 1428//9262 1429//9262 1449//9262
f 1490//9263 76//9263 73//9263
f 3890//9264 3905//9264 710//9264
f 2155//9265 1891//9265 3891//9265
f 1456//9266 1457//9266 1880//9266
f 2125//9267 2088//1681 2087//1680
f 2160//9268 2159//9268 3890//9268
f 300//9269 1959//9269 505//9269
f 1064//1722 1062//9270 1046//1723
f 2043//9271 1892//9271 1891//9271
f 2129//9272 2130//9272 2004//9272
f 2131//9273 2132//9273 2133//9273
f 3848//9274 3849//9274 1450//9274
f 1998//9275 1975//9275 804//9275
f 3879//1730 673//9276 3864//1731
f 474//9277 492//9277 490//9277
f 1164//9278 1165//9278 1182//9278
f 707//9279 2162//9279 3909//9279
f 708//9280 1472//9280 2162//9280
f 2162//9281 2161//9281 3886//9281
f 548//9282 549//9282 1905//9282
f 1145//9283 1136//311 1114//311
f 705//9284 2121//9284 1650//9284
f 2043//9285 2157//4392 1977//4394
f 737//9286 738//9286 554//9286
f 1034//9287 1195//327 1191//329
f 458//9288 1905//9288 1907//9288
f 195//9289 196//9289 232//9289
f 2040//9290 2039//9290 1969//9290
f 2145//1873 2146//1872 2147//9291
f 2054//9292 2050//9292 2049//9292
f 3832//9293 1646//9293 1639//9293
f 9//9294 12//9294 11//9294
f 252//9295 364//9295 506//9295
f 472//9296 478//9296 479//9296
f 1865//9297 3924//9297 3791//9297
f 900//8081 903//8080 910//9298
f 1941//9299 2150//9299 2151//9299
f 1921//9300 1928//9300 1927//9300
f 2163//9301 1897//9301 1898//9301
f 271//9302 156//9302 153//9302
f 1904//9303 1326//9303 12//9303
f 282//9304 263//9304 264//9304
f 1872//1761 1873//9305 2154//1762
f 1326//9306 1904//9306 1897//9306
f 628//9307 692//9307 693//9307
f 1724//9308 1722//9308 1719//9308
f 1549//9309 1562//9309 436//9309
f 1582//9310 1583//9310 1730//9310
f 1921//9311 1920//9311 1929//9311
f 3563//9312 3511//9312 10//9312
f 2152//9313 2037//9313 1950//9313
f 475//9314 772//9314 774//9314
f 769//9315 2172//9315 2171//9315
f 2171//9316 2165//9316 476//9316
f 476//9317 773//9317 772//9317
f 1791//9318 565//9318 464//9318
f 2166//9319 2167//9319 2168//9319
f 595//9320 371//9320 372//9320
f 483//9321 1809//9321 1641//9321
f 762//9322 2174//9322 2173//9322
f 771//9323 483//9323 484//9323
f 486//9324 487//9324 1809//9324
f 297//9325 1549//9325 1517//9325
f 763//9326 2175//9326 2174//9326
f 776//9327 755//9327 759//9327
f 184//9328 185//9328 2176//9328
f 412//9329 447//9329 303//9329
f 2005//9330 2176//9330 185//9330
f 3811//9331 1681//9331 1682//9331
f 2164//9332 2170//9332 756//9332
f 1472//1793 2035//3154 2161//1794
f 950//9333 951//9333 964//9333
f 2177//9334 2178//9334 2179//9334
f 227//9335 226//9335 1510//9335
f 2182//9336 2183//3572 2184//3574
f 2186//9337 2019//9337 2018//9337
f 1985//9338 2182//9338 2181//9338
f 214//9339 736//9339 729//9339
f 865//9340 849//9340 842//9340
f 849//9341 865//9341 1357//9341
f 559//9342 3187//9342 3188//9342
f 16//9343 13//9343 737//9343
f 560//9344 553//9344 498//9344
f 3193//9345 3196//9345 3195//9345
f 3200//9346 3197//9346 3198//9346
f 3211//9347 3214//9347 3213//9347
f 3215//9348 3218//9348 3217//9348
f 2187//9349 2188//9349 2002//9349
f 2169//9350 2168//9350 2189//9350
f 2192//9351 2086//9351 2085//9351
f 2193//9352 2194//9352 2195//9352
f 2198//9353 2199//9353 2200//9353
f 1998//9354 1982//9354 1979//9354
f 3664//9355 3665//9355 3668//9355
f 2116//9356 1898//9356 1903//9356
f 1859//9357 2006//9357 2009//9357
f 3904//9358 2123//9358 2126//9358
f 1135//2326 1148//2328 1087//9359
f 2201//9360 2202//9360 2015//9360
f 1149//9361 111//9361 110//9361
f 3221//9362 3222//9362 3218//9362
f 2203//9363 2204//9363 2205//9363
f 579//9364 580//9364 1895//9364
f 1755//9365 2207//9365 2208//9365
f 3891//9366 3910//9366 1893//9366
f 1211//1839 2151//9367 2150//1840
f 868//9368 997//9368 2210//9368
f 944//9369 945//2562 930//2561
f 2130//9370 2129//9370 2202//9370
f 233//9371 1903//9371 1898//9371
f 665//9372 751//9372 750//9372
f 1167//9373 1254//9373 999//9373
f 2211//9374 2212//9374 2213//9374
f 2215//9375 2216//9375 2217//9375
f 3867//1571 593//1573 590//9376
f 2220//9377 221//9377 220//9377
f 823//9378 824//9378 948//9378
f 3225//9379 3220//9379 3227//9379
f 266//9380 204//9380 455//9380
f 3882//9381 2108//9381 2107//9381
f 2221//9382 2222//9382 3519//9382
f 2223//9383 2224//9383 2225//9383
f 2207//9384 2125//9384 2124//9384
f 673//9385 674//9385 3869//9385
f 817//9386 1000//9386 996//9386
f 2227//9387 2228//9387 2146//9387
f 1947//9388 1948//9388 646//9388
f 3900//9389 2135//9389 17//9389
f 2229//9390 1635//9390 1638//9390
f 1679//9391 1613//9391 1618//9391
f 1637//9392 2231//9392 2232//9392
f 2233//9393 2234//9393 1617//9393
f 2231//9394 2235//9394 2236//9394
f 1381//9395 1638//9395 2238//9395
f 3586//1882 2241//9396 2242//1883
f 1630//9397 2234//9397 2233//9397
f 1681//9398 1626//9398 472//9398
f 1408//9399 1407//9399 2243//9399
f 3236//9400 3239//9400 3238//9400
f 3232//9401 3241//9401 3240//9401
f 1637//9402 2230//9402 2238//9402
f 3237//9403 3238//9403 3233//9403
f 1409//9404 1408//9404 1634//9404
f 1380//9405 1383//9405 2247//9405
f 1628//9406 2248//9406 2245//9406
f 2249//9407 1623//9407 1622//9407
f 1632//9408 1634//9408 1408//9408
f 2248//9409 1628//9409 1631//9409
f 2235//9410 2231//9410 1637//9410
f 3245//9411 3246//9411 3199//9411
f 631//9412 2070//9412 2071//9412
f 515//9413 167//9413 52//9413
f 782//9414 781//9414 2251//9414
f 2253//9415 2254//9415 2255//9415
f 397//9416 281//9416 459//9416
f 1456//9417 2039//9417 2040//9417
f 2040//9418 2041//9418 2036//9418
f 1401//9419 2112//9419 2111//9419
f 2041//9420 2040//9420 1970//9420
f 1535//9421 121//9421 414//9421
f 1586//9422 1587//9422 2080//9422
f 2256//9423 983//9423 1132//9423
f 1700//9424 1699//1033 3918//1035
f 3815//9425 1896//9425 1686//9425
f 1263//9426 2256//9426 1886//9426
f 598//9427 1841//9427 844//9427
f 2257//9428 2258//9428 2259//9428
f 2258//9429 2261//9430 2262//9431
f 2259//1927 2262//1926 2263//9432
f 2260//9433 2259//9433 2216//9433
f 1967//9434 1971//9434 1970//9434
f 2212//9435 1964//9435 1963//9435
f 922//9436 921//9436 2218//9436
f 1312//9437 1098//9437 1101//9437
f 1307//9438 1306//9438 1286//9438
f 1548//9439 1569//9439 1546//9439
f 2266//9440 2267//9440 2268//9440
f 2265//9441 2268//9441 2270//9441
f 2272//9442 2265//9442 2269//9442
f 2273//9443 2266//9443 2265//9443
f 2275//9444 2276//9444 2277//9444
f 2278//9445 2274//9445 2277//9445
f 2284//9446 2285//9446 3617//9446
f 2287//9447 2283//9447 2286//9447
f 2288//9448 2289//9448 2283//9448
f 2290//9449 2284//9449 3639//9449
f 2291//9450 2292//9450 2293//9450
f 2295//9451 2291//9451 2294//9451
f 2296//9452 2297//9452 2291//9452
f 2297//9453 2298//9453 2292//9453
f 2294//9454 2293//9454 2299//9454
f 2279//9455 2294//9455 2300//9455
f 2298//9456 2301//9456 2302//9456
f 2292//9457 2302//1958 2303//1960
f 2293//9458 2303//9458 2304//9458
f 2304//9459 2305//9459 2306//9459
f 2308//9460 2309//9460 2310//9460
f 2302//9461 2307//9461 2310//9461
f 2301//9462 2311//9462 2307//9462
f 2312//9463 2308//9463 2307//9463
f 2313//9464 2314//9464 2315//9464
f 2318//9465 2319//9465 2320//9465
f 3748//4754 3771//4753 2322//9466
f 2324//9467 2325//9467 2273//9467
f 2313//9468 2324//1968 2326//1970
f 2328//9469 2324//9469 2313//9469
f 2329//9470 2325//9470 2324//9470
f 2331//1986 2332//1988 2333//9471
f 2330//9472 2333//9472 2267//9472
f 2325//1976 2330//9473 2266//1977
f 2329//9474 2331//9474 2330//9474
f 2333//9475 2334//9475 2335//9475
f 2336//9476 2334//9476 2333//9476
f 2338//1984 2336//1981 2332//1983
f 2331//9477 2339//9477 2337//9477
f 2329//1992 2340//1991 2339//9478
f 2328//9479 2341//9479 2340//9479
f 2316//9480 2342//9480 2341//9480
f 2342//9481 2316//9481 2315//9481
f 2344//2002 2345//2001 2346//9482
f 2341//1996 2344//9483 2347//1997
f 2342//9484 2348//9484 2344//9484
f 2348//9485 2349//9485 2345//9485
f 2350//9486 2351//9487 2352//9488
f 2339//9489 2350//9489 2353//9489
f 2340//9490 2347//9490 2350//9490
f 2347//9491 2346//9491 2351//9491
f 2337//9492 2353//9492 2354//9492
f 2353//9493 2352//9493 2355//9493
f 2356//9494 2277//9494 2276//9494
f 2356//9495 2357//9495 2358//9495
f 2356//9496 2359//9496 2296//9496
f 2279//9497 2277//9497 2356//9497
f 2360//9498 2361//9498 2270//9498
f 2267//9499 2335//9499 2360//9499
f 2362//2015 2363//9500 2364//2016
f 2362//9501 2365//9501 2361//9501
f 2366//9502 2362//9502 2358//9502
f 2366//2022 2367//9503 2363//2023
f 2357//9504 2276//9504 2368//9504
f 2366//2026 2368//9505 2369//2027
f 2276//2029 2275//9506 2370//2030
f 2368//9507 2370//9507 2282//9507
f 2372//9508 2373//9508 2374//9508
f 2375//9509 2376//9509 2377//9509
f 2378//2035 2379//9510 2380//2036
f 2382//2041 2378//2040 2381//9511
f 2384//9512 2385//9512 2378//9512
f 2385//9513 2386//9513 2379//9513
f 2388//9514 2389//9514 2390//9514
f 2387//9515 2390//9515 2392//9515
f 2393//2045 2394//9516 2387//2046
f 2394//9517 2395//9517 2388//9517
f 2186//2049 2401//9518 2402//2050
f 2403//9519 2404//9519 2327//9519
f 2272//9520 2403//2052 2326//2054
f 2271//9521 2405//2057 2403//2059
f 2405//9522 2406//9522 2404//9522
f 2404//9523 2407//9523 2408//9523
f 2409//9524 2410//9524 2411//9524
f 2409//9525 2412//9525 2271//9525
f 2413//9526 2409//9526 2269//9526
f 2413//9527 2414//9527 2410//9527
f 2417//9528 2415//9528 2416//9528
f 2417//2065 2418//2067 2406//9529
f 2412//9530 2417//9530 2405//9530
f 2411//9531 2415//9531 2417//9531
f 2406//9532 2419//9532 2407//9532
f 3569//9533 3520//9533 632//9533
f 2420//9534 2398//9534 2397//9534
f 2420//9535 2421//9535 2423//9535
f 2424//9536 2420//9536 2422//9536
f 2424//9537 2399//9537 2398//9537
f 2425//9538 2391//9538 2392//9538
f 2421//9539 2425//9539 2426//9539
f 2397//9540 2396//9540 2425//9540
f 2396//9541 2393//9541 2391//9541
f 2427//9542 2314//9542 2408//9542
f 2430//9543 2427//9543 2428//9543
f 2343//9544 2315//9544 2427//9544
f 2432//3521 2343//3520 2430//9545
f 2431//9546 2430//9546 2429//9546
f 2435//2090 2431//2089 2433//9547
f 2436//9548 2432//9548 2431//9548
f 2428//9549 2408//9549 2407//9549
f 2422//9550 2437//9550 2407//9550
f 2438//9551 2437//9551 2422//9551
f 2429//9552 2428//9552 2437//9552
f 2440//9553 2434//9553 2433//9553
f 2441//9554 2439//9554 2433//9554
f 2442//9555 2443//9555 2439//9555
f 2443//2101 2444//2100 2440//2297
f 2445//9556 2446//9556 2444//9556
f 2447//9557 2445//9557 2443//9557
f 2383//9558 2381//9558 2445//9558
f 2381//9559 2380//9559 2446//9559
f 2448//9560 2438//9560 2423//9560
f 2449//9561 2448//9561 2426//9561
f 2441//9562 2448//9562 2449//9562
f 2441//9563 2429//9563 2438//9563
f 2449//9564 2392//9564 2390//9564
f 2450//9565 2390//9565 2389//9565
f 2447//9566 2450//9566 2451//9566
f 2442//9567 2449//9567 2450//9567
f 2451//2113 2389//9568 2453//2114
f 2452//9569 2453//9569 2455//9569
f 2382//9570 2452//9570 2454//9570
f 2383//9571 2451//9571 2452//9571
f 2456//9572 2457//2311 2373//2313
f 2459//9573 2460//9573 2461//9573
f 2463//2146 2464//2145 2465//9574
f 2462//9575 2465//9575 2285//9575
f 2466//9576 2462//9576 2284//9576
f 2467//9577 2463//9577 2462//9577
f 2461//9578 2460//9578 3703//9578
f 2468//9579 2469//9579 2470//9579
f 2472//9580 2468//2126 2471//2128
f 2474//9581 2461//9581 3701//9581
f 2475//9582 2476//9582 2477//9582
f 2458//9583 2455//9583 2453//9583
f 2479//2133 2453//9584 2389//2134
f 2395//2136 2480//9585 2479//2137
f 2480//2139 2459//9586 2458//2140
f 2481//9587 2482//3360 2483//3362
f 2484//9588 113//9588 2485//9588
f 2471//9589 2470//9589 2464//9589
f 2473//9590 2471//9590 2463//9590
f 2487//9591 2467//9591 2466//9591
f 2486//9592 2466//9592 2290//9592
f 2490//9593 2486//9593 2488//9593
f 2491//9594 2487//9594 2486//9594
f 2492//9595 2473//9595 2467//9595
f 2493//9596 2492//9596 2487//9596
f 2494//9597 2495//9597 2492//9597
f 2495//9598 2472//9598 2473//9598
f 3690//9599 2496//9599 2474//9599
f 3691//9600 2497//9600 2496//9600
f 2498//9601 2494//9601 2493//9601
f 2500//9602 2498//9602 2499//9602
f 3700//9603 3687//9603 2498//9603
f 3687//9604 3691//9604 2494//9604
f 2306//9605 2504//9605 2278//9605
f 2305//9606 2505//9606 2504//9606
f 2504//9607 2505//9607 2507//9607
f 2506//9608 2507//9608 2288//9608
f 2274//9609 2506//9609 2508//9609
f 2278//9610 2504//9610 2506//9610
f 3633//9611 3632//9611 2489//9611
f 3620//9612 3633//9612 2488//9612
f 2507//9613 2509//9613 2289//9613
f 2505//9614 2510//9614 2509//9614
f 2508//9615 2288//9615 2287//9615
f 2511//9616 2287//9616 2281//9616
f 2370//9617 2511//9617 2280//9617
f 2275//9618 2508//9618 2511//9618
f 2512//9619 2490//9619 2489//9619
f 2514//9620 2512//9620 2513//9621
f 2517//9622 2512//9620 2514//9620
f 2517//9623 2491//9623 2490//9623
f 2499//9624 2493//9624 2491//9624
f 2499//2181 2517//9625 2516//2182
f 2510//9626 2505//9626 2519//9626
f 2518//2187 2519//9627 2521//2188
f 3616//9628 2518//9628 2520//9628
f 3632//9629 2510//2184 2518//2186
f 2522//9630 2304//9630 2303//9630
f 2523//2195 2522//2192 2310//2194
f 2305//9631 2304//9631 2522//9631
f 2524//9632 2522//9632 2523//9632
f 2519//9633 2524//9633 2525//9633
f 2505//9634 2305//2197 2524//2199
f 2308//9635 2312//9635 2527//9635
f 2526//9636 2527//9636 2529//9636
f 2531//9637 2526//9637 2528//9637
f 2309//9638 2308//9638 2526//9638
f 1214//2207 2532//9639 2151//2208
f 2419//9640 2406//9640 2418//9640
f 2533//9641 2345//9641 2349//9641
f 2534//9642 2533//9642 2317//9642
f 2535//9643 2536//9643 2533//9643
f 2536//9644 2346//9644 2345//9644
f 2537//9645 2351//9645 2346//9645
f 2538//9646 2537//9646 2536//9646
f 2539//9647 2540//9647 2537//9647
f 2540//9648 2352//9488 2351//9487
f 2312//2219 2355//9649 2541//2220
f 2527//9650 2541//4353 2542//4355
f 2543//2223 2435//9651 2434//2224
f 2545//9652 2543//9652 2544//9652
f 2319//9653 2318//9653 2543//9653
f 2318//2228 2436//9654 2435//2229
f 2514//9655 2515//9655 2548//9655
f 2547//9656 2548//9656 2550//9656
f 2552//9657 2547//9657 2549//9657
f 2552//9658 2516//9658 2514//9658
f 2520//9659 2521//9659 2554//9659
f 2553//9660 2554//9660 2556//9660
f 3590//9661 2553//9661 2555//9661
f 3621//9662 2520//9662 2553//9662
f 2523//9663 2309//9663 2531//9663
f 2557//9664 2531//9664 2530//9664
f 2525//9665 2523//9665 2557//9665
f 2559//9666 2557//9666 2558//9666
f 2554//9667 2559//9667 2560//9667
f 2521//9668 2525//9668 2559//9668
f 2561//9669 2375//9669 2007//9669
f 2376//9670 2562//9670 2225//9670
f 2564//9671 2565//9672 2566//9673
f 2563//9674 2566//9674 338//9674
f 2569//9675 2563//9675 2567//9675
f 2570//9676 2564//2247 2563//2249
f 2572//9677 2573//2266 2574//2267
f 2571//9678 2574//2263 2576//2265
f 2544//9679 2571//2254 2575//2256
f 2544//9680 2434//9680 2572//9680
f 2578//9681 2570//9681 2569//9681
f 2579//9682 2577//9683 2569//9684
f 2574//9685 2577//9683 2579//9682
f 2573//2266 2578//2259 2577//2261
f 2581//9686 2582//9686 2583//9686
f 2584//9687 2580//9687 2583//9687
f 3697//9688 3675//9688 2580//9688
f 3676//9689 2581//9689 2580//9689
f 2582//9690 2516//9690 2552//9690
f 2583//9691 2552//9691 2551//9691
f 2500//9692 2501//9692 2589//9692
f 2590//9693 2588//9693 2589//9693
f 3693//9694 3695//9694 2588//9694
f 3695//9695 3700//9695 2500//9695
f 2501//9696 2516//9696 2591//9696
f 2592//2279 2593//9697 2594//2279
f 2386//9698 2385//3678 2503//3680
f 2596//9699 2379//9699 2386//9699
f 2596//9700 2374//9700 2373//9700
f 2599//2284 2596//9701 2597//2285
f 2599//9702 2380//9702 2379//9702
f 2600//2288 2446//9703 2380//2289
f 2600//9704 2599//9704 2598//9704
f 2603//9705 2600//9705 2601//9705
f 2603//9706 2444//9706 2446//9706
f 2604//9707 2603//9707 2602//9707
f 2440//9708 2604//9708 2605//9708
f 2444//9709 2603//9709 2604//9709
f 2606//9710 2582//9710 2581//9710
f 2606//9711 2607//9711 2590//9711
f 2591//9712 2516//9712 2582//9712
f 3676//9713 2587//9713 2456//9713
f 3689//9714 2456//9714 2372//9714
f 2478//9715 2477//9715 2608//9715
f 2609//9716 2610//9717 2611//9718
f 2564//9719 2570//9719 2613//9719
f 2612//9720 2613//9721 2598//9722
f 2457//9723 2612//9723 2597//9723
f 2565//9724 2564//9724 2612//9724
f 2614//9725 2613//9725 2570//9725
f 2615//9726 2614//9726 2578//9726
f 2602//9727 2601//9727 2614//9727
f 2601//9728 2598//9722 2613//9721
f 2572//9729 2434//9729 2605//9729
f 2616//9730 2605//9730 2602//9730
f 2573//9731 2572//9731 2616//9731
f 1459//9732 1016//9732 1045//9732
f 1265//9733 1215//9733 1079//9733
f 1612//9734 1608//9734 1609//9734
f 2067//9735 2057//9735 2069//9735
f 1135//9736 1109//9736 1136//9736
f 1938//9737 1937//9737 2618//9737
f 95//9738 548//9738 458//9738
f 2058//9739 1607//9739 1608//9739
f 1454//9740 1469//9740 1445//9740
f 655//9741 2620//9741 1048//9741
f 722//9742 1049//9742 2621//9742
f 1131//9743 985//9743 1033//9743
f 562//9744 1481//9744 366//9744
f 1723//9745 1719//9745 1725//9745
f 1786//9746 1123//8462 1122//8461
f 267//9747 300//9747 323//9747
f 1325//9748 2034//9748 1654//9748
f 1468//9749 1165//9749 1435//9749
f 658//2344 657//9750 529//2345
f 8//9751 532//9751 247//9751
f 382//9752 1557//9752 1559//9752
f 788//9753 619//9753 1307//9753
f 940//9754 930//9754 929//9754
f 911//9755 2622//9755 2623//9755
f 2621//9756 2620//9756 655//9756
f 2624//9757 1857//9757 2625//9757
f 998//9758 1846//9758 27//9758
f 635//9759 638//9759 2626//9759
f 2627//9760 641//9760 644//9760
f 2628//9761 2627//9761 1840//9761
f 1200//9762 1199//9762 2627//9762
f 1199//9763 1773//9763 641//9763
f 1520//9764 515//9764 49//9764
f 1452//9765 1350//9765 1349//9765
f 2630//9766 2631//9766 1859//9766
f 644//9767 643//9767 1335//9767
f 1197//9768 1198//9768 717//9768
f 2632//9769 717//9769 719//9769
f 2628//9770 2632//9770 1166//9770
f 2629//9771 1197//9771 2632//9771
f 1762//9772 2633//9772 1050//9772
f 1823//9773 870//9773 873//9773
f 2634//9774 2635//9774 794//9774
f 1042//2374 794//9775 2635//2375
f 93//9776 94//9776 1901//9776
f 2036//2378 2038//9777 1458//2379
f 1527//9778 332//9778 1525//9778
f 877//9779 876//9779 1274//9779
f 134//9780 409//9780 797//9780
f 1328//9781 893//9781 931//9781
f 607//9782 777//9782 1091//9782
f 1043//9783 2635//9783 2637//9783
f 2636//9784 2637//9784 2639//9784
f 1275//9785 2636//9785 2638//9785
f 1275//2389 1040//9786 1043//2390
f 1272//9787 2624//9787 2626//9787
f 2640//9788 2626//9788 638//9788
f 1110//9789 2641//9789 2640//9789
f 536//9790 1272//9790 2640//9790
f 1472//9791 708//9791 1474//9791
f 2042//9792 2030//9792 1951//9792
f 1058//9793 1106//9793 1105//9793
f 2642//9794 2623//9794 2643//9794
f 1192//9795 2642//2399 2644//2401
f 912//9796 2623//9796 2642//9796
f 3898//9797 1657//9797 3526//9797
f 1049//9798 1048//9798 2620//9798
f 616//9799 1829//9799 1885//9799
f 1331//9800 1913//9800 666//9800
f 990//9801 989//9801 1198//9801
f 1911//9802 1912//9802 321//9802
f 1298//2410 1282//9803 1205//2411
f 76//9804 1490//9804 1504//9804
f 1502//2414 1500//9805 421//2415
f 610//9806 609//9806 658//9806
f 1146//9807 937//9807 659//9807
f 2646//2483 911//2482 914//9808
f 1280//9809 1239//9809 1238//9809
f 1453//9810 1454//9810 1452//9810
f 835//9811 942//9811 1843//9811
f 1271//9812 1270//9812 1173//9812
f 1893//9813 1878//9813 1826//9813
f 1050//9814 2633//9814 1937//9814
f 2651//9815 2652//9815 814//9815
f 1006//9816 1053//9816 1281//9816
f 2653//9817 1084//9817 2654//9817
f 1001//2433 1004//9818 1003//2434
f 585//9819 997//9819 679//9819
f 2624//9820 1272//9820 621//9820
f 555//9821 678//9821 2028//9821
f 1207//9822 526//9822 1197//9822
f 1626//9823 1627//9823 478//9823
f 426//9824 389//9824 419//9824
f 1030//9825 1193//9825 1773//9825
f 3898//9826 645//9826 634//9826
f 534//9827 1533//9827 138//9827
f 1125//2449 1092//9828 1042//2450
f 333//9829 228//9829 88//9829
f 569//9830 1570//9830 561//9830
f 1489//9831 2656//9831 871//9831
f 1857//9832 2624//9832 620//9832
f 1673//9833 1674//9833 3770//9833
f 622//9834 861//9834 864//9834
f 619//9835 788//9835 891//9835
f 261//9836 544//9836 545//9836
f 393//9837 1555//9837 1556//9837
f 2658//9838 2659//9838 2647//9838
f 1075//9839 2658//9839 2657//9839
f 1081//9840 1080//9840 2658//9840
f 1080//9841 1139//9841 2659//9841
f 2644//9842 2643//2597 1141//2599
f 2660//9843 1141//9843 1140//9843
f 642//9844 2660//9844 1336//9844
f 1193//9845 2644//9845 2660//9845
f 679//9846 678//9846 555//9846
f 1503//9847 1501//9847 1500//9847
f 1318//9848 1317//9848 1101//9848
f 2661//9849 2659//9849 1139//9849
f 2661//9850 1142//9850 2663//9850
f 2662//9851 2647//9851 2659//9851
f 2662//9852 2663//9852 2622//9852
f 2664//9853 2622//9853 911//9853
f 2648//9854 2664//9854 2646//9854
f 2648//2485 2647//9855 2662//2478
f 2083//9856 2094//1238 2093//1240
f 1442//9857 1440//9857 1437//9857
f 519//9858 329//9858 330//9858
f 1885//9859 2029//9859 1209//9859
f 799//9860 800//9860 805//9860
f 1946//9861 1943//9861 1952//9861
f 1302//9862 1301//9862 1253//9862
f 566//9863 2005//9863 224//9863
f 1389//9864 940//9864 928//9864
f 683//9865 682//9865 681//9865
f 836//9866 835//9866 1842//9866
f 2665//9867 1842//9867 1845//9867
f 2666//2498 2665//9868 1303//2499
f 24//9869 836//9869 2665//9869
f 831//2502 1072//9870 2650//2503
f 1845//9871 1844//9871 1304//9871
f 2010//9872 2013//9872 2012//9872
f 1051//9873 1936//9873 2667//9873
f 1522//9874 1521//9874 1511//9874
f 531//9875 440//7987 441//7986
f 1250//9876 635//9876 2625//9876
f 2669//9877 2625//9877 1857//9877
f 783//9878 2669//9878 1856//9878
f 782//9879 1250//9879 2669//9879
f 720//9880 2670//9880 2671//9880
f 1055//9881 1931//9881 1930//9881
f 1333//9882 1067//9882 1251//9882
f 619//9883 622//9883 1308//9883
f 652//9884 655//9884 2619//9884
f 521//9885 522//9885 1539//9885
f 1838//9886 988//9886 537//9886
f 2672//9887 537//9887 536//9887
f 1113//9888 2672//9888 2641//9888
f 1113//9889 527//9889 1838//9889
f 1016//9890 1013//9890 1351//9890
f 3897//9891 573//9891 570//9891
f 226//9892 227//9892 104//9892
f 3564//9893 3669//9893 3827//9893
f 1036//9894 1037//9894 1884//9894
f 2674//2534 1301//9895 1304//2535
f 2673//9896 1304//9896 1844//9896
f 1334//9897 2673//9897 2675//9897
f 1333//9898 2674//9898 2673//9898
f 2676//9899 702//9899 1039//9899
f 1843//9900 2676//9900 2675//9900
f 942//9901 1074//9901 2676//9901
f 1074//9902 699//9902 702//9902
f 752//9903 1057//9903 1055//9903
f 1200//9904 1166//9904 656//9904
f 1120//9905 1846//9905 874//9905
f 2677//9906 874//9906 877//9906
f 1241//9907 2677//9907 1052//9907
f 1119//9908 1120//9908 2677//9908
f 1560//9909 1513//9909 151//9909
f 1208//9910 1316//9910 611//9910
f 215//9911 735//9911 736//9911
f 1460//9912 1459//9912 1462//9912
f 1208//9913 1207//9913 1839//9913
f 854//9914 856//9914 1282//9914
f 72//9915 445//9915 182//9915
f 544//9916 1563//9916 1565//9916
f 217//9917 200//9917 456//9917
f 2047//9918 1404//8237 930//8236
f 1204//9919 2618//9919 1937//9919
f 913//9920 777//9920 686//9920
f 840//9921 527//9921 1113//9921
f 1531//9922 729//9922 730//9922
f 2678//9923 778//9923 1283//9923
f 601//9924 667//9924 1914//9924
f 1537//9925 1538//9925 459//9925
f 1819//2572 1757//9926 3509//2573
f 991//9927 1860//9927 862//9927
f 2679//9928 711//9928 1073//9928
f 2680//9929 1830//9929 983//9929
f 779//9930 2680//9930 2256//9930
f 778//9931 2678//9931 2680//9931
f 2678//2580 2679//9932 1830//2581
f 180//9933 542//9933 245//9933
f 1886//9934 1132//9934 1131//9934
f 1138//9935 1137//9935 1274//9935
f 1841//2586 598//9936 1140//2587
f 75//9937 313//9937 314//9937
f 193//9938 423//9938 420//9938
f 2681//9939 2682//9939 1099//9939
f 170//9940 1567//9940 1565//9940
f 349//9941 416//9941 417//9941
f 1121//9942 1124//9942 2684//9942
f 547//9943 797//9943 409//9943
f 123//9944 122//9944 121//9944
f 2643//9945 2663//9945 1142//9945
f 1542//9946 1544//9946 513//9946
f 899//9947 900//9947 907//9947
f 1210//9948 677//9948 676//9948
f 791//9949 663//9949 982//9949
f 24//9950 27//9950 837//9950
f 893//9951 896//9951 932//9951
f 1860//9952 1320//9952 863//9952
f 535//9953 538//9953 862//9953
f 1569//9954 1548//9954 1547//9954
f 181//9955 455//9955 542//9955
f 660//9956 659//9956 937//9956
f 2013//9957 567//9957 568//9957
f 887//9958 890//9958 2631//9958
f 1524//9959 1508//9959 361//9959
f 520//9960 161//9960 162//9960
f 2653//9961 855//9961 854//9961
f 1238//9962 1237//9962 2655//9962
f 718//9963 1838//9963 527//9963
f 1492//9964 1493//9964 518//9964
f 792//9965 616//9965 615//9965
f 599//9966 846//9966 1835//9966
f 290//9967 457//9967 456//9967
f 312//9968 171//9968 1552//9968
f 1248//9969 2687//9969 1179//9969
f 153//9970 149//9970 177//9970
f 1240//9971 1181//9971 1222//9971
f 1257//9972 1292//9972 1235//9972
f 1291//9973 1084//9973 1083//9973
f 1052//9974 877//9974 1277//9974
f 743//9975 742//9975 2618//9975
f 444//9976 140//9976 430//9976
f 23//9977 1224//9977 1172//9977
f 2687//9978 2654//9978 1180//9978
f 102//9979 103//9979 409//9979
f 1283//9980 607//9980 610//9980
f 373//9981 497//9981 650//9981
f 1180//9982 2654//9982 1084//9982
f 855//9983 2653//9983 2655//9983
f 1173//9984 1270//9984 1917//9984
f 2689//9985 850//9985 853//9985
f 2688//9986 853//9986 1108//9986
f 2686//9987 2688//9987 1279//9987
f 2687//9988 2689//9988 2688//9988
f 2691//9989 1302//9989 1252//9989
f 2690//2647 1252//2646 850//9990
f 1248//9991 2690//9991 2689//9991
f 1248//9992 1247//9992 2691//9992
f 2692//9993 617//9993 24//9993
f 2691//9994 2692//9994 2666//9994
f 1247//9995 1258//9995 2692//9995
f 1258//9996 1168//9996 617//9996
f 394//9997 1554//9997 1555//9997
f 2693//9998 1260//9998 1259//9998
f 1072//9999 1236//9999 1262//9999
f 1257//10000 1071//10000 1168//10000
f 398//10001 439//10001 1555//10001
f 871//10002 1784//10002 1314//10002
f 1178//10003 1232//10003 1249//10003
f 1224//10004 1289//10004 1173//10004
f 1010//10005 2617//10005 2618//10005
f 1175//10006 1174//10006 1292//10006
f 2654//10007 2687//10007 2686//10007
f 2694//10008 1157//10008 1216//10008
f 71//10009 418//10009 1487//10009
f 701//10010 1112//10010 1111//10010
f 1072//10011 1261//10011 2649//10011
f 1085//10012 2695//10012 22//10012
f 895//10013 2694//10013 1264//10013
f 1601//10014 1606//10014 1605//10014
f 1259//10015 1262//10015 1271//10015
f 21//10016 20//10016 1220//10016
f 988//10017 991//10017 538//10017
f 598//10018 597//10018 1336//10018
f 1050//10019 860//10019 818//10019
f 1298//10020 2645//10020 1761//10020
f 1168//10021 1167//10021 618//10021
f 858//10022 1168//10022 1256//10022
f 39//10023 242//10023 516//10023
f 2652//2687 1761//10024 819//2688
f 313//10025 316//10025 315//10025
f 2026//10026 1970//10026 1971//10026
f 2656//10027 1489//10027 596//10027
f 814//10028 819//10028 818//10028
f 2696//10029 2651//10029 813//10029
f 1260//10030 2696//10030 2649//10030
f 2693//10031 2697//10031 2696//10031
f 2697//2697 1296//10032 2651//2698
f 381//10033 355//10033 390//10033
f 3818//10034 3819//10034 1611//10034
f 1475//10035 1427//8274 1428//8274
f 1292//10036 1174//10036 1917//10036
f 1551//10037 353//10037 354//10037
f 1526//10038 1525//10038 1523//10038
f 1593//10039 1589//10039 1595//10039
f 1232//10040 1269//10040 1246//10040
f 2695//10041 2693//10041 1223//10041
f 2698//10042 1297//10042 1296//10042
f 2698//10043 2697//10043 2693//10043
f 2685//10044 2698//10044 2695//10044
f 2685//10045 854//10045 1297//10045
f 562//10046 1497//10046 271//10046
f 2652//10047 2651//10047 1296//10047
f 1365//10048 1366//10048 1364//10048
f 1958//2716 1946//10049 1953//2717
f 585//10050 588//10050 2210//10050
f 1561//10051 1560//10051 1515//10051
f 975//10052 2648//10052 1146//10052
f 347//10053 67//10053 68//10053
f 1038//10054 1111//10054 636//10054
f 2700//10055 781//10055 780//10055
f 2699//10056 780//10056 1036//10056
f 2701//10057 2699//10057 1883//10057
f 851//10058 2700//10058 2699//10058
f 2674//10059 1333//10059 2251//10059
f 2702//10060 2251//10060 781//10060
f 1253//10061 2702//10061 2700//10061
f 1301//10062 2674//10062 2702//10062
f 1519//10063 387//10063 388//10063
f 1273//10064 1239//10064 1280//10064
f 2703//10065 1280//10065 1107//10065
f 2701//10066 2703//10066 852//10066
f 1829//10067 1273//10067 2703//10067
f 91//10068 260//10068 326//10068
f 1784//10069 871//10069 2656//10069
f 2683//10070 2684//10070 2705//10070
f 604//2740 1894//10071 3499//2741
f 1669//10072 3534//10072 3548//10072
f 2062//10073 2063//10073 2060//10073
f 621//2745 535//10074 861//2746
f 2023//10075 731//10075 732//10075
f 686//2749 779//10076 1263//2750
f 857//10077 1051//10077 2668//10077
f 883//10078 830//10078 882//10078
f 637//10079 636//10079 1111//10079
f 2668//10080 894//10080 893//10080
f 2667//10081 921//10081 894//10081
f 1039//10082 1038//10082 1068//10082
f 313//10083 75//10083 1504//10083
f 1911//10084 1972//10084 305//10084
f 1936//10085 2706//10085 1964//10085
f 2707//10086 2402//10086 2401//10086
f 2708//10087 2707//10087 2183//10087
f 738//2763 2163//10088 2116//2764
f 2349//10089 2348//10089 2432//10089
f 2711//10090 2712//10090 2020//10090
f 2400//10091 2711//10091 2019//10091
f 2714//10092 2715//10092 2716//10092
f 2717//10093 2718//10093 2719//10093
f 2721//10094 2722//10094 2723//10094
f 2726//10095 2727//10095 2728//10095
f 2725//10096 2728//10096 2730//10096
f 2731//10097 2725//10097 2729//10097
f 2732//10098 2726//10098 2725//10098
f 2734//10099 2735//10099 2736//10099
f 2738//10100 2739//10100 2740//10100
f 2737//10101 2740//10101 2741//10101
f 2744//10102 2745//10102 2746//10102
f 2745//10103 2744//10103 2748//10103
f 2749//10104 2750//10104 2747//10104
f 2753//10105 2749//10105 2751//10105
f 2250//10106 1380//10106 2246//10106
f 2754//10107 1396//10107 1614//10107
f 3598//10108 2754//10108 2755//10108
f 3608//10109 2745//10109 2747//10109
f 1617//10110 2756//10110 2755//10110
f 2242//2976 2758//2975 1620//10111
f 2191//10112 2085//10112 2760//10112
f 2761//10113 2759//10113 2760//10113
f 3648//10114 2759//10114 2761//10114
f 3623//3558 2191//3557 2759//10115
f 3209//10116 3248//10116 3223//10116
f 1395//10117 1394//10117 2236//10117
f 1395//10118 2235//10118 1636//10118
f 1616//10119 1635//10119 2229//10119
f 1617//10120 2234//10120 2763//10120
f 2756//10121 2763//10121 3628//10121
f 2765//4563 2763//4562 2234//10122
f 2766//10123 2764//10123 3628//10123
f 3202//10124 3199//10124 3246//10124
f 1516//10125 437//10125 435//10125
f 2768//10126 2769//10126 3552//10126
f 1495//2808 541//10127 578//2809
f 2135//4799 2136//4798 28//10128
f 3526//10129 3540//10129 2773//10129
f 1690//10130 1689//10130 3926//10130
f 2778//10131 2779//10131 2780//10131
f 2777//10132 2780//10132 2781//10132
f 2784//10133 2778//10133 2777//10133
f 3555//2819 3521//10134 575//2820
f 1494//10135 1904//10135 9//10135
f 3529//10136 2016//10136 2015//10136
f 451//10137 61//10137 505//10137
f 2786//10138 2787//10138 2788//10138
f 2779//10139 2786//10139 2785//10139
f 2789//10140 2752//10140 2741//10140
f 2790//10141 2753//10141 2752//10141
f 2792//10142 2793//10142 2794//10142
f 2793//10143 2795//10143 2796//10143
f 2796//10144 2797//10144 2750//10144
f 2794//10145 2796//10145 2749//10145
f 2798//10146 1393//10146 1396//10146
f 3591//10147 2798//10147 2754//10147
f 2798//10148 2799//10148 2800//10148
f 3591//10149 3662//10149 2799//10149
f 2797//10150 2796//10150 2795//10150
f 2791//10151 2794//10151 2753//10151
f 216//10152 233//10152 232//10152
f 3804//10153 2806//10153 2807//10153
f 3805//2841 2809//10154 2804//2842
f 2769//10155 2810//10155 3557//10155
f 183//10156 185//10156 184//10156
f 2811//10157 2812//10157 2775//10157
f 2804//10158 2811//10158 2776//10158
f 2809//10159 2813//10159 2811//10159
f 2812//10160 2811//10160 2813//10160
f 3805//2850 2808//10161 2816//2851
f 3796//10162 2818//10162 2815//10162
f 3798//10163 3800//10163 2820//10163
f 3793//10164 2823//10164 2819//10164
f 2824//10165 2736//10165 2735//10165
f 2823//10166 2825//10166 2824//10166
f 2825//10167 2823//10167 2826//10167
f 3793//10168 2822//10168 2827//10168
f 3796//2853 2817//10169 2826//10170
f 2713//10171 2716//10171 2829//10171
f 2828//2866 2829//10172 2831//2867
f 2822//10173 2821//10173 2828//10173
f 2821//10174 2820//10174 2713//10174
f 2832//10175 2827//10175 2822//10175
f 2833//10176 2832//10176 2830//10176
f 2834//10177 2835//10177 2832//10177
f 2835//10178 2818//10178 2827//10178
f 2837//10179 2838//10179 2839//10179
f 2836//10180 2839//10180 2841//10180
f 2842//10181 2836//10181 2840//10181
f 2843//10182 2837//10182 2836//10182
f 2840//10183 2841//10183 2845//10183
f 2718//10184 2844//10184 2845//10184
f 2730//10185 2728//10185 2844//10185
f 2727//10186 2840//10186 2844//10186
f 2846//10187 2845//10187 2841//10187
f 2829//10188 2846//10188 2847//10188
f 2847//10189 2841//10189 2839//10189
f 2848//10190 2839//10190 2838//10190
f 2833//10191 2848//10191 2849//10191
f 2831//2890 2847//10192 2848//2891
f 2850//10193 2814//10193 2851//10193
f 2853//10194 2850//10194 2852//10194
f 2783//10195 2777//2815 2782//2817
f 2785//10196 2788//10196 2853//10196
f 2780//10197 2785//10197 2856//10197
f 2857//10198 2858//10198 2855//10198
f 2859//2899 2857//10199 2782//2900
f 2861//10200 2843//10200 2842//10200
f 2860//10201 2842//10201 2727//10201
f 2862//10202 2860//10202 2726//10202
f 2863//10203 2861//10203 2860//10203
f 2861//10204 2863//10204 2858//10204
f 2843//10205 2861//10205 2857//10205
f 2856//10206 2853//10206 2854//10206
f 2781//2909 2856//10207 2864//2910
f 2837//10208 2843//10208 2859//10208
f 2838//10209 2837//10209 2864//10209
f 2852//10210 2851//10210 2834//10210
f 2854//10211 2852//10211 2849//10211
f 2865//10212 2815//10212 2818//10212
f 2851//10213 2865//10213 2835//10213
f 2813//10214 2809//10214 2815//10214
f 2814//10215 2813//10215 2865//10215
f 2866//10216 2812//10216 2814//10216
f 2788//10217 2866//10218 2850//10219
f 2866//10218 2788//10217 2787//10220
f 2812//10221 2866//10221 2867//10221
f 1892//10222 1889//10222 1890//10222
f 2720//10223 2719//10223 2846//10223
f 298//10224 299//10224 256//10224
f 2872//10225 2714//10225 2713//10225
f 3794//10226 3800//10226 2735//10226
f 2729//10227 2730//10227 2874//10227
f 2846//10228 2716//10228 2715//10228
f 2876//10229 2877//10229 2878//10229
f 2733//2780 2875//10230 2878//2932
f 3806//10231 3807//10231 2879//10231
f 3806//10232 2880//10232 2872//10232
f 2882//10233 2883//10233 2884//10233
f 2881//10234 2884//10234 2715//10234
f 2880//10235 2881//10235 2714//10235
f 2879//10236 2882//10236 2881//10236
f 2885//2939 2886//10237 2887//2940
f 2888//10238 2889//10238 2890//10238
f 2885//10239 2890//10239 2892//10239
f 2893//3011 2886//3010 2885//10240
f 1942//10241 2151//10241 2532//10241
f 2895//10242 2892//10242 2720//10242
f 2884//10243 2895//10243 2870//10243
f 2883//10244 2896//10244 2895//10244
f 2896//10245 2891//10245 2892//10245
f 2889//10246 2874//10246 2717//10246
f 2890//10247 2717//10247 2720//10247
f 2897//10248 2893//10248 2891//10248
f 2898//2953 2897//10249 2896//2954
f 2899//10250 2898//10250 2883//10250
f 2900//10251 2899//10251 2882//10251
f 3797//10252 2900//10252 2879//10252
f 2876//10253 2902//10253 2901//10253
f 2901//10254 2902//10254 2904//10254
f 1785//10255 2656//10255 1835//10255
f 2905//10256 2906//10256 2899//10256
f 2907//10257 2908//10257 2897//10257
f 3797//10258 2901//10258 2903//10258
f 632//10259 576//10259 577//10259
f 3532//10260 3547//10260 2867//10260
f 434//10261 385//10261 550//10261
f 2768//10262 2770//10262 3640//10262
f 2910//10263 2911//10263 1623//10263
f 2241//10264 2912//10264 2758//10264
f 3640//10265 2770//10265 2913//10265
f 1623//2978 2911//10266 2757//2979
f 3587//10267 2242//10267 2757//10267
f 2229//10268 1381//10268 1380//10268
f 2765//10269 1630//10269 1629//10269
f 2915//10270 2914//10270 1629//10270
f 3642//10271 3641//10271 2914//10271
f 3641//10272 3622//10272 2765//10272
f 2919//10273 2916//10273 3642//10273
f 2918//2988 2915//10274 2912//2989
f 3614//2991 2918//10275 2241//2992
f 3618//10276 2919//10276 3613//10276
f 3541//10277 2177//10277 2180//10277
f 3521//10278 2002//10278 2188//10278
f 3705//10279 3573//10279 714//10279
f 2925//10280 2766//10280 2917//10280
f 2924//10281 2917//10281 2916//10281
f 3610//10282 2924//10282 2919//10282
f 3611//10283 2925//10283 2924//10283
f 2926//10284 2927//10285 2766//10286
f 3658//10287 2926//10287 2925//10287
f 1715//10288 1713//10288 1705//10288
f 785//10289 497//10289 498//10289
f 1387//10290 651//10290 565//10290
f 374//1812 375//3836 1899//3007
f 3573//10291 2203//10291 2206//10291
f 2929//10292 2930//10292 2886//10292
f 2932//10293 2933//10293 2934//10293
f 1905//3013 1906//10294 1908//3014
f 2930//10295 2935//10295 2936//10295
f 2938//10296 2935//10296 2930//10296
f 1493//10297 369//10297 517//10297
f 1603//10298 1585//10298 1586//10298
f 2939//10299 2938//10299 2929//10299
f 2940//10300 2939//10300 2908//10300
f 3665//3022 1707//10301 1600//3023
f 2886//10302 2930//10302 2937//10302
f 2906//10303 2907//10303 2898//10303
f 2908//10304 2929//10304 2893//10304
f 2942//10305 2934//10305 2933//10305
f 2941//3029 2933//10306 2937//3030
f 3501//10307 2941//10307 2936//10307
f 3498//10308 2942//10308 2941//10308
f 2943//10309 2944//10309 2710//10309
f 2943//10310 2873//10310 2874//10310
f 2945//10311 2943//10311 2889//10311
f 2946//10312 2944//10312 2943//10312
f 2932//10313 2945//10313 2888//10313
f 2931//10314 2946//10314 2945//10314
f 727//10315 1928//10315 1929//10315
f 2903//10316 2904//10316 2947//10316
f 545//10317 594//10317 42//10317
f 1480//10318 1570//10318 533//10318
f 2907//10319 2906//10319 2949//10319
f 2906//10320 2905//10320 2950//10320
f 1558//10321 452//10321 215//10321
f 3799//10322 2903//10322 2948//10322
f 2054//10323 1645//10323 1644//10323
f 3705//10324 3684//10324 2203//10324
f 1828//10325 1837//10325 1849//10325
f 2953//10326 2954//10326 2955//10326
f 2952//3054 2955//10327 2957//3054
f 2956//10328 2261//9430 2258//9429
f 2953//10329 2952//10329 2258//10329
f 2454//10330 2455//10330 2474//10330
f 3747//10331 2958//10331 2959//10331
f 3747//10332 2132//10332 2131//10332
f 2961//3343 2962//3345 2963//10333
f 2958//10334 2963//10334 2964//10334
f 222//10335 221//10335 2485//10335
f 2477//10336 2226//10336 2966//10336
f 2631//10337 2561//10337 2006//10337
f 2384//10338 2454//10338 2496//10338
f 2967//10339 2968//10340 2959//10341
f 2968//10340 2967//10339 2970//10342
f 3759//10343 2033//10343 2971//10343
f 3784//10344 2971//10344 2960//10344
f 2972//10345 2971//10345 2033//10345
f 2007//10346 2377//10346 2973//10346
f 3560//10347 3559//10347 2134//10347
f 1836//10348 1833//10348 1832//10348
f 3506//3077 2188//10349 2090//3078
f 955//10350 810//10350 959//10350
f 672//10351 675//10351 674//10351
f 633//10352 710//10352 713//10352
f 2024//10353 732//10353 733//10353
f 2025//10354 2024//10354 803//10354
f 425//10355 1552//10355 1550//10355
f 2975//10356 2976//10356 888//10356
f 1319//10357 1158//10357 1157//10357
f 1212//10358 1935//10359 2977//10360
f 889//10361 957//3192 2228//3194
f 1978//10362 1974//10362 1975//10362
f 1138//10363 1078//10363 1329//10363
f 751//10364 665//10364 2979//10364
f 1619//10365 1613//10365 1625//10365
f 2252//10366 2255//10367 1728//10368
f 1157//10369 1160//10369 845//10369
f 2706//10370 1936//10370 1938//10370
f 2980//10371 2255//10371 2254//10371
f 2982//10372 2975//3087 887//3089
f 802//10373 712//10373 711//10373
f 678//10374 677//10374 2029//10374
f 527//10375 840//10375 690//10375
f 1839//10376 1207//10376 2629//10376
f 2983//3108 2984//10377 602//2570
f 2983//10378 1914//10378 1913//10378
f 2985//10379 2983//10379 1331//10379
f 2986//10380 2984//10380 2983//10380
f 2987//3243 2637//3242 2635//10381
f 2985//10382 2988//10382 2639//10382
f 2990//10383 1319//10383 1318//10383
f 2991//10384 2992//10384 2993//10384
f 2995//10385 2991//10385 2994//10385
f 1106//10386 1058//10386 2991//10386
f 1058//10387 1057//10387 2992//10387
f 1415//10388 1406//10388 1365//10388
f 1317//3120 922//10389 2217//3121
f 1932//10390 1728//10368 2255//10367
f 926//10391 2998//10391 2999//10391
f 3001//10392 2993//10392 2992//10392
f 3000//10393 2992//10393 1057//10393
f 2999//10394 3000//10394 2978//10394
f 2998//10395 3001//3125 3000//3127
f 3002//10396 2998//10396 2209//10396
f 3002//10397 3003//10397 2996//10397
f 2993//10398 3001//10398 3002//10398
f 1103//10399 1106//10399 2995//10399
f 3004//10400 2995//10400 2996//10400
f 2209//10401 2210//10401 3004//10401
f 588//3138 1103//10402 3004//3139
f 295//10403 296//10403 433//10403
f 2638//10404 2639//10404 2988//10404
f 3005//10405 2988//10405 1056//10405
f 1305//10406 3005//10406 1930//10406
f 1276//10407 2638//10407 3005//10407
f 1987//10408 1968//10408 1993//10408
f 2633//10409 1762//10409 1761//10409
f 1423//10410 1422//10410 1417//10410
f 3561//3149 3517//10411 739//3150
f 2671//10412 2670//10412 2704//10412
f 1473//10413 1872//10413 2035//10413
f 922//10414 1317//10414 2694//10414
f 1401//10415 1400//10415 1378//10415
f 556//10416 2028//10416 1884//10416
f 842//10417 848//10417 3825//10417
f 1854//10418 2706//10418 2617//10418
f 933//10419 1082//10419 1081//10419
f 1440//10420 1441//10420 1436//10420
f 529//10421 657//10421 719//10421
f 1031//10422 1025//10422 1027//10422
f 777//10423 913//10423 912//10423
f 2645//10424 1205//10424 1204//10424
f 441//10425 438//10425 1538//10425
f 790//10426 1287//10426 587//10426
f 2065//10427 2066//10427 1610//10427
f 1860//10428 991//10428 990//10428
f 60//10429 106//10429 87//10429
f 1424//10430 1017//10430 1948//10430
f 332//10431 1527//10431 1507//10431
f 261//10432 262//2448 138//2447
f 187//10433 188//10433 449//10433
f 1719//10434 1720//10434 1726//10434
f 1931//10435 1055//10435 1059//10435
f 3006//3181 1059//10436 1105//3182
f 1287//10437 3006//10437 1104//10437
f 1286//10438 1931//10438 3006//10438
f 3007//10439 3008//10439 3009//10439
f 3009//10440 3008//10440 653//10440
f 618//10441 999//10441 26//10441
f 2029//10442 677//10442 1210//10442
f 957//10443 601//10443 600//10443
f 1049//10444 2146//10445 2228//10446
f 2631//10447 890//10447 3011//10447
f 890//10448 889//10448 2227//10448
f 3011//10449 2227//10449 2145//10449
f 2561//10450 3011//10450 3012//10450
f 1026//10451 656//10451 609//10451
f 2706//10452 1854//10452 1961//10452
f 3013//10453 2965//10453 2485//10453
f 2148//10454 2147//10454 1267//10454
f 3015//10455 1267//10455 1266//10455
f 2997//10456 2264//10456 1101//10456
f 642//10457 641//10457 1773//10457
f 186//10458 477//10458 461//10458
f 1041//10459 1040//10459 1320//10459
f 1121//3238 3016//3238 3017//3238
f 2984//10460 2986//10460 2987//10460
f 3018//10461 2987//10461 2634//10461
f 1048//10462 603//10462 3018//10462
f 603//10463 602//10463 2984//10463
f 2679//10464 2678//10464 801//10464
f 2062//10465 2072//10465 2074//10465
f 2061//10466 2074//10466 2076//10466
f 414//10467 303//10467 1545//10467
f 3016//10468 1121//10468 2683//10468
f 3019//10469 2683//10469 2704//10469
f 3020//10470 3019//10470 2670//10470
f 3007//10471 3016//10471 3019//10471
f 1871//10472 1090//10472 1091//10472
f 3021//10473 1787//10473 1122//10473
f 3022//10474 3021//10474 3017//10474
f 1314//10475 3021//10475 3022//10475
f 1784//3228 1787//10476 3021//3229
f 1316//10477 1315//10477 1763//10477
f 3023//10478 3022//10478 3010//10478
f 3023//10479 3009//10479 795//10479
f 1763//3234 3023//10480 1092//3235
f 1315//10481 3022//10481 3023//10481
f 3016//10482 3007//3186 3010//3188
f 752//10483 751//10483 2978//10483
f 2986//10484 2639//10484 2637//10484
f 3024//10485 654//10485 653//10485
f 3020//10486 3024//10486 3008//10486
f 720//10487 723//10487 3024//10487
f 723//10488 2621//10488 654//10488
f 2681//10489 1098//10489 1268//10489
f 2671//10490 3025//10490 1268//10490
f 2705//10491 2681//10491 3025//10491
f 1313//3251 3026//10492 3027//3252
f 3026//10493 3028//10493 3029//10493
f 3027//10494 3029//10494 3030//10494
f 1311//10495 3027//10495 3031//10495
f 2012//10496 568//10496 731//10496
f 917//10497 2657//10497 974//10497
f 743//10498 1206//10498 856//10498
f 1888//10499 2027//10499 2030//10499
f 2682//3261 2705//10500 2684//3262
f 3032//10501 2684//10501 1124//10501
f 1100//10502 3032//10502 2989//10502
f 1099//10503 2682//10503 3032//10503
f 1123//10504 2990//10504 2989//10504
f 3033//10505 1834//10505 1159//10505
f 2990//10506 3033//10506 1158//10506
f 1123//10507 1786//10507 3033//10507
f 1786//10508 1785//10508 1834//10508
f 1054//10509 1056//10509 2988//10509
f 2979//10510 665//10510 664//10510
f 2623//10511 2622//10511 2663//10511
f 1095//10512 660//10512 688//10512
f 3034//10513 3035//10513 2261//10513
f 3036//10514 3034//10514 2956//10514
f 3037//3280 3038//10515 3034//3281
f 3038//10516 3039//10516 3035//10516
f 3040//10517 3041//10517 3026//10517
f 2263//3285 3042//10518 3041//3286
f 3042//3288 3039//10519 3043//3289
f 3041//10520 3043//10520 3028//10520
f 3044//10521 3045//10521 3043//10521
f 3046//10522 3047//10523 3045//10524
f 3047//10525 3048//10525 3049//10525
f 3043//10526 3045//10526 3049//10526
f 3038//10527 3037//10527 3051//10527
f 3050//10528 3051//10528 3053//10528
f 3052//10529 3046//10530 3044//10531
f 3039//10532 3038//10532 3050//10532
f 3054//10533 3035//10533 3039//10533
f 3042//10534 2263//10534 2262//10534
f 2261//10535 3035//10535 3054//10535
f 2216//10536 2263//10536 2997//10536
f 2212//3306 2211//10537 2667//3307
f 3056//10538 868//10538 2209//10538
f 934//10539 3057//10539 1961//10539
f 2013//10540 3755//10540 3757//10540
f 3058//10541 3059//10542 3060//10543
f 3059//10544 3062//10544 3063//10544
f 3060//3314 3063//10545 2213//3315
f 3061//10546 3060//10546 1963//10546
f 3063//10547 3064//10547 2214//10547
f 3062//10548 3065//10548 3064//10548
f 3065//10549 2257//10549 2260//10549
f 3064//3322 2260//3321 2215//10550
f 3066//10551 3067//10551 3031//10551
f 2608//10552 2966//10552 3067//10552
f 2966//10553 2562//10553 3068//10553
f 3031//10554 3067//10554 3068//10554
f 2455//10555 2458//10555 2461//10555
f 2476//10556 2223//10556 2226//10556
f 3551//10557 2090//10557 2089//10557
f 3526//10558 2774//4743 3769//4745
f 433//10559 354//10559 355//10559
f 2115//10560 1423//10560 1419//10560
f 3509//10561 2868//10561 2922//10561
f 3769//10562 3737//10562 2131//10562
f 3069//10563 2611//10563 2167//10563
f 2971//10564 2972//10564 2928//10564
f 2961//10565 2774//10566 2773//10567
f 3070//10568 2475//10568 2478//10568
f 2610//9717 2609//9716 3071//10569
f 2502//10570 2371//10570 2374//10570
f 3072//10571 2592//10571 2595//10571
f 2964//10572 3046//10530 3052//10529
f 3048//10573 2593//10573 3074//10573
f 2593//10574 2592//10574 3075//10574
f 3075//10575 3030//10575 3029//10575
f 3074//10576 3029//10576 3028//10576
f 3072//10577 3076//10577 3075//10577
f 3076//10578 3072//10578 2482//10578
f 2481//10579 2608//10579 3066//10579
f 3076//10580 3066//10580 3030//10580
f 2967//10581 3052//10581 3053//10581
f 2482//10582 3072//10582 3073//10582
f 479//10583 480//10583 493//10583
f 706//882 3900//10584 3873//3364
f 3561//10585 2194//10585 2221//10585
f 2013//10586 2010//10586 3754//10586
f 3533//10587 2032//10587 2016//10587
f 3562//10588 3519//10588 2222//10588
f 1171//10589 1154//10589 1155//10589
f 2586//10590 2566//9673 2565//9672
f 2982//10591 110//10591 113//10591
f 2562//10592 2376//10592 3077//10592
f 2376//3377 2375//10593 3012//3378
f 3012//10594 2145//10594 2148//10594
f 3077//3382 2148//3381 3015//10595
f 2963//10596 3047//10523 3046//10522
f 3051//10597 3078//10597 2970//10597
f 1683//10598 2173//10598 491//10598
f 3850//10599 2122//10599 1447//10599
f 1986//10600 2181//10600 3734//10600
f 3079//10601 3080//10601 2546//10601
f 3081//10602 3079//10602 2575//10602
f 1983//10603 1986//10603 3768//10603
f 3082//10604 2323//10604 2319//10604
f 3080//10605 3082//10605 2545//10605
f 3734//10606 3732//10606 3082//10606
f 3732//10607 3748//1965 2323//1967
f 1309//10608 1471//10608 1888//10608
f 3073//3399 2595//10609 2772//3400
f 2760//10610 3083//10610 3084//10610
f 2760//10611 2085//10611 2088//10611
f 3085//10612 3084//10612 3086//10612
f 3089//10613 3085//10613 3090//10613
f 3089//10614 2762//10614 3084//10614
f 3092//10615 3088//10615 3090//10615
f 3093//10616 2748//10616 2744//10616
f 2751//10617 2747//10617 2748//10617
f 3093//10618 2741//10618 2752//10618
f 2742//10619 2741//10619 3093//10619
f 3094//10620 3093//10620 2743//10620
f 3096//10621 3097//10621 3098//10621
f 3099//10622 3096//10622 3087//10622
f 3097//10623 3094//10623 3095//10623
f 3100//10624 2743//10624 2746//10624
f 3101//10625 2927//10625 3102//10625
f 2764//10626 2766//10286 2927//10285
f 2745//10627 2764//10627 3101//10627
f 3102//3423 3092//3425 3091//10628
f 3100//10629 3091//10629 3095//10629
f 2869//10630 2802//3528 3592//3530
f 3102//10631 3103//10631 3104//10631
f 3658//10632 2868//10632 2869//10632
f 2927//10633 2926//10633 3103//10633
f 3098//10634 3095//10634 3091//10634
f 3087//10635 3098//10635 3090//10635
f 2088//10636 2125//10636 3105//10636
f 3083//10637 3105//10637 3086//10637
f 2483//10638 3073//10638 2771//10638
f 2401//10639 2186//10639 2185//10639
f 3099//10640 3086//10640 3105//10640
f 2125//10641 2207//10641 3106//10641
f 3108//10642 2737//10642 2742//10642
f 3107//10643 2742//10643 3094//10643
f 3110//10644 3108//10644 3107//10644
f 3109//10645 3107//3437 3097//3439
f 3111//10646 3109//10646 3096//10646
f 3112//3443 3110//10647 3109//3444
f 3113//10648 2738//10648 2737//10648
f 3115//10649 2723//10649 2722//10649
f 3117//3448 3115//10650 3114//3448
f 3119//10651 3117//10651 3116//10651
f 3118//10652 3116//10652 3120//10652
f 3116//10653 3114//10653 3113//10653
f 3122//10654 3112//10654 3111//10654
f 3122//3453 3123//3455 1755//10655
f 3124//10656 3125//10656 3126//10656
f 3125//10657 3118//10657 3121//10657
f 3128//10658 3119//10658 3118//10658
f 3129//3466 3128//3461 3125//3463
f 2020//10659 2712//10659 3128//10659
f 3853//10660 3857//10660 1346//10660
f 1065//10661 1046//10661 1047//10661
f 1814//3469 3838//10662 3830//3470
f 2021//10663 2020//10663 3129//10663
f 3111//10664 3099//10664 3106//10664
f 3123//10665 3106//10665 2207//10665
f 2377//3475 2225//10666 2224//3476
f 3014//10667 2485//10667 113//10667
f 1756//10668 2208//10668 3782//10668
f 3131//3482 3132//10669 2530//3483
f 3133//10670 3131//10670 2528//10670
f 1753//10671 1756//3479 3767//3481
f 3134//3487 3124//10672 3127//3488
f 2327//10673 2408//10673 2314//10673
f 2436//10674 2318//10674 2317//10674
f 2018//10675 2021//10675 3711//10675
f 2534//10676 3136//10676 3137//10676
f 2320//3496 2322//4730 3136//3497
f 2185//10677 2018//10677 3712//10677
f 3138//10678 3139//10678 2542//10678
f 3134//3487 3135//3489 3744//4682
f 3785//10679 3130//10679 3134//10679
f 3140//10680 3138//10680 2539//10680
f 2535//3495 3137//3494 3140//10681
f 3711//10682 2021//10682 3130//10682
f 2558//10683 2530//10683 3132//10683
f 3782//3509 3760//10684 3141//3510
f 2560//10685 2558//10685 3141//10685
f 3760//10686 3777//10686 3142//10686
f 958//10687 888//10687 2976//10687
f 1933//10688 1932//10688 2980//10688
f 2399//10689 2424//10689 2418//10689
f 2348//10690 2342//10690 2343//10690
f 2322//10691 2320//10691 2319//10691
f 2718//10692 2717//10692 2874//10692
f 2709//10693 2729//10693 2873//10693
f 2894//10694 2871//10694 1361//10694
f 346//10695 289//10695 176//10695
f 1876//10696 1877//10696 1882//10696
f 2802//10697 2803//3538 3607//3540
f 3104//10698 3144//10698 3088//10698
f 2974//3532 2222//10699 3649//3532
f 3089//3534 3145//10700 2761//3535
f 3088//10701 3144//10701 3145//10701
f 2803//10702 2974//10702 3603//10702
f 3870//10703 3909//10703 692//10703
f 2123//10704 1419//10704 1418//10704
f 1365//10705 1363//10705 1368//10705
f 1581//10706 1766//10706 1782//10706
f 3569//10707 2202//10707 2129//10707
f 3555//3546 2003//10708 2002//3547
f 3146//10709 2585//10709 2551//10709
f 3751//10710 3146//10710 3147//10710
f 3742//10711 3149//10711 3146//10711
f 3149//3552 2584//10712 2585//3553
f 3196//10713 3198//10713 3197//10713
f 3604//10714 2192//10714 2191//10714
f 3142//10715 3150//10715 2556//10715
f 3777//10716 3778//10716 3150//10716
f 3646//10717 3152//10717 2550//10717
f 3150//3562 3151//10718 2555//3563
f 3778//10719 3780//10719 3151//10719
f 3788//10720 3781//10720 3152//10720
f 3153//10721 3147//10721 2551//10721
f 3152//10722 3153//10722 2549//10722
f 3781//10723 3776//10723 3153//10723
f 3776//10724 3750//10724 3147//10724
f 3148//10725 2767//10725 2206//10725
f 2183//10726 2401//10726 2321//10726
f 2132//10727 2960//10727 2928//10727
f 3684//10728 3685//10728 2204//10728
f 3719//3577 2198//10729 2197//3577
f 2594//10730 2962//10730 2773//10730
f 2595//10731 2594//10731 2951//10731
f 1870//10732 798//10732 799//10732
f 3713//10733 2179//10733 2178//10733
f 3706//10734 2178//10734 3736//10734
f 336//10735 3154//10735 3774//10735
f 339//10736 3155//10736 3154//10736
f 3789//10737 3683//10737 3149//10737
f 3683//10738 3697//10738 2584//10738
f 2963//10739 2962//10740 3048//10741
f 3722//3589 3730//10742 337//3590
f 339//10743 338//10743 2566//10743
f 3156//10744 3157//10744 2168//10744
f 2610//3594 3156//10745 2167//3595
f 2954//10746 2953//10746 3156//10746
f 3157//3598 3156//10747 2953//3599
f 3707//10748 2166//10748 2169//10748
f 2567//10749 3158//10749 3159//10749
f 337//3603 3158//10750 2567//3604
f 3730//10751 3069//3339 2166//3341
f 3764//10752 2190//10752 1983//10752
f 2579//10753 3160//10753 3081//10753
f 2568//10754 3159//10754 3160//10754
f 3709//10755 2169//10755 2190//10755
f 3065//10756 3062//10756 3162//10756
f 3161//10757 3162//10757 1984//10757
f 3157//10758 3161//10758 2189//10758
f 2257//10759 3065//10759 3161//10759
f 734//10760 735//10760 1922//10760
f 3059//10542 3058//10541 2708//10761
f 3163//10762 2708//10762 2182//10762
f 3162//10763 3163//10763 1985//10763
f 3062//10764 3059//10764 3163//10764
f 3203//10765 3206//10765 3205//10765
f 2122//10766 2119//10766 1448//10766
f 3817//1919 1686//1918 1685//10767
f 139//10768 140//10768 444//10768
f 1570//10769 569//10769 566//10769
f 2957//10770 3164//10770 3165//10770
f 2955//10771 3166//10771 3164//10771
f 1912//10772 454//10772 341//10772
f 3130//10773 3129//10773 3124//10773
f 1548//10774 322//10774 319//10774
f 1949//10775 1950//10775 1327//10775
f 2969//10776 2970//10776 3078//10776
f 3167//10777 3078//10777 3169//10777
f 3724//10778 2014//10778 2017//10778
f 3720//10779 2017//10779 2033//10779
f 3168//10780 3169//10780 3165//10780
f 3170//10781 3165//10781 3164//10781
f 3779//10782 3170//10782 3171//10782
f 3724//10783 3168//10783 3170//10783
f 3171//10784 3164//10784 3166//10784
f 3172//3649 3166//3648 3071//10785
f 3752//10786 3172//10786 3173//10786
f 3756//10787 3171//10787 3172//10787
f 3169//10788 3037//10788 3036//10788
f 2593//10789 3048//10741 2962//10740
f 3173//10790 3071//10569 2609//9716
f 3174//3656 2609//2306 2199//2308
f 3783//10791 3174//3657 2198//3659
f 3749//10792 3173//10792 3174//10792
f 2190//10793 2189//10793 1984//10793
f 2196//10794 2195//10794 2767//10794
f 2119//10795 2120//10795 1414//10795
f 1464//10796 1463//10796 1466//10796
f 2199//10797 2611//10797 3069//10797
f 2457//10798 2456//10798 2587//10798
f 2226//10799 2225//10799 2562//10799
f 481//10800 478//10800 1627//10800
f 333//10801 1512//10801 235//10801
f 3078//10802 3051//10802 3037//10802
f 3040//3674 2264//10803 2997//3675
f 2219//10804 1934//10804 1933//10804
f 2385//10805 2384//10805 2497//10805
f 221//10806 2220//10806 3175//10806
f 2220//10807 1933//10807 3143//10807
f 3175//10808 3143//10808 2976//10808
f 2484//10809 3175//10809 2975//10809
f 2954//3685 3071//10810 3166//3686
f 2630//10811 1858//10811 110//10811
f 1547//10812 319//10812 1952//10812
f 2091//10813 2090//10813 2188//10813
f 3733//10814 3736//10814 2178//10814
f 1918//10815 1919//10815 1927//10815
f 3563//10816 112//10816 111//10816
f 955//10817 956//10817 960//10817
f 2037//3695 3014//10818 112//3696
f 3143//10819 2980//10819 2981//10819
f 2218//10820 2211//10820 2214//10820
f 672//10821 3877//10821 3787//10821
f 2152//4113 3013//4112 3014//10822
f 1147//10823 1144//10823 1143//10823
f 2248//10824 2246//10824 1409//10824
f 1615//10825 1636//10825 1635//10825
f 1410//10826 1409//10826 2246//10826
f 3241//3706 3243//10827 3242//3707
f 1382//10828 3176//10828 3177//10828
f 3177//10829 1410//10829 2247//10829
f 2247//10830 1383//10830 3177//10830
f 3176//10831 2238//10831 2230//10831
f 1410//10832 3177//10832 3179//10832
f 3179//10833 3180//10833 2243//10833
f 1633//10834 3181//10834 2800//10834
f 1621//10835 1620//10835 2758//10835
f 1622//10836 1621//10836 2245//10836
f 2236//10837 1394//10837 3181//10837
f 2237//10838 2236//10838 3182//10838
f 2250//10839 1631//10839 2233//10839
f 2912//10840 1629//10840 1628//10840
f 135//10841 136//10841 1564//10841
f 1567//10842 419//10842 512//10842
f 1085//10843 1084//10843 2653//10843
f 3184//10844 869//10844 868//10844
f 869//10845 3184//10845 3057//10845
f 1266//10846 1268//10846 1098//10846
f 1267//10847 2147//10847 722//10847
f 937//10848 1146//10848 2646//10848
f 2146//10445 1049//10444 722//10849
f 2211//10850 2218//10850 921//10850
f 1957//10851 510//10851 507//10851
f 1313//10852 1312//10852 2264//10852
f 1496//10853 362//10853 1493//10853
f 2887//10854 2937//10854 2933//10854
f 1687//10855 1688//10855 1659//10855
f 145//10856 1499//10856 1498//10856
f 37//10857 38//10857 418//10857
f 1935//10858 1934//10858 3185//10858
f 104//10859 89//10859 301//10859
f 2101//10860 2098//10860 2083//10860
f 543//10861 298//10861 360//10861
f 1934//10862 2219//10862 3186//10862
f 234//10863 1521//10863 212//10863
f 3845//10864 3821//10864 1822//10864
f 1976//10865 1875//10865 1874//10865
f 223//10866 3186//10866 2219//10866
f 3655//10867 3656//10867 3605//10867
f 2165//10868 2164//10868 467//10868
f 467//10869 468//10869 2165//10869
f 773//10870 476//10870 2165//10870
f 1935//10359 1212//10358 1728//10871
f 3240//10872 3225//10872 3226//10872
f 3261//10873 3249//10873 3250//10873
f 3215//10874 3216//10874 3244//10874
f 3265//10875 3221//10875 3215//10875
f 3267//10876 3245//10876 3198//10876
f 3205//3757 3206//10877 3269//3758
f 3214//10878 3211//10878 3265//10878
f 3271//10879 3213//10879 3214//10879
f 3251//10880 3252//10880 3239//10880
f 3222//10881 3221//10881 3266//10881
f 3232//10882 3235//10882 3234//10882
f 3216//10883 3242//10883 3243//10883
f 3196//10884 3193//10884 3268//10884
f 3244//10885 3243//10885 3254//10885
f 3238//10886 3239//10886 3247//10886
f 3264//10887 3244//10887 3255//10887
f 3253//10888 3242//10888 3216//10888
f 3211//10889 3266//10889 3221//10889
f 3257//10890 3217//10890 3218//10890
f 3258//10891 3222//10891 3272//10891
f 3274//10892 3275//10892 3280//10892
f 3228//10893 3229//10893 3262//10893
f 3275//3801 3231//3803 3281//10894
f 3226//10895 3227//10895 3273//10895
f 3236//10896 3263//10896 3260//10896
f 3281//10897 3263//10897 3236//10897
f 3287//10898 3271//10898 3192//10898
f 3235//10899 3226//10899 3280//10899
f 3234//3782 3280//10900 3281//3783
f 3288//10901 3290//10901 3259//10901
f 3260//10902 3250//10902 3276//10902
f 3289//10903 3212//10903 3278//10903
f 3210//10904 3209//10904 3224//10904
f 3199//10905 3202//10905 3201//10905
f 3228//3810 3231//3812 3230//10906
f 3290//10907 3288//10907 3285//10907
f 3282//10908 3279//10908 3271//10908
f 3260//10909 3263//10909 3262//10909
f 3243//10910 3241//10910 3268//10910
f 3267//10911 3268//10911 3241//10911
f 3194//10912 3207//10912 3208//10912
f 3191//10913 3270//10913 3269//10913
f 3270//10914 3191//10914 3192//10914
f 3275//10915 3274//10915 3230//10915
f 3264//10916 3269//10916 3270//10916
f 3252//10917 3251//3788 3276//3787
f 3248//10918 3252//10918 3291//10918
f 3213//10919 3271//10919 3279//10919
f 3272//10920 3266//10920 3289//10920
f 3277//10921 3278//10921 3212//10921
f 3228//10922 3263//10922 3281//10922
f 3220//10923 3225//10923 3253//10923
f 3219//10924 3253//10924 3217//10924
f 3256//10925 3218//10925 3222//10925
f 3247//10926 3239//10926 3252//10926
f 3245//10927 3267//10927 3232//10927
f 3266//10928 3211//10928 3212//10928
f 3208//10929 3205//10929 3255//10929
f 3288//10930 3289//10930 3284//10930
f 3204//10931 3205//10931 3208//10931
f 560//10932 1899//10932 3187//10932
f 3209//10933 3210//10933 3201//10933
f 3189//10934 3192//10934 3191//10934
f 448//10935 1980//3962 807//3964
f 647//10936 648//10936 122//10936
f 1833//10937 1848//10937 1780//10937
f 510//10938 509//10938 508//10938
f 3210//10939 1949//3634 1887//3636
f 1887//10940 15//10940 3200//10940
f 15//10941 16//10941 3197//10941
f 16//10942 3188//10942 3195//10942
f 3195//10943 3188//10943 3187//10943
f 3194//10944 3187//10944 1899//10944
f 3207//3835 1899//3007 375//3836
f 387//3838 173//10945 126//3839
f 3189//3841 1791//10946 1760//3842
f 3577//10947 763//10947 757//10947
f 763//10948 3577//10948 2172//10948
f 3583//10949 3582//10949 3580//10949
f 3581//10950 3580//10951 3579//10952
f 3594//10953 3597//10953 3596//10953
f 3400//10954 3601//10954 3602//10954
f 3626//10955 3624//10955 3625//10955
f 3631//10956 3635//10956 3599//10956
f 3636//10957 3637//10957 3595//10957
f 3647//10958 3584//10958 3588//10958
f 3650//10959 3582//10959 3584//10959
f 3653//10960 3579//10952 3580//10951
f 3653//10961 2176//10961 3654//10961
f 1801//10962 1864//10962 3656//10962
f 3651//10963 3580//10963 3582//10963
f 3644//10964 3638//10964 3595//10964
f 1767//10965 1768//10965 3659//10965
f 1597//10966 3663//10966 3661//10966
f 1708//10967 1707//10967 3665//10967
f 3671//10968 3668//10968 3667//10968
f 3666//10969 3667//10969 3673//10969
f 1588//10970 1708//10970 3664//10970
f 2080//10971 3671//10971 3666//10971
f 2082//3869 3666//10972 3672//3870
f 3674//10973 3677//10973 3635//10973
f 3677//10974 3678//10974 3636//10974
f 3682//10975 3647//10975 3645//10975
f 3692//10976 3651//10976 3650//10976
f 3681//10977 3645//3886 3644//3888
f 786//10978 3694//10978 3692//10978
f 3694//10979 3653//10979 3651//10979
f 785//10980 3692//10980 3686//10980
f 497//10981 3686//10981 3682//10981
f 650//10982 3682//10982 3681//10982
f 3696//10983 564//10983 3681//10983
f 3405//10984 3606//10984 3605//10984
f 3702//10985 3699//10985 3678//10985
f 3699//10986 3698//10986 3679//10986
f 3645//10987 3588//10987 3638//10987
f 1799//10988 3657//10988 3659//10988
f 3708//10989 3704//10989 3458//10989
f 3462//10990 3710//10990 3708//10990
f 3714//10991 463//10991 564//10991
f 3615//10992 3606//10992 3602//10992
f 3710//10993 3714//10994 3696//10995
f 3635//10996 3636//10996 3596//10996
f 3629//4590 3626//4589 3627//10997
f 3597//10998 3600//10998 3599//10998
f 3630//10999 3716//3902 3715//3904
f 3627//11000 3625//11000 3597//11000
f 3717//11001 3716//11001 3723//11001
f 3715//11002 3663//11002 3660//11002
f 3716//11003 3717//11003 3725//11003
f 3668//11004 3665//11004 3661//11004
f 3668//11005 3725//11005 3717//11005
f 3667//11006 3717//11006 3718//11006
f 3727//11007 3728//11007 3673//11007
f 3728//3931 1576//3930 3672//11008
f 3726//11009 3727//11009 3718//11009
f 1576//1530 2101//1529 2084//11010
f 3727//11011 3726//11011 3731//11011
f 3203//3913 376//11012 1387//3914
f 3190//11013 1387//11013 1791//11013
f 3283//11014 2152//11014 1949//11014
f 317//11015 240//11015 259//11015
f 2000//11016 2176//11016 3653//11016
f 3601//11017 3599//11017 3600//11017
f 3589//11018 3588//11018 3584//11018
f 3577//11019 758//11019 756//11019
f 3585//11020 3584//11020 3582//11020
f 3678//11021 3679//11021 3637//11021
f 3204//11022 375//11022 376//11022
f 1801//11023 3655//11023 3657//11023
f 3729//11024 3735//11024 3728//11024
f 1575//11025 3735//3987 3738//11026
f 3735//11027 1575//11027 1576//11027
f 1776//11028 1795//11028 1796//11028
f 1293//11029 1294//11029 1290//11029
f 1326//11030 14//11030 1327//11030
f 1294//11031 1245//11031 1234//11031
f 878//11032 1244//11032 1330//11032
f 497//11033 373//11033 374//11033
f 122//11034 648//11034 413//11034
f 3699//11035 3702//11035 3704//11035
f 3606//11036 3405//11036 3401//11036
f 3708//11037 3710//11037 3698//11037
f 3464//11038 3714//10994 3710//10993
f 3704//11039 3674//11039 3443//11039
f 439//11040 398//11040 399//11040
f 1512//11041 1528//11041 1526//11041
f 1668//11042 1741//11042 1738//11042
f 839//11043 849//11043 1362//11043
f 1362//11044 1357//11044 826//11044
f 3843//3951 740//11045 1896//3952
f 2053//1519 2054//1518 2118//11046
f 3888//11047 3887//11047 2120//11047
f 696//11048 697//11048 3816//11048
f 1826//11049 1878//8805 639//8805
f 3740//11050 3739//11050 3729//11050
f 956//11051 885//11051 886//11051
f 1980//11052 806//11052 1922//11052
f 33//3965 34//11053 105//3966
f 1343//11054 1344//11054 3856//11054
f 3907//11055 2127//11055 2128//11055
f 1766//11056 1581//11056 1582//11056
f 14//11057 1326//11057 2163//11057
f 595//11058 98//11058 99//11058
f 3233//11059 3238//11059 3246//11059
f 1346//11060 1035//11060 1044//11060
f 748//3398 1888//3397 1425//11061
f 3193//11062 3208//11062 3254//11062
f 3190//11063 3191//11063 3206//11063
f 3612//11064 3605//11064 3606//11064
f 3624//11065 3612//11065 3615//11065
f 3631//11066 3415//11066 3443//11066
f 3679//11067 3680//11067 3644//11067
f 3686//11068 3650//3854 3647//3856
f 3702//11069 3677//11069 3674//11069
f 3625//11070 3615//11070 3600//11070
f 3601//11071 3400//11071 3415//11071
f 3739//3986 3738//11026 3735//3987
f 3630//11072 3627//11072 3594//11072
f 3741//11073 3723//11073 3716//11073
f 1284//11074 1290//11074 1288//11074
f 3698//11075 3696//11075 3680//11075
f 1778//3993 1781//11076 1780//3994
f 1792//11077 1759//11077 1584//11077
f 695//11078 570//11078 571//11078
f 3638//11079 3741//11079 3594//11079
f 3741//11080 3638//11080 3588//11080
f 3247//11081 3248//11081 3209//11081
f 3292//11082 3293//11082 3294//11082
f 3296//11083 3297//11083 3298//11083
f 3299//11084 3298//11084 3300//11084
f 3302//11085 3303//11085 3304//11085
f 3306//11086 3307//11086 3308//11086
f 3307//11087 3310//11087 3311//11087
f 3303//11088 3302//11088 3301//11088
f 3312//11089 3305//11089 3304//11089
f 3314//11090 3315//11090 3316//11090
f 3318//11091 3319//11091 3320//11091
f 3324//11092 3318//11092 3321//11092
f 3326//11093 3327//11093 3328//11093
f 3329//11094 3330//11094 3331//11094
f 3333//11095 3334//11095 3335//11095
f 3337//11096 3338//11096 3339//11096
f 3333//11097 3336//11097 3341//11097
f 3342//11098 3341//11098 3343//11098
f 3319//11099 3345//11099 3344//11099
f 3338//11100 3335//11100 3334//11100
f 3346//11101 3301//11101 3302//11101
f 3305//11102 3348//11102 3347//11102
f 3312//11103 3224//11103 3223//11103
f 3350//11104 3337//11104 3340//11104
f 3312//11105 3349//11105 3348//11105
f 3352//11106 3343//11106 3341//11106
f 3311//11107 3353//11107 3354//11107
f 3341//11108 3336//11108 3327//11108
f 3359//11109 3360//11109 3361//11109
f 3360//11110 3359//11110 3250//11110
f 3318//11111 3363//11111 3345//11111
f 3364//4033 3363//11112 3318//4034
f 3314//11113 3364//11113 3324//11113
f 3366//11114 3299//11114 3301//11114
f 3299//11115 3366//11115 3367//11115
f 3308//4039 3354//11116 3368//4040
f 3369//11117 3317//11117 3295//11117
f 3317//11118 3369//11118 3364//11118
f 3370//11119 3295//11119 3317//11119
f 3325//11120 3371//11120 3365//11120
f 3352//4067 3320//4066 3319//11121
f 3296//11122 3367//11122 3353//11122
f 3297//11123 3296//11123 3311//11123
f 3363//11124 3368//11124 3354//11124
f 3345//11125 3354//11125 3353//11125
f 3344//11126 3353//11126 3367//11126
f 3366//11127 3333//11127 3342//11127
f 3347//11128 3339//11128 3334//11128
f 3339//11129 3347//11129 3348//11129
f 3348//11130 3349//11131 3351//11132
f 3363//11133 3364//11133 3369//11133
f 3294//11134 3309//11134 3368//11134
f 3293//11135 3306//11135 3309//11135
f 3331//11136 3373//11136 3374//11136
f 3346//11137 3334//11137 3333//11137
f 3323//11138 3322//11138 3352//11138
f 3356//11139 3355//11139 3321//11139
f 3355//11140 3357//11140 3325//11140
f 3357//11141 3358//11141 3371//11141
f 3322//11142 3356//11142 3320//11142
f 3361//11143 3330//11143 3329//11143
f 3373//11144 3372//11144 3375//11144
f 3374//11145 3375//11145 3376//11145
f 3329//4071 3332//11146 3376//4072
f 3327//4077 3375//4076 3372//11147
f 3336//11148 3335//11148 3375//11148
f 3335//11149 3338//11149 3376//11149
f 3376//11150 3338//11150 3337//11150
f 3337//11151 3350//11151 3359//11151
f 3359//11152 3350//11152 3276//11152
f 3377//11153 3292//11153 3295//11153
f 3277//11154 3316//11154 3315//11154
f 3371//11155 3378//11155 3379//11155
f 3378//11156 3371//11156 3358//11156
f 3365//11157 3379//11157 3315//11157
f 3316//11158 3277//11158 3279//11158
f 3282//4088 3377//11159 3370//4089
f 3313//11160 3283//11160 3224//11160
f 3378//11161 3285//11161 3284//11161
f 3380//11162 3286//11162 3285//11162
f 3379//11163 3284//11163 3278//11163
f 3276//11164 3350//11164 3351//11164
f 3291//11165 3351//11132 3349//11131
f 3313//11166 3304//11166 2965//11166
f 2965//11167 3304//11167 3303//11167
f 222//11168 3303//11168 3300//11168
f 223//4100 3300//11169 3298//4101
f 3298//11170 3297//11170 3185//11170
f 3297//11171 3310//11171 2977//11171
f 3310//11172 3307//11172 1213//11172
f 3307//11173 3306//11173 1214//11173
f 2532//11174 1214//11174 3306//11174
f 2894//11175 2532//11175 3293//11175
f 2871//11176 2894//11176 3292//11176
f 3253//11177 3225//11177 3240//11177
f 3283//11178 3313//11178 3013//11178
f 1997//11179 1996//11179 1889//11179
f 1237//11180 745//11180 744//11180
f 1535//4116 1534//11181 120//4117
f 1531//11182 1532//11182 201//11182
f 1119//11183 1241//11183 1032//11183
f 946//244 948//243 824//11184
f 163//11185 8//11185 5//11185
f 3589//11186 3726//11186 3723//11186
f 1155//11187 1156//11187 1162//11187
f 427//11188 213//11188 327//11188
f 553//11189 1902//11189 796//11189
f 3381//11190 2232//11190 2231//11190
f 3381//11191 3178//11191 2230//11191
f 2237//11192 3183//11192 3180//11192
f 3383//11193 3384//11194 3385//11195
f 3384//11196 3386//11196 3387//11196
f 3386//11197 3388//4133 3389//4135
f 3388//11198 3390//11198 3391//11198
f 3392//11199 3393//11199 3394//11199
f 3395//11200 3394//11200 3396//11200
f 3398//11201 3399//11201 3397//11201
f 3400//11202 3401//11202 3399//11202
f 3403//11203 3404//11203 3405//11203
f 3406//11204 3407//11204 3404//11204
f 3408//11205 3409//11205 3407//11205
f 3410//4143 3411//11206 3409//4144
f 3412//11207 3413//11207 3411//11207
f 3415//11208 3400//11208 3398//11208
f 3414//11209 3398//11209 3396//11209
f 3416//11210 3396//11210 3394//11210
f 3417//11211 3394//11211 3393//11211
f 3393//4151 3419//11212 3420//4152
f 3419//11213 3390//11213 3421//11213
f 3390//11214 3388//11214 3422//11214
f 3388//11215 3386//11215 3423//11215
f 3386//11216 3384//11216 3424//11216
f 3384//11194 3383//11193 3425//11217
f 3425//11217 3383//11193 3426//11218
f 2904//11219 3427//11219 3428//11219
f 3429//11220 3427//11220 2904//11220
f 3430//11221 3429//11221 2902//11221
f 2875//11222 3431//11222 3430//11222
f 3432//11223 3433//11223 2733//11223
f 2825//4167 3434//11224 3435//4168
f 3437//11225 3438//11226 3439//11227
f 3441//11228 3437//11228 3436//11228
f 2724//11229 2723//11229 3434//11229
f 3436//11230 3439//11230 3115//11230
f 3440//11231 3436//4173 3117//4175
f 3443//11232 3415//11232 3414//11232
f 3442//11233 3414//11233 3416//11233
f 3444//11234 3416//11234 3417//11234
f 3445//11235 3417//11235 3418//11235
f 3446//11236 3418//11236 3420//11236
f 3420//4182 3421//4185 3448//4183
f 3421//11237 3422//11237 3449//11237
f 3422//11238 3423//11238 3450//11238
f 3423//11239 3424//11239 3451//11239
f 3424//11240 3425//11240 3452//11240
f 3425//11241 3184//11241 3056//11241
f 3451//11242 3452//11242 2253//11242
f 3450//11243 3451//11243 2252//11243
f 3449//11244 3450//11244 1727//11244
f 3448//11245 3449//11245 2150//11245
f 3453//11246 3447//11246 3448//11246
f 3454//11247 3446//11247 3447//11247
f 3455//11248 3445//11248 3446//11248
f 3456//11249 3444//11249 3445//11249
f 3442//11250 3444//11250 3456//11250
f 3443//11251 3442//11251 3457//11251
f 3459//11252 3460//11252 3458//11252
f 3457//11253 3456//11253 3455//11253
f 3459//11254 3455//11254 3454//11254
f 3462//11255 3460//11255 3459//11255
f 3461//11256 3454//11256 3453//11256
f 3464//3942 3462//3944 3461//11257
f 3463//11258 3453//11258 1941//11258
f 3404//11259 3399//11259 3401//11259
f 3407//11260 3397//11260 3399//11260
f 3409//11261 3395//11261 3397//11261
f 3411//11262 3392//11262 3395//11262
f 3465//4219 3466//4218 3413//11263
f 3467//4213 3468//11264 3469//4214
f 3465//11265 3412//11265 3431//11265
f 3470//11266 3467//11266 3466//11266
f 3438//11267 3470//11267 3432//11267
f 3467//11268 3470//11268 3438//11268
f 3468//11269 3467//11269 3437//11269
f 3471//11270 3469//11270 3468//11270
f 3472//11271 3468//11271 3441//11271
f 3473//11272 3441//11272 3440//11272
f 2712//11273 3440//11273 3119//11273
f 3475//11274 3471//11274 3472//11274
f 3474//11275 3472//11275 3473//11275
f 3476//11276 3473//4225 2712//4227
f 3477//11277 3476//11277 2711//11277
f 3478//11278 3474//11278 3476//11278
f 3479//11279 3475//11279 3474//11279
f 3392//11280 3411//11280 3413//11280
f 3466//11281 3469//11281 3480//11281
f 3419//11282 3393//11282 3392//11282
f 3390//11283 3419//11283 3480//11283
f 3469//11284 3471//11284 3391//11284
f 3389//11285 3391//11285 3471//11285
f 3387//11286 3389//11286 3475//11286
f 3385//4242 3387//11287 3479//4243
f 3482//11288 3477//11288 2400//11288
f 3483//11289 3478//11289 3477//11289
f 3481//11290 3479//11290 3478//11290
f 3484//11291 3482//11291 2402//11291
f 3058//11292 3484//11292 2707//11292
f 3061//11293 3485//11293 3484//11293
f 3485//11294 3483//11294 3482//11294
f 3382//11295 3385//11295 3481//11295
f 3486//11296 3481//11296 3483//11296
f 3426//11297 3383//11297 3382//11297
f 3487//11298 3382//11298 3486//11298
f 3486//11299 3485//11299 3061//11299
f 1961//11300 3057//11300 3487//11300
f 3057//11301 3184//11301 3426//11301
f 3428//11302 3403//11302 3402//11302
f 3427//11303 3406//11303 3403//11303
f 3429//11304 3408//11304 3406//11304
f 3430//4262 3410//11305 3408//4263
f 3431//11306 3412//11306 3410//11306
f 3470//11307 3465//11307 3433//11307
f 3434//11308 3439//11227 3438//11226
f 2723//11309 3115//11309 3439//11309
f 2875//11310 2733//11310 3433//11310
f 2736//4270 2824//11311 3435//4271
f 2947//11312 3428//11312 3488//11312
f 3464//11313 3463//11313 1360//11313
f 1900//11314 1925//11314 1924//11314
f 1736//11315 1717//11315 1718//11315
f 1955//11316 1952//11316 1943//11316
f 1671//11317 1738//11317 1735//11317
f 1696//11318 1750//11318 1698//11318
f 1800//11319 1865//11319 1864//11319
f 2063//11320 2055//11320 2056//11320
f 1737//4316 1734//4315 1717//11321
f 1751//11322 1735//11322 1697//11322
f 943//11323 3885//11323 3899//11323
f 3656//11324 3488//11324 3402//11324
f 1577//11325 1578//11325 1764//11325
f 3917//11326 1598//11326 1599//11326
f 1945//11327 146//11327 82//11327
f 68//11328 6//11328 7//11328
f 147//11329 1542//11329 1543//11329
f 1109//11330 1135//11330 1133//11330
f 1503//11331 1910//11331 1907//11331
f 1499//11332 1501//1305 1909//1307
f 452//11333 1922//11333 735//11333
f 1824//11334 2068//11334 3835//11334
f 1825//11335 2067//11335 2068//11335
f 1463//11336 1462//11336 1022//11336
f 841//403 1012//402 1009//11337
f 1568//11338 1547//11338 1955//11338
f 1910//11339 1503//11339 1502//11339
f 1939//4302 1502//11340 422//4303
f 309//11341 280//11341 1940//11341
f 1804//11342 1851//11342 1866//11342
f 269//11343 1482//11343 1954//11343
f 2065//11344 1607//11344 2060//11344
f 3812//11345 1685//11345 1758//11345
f 280//11346 276//11346 552//11346
f 1875//11347 1873//11347 1869//11347
f 1739//11348 1721//11348 1734//11348
f 1778//11349 1779//1271 1790//1273
f 310//11350 1920//11350 1915//11350
f 1909//11351 1908//11351 1906//11351
f 1789//11352 1783//11352 1778//11352
f 978//11353 981//11353 980//11353
f 1584//11354 1759//11354 1731//11354
f 425//11355 426//11355 311//11355
f 148//11356 1543//11356 115//11356
f 2044//11357 3897//11357 3894//11357
f 277//11358 1910//11358 1939//11358
f 1943//11359 1946//11359 1945//11359
f 1461//11360 1462//11360 1463//11360
f 2253//11361 3452//11362 3056//11362
f 2981//3102 2254//3101 3489//11363
f 2209//11364 2998//11364 3489//11364
f 2254//11365 2253//11365 3055//11365
f 2998//11366 926//594 958//596
f 2826//11367 2817//11367 2721//11367
f 3490//4335 2739//4366 2721//4336
f 2816//4422 3491//4421 3490//11368
f 2334//11369 2297//11369 2296//11369
f 2298//11370 2297//11370 2334//11370
f 2301//11371 2298//11371 2336//11371
f 2311//11372 2301//11372 2338//11372
f 2312//4343 2311//11373 2354//4344
f 2359//11374 2358//2020 2361//2019
f 2335//11375 2296//11375 2359//11375
f 2414//4348 2413//11376 2365//4349
f 2413//11377 2270//11377 2361//11377
f 2355//11378 2352//11378 2540//11378
f 2541//11379 2540//11379 2539//11379
f 2722//11380 2721//11380 2739//11380
f 3114//11381 2722//11381 2738//11381
f 3110//10647 3112//3443 3121//11382
f 3108//11383 3110//11383 3120//11383
f 3122//11384 1754//11384 3127//11384
f 3112//11385 3122//11385 3126//11385
f 3127//11386 1754//1294 1753//1296
f 3139//11387 3133//11387 2529//11387
f 3744//11388 3775//11388 3133//11388
f 3490//4369 2789//4368 2740//11389
f 3491//11390 2790//11390 2789//11390
f 228//11391 229//11391 91//11391
f 245//11392 244//11392 243//11392
f 248//11393 7//11393 247//11393
f 2//11394 297//11394 296//11394
f 145//8124 146//8123 300//11395
f 327//11396 213//11396 210//11396
f 329//11397 332//11397 331//11397
f 239//11398 241//11398 240//11398
f 373//11399 376//11399 375//11399
f 178//11400 177//11400 176//11400
f 1218//11401 1225//11401 1228//11401
f 3862//11402 1231//11402 1295//11402
f 808//11403 809//11403 824//11403
f 3858//11404 3859//11404 1013//11404
f 3813//11405 3810//11405 1411//11405
f 2154//11406 2149//11406 2159//11406
f 3845//11407 3835//11407 1758//11407
f 306//11408 807//11408 1922//11408
f 2157//11409 2153//11409 1976//11409
f 708//8604 709//4740 2031//4742
f 1450//11410 1226//11410 1227//11410
f 1672//11411 1604//11411 1605//11411
f 1813//11412 1814//11412 1821//11412
f 1717//11413 1716//11413 1715//11413
f 176//11414 159//11414 402//11414
f 1710//11415 1705//11415 3916//11415
f 1712//11416 1580//11416 1577//11416
f 1705//11417 1713//11417 1711//11417
f 971//1628 978//1627 979//11418
f 822//11419 823//11419 1094//11419
f 2909//11420 2810//11420 2793//11420
f 2810//11421 2769//11421 2795//11421
f 2799//11422 2910//2971 2249//2973
f 3662//11423 3643//4556 2910//4558
f 2769//11424 2768//11424 2801//11424
f 3177//11425 3176//11425 3178//11425
f 3178//11426 3381//11426 3180//11426
f 3181//11427 1394//11427 1393//11427
f 3181//11428 1633//11428 1632//11428
f 3182//11429 1632//11429 2244//11429
f 3183//11430 2244//11430 2243//11430
f 3492//11431 2791//11431 2790//11431
f 2808//11432 3492//4417 3491//4419
f 2239//11433 3574//11433 3572//11433
f 1149//11434 1150//11434 3571//11434
f 1150//11435 2009//11435 3567//11435
f 2202//11436 3569//11436 3566//11436
f 2921//11437 3564//11437 3565//11437
f 3568//11438 3560//11438 2133//11438
f 1777//11439 1579//11439 1759//11439
f 1201//11440 1196//11440 1183//11440
f 3561//11441 3554//11441 2195//11441
f 3553//11442 3576//11442 2770//11442
f 3927//11443 3925//11443 1687//11443
f 1516//11444 152//11444 154//11444
f 3549//4436 3562//3370 2974//3372
f 3550//11445 3548//11445 2779//11445
f 2771//11446 2772//11446 3575//11446
f 3070//11447 2771//11447 3546//11447
f 3547//11448 3544//11448 2775//11448
f 1376//11449 1375//11449 1370//11449
f 2767//11450 3543//11450 3556//11450
f 2195//11451 3554//11451 3543//11451
f 2775//11452 3544//11452 3542//11452
f 3377//11453 3282//11453 3545//11453
f 3804//11454 3802//11454 3539//11454
f 2776//11455 3542//1092 3538//1091
f 2240//4449 3572//11456 3535//4450
f 2920//11457 3535//11457 3669//11457
f 3548//11458 3534//11458 2786//11458
f 1805//11459 1850//11459 1851//11459
f 3534//11460 3532//11460 2787//11460
f 2951//11461 2773//11461 3540//11461
f 2772//4457 2951//11462 3531//4458
f 2973//11463 2224//11463 3530//11463
f 2224//4461 2223//11464 3537//4462
f 1957//2718 1953//2717 320//11465
f 306//11466 305//11466 304//11466
f 2770//11467 3576//11467 3528//11467
f 2913//11468 3528//11468 3574//11468
f 2923//11469 3565//11469 3527//11469
f 308//11470 1940//1268 431//1270
f 207//11471 208//11471 132//11471
f 1879//11472 1876//11472 1881//11472
f 3733//11473 3787//11473 3525//11473
f 2475//11474 3070//11474 3558//11474
f 2476//11475 2475//11475 3524//11475
f 2223//4477 2476//4474 3523//4476
f 3522//11476 3549//11476 2803//11476
f 2037//11477 3563//11477 11//11477
f 1959//11478 1958//11478 450//11478
f 2003//11479 3555//11479 3520//11479
f 9//11480 10//11480 334//11480
f 2009//11481 2008//11481 3518//11481
f 2008//11482 2973//11482 3536//11482
f 3877//11483 672//11483 673//11483
f 3515//11484 3550//11484 2778//11484
f 2935//11485 3514//11485 3513//11485
f 111//11486 1149//11486 3570//11486
f 3510//11487 3514//11487 2935//11487
f 683//11488 3876//11488 3885//11488
f 3508//11489 3557//11489 2810//11489
f 736//11490 733//11490 732//11490
f 1795//11491 1804//11491 1803//11491
f 3505//11492 3510//11492 2938//11492
f 3507//11493 3505//4495 2939//4497
f 2950//11494 3512//11494 3504//11494
f 2940//11495 2949//11495 3504//11495
f 3801//11496 3791//11496 3512//11496
f 2868//11497 3509//11497 3502//11497
f 2869//11498 3502//11498 3522//11498
f 1024//11499 1034//11499 1023//11499
f 3500//11500 3503//11500 2948//11500
f 551//11501 1939//11501 442//11501
f 2972//11502 3499//4671 3568//4671
f 2032//4508 3533//11503 3499//4509
f 216//11504 93//11504 1924//11504
f 203//11505 202//11505 201//11505
f 1828//11506 1848//11506 1847//11506
f 1958//11507 1957//11507 449//11507
f 272//11508 271//11508 178//11508
f 2871//11509 3545//11509 3495//11509
f 3619//4517 3669//11510 3564//4518
f 2801//11511 2768//11511 3643//11511
f 2005//11512 3758//11512 3654//11512
f 960//11513 886//11513 899//11513
f 3657//11514 3655//11514 3612//11514
f 3780//11515 3788//11515 3646//11515
f 3151//11516 3646//11516 3593//11516
f 2193//11517 3604//11517 3623//11517
f 3607//11518 3603//11518 3145//11518
f 3603//11519 3649//11519 2761//11519
f 3592//4529 3607//11520 3144//4530
f 2926//11521 3658//11521 3634//11521
f 3634//4533 3592//11522 3104//4534
f 3755//3368 3754//3367 3746//11523
f 566//11524 567//11524 3758//11524
f 3488//4538 3656//11525 1864//4539
f 1602//11526 1586//11526 2079//11526
f 2868//11527 3658//11527 3611//11527
f 2922//11528 3611//11528 3610//11528
f 2923//11529 3610//11529 3618//11529
f 3670//11530 3613//11530 2918//11530
f 3619//11531 3670//11531 3614//11531
f 2921//11532 3618//11532 3670//11532
f 2920//11533 3614//11533 3586//11533
f 3613//11534 3642//11534 2915//11534
f 2917//4550 2766//11535 3622//4551
f 2916//11536 2917//11536 3641//11536
f 2239//11537 3587//11537 3652//11537
f 2911//11538 3640//11538 3652//11538
f 3643//4556 3640//11539 2911//4557
f 2797//11540 2801//11540 3662//11540
f 2797//11541 3591//11541 3598//11541
f 3622//11542 3628//11542 2763//11542
f 3608//11543 3628//11543 2764//11543
f 2194//11544 3623//11544 3648//11544
f 2221//11545 3648//11545 3649//11545
f 2756//11546 3608//11546 3609//11546
f 2750//11547 3598//11547 3609//11547
f 3669//11548 3535//11548 1817//11548
f 3763//2458 3770//2457 1691//11549
f 2515//11550 3621//11550 3590//11550
f 2548//11551 3590//11551 3593//11551
f 2513//11552 2489//11552 3632//11552
f 2513//11553 3616//11553 3621//11553
f 2509//11554 3633//11554 3620//11554
f 2510//11555 3632//11555 3633//11555
f 2289//11556 3620//11556 3639//11556
f 2283//11557 3639//11557 3617//11557
f 2240//11558 3586//11558 3587//11558
f 3659//11559 3657//11559 3624//11559
f 716//11560 2121//11560 3887//11560
f 727//11561 1999//11561 3761//11561
f 2165//11562 2171//11562 2170//11562
f 3660//11563 3659//4582 3626//4584
f 3743//11564 3581//11564 3578//11564
f 2175//11565 2172//11565 769//11565
f 2100//11566 500//11566 2095//11566
f 3758//11567 567//11567 3757//11567
f 640//11568 3560//11568 3568//11568
f 1653//11569 3576//11569 3553//11569
f 1895//4666 3536//4665 3530//11570
f 746//11571 3530//11571 3537//11571
f 1653//11572 1810//11572 3528//11572
f 3762//11573 1603//11573 1604//11573
f 2093//11574 2075//11574 2073//11574
f 959//11575 996//11575 995//11575
f 962//11576 899//11576 919//11576
f 1400//11577 1401//11577 1398//11577
f 1000//11578 817//11578 1127//11578
f 956//11579 959//11579 884//11579
f 1662//11580 3548//11580 3550//11580
f 2034//11581 3558//11581 3546//11581
f 3926//11582 1689//11582 3539//11582
f 3535//11583 3572//11583 766//11583
f 3572//11584 3574//11584 765//11584
f 334//11585 3570//11585 3571//11585
f 1868//11586 3531//11586 3540//11586
f 1684//11587 1651//11587 1652//11587
f 1682//11588 1683//11588 775//11588
f 1585//11589 1603//11589 3762//11589
f 3763//11590 3762//11590 1672//11590
f 2173//11591 2174//11591 490//11591
f 1658//11592 3544//11592 3547//11592
f 3556//11593 3543//11593 1650//11593
f 1571//11594 3754//11594 2010//11594
f 1587//11595 3664//11595 3671//11595
f 2099//11596 2095//11596 2077//11596
f 787//11597 3761//11597 1999//11597
f 2000//11598 3694//11598 786//11598
f 3155//11599 339//11599 3697//11599
f 3713//11600 3155//11600 3683//11600
f 2180//11601 2179//11601 3685//11601
f 3496//11602 2180//11602 3684//11602
f 1684//11603 3846//11603 3840//11603
f 1760//11604 464//11604 3495//11604
f 2607//11605 3689//2302 3693//2304
f 2581//11606 3676//11606 3689//11606
f 2371//11607 2502//11607 3700//11607
f 2371//11608 3695//11608 3693//11608
f 2587//11609 3676//11609 3675//11609
f 2586//11610 3675//11610 3697//11610
f 2497//11611 3691//11611 3687//11611
f 2502//4645 2503//11612 3687//4646
f 2494//11613 3691//11613 3690//11613
f 3690//11614 3688//11614 2472//11614
f 3688//11615 3701//11615 2468//11615
f 3701//11616 3703//11616 2469//11616
f 726//11617 3908//11617 3892//11617
f 581//11618 3567//11618 3518//11618
f 10//11619 3511//11619 3570//11619
f 1837//11620 3514//11620 3510//11620
f 741//11621 3537//11621 3523//11621
f 1299//4657 3524//11622 3558//4658
f 1851//11623 3507//11623 3504//11623
f 3527//4661 3565//11624 1820//4662
f 580//11625 3518//11625 3536//11625
f 1758//11626 1685//11626 3522//11626
f 1693//11627 3557//11627 3508//11627
f 3504//11628 3512//11628 1867//11628
f 1894//11629 1826//11629 3568//11629
f 2126//11630 1418//11630 3813//11630
f 3906//11631 2126//11631 3841//11631
f 2113//11632 3911//11632 3867//11632
f 2179//11633 3713//11633 3789//11633
f 624//11634 3903//11634 3904//11634
f 2192//11635 3604//11635 3788//11635
f 2177//11636 3541//11636 3787//11636
f 1364//11637 3824//11637 3833//11637
f 3858//11638 3855//11638 1470//11638
f 3135//11639 1753//11639 3775//11639
f 2069//11640 3812//11640 3835//11640
f 1351//11641 3861//11641 3853//11641
f 2108//11642 3882//11642 3901//11642
f 2089//11643 2092//11643 3736//11643
f 3828//11644 3834//11644 1358//11644
f 2001//4688 3749//11645 3783//4689
f 2187//4691 3783//11646 3719//4692
f 2130//11647 3756//11647 3752//11647
f 2004//11648 3752//11648 3749//11648
f 2014//11649 3724//11649 3779//11649
f 2201//11650 3779//11650 3756//11650
f 3167//11651 3720//11651 3759//11651
f 3168//11652 3724//11652 3720//11652
f 3159//11653 3709//3610 3764//3612
f 3160//11654 3764//11654 3765//11654
f 3730//4702 3707//11655 3158//4703
f 3158//11656 3707//11656 3709//11656
f 2200//3668 3069//3667 3730//11657
f 3685//11658 3789//11658 3742//11658
f 3722//4708 3774//11659 2197//1823
f 3790//11660 3736//11660 2092//11660
f 3774//11661 3790//11661 3721//11661
f 3154//11662 3706//11662 3790//11662
f 3155//11663 3713//11663 3706//11663
f 2091//11664 3719//11664 3721//11664
f 2196//11665 3148//11665 3750//11665
f 2193//11666 2196//11666 3776//11666
f 3604//11667 2193//11667 3781//11667
f 2086//11668 2192//11668 3780//11668
f 2087//11669 2086//11669 3778//11669
f 2204//11670 3742//11670 3751//11670
f 2205//11671 3751//11671 3750//11671
f 3909//11672 3886//11672 574//11672
f 2124//11673 2087//11673 3777//11673
f 2208//11674 2124//11674 3760//11674
f 3711//11675 3785//11675 3140//11675
f 3785//11676 3745//11676 3138//11676
f 3745//4726 3744//11677 3139//4727
f 3771//11678 3712//11678 3136//11678
f 3712//11679 3711//11679 3137//11679
f 3775//11680 3767//11680 3131//11680
f 3767//11681 3782//11681 3132//11681
f 1813//11682 3839//11682 3838//11682
f 1293//11683 3854//11683 3856//11683
f 2184//11684 2321//11684 3748//11684
f 2181//11685 2184//11685 3732//11685
f 3765//11686 3768//11686 3079//11686
f 3768//11687 3734//11687 3080//11687
f 709//11688 3873//11688 3875//11688
f 2774//10566 2961//10565 3737//11689
f 3786//3334 3769//3333 2134//11690
f 3809//11691 3808//11691 766//11691
f 2968//11692 3784//11692 3766//11692
f 2969//11693 3759//11693 3784//11693
f 2958//11694 3747//11694 3737//11694
f 2132//11695 3747//11695 3766//11695
f 2321//11696 2185//11696 3771//11696
f 3860//11697 3848//11697 1449//11697
f 3905//11698 3874//11698 582//11698
f 3886//11699 3889//11699 577//11699
f 3847//11700 3826//11700 1818//11700
f 705//11701 3902//11701 3887//11701
f 3816//11702 3912//11702 3907//11702
f 2111//1646 3883//1645 3911//11703
f 3810//11704 3829//11704 1366//11704
f 1812//11705 3839//11705 3822//11705
f 675//4767 3851//4766 3852//11706
f 3496//11707 3705//11707 3851//11707
f 2110//11708 3867//1854 3868//1856
f 2104//11709 3896//11709 3901//11709
f 2109//11710 3868//11710 3899//11710
f 3842//11711 3831//522 703//524
f 1680//11712 3811//11712 3846//11712
f 1639//11713 1627//11713 3819//11713
f 623//11714 3904//11714 3906//11714
f 2139//11715 2140//11715 3866//11715
f 1808//11716 1640//11716 3844//11716
f 3820//11717 3821//11717 1819//11717
f 3872//11718 3914//11718 3900//11718
f 1646//11719 3832//11719 3830//11719
f 3889//11720 3890//11720 633//11720
f 2139//11721 3865//11721 3875//11721
f 2156//11722 2155//11722 3871//11722
f 674//11723 3852//11723 3913//11723
f 2117//11724 3817//11724 3812//11724
f 1815//4789 3822//11725 3847//4790
f 3855//11726 3849//11726 1444//11726
f 697//11727 3906//11727 3912//11727
f 866//11728 842//11728 3836//11728
f 3864//11729 3869//11729 2136//11729
f 3585//11730 3731//11730 3726//11730
f 3583//11731 3740//11731 3731//11731
f 3753//4802 3746//11732 3738//4803
f 3740//4805 3583//11733 3581//4806
f 1088//11734 3738//11734 3746//11734
f 3739//11735 3740//11735 3743//11735
f 2791//11736 3492//11736 3493//11736
f 3492//11737 2808//11737 2807//11737
f 2792//11738 3493//11738 3494//11738
f 3493//11739 2807//11739 2806//11739
f 3508//11740 2909//11740 3494//11740
f 3516//11741 3494//11741 2806//11741
f 2948//11742 3503//11742 3791//11742
f 2105//11743 3908//11743 3896//11743
f 3538//11744 3802//11744 3804//11744
f 680//11745 3878//11745 3876//11745
f 1891//11746 1890//11746 3910//11746
f 2905//11747 3799//11747 3801//11747
f 2900//11748 3797//11748 3799//11748
f 2901//11749 3797//11749 3807//11749
f 2734//11750 2878//11750 3806//11750
f 2877//11751 3807//11751 3806//11751
f 2820//11752 3800//11752 3794//11752
f 2818//11753 3796//2862 3792//2864
f 2823//11754 3793//11754 3792//11754
f 2822//11755 3793//11755 3798//11755
f 2819//11756 2735//11756 3800//11756
f 2817//10169 3796//2853 3795//2855
f 2809//11757 3805//2850 3795//2852
f 2808//11758 3805//2841 3803//2843
f 2805//11759 3804//11759 3803//11759
f 1702//11760 3921//11760 3923//11760
f 3922//11761 3920//11761 1797//11761
f 3915//11762 3916//11762 1706//11762
f 3918//11763 3927//11763 1692//11763
f 1657//11764 3898//11764 3880//11764
f 1890//11765 1877//11765 3895//11765
f 3772//11766 3770//11766 1674//11766
f 1689//11767 1690//11767 3772//11767
f 3926//11768 3802//11768 3538//11768
f 3516//11769 3539//11769 1689//11769
f 3917//11770 3923//11770 1703//11770
f 1598//11771 3917//11771 3928//11771
f 3880//11772 3884//11772 1876//11772
f 1691//4850 1690//11773 3925//4851
f 3925//11774 3926//11774 1688//11774
f 3934//4917 3933//11775 3937//4918
f 3934//4920 3938//11776 3939//4921
f 3932//4923 3936//11777 3937//4924
f 3938//4926 3942//4926 3943//4926
f 3937//4928 3936//11778 3940//4929
f 3937//4931 3941//4931 3942//4932
f 3942//4933 3946//11779 3947//4934
f 3941//4936 3940//11780 3944//4937
f 3942//4939 3941//11781 3945//4940
f 3947//4942 3946//11782 3950//4943
f 3944//4945 3948//11783 3949//4946
f 3945//4948 3949//11784 3950//4949
f 3950//4951 3954//11785 3955//4952
f 3949//4954 3948//11786 3952//4955
f 3950//4957 3949//11787 3953//4958
f 3955//4960 3954//11788 3958//4961
f 3953//4963 3952//11789 3956//4964
f 3953//4966 3957//11790 3958//4967
f 3959//4969 3958//11791 3962//4970
f 3957//4972 3956//11792 3960//4973
f 3958//4975 3957//11793 3961//4976
f 3962//4978 3966//11794 3967//4978
f 3960//4980 3964//11795 3965//4981
f 3961//4983 3965//11796 3966//4984
f 3966//4986 3970//11797 3971//4987
f 3965//4989 3964//11798 3968//4989
f 3966//4991 3965//11799 3969//4992
f 3970//4994 3974//11800 3975//4995
f 3968//4997 3972//11801 3973//4998
f 3969//5000 3973//11802 3974//5001
f 3974//5003 3978//11803 3979//5004
f 3973//5006 3972//11804 3976//5007
f 3974//5009 3973//11805 3977//5010
f 3979//5012 3978//11806 3982//5013
f 3976//5015 3980//11807 3981//5015
f 3977//5016 3981//11808 3982//5017
f 3982//5019 3986//11809 3987//5020
f 3981//5022 3980//11810 3984//5023
f 3982//5025 3981//11811 3985//5026
f 3987//5028 3986//11812 3990//5029
f 3984//5030 3988//11813 3989//5031
f 3985//5033 3989//11814 3990//5034
f 3991//5036 3990//11815 3994//5037
f 3989//5039 3988//11816 3992//5040
f 3990//5042 3989//11817 3993//5043
f 3995//5045 3994//11818 3998//5046
f 3992//5048 3996//11819 3997//5049
f 3993//5051 3997//11820 3998//5052
f 3998//5054 4002//11821 4003//5055
f 3997//5057 3996//11822 4000//5058
f 3998//5060 3997//11823 4001//5061
f 4002//5063 4006//11824 4007//5064
f 4000//5066 4004//11825 4005//5067
f 4001//5069 4005//11826 4006//5070
f 4006//5072 4010//11827 4011//5073
f 4005//5075 4004//11828 4008//5076
f 4006//5078 4005//11829 4009//5079
f 4011//5081 4010//11830 4014//5082
f 4008//5084 4012//11831 4013//5085
f 4009//5087 4013//11832 4014//5088
f 4014//5090 4018//11833 4019//5091
f 4013//5093 4012//11834 4016//5094
f 4014//5096 4013//11835 4017//5097
f 4019//5099 4018//11836 4022//5100
f 4016//5102 4020//11837 4021//5103
f 4017//5105 4021//11838 4022//5106
f 4023//5108 4022//11839 4026//5109
f 4021//5111 4020//11840 4024//5112
f 4022//5114 4021//11841 4025//5115
f 4027//5117 4026//11842 4030//5118
f 4024//5120 4028//11843 4029//5121
f 4025//5123 4029//11844 4030//5124
f 4031//5126 4030//11845 4034//5127
f 4029//5129 4028//11846 4032//5130
f 4030//5132 4029//11847 4033//5133
f 4034//5135 4038//11848 4039//5136
f 4032//5138 4036//11849 4037//5139
f 4033//5141 4037//11850 4038//5142
f 4038//5144 4042//11851 4043//5145
f 4037//5147 4036//11852 4040//5148
f 4038//5150 4037//11853 4041//5151
f 4043//5153 4042//11854 4046//5154
f 4040//5156 4044//11855 4045//5157
f 4041//5159 4045//11856 4046//5160
f 4046//5162 4050//11857 4051//5163
f 4045//5165 4044//11858 4048//5166
f 4046//5168 4045//11859 4049//5169
f 4051//5171 4050//11860 4055//5172
f 4048//5174 4053//11861 4054//5175
f 4049//5177 4054//11862 4055//5178
f 4056//5180 4055//11863 4059//5181
f 4053//5183 4057//11864 4058//5184
f 4055//5186 4054//11865 4058//5187
f 4060//5234 4059//11866 3934//5235
f 4058//5237 4057//11867 3932//5238
f 4058//5240 3933//11868 3934//5241
f 4069//5244 4068//11869 4081//5245
f 4066//5247 4079//11870 4080//5247
f 4065//5249 4064//11871 4077//5249
f 4063//5251 4062//11872 4075//5251
f 4071//5253 4084//11873 4085//5254
f 4069//5256 4082//11874 4083//5256
f 4067//5258 4080//11875 4081//5259
f 4066//5261 4065//11876 4078//5261
f 4063//5263 4076//11877 4077//5264
f 4061//5266 4074//11878 4075//5267
f 4072//5269 4085//5270 4086//5270
f 4071//5272 4070//11879 4083//5272
f 4076//5273 4089//11880 4090//5273
f 4074//5275 4087//11881 4088//5276
f 4086//5278 4085//11882 4098//5279
f 4083//5281 4096//11883 4097//5282
f 4082//5284 4081//11884 4094//5285
f 4079//5287 4092//11885 4093//5287
f 4078//5289 4077//11886 4090//5290
f 4076//5292 4075//11887 4088//5293
f 4085//5295 4084//11888 4097//5296
f 4082//5298 4095//11889 4096//5299
f 4080//5301 4093//11890 4094//5302
f 4079//5304 4078//5304 4091//5304
f 4089//5305 4102//11891 4103//5306
f 4088//5308 4087//11892 4100//5309
f 4098//5311 4111//11893 4112//5312
f 4096//5314 4109//11894 4110//5315
f 4095//5317 4094//11895 4107//5317
f 4092//5319 4105//11896 4106//5320
f 4090//5322 4103//11897 4104//5322
f 4089//5324 4088//11898 4101//5325
f 4097//5326 4110//11899 4111//5327
f 4095//5329 4108//11900 4109//5330
f 4094//5332 4093//11901 4106//5332
f 4092//5334 4091//11902 4104//5334
f 4103//5335 4102//11903 4115//5336
f 4100//5337 4113//11904 4114//5338
f 4112//5340 4111//11905 4124//5340
f 4110//5342 4109//11906 4122//5343
f 4107//5345 4120//11907 4121//5346
f 4105//5348 4118//11908 4119//5348
f 4103//5350 4116//11909 4117//5351
f 4101//5353 4114//11910 4115//5354
f 4110//5356 4123//11911 4124//5357
f 4109//5359 4108//11912 4121//5360
f 4107//5362 4106//11913 4119//5363
f 4105//5365 4104//11914 4117//5365
f 4115//5367 4128//11915 4129//5368
f 4114//5370 4113//11916 4126//5371
f 4124//5373 4137//11917 4138//5374
f 4123//5376 4122//11918 4135//5377
f 4120//5379 4133//11919 4134//5379
f 4119//5381 4118//11920 4131//5381
f 4117//5383 4116//11921 4129//5383
f 4114//5385 4127//11922 4128//5385
f 4124//5387 4123//11923 4136//5388
f 4122//5390 4121//5390 4134//5390
f 4119//5392 4132//11924 4133//5392
f 4117//5394 4130//11925 4131//5394
f 4129//5396 4128//11926 4141//5396
f 4126//5398 4139//11927 4140//5399
f 4138//5401 4137//11928 4150//5402
f 4136//5403 4135//11929 4148//5404
f 4133//5406 4146//11930 4147//5407
f 4131//5409 4144//11931 4145//5409
f 4130//5411 4129//11932 4142//5411
f 4127//5413 4140//11933 4141//5414
f 4137//5416 4136//11934 4149//5417
f 4135//5419 4134//11935 4147//5420
f 4132//5422 4145//11936 4146//5422
f 4131//5424 4130//11937 4143//5424
f 4142//5426 4141//11938 4154//5427
f 4140//5429 4139//11939 4152//5430
f 4150//5432 4163//5432 4164//5433
f 4149//5435 4148//11940 4161//5436
f 4146//5438 4159//11941 4160//5439
f 4144//5441 4157//11942 4158//5442
f 4142//5444 4155//11943 4156//5445
f 4140//5447 4153//11944 4154//5448
f 4149//5450 4162//11945 4163//5451
f 4148//5453 4147//11946 4160//5454
f 4146//5456 4145//11947 4158//5457
f 4144//5459 4143//11948 4156//5459
f 4155//5461 4154//11949 4167//5462
f 4153//5464 4152//11950 4165//5465
f 4163//5467 4176//11951 4177//5468
f 4161//5470 4174//11952 4175//5470
f 4159//5472 4172//5472 4173//5472
f 4158//5474 4157//11953 4170//5475
f 4155//5477 4168//11954 4169//5478
f 4153//5480 4166//11955 4167//5481
f 4163//5483 4162//11956 4175//5484
f 4161//5485 4160//11957 4173//5485
f 4159//5487 4158//11958 4171//5488
f 4156//5490 4169//11959 4170//5491
f 4167//5493 4180//11960 4181//5494
f 4165//5496 4178//5496 4179//5497
f 4176//5499 4189//11961 4190//5500
f 4175//5502 4174//11962 4187//5503
f 4173//5505 4172//11963 4185//5506
f 4170//5508 4183//11964 4184//5509
f 4169//5511 4168//11965 4181//5511
f 4167//5513 4166//11966 4179//5514
f 4175//5516 4188//11967 4189//5517
f 4173//5519 4186//11968 4187//5520
f 4171//5522 4184//11969 4185//5523
f 4170//5524 4169//11970 4182//5525
f 4180//5527 4193//11971 4194//5528
f 4178//5530 4191//11972 4192//5531
f 4190//5533 4189//11973 4202//5534
f 4187//5536 4200//5538 4201//5537
f 4186//5539 4185//11974 4198//5539
f 4183//5541 4196//11975 4197//5542
f 4182//5544 4181//11976 4194//5544
f 4180//5546 4179//11977 4192//5546
f 4189//5548 4188//11978 4201//5549
f 4186//5551 4199//11979 4200//5552
f 4184//5554 4197//11980 4198//5555
f 4183//5557 4182//11981 4195//5557
f 4193//5559 4206//5560 4207//5560
f 4192//5562 4191//5562 4204//5562
f 4202//5564 4215//11982 4216//5565
f 4200//5567 4213//11983 4214//5568
f 4199//5570 4198//11984 4211//5571
f 4196//5573 4209//11985 4210//5573
f 4194//5575 4207//11986 4208//5576
f 4193//5578 4192//11987 4205//5579
f 4201//5581 4214//11988 4215//5582
f 4199//5584 4212//11989 4213//5585
f 4198//5586 4197//11990 4210//5586
f 4196//5588 4195//11991 4208//5589
f 4207//5591 4206//11992 4219//5591
f 4204//5592 4217//11993 4218//5593
f 4216//5595 4215//11994 4228//5596
f 4213//5598 4226//11995 4227//5599
f 4211//5601 4224//11996 4225//5601
f 4209//5603 4222//11997 4223//5603
f 4207//5605 4220//11998 4221//5606
f 4205//5607 4218//11999 4219//5608
f 4214//5610 4227//12000 4228//5611
f 4213//5613 4212//12001 4225//5614
f 4211//5616 4210//12002 4223//5617
f 4209//5619 4208//12003 4221//5619
f 4219//5621 4232//12004 4233//5621
f 4218//5623 4217//12005 4230//5623
f 4228//5625 4241//12006 4242//5625
f 4226//5627 4239//12007 4240//5628
f 4225//5630 4224//12008 4237//5631
f 4223//5633 4222//12009 4235//5634
f 4221//5636 4220//12010 4233//5636
f 4218//5638 4231//12011 4232//5639
f 4228//5641 4227//12012 4240//5642
f 4226//5643 4225//12013 4238//5644
f 4223//5646 4236//12014 4237//5646
f 4221//5647 4234//12015 4235//5647
f 4233//5649 4232//12016 4245//5650
f 4230//5652 4243//12017 4244//5652
f 4242//5654 4241//12018 4254//5654
f 4240//5656 4239//12019 4252//5657
f 4237//5659 4250//12020 4251//5659
f 4235//5661 4248//12021 4249//5662
f 4234//5664 4233//12022 4246//5665
f 4231//5667 4244//12023 4245//5668
f 4241//5670 4240//12024 4253//5671
f 4239//5673 4238//12025 4251//5673
f 4236//5675 4249//12026 4250//5676
f 4235//5678 4234//12027 4247//5678
f 4246//5680 4245//12028 4258//5681
f 4244//5683 4243//12029 4256//5684
f 4254//5686 4267//5686 4268//5687
f 4253//5689 4252//12030 4265//5690
f 4250//5692 4263//5692 4264//5692
f 4248//5694 4261//12031 4262//5694
f 4246//5696 4259//12032 4260//5697
f 4244//5699 4257//12033 4258//5699
f 4253//5701 4266//12034 4267//5702
f 4252//5704 4251//12035 4264//5705
f 4250//5707 4249//12036 4262//5707
f 4248//5709 4247//12037 4260//5709
f 4259//5710 4258//5710 4271//5711
f 4257//5712 4256//12038 4269//5713
f 4267//5715 4280//12039 4281//5716
f 4265//5718 4278//12040 4279//5719
f 4263//5721 4276//12041 4277//5722
f 4262//5724 4261//12042 4274//5724
f 4259//5726 4272//12043 4273//5727
f 4257//5729 4270//12044 4271//5730
f 4266//5732 4279//12045 4280//5733
f 4265//5735 4264//12046 4277//5736
f 4263//5738 4262//12047 4275//5739
f 4260//5741 4273//12048 4274//5742
f 4271//5744 4284//12049 4285//5745
f 4269//5747 4282//12050 4283//5748
f 4281//5750 4280//12051 4293//5751
f 4279//5753 4278//12052 4291//5754
f 4277//5756 4276//12053 4289//5757
f 4274//5759 4287//12054 4288//5759
f 4273//5761 4272//12055 4285//5762
f 4271//5764 4270//12056 4283//5765
f 4280//5767 4279//5768 4292//5768
f 4277//5770 4290//12057 4291//5771
f 4275//5773 4288//12058 4289//5773
f 4274//5775 4273//12059 4286//5775
f 4284//5777 4297//12060 4298//5778
f 4282//5780 4295//12061 4296//5781
f 4294//5783 4293//5784 4306//5784
f 4291//5786 4304//12062 4305//5787
f 4290//5789 4289//12063 4302//5790
f 4287//5792 4300//12064 4301//5793
f 4286//5795 4285//12065 4298//5796
f 4284//5798 4283//12066 4296//5799
f 4293//5801 4292//12067 4305//5802
f 4290//5804 4303//12068 4304//5805
f 4288//5807 4301//12069 4302//5808
f 4287//5810 4286//12070 4299//5810
f 4297//5812 4310//12071 4311//5813
f 4296//5815 4295//12072 4308//5816
f 4306//5818 4319//12073 4320//5819
f 4304//5821 4317//12074 4318//5822
f 4303//5824 4302//5824 4315//5824
f 4300//5826 4313//12075 4314//5826
f 4298//5827 4311//12076 4312//5827
f 4297//5829 4296//12077 4309//5830
f 4305//5832 4318//12078 4319//5833
f 4304//5835 4303//12079 4316//5835
f 4302//5837 4301//5837 4314//5837
f 4300//5839 4299//12080 4312//5839
f 4310//5841 4323//12081 4324//5842
f 4308//5844 4321//12082 4322//5845
f 4320//5847 4319//12083 4332//5848
f 4318//5850 4317//12084 4330//5851
f 4316//5853 4315//12085 4328//5854
f 4313//5856 4326//12086 4327//5856
f 4311//5858 4324//12087 4325//5859
f 4310//5861 4309//12088 4322//5862
f 4318//5864 4331//12089 4332//5865
f 4316//5867 4329//12090 4330//5868
f 4315//5870 4314//12091 4327//5871
f 4312//5873 4325//12092 4326//5873
f 4323//5875 4336//12093 4337//5876
f 4322//5878 4321//12094 4334//5879
f 4332//5881 4345//12095 4346//5882
f 4330//5884 4343//12096 4344//5885
f 4329//5887 4328//12097 4341//5888
f 4327//5890 4326//12098 4339//5890
f 4325//5892 4324//12099 4337//5892
f 4322//5894 4335//12100 4336//5895
f 4332//5897 4331//12101 4344//5898
f 4330//5899 4329//12102 4342//5900
f 4327//5902 4340//5902 4341//5902
f 4325//5904 4338//12103 4339//5904
f 4337//5906 4336//12104 4350//5907
f 4334//5909 4348//12105 4349//5910
f 4346//5912 4345//12106 4359//5913
f 4344//5915 4343//5916 4357//5916
f 4341//5918 4355//12107 4356//5919
f 4340//5921 4339//12108 4353//5922
f 4338//5924 4337//12109 4351//5925
f 4335//5927 4349//12110 4350//5928
f 4345//5930 4344//12111 4358//5931
f 4343//5933 4342//12112 4356//5934
f 4340//5936 4354//12113 4355//5937
f 4338//5939 4352//12114 4353//5940
f 4351//5942 4350//12115 4363//5943
f 4349//5945 4348//12116 4361//5946
f 4359//5948 4372//12117 4373//5949
f 4358//5951 4357//12118 4370//5951
f 4355//5953 4368//12119 4369//5953
f 4354//5955 4353//12120 4366//5955
f 4351//5957 4364//12121 4365//5958
f 4349//5960 4362//12122 4363//5961
f 4358//5963 4371//12123 4372//5964
f 4357//5966 4356//12124 4369//5967
f 4355//5969 4354//12125 4367//5970
f 4352//5972 4365//12126 4366//5973
f 4364//5975 4363//12127 4376//5976
f 4362//5978 4361//12128 4374//5979
f 4373//5981 4372//12129 4385//5982
f 4370//5983 4383//12130 4384//5983
f 4368//5985 4381//12131 4382//5985
f 4367//5987 4366//12132 4379//5988
f 4364//5990 4377//12133 4378//5991
f 4362//5993 4375//5993 4376//5994
f 4372//5996 4371//12134 4384//5997
f 4370//5999 4369//12135 4382//6000
f 4368//6002 4367//12136 4380//6003
f 4365//6005 4378//12137 4379//6006
f 4376//6008 4389//12138 4390//6009
f 4374//6011 4387//12139 4388//6012
f 4385//6014 4398//6015 4399//6015
f 4384//6017 4383//12140 4396//6018
f 4382//6020 4381//12141 4394//6021
f 4379//6023 4392//12142 4393//6024
f 4378//6026 4377//12143 4390//6027
f 4376//6029 4375//12144 4388//6029
f 4384//6031 4397//12145 4398//6032
f 4382//6034 4395//12146 4396//6035
f 4380//6037 4393//12147 4394//6037
f 4379//6039 4378//12148 4391//6040
f 4389//6042 4402//12149 4403//6043
f 4387//6045 4400//12150 4401//6046
f 4399//6048 4398//12151 4411//6049
f 4396//6051 4409//12152 4410//6052
f 4395//6054 4394//12153 4407//6055
f 4393//6057 4392//12154 4405//6058
f 4391//6060 4390//12155 4403//6061
f 4389//6063 4388//12156 4401//6064
f 4398//6066 4397//12157 4410//6067
f 4395//6069 4408//12158 4409//6070
f 4393//6071 4406//12159 4407//6072
f 4391//6074 4404//12160 4405//6075
f 4402//6077 4415//12161 4416//6078
f 4401//6079 4400//12162 4413//6080
f 4411//6082 4424//12163 4425//6083
f 4409//6085 4422//12164 4423//6085
f 4408//6087 4407//12165 4420//6088
f 4406//6090 4405//12166 4418//6090
f 4403//6092 4416//12167 4417//6092
f 4402//6094 4401//12168 4414//6095
f 4410//6097 4423//12169 4424//6098
f 4408//6100 4421//12170 4422//6101
f 4407//6103 4406//12171 4419//6104
f 4404//6106 4417//12172 4418//6107
f 4416//6109 4415//12173 4428//6110
f 4413//6112 4426//12174 4427//6113
f 4425//6115 4424//12175 4437//6116
f 4423//6118 4422//12176 4435//6119
f 4421//6121 4420//12177 4433//6122
f 4418//6124 4431//12178 4432//6125
f 4416//6127 4429//12179 4430//6128
f 4415//6130 4414//12180 4427//6131
f 4423//6133 4436//12181 4437//6134
f 4421//6136 4434//12182 4435//6137
f 4420//6139 4419//12183 4432//6140
f 4418//6142 4417//12184 4430//6143
f 4428//6145 4441//12185 4442//6146
f 4426//6148 4439//12186 4440//6149
f 4437//6151 4450//12187 4451//6152
f 4435//6154 4448//12188 4449//6155
f 4434//6157 4433//12189 4446//6158
f 4432//6160 4431//12190 4444//6161
f 4430//6163 4429//12191 4442//6164
f 4427//6166 4440//12192 4441//6167
f 4437//6169 4436//12193 4449//6169
f 4435//6171 4434//12194 4447//6172
f 4432//6173 4445//12195 4446//6174
f 4430//6176 4443//12196 4444//6176
f 4442//6178 4441//12197 4454//6179
f 4439//6181 4452//12198 4453//6182
f 4451//6184 4450//12199 4463//6185
f 4449//6187 4448//12200 4461//6188
f 4446//6190 4459//12201 4460//6190
f 4444//6192 4457//12202 4458//6192
f 4443//6194 4442//12203 4455//6194
f 4440//6196 4453//6196 4454//6197
f 4450//6198 4449//12204 4462//6199
f 4447//6201 4460//12205 4461//6202
f 4445//6204 4458//12206 4459//6205
f 4444//6206 4443//12207 4456//6207
f 4455//6209 4454//12208 4467//6210
f 4453//6212 4452//12209 4465//6213
f 4463//6215 4476//12210 4477//6216
f 4462//6217 4461//12211 4474//6218
f 4459//6220 4472//12212 4473//6221
f 4457//6223 4470//12213 4471//6224
f 4455//6226 4468//12214 4469//6226
f 4453//6227 4466//12215 4467//6228
f 4462//6230 4475//12216 4476//6230
f 4461//6232 4460//12217 4473//6233
f 4459//6235 4458//12218 4471//6236
f 4457//6238 4456//12219 4469//6238
f 4468//6271 4467//12220 4063//6272
f 4466//6274 4465//12221 4061//6275
f 4477//6277 4476//12222 4072//6278
f 4474//6280 4070//12223 4071//6281
f 4472//6283 4068//12224 4069//6284
f 4471//6286 4470//12225 4066//6286
f 4468//6288 4064//12226 4065//6288
f 4466//6290 4062//12227 4063//6291
f 4476//6294 4475//12228 4071//6295
f 4474//6297 4473//12229 4069//6298
f 4472//6300 4471//12230 4067//6300
f 4469//6302 4065//12231 4066//6303
f 3935//6305 4061//12232 4465//6306
f 4465//6308 4452//12233 4056//6309
f 4452//6311 4439//12234 4051//6312
f 4439//6314 4426//12235 4047//6315
f 4047//6317 4426//12236 4413//6317
f 4043//6319 4413//12237 4400//6320
f 4039//6322 4400//12238 4387//6322
f 4387//6324 4374//12239 4031//6325
f 4031//6327 4374//12240 4361//6328
f 4361//6330 4348//12241 4023//6331
f 4348//6333 4334//12242 4019//6334
f 4334//6336 4321//12243 4015//6337
f 4015//6339 4321//12244 4308//6340
f 4011//6342 4308//12245 4295//6343
f 4007//6345 4295//12246 4282//6345
f 4282//6347 4269//12247 3999//6348
f 3999//6350 4269//12248 4256//6351
f 4256//6353 4243//12249 3991//6354
f 4243//6356 4230//12250 3987//6357
f 4230//6359 4217//12251 3983//6360
f 3983//6362 4217//12252 4204//6363
f 3979//6365 4204//12253 4191//6366
f 3975//6368 4191//12254 4178//6369
f 4178//6371 4165//12255 3967//6372
f 3967//6374 4165//12256 4152//6375
f 4152//6377 4139//6378 3959//6378
f 4139//6379 4126//12257 3955//6379
f 4126//6381 4113//12258 3951//6382
f 3951//6384 4113//12259 4100//6385
f 3947//6387 4100//12260 4087//6388
f 3943//6390 4087//12261 4074//6391
f 4074//6393 4061//12262 3935//6393
f 4480//6395 4479//12263 4483//6396
f 4480//6398 4484//12264 4485//6399
f 4479//6401 4478//12265 4482//6402
f 4484//6404 4488//12266 4489//6405
f 4482//6407 4486//12267 4487//6408
f 4483//6410 4487//12268 4488//6411
f 4488//6413 4492//12269 4493//6414
f 4487//6416 4486//12270 4490//6417
f 4488//6419 4487//12271 4491//6420
f 4493//6422 4492//12272 4496//6423
f 4490//6425 4494//12273 4495//6426
f 4491//6428 4495//12274 4496//6429
f 4496//6431 4500//12275 4501//6432
f 4495//6434 4494//12276 4498//6435
f 4496//6437 4495//12277 4499//6438
f 4501//6440 4500//12278 4504//6441
f 4498//6443 4502//12279 4503//6444
f 4499//6446 4503//12280 4504//6447
f 4505//6449 4504//12281 4508//6450
f 4503//6452 4502//12282 4506//6453
f 4504//6455 4503//12283 4507//6456
f 4509//6458 4508//12284 4512//6459
f 4506//6461 4510//12285 4511//6462
f 4507//6464 4511//12286 4512//6465
f 4513//6466 4512//12287 4516//6467
f 4511//6469 4510//12288 4514//6470
f 4512//6472 4511//12289 4515//6473
f 4516//6475 4520//12290 4521//6476
f 4514//6478 4518//12291 4519//6479
f 4515//6481 4519//12292 4520//6482
f 4520//6484 4524//12293 4525//6485
f 4518//6487 4522//12294 4523//6488
f 4520//6490 4519//12295 4523//6491
f 4525//6493 4524//12296 4528//6494
f 4522//6496 4526//12297 4527//6496
f 4523//6498 4527//12298 4528//6499
f 4528//6501 4532//12299 4533//6502
f 4527//6504 4526//12300 4530//6505
f 4528//6507 4527//12301 4531//6508
f 4533//6510 4532//12302 4536//6511
f 4530//6513 4534//12303 4535//6514
f 4531//6516 4535//12304 4536//6517
f 4537//6519 4536//12305 4540//6520
f 4534//6522 4538//12306 4539//6523
f 4536//6525 4535//12307 4539//6525
f 4541//6527 4540//12308 4544//6528
f 4539//6530 4538//12309 4542//6531
f 4539//6533 4543//12310 4544//6534
f 4544//6536 4548//12311 4549//6537
f 4542//6539 4546//12312 4547//6540
f 4544//6542 4543//12313 4547//6542
f 4548//6544 4552//12314 4553//6545
f 4547//6547 4546//6548 4550//6548
f 4547//6550 4551//12315 4552//6551
f 4552//6553 4556//12316 4557//6554
f 4551//6556 4550//12317 4554//6557
f 4552//6559 4551//12318 4555//6560
f 4557//6562 4556//12319 4560//6563
f 4554//6565 4558//12320 4559//6566
f 4555//6568 4559//6568 4560//6568
f 4560//6570 4564//12321 4565//6571
f 4559//6573 4558//12322 4562//6573
f 4560//6575 4559//12323 4563//6576
f 4565//6578 4564//12324 4568//6579
f 4562//6581 4566//12325 4567//6582
f 4563//6584 4567//12326 4568//6585
f 4569//6587 4568//12327 4572//6588
f 4567//6590 4566//12328 4570//6591
f 4568//6593 4567//12329 4571//6594
f 4572//6596 4576//12330 4577//6597
f 4570//6599 4574//12331 4575//6600
f 4571//6602 4575//12332 4576//6603
f 4576//6605 4580//12333 4581//6606
f 4575//6608 4574//12334 4578//6609
f 4576//6611 4575//12335 4579//6612
f 4580//6614 4584//12336 4585//6615
f 4578//6617 4582//12337 4583//6617
f 4579//6619 4583//12338 4584//6620
f 4584//6622 4588//12339 4589//6623
f 4583//6625 4582//12340 4586//6626
f 4584//12341 4583//12341 4587//12341
f 4589//6629 4588//12342 4592//6630
f 4586//6626 4590//12343 4591//6632
f 4587//12344 4591//12344 4592//12344
f 4592//12345 4596//12345 4597//12345
f 4591//6635 4590//12346 4594//6636
f 4592//6638 4591//12347 4595//6639
f 4597//6641 4596//12348 4601//6642
f 4594//6644 4599//12349 4600//6645
f 4595//6647 4600//12350 4601//6648
f 4602//6650 4601//12351 4605//6651
f 4600//6653 4599//12352 4603//6654
f 4601//6656 4600//12353 4604//6657
f 4606//6697 4605//12354 4480//6698
f 4603//6700 4478//12355 4479//6701
f 4604//6703 4479//12356 4480//6704
f 4615//6707 4614//12357 4627//6708
f 4612//6710 4625//12358 4626//6711
f 4611//6713 4610//12359 4623//6713
f 4609//6715 4608//6715 4621//6715
f 4618//6716 4617//12360 4630//6717
f 4615//6719 4628//12361 4629//6720
f 4613//6722 4626//12362 4627//6723
f 4612//6725 4611//12363 4624//6726
f 4609//6728 4622//12364 4623//6729
f 4607//6731 4620//12365 4621//6732
f 4619//6734 4618//12366 4631//6735
f 4617//6737 4616//12367 4629//6738
f 4622//6740 4635//12368 4636//6741
f 4620//6743 4633//12369 4634//6744
f 4632//6746 4631//12370 4644//6747
f 4629//6749 4642//12371 4643//6750
f 4628//6752 4627//12372 4640//6753
f 4626//6755 4625//12373 4638//6755
f 4624//6757 4623//12374 4636//6758
f 4622//6760 4621//12375 4634//6761
f 4631//6763 4630//12376 4643//6764
f 4628//6766 4641//12377 4642//6766
f 4626//6768 4639//12378 4640//6768
f 4624//6770 4637//6770 4638//6771
f 4635//6773 4648//12379 4649//6774
f 4634//6776 4633//12380 4646//6777
f 4644//6779 4657//12381 4658//6780
f 4642//6782 4655//12382 4656//6782
f 4641//6784 4640//12383 4653//6785
f 4639//6787 4638//12384 4651//6787
f 4636//6789 4649//12385 4650//6789
f 4635//6791 4634//12386 4647//6792
f 4643//6794 4656//12387 4657//6795
f 4642//6797 4641//12388 4654//6798
f 4640//6800 4639//12389 4652//6801
f 4637//6803 4650//12390 4651//6804
f 4648//6806 4661//12391 4662//6807
f 4646//6809 4659//12392 4660//6810
f 4658//6812 4657//12393 4670//6813
f 4656//6815 4655//12394 4668//6816
f 4653//6818 4666//12395 4667//6819
f 4651//6821 4664//12396 4665//6822
f 4649//6824 4662//12397 4663//6824
f 4648//6826 4647//12398 4660//6826
f 4656//6827 4669//12399 4670//6828
f 4654//6830 4667//12400 4668//6831
f 4653//6833 4652//12401 4665//6834
f 4651//6836 4650//12402 4663//6836
f 4661//6838 4674//12403 4675//6839
f 4660//6841 4659//12404 4672//6842
f 4670//6843 4683//12405 4684//6844
f 4668//6846 4681//12406 4682//6847
f 4667//6849 4666//12407 4679//6850
f 4665//6852 4664//12408 4677//6852
f 4663//6854 4662//6854 4675//6854
f 4661//6856 4660//12409 4673//6857
f 4670//6859 4669//6860 4682//6860
f 4667//6862 4680//12410 4681//6863
f 4665//6865 4678//12411 4679//6866
f 4663//6868 4676//12412 4677//6868
f 4675//6870 4674//12413 4687//6871
f 4672//6873 4685//12414 4686//6873
f 4684//6875 4683//12415 4696//6876
f 4682//6878 4681//12416 4694//6879
f 4679//6881 4692//12417 4693//6882
f 4678//6884 4677//12418 4690//6884
f 4676//6886 4675//12419 4688//6887
f 4673//6889 4686//12420 4687//6890
f 4683//6892 4682//12421 4695//6893
f 4681//6895 4680//12422 4693//6896
f 4678//6898 4691//12423 4692//6899
f 4676//6901 4689//12424 4690//6901
f 4688//6903 4687//12425 4700//6904
f 4686//6906 4685//12426 4698//6907
f 4696//6908 4709//12427 4710//6908
f 4695//6910 4694//12428 4707//6911
f 4692//6913 4705//12429 4706//6914
f 4691//6916 4690//12430 4703//6917
f 4688//6919 4701//12431 4702//6920
f 4686//6922 4699//12432 4700//6923
f 4695//6925 4708//12433 4709//6926
f 4694//6928 4693//12434 4706//6929
f 4692//6931 4691//12435 4704//6931
f 4689//6933 4702//12436 4703//6933
f 4701//6935 4700//12437 4713//6936
f 4699//6938 4698//12438 4711//6939
f 4710//6941 4709//12439 4722//6942
f 4707//6944 4720//12440 4721//6945
f 4705//6947 4718//6947 4719//6948
f 4704//6950 4703//12441 4716//6951
f 4701//6953 4714//12442 4715//6953
f 4699//6955 4712//12443 4713//6956
f 4709//6958 4708//12444 4721//6959
f 4707//6961 4706//12445 4719//6962
f 4705//6964 4704//12446 4717//6965
f 4702//6967 4715//12447 4716//6968
f 4713//6970 4726//12448 4727//6970
f 4711//6972 4724//12449 4725//6973
f 4723//6975 4722//12450 4735//6976
f 4721//6978 4720//12451 4733//6979
f 4719//6981 4718//12452 4731//6982
f 4716//6984 4729//12453 4730//6985
f 4715//6987 4714//12454 4727//6988
f 4713//6990 4712//12455 4725//6991
f 4721//6993 4734//12456 4735//6994
f 4719//6996 4732//12457 4733//6997
f 4717//6999 4730//12458 4731//7000
f 4716//7002 4715//12459 4728//7002
f 4726//7004 4739//12460 4740//7005
f 4724//7007 4737//12461 4738//7008
f 4736//7009 4735//7009 4748//7010
f 4733//7012 4746//12462 4747//7013
f 4732//7015 4731//12463 4744//7016
f 4730//7018 4729//12464 4742//7018
f 4728//7020 4727//12465 4740//7021
f 4726//7023 4725//12466 4738//7024
f 4735//7026 4734//12467 4747//7027
f 4732//7029 4745//12468 4746//7030
f 4730//7032 4743//12469 4744//7032
f 4728//7034 4741//12470 4742//7035
f 4739//7037 4752//12471 4753//7038
f 4738//7040 4737//12472 4750//7041
f 4748//7043 4761//12473 4762//7044
f 4746//7046 4759//12474 4760//7047
f 4745//7049 4744//12475 4757//7050
f 4743//7052 4742//12476 4755//7053
f 4740//7055 4753//12477 4754//7055
f 4739//7057 4738//12478 4751//7058
f 4747//7060 4760//12479 4761//7061
f 4745//7063 4758//12480 4759//7063
f 4744//7065 4743//12481 4756//7066
f 4741//7068 4754//12482 4755//7069
f 4753//7071 4752//12483 4765//7071
f 4750//7072 4763//7073 4764//7073
f 4762//7075 4761//12484 4774//7076
f 4759//7078 4772//12485 4773//7079
f 4758//7081 4757//12486 4770//7082
f 4755//7084 4768//12487 4769//7085
f 4753//7087 4766//12488 4767//7087
f 4752//7088 4751//12489 4764//7088
f 4760//7090 4773//12490 4774//7091
f 4758//7093 4771//5613 4772//7093
f 4757//7095 4756//12491 4769//7095
f 4755//7097 4754//12492 4767//7097
f 4765//7099 4778//12493 4779//7099
f 4764//7101 4763//12494 4776//7102
f 4774//7104 4787//12495 4788//7105
f 4772//7107 4785//12496 4786//7108
f 4771//7110 4770//12497 4783//7111
f 4769//7113 4768//12498 4781//7113
f 4767//7115 4766//12499 4779//7116
f 4765//7118 4764//12500 4777//7119
f 4774//7121 4773//12501 4786//7122
f 4771//7124 4784//12502 4785//7124
f 4769//7126 4782//12503 4783//7127
f 4767//7129 4780//12504 4781//7129
f 4779//7131 4778//12505 4791//7131
f 4776//7133 4789//12506 4790//7134
f 4788//7136 4787//12507 4800//7137
f 4786//7139 4785//12508 4798//7140
f 4783//7142 4796//12509 4797//7143
f 4782//7144 4781//12510 4794//7144
f 4780//7146 4779//12511 4792//7146
f 4777//7148 4790//12512 4791//7149
f 4787//7151 4786//12513 4799//7152
f 4785//7154 4784//12514 4797//7155
f 4782//7157 4795//12515 4796//7157
f 4780//7159 4793//7160 4794//7159
f 4792//7161 4791//12516 4804//7162
f 4790//7164 4789//12517 4802//7165
f 4800//7167 4813//12518 4814//7168
f 4799//7170 4798//12519 4811//7171
f 4796//7173 4809//12520 4810//7174
f 4795//7176 4794//12521 4807//7177
f 4792//7179 4805//12522 4806//7179
f 4790//7181 4803//12523 4804//7182
f 4799//7184 4812//12524 4813//7185
f 4798//7187 4797//12525 4810//7188
f 4796//7189 4795//12526 4808//7190
f 4793//7192 4806//12527 4807//7193
f 4805//7195 4804//12528 4817//7196
f 4803//7198 4802//12529 4815//7199
f 4814//7201 4813//12530 4826//7202
f 4811//7204 4824//12531 4825//7205
f 4809//7207 4822//12532 4823//7208
f 4808//7210 4807//12533 4820//7211
f 4805//7213 4818//12534 4819//7214
f 4803//7216 4816//7216 4817//7217
f 4813//5734 4812//12535 4825//7218
f 4811//7220 4810//12536 4823//7221
f 4809//7223 4808//12537 4821//7224
f 4806//7226 4819//12538 4820//7226
f 4817//7228 4830//12539 4831//7228
f 4815//7229 4828//12540 4829//7230
f 4826//7232 4839//12541 4840//7233
f 4825//7234 4824//12542 4837//7234
f 4823//7235 4822//12543 4835//7236
f 4820//7237 4833//12544 4834//7238
f 4819//7240 4818//7241 4831//7241
f 4817//7242 4816//12545 4829//7243
f 4825//7245 4838//12546 4839//7246
f 4823//7248 4836//12547 4837//7248
f 4821//7250 4834//12548 4835//7251
f 4820//7253 4819//12549 4832//7253
f 4830//7255 4843//12550 4844//7256
f 4828//7258 4841//12551 4842//7259
f 4840//7261 4839//12552 4852//7262
f 4837//7264 4850//12553 4851//7265
f 4836//7267 4835//12554 4848//7267
f 4834//7269 4833//12555 4846//7269
f 4832//7271 4831//12556 4844//7272
f 4830//7274 4829//12557 4842//7275
f 4839//7277 4838//12558 4851//7278
f 4836//7280 4849//12559 4850//7281
f 4834//7283 4847//12560 4848//7284
f 4832//7286 4845//12561 4846//7286
f 4843//7288 4856//12562 4857//7288
f 4842//7290 4841//12563 4854//7291
f 4852//7293 4865//12564 4866//7294
f 4850//7295 4863//12565 4864//7296
f 4849//7298 4848//12566 4861//7299
f 4847//7301 4846//12567 4859//7301
f 4844//7303 4857//12568 4858//7303
f 4843//7305 4842//12569 4855//7306
f 4851//7308 4864//12570 4865//7309
f 4849//7311 4862//12571 4863//7311
f 4848//7313 4847//12572 4860//7313
f 4845//7315 4858//12573 4859//7315
f 4857//7317 4856//12574 4869//7318
f 4855//7320 4854//12575 4867//7321
f 4866//7323 4865//12576 4878//7324
f 4864//7326 4863//7327 4876//7327
f 4862//7329 4861//12577 4874//7330
f 4859//7332 4872//12578 4873//7332
f 4857//7334 4870//12579 4871//7334
f 4856//7336 4855//12580 4868//7337
f 4864//7339 4877//12581 4878//7339
f 4862//7340 4875//12582 4876//7341
f 4861//7343 4860//12583 4873//7344
f 4859//7346 4858//12584 4871//7346
f 4869//7348 4882//12585 4883//7349
f 4868//7351 4867//12586 4880//7352
f 4878//7354 4891//12587 4892//7355
f 4877//7357 4876//12588 4889//7357
f 4874//7358 4887//12589 4888//7359
f 4873//7361 4872//12590 4885//7361
f 4871//7363 4870//12591 4883//7363
f 4868//7365 4881//12592 4882//7366
f 4878//7368 4877//12593 4890//7369
f 4876//7371 4875//12594 4888//7371
f 4873//7372 4886//12595 4887//7372
f 4871//7374 4884//7374 4885//7374
f 4883//7376 4882//12596 4896//7376
f 4880//7377 4894//12597 4895//7378
f 4892//7380 4891//12598 4905//7381
f 4890//7383 4889//12599 4903//7384
f 4887//7386 4901//12600 4902//7387
f 4885//7389 4899//12601 4900//7389
f 4884//7391 4883//12602 4897//7392
f 4881//7394 4895//12603 4896//7395
f 4891//7397 4890//12604 4904//7398
f 4889//7400 4888//7401 4902//7401
f 4886//7403 4900//12605 4901//7403
f 4885//7405 4884//12606 4898//7406
f 4897//7408 4896//12607 4909//7408
f 4895//7410 4894//12608 4907//7411
f 4905//7413 4918//7413 4919//7414
f 4904//7416 4903//12609 4916//7417
f 4901//7419 4914//12610 4915//7420
f 4899//7422 4912//12611 4913//7422
f 4897//7424 4910//12612 4911//7424
f 4895//7426 4908//12613 4909//7427
f 4904//7429 4917//12614 4918//7429
f 4903//7431 4902//5966 4915//7432
f 4901//7434 4900//12615 4913//7435
f 4899//7437 4898//12616 4911//7438
f 4910//7440 4909//12617 4922//7441
f 4908//7443 4907//12618 4920//7444
f 4919//7446 4918//12619 4931//7447
f 4916//7449 4929//12620 4930//7450
f 4914//7452 4927//12621 4928//7453
f 4913//7455 4912//12622 4925//7456
f 4910//7458 4923//12623 4924//7459
f 4908//7461 4921//12624 4922//7462
f 4918//7464 4917//12625 4930//7465
f 4916//7467 4915//12626 4928//7468
f 4914//7470 4913//12627 4926//7471
f 4911//7473 4924//12628 4925//7473
f 4922//7475 4935//12629 4936//7476
f 4920//7478 4933//12630 4934//7479
f 4931//7481 4944//12631 4945//7481
f 4930//7482 4929//7482 4942//7482
f 4928//7484 4927//12632 4940//7485
f 4925//7487 4938//12633 4939//7488
f 4924//7490 4923//12634 4936//7491
f 4922//7493 4921//12635 4934//7494
f 4930//7496 4943//12636 4944//7497
f 4928//7499 4941//12637 4942//7500
f 4926//7502 4939//12638 4940//7503
f 4925//7505 4924//12639 4937//7506
f 4935//7508 4948//12640 4949//7509
f 4933//7511 4946//12641 4947//7512
f 4945//7514 4944//12642 4957//7514
f 4942//7516 4955//12643 4956//7517
f 4941//7519 4940//12644 4953//7520
f 4938//7522 4951//12645 4952//7523
f 4937//7525 4936//12646 4949//7526
f 4935//7528 4934//12647 4947//7529
f 4944//7531 4943//12648 4956//7532
f 4941//7534 4954//12649 4955//7534
f 4939//7536 4952//12650 4953//7537
f 4938//7539 4937//12651 4950//7540
f 4948//7542 4961//12652 4962//7543
f 4947//7545 4946//12653 4959//7546
f 4957//7548 4970//12654 4971//7549
f 4955//7551 4968//12655 4969//7552
f 4954//7554 4953//12656 4966//7554
f 4951//7556 4964//12657 4965//7556
f 4949//7558 4962//12658 4963//7559
f 4948//7561 4947//12659 4960//7562
f 4956//7564 4969//12660 4970//7565
f 4954//7567 4967//12661 4968//7568
f 4953//7570 4952//7570 4965//7570
f 4951//7571 4950//12662 4963//7572
f 4962//7574 4961//12663 4974//7575
f 4959//7577 4972//12664 4973//7578
f 4971//7580 4970//12665 4983//7581
f 4968//7583 4981//12666 4982//7584
f 4966//7586 4979//12667 4980//7587
f 4964//7589 4977//12668 4978//7589
f 4962//7591 4975//12669 4976//7591
f 4960//7593 4973//12670 4974//7594
f 4969//7596 4982//12671 4983//7597
f 4967//7599 4980//12672 4981//7600
f 4966//7602 4965//12673 4978//7603
f 4964//7605 4963//12674 4976//7605
f 4975//7607 4974//12675 4987//7608
f 4973//7610 4972//12676 4985//7611
f 4983//7613 4996//12677 4997//7614
f 4981//7616 4994//12678 4995//7617
f 4979//7619 4992//12679 4993//7620
f 4978//7622 4977//12680 4990//7622
f 4976//7624 4975//12681 4988//7625
f 4973//7627 4986//12682 4987//7628
f 4983//7630 4982//12683 4995//7631
f 4981//7633 4980//12684 4993//7634
f 4978//7635 4991//12685 4992//7635
f 4976//7637 4989//12686 4990//7638
f 4988//7640 4987//12687 5000//7641
f 4985//7643 4998//12688 4999//7644
f 4997//7646 4996//12689 5009//7647
f 4995//7649 4994//12690 5007//7650
f 4992//7652 5005//12691 5006//7653
f 4991//7655 4990//12692 5003//7656
f 4989//7658 4988//12693 5001//7658
f 4986//7660 4999//12694 5000//7661
f 4996//7663 4995//12695 5008//7664
f 4994//7666 4993//7666 5006//7667
f 4991//7669 5004//12696 5005//7670
f 4989//7672 5002//12697 5003//7672
f 5001//7674 5000//12698 5013//7674
f 4999//7675 4998//12699 5011//7676
f 5009//7678 5022//12700 5023//7679
f 5008//7680 5007//12701 5020//7681
f 5005//7683 5018//12702 5019//7684
f 5004//7686 5003//12703 5016//7687
f 5001//7689 5014//12704 5015//7690
f 4999//7692 5012//12705 5013//7693
f 5008//7695 5021//12706 5022//7696
f 5007//7698 5006//7698 5019//7698
f 5005//7700 5004//12707 5017//7701
f 5002//7703 5015//12708 5016//7704
f 5014//7749 5013//12709 4609//7750
f 5012//7752 5011//12710 4607//7753
f 5022//7755 4618//12711 4619//7756
f 5020//7758 4616//12712 4617//7759
f 5018//7761 4614//12713 4615//7762
f 5017//7764 5016//12714 4612//7765
f 5014//7767 4610//12715 4611//7768
f 5012//7770 4608//12716 4609//7771
f 5021//7774 4617//7774 4618//7775
f 5020//7776 5019//12717 4615//7777
f 5018//7779 5017//12718 4613//7780
f 5015//7782 4611//12719 4612//7782
f 4481//7784 4607//12720 5011//7785
f 5011//7787 4998//12721 4602//7788
f 4998//12722 4985//12722 4597//12722
f 4985//7791 4972//12723 4593//7792
f 4593//7794 4972//12724 4959//7795
f 4589//12725 4959//12725 4946//12725
f 4585//7798 4946//12726 4933//7799
f 4933//7801 4920//12727 4577//7802
f 4577//7804 4920//12728 4907//7805
f 4907//7807 4894//12729 4569//7808
f 4894//7810 4880//12730 4565//7811
f 4880//7813 4867//12731 4561//7814
f 4561//7816 4867//12732 4854//7817
f 4557//7819 4854//12733 4841//7820
f 4553//7822 4841//12734 4828//7823
f 4828//7825 4815//7825 4545//7825
f 4545//7827 4815//12735 4802//7827
f 4802//7829 4789//12736 4537//7830
f 4789//7832 4776//12737 4533//7833
f 4776//7835 4763//12738 4529//7836
f 4529//7838 4763//7839 4750//7839
f 4525//7841 4750//12739 4737//7842
f 4521//7844 4737//12740 4724//7845
f 4724//7847 4711//12741 4513//7847
f 4513//7848 4711//12742 4698//7848
f 4698//7850 4685//12743 4505//7851
f 4685//7853 4672//12744 4501//7854
f 4672//7856 4659//12745 4497//7857
f 4497//7859 4659//12746 4646//7860
f 4493//7862 4646//12747 4633//7863
f 4489//7865 4633//12748 4620//7866
f 4620//7868 4607//12749 4481//7869
