# Blender 4.4.0
# www.blender.org
#mtllib sentence01.000017.mtl
#o sentence01.000017
v 0.051921 -0.028988 -0.020946
v 0.055166 -0.027394 -0.019713
v 0.055986 -0.026936 -0.021284
v 0.052752 -0.028616 -0.021966
v 0.066150 -0.035005 -0.021066
v 0.067441 -0.030868 -0.024609
v 0.066972 -0.030074 -0.027267
v 0.066744 -0.032699 -0.027334
v 0.022132 -0.085653 0.016300
v 0.008626 -0.090986 0.014831
v 0.007597 -0.085590 0.024810
v 0.019157 -0.077195 0.028880
v 0.032548 -0.053994 0.050806
v 0.028007 -0.060767 0.042919
v 0.028345 -0.061683 0.055724
v 0.035423 -0.053061 0.058955
v 0.021422 0.052632 -0.077651
v 0.029023 0.047556 -0.076592
v 0.028290 0.052158 -0.070880
v -0.071707 -0.040760 -0.026417
v -0.075426 -0.039622 -0.025428
v -0.075996 -0.039313 -0.026886
v -0.072218 -0.040552 -0.027475
v -0.082431 -0.048927 -0.026564
v -0.083740 -0.044827 -0.030122
v -0.083111 -0.043880 -0.032447
v -0.082454 -0.046609 -0.032518
v 0.021334 0.056446 -0.071942
v 0.084342 -0.042774 -0.042487
v 0.084776 -0.044160 -0.039854
v 0.085452 -0.042670 -0.037883
v 0.084874 -0.041080 -0.040102
v 0.079982 -0.043922 -0.025275
v 0.079991 -0.044394 -0.032546
v 0.081604 -0.044649 -0.035011
v 0.082042 -0.044303 -0.032648
v 0.080640 -0.040351 -0.015009
v 0.079249 -0.040244 -0.015703
v 0.080782 -0.042443 -0.020064
v 0.082707 -0.042860 -0.019534
v 0.063233 -0.014027 0.006080
v 0.066673 -0.016948 0.002562
v 0.066892 -0.018021 0.005964
v 0.061837 -0.016242 0.007539
v 0.058455 -0.017700 0.004891
v 0.063560 -0.022005 0.005201
v 0.063226 -0.023567 0.000892
v 0.059011 -0.020492 0.000891
v 0.078750 -0.030397 -0.052077
v 0.079775 -0.029073 -0.048542
v 0.078590 -0.026725 -0.047611
v 0.077163 -0.028150 -0.051044
v 0.062597 -0.039906 -0.022670
v 0.060684 -0.038049 -0.016759
v 0.066670 -0.040272 -0.021272
v 0.067171 -0.041019 -0.023691
v 0.077583 -0.035863 -0.042696
v 0.078299 -0.038863 -0.043180
v 0.078835 -0.040335 -0.040980
v 0.077470 -0.038150 -0.039799
v 0.081048 -0.043708 -0.044407
v 0.081529 -0.045164 -0.041451
v 0.061383 -0.015123 -0.004476
v 0.060629 -0.014792 -0.008064
v 0.060979 -0.016310 -0.009306
v 0.061295 -0.017598 -0.008163
v 0.065140 -0.032451 -0.020988
v 0.066986 -0.029744 -0.025721
v 0.076619 -0.034353 -0.004392
v 0.076379 -0.033495 -0.006478
v 0.078994 -0.036921 -0.010576
v 0.079081 -0.038197 -0.009176
v 0.073912 -0.031120 -0.008591
v 0.076238 -0.034555 -0.011461
v 0.077017 -0.036818 -0.012241
v 0.076270 -0.034547 -0.010025
v 0.080407 -0.036869 -0.045026
v 0.079003 -0.031839 -0.047403
v 0.080507 -0.030691 -0.046167
v 0.082111 -0.034968 -0.043908
v 0.069576 -0.040810 -0.034635
v 0.067971 -0.039106 -0.039425
v 0.066813 -0.039228 -0.038877
v 0.067920 -0.040755 -0.034799
v 0.080642 -0.041711 -0.042080
v 0.081036 -0.043139 -0.039793
v 0.079164 -0.041989 -0.038562
v 0.068542 -0.025330 -0.040722
v 0.070176 -0.027204 -0.041789
v 0.070317 -0.028134 -0.040227
v 0.070092 -0.027352 -0.039067
v 0.066825 -0.021757 0.006395
v 0.059239 -0.031590 -0.008884
v 0.060965 -0.033215 -0.009269
v 0.063801 -0.035882 -0.013136
v 0.062116 -0.036291 -0.014328
v 0.057807 -0.012099 0.003164
v 0.061259 -0.012109 0.003441
v 0.062037 -0.013360 0.004738
v 0.058909 -0.013031 0.006105
v 0.071272 -0.027222 -0.044932
v 0.073319 -0.028871 -0.044035
v 0.071497 -0.028541 -0.043420
v 0.070194 -0.027255 -0.043992
v 0.078215 -0.042842 -0.030795
v 0.077706 -0.040210 -0.037122
v 0.077984 -0.036612 -0.021728
v 0.077777 -0.040127 -0.022097
v 0.078200 -0.037968 -0.017933
v -0.031023 -0.087075 0.013424
v -0.016945 -0.091795 0.012953
v -0.017244 -0.086357 0.022223
v -0.029074 -0.079330 0.026529
v 0.077459 -0.034912 -0.017818
v 0.077498 -0.036567 -0.029672
v 0.077548 -0.040545 -0.029750
v 0.082803 -0.041673 -0.037452
v 0.082969 -0.043206 -0.031665
v 0.082038 -0.042430 -0.038330
v 0.066025 -0.037842 -0.042394
v 0.068203 -0.042854 -0.045413
v 0.066619 -0.044622 -0.039629
v 0.066207 -0.039470 -0.040117
v 0.060891 -0.017361 -0.013184
v 0.061620 -0.019069 -0.015506
v 0.059365 -0.021162 -0.013084
v 0.058760 -0.020262 -0.010403
v 0.064710 -0.034755 -0.010875
v 0.061956 -0.032443 -0.008145
v 0.062678 -0.031824 -0.007265
v 0.065457 -0.033396 -0.009047
v 0.075652 -0.030550 -0.044481
v 0.075467 -0.032040 -0.040244
v 0.073920 -0.030856 -0.040464
v 0.067573 -0.024685 -0.008856
v 0.068045 -0.026992 -0.010016
v 0.070438 -0.027390 -0.007764
v 0.069699 -0.025356 -0.005842
v 0.072073 -0.028389 0.002205
v 0.068958 -0.029122 0.001920
v 0.066194 -0.025398 0.004039
v 0.069526 -0.025084 0.004641
v 0.060486 -0.018908 -0.009347
v 0.060802 -0.016906 -0.010696
v 0.072356 -0.042222 -0.034708
v 0.070988 -0.039758 -0.040480
v 0.076774 -0.035978 -0.038438
v 0.077144 -0.037711 -0.036012
v 0.063821 -0.022857 -0.026607
v 0.062424 -0.024736 -0.027160
v 0.062378 -0.024670 -0.026179
v 0.064155 -0.022639 -0.024996
v 0.063464 -0.021377 -0.026181
v 0.063722 -0.021246 -0.024449
v 0.062927 -0.020476 -0.024421
v 0.062628 -0.020324 -0.025328
v 0.061715 -0.025347 -0.027288
v 0.062033 -0.025028 -0.027037
v 0.062416 -0.025036 -0.027631
v 0.068311 -0.033610 -0.030208
v 0.067578 -0.034968 -0.022684
v 0.067309 -0.035958 -0.021335
v 0.069454 -0.033258 -0.027100
v 0.078254 -0.042387 -0.023059
v 0.074560 -0.024084 -0.047884
v 0.072763 -0.025144 -0.050601
v 0.075493 -0.028629 -0.053145
v 0.060088 -0.031197 -0.011465
v 0.063965 -0.027953 -0.011457
v 0.062597 -0.026594 -0.011354
v 0.060017 -0.029519 -0.011152
v 0.060314 -0.024265 -0.017412
v 0.057502 -0.024363 -0.014128
v 0.061553 -0.021880 -0.015745
v 0.064759 -0.020511 -0.032235
v 0.064043 -0.023677 -0.028352
v 0.063448 -0.022469 -0.027420
v 0.063304 -0.021129 -0.027797
v 0.080666 -0.041246 -0.014507
v 0.082468 -0.044000 -0.019462
v 0.080231 -0.045139 -0.019820
v 0.078694 -0.042356 -0.014441
v 0.059274 -0.012099 -0.001116
v 0.054463 -0.016083 -0.000145
v 0.058209 -0.013349 -0.004626
v 0.082334 -0.037901 -0.049302
v 0.079884 -0.038517 -0.051288
v 0.080312 -0.040537 -0.049308
v 0.083142 -0.039808 -0.047321
v 0.066555 -0.027484 -0.033616
v 0.066042 -0.027724 -0.031498
v 0.066340 -0.026346 -0.032751
v 0.066164 -0.026161 -0.035107
v 0.046545 -0.070042 0.002310
v 0.055237 -0.049355 0.002227
v 0.059270 -0.060299 -0.011947
v 0.051038 -0.077719 -0.011529
v 0.072642 -0.027869 -0.000917
v 0.071657 -0.024781 0.001350
v 0.067013 -0.018521 -0.039958
v 0.065555 -0.018354 -0.041518
v 0.066011 -0.021791 -0.046784
v 0.068103 -0.019801 -0.043907
v 0.082419 -0.047189 -0.033926
v 0.085262 -0.046082 -0.032871
v 0.071103 -0.025534 -0.045052
v 0.073563 -0.028139 -0.047496
v 0.071738 -0.027359 -0.045516
v 0.070311 -0.025969 -0.044373
v 0.070616 -0.022826 -0.036967
v 0.071339 -0.022626 -0.038228
v 0.069585 -0.022930 -0.039213
v 0.068563 -0.023298 -0.037982
v 0.063650 -0.019677 -0.046370
v 0.065016 -0.024828 -0.051425
v 0.057632 -0.031328 -0.008007
v 0.069580 -0.020114 -0.038844
v 0.070454 -0.020208 -0.041371
v 0.072022 -0.022297 -0.039898
v -0.046678 -0.058954 0.048642
v -0.042251 -0.065487 0.040449
v -0.040191 -0.067560 0.053782
v -0.048162 -0.058544 0.056532
v 0.059607 -0.013205 -0.009391
v 0.061018 -0.014989 -0.010631
v 0.069765 -0.025833 -0.044112
v 0.068991 -0.025824 -0.043044
v 0.067855 -0.024298 -0.039197
v 0.068823 -0.026361 -0.038194
v 0.072673 -0.031627 -0.030815
v 0.073647 -0.032798 -0.022444
v 0.060247 -0.046125 -0.013006
v 0.055811 -0.031564 -0.000129
v 0.068418 -0.023316 -0.039707
v 0.068513 -0.023524 -0.040242
v 0.067878 -0.023406 -0.039506
v 0.067525 -0.023799 -0.038696
v 0.070251 -0.021689 0.003414
v 0.072294 -0.030943 -0.037248
v 0.069904 -0.028821 -0.035500
v 0.071252 -0.029178 -0.037490
v 0.082915 -0.043188 -0.023963
v 0.084475 -0.043050 -0.031276
v 0.086085 -0.044052 -0.031386
v 0.084454 -0.044082 -0.023785
v 0.056236 -0.016507 0.003447
v 0.066078 -0.029149 -0.030654
v 0.066896 -0.028769 -0.029285
v 0.067595 -0.026792 -0.036731
v 0.066795 -0.024311 -0.037854
v 0.061139 -0.014857 -0.013600
v 0.079525 -0.038633 -0.045848
v 0.080226 -0.040120 -0.044123
v 0.078175 -0.037517 -0.044809
v 0.078025 -0.035953 -0.045915
v 0.077538 -0.034270 -0.048237
v 0.077141 -0.033766 -0.048937
v 0.078862 -0.036874 -0.047460
v 0.069613 -0.027389 -0.037178
v 0.070641 -0.028259 -0.038128
v 0.067621 -0.022331 -0.008000
v 0.068662 -0.022056 -0.002682
v 0.077602 -0.035373 -0.014340
v 0.076086 -0.032580 -0.014967
v 0.077199 -0.045800 -0.025780
v 0.077413 -0.045777 -0.034255
v 0.074936 -0.043563 -0.034460
v 0.075271 -0.044049 -0.026395
v 0.067397 -0.041419 -0.029050
v 0.064313 -0.041912 -0.029891
v 0.062303 -0.019825 -0.026262
v 0.061892 -0.017763 -0.030209
v 0.066470 -0.026119 -0.035929
v 0.066501 -0.024702 -0.037623
v 0.068936 -0.037310 -0.012878
v 0.065126 -0.029960 -0.005932
v 0.069458 -0.035567 -0.010456
v 0.060620 -0.027956 -0.006255
v 0.060223 -0.025538 -0.005128
v 0.063154 -0.027110 -0.004382
v 0.073549 -0.030060 -0.010347
v 0.075935 -0.032404 -0.011700
v 0.062361 -0.025930 -0.026752
v 0.061392 -0.027814 -0.025153
v 0.060306 -0.025905 -0.026747
v 0.075881 -0.033788 -0.029960
v 0.076666 -0.034434 -0.022027
v 0.071193 -0.023151 -0.040429
v 0.067672 -0.023858 -0.030795
v 0.068361 -0.021566 -0.034265
v 0.074479 -0.023022 -0.043083
v 0.073177 -0.023466 -0.041791
v 0.072274 -0.023269 -0.041002
v 0.073062 -0.022335 -0.041424
v 0.054079 -0.028541 -0.017479
v 0.055895 -0.026550 -0.015568
v 0.057925 -0.025635 -0.018690
v 0.076412 -0.031287 -0.048167
v 0.076691 -0.032416 -0.046390
v 0.073538 -0.040991 -0.040789
v 0.070785 -0.028024 -0.042005
v 0.070794 -0.029161 -0.040627
v 0.071284 -0.038961 -0.053388
v 0.069822 -0.034713 -0.051391
v 0.069109 -0.033411 -0.051727
v 0.070634 -0.034419 -0.055982
v 0.059428 -0.021944 -0.001579
v 0.062499 -0.024690 -0.001490
v 0.062124 -0.025344 -0.003259
v 0.059943 -0.023404 -0.003660
v 0.061381 -0.026240 -0.011297
v 0.059519 -0.028557 -0.011016
v 0.078032 -0.039517 -0.015853
v 0.077662 -0.037862 -0.014927
v 0.078274 -0.040474 -0.018929
v 0.078582 -0.042210 -0.020329
v 0.067127 -0.030543 -0.034548
v 0.067366 -0.029022 -0.033213
v 0.067662 -0.034205 -0.046489
v 0.070494 -0.035342 -0.048106
v 0.070183 -0.032895 -0.050231
v 0.068085 -0.033049 -0.048918
v 0.076082 -0.042859 -0.041204
v 0.070787 -0.029137 -0.039100
v 0.071060 -0.029967 -0.039164
v 0.070646 -0.028595 -0.039558
v 0.067785 -0.023732 -0.037113
v 0.069846 -0.023744 -0.035785
v 0.074557 -0.024311 -0.043381
v 0.077790 -0.026663 -0.046312
v 0.076715 -0.027980 -0.047054
v 0.073936 -0.024604 -0.044288
v 0.069077 -0.024081 -0.041822
v 0.009720 -0.100599 0.004736
v 0.013156 -0.112093 -0.002718
v -0.051642 0.047618 -0.081467
v -0.058368 0.041557 -0.080427
v -0.058655 0.046133 -0.075065
v -0.051896 0.050897 -0.075464
v 0.070643 -0.025797 -0.050555
v 0.070797 -0.029250 -0.052094
v 0.072407 -0.028986 -0.052788
v 0.071489 -0.025935 -0.051243
v 0.077801 -0.035599 -0.044810
v 0.081380 -0.041106 -0.040939
v 0.067281 -0.027895 -0.027261
v 0.063942 -0.028991 -0.024283
v 0.052855 -0.029154 -0.023706
v 0.053385 -0.028773 -0.024919
v 0.054129 -0.029867 -0.024575
v 0.053970 -0.030425 -0.023657
v 0.056535 -0.031125 -0.017992
v 0.058456 -0.030142 -0.016914
v 0.056963 -0.028717 -0.015365
v 0.055515 -0.030440 -0.016594
v 0.051962 -0.029762 -0.020869
v 0.052434 -0.029437 -0.022426
v 0.053383 -0.030987 -0.021988
v 0.052746 -0.031675 -0.020343
v 0.075726 -0.029551 -0.048844
v 0.077699 -0.031655 -0.048465
v 0.083552 -0.039970 -0.039181
v 0.084176 -0.041416 -0.036996
v 0.080791 -0.037903 -0.044963
v 0.081228 -0.039435 -0.043033
v 0.061926 -0.018964 -0.018464
v 0.062715 -0.020640 -0.018526
v 0.062335 -0.020634 -0.016827
v 0.084565 -0.039377 -0.041742
v 0.083767 -0.041186 -0.044825
v 0.062074 -0.013628 -0.001181
v 0.060732 -0.012079 0.000707
v 0.030878 0.002862 0.063519
v 0.042478 -0.005737 0.059382
v 0.042238 -0.003756 0.069849
v 0.031366 0.005039 0.074498
v 0.073107 -0.022476 -0.046156
v 0.070752 -0.024032 -0.048872
v 0.051640 -0.030064 -0.018821
v 0.051689 -0.030210 -0.018674
v 0.054015 -0.029739 -0.016694
v 0.056765 -0.026779 -0.022842
v 0.053275 -0.028288 -0.023388
v 0.057673 -0.031011 -0.019606
v 0.057804 -0.028974 -0.025032
v 0.057409 -0.027663 -0.026244
v 0.055843 -0.025403 -0.012052
v 0.056996 -0.027343 -0.010993
v 0.058960 -0.023709 -0.010473
v 0.052810 -0.031747 -0.018098
v 0.067764 -0.028944 -0.036151
v 0.060827 -0.030374 -0.019921
v 0.062008 -0.032086 -0.017572
v 0.060564 -0.031419 -0.015441
v 0.059652 -0.030485 -0.017982
v 0.071949 -0.028507 -0.007659
v 0.071688 -0.028648 -0.009246
v 0.060655 -0.033207 -0.012788
v 0.064402 -0.030847 -0.011868
v 0.067875 -0.027555 -0.030220
v 0.069049 -0.024916 -0.033128
v 0.063337 -0.026359 -0.026904
v 0.061188 -0.029276 -0.022212
v 0.063255 -0.031279 -0.019801
v 0.057186 -0.026835 -0.024089
v 0.060315 -0.025154 -0.024344
v 0.060256 -0.025468 -0.025429
v 0.057403 -0.027045 -0.025110
v 0.072461 -0.030307 -0.040652
v 0.069184 -0.022086 -0.046918
v 0.071911 -0.021111 -0.043814
v 0.074602 -0.051703 -0.057185
v 0.073034 -0.055700 -0.049306
v 0.070827 -0.041999 -0.050294
v 0.058776 -0.030628 -0.021344
v 0.053873 -0.028772 -0.025496
v 0.054277 -0.028386 -0.024910
v 0.078037 -0.037023 -0.011735
v 0.060355 -0.022693 -0.009790
v 0.066864 -0.024370 -0.035192
v 0.076201 -0.044209 -0.021036
v 0.075042 -0.041998 -0.015824
v 0.066556 -0.024498 -0.036701
v 0.066705 -0.024451 -0.037750
v 0.058372 -0.028220 -0.010863
v 0.060510 -0.025082 -0.010802
v 0.066961 -0.024168 -0.038012
v 0.062690 -0.022119 -0.017959
v 0.076822 -0.034754 -0.039941
v 0.067281 -0.029790 -0.001393
v 0.064966 -0.026593 0.000042
v 0.053907 -0.028039 -0.024428
v 0.055747 -0.028066 -0.015659
v 0.057940 -0.029559 -0.023302
v 0.062046 -0.024065 -0.022010
v 0.061327 -0.023899 -0.019703
v 0.063105 -0.021904 -0.020385
v 0.066050 -0.031936 -0.013072
v 0.062011 -0.034672 -0.015340
v 0.063897 -0.035977 -0.016560
v 0.068440 -0.032489 -0.014508
v 0.073678 -0.039540 -0.010767
v 0.071665 -0.036101 -0.006298
v 0.074305 -0.035947 -0.003805
v 0.077109 -0.039442 -0.008706
v 0.076031 -0.062132 -0.073041
v 0.075267 -0.044298 -0.062468
v 0.076241 -0.048330 -0.077743
v 0.074692 -0.038922 -0.049140
v 0.074703 -0.040198 -0.046835
v 0.080683 -0.042164 -0.047042
v 0.068043 -0.029669 -0.054310
v 0.068560 -0.032165 -0.051722
v 0.070257 -0.029892 -0.051391
v 0.081302 -0.046869 -0.024799
v 0.066222 -0.018843 -0.036244
v 0.068732 -0.020543 -0.036459
v 0.067610 -0.038179 -0.014343
v 0.071099 -0.029392 -0.012294
v 0.073854 -0.030588 -0.013215
v 0.081113 -0.031524 -0.048422
v 0.079158 -0.028664 -0.046620
v -0.006460 0.032266 0.073302
v -0.006231 0.030567 0.083194
v -0.007821 0.072643 -0.026720
v -0.006536 0.071337 -0.026487
v -0.007845 0.070130 -0.028058
v -0.008328 0.070778 -0.028111
v -0.007934 0.072309 -0.018135
v -0.008205 0.071289 -0.019443
v -0.006634 0.070152 -0.019382
v -0.006206 0.071464 -0.018594
v -0.009350 0.070466 -0.028140
v -0.010763 0.073176 -0.026243
v -0.009872 0.073949 -0.026379
v -0.009006 0.070756 -0.028094
v 0.080946 -0.032551 -0.051443
v -0.004183 0.072280 -0.019251
v -0.004646 0.071273 -0.020700
v -0.004769 0.073142 -0.021310
v -0.003290 0.074147 -0.020492
v -0.012933 0.081198 -0.019302
v -0.011496 0.080845 -0.021596
v -0.012224 0.078478 -0.020600
v -0.012778 0.078556 -0.018532
v -0.009231 0.079872 -0.022216
v -0.007707 0.081970 -0.022363
v -0.005641 0.079829 -0.022547
v -0.007449 0.078004 -0.022029
v -0.010956 0.073319 -0.022376
v -0.010468 0.074828 -0.020323
v -0.012082 0.076610 -0.023067
v -0.004449 0.071453 -0.023159
v -0.004301 0.069999 -0.022252
v -0.006052 0.069865 -0.025512
v -0.006049 0.069965 -0.025905
v 0.032110 -0.000048 0.046845
v 0.043392 -0.009831 0.046535
v 0.016215 0.049680 -0.039022
v 0.015393 0.051074 -0.036479
v 0.011493 0.051532 -0.037943
v 0.012478 0.050208 -0.040071
v 0.063614 -0.020978 -0.022551
v 0.062819 -0.020078 -0.023408
v 0.075003 -0.041453 -0.044157
v 0.079541 -0.037327 -0.046371
v 0.074842 -0.037281 -0.050720
v 0.073975 -0.032919 -0.052237
v 0.071873 -0.032780 -0.051169
v 0.072391 -0.036278 -0.049428
v 0.083078 -0.036084 -0.045737
v 0.062539 -0.021547 -0.008512
v 0.074085 -0.032452 -0.036121
v 0.073175 -0.030817 -0.052730
v 0.076996 -0.030533 -0.053667
v 0.080820 -0.043154 -0.024556
v 0.083679 -0.037878 -0.044187
v 0.082470 -0.036794 -0.042717
v 0.076060 -0.023652 -0.044901
v 0.066714 -0.035990 -0.019470
v 0.072525 -0.032859 -0.019021
v 0.070760 -0.032717 -0.016222
v -0.101789 -0.057946 -0.048333
v -0.102975 -0.059675 -0.045536
v -0.103993 -0.058571 -0.043606
v -0.102749 -0.056651 -0.045900
v -0.097257 -0.058475 -0.031018
v -0.096464 -0.059375 -0.038132
v -0.097825 -0.059931 -0.040726
v -0.098933 -0.059378 -0.038373
v 0.065857 -0.036119 -0.017379
v 0.066924 -0.029152 -0.031952
v 0.061382 -0.012466 -0.014602
v 0.070603 -0.025896 -0.003240
v -0.099814 -0.055213 -0.020518
v -0.098012 -0.054600 -0.021453
v -0.099367 -0.057005 -0.025759
v -0.101751 -0.058043 -0.025066
v 0.072166 -0.028373 -0.004610
v 0.025298 -0.094024 0.003861
v 0.031161 -0.104695 -0.005207
v 0.083866 -0.045521 -0.024128
v 0.076056 -0.031045 -0.049029
v 0.065585 -0.021689 -0.008275
v 0.066378 -0.018460 -0.003370
v 0.064042 -0.017451 -0.004153
v 0.070910 -0.029834 -0.039736
v 0.066646 -0.037996 -0.015823
v 0.066411 -0.039232 -0.017980
v 0.054441 -0.029505 -0.025237
v 0.070338 -0.035672 -0.008538
v 0.066408 -0.029800 -0.003782
v 0.048249 -0.022023 0.045178
v 0.044746 -0.035927 0.042969
v -0.087871 -0.025510 0.002332
v -0.090146 -0.028889 -0.001236
v -0.090910 -0.029960 0.002414
v -0.086053 -0.027934 0.003876
v 0.044762 -0.031884 0.054372
v 0.047786 -0.018640 0.057334
v 0.059783 -0.015293 -0.028489
v 0.060976 -0.017096 -0.021332
v 0.061575 -0.014982 -0.020229
v 0.007501 0.023142 0.063770
v 0.006391 0.023839 0.077811
v 0.058338 -0.010362 -0.015882
v 0.054657 -0.001298 -0.016273
v 0.056103 -0.001765 -0.031026
v 0.057453 -0.010890 -0.025593
v 0.042370 0.031551 -0.061621
v 0.043349 0.026918 -0.062420
v 0.044587 0.027448 -0.053128
v 0.043095 0.031322 -0.054313
v 0.006015 0.040995 -0.116824
v -0.004351 0.041873 -0.117613
v -0.003301 0.037003 -0.125292
v 0.007163 0.035578 -0.124164
v 0.034240 -0.110418 -0.012858
v 0.036185 -0.115100 -0.024252
v 0.017325 -0.123112 -0.021049
v 0.015547 -0.117812 -0.010697
v 0.009805 0.016470 -0.143463
v -0.000641 0.018831 -0.144994
v 0.000032 0.008608 -0.150548
v -0.082227 -0.028976 0.001837
v -0.086122 -0.033831 0.002306
v -0.085088 -0.035313 -0.001595
v -0.081977 -0.031651 -0.001584
v 0.010686 0.006479 -0.148875
v 0.034312 0.043433 -0.035657
v 0.035851 0.044340 -0.030259
v 0.032021 0.046980 -0.029951
v 0.030768 0.045380 -0.035561
v 0.065268 -0.015695 0.001461
v 0.063903 -0.014635 0.000110
v -0.094962 -0.043655 -0.056684
v -0.096149 -0.043016 -0.053010
v -0.094797 -0.041104 -0.051607
v -0.093152 -0.041419 -0.055239
v -0.078492 -0.049591 -0.026285
v -0.078599 -0.048290 -0.019841
v -0.083615 -0.051154 -0.024811
v -0.083049 -0.051127 -0.027582
v 0.001582 -0.001716 -0.158160
v 0.012656 -0.003142 -0.156717
v -0.004302 0.057454 -0.048534
v -0.093064 -0.050849 -0.047792
v -0.093913 -0.053820 -0.048366
v -0.094718 -0.055355 -0.046341
v -0.093492 -0.053025 -0.045044
v -0.097781 -0.058040 -0.049896
v -0.098899 -0.059848 -0.046861
v -0.085733 -0.026703 -0.008856
v -0.084588 -0.026715 -0.012511
v -0.084791 -0.028494 -0.014271
v -0.085423 -0.029357 -0.013238
v -0.081677 -0.046219 -0.026649
v -0.083521 -0.043542 -0.031071
v -0.096043 -0.048357 -0.009428
v -0.095662 -0.047555 -0.011852
v -0.098098 -0.051409 -0.016142
v -0.097733 -0.052734 -0.014398
v -0.003794 0.054411 -0.050056
v -0.000467 0.053105 -0.046388
v -0.000949 0.055790 -0.044885
v -0.008123 0.053570 -0.091319
v -0.006814 0.050676 -0.098225
v 0.002101 0.050032 -0.097839
v 0.000307 0.053718 -0.090947
v 0.003576 0.051586 -0.043342
v 0.002718 0.053645 -0.041867
v -0.002379 0.031139 -0.131650
v 0.007954 0.029362 -0.130419
v 0.015319 -0.051178 -0.162589
v -0.093218 -0.045300 -0.014304
v -0.095158 -0.049100 -0.017196
v -0.095804 -0.051231 -0.018013
v -0.095382 -0.048871 -0.015809
v 0.016016 -0.042305 -0.162349
v 0.004832 -0.043035 -0.164711
v -0.096200 -0.051579 -0.050164
v -0.094879 -0.046496 -0.052199
v -0.096877 -0.045093 -0.051036
v -0.098556 -0.049614 -0.049294
v 0.005712 -0.056292 -0.165587
v 0.065441 -0.072804 -0.030483
v 0.064563 -0.054948 -0.029911
v 0.070414 -0.057826 -0.041074
v 0.070475 -0.076352 -0.047197
v 0.017992 0.010232 0.058828
v 0.017311 0.011724 0.070959
v -0.085502 -0.051481 -0.038925
v -0.083751 -0.049550 -0.043696
v -0.082288 -0.048747 -0.043078
v -0.083238 -0.050404 -0.038999
v -0.096533 -0.056842 -0.047577
v -0.097010 -0.058383 -0.045406
v -0.095061 -0.057082 -0.044048
v -0.085456 -0.039295 -0.044733
v -0.087102 -0.041357 -0.045843
v -0.086841 -0.042347 -0.044441
v -0.086701 -0.041636 -0.043220
v -0.089993 -0.033922 0.002771
v -0.079421 -0.041791 -0.011484
v -0.080784 -0.043924 -0.011958
v -0.082874 -0.047091 -0.016157
v -0.081116 -0.047017 -0.017273
v 0.036818 0.037057 -0.083512
v 0.040013 0.032288 -0.089055
v 0.042116 0.029455 -0.081700
v 0.039031 0.034487 -0.077371
v -0.010296 0.058702 -0.080323
v -0.003085 0.060399 -0.079929
v -0.005146 0.061128 -0.074112
v -0.011134 0.059608 -0.074518
v -0.082464 -0.023216 -0.000175
v -0.085936 -0.023547 -0.000269
v -0.086597 -0.024795 0.000951
v -0.083512 -0.024715 0.002326
v 0.043024 0.031849 -0.047022
v 0.044919 0.029016 -0.044168
v 0.043483 0.033842 -0.036320
v 0.041164 0.035707 -0.040073
v 0.037290 0.041059 -0.036452
v -0.087875 -0.041511 -0.049134
v -0.089492 -0.043518 -0.048575
v -0.087800 -0.042921 -0.047784
v -0.086943 -0.041387 -0.048084
v 0.038943 0.041218 -0.031372
v -0.095062 -0.057478 -0.036287
v -0.093974 -0.055030 -0.042531
v 0.004012 0.046843 -0.107865
v -0.005696 0.047714 -0.108172
v 0.043467 0.027746 -0.072228
v 0.040768 0.032548 -0.069896
v -0.006909 0.059893 -0.051955
v -0.006059 0.056052 -0.053134
v -0.008448 0.057934 -0.057067
v -0.096330 -0.051480 -0.027357
v -0.095805 -0.054765 -0.027735
v -0.096528 -0.052763 -0.023663
v -0.096013 -0.049859 -0.023450
v -0.012068 0.064436 -0.057580
v -0.012254 0.061552 -0.060391
v -0.009524 0.057754 -0.059760
v 0.018139 0.049403 -0.090687
v 0.020012 0.045437 -0.098022
v 0.027541 0.040728 -0.096860
v 0.025275 0.045069 -0.089879
v 0.009011 0.023830 -0.137113
v -0.095038 -0.051398 -0.035130
v -0.094923 -0.055149 -0.035231
v -0.001664 0.025481 -0.137929
v -0.012044 0.059341 -0.067909
v -0.007864 0.058168 -0.067777
v -0.008976 0.057097 -0.064705
v -0.099981 -0.056981 -0.043220
v -0.100686 -0.058324 -0.037427
v -0.098580 -0.057678 -0.044076
v -0.080917 -0.047196 -0.046675
v -0.080559 -0.051122 -0.049996
v -0.079826 -0.052034 -0.044037
v -0.080992 -0.048196 -0.044420
v -0.012252 0.059304 -0.065061
v 0.006990 0.052371 -0.039617
v 0.007798 0.050780 -0.041378
v 0.055371 -0.022639 -0.002472
v 0.057156 -0.020436 0.000165
v 0.060295 -0.014549 -0.046468
v 0.057470 -0.012004 -0.035840
v 0.055704 -0.003545 -0.043261
v 0.059597 -0.006517 -0.056807
v 0.063264 -0.010374 -0.069825
v 0.069706 -0.014393 -0.077779
v 0.067127 -0.022343 -0.061788
v 0.064000 -0.017769 -0.055783
v 0.037976 -0.042964 0.051934
v 0.035176 -0.047779 0.041899
v -0.012006 0.068195 -0.055093
v -0.012032 0.071533 -0.052697
v 0.020067 -0.132981 -0.067947
v -0.083638 -0.030248 -0.018598
v -0.083677 -0.032212 -0.020968
v -0.081984 -0.033793 -0.018817
v -0.082232 -0.032531 -0.015899
v 0.020229 -0.132167 -0.052534
v 0.040586 -0.124042 -0.056572
v 0.039983 -0.124365 -0.070043
v 0.059697 -0.066157 -0.020417
v -0.084189 -0.046049 -0.014128
v -0.081976 -0.043215 -0.011088
v -0.082914 -0.042697 -0.010419
v -0.085246 -0.044671 -0.012594
v 0.062873 -0.050873 -0.020634
v -0.005749 0.073394 -0.023987
v -0.007845 0.069272 -0.028199
v -0.007293 0.070340 -0.025126
v -0.007692 0.069276 -0.028185
v -0.005905 0.075727 -0.021823
v -0.003870 0.077378 -0.022043
v -0.006978 0.069455 -0.021053
v -0.008234 0.070072 -0.021063
v -0.008141 0.070670 -0.025316
v -0.007578 0.069428 -0.028291
v -0.016906 0.084413 -0.016745
v -0.016310 0.087476 -0.018231
v -0.011888 0.085988 -0.020443
v -0.013534 0.083800 -0.018781
v -0.009049 0.070412 -0.028209
v -0.010239 0.071886 -0.025638
v -0.011547 0.078232 -0.023783
v -0.008942 0.073620 -0.026636
v -0.008703 0.070821 -0.028156
v -0.009398 0.077212 -0.024251
v -0.011076 0.075643 -0.018269
v -0.007617 0.075509 -0.024300
v -0.091300 -0.045480 -0.049316
v -0.091618 -0.046957 -0.045200
v -0.090099 -0.045583 -0.045205
v -0.088626 -0.037510 -0.014289
v -0.088531 -0.040163 -0.015499
v -0.090302 -0.040987 -0.013079
v -0.090299 -0.038471 -0.010882
v 0.069204 -0.028431 -0.011169
v 0.042367 -0.010298 0.029327
v 0.048477 -0.017419 0.015604
v 0.049253 -0.021667 0.017189
v -0.093181 -0.041516 -0.002297
v -0.090290 -0.041911 -0.001801
v -0.088626 -0.037647 0.000523
v -0.091896 -0.037730 0.000496
v -0.084373 -0.031006 -0.014689
v -0.084186 -0.029433 -0.015831
v -0.088684 -0.054158 -0.039168
v -0.087243 -0.051295 -0.044884
v 0.046056 -0.016482 0.031846
v 0.072357 -0.030868 -0.039060
v 0.052756 0.012276 -0.088784
v 0.057430 0.004006 -0.099128
v 0.065557 -0.005521 -0.088417
v -0.092900 -0.050857 -0.043658
v -0.093763 -0.052432 -0.041380
v 0.060986 -0.002356 -0.079216
v 0.057311 -0.003145 -0.107401
v 0.064440 -0.012565 -0.097556
v 0.070825 -0.021559 -0.085335
v 0.074396 -0.035331 -0.065528
v 0.025977 0.047445 -0.049176
v 0.026010 0.047346 -0.049079
v 0.024329 0.048507 -0.048818
v -0.082804 -0.036206 -0.031565
v -0.081067 -0.037909 -0.032061
v -0.081372 -0.037823 -0.031337
v -0.083604 -0.036012 -0.030195
v 0.024466 0.048552 -0.048884
v 0.025678 0.047035 -0.049252
v 0.023975 0.047920 -0.048942
v -0.082837 -0.034716 -0.031002
v -0.083545 -0.034611 -0.029550
v -0.082943 -0.033751 -0.029432
v -0.082464 -0.033578 -0.030163
v 0.026756 0.046200 -0.049455
v 0.027106 0.046532 -0.049419
v 0.027188 0.046405 -0.049279
v 0.008244 0.049452 -0.050601
v 0.009022 0.049289 -0.050828
v 0.011594 0.049640 -0.049726
v 0.010836 0.050267 -0.049749
v 0.007958 0.049542 -0.050478
v 0.010674 0.050390 -0.049637
v -0.080295 -0.038489 -0.032442
v -0.080724 -0.038170 -0.032091
v -0.080911 -0.038236 -0.032566
v -0.083566 -0.048889 -0.035356
v -0.084490 -0.049819 -0.027680
v -0.083749 -0.050241 -0.026535
v -0.084514 -0.048340 -0.032448
v 0.012628 0.044161 -0.052670
v 0.012164 0.043993 -0.053008
v -0.095821 -0.056888 -0.028726
v 0.013398 0.044368 -0.052267
v 0.006759 0.047465 -0.052552
v 0.006876 0.047361 -0.053678
v -0.091107 -0.037715 -0.051457
v -0.089246 -0.037479 -0.054185
v -0.091499 -0.041130 -0.057132
v 0.012008 0.043857 -0.053796
v 0.011934 0.043846 -0.053245
v 0.006952 0.047827 -0.052193
v -0.080514 -0.043572 -0.017176
v -0.085148 -0.040519 -0.017423
v -0.084230 -0.039002 -0.017502
v -0.081111 -0.041759 -0.017129
v -0.081586 -0.037135 -0.023172
v -0.079601 -0.036760 -0.019906
v -0.083419 -0.034931 -0.021484
v -0.083125 -0.034014 -0.036217
v -0.082241 -0.037052 -0.033143
v -0.082333 -0.035794 -0.032117
v -0.082345 -0.034450 -0.032206
v -0.099659 -0.056472 -0.019526
v -0.101687 -0.059805 -0.024576
v -0.099186 -0.060336 -0.024539
v -0.097104 -0.057001 -0.019127
v 0.005390 0.047453 -0.051997
v 0.004551 0.046808 -0.052330
v -0.083745 -0.023236 -0.004591
v -0.078187 -0.026582 -0.002777
v -0.082600 -0.024566 -0.008261
v -0.098633 -0.051815 -0.054715
v -0.095532 -0.051807 -0.056255
v -0.096279 -0.054124 -0.054549
v -0.099798 -0.054164 -0.053043
v -0.082542 -0.041714 -0.038042
v -0.082225 -0.041708 -0.036150
v -0.082773 -0.040314 -0.036999
v -0.082602 -0.040196 -0.039134
v 0.004705 0.046923 -0.053949
v 0.015879 0.050580 -0.048583
v 0.016000 0.050418 -0.047873
v 0.011229 0.050267 -0.048391
v 0.010897 0.050361 -0.049172
v 0.015762 0.050583 -0.048956
v 0.019217 0.049979 -0.048931
v 0.019240 0.049864 -0.048542
v 0.019230 0.049729 -0.047805
v -0.058762 -0.075747 -0.001510
v -0.071429 -0.059161 -0.000967
v -0.073154 -0.069101 -0.015690
v -0.062082 -0.082657 -0.016273
v -0.093242 -0.041260 -0.005706
v -0.093427 -0.037807 -0.003130
v -0.085027 -0.032380 -0.043120
v -0.083850 -0.031227 -0.044669
v -0.083768 -0.033156 -0.050103
v -0.085505 -0.033162 -0.047098
v 0.007955 0.049746 -0.049411
v 0.007919 0.049694 -0.050210
v 0.019119 0.049578 -0.047168
v 0.016117 0.050143 -0.047278
v -0.100714 -0.062296 -0.039259
v -0.104213 -0.062091 -0.038383
v 0.011393 0.049935 -0.047857
v 0.007913 0.049733 -0.049098
v 0.005267 0.049035 -0.050605
v 0.006392 0.049305 -0.050539
v 0.015964 0.049813 -0.046527
v 0.015801 0.049247 -0.045871
v 0.010971 0.049200 -0.046627
v 0.011247 0.049609 -0.047253
v -0.087758 -0.039797 -0.049155
v -0.089407 -0.042713 -0.051936
v -0.087989 -0.041736 -0.049853
v -0.087081 -0.040116 -0.048463
v -0.087703 -0.037337 -0.040759
v -0.088334 -0.037312 -0.041936
v -0.086506 -0.037345 -0.042862
v -0.085514 -0.037562 -0.041623
v 0.019022 0.049167 -0.046379
v 0.018828 0.048707 -0.045567
v -0.082448 -0.030462 -0.049614
v -0.082619 -0.034142 -0.054816
v 0.028282 0.044630 -0.049249
v 0.028960 0.043887 -0.049598
v 0.028746 0.043771 -0.049097
v -0.077507 -0.041005 -0.010402
v 0.028277 0.044081 -0.048784
v 0.030603 0.040880 -0.046545
v 0.031955 0.040533 -0.047839
v 0.033607 0.039588 -0.047409
v -0.087003 -0.034558 -0.042323
v -0.087615 -0.034789 -0.044684
v -0.088864 -0.037137 -0.043497
v -0.083079 -0.025217 -0.013364
v -0.084349 -0.027491 -0.015242
v -0.086663 -0.039921 -0.048128
v -0.086030 -0.039794 -0.046973
v -0.084822 -0.038290 -0.043072
v -0.085398 -0.040581 -0.042193
v 0.031923 0.040159 -0.045923
v -0.089319 -0.046685 -0.035964
v -0.091338 -0.047854 -0.027769
v 0.039647 0.038244 -0.037798
v 0.034184 0.040132 -0.043206
v 0.036100 0.038718 -0.044648
v 0.027723 0.045339 -0.049152
v 0.027042 0.046207 -0.048910
v 0.027848 0.045588 -0.049391
v 0.028406 0.044755 -0.049570
v 0.027706 0.044826 -0.048474
v 0.026959 0.045781 -0.048266
v 0.025919 0.047129 -0.048772
v 0.025845 0.046801 -0.048075
v 0.024160 0.047998 -0.047841
v 0.024182 0.048266 -0.048546
v 0.022094 0.049164 -0.048480
v -0.075957 -0.055377 -0.016805
v -0.075311 -0.040515 -0.002916
v 0.022438 0.049295 -0.048837
v 0.022057 0.048942 -0.047730
v 0.024168 0.047624 -0.047167
v 0.022064 0.048708 -0.047067
v 0.025747 0.046266 -0.047378
v 0.026919 0.045161 -0.047664
v 0.027747 0.044173 -0.047984
v 0.028526 0.043520 -0.048292
v 0.029148 0.043161 -0.048807
v 0.027981 0.043465 -0.047400
v 0.028507 0.042604 -0.046645
v 0.027149 0.043740 -0.046222
v 0.026991 0.044519 -0.047035
v 0.028984 0.042753 -0.047815
v 0.029709 0.041771 -0.047184
v -0.085341 -0.037515 -0.043347
v -0.085479 -0.037649 -0.043986
v -0.084909 -0.037427 -0.043245
v -0.084429 -0.037894 -0.042303
v 0.025847 0.045667 -0.046738
v 0.025778 0.045050 -0.045964
v 0.023904 0.046508 -0.045664
v 0.024078 0.047107 -0.046460
v -0.093357 -0.034218 -0.000820
v -0.088396 -0.045485 -0.042139
v -0.086265 -0.043248 -0.040030
v -0.087598 -0.043591 -0.042024
v 0.021979 0.048216 -0.046366
v 0.021849 0.047619 -0.045488
v -0.101431 -0.058231 -0.029652
v -0.103022 -0.058452 -0.036939
v -0.105206 -0.060262 -0.036945
v -0.103426 -0.059944 -0.029299
v 0.015726 0.050668 -0.048842
v 0.015468 0.049908 -0.049014
v 0.018944 0.049520 -0.048824
v 0.019233 0.050071 -0.048830
v 0.022536 0.049402 -0.048769
v -0.080156 -0.027495 0.000459
v -0.081931 -0.043025 -0.035565
v -0.083167 -0.042592 -0.034240
v 0.021894 0.048906 -0.048780
v 0.018811 0.048580 -0.048706
v 0.017524 0.044419 -0.051214
v 0.018869 0.044131 -0.051189
v 0.021618 0.048033 -0.048638
v -0.084165 -0.040895 -0.040475
v -0.083710 -0.038231 -0.041551
v 0.015683 0.048913 -0.049077
v 0.015993 0.044627 -0.051385
v 0.012429 0.048750 -0.049988
v -0.084104 -0.027788 -0.018471
v 0.014518 0.044537 -0.051818
v 0.009747 0.048815 -0.050863
v 0.018125 0.049926 -0.062665
v 0.017927 0.050262 -0.063039
v 0.022960 0.050036 -0.061566
v 0.022791 0.049644 -0.061213
v 0.048136 -0.104770 -0.028649
v 0.051577 -0.111797 -0.045502
v 0.038795 -0.120550 -0.040056
v 0.025093 0.049902 -0.057164
v 0.025080 0.049196 -0.058822
v 0.027411 0.047719 -0.057368
v 0.027335 0.048232 -0.055810
v 0.025163 0.050754 -0.055387
v -0.095004 -0.053589 -0.051022
v -0.095910 -0.055183 -0.049487
v -0.093710 -0.052407 -0.049850
v -0.093634 -0.050803 -0.050883
v -0.093104 -0.048972 -0.053126
v -0.092737 -0.048440 -0.053775
v -0.094278 -0.051773 -0.052496
v -0.085980 -0.041766 -0.041450
v -0.087028 -0.042619 -0.042457
v 0.027233 0.048821 -0.054087
v 0.022398 0.052392 -0.056908
v -0.089418 -0.034966 -0.013115
v -0.090552 -0.034657 -0.007131
v -0.096238 -0.050249 -0.020059
v -0.095145 -0.047548 -0.020401
v -0.095337 -0.059551 -0.030444
v -0.095530 -0.059544 -0.039023
v -0.092211 -0.056489 -0.039027
v -0.092613 -0.057118 -0.030905
v 0.022409 0.051328 -0.058731
v 0.022509 0.050430 -0.060256
v 0.026449 0.044864 -0.053584
v 0.025692 0.045554 -0.054370
v -0.082683 -0.050991 -0.033133
v -0.078478 -0.050316 -0.033969
v -0.082114 -0.033012 -0.030858
v -0.081315 -0.030693 -0.034142
v -0.083036 -0.040154 -0.039781
v -0.083297 -0.038657 -0.041297
v -0.087880 -0.049257 -0.016600
v -0.085674 -0.041501 -0.009354
v -0.088887 -0.047816 -0.014367
v -0.081711 -0.038730 -0.008826
v -0.081984 -0.036453 -0.007459
v -0.084435 -0.038541 -0.007344
v 0.026254 0.046982 -0.053689
v 0.027310 0.045733 -0.053138
v 0.027204 0.044272 -0.053025
v 0.028018 0.044846 -0.052691
v 0.021885 0.042339 -0.053277
v 0.021517 0.042636 -0.053538
v 0.020998 0.043045 -0.053897
v -0.092798 -0.044583 -0.015774
v -0.094824 -0.047179 -0.017365
v 0.022097 0.042147 -0.053001
v -0.080879 -0.039220 -0.032095
v -0.079547 -0.041076 -0.030723
v -0.079018 -0.038904 -0.032074
v -0.092880 -0.048743 -0.035308
v -0.094745 -0.049443 -0.027533
v -0.087920 -0.037837 -0.044087
v 0.022186 0.042041 -0.052689
v -0.085160 -0.037797 -0.035286
v -0.085979 -0.035679 -0.038260
v -0.091202 -0.037998 -0.046625
v -0.089912 -0.038383 -0.045415
v -0.088880 -0.038129 -0.044644
v -0.089703 -0.037304 -0.045004
v -0.074519 -0.040545 -0.023287
v -0.076885 -0.038803 -0.021420
v -0.078606 -0.038293 -0.024483
v 0.022157 0.042004 -0.052374
v 0.022053 0.042132 -0.052157
v 0.040265 0.038876 -0.023786
v 0.041445 0.037712 -0.033137
v -0.092071 -0.046033 -0.052923
v -0.092343 -0.047235 -0.051256
v -0.089977 -0.053539 -0.045444
v 0.043021 0.034823 -0.025823
v 0.027738 0.045642 -0.049555
v -0.087550 -0.042277 -0.046162
v -0.087178 -0.043426 -0.044957
v 0.028336 0.044828 -0.049766
v -0.082078 -0.047600 -0.058113
v -0.082551 -0.043954 -0.055360
v -0.082676 -0.042826 -0.055350
v -0.082488 -0.043565 -0.060220
v 0.027378 0.045451 -0.049622
v -0.081931 -0.033023 -0.003732
v -0.084587 -0.036258 -0.004291
v -0.083930 -0.036712 -0.005971
v -0.082040 -0.034411 -0.005690
v -0.083346 -0.038597 -0.017435
v -0.081123 -0.040736 -0.017004
v 0.027931 0.044779 -0.049896
v -0.096515 -0.053926 -0.021584
v -0.096228 -0.052460 -0.020652
v -0.096363 -0.055017 -0.024673
v -0.096648 -0.056497 -0.026038
v 0.028981 0.044070 -0.050171
v 0.029197 0.043820 -0.050081
v 0.025119 0.046460 -0.049206
v 0.020773 0.043386 -0.051414
v 0.021309 0.043009 -0.051526
v -0.082738 -0.045033 -0.038920
v -0.082660 -0.043752 -0.037905
v -0.083253 -0.044938 -0.050253
v -0.085836 -0.046540 -0.052033
v -0.085277 -0.043669 -0.053929
v -0.083270 -0.043377 -0.052485
v -0.093094 -0.056275 -0.046091
v 0.025998 0.045647 -0.049630
v 0.023521 0.047208 -0.048936
v 0.019923 0.043773 -0.051283
v 0.021625 0.042747 -0.051717
v 0.021877 0.042384 -0.051906
v -0.087143 -0.043429 -0.043526
v -0.087395 -0.044254 -0.043708
v 0.026406 0.045075 -0.049917
v -0.087066 -0.042874 -0.043877
v 0.026950 0.044404 -0.050287
v 0.028370 0.044294 -0.050477
v -0.084673 -0.037878 -0.040851
v -0.086861 -0.038097 -0.039763
v -0.091094 -0.039217 -0.047221
v -0.093700 -0.041569 -0.050586
v -0.092457 -0.042913 -0.051350
v -0.090511 -0.039325 -0.048276
v 0.027509 0.043585 -0.051252
v 0.027611 0.043666 -0.051810
v 0.028506 0.044051 -0.050932
v -0.086012 -0.038172 -0.045742
v 0.028621 0.044067 -0.051445
v 0.027328 0.043842 -0.050811
v -0.017625 -0.101152 0.002052
v -0.019652 -0.113080 -0.005453
v 0.027503 0.043871 -0.052407
v 0.028463 0.044371 -0.051937
v 0.029266 0.043483 -0.049630
v 0.029556 0.043530 -0.050387
v 0.030084 0.043049 -0.051259
v 0.029729 0.042990 -0.049560
v -0.087012 -0.037251 -0.053899
v -0.086475 -0.040352 -0.055520
v -0.088211 -0.040726 -0.056435
v -0.087769 -0.037577 -0.054726
v -0.093257 -0.050501 -0.049823
v 0.030411 0.042301 -0.049554
v 0.029694 0.042310 -0.048471
v 0.031122 0.042633 -0.052019
v 0.032478 0.041841 -0.052820
v -0.097737 -0.056251 -0.046563
v -0.084267 -0.041687 -0.032241
v -0.081364 -0.042524 -0.029716
v 0.031617 0.041352 -0.049650
v 0.030593 0.041365 -0.048235
v 0.029433 0.043734 -0.050816
v -0.071855 -0.041117 -0.029125
v -0.072153 -0.040873 -0.030239
v -0.072750 -0.042032 -0.030014
v -0.072682 -0.042471 -0.029181
v 0.029530 0.043606 -0.051103
v 0.030624 0.043999 -0.052830
v -0.076100 -0.043167 -0.023969
v -0.078429 -0.042382 -0.023008
v -0.077608 -0.040875 -0.021393
v -0.075666 -0.042376 -0.022577
v 0.031311 0.043562 -0.054138
v 0.029961 0.044289 -0.052073
v 0.029425 0.045586 -0.052577
v 0.029812 0.045264 -0.053699
v -0.071442 -0.041420 -0.026516
v -0.071655 -0.041265 -0.027959
v -0.072325 -0.042809 -0.027602
v -0.072017 -0.043160 -0.026017
v 0.030209 0.044683 -0.054944
v 0.028771 0.046642 -0.054550
v -0.091381 -0.044266 -0.053444
v -0.093271 -0.046437 -0.053254
v 0.029029 0.046141 -0.056025
v 0.028569 0.047065 -0.053180
v 0.029375 0.044375 -0.051716
v -0.101059 -0.055368 -0.044989
v -0.102200 -0.057053 -0.042742
v -0.096611 -0.052853 -0.050282
v -0.097326 -0.054473 -0.048527
v 0.028860 0.045383 -0.052222
v 0.028189 0.046799 -0.052556
v 0.026971 0.048687 -0.052996
v -0.083279 -0.032198 -0.023601
v -0.083876 -0.033931 -0.023942
v -0.083889 -0.033878 -0.022328
v -0.102031 -0.054671 -0.047650
v -0.100791 -0.055991 -0.050702
v -0.086273 -0.025241 -0.005108
v -0.085217 -0.023376 -0.002911
v -0.054701 -0.005165 0.063263
v -0.065366 -0.015641 0.059001
v -0.064255 -0.012825 0.069413
v -0.054555 -0.002291 0.074682
v -0.089814 -0.036553 -0.049532
v -0.087464 -0.036496 -0.052148
v 0.024984 0.050687 -0.053951
v 0.024249 0.048699 -0.054536
v 0.022014 0.052413 -0.054984
v -0.071629 -0.041756 -0.024404
v -0.071610 -0.041763 -0.024326
v -0.074321 -0.041663 -0.022626
v -0.076397 -0.039269 -0.028313
v -0.072678 -0.040332 -0.028693
v 0.021470 0.050126 -0.055433
v 0.018177 0.051363 -0.063769
v 0.023668 0.050925 -0.062538
v 0.021045 0.048302 -0.056029
v 0.018750 0.044282 -0.054698
v 0.017141 0.044718 -0.054960
v 0.017861 0.049059 -0.056281
v -0.076647 -0.043339 -0.025545
v 0.007402 0.048051 -0.054504
v 0.008314 0.048866 -0.055226
v -0.076146 -0.041833 -0.030620
v -0.076055 -0.040376 -0.031584
v -0.078931 -0.037378 -0.017773
v -0.079494 -0.039357 -0.016738
v -0.082173 -0.035923 -0.016275
v -0.072466 -0.043155 -0.023980
v -0.083890 -0.043211 -0.040140
v 0.012700 0.044558 -0.054348
v 0.012253 0.044198 -0.054111
v 0.005956 0.048241 -0.054698
v 0.007247 0.049312 -0.055427
v -0.079318 -0.043436 -0.025931
v -0.080435 -0.045218 -0.023504
v -0.080023 -0.044066 -0.021488
v -0.078793 -0.043105 -0.024072
v -0.091649 -0.042194 -0.013205
v -0.091113 -0.042788 -0.014593
v -0.079915 -0.045889 -0.018435
v -0.084370 -0.043776 -0.017731
v -0.084474 -0.041593 -0.034872
v -0.086000 -0.039134 -0.037417
v -0.081582 -0.039765 -0.032108
v -0.079462 -0.042500 -0.028023
v -0.081010 -0.044717 -0.025631
v -0.076418 -0.039389 -0.029429
v -0.079659 -0.038089 -0.029787
v -0.079344 -0.038434 -0.030861
v -0.076323 -0.039681 -0.030393
v -0.088702 -0.044781 -0.045180
v -0.086101 -0.034694 -0.050232
v -0.088479 -0.035503 -0.047227
v -0.084144 -0.059419 -0.062650
v -0.081638 -0.062334 -0.054381
v -0.081516 -0.050394 -0.055112
v -0.077422 -0.043539 -0.027312
v -0.072413 -0.040988 -0.030755
v -0.073173 -0.040642 -0.030070
v -0.097025 -0.051372 -0.017488
v -0.083676 -0.034854 -0.015451
v -0.083669 -0.038369 -0.039105
v -0.094404 -0.058016 -0.025440
v -0.093421 -0.055795 -0.020094
v -0.083302 -0.038519 -0.040486
v -0.083471 -0.038479 -0.041420
v -0.080265 -0.040347 -0.016631
v -0.083028 -0.037380 -0.016886
v -0.083798 -0.038209 -0.041637
v -0.083920 -0.035346 -0.023624
v -0.092799 -0.049737 -0.045073
v 0.011960 0.049539 -0.056121
v 0.014278 0.045007 -0.054706
v -0.088164 -0.042339 -0.004870
v -0.086724 -0.038691 -0.003170
v 0.013334 0.044838 -0.054541
v -0.073079 -0.040190 -0.029647
v 0.010177 0.049149 -0.055690
v -0.076432 -0.040204 -0.021663
v -0.076514 -0.042277 -0.029004
v 0.011292 0.051199 -0.056568
v 0.008899 0.050219 -0.055969
v 0.018123 0.050966 -0.056195
v -0.082134 -0.037137 -0.027501
v -0.081997 -0.036927 -0.025310
v -0.083771 -0.035166 -0.025893
v 0.021201 -0.126105 -0.105296
v 0.020907 -0.129630 -0.088336
v -0.085462 -0.045417 -0.018510
v -0.080964 -0.047574 -0.020748
v -0.082407 -0.049326 -0.021599
v -0.087378 -0.046572 -0.019759
v -0.092494 -0.053263 -0.014927
v -0.091221 -0.049390 -0.010295
v -0.093843 -0.049592 -0.008048
v -0.095781 -0.053735 -0.013323
v 0.039713 -0.121277 -0.089247
v 0.039374 -0.118410 -0.104280
v -0.087119 -0.068499 -0.078714
v -0.085072 -0.053303 -0.068557
v -0.089075 -0.057830 -0.085480
v -0.090447 -0.051383 -0.053709
v -0.090797 -0.052883 -0.051586
v -0.096902 -0.056157 -0.052494
v -0.082931 -0.038832 -0.057627
v -0.082893 -0.041706 -0.055103
v -0.085675 -0.040379 -0.054728
v -0.100215 -0.061896 -0.029801
v 0.023558 0.047056 -0.055260
v 0.020013 0.043682 -0.054324
v 0.048281 -0.111796 -0.105257
v 0.047491 -0.109861 -0.115421
v 0.039845 -0.114810 -0.117716
v 0.026564 -0.067355 0.030360
v 0.018514 -0.071502 0.041857
v -0.084345 -0.032657 -0.039691
v -0.086295 -0.034794 -0.040141
v 0.003966 0.048988 -0.054894
v -0.086215 -0.049789 -0.017806
v 0.005775 0.049656 -0.055792
v -0.090376 -0.043703 -0.017443
v -0.092836 -0.045369 -0.018601
v -0.097870 -0.045394 -0.053457
v -0.095167 -0.043227 -0.051105
v 0.002733 0.048491 -0.053947
v 0.002124 0.048214 -0.054333
v 0.003286 0.048560 -0.055587
v 0.004861 0.049085 -0.056672
v 0.007885 0.050529 -0.056454
v 0.007287 0.050219 -0.057327
v 0.010626 0.052029 -0.058029
v 0.010738 0.052155 -0.056997
v 0.018087 0.053418 -0.056602
v 0.018177 0.052870 -0.058292
v 0.010231 0.050685 -0.059769
v 0.006800 0.049038 -0.058892
v 0.009642 0.049520 -0.061750
v 0.006638 0.048211 -0.060581
v 0.018234 0.050899 -0.061436
v 0.018261 0.051996 -0.059854
v 0.005263 0.048924 -0.051323
v 0.003094 0.048455 -0.052065
v 0.005826 0.049121 -0.051425
v 0.003466 0.048651 -0.052038
v 0.006997 0.048615 -0.051624
v 0.002777 0.048296 -0.052676
v 0.002077 0.048154 -0.052911
v -0.026540 0.033596 0.073485
v -0.026461 0.032071 0.083732
v 0.007803 0.048443 -0.051638
v 0.002632 0.047893 -0.056183
v 0.001275 0.047877 -0.054716
v 0.001581 0.046755 -0.057353
v 0.000667 0.047300 -0.055312
v 0.003893 0.046881 -0.059602
v 0.004257 0.047885 -0.057755
v 0.001115 0.047900 -0.053203
v 0.001527 0.048061 -0.052433
v 0.000492 0.047681 -0.053563
v 0.000852 0.047976 -0.052667
v 0.007613 0.049549 -0.048660
v 0.007242 0.049134 -0.048317
v 0.004470 0.048871 -0.050407
v 0.003854 0.048574 -0.050348
v 0.015399 0.048608 -0.045219
v 0.018495 0.048145 -0.044883
v 0.014870 0.048287 -0.044342
v -0.026530 0.074116 -0.026822
v -0.027602 0.072769 -0.026652
v -0.026006 0.071808 -0.028131
v -0.025621 0.072451 -0.028154
v 0.018112 0.047595 -0.043996
v 0.009973 0.048737 -0.045214
v 0.010616 0.048959 -0.045910
v 0.018025 0.012954 0.080467
v 0.029115 0.041923 -0.045775
v 0.029905 0.041412 -0.044862
v 0.028019 0.042571 -0.044110
v 0.027490 0.043061 -0.045346
v 0.025739 0.044345 -0.045054
v -0.027810 0.073674 -0.018083
v -0.027028 0.072928 -0.019401
v -0.028221 0.071730 -0.019456
v -0.029311 0.072597 -0.018656
v 0.025841 0.044101 -0.043715
v 0.023416 0.045462 -0.043621
v 0.023669 0.045910 -0.044720
v 0.021639 0.047005 -0.044726
v 0.021119 0.046466 -0.043643
v 0.033290 0.040270 -0.049335
v 0.034838 0.040335 -0.052742
v 0.035079 0.039284 -0.048714
v 0.037147 0.038873 -0.052251
v -0.000185 0.046602 -0.058891
v -0.024639 0.072167 -0.028164
v -0.023842 0.074991 -0.026150
v -0.024777 0.075491 -0.026399
v -0.024989 0.072412 -0.028137
v -0.000443 0.046773 -0.056012
v -0.001921 0.047560 -0.059706
v -0.001912 0.047421 -0.056907
v -0.000794 0.048485 -0.062344
v 0.001322 0.047080 -0.061669
v -0.000163 0.047699 -0.054068
v 0.000267 0.047690 -0.052767
v -0.001041 0.048195 -0.054428
v -0.000353 0.048223 -0.052759
v 0.006682 0.048815 -0.047870
v 0.006140 0.048719 -0.047269
v 0.003242 0.048767 -0.050159
v 0.002440 0.048770 -0.049707
v 0.046318 -0.098965 -0.016168
v 0.054258 -0.114584 -0.060039
v 0.030779 0.049679 -0.064737
v 0.028395 0.049817 -0.062833
v 0.025068 0.052027 -0.064342
v 0.026774 0.052954 -0.066773
v 0.033682 0.047904 -0.068617
v 0.036151 0.045686 -0.065281
v 0.033620 0.047023 -0.062634
v 0.031086 0.047585 -0.061092
v 0.035837 0.041247 -0.055576
v 0.033849 0.042314 -0.055711
v 0.033777 0.043528 -0.057468
v 0.035693 0.042600 -0.057889
v 0.038054 0.039633 -0.055418
v 0.038199 0.041126 -0.058590
v 0.034913 0.044570 -0.060219
v 0.032636 0.045391 -0.059224
v 0.037578 0.043458 -0.061558
v 0.007407 0.051843 -0.066429
v 0.008109 0.049385 -0.065963
v 0.005223 0.047773 -0.063820
v 0.003640 0.048817 -0.064431
v 0.006415 0.053267 -0.067309
v 0.001541 0.050075 -0.064758
v 0.020303 0.055693 -0.067844
v 0.019209 0.053512 -0.065813
v 0.009302 0.048676 -0.062868
v 0.007268 0.048320 -0.061777
v 0.009034 0.048264 -0.063605
v 0.006714 0.047905 -0.062142
v 0.054577 -0.092166 -0.127433
v 0.055740 -0.078598 -0.133342
v 0.041670 -0.085755 -0.145503
v 0.040502 -0.098551 -0.137101
v 0.025191 0.049115 -0.059603
v 0.025608 0.048984 -0.060153
v 0.027904 0.047442 -0.058835
v 0.027515 0.047605 -0.058283
v 0.029324 0.045835 -0.057073
v 0.029811 0.045718 -0.057815
v 0.031177 0.044344 -0.056626
v 0.030599 0.044421 -0.056070
v 0.031392 0.043473 -0.055223
v 0.031989 0.043209 -0.055408
v 0.006755 0.047950 -0.063389
v 0.008794 0.048713 -0.064339
v 0.051078 -0.113408 -0.091927
v 0.029533 0.034691 -0.104038
v 0.037243 0.029881 -0.100576
v 0.035060 0.035810 -0.094388
v 0.026424 0.049533 -0.061229
v 0.028977 0.047655 -0.059899
v 0.030908 0.045741 -0.058548
v 0.032247 0.044172 -0.057130
v 0.032806 0.043112 -0.056091
v 0.062117 -0.014334 -0.017308
v 0.061332 -0.016516 -0.017125
v 0.069233 -0.041521 -0.028252
v 0.067116 -0.040741 -0.034752
v 0.065982 -0.039938 -0.038098
v 0.071958 -0.024975 -0.045231
v 0.074295 -0.027577 -0.048192
v 0.076131 -0.033394 -0.008561
v 0.072743 -0.029427 -0.006545
v -0.097252 -0.046100 -0.056439
v 0.076078 -0.034027 -0.009341
v 0.081698 -0.037024 -0.043304
v 0.082080 -0.038582 -0.041523
v 0.083027 -0.038275 -0.040987
v 0.036618 -0.083473 0.002740
v 0.043212 -0.092872 -0.008204
v 0.082354 -0.040177 -0.039619
v 0.062189 -0.019390 -0.021844
v 0.070805 -0.041526 -0.027673
v 0.073154 -0.043152 -0.026947
v 0.074551 -0.043019 -0.021901
v 0.073209 -0.042424 -0.022572
v 0.073722 -0.041141 -0.016954
v 0.072442 -0.040606 -0.018039
v 0.077447 -0.037281 -0.012112
v 0.077393 -0.040856 -0.016476
v 0.075549 -0.028921 -0.048482
v 0.075584 -0.028078 -0.047726
v 0.076618 -0.029245 -0.048378
v 0.062990 -0.020688 -0.020562
v 0.069717 -0.025414 -0.043207
v 0.069824 -0.023431 -0.041411
v 0.069318 -0.024055 -0.041885
v 0.061607 -0.024942 -0.025745
v 0.061615 -0.025098 -0.026656
v 0.062501 -0.024462 -0.024172
v 0.063970 -0.022248 -0.022771
v 0.056997 -0.025203 -0.014791
v 0.056522 -0.026982 -0.013916
v 0.055614 -0.026276 -0.013089
v 0.078244 -0.033247 -0.053645
v 0.069920 -0.023007 -0.040441
v 0.071304 -0.023190 -0.041337
v 0.072055 -0.023451 -0.042381
v 0.077699 -0.029327 -0.047579
v 0.072656 -0.023647 -0.043194
v 0.071362 -0.024011 -0.043391
v 0.072941 -0.024700 -0.044844
v 0.070456 -0.024574 -0.043556
v 0.066201 -0.036550 -0.018123
v 0.064492 -0.035334 -0.017848
v 0.061765 -0.015961 -0.037795
v 0.063763 -0.016968 -0.035878
v 0.071316 -0.027140 -0.005681
v 0.066169 -0.034960 -0.043621
v 0.068152 -0.037793 -0.046782
v 0.079368 -0.042506 -0.020444
v 0.071220 -0.031103 -0.014063
v 0.068743 -0.030458 -0.012811
v 0.073564 -0.032000 -0.015632
v 0.075472 -0.033273 -0.018303
v 0.066898 -0.027510 -0.034705
v 0.075196 -0.033046 -0.038094
v 0.075837 -0.033999 -0.035690
v 0.073697 -0.031811 -0.038518
v 0.069366 -0.037378 -0.050279
v 0.068741 -0.034380 -0.050138
v 0.065288 -0.034259 -0.047040
v 0.068187 -0.033064 -0.048210
v 0.059441 -0.024559 -0.018317
v 0.056343 -0.028897 -0.012245
v 0.059139 -0.030175 -0.013509
v 0.058190 -0.029684 -0.011188
v 0.060455 -0.031034 -0.012222
v 0.061372 -0.032193 -0.013726
v 0.062411 -0.033154 -0.015935
v 0.064362 -0.033022 -0.018247
v 0.059935 -0.025098 -0.022692
v 0.067583 -0.025481 -0.049967
v 0.059087 -0.025271 -0.020742
v 0.061628 -0.024673 -0.024370
v 0.061292 -0.024417 -0.022540
v 0.060490 -0.024316 -0.020533
v 0.065711 -0.024535 -0.009555
v 0.066087 -0.027364 -0.010921
v 0.063779 -0.024262 -0.010160
v 0.067034 -0.029458 -0.011585
v 0.061820 -0.024423 -0.010531
v 0.067654 -0.034427 -0.044672
v 0.068731 -0.035114 -0.047741
v 0.061120 -0.013182 -0.020970
v 0.045925 0.029878 -0.029952
v 0.047780 0.024360 -0.038643
v 0.008420 0.051027 0.017457
v 0.007690 0.051338 0.020880
v 0.036816 0.042474 -0.021630
v 0.032016 0.046195 -0.019395
v 0.005415 0.062237 0.010804
v 0.004601 0.062290 0.012440
v 0.003656 0.062434 0.012303
v 0.004533 0.062176 0.011265
v 0.002924 0.060918 0.011925
v 0.004006 0.060189 0.011561
v 0.003918 0.061363 0.011720
v 0.002839 0.061967 0.012098
v 0.008271 0.061886 -0.006167
v 0.010838 0.058253 -0.009899
v 0.013271 0.057104 -0.005601
v 0.010877 0.060485 -0.002241
v 0.006232 0.053325 0.013553
v 0.006093 0.053841 0.011480
v 0.005156 0.056609 0.010916
v 0.005083 0.056227 0.012043
v 0.006200 0.053252 0.015130
v 0.004914 0.056116 0.012921
v 0.008330 0.051018 0.015247
v 0.008003 0.051314 0.012138
v 0.013063 0.056692 0.017085
v 0.010321 0.059280 0.015054
v 0.011075 0.059791 0.011322
v 0.013946 0.057359 0.011922
v 0.005662 0.059923 -0.017885
v 0.008437 0.059137 -0.014118
v 0.005965 0.061627 -0.010004
v 0.002728 0.061861 -0.014605
v -0.000215 0.062438 -0.019155
v 0.002677 0.060634 -0.022127
v -0.000455 0.066148 -0.027053
v 0.000769 0.068201 -0.023392
v 0.000601 0.071736 -0.022491
v 0.000977 0.070437 -0.024477
v -0.001854 0.070141 -0.018651
v 0.000772 0.066767 -0.021356
v -0.006321 0.071141 -0.017235
v -0.031514 0.072859 -0.019468
v -0.030318 0.072384 -0.020884
v -0.030440 0.073997 -0.021541
v -0.032585 0.074217 -0.020937
v -0.006371 0.071733 -0.017892
v -0.002146 0.068784 -0.017942
v -0.023706 0.081861 -0.019391
v -0.024611 0.081614 -0.021759
v -0.024057 0.079769 -0.020496
v -0.024016 0.079459 -0.018389
v -0.002646 0.066584 -0.016862
v -0.005997 0.070270 -0.016316
v -0.006184 0.071874 -0.018192
v -0.003412 0.071955 -0.018810
v -0.026583 0.080558 -0.022495
v -0.028509 0.082108 -0.022797
v -0.030381 0.080058 -0.022983
v -0.028166 0.078707 -0.022324
v -0.024249 0.075187 -0.022238
v -0.025701 0.076520 -0.020204
v -0.023487 0.078331 -0.022903
v -0.030026 0.072661 -0.023387
v -0.029896 0.071523 -0.022376
v -0.027858 0.071605 -0.025608
v -0.027931 0.071429 -0.026041
v -0.002074 0.073566 -0.021167
v -0.014143 0.081265 -0.017943
v -0.012463 0.083083 -0.019595
v -0.007219 0.063393 -0.049999
v -0.004506 0.060460 -0.046423
v -0.007426 0.066313 -0.047683
v -0.004864 0.062968 -0.044196
v -0.002960 0.077099 -0.023221
v -0.000776 0.075974 -0.025254
v -0.005776 0.080997 -0.024065
v -0.004738 0.081144 -0.027026
v -0.012466 0.059937 -0.062735
v -0.016595 0.077471 -0.014805
v -0.016211 0.077142 -0.014682
v -0.017000 0.079298 -0.015566
v 0.023181 -0.118370 -0.131093
v 0.021570 -0.106076 -0.144836
v 0.018116 -0.083065 -0.156977
v 0.014138 -0.071262 -0.161052
v -0.013980 0.078302 -0.000151
v -0.014132 0.078341 -0.001688
v -0.006141 0.061744 0.005243
v -0.011517 0.063060 0.004650
v -0.011824 0.065987 0.005266
v -0.006465 0.064893 0.006258
v -0.002821 0.063175 0.007040
v -0.001984 0.059956 0.006064
v -0.005774 0.059157 0.004106
v -0.011290 0.060079 0.003402
v -0.007487 0.070459 0.006921
v -0.012689 0.072222 0.005842
v -0.013195 0.074774 0.004136
v -0.007930 0.072584 0.005135
v -0.000857 0.065156 -0.012700
v -0.004297 0.068371 -0.013076
v -0.008026 0.072642 -0.013166
v -0.011385 0.075362 -0.012995
v -0.011986 0.075459 -0.015086
v -0.009200 0.073208 -0.015807
v -0.012396 0.075437 -0.015760
v -0.009642 0.073306 -0.016592
v -0.009660 0.073429 -0.017038
v -0.008304 0.072675 -0.017589
v -0.010557 0.074284 -0.017436
v -0.009541 0.073771 -0.018097
v -0.012461 0.075580 -0.016060
v -0.012871 0.081107 -0.043007
v -0.012605 0.077883 -0.046681
v -0.009448 0.076663 -0.002796
v -0.014078 0.077566 -0.003140
v -0.014611 0.076171 -0.007251
v -0.010192 0.075416 -0.006915
v -0.005930 0.072841 -0.006152
v -0.004553 0.074022 -0.001268
v -0.015801 0.076860 -0.014303
v -0.009247 0.076853 -0.001314
v -0.008928 0.076324 0.000493
v -0.004111 0.074160 0.000593
v -0.003895 0.073493 0.002456
v 0.000103 0.070686 0.001181
v -0.000818 0.069711 -0.004616
v 0.004718 0.066309 -0.002750
v 0.003790 0.067226 0.003846
v 0.010901 0.061071 0.007939
v 0.006701 0.061884 0.010783
v 0.006706 0.062548 0.009272
v 0.006395 0.063601 0.007635
v 0.010112 0.062283 0.004607
v 0.013652 0.058875 0.007128
v 0.012602 0.059689 0.002180
v 0.008348 0.063657 0.000867
v 0.005627 0.064991 0.005836
v 0.005510 0.062874 0.009447
v 0.004673 0.062572 0.010255
v 0.005179 0.063760 0.008339
v 0.004445 0.063346 0.009276
v 0.004564 0.064873 0.007176
v 0.003823 0.064331 0.008275
v 0.002767 0.065916 0.007038
v 0.003377 0.066844 0.005675
v 0.003261 0.061658 0.010044
v 0.002098 0.062706 0.009501
v 0.001933 0.063897 0.009133
v 0.003054 0.062602 0.009982
v 0.004063 0.060779 0.010607
v 0.003657 0.061827 0.010582
v 0.004700 0.057353 0.010038
v 0.003910 0.058130 0.009030
v -0.057596 -0.008195 0.046795
v -0.066590 -0.020378 0.045294
v 0.004544 0.060239 0.011038
v 0.004379 0.061092 0.011151
v 0.003981 0.062086 0.011310
v 0.003847 0.062669 0.010058
v 0.003279 0.063540 0.009207
v 0.002243 0.064871 0.008276
v -0.003923 0.071997 0.004370
v -0.000278 0.069944 0.004763
v -0.000587 0.068373 0.006502
v -0.003960 0.069970 0.006609
v -0.000767 0.066835 0.008006
v -0.001119 0.057272 0.005020
v -0.003840 0.067956 0.007996
v 0.002015 0.057306 0.007163
v 0.003247 0.054797 0.006372
v 0.000829 0.060496 0.007997
v 0.005660 0.054669 0.009933
v 0.004943 0.055200 0.008600
v 0.007352 0.051935 0.009840
v 0.006356 0.052804 0.008015
v -0.000595 0.065209 0.008823
v 0.000032 0.070662 0.003111
v -0.008503 0.074775 0.002660
v -0.013613 0.076793 0.001780
v -0.048709 0.045265 -0.042113
v -0.048318 0.046532 -0.039501
v -0.044369 0.047511 -0.040730
v -0.044865 0.046220 -0.042954
v -0.012966 0.088593 -0.034327
v -0.012701 0.084676 -0.039186
v 0.003017 0.062449 0.012182
v -0.004867 0.028446 0.091007
v -0.083904 -0.034338 -0.027765
v -0.083013 -0.033346 -0.028351
v -0.091478 -0.054492 -0.049018
v 0.005961 0.061816 0.012743
v 0.005709 0.053318 0.017764
v 0.004184 0.056358 0.014561
v 0.010835 0.057413 0.022378
v 0.007076 0.060539 0.026801
v 0.005253 0.062538 0.022775
v 0.008508 0.059988 0.019186
v 0.002010 0.064924 0.017386
v 0.004519 0.062909 0.014731
v -0.095028 -0.052195 -0.051442
v 0.003071 0.063444 0.014022
v 0.000382 0.065435 0.015868
v -0.000779 0.065588 0.014714
v 0.002016 0.063513 0.013424
v -0.002136 0.065072 0.012819
v -0.006688 0.066894 0.013091
v -0.006474 0.062005 0.016711
v -0.001723 0.060266 0.016280
v 0.002860 0.057614 0.015425
v 0.001598 0.061898 0.012461
v -0.090368 -0.049600 -0.055110
v -0.089791 -0.045041 -0.056355
v -0.087254 -0.044266 -0.055109
v -0.087750 -0.048020 -0.053536
v -0.001824 0.065509 0.013123
v 0.001417 0.063026 0.012840
v -0.006384 0.067936 0.013331
v 0.006496 0.021834 0.086707
v 0.001595 0.063422 0.012870
v -0.001420 0.065620 0.013527
v -0.005926 0.068550 0.014272
v -0.005152 0.068884 0.016040
v -0.003999 0.069117 0.017957
v -0.002579 0.068606 0.020455
v 0.000103 0.065288 0.027001
v 0.001479 0.063643 0.031707
v -0.006323 0.067147 0.029961
v -0.005412 0.066152 0.034695
v -0.008044 0.071458 0.022486
v -0.009173 0.072635 0.019439
v -0.010002 0.072035 0.017190
v -0.010488 0.070888 0.015082
v -0.015041 0.076355 -0.012742
v -0.012348 0.075934 -0.017242
v -0.013947 0.078556 -0.017335
v -0.010036 0.083849 -0.021361
v -0.017078 0.081622 -0.016005
v -0.007426 0.083156 -0.023430
v -0.009285 0.084902 -0.022611
v -0.008976 0.085929 -0.024524
v -0.007613 0.084637 -0.025483
v -0.011068 0.086604 -0.021570
v -0.009870 0.087255 -0.023920
v -0.015655 0.088908 -0.019467
v -0.014639 0.090888 -0.023249
v -0.013441 0.090719 -0.029910
v -0.014180 0.091444 -0.025803
v -0.008529 0.086824 -0.026110
v -0.007070 0.084957 -0.028483
v -0.099975 -0.050493 -0.051345
v -0.006816 0.082396 -0.031792
v -0.003848 0.078444 -0.029832
v 0.004629 -0.027094 -0.164468
v -0.011009 0.069959 0.013699
v -0.011602 0.068450 0.013289
v -0.086081 -0.033579 -0.014025
v -0.090339 -0.047166 -0.041267
v -0.005653 0.055233 0.026347
v -0.005898 0.057588 0.022069
v -0.010910 0.058575 0.022932
v -0.088978 -0.042713 -0.056616
v -0.092939 -0.043302 -0.057949
v -0.010689 0.056480 0.027165
v -0.015613 0.069089 0.013284
v -0.098837 -0.057651 -0.030281
v -0.100796 -0.052744 -0.049988
v -0.099270 -0.051663 -0.048351
v -0.092528 -0.038494 -0.048559
v -0.084344 -0.050045 -0.024442
v -0.090643 -0.047778 -0.024386
v -0.089344 -0.047263 -0.021507
v -0.083967 -0.049918 -0.022401
v -0.082582 -0.043474 -0.036819
v -0.015188 0.063386 0.017431
v -0.011391 0.063057 0.017026
v -0.015586 0.070485 0.013929
v -0.015273 0.071212 0.015738
v -0.014807 0.073040 0.018207
v -0.014699 0.058858 0.023483
v -0.014385 0.056818 0.028041
v -0.084471 -0.025324 -0.018958
v 0.004049 0.054273 0.019669
v -0.091247 -0.038976 -0.007971
v -0.092215 -0.041730 -0.009786
v -0.033333 -0.095520 -0.000106
v -0.037356 -0.106016 -0.009786
v -0.103310 -0.061905 -0.029216
v 0.005015 0.052142 0.023403
v -0.000786 0.056382 0.021651
v -0.000167 0.054131 0.024849
v -0.012342 0.068026 0.035792
v -0.012952 0.067814 0.031174
v -0.014333 0.073910 0.020560
v -0.013984 0.072682 0.023795
v 0.021030 -0.094527 -0.152611
v 0.050640 0.010000 -0.105083
v 0.047398 0.017256 -0.098788
v -0.091550 -0.045769 -0.053741
v 0.040625 0.023202 -0.105913
v 0.042410 0.016106 -0.110594
v 0.052223 0.003149 -0.112558
v 0.044803 0.010216 -0.117320
v 0.034942 -0.045221 -0.156397
v 0.034605 -0.031838 -0.154979
v 0.015689 -0.028152 -0.161726
v 0.029150 -0.058874 -0.155849
v 0.042283 -0.067785 -0.147399
v 0.043491 -0.047963 -0.149157
v 0.043660 -0.033970 -0.149988
v -0.088324 -0.034003 -0.013535
v -0.089313 -0.030818 -0.007822
v -0.088025 -0.029434 -0.009037
v -0.087276 -0.044083 -0.044160
v 0.018393 -0.069346 0.055618
v 0.052398 -0.113944 -0.073401
v 0.039943 -0.021540 -0.147805
v 0.032278 -0.018992 -0.153437
v 0.030143 -0.006984 -0.148793
v 0.037347 -0.009798 -0.144540
v 0.015010 -0.013898 -0.162577
v 0.003784 -0.012683 -0.164529
v 0.018251 -0.128101 -0.036011
v -0.012348 0.074629 -0.050023
v 0.039098 -0.061021 0.017923
v 0.049556 -0.043904 0.018045
v 0.047340 -0.016525 0.067369
v 0.059608 -0.028951 -0.006983
v 0.059161 -0.029541 -0.007809
v 0.049190 -0.026889 0.031734
v 0.051199 -0.029533 0.018522
v 0.031075 -0.074044 0.017297
v 0.068307 -0.039527 -0.017221
v 0.068999 -0.040847 -0.020583
v 0.070209 -0.039215 -0.016038
v 0.070836 -0.040648 -0.019815
v 0.071063 -0.041432 -0.023818
v 0.071357 -0.038421 -0.013995
v 0.068347 -0.032848 -0.049875
v 0.070121 -0.031358 -0.051079
v -0.084992 -0.049454 -0.019156
v -0.084225 -0.050467 -0.021347
v 0.058587 -0.024580 -0.005520
v 0.058519 -0.026399 -0.006426
v -0.072923 -0.041781 -0.030619
v 0.057530 -0.025661 -0.006357
v 0.057408 -0.024220 -0.005532
v 0.058393 -0.022862 -0.004170
v 0.057273 -0.023065 -0.004641
v 0.073021 -0.026582 -0.065921
v 0.056979 -0.027142 -0.004914
v 0.058317 -0.029328 -0.007256
v 0.058278 -0.027825 -0.006922
v 0.057299 -0.026471 -0.006437
v 0.057069 -0.024359 -0.005212
v 0.056992 -0.022615 -0.003927
v 0.057579 -0.021875 -0.002487
v -0.089912 -0.048410 -0.012476
v -0.087104 -0.042007 -0.007174
v -0.069018 -0.032813 0.042988
v -0.063410 -0.044183 0.040452
v -0.063188 -0.040636 0.052364
v -0.068360 -0.029045 0.055624
v -0.080776 -0.027586 -0.032282
v -0.082059 -0.030095 -0.025890
v -0.083342 -0.028099 -0.024629
v 0.072293 -0.038799 -0.012495
v 0.064261 -0.027034 -0.002451
v -0.038046 0.020790 0.064007
v -0.036282 0.021817 0.078289
v 0.067472 -0.036028 -0.043204
v 0.067476 -0.037550 -0.041301
v 0.070402 -0.038419 -0.042653
v 0.070344 -0.037250 -0.044786
v 0.055378 -0.084509 -0.018538
v 0.058543 -0.090970 -0.031085
v 0.006889 -0.074782 0.052175
v 0.006481 -0.078262 0.038369
v 0.073995 -0.079082 -0.063985
v 0.067413 -0.034940 -0.044835
v 0.070420 -0.036244 -0.046540
v 0.069415 -0.041514 -0.024405
v 0.065157 -0.035371 -0.044826
v 0.065561 -0.036656 -0.042964
v 0.072285 -0.037665 -0.047945
v 0.072197 -0.038798 -0.045968
v 0.072209 -0.039850 -0.043607
v 0.065943 -0.037962 -0.041039
v -0.081460 -0.021947 -0.019436
v -0.079906 -0.011187 -0.019102
v -0.080809 -0.011598 -0.034635
v -0.080026 -0.021779 -0.029057
v 0.069428 -0.038669 -0.048595
v 0.073036 -0.051537 -0.092109
v 0.073843 -0.067232 -0.087112
v 0.068515 -0.054897 -0.110253
v 0.069749 -0.070735 -0.105295
v 0.067165 -0.088246 -0.100070
v 0.071859 -0.085499 -0.081083
v 0.068475 -0.033151 -0.050081
v 0.071454 -0.030937 -0.051890
v 0.051372 -0.005078 -0.118630
v 0.056593 -0.011837 -0.113770
v 0.044563 0.002913 -0.123179
v 0.044373 -0.003989 -0.129294
v 0.050716 -0.012540 -0.125490
v 0.058146 -0.023439 -0.118718
v 0.074172 -0.035432 -0.082487
v 0.069893 -0.036993 -0.097582
v 0.065695 -0.023419 -0.101942
v -0.071481 0.023163 -0.066092
v -0.071536 0.018050 -0.067073
v -0.073390 0.018472 -0.057712
v -0.072571 0.022661 -0.058680
v 0.064149 -0.039575 -0.114834
v 0.055222 -0.029385 -0.129880
v 0.059072 -0.043667 -0.126464
v 0.050793 -0.033212 -0.140952
v 0.052876 -0.047293 -0.138322
v 0.054122 -0.063253 -0.136540
v 0.062215 -0.058126 -0.122531
v 0.050352 -0.018646 -0.132542
v 0.043713 -0.009320 -0.135272
v 0.047123 -0.021987 -0.140586
v 0.042633 -0.014065 -0.140241
v 0.063009 -0.016724 -0.103635
v 0.051726 -0.024225 0.001251
v 0.052843 -0.019257 0.001674
v -0.032759 0.038437 -0.117972
v -0.023132 0.040423 -0.118348
v -0.022462 0.035575 -0.125778
v -0.032118 0.032797 -0.125480
v 0.057072 -0.011186 -0.007562
v -0.040296 -0.111196 -0.016307
v -0.041275 -0.115815 -0.027648
v -0.020264 -0.122334 -0.023542
v -0.020314 -0.117648 -0.012844
v 0.051287 0.018235 -0.032067
v 0.050177 0.015538 -0.043561
v 0.054699 0.006110 -0.036240
v 0.054215 0.008042 -0.023119
v -0.030085 0.014673 -0.147231
v -0.019985 0.017622 -0.146804
v -0.019350 0.009349 -0.153911
v -0.029745 0.006425 -0.153593
v -0.066026 0.036476 -0.039534
v -0.068170 0.037283 -0.033995
v -0.064612 0.040492 -0.033665
v -0.062879 0.039204 -0.039293
v 0.049291 0.013863 -0.057598
v 0.053636 0.004130 -0.049310
v 0.056663 0.001512 -0.065594
v 0.051484 0.012617 -0.073131
v 0.060355 -0.102647 -0.095617
v 0.063761 -0.101441 -0.077612
v -0.088794 -0.027582 -0.002430
v -0.087833 -0.026383 -0.003844
v 0.065125 -0.101107 -0.063889
v 0.032764 0.040488 -0.088362
v -0.018301 -0.002927 -0.158224
v -0.028463 -0.005504 -0.157053
v 0.022573 -0.122357 -0.120636
v 0.032719 0.028486 -0.110995
v 0.051853 -0.103762 -0.119736
v -0.005218 -0.083460 0.035945
v 0.040581 -0.110090 -0.126546
v 0.063050 -0.073245 -0.118673
v 0.061635 -0.088108 -0.114077
v 0.055796 -0.103143 -0.108060
v 0.063049 -0.098392 -0.049970
v 0.036429 -0.002853 -0.139732
v 0.040499 0.037008 -0.055211
v 0.039759 0.036206 -0.050933
v 0.040608 0.038247 -0.059806
v 0.037517 0.037574 -0.046360
v -0.001609 0.057979 -0.042843
v -0.002128 0.060173 -0.040804
v -0.002906 0.062071 -0.038247
v 0.000660 0.057625 -0.037639
v -0.000271 0.059430 -0.034737
v -0.005880 0.068554 -0.039100
v -0.005312 0.065512 -0.041617
v -0.003351 0.064502 -0.036032
v -0.003417 0.066801 -0.033254
v -0.005774 0.070994 -0.036243
v 0.000273 0.063960 -0.021113
v 0.000874 0.061440 -0.025581
v -0.001127 0.063348 -0.029578
v 0.003078 0.057803 -0.031683
v 0.002118 0.059640 -0.028884
v -0.000824 0.061323 -0.032448
v 0.004550 0.055905 -0.034746
v -0.001867 0.069971 -0.029937
v 0.000068 0.073632 -0.027119
v -0.005217 0.074651 -0.032882
v -0.007221 0.078597 -0.035133
v -0.007597 0.075079 -0.038711
v 0.001616 0.055744 -0.039881
v 0.005959 0.054255 -0.037233
v 0.005169 0.058960 -0.025519
v 0.008747 0.058111 -0.022274
v 0.007285 0.056917 -0.029195
v 0.010902 0.056319 -0.026567
v 0.008750 0.055254 -0.032368
v 0.012585 0.054614 -0.029899
v 0.011796 0.057196 -0.018302
v 0.014379 0.055984 -0.014457
v 0.016766 0.054122 -0.009203
v 0.017870 0.054371 -0.018987
v 0.020700 0.052285 -0.013961
v 0.020634 0.052999 -0.023652
v 0.024394 0.051235 -0.018610
v -0.028516 0.055574 -0.049776
v -0.028254 0.052384 -0.051278
v -0.031942 0.050748 -0.047992
v -0.032223 0.053518 -0.046491
v -0.022686 0.052441 -0.091655
v -0.023297 0.049323 -0.098769
v -0.031379 0.047597 -0.099173
v -0.030578 0.051501 -0.092139
v 0.014716 0.055519 -0.023223
v 0.016896 0.053765 -0.026835
v 0.014175 0.052665 -0.033067
v 0.010279 0.053293 -0.035196
v 0.023003 0.049863 -0.033615
v 0.022227 0.051398 -0.028524
v 0.018223 0.052008 -0.030925
v 0.019326 0.050500 -0.035059
v 0.027009 0.049916 -0.024746
v 0.027325 0.048656 -0.031861
v 0.026895 0.047007 -0.036160
v 0.013884 0.048478 -0.042710
v 0.009185 0.049059 -0.043764
v 0.017263 0.047840 -0.042175
v 0.023132 0.048109 -0.037005
v 0.019875 0.048871 -0.037928
v 0.031586 0.041700 -0.042127
v 0.029011 0.043138 -0.041356
v 0.023250 0.045902 -0.041321
v 0.020445 0.046878 -0.041664
v 0.026224 0.044566 -0.041143
v 0.005107 0.049347 -0.045812
v 0.000941 0.049758 -0.048376
v 0.046070 -0.040729 0.030721
v -0.008056 0.072396 -0.041916
v -0.007862 0.069323 -0.044901
v -0.001356 0.051666 -0.064816
v -0.003541 0.050726 -0.062240
v -0.009676 0.057179 -0.062240
v 0.002800 0.055459 -0.067908
v -0.001668 0.050178 -0.051563
v -0.036002 0.048732 -0.045387
v -0.035760 0.050856 -0.043778
v -0.003176 0.050144 -0.054355
v -0.004286 0.049715 -0.056949
v -0.004655 0.050062 -0.059858
v -0.021452 0.029719 -0.132120
v -0.030829 0.026515 -0.131555
v -0.024733 -0.051568 -0.164586
v -0.026437 -0.042334 -0.163449
v -0.015877 -0.043203 -0.165736
v -0.015825 -0.056499 -0.165688
v 0.013231 0.057149 -0.078587
v 0.010380 0.060234 -0.072920
v 0.043604 0.025606 -0.093439
v 0.046436 0.022367 -0.085242
v 0.033971 0.044118 -0.074040
v 0.037199 0.042072 -0.069991
v 0.039415 0.040010 -0.064945
v 0.046680 0.020573 -0.073781
v 0.045936 0.020313 -0.061274
v 0.047024 0.021694 -0.049375
v -0.073144 -0.076377 -0.035180
v -0.077606 -0.061561 -0.034062
v -0.078682 -0.063203 -0.046111
v -0.079044 -0.079530 -0.050249
v 0.035474 0.016459 -0.121978
v -0.045287 0.004164 0.059822
v -0.043519 0.005637 0.071493
v -0.005210 -0.078607 0.049954
v 0.035963 0.010447 -0.127745
v 0.033885 0.022219 -0.115631
v 0.028536 0.001643 -0.143901
v 0.027339 0.009423 -0.137846
v 0.036535 0.003841 -0.133878
v 0.027056 0.016358 -0.132031
v 0.026518 0.022018 -0.125588
v 0.025510 0.027935 -0.119665
v 0.024422 0.033683 -0.114673
v 0.021611 0.040470 -0.106132
v 0.033764 -0.055909 0.029423
v -0.007891 0.069611 -0.028334
v -0.008489 0.070170 -0.028232
v -0.063838 0.029478 -0.087464
v -0.065631 0.024490 -0.092764
v -0.068250 0.021157 -0.085844
v -0.066391 0.026571 -0.081650
v -0.008144 0.069423 -0.028278
v -0.008840 0.070038 -0.028224
v -0.008438 0.070058 -0.027834
v -0.009334 0.072724 -0.019675
v -0.009977 0.071554 -0.021634
v -0.009273 0.070932 -0.025372
v 0.057397 -0.012883 -0.001108
v -0.021699 0.057993 -0.080509
v -0.028865 0.058237 -0.080690
v -0.027016 0.058967 -0.075057
v -0.021014 0.058532 -0.074951
v -0.072639 0.023038 -0.051342
v -0.074146 0.020071 -0.048550
v -0.073803 0.025315 -0.040655
v -0.071597 0.027119 -0.044264
v -0.068743 0.033392 -0.040405
v -0.071008 0.033471 -0.035120
v -0.032419 0.043942 -0.108792
v -0.023609 0.046062 -0.108902
v -0.070136 0.018793 -0.076866
v -0.068861 0.024247 -0.074302
v -0.025545 0.058358 -0.052804
v -0.025796 0.054361 -0.054064
v -0.023369 0.056597 -0.057760
v -0.020421 0.063553 -0.057953
v -0.020079 0.060658 -0.060800
v -0.022400 0.056409 -0.060441
v -0.046656 0.044403 -0.093383
v -0.047246 0.039654 -0.100171
v -0.054233 0.034568 -0.099866
v -0.053195 0.039190 -0.093178
v -0.030242 0.021132 -0.138632
v -0.020540 0.024081 -0.138641
v -0.019854 0.058113 -0.068542
v -0.024042 0.056557 -0.068768
v -0.022781 0.055491 -0.065631
v -0.019750 0.058205 -0.065665
v -0.040032 0.048886 -0.041884
v -0.040445 0.047417 -0.043855
v -0.077287 -0.032712 -0.004148
v -0.080164 -0.031260 -0.002305
v -0.080738 -0.024301 -0.049999
v -0.079280 -0.022609 -0.039394
v -0.078824 -0.012166 -0.047971
v -0.079994 -0.015029 -0.061356
v -0.082473 -0.019143 -0.073878
v -0.082734 -0.025095 -0.082618
v -0.083239 -0.031691 -0.065586
v -0.082217 -0.027266 -0.059337
v -0.054679 -0.050226 0.049672
v -0.053517 -0.054403 0.038841
v -0.020691 0.067284 -0.055485
v -0.020790 0.070685 -0.052995
v -0.021828 -0.132804 -0.069237
v -0.021141 -0.133359 -0.054789
v -0.043023 -0.125099 -0.060345
v -0.042853 -0.123968 -0.074161
v -0.072921 -0.072575 -0.024904
v -0.076406 -0.058899 -0.024900
v -0.028964 0.074541 -0.024202
v -0.025872 0.071080 -0.028231
v -0.026894 0.072131 -0.025219
v -0.026040 0.071123 -0.028218
v -0.029577 0.076423 -0.022108
v -0.032090 0.077355 -0.022561
v -0.027430 0.071273 -0.021103
v -0.026463 0.071907 -0.021096
v -0.026154 0.072467 -0.025387
v -0.026133 0.071155 -0.028329
v -0.020904 0.084415 -0.017008
v -0.021548 0.087281 -0.018584
v -0.025159 0.085662 -0.020966
v -0.023628 0.083895 -0.019068
v -0.024937 0.072144 -0.028241
v -0.024286 0.073774 -0.025562
v -0.024001 0.079564 -0.023772
v -0.025581 0.075116 -0.026704
v -0.025268 0.072472 -0.028193
v -0.025857 0.078420 -0.024370
v -0.025564 0.076928 -0.018030
v -0.027405 0.076661 -0.024475
v -0.088752 -0.042217 -0.016428
v -0.067573 -0.019595 0.028236
v -0.073084 -0.027421 0.014567
v -0.071630 -0.031247 0.015136
v -0.068688 -0.026422 0.029943
v -0.088639 -0.045340 -0.043707
v -0.075348 0.003852 -0.093095
v -0.075489 -0.006193 -0.104434
v -0.081037 -0.016814 -0.094021
v -0.080716 -0.011180 -0.083418
v -0.075652 -0.013393 -0.114727
v -0.082653 -0.024321 -0.104930
v -0.087520 -0.033005 -0.093365
v -0.085354 -0.045347 -0.071857
v -0.057182 0.042225 -0.054283
v -0.057288 0.042206 -0.054047
v -0.055756 0.043488 -0.053638
v -0.055888 0.043485 -0.053830
v -0.056825 0.041693 -0.054199
v -0.055419 0.042771 -0.053595
v -0.057727 0.040706 -0.054603
v -0.058165 0.041169 -0.054544
v -0.058290 0.041126 -0.054310
v -0.039759 0.046046 -0.054159
v -0.040471 0.045742 -0.054310
v -0.043217 0.045750 -0.053633
v -0.042459 0.046621 -0.053596
v -0.039380 0.046239 -0.053890
v -0.042269 0.046919 -0.053315
v -0.043338 0.040089 -0.056302
v -0.042766 0.040005 -0.056594
v -0.044176 0.040148 -0.056023
v -0.037684 0.044124 -0.056105
v -0.037906 0.044077 -0.057064
v -0.042535 0.039931 -0.057436
v -0.042396 0.039883 -0.056904
v -0.038066 0.044503 -0.055509
v -0.036387 0.044337 -0.055380
v -0.035359 0.043692 -0.055736
v -0.035483 0.043823 -0.057175
v -0.047531 0.046532 -0.052463
v -0.047679 0.046396 -0.051681
v -0.042913 0.046860 -0.051874
v -0.042525 0.046975 -0.052738
v -0.047410 0.046503 -0.052947
v -0.050776 0.045517 -0.053174
v -0.050782 0.045421 -0.052670
v -0.050813 0.045281 -0.051873
v -0.039501 0.046795 -0.052693
v -0.039407 0.046628 -0.053575
v -0.050712 0.045147 -0.051147
v -0.047779 0.046123 -0.051004
v -0.043033 0.046630 -0.051218
v -0.039481 0.046690 -0.052256
v -0.036645 0.046104 -0.053468
v -0.037761 0.046286 -0.053626
v -0.047639 0.045817 -0.050160
v -0.047456 0.045323 -0.049341
v -0.042578 0.045981 -0.049648
v -0.042864 0.046328 -0.050450
v -0.050611 0.044749 -0.050317
v -0.050461 0.044387 -0.049334
v -0.059276 0.039290 -0.054075
v -0.059785 0.038405 -0.054481
v -0.059674 0.038410 -0.053813
v -0.059319 0.038839 -0.053436
v -0.061612 0.035187 -0.050747
v -0.062681 0.034406 -0.052048
v -0.064204 0.032704 -0.051465
v -0.062890 0.033996 -0.049995
v -0.070682 0.030118 -0.041860
v -0.065201 0.033156 -0.047173
v -0.066761 0.031085 -0.048659
v -0.058776 0.040065 -0.054027
v -0.058141 0.040972 -0.053839
v -0.058872 0.040218 -0.054389
v -0.059303 0.039283 -0.054559
v -0.058853 0.039621 -0.053156
v -0.058027 0.040574 -0.053054
v -0.057198 0.042021 -0.053581
v -0.057109 0.041681 -0.052739
v -0.055546 0.042996 -0.052350
v -0.055584 0.043275 -0.053182
v -0.053605 0.044371 -0.052870
v -0.053971 0.044409 -0.053429
v -0.053579 0.044141 -0.052045
v -0.055546 0.042659 -0.051602
v -0.053530 0.043878 -0.051339
v -0.057034 0.041257 -0.051901
v -0.058094 0.040098 -0.052214
v -0.058905 0.039045 -0.052502
v -0.059587 0.038294 -0.052839
v -0.060052 0.037773 -0.053419
v -0.059154 0.038363 -0.051792
v -0.059691 0.037431 -0.050942
v -0.058442 0.038737 -0.050478
v -0.058229 0.039540 -0.051416
v -0.060017 0.037485 -0.052261
v -0.060706 0.036372 -0.051531
v -0.057113 0.040723 -0.051126
v -0.057105 0.040165 -0.050220
v -0.055361 0.041784 -0.049841
v -0.055474 0.042274 -0.050757
v -0.053041 0.043452 -0.050597
v -0.053002 0.043013 -0.049535
v -0.047452 0.046491 -0.053023
v -0.047231 0.045390 -0.053223
v -0.050627 0.044568 -0.053108
v -0.050911 0.045488 -0.053261
v -0.054118 0.044459 -0.053507
v -0.053496 0.043784 -0.053148
v -0.050379 0.043666 -0.052908
v -0.048305 0.039712 -0.055331
v -0.049465 0.039280 -0.055400
v -0.053080 0.042815 -0.053000
v -0.047296 0.044344 -0.053120
v -0.046849 0.040094 -0.055382
v -0.043961 0.044597 -0.053804
v -0.045346 0.040174 -0.055709
v -0.041223 0.045055 -0.054364
v -0.047913 0.045420 -0.066669
v -0.047667 0.046214 -0.066483
v -0.052801 0.045134 -0.065237
v -0.052772 0.044586 -0.065272
v -0.055134 -0.107124 -0.031827
v -0.055581 -0.112262 -0.048499
v -0.041403 -0.121153 -0.043358
v -0.055431 0.044011 -0.061244
v -0.055315 0.043612 -0.062777
v -0.057724 0.041985 -0.061436
v -0.057799 0.042353 -0.060143
v -0.055789 0.044770 -0.059826
v -0.057854 0.042903 -0.058700
v -0.053057 0.046658 -0.061204
v -0.052893 0.045908 -0.062806
v -0.052836 0.045260 -0.064321
v -0.056994 0.039100 -0.058552
v -0.056294 0.039874 -0.059325
v -0.057007 0.041167 -0.058697
v -0.057957 0.039840 -0.058206
v -0.057643 0.038442 -0.058020
v -0.058528 0.038942 -0.057750
v -0.052154 0.037170 -0.057800
v -0.051831 0.037496 -0.058065
v -0.051346 0.037988 -0.058395
v -0.052329 0.036987 -0.057519
v -0.052417 0.036904 -0.057185
v -0.052454 0.036930 -0.056904
v -0.052369 0.037087 -0.056652
v -0.072345 0.031009 -0.027102
v -0.072774 0.029566 -0.037107
v -0.074278 0.026544 -0.029393
v -0.058686 0.040172 -0.054655
v -0.059146 0.039249 -0.054870
v -0.058200 0.039838 -0.054803
v -0.058643 0.039114 -0.055023
v -0.059635 0.038348 -0.055241
v -0.059907 0.038210 -0.055063
v -0.056188 0.041028 -0.053999
v -0.051347 0.038384 -0.055759
v -0.051770 0.038006 -0.056002
v -0.056851 0.040124 -0.054639
v -0.054916 0.041845 -0.053380
v -0.050619 0.038821 -0.055526
v -0.052039 0.037692 -0.056205
v -0.052210 0.037353 -0.056427
v -0.057166 0.039457 -0.054919
v -0.057595 0.038768 -0.055256
v -0.059023 0.038558 -0.055506
v -0.058083 0.037840 -0.056260
v -0.058040 0.037846 -0.056781
v -0.059155 0.038271 -0.055946
v -0.059195 0.038177 -0.056542
v -0.057958 0.038144 -0.055728
v -0.057890 0.038046 -0.057406
v -0.058921 0.038463 -0.057015
v -0.060040 0.037962 -0.054437
v -0.060094 0.037856 -0.055297
v -0.060608 0.037291 -0.056078
v -0.060449 0.037384 -0.054269
v -0.061043 0.036543 -0.054119
v -0.060562 0.036844 -0.052966
v -0.061504 0.036656 -0.056592
v -0.062487 0.035489 -0.057059
v -0.062159 0.035281 -0.054027
v -0.061430 0.035705 -0.052584
v -0.059840 0.037983 -0.055810
v -0.060040 0.037762 -0.056146
v -0.060987 0.037951 -0.057502
v -0.061514 0.037482 -0.058521
v -0.060441 0.038301 -0.056964
v -0.059977 0.039575 -0.057430
v -0.060239 0.039291 -0.058280
v -0.060585 0.038807 -0.059272
v -0.059245 0.040754 -0.059046
v -0.059418 0.040368 -0.060236
v -0.059157 0.041085 -0.057942
v -0.059876 0.038379 -0.056832
v -0.059431 0.039381 -0.057328
v -0.058720 0.040736 -0.057711
v -0.057792 0.042814 -0.057824
v -0.055807 0.044996 -0.058407
v -0.055113 0.043119 -0.059331
v -0.052989 0.046700 -0.059823
v -0.052466 0.045150 -0.060078
v -0.047855 0.047092 -0.067062
v -0.053537 0.045749 -0.066056
v -0.051911 0.043298 -0.060551
v -0.049207 0.039593 -0.058935
v -0.047646 0.040239 -0.059012
v -0.048802 0.044584 -0.060505
v -0.038580 0.044719 -0.057741
v -0.039449 0.045392 -0.058511
v -0.043272 0.040515 -0.057986
v -0.042829 0.040228 -0.057713
v -0.036994 0.045030 -0.057735
v -0.038398 0.045890 -0.058589
v -0.043024 0.045671 -0.059802
v -0.044859 0.040833 -0.058490
v -0.043911 0.040732 -0.058233
v -0.041229 0.045449 -0.059186
v -0.042512 0.047352 -0.060213
v -0.040037 0.046653 -0.059277
v -0.049211 0.046527 -0.060598
v -0.022373 -0.129117 -0.107903
v -0.022727 -0.130155 -0.090637
v -0.040731 -0.122206 -0.093297
v -0.039031 -0.121119 -0.108417
v -0.054293 0.041660 -0.060037
v -0.050428 0.038796 -0.058701
v -0.047793 -0.113874 -0.108510
v -0.045068 -0.110529 -0.116824
v -0.037083 -0.116496 -0.119740
v -0.039816 -0.071908 0.027985
v -0.029227 -0.075900 0.039572
v -0.034918 0.045877 -0.057492
v -0.036672 0.046355 -0.058724
v -0.033617 0.045516 -0.056607
v -0.032927 0.045398 -0.056759
v -0.034141 0.045566 -0.058138
v -0.035643 0.045948 -0.059384
v -0.038818 0.046996 -0.059715
v -0.037948 0.046871 -0.060519
v -0.041480 0.048200 -0.061650
v -0.041843 0.048272 -0.060582
v -0.049057 0.047943 -0.060870
v -0.048942 0.047813 -0.062275
v -0.040550 0.047023 -0.063469
v -0.037202 0.045851 -0.061822
v -0.039578 0.046013 -0.065205
v -0.036739 0.045259 -0.063321
v -0.048547 0.046174 -0.065581
v -0.048859 0.047135 -0.063820
v -0.036545 0.045862 -0.054322
v -0.034240 0.045690 -0.054722
v -0.037170 0.045985 -0.054650
v -0.034651 0.045706 -0.054884
v -0.038305 0.045364 -0.054890
v -0.033774 0.045394 -0.055379
v -0.033025 0.045453 -0.055377
v -0.039156 0.045024 -0.054906
v -0.033331 0.045030 -0.058547
v -0.031958 0.045209 -0.056881
v -0.032056 0.044095 -0.059399
v -0.031211 0.044756 -0.057256
v -0.034223 0.044106 -0.061897
v -0.034867 0.044850 -0.060268
v -0.031977 0.045325 -0.055477
v -0.032554 0.045572 -0.054794
v -0.031273 0.045169 -0.055693
v -0.031836 0.045416 -0.054818
v -0.039162 0.046616 -0.051648
v -0.038736 0.046362 -0.051075
v -0.035828 0.046186 -0.053051
v -0.035144 0.046018 -0.052763
v -0.047045 0.044741 -0.048501
v -0.050124 0.043899 -0.048432
v -0.046445 0.044386 -0.047506
v -0.049742 0.043372 -0.047323
v -0.041682 0.045602 -0.048006
v -0.042240 0.045720 -0.048838
v -0.043228 0.008354 0.081105
v -0.060316 0.036558 -0.049987
v -0.061212 0.035777 -0.048948
v -0.059415 0.037365 -0.048209
v -0.058833 0.037979 -0.049506
v -0.057217 0.039503 -0.049124
v -0.057387 0.039150 -0.047670
v -0.055029 0.040797 -0.047404
v -0.055183 0.041269 -0.048717
v -0.052805 0.042427 -0.048587
v -0.052751 0.042046 -0.047231
v -0.063765 0.033729 -0.053544
v -0.064769 0.033343 -0.056863
v -0.065598 0.032121 -0.052825
v -0.067349 0.031367 -0.056411
v -0.030267 0.044532 -0.060481
v -0.030030 0.044472 -0.057673
v -0.028802 0.045891 -0.060931
v -0.028636 0.045525 -0.058237
v -0.030162 0.046749 -0.063393
v -0.031886 0.044891 -0.063293
v -0.030568 0.045261 -0.056023
v -0.031208 0.045320 -0.054790
v -0.029608 0.045737 -0.056080
v -0.030563 0.045886 -0.054613
v -0.038209 0.046066 -0.050436
v -0.037699 0.046039 -0.049730
v -0.034591 0.046128 -0.052424
v -0.033908 0.046333 -0.051902
v -0.053917 -0.101253 -0.020137
v -0.057014 -0.115999 -0.065246
v -0.061209 0.043636 -0.068766
v -0.058515 0.044039 -0.066427
v -0.055095 0.046302 -0.067993
v -0.057147 0.047034 -0.070492
v -0.063536 0.041224 -0.072846
v -0.066271 0.038626 -0.069706
v -0.063750 0.040437 -0.066766
v -0.061151 0.041497 -0.064806
v -0.065487 0.034163 -0.059672
v -0.063557 0.035737 -0.059708
v -0.063410 0.037005 -0.061351
v -0.065312 0.035606 -0.061948
v -0.067956 0.032148 -0.059622
v -0.067967 0.033703 -0.062807
v -0.064626 0.037767 -0.064201
v -0.062473 0.039053 -0.062989
v -0.067278 0.036048 -0.065869
v -0.037555 0.048551 -0.068251
v -0.038028 0.046761 -0.067491
v -0.035426 0.045305 -0.065565
v -0.034235 0.046456 -0.065672
v -0.036793 0.049829 -0.069120
v -0.032451 0.047770 -0.065742
v -0.050365 0.050275 -0.071332
v -0.049116 0.048518 -0.069280
v -0.039209 0.045533 -0.066077
v -0.037231 0.045385 -0.064539
v -0.038851 0.045451 -0.066155
v -0.036757 0.045161 -0.064520
v -0.054468 -0.096714 -0.127044
v -0.058420 -0.084955 -0.132428
v -0.041475 -0.090313 -0.144083
v -0.038990 -0.101018 -0.138134
v -0.055291 0.043774 -0.063536
v -0.055614 0.043722 -0.063847
v -0.058051 0.041909 -0.062568
v -0.057662 0.041979 -0.062177
v -0.059575 0.040137 -0.061032
v -0.060009 0.040032 -0.061530
v -0.061236 0.038436 -0.060465
v -0.060802 0.038593 -0.060135
v -0.061509 0.037479 -0.059382
v -0.061992 0.037081 -0.059451
v -0.036707 0.045472 -0.065344
v -0.038550 0.046164 -0.066425
v -0.051477 -0.115322 -0.096295
v -0.054970 0.029089 -0.107424
v -0.061872 0.023028 -0.104583
v -0.060720 0.028920 -0.097896
v -0.056546 0.044205 -0.064703
v -0.059060 0.041899 -0.063500
v -0.060912 0.039771 -0.062209
v -0.062057 0.037995 -0.060912
v -0.062604 0.036862 -0.059975
v -0.084541 -0.027581 -0.021857
v -0.083462 -0.029659 -0.022018
v -0.085154 -0.051897 -0.032466
v -0.081890 -0.049766 -0.038892
v -0.080801 -0.048507 -0.042254
v -0.088523 -0.039375 -0.049315
v -0.089983 -0.042244 -0.052586
v -0.095478 -0.047327 -0.014356
v -0.092621 -0.042954 -0.012220
v -0.095302 -0.048116 -0.015185
v -0.098016 -0.051933 -0.048740
v -0.098735 -0.053668 -0.047144
v -0.100195 -0.053425 -0.046765
v -0.045990 -0.086150 -0.000753
v -0.050155 -0.094291 -0.013573
v -0.099292 -0.055416 -0.045334
v -0.082868 -0.032576 -0.026808
v -0.087283 -0.052782 -0.031945
v -0.090148 -0.055371 -0.031336
v -0.092236 -0.056078 -0.026253
v -0.090621 -0.054857 -0.026852
v -0.092098 -0.054333 -0.021129
v -0.090563 -0.053203 -0.022099
v -0.096309 -0.051587 -0.017874
v -0.095881 -0.055006 -0.022096
v -0.091130 -0.043691 -0.052969
v -0.091325 -0.042899 -0.052055
v -0.092200 -0.044069 -0.052913
v -0.083775 -0.033993 -0.025851
v -0.086619 -0.039511 -0.047166
v -0.086591 -0.037796 -0.045150
v -0.086130 -0.038227 -0.045739
v -0.080691 -0.038056 -0.031110
v -0.080431 -0.038209 -0.031870
v -0.082013 -0.037581 -0.029520
v -0.083995 -0.035597 -0.028158
v -0.078482 -0.037612 -0.020572
v -0.077782 -0.039170 -0.019778
v -0.077617 -0.038306 -0.018905
v -0.093995 -0.046195 -0.058267
v -0.086746 -0.037461 -0.044105
v -0.087978 -0.037857 -0.045023
v -0.088852 -0.038131 -0.046104
v -0.093369 -0.044111 -0.052127
v -0.089406 -0.038295 -0.047067
v -0.088135 -0.038463 -0.047269
v -0.089510 -0.039272 -0.048891
v -0.087288 -0.038815 -0.047498
v -0.083606 -0.050344 -0.023350
v -0.082510 -0.048719 -0.023273
v -0.081526 -0.028176 -0.041084
v -0.082752 -0.030179 -0.039175
v -0.091227 -0.040588 -0.010949
v -0.081510 -0.045135 -0.047898
v -0.081584 -0.047262 -0.051154
v -0.097591 -0.056691 -0.026200
v -0.090163 -0.045650 -0.019263
v -0.088000 -0.044456 -0.018004
v -0.092463 -0.046926 -0.020902
v -0.093933 -0.048369 -0.023779
v -0.083008 -0.041820 -0.038911
v -0.091541 -0.047857 -0.043163
v -0.092259 -0.048821 -0.041013
v -0.089967 -0.046491 -0.043390
v -0.081772 -0.046469 -0.054432
v -0.082472 -0.044046 -0.053963
v -0.080700 -0.044788 -0.050693
v -0.083070 -0.043427 -0.051983
v -0.080288 -0.037368 -0.024034
v -0.077835 -0.040946 -0.017775
v -0.079545 -0.042560 -0.019629
v -0.079360 -0.041872 -0.017114
v -0.080645 -0.043508 -0.018350
v -0.080927 -0.044897 -0.019700
v -0.081139 -0.046192 -0.021738
v -0.082023 -0.046528 -0.024024
v -0.079674 -0.037928 -0.028246
v -0.084341 -0.036169 -0.053185
v -0.079351 -0.038080 -0.026439
v -0.081054 -0.037732 -0.029785
v -0.081120 -0.037341 -0.028035
v -0.080824 -0.037221 -0.026134
v -0.087503 -0.036974 -0.015266
v -0.086908 -0.040161 -0.016664
v -0.085912 -0.036573 -0.016051
v -0.086822 -0.042752 -0.017191
v -0.084294 -0.036665 -0.016527
v -0.082842 -0.044909 -0.048768
v -0.082903 -0.045072 -0.051757
v -0.083396 -0.025959 -0.025028
v -0.076102 0.021275 -0.033802
v -0.076704 0.015239 -0.043063
v -0.045037 0.047528 0.017867
v -0.044306 0.047795 0.021174
v -0.069379 0.035067 -0.025073
v -0.065287 0.039319 -0.022894
v -0.043836 0.060067 0.011004
v -0.043142 0.060064 0.012406
v -0.042346 0.060323 0.012175
v -0.043018 0.060075 0.011241
v -0.041556 0.058315 0.012140
v -0.042337 0.057636 0.011894
v -0.042380 0.058870 0.011846
v -0.041588 0.059530 0.012191
v -0.045699 0.059293 -0.007477
v -0.047646 0.055283 -0.011724
v -0.049853 0.054143 -0.007077
v -0.048205 0.057949 -0.003384
v -0.043556 0.050458 0.013953
v -0.043484 0.051125 0.011816
v -0.042914 0.054054 0.011311
v -0.042907 0.053559 0.012532
v -0.043455 0.050270 0.015493
v -0.042734 0.053383 0.013340
v -0.044998 0.047676 0.015610
v -0.044797 0.048225 0.012443
v -0.050080 0.053093 0.017363
v -0.047939 0.056096 0.015339
v -0.048879 0.056937 0.011501
v -0.051069 0.054103 0.012047
v -0.042224 0.057022 -0.019515
v -0.045175 0.056182 -0.015991
v -0.043271 0.059167 -0.011609
v -0.039930 0.059759 -0.016147
v -0.036781 0.060775 -0.020423
v -0.038678 0.057960 -0.023461
v -0.034882 0.064199 -0.027792
v -0.036822 0.066241 -0.024249
v -0.037233 0.069962 -0.023570
v -0.036803 0.068329 -0.025514
v -0.035307 0.069148 -0.019212
v -0.037396 0.065012 -0.022076
v -0.031308 0.070590 -0.017757
v -0.030915 0.071536 -0.018177
v -0.035501 0.067529 -0.018531
v -0.035055 0.065407 -0.017812
v -0.031841 0.069502 -0.017141
v -0.029916 0.072467 -0.018417
v -0.032727 0.071878 -0.019288
v -0.034162 0.072849 -0.021863
v -0.023091 0.081679 -0.018072
v -0.024160 0.083448 -0.019887
v -0.025868 0.061912 -0.050857
v -0.028974 0.058704 -0.047698
v -0.026225 0.064898 -0.048506
v -0.029124 0.061291 -0.045405
v -0.033117 0.076362 -0.024201
v -0.035855 0.074312 -0.026676
v -0.030506 0.080651 -0.024649
v -0.031891 0.079754 -0.028274
v -0.019673 0.058990 -0.063205
v -0.021586 0.077837 -0.014637
v -0.022086 0.077311 -0.014689
v -0.020913 0.079317 -0.015698
v -0.019332 -0.118199 -0.132605
v -0.019476 -0.108129 -0.144200
v -0.021837 -0.084610 -0.157921
v -0.021375 -0.072763 -0.160615
v -0.024854 0.077742 0.000014
v -0.024663 0.077951 -0.001747
v -0.031396 0.060641 0.005065
v -0.026022 0.062391 0.004480
v -0.025940 0.065309 0.005151
v -0.031346 0.063768 0.006103
v -0.035050 0.061723 0.006964
v -0.035576 0.058426 0.005921
v -0.031347 0.058164 0.004018
v -0.025825 0.059586 0.003296
v -0.030956 0.069416 0.006977
v -0.025802 0.071584 0.005809
v -0.025567 0.074139 0.004128
v -0.030813 0.071748 0.005321
v -0.036902 0.063634 -0.013963
v -0.033758 0.067338 -0.014150
v -0.030330 0.072035 -0.014135
v -0.027137 0.075139 -0.013772
v -0.026220 0.075318 -0.015653
v -0.028916 0.072822 -0.016542
v -0.025638 0.075530 -0.015939
v -0.028139 0.073200 -0.016953
v -0.027769 0.073700 -0.017113
v -0.027885 0.073743 -0.017579
v -0.026214 0.075387 -0.017227
v -0.026666 0.075154 -0.017944
v -0.025441 0.075968 -0.015964
v -0.021914 0.080427 -0.043173
v -0.021302 0.077162 -0.046838
v -0.029122 0.075442 -0.003040
v -0.024673 0.077030 -0.003452
v -0.024151 0.075867 -0.007617
v -0.028299 0.074421 -0.007670
v -0.032364 0.071377 -0.007097
v -0.034044 0.072628 -0.001545
v -0.022657 0.076933 -0.014485
v -0.029475 0.075868 -0.001215
v -0.029899 0.075590 0.000658
v -0.034677 0.073025 0.000563
v -0.034981 0.072603 0.002591
v -0.038709 0.069341 0.000948
v -0.037407 0.067986 -0.005600
v -0.042761 0.064246 -0.003775
v -0.042363 0.065702 0.003786
v -0.048963 0.058461 0.008000
v -0.045036 0.059611 0.011069
v -0.044991 0.060359 0.009441
v -0.044740 0.061610 0.007781
v -0.048231 0.059836 0.004177
v -0.051099 0.055901 0.006945
v -0.050104 0.057074 0.001477
v -0.046657 0.061571 0.000028
v -0.044053 0.063208 0.005913
v -0.043921 0.060845 0.009676
v -0.043113 0.060538 0.010397
v -0.043630 0.061886 0.008607
v -0.042829 0.061486 0.009485
v -0.043148 0.063205 0.007499
v -0.042340 0.062657 0.008631
v -0.041419 0.064463 0.007471
v -0.042016 0.065325 0.005980
v -0.041554 0.059611 0.010264
v -0.040390 0.060823 0.009701
v -0.040200 0.062172 0.009490
v -0.041253 0.060662 0.010099
v -0.042377 0.058450 0.010920
v -0.041952 0.059703 0.010717
v -0.042399 0.054976 0.010357
v -0.041632 0.055880 0.009279
v -0.042889 0.057670 0.011404
v -0.042732 0.058610 0.011400
v -0.042435 0.059931 0.011258
v -0.042213 0.060696 0.010256
v -0.041635 0.061764 0.009553
v -0.040707 0.063327 0.008743
v -0.034923 0.071215 0.004677
v -0.038570 0.068911 0.005092
v -0.038114 0.067286 0.006855
v -0.034637 0.068934 0.006902
v -0.037674 0.065524 0.008339
v -0.036096 0.055754 0.004867
v -0.034536 0.066682 0.008043
v -0.039424 0.055345 0.007182
v -0.040349 0.052705 0.006376
v -0.038667 0.058635 0.008018
v -0.042964 0.052105 0.010300
v -0.042231 0.052798 0.008796
v -0.044222 0.049076 0.010098
v -0.043297 0.050179 0.008170
v -0.037760 0.063660 0.008901
v -0.038852 0.069501 0.003197
v -0.030371 0.074079 0.002789
v -0.025203 0.076112 0.001744
v -0.023594 0.087242 -0.034624
v -0.022920 0.083710 -0.039399
v -0.041832 0.060234 0.012131
v -0.025679 0.028853 0.091786
v -0.044320 0.059404 0.012938
v -0.042909 0.050265 0.018083
v -0.042047 0.053564 0.014862
v -0.047637 0.053357 0.022533
v -0.044122 0.056497 0.027029
v -0.042995 0.058981 0.023111
v -0.045975 0.056293 0.019567
v -0.041006 0.062317 0.017406
v -0.043089 0.060373 0.014752
v -0.041984 0.061182 0.013842
v -0.039801 0.063232 0.015597
v -0.038902 0.063599 0.014374
v -0.041126 0.061397 0.013160
v -0.037723 0.062770 0.012761
v -0.033665 0.065016 0.012998
v -0.032637 0.060245 0.016750
v -0.036978 0.057943 0.016457
v -0.041020 0.054759 0.015558
v -0.040590 0.059270 0.012474
v -0.037998 0.063279 0.012952
v -0.040542 0.060522 0.012764
v -0.034059 0.066259 0.013029
v -0.034850 0.021204 0.087446
v -0.040786 0.061168 0.012732
v -0.038366 0.063500 0.013297
v -0.034533 0.066855 0.013826
v -0.035247 0.067234 0.015654
v -0.036170 0.067386 0.017661
v -0.037034 0.066349 0.020316
v -0.038401 0.062391 0.027066
v -0.039569 0.060777 0.031639
v -0.032830 0.065324 0.029946
v -0.033559 0.064464 0.034415
v -0.032391 0.070003 0.022646
v -0.031899 0.071295 0.019225
v -0.031087 0.070781 0.016806
v -0.030614 0.069760 0.014611
v -0.023473 0.076590 -0.013144
v -0.024930 0.076958 -0.016917
v -0.023513 0.079195 -0.017234
v -0.026424 0.083957 -0.021822
v -0.020717 0.081674 -0.016317
v -0.029068 0.082706 -0.024008
v -0.027431 0.084539 -0.023065
v -0.028032 0.084999 -0.025229
v -0.029278 0.083560 -0.026354
v -0.026000 0.086141 -0.022049
v -0.027348 0.086292 -0.024722
v -0.022026 0.088537 -0.019907
v -0.023082 0.090231 -0.023763
v -0.023894 0.089467 -0.030657
v -0.023591 0.090498 -0.026533
v -0.028371 0.085453 -0.027198
v -0.029284 0.083298 -0.029552
v -0.029254 0.080710 -0.032508
v -0.032337 0.076783 -0.030747
v -0.017256 -0.027508 -0.165345
v -0.030095 0.068903 0.013349
v -0.029171 0.067180 0.013176
v -0.031672 0.053686 0.026472
v -0.032041 0.055905 0.022215
v -0.027275 0.057533 0.022949
v -0.026880 0.055575 0.027142
v -0.025132 0.068354 0.013260
v -0.024302 0.062766 0.017389
v -0.028016 0.061966 0.016972
v -0.025525 0.070006 0.013679
v -0.026005 0.070964 0.015235
v -0.026477 0.072478 0.017673
v -0.023609 0.058273 0.023492
v -0.023209 0.056394 0.027925
v -0.041468 0.051243 0.019767
v -0.041723 0.049029 0.023896
v -0.036915 0.053858 0.021614
v -0.036971 0.051804 0.025076
v -0.027305 0.067244 0.035691
v -0.026746 0.067044 0.031320
v -0.026912 0.073336 0.020262
v -0.026988 0.071868 0.023854
v -0.020662 -0.096181 -0.151062
v -0.070089 0.000819 -0.111141
v -0.070039 0.009016 -0.104571
v -0.063684 0.015199 -0.111199
v -0.063901 0.007831 -0.116166
v -0.071035 -0.005562 -0.119823
v -0.064503 0.002745 -0.123632
v -0.043144 -0.048320 -0.157848
v -0.046421 -0.033142 -0.158688
v -0.028141 -0.029044 -0.164924
v -0.036313 -0.062483 -0.157190
v -0.046830 -0.072663 -0.148257
v -0.050561 -0.054212 -0.152327
v -0.052466 -0.037786 -0.151726
v -0.028852 -0.074516 0.053812
v -0.055987 -0.116334 -0.078794
v -0.052360 -0.025748 -0.150100
v -0.044772 -0.022312 -0.156184
v -0.043790 -0.012061 -0.151428
v -0.050833 -0.015882 -0.147654
v -0.028274 -0.016747 -0.163232
v -0.017796 -0.014607 -0.165121
v -0.020981 -0.128731 -0.037409
v -0.020885 0.073751 -0.050182
v -0.053025 -0.066382 0.014240
v -0.067693 -0.051807 0.015227
v -0.067842 -0.026417 0.065886
v -0.080376 -0.039361 -0.009583
v -0.079671 -0.039888 -0.010338
v -0.069884 -0.036891 0.029157
v -0.071758 -0.038545 0.015947
v -0.042972 -0.078206 0.014667
v -0.086157 -0.050995 -0.020838
v -0.086098 -0.051885 -0.024418
v -0.088474 -0.051265 -0.019881
v -0.088525 -0.052504 -0.023762
v -0.087992 -0.053008 -0.027971
v -0.090061 -0.051008 -0.017983
v -0.083125 -0.042696 -0.053275
v -0.085342 -0.041846 -0.054529
v -0.080776 -0.035199 -0.007178
v -0.080392 -0.036872 -0.008299
v -0.079772 -0.036010 -0.007601
v -0.079826 -0.034677 -0.006960
v -0.080731 -0.033598 -0.005885
v -0.079642 -0.033559 -0.006155
v -0.083822 -0.036853 -0.070962
v -0.077542 -0.036914 -0.007220
v -0.079063 -0.039391 -0.009659
v -0.079527 -0.038050 -0.008958
v -0.079320 -0.036663 -0.007698
v -0.078778 -0.034608 -0.006338
v -0.078930 -0.033052 -0.005170
v -0.080145 -0.032571 -0.004366
v -0.091152 -0.051861 -0.016594
v -0.085682 -0.038892 -0.005541
v -0.083474 -0.046723 -0.047330
v -0.083372 -0.047938 -0.045515
v -0.086108 -0.049679 -0.047109
v -0.086091 -0.048681 -0.049098
v -0.062541 -0.086522 -0.023867
v -0.067395 -0.093986 -0.033361
v -0.017071 -0.077784 0.051363
v -0.016885 -0.080630 0.036834
v -0.081709 -0.081436 -0.068149
v -0.083316 -0.045813 -0.048783
v -0.085964 -0.047658 -0.050690
v -0.085680 -0.052146 -0.028513
v -0.080818 -0.045718 -0.048738
v -0.081234 -0.046677 -0.047093
v -0.087694 -0.049497 -0.052212
v -0.087867 -0.050764 -0.050401
v -0.088513 -0.051916 -0.048090
v -0.081481 -0.047614 -0.045246
v -0.082024 -0.047873 -0.052916
v -0.086333 -0.060205 -0.098621
v -0.083465 -0.072895 -0.093203
v -0.078034 -0.063194 -0.113834
v -0.076050 -0.077164 -0.109238
v -0.071446 -0.092488 -0.104624
v -0.077477 -0.088395 -0.086723
v -0.082685 -0.042955 -0.053712
v -0.087077 -0.042180 -0.055511
v -0.070736 -0.012360 -0.126332
v -0.075977 -0.020275 -0.121294
v -0.065016 -0.003353 -0.131441
v -0.063790 -0.009621 -0.137564
v -0.069573 -0.018864 -0.132598
v -0.076047 -0.030551 -0.124244
v -0.089011 -0.045547 -0.090327
v -0.085705 -0.046178 -0.103795
v -0.083895 -0.033553 -0.108564
v -0.077696 -0.047512 -0.119460
v -0.068419 -0.036072 -0.132489
v -0.070302 -0.050865 -0.128838
v -0.060725 -0.039162 -0.141957
v -0.060861 -0.054068 -0.139805
v -0.059396 -0.070086 -0.137685
v -0.070307 -0.065954 -0.124725
v -0.065378 -0.024225 -0.136483
v -0.061071 -0.014841 -0.141230
v -0.059547 -0.026914 -0.142798
v -0.057000 -0.019281 -0.143642
v -0.081632 -0.027111 -0.110633
v -0.073414 -0.033507 -0.001144
v -0.075821 -0.029087 -0.000496
v -0.081241 -0.022291 -0.010756
v -0.079276 0.009105 -0.035796
v -0.077125 0.006201 -0.048520
v -0.080429 -0.002933 -0.040267
v -0.080152 -0.001366 -0.026037
v -0.075261 0.004289 -0.062934
v -0.078263 -0.004632 -0.054674
v -0.079003 -0.007261 -0.070079
v -0.076069 0.003974 -0.077352
v -0.062817 -0.106062 -0.100033
v -0.067147 -0.105506 -0.083552
v -0.068952 -0.103714 -0.070284
v -0.059610 0.033531 -0.092017
v -0.020868 -0.123651 -0.122468
v -0.056516 0.021979 -0.115368
v -0.050290 -0.104895 -0.120138
v -0.036903 -0.111171 -0.127543
v -0.068482 -0.080727 -0.120243
v -0.065056 -0.093630 -0.116544
v -0.057388 -0.105636 -0.111356
v -0.068639 -0.099356 -0.052674
v -0.054491 -0.007472 -0.145732
v -0.070341 0.029140 -0.059497
v -0.069769 0.028168 -0.055216
v -0.070201 0.030401 -0.064175
v -0.067998 0.029696 -0.050493
v -0.032233 0.055865 -0.044491
v -0.032065 0.058194 -0.042359
v -0.031773 0.060235 -0.039641
v -0.035046 0.055188 -0.039561
v -0.034548 0.057206 -0.036418
v -0.028697 0.067071 -0.039741
v -0.029152 0.063957 -0.042637
v -0.031366 0.062796 -0.036990
v -0.031313 0.065194 -0.033744
v -0.029169 0.069513 -0.036611
v -0.036624 0.062048 -0.021981
v -0.036203 0.058997 -0.026601
v -0.033695 0.061400 -0.030379
v -0.037793 0.054927 -0.033523
v -0.037121 0.057012 -0.030329
v -0.034059 0.059335 -0.033656
v -0.038721 0.052694 -0.036898
v -0.033185 0.068154 -0.030714
v -0.035831 0.071789 -0.028119
v -0.030284 0.073147 -0.033323
v -0.028394 0.077138 -0.035548
v -0.027286 0.073678 -0.039020
v -0.035484 0.053128 -0.041839
v -0.039552 0.050809 -0.039426
v -0.040393 0.055840 -0.027155
v -0.044549 0.054807 -0.024170
v -0.041848 0.053318 -0.031211
v -0.045667 0.052445 -0.028817
v -0.042710 0.051203 -0.034639
v -0.046641 0.050208 -0.032432
v -0.047785 0.053630 -0.020413
v -0.050280 0.052052 -0.016631
v -0.052510 0.050310 -0.011107
v -0.053001 0.049816 -0.021610
v -0.055873 0.047554 -0.016347
v -0.054986 0.047921 -0.026667
v -0.058924 0.045729 -0.021695
v -0.049743 0.051351 -0.025709
v -0.051177 0.049148 -0.029687
v -0.047654 0.048169 -0.035942
v -0.043712 0.049246 -0.037785
v -0.056013 0.044769 -0.037077
v -0.055884 0.046314 -0.031872
v -0.051843 0.047246 -0.034048
v -0.052334 0.045679 -0.038332
v -0.060549 0.044131 -0.028312
v -0.060090 0.043002 -0.035414
v -0.059203 0.041533 -0.039865
v -0.045732 0.044763 -0.045758
v -0.041088 0.045921 -0.046378
v -0.049176 0.043748 -0.045399
v -0.055576 0.043172 -0.040559
v -0.052355 0.044202 -0.041270
v -0.062964 0.035379 -0.046024
v -0.060510 0.037514 -0.045313
v -0.055121 0.041200 -0.044975
v -0.052355 0.042533 -0.045110
v -0.057949 0.039446 -0.045033
v -0.036931 0.046661 -0.048185
v -0.032671 0.047517 -0.050432
v -0.065010 -0.047797 0.027394
v -0.026327 0.071102 -0.042305
v -0.026206 0.068040 -0.045474
v -0.029958 0.049734 -0.065727
v -0.027686 0.049076 -0.063257
v -0.022197 0.055773 -0.063064
v -0.034038 0.052431 -0.069405
v -0.029555 0.047932 -0.053194
v -0.027690 0.048000 -0.055671
v -0.026624 0.048103 -0.057948
v -0.026405 0.048602 -0.060781
v -0.043944 0.052658 -0.081599
v -0.041720 0.055760 -0.075079
v -0.067980 0.017702 -0.097735
v -0.071518 0.014436 -0.089390
v -0.063011 0.037254 -0.077907
v -0.066430 0.034681 -0.074204
v -0.068937 0.032337 -0.069344
v -0.072654 0.012156 -0.078259
v -0.072672 0.011355 -0.066288
v -0.074815 0.012468 -0.054104
v -0.055722 0.010508 -0.125854
v -0.056793 0.005360 -0.135339
v -0.056338 0.015534 -0.120120
v -0.046620 -0.001506 -0.148942
v -0.048592 0.006821 -0.145286
v -0.056982 -0.000226 -0.142569
v -0.048401 0.011745 -0.137253
v -0.047950 0.016647 -0.128226
v -0.048850 0.022506 -0.123106
v -0.048930 0.028987 -0.117794
v -0.048283 0.035318 -0.108745
v -0.051070 -0.061712 0.025656
v -0.025878 0.071345 -0.028400
v -0.025383 0.071889 -0.028283
v -0.025610 0.071179 -0.028345
v -0.025052 0.071783 -0.028270
v -0.025550 0.071819 -0.027895
v -0.026184 0.074444 -0.019614
v -0.024915 0.073486 -0.021571
v -0.025089 0.072782 -0.025369
v -0.081574 -0.023825 -0.003991
v -0.063400 -0.038532 0.062364
v -0.055112 -0.048994 0.059070
v 0.045366 -0.029939 0.064960
v 0.040223 -0.042309 0.061630
v 0.007507 0.020525 0.094948
v 0.019537 0.013914 0.089321
v 0.022197 0.013625 0.100489
v 0.009330 0.018970 0.106293
v 0.053395 -0.032197 0.081842
v 0.047474 -0.030617 0.074064
v 0.044179 -0.043268 0.071578
v 0.051638 -0.045883 0.080142
v 0.037425 -0.053718 0.071054
v 0.043360 -0.055806 0.082352
v 0.032362 -0.064309 0.083099
v 0.028973 -0.061829 0.070948
v 0.018332 -0.067806 0.071069
v 0.020327 -0.070907 0.085029
v 0.032383 0.006236 0.083375
v 0.042630 -0.003548 0.078998
v 0.043935 -0.005395 0.090042
v 0.034496 0.005744 0.093600
v 0.047893 -0.016711 0.076367
v 0.050318 -0.019382 0.085675
v 0.008862 -0.074725 0.084674
v 0.007480 -0.071852 0.069126
v 0.014093 0.013879 0.127570
v 0.001300 0.016903 0.132944
v 0.000665 0.019197 0.122562
v 0.011585 0.016356 0.118008
v 0.048197 0.005308 0.124219
v 0.063806 -0.002349 0.113893
v 0.072619 0.005122 0.120679
v 0.054697 0.014222 0.132456
v 0.097576 -0.002519 0.115142
v 0.109656 -0.022875 0.102226
v 0.031976 0.013645 0.129526
v 0.035953 0.022208 0.141772
v -0.000917 -0.089468 0.091119
v -0.003800 -0.075610 0.082526
v 0.098972 -0.027895 0.097571
v 0.098336 -0.053579 0.101648
v 0.112836 -0.049244 0.106596
v 0.057991 -0.102700 0.132939
v 0.059103 -0.106180 0.140977
v 0.074911 -0.101336 0.135511
v 0.069605 -0.097887 0.127857
v 0.074004 -0.054600 0.091761
v 0.064347 -0.072654 0.090054
v 0.072282 -0.075236 0.101656
v 0.086063 -0.056855 0.095247
v 0.037187 -0.096363 0.113705
v 0.054925 -0.087246 0.107555
v 0.047350 -0.083073 0.092743
v 0.031769 -0.090584 0.098735
v 0.086411 -0.032815 0.096560
v 0.074107 -0.034186 0.093446
v 0.075873 -0.015870 0.105059
v 0.065602 -0.019117 0.101283
v 0.054719 -0.008621 0.110165
v 0.052424 -0.062117 0.089564
v 0.039971 -0.073126 0.090386
v 0.027224 -0.085132 0.089060
v 0.014327 -0.089846 0.090140
v -0.000050 -0.111061 0.145705
v -0.000549 -0.107607 0.132693
v 0.017588 -0.099972 0.115750
v 0.016414 -0.094882 0.101432
v 0.086781 -0.010666 0.109285
v 0.057659 -0.020640 0.095253
v 0.047239 -0.008399 0.100606
v 0.062071 0.027979 0.142071
v 0.082371 0.015118 0.131302
v 0.041249 0.033989 0.153930
v 0.022224 0.038638 0.160640
v 0.020535 -0.105025 0.130647
v 0.020031 -0.107800 0.144106
v 0.041207 -0.107703 0.141440
v 0.044066 -0.102408 0.127746
v 0.041727 0.003747 0.115705
v 0.027781 0.008299 0.120529
v 0.016685 0.020523 0.134134
v 0.059903 -0.048796 0.088028
v 0.059972 -0.033916 0.090244
v 0.037211 0.003210 0.106728
v 0.024450 0.010300 0.113306
v -0.002153 0.023432 0.110641
v 0.019259 0.028117 0.148234
v 0.102643 -0.075055 0.117028
v 0.089800 -0.091894 0.127186
v 0.081124 -0.091631 0.122993
v -0.001529 -0.102706 0.116914
v -0.010419 0.019567 0.124419
v -0.008651 0.014381 0.134682
v -0.012334 0.024359 0.112316
v 0.084535 -0.079836 0.111929
v 0.063439 -0.093518 0.118146
v -0.014021 0.027560 0.102221
v -0.004904 -0.075280 0.066907
v -0.007504 0.017346 0.142465
v -0.007971 0.029060 0.153819
v -0.008375 0.038003 0.168003
v -0.003530 0.026968 0.099981
v 0.005463 0.029303 0.151801
v 0.004223 0.019631 0.139746
v 0.006279 0.039970 0.163931
v 0.001201 -0.097112 0.099860
v -0.033714 0.020027 0.095558
v -0.042674 0.009750 0.089399
v -0.043336 0.009634 0.099740
v -0.032931 0.017696 0.105804
v -0.065885 -0.039195 0.078986
v -0.064171 -0.038221 0.071505
v -0.056784 -0.049662 0.067888
v -0.060245 -0.053387 0.079524
v -0.049378 -0.060679 0.067653
v -0.051108 -0.063360 0.081742
v -0.040172 -0.070500 0.081899
v -0.039216 -0.068393 0.068236
v -0.027788 -0.072729 0.068973
v -0.028261 -0.074575 0.082413
v -0.054521 -0.000220 0.083996
v -0.063709 -0.011475 0.078567
v -0.063382 -0.011913 0.089110
v -0.054889 0.000046 0.094235
v -0.067800 -0.025020 0.074970
v -0.068042 -0.025638 0.084280
v -0.015860 -0.076614 0.083144
v -0.016796 -0.074896 0.068110
v -0.032998 0.015094 0.128565
v -0.020629 0.015237 0.133907
v -0.021689 0.019060 0.122077
v -0.033564 0.015737 0.117970
v -0.063081 -0.000560 0.122137
v -0.077637 -0.013082 0.114368
v -0.086489 -0.007682 0.121379
v -0.070078 0.006270 0.131276
v -0.110396 -0.016204 0.114125
v -0.119300 -0.035532 0.101614
v -0.047728 0.008865 0.128984
v -0.052491 0.016871 0.139247
v -0.108471 -0.039023 0.097975
v -0.105664 -0.066626 0.099515
v -0.118822 -0.063535 0.104353
v -0.058717 -0.107750 0.130869
v -0.058653 -0.111620 0.138654
v -0.075295 -0.109469 0.132257
v -0.070935 -0.105019 0.125318
v -0.080600 -0.062615 0.087077
v -0.068184 -0.078184 0.092772
v -0.077984 -0.084822 0.099822
v -0.093475 -0.067067 0.094511
v -0.040628 -0.100646 0.112509
v -0.059697 -0.095008 0.105330
v -0.051417 -0.087349 0.096434
v -0.034544 -0.092948 0.099491
v -0.097542 -0.042659 0.093274
v -0.082243 -0.040703 0.087521
v -0.088250 -0.024389 0.101801
v -0.075747 -0.028835 0.100610
v -0.069954 -0.013573 0.108130
v -0.059954 -0.073233 0.083698
v -0.047396 -0.083440 0.086704
v -0.031931 -0.088087 0.088914
v -0.015702 -0.090503 0.089758
v -0.020840 -0.102316 0.116075
v -0.017297 -0.094422 0.099666
v -0.100038 -0.021555 0.107052
v -0.070976 -0.027150 0.092115
v -0.063960 -0.013444 0.098939
v -0.078256 0.016120 0.142812
v -0.096337 0.001561 0.130587
v -0.058420 0.025928 0.153638
v -0.039404 0.032975 0.160045
v -0.022137 -0.106023 0.130181
v -0.020501 -0.109774 0.143875
v -0.041289 -0.109966 0.140584
v -0.045776 -0.105578 0.126598
v -0.057389 -0.003642 0.115319
v -0.045320 0.005751 0.123271
v -0.033376 0.014849 0.135947
v -0.066768 -0.056237 0.083255
v -0.070155 -0.042130 0.088094
v -0.055750 -0.001791 0.105632
v -0.044438 0.007935 0.112662
v -0.023260 0.022458 0.110223
v -0.036074 0.024652 0.144751
v -0.106186 -0.087584 0.113187
v -0.091203 -0.102029 0.123175
v -0.083340 -0.100695 0.120064
v -0.089091 -0.090690 0.108117
v -0.066163 -0.100346 0.116219
v -0.024670 0.025802 0.099694
v -0.021381 0.027110 0.150055
v -0.020003 0.014181 0.141327
v -0.023245 0.037561 0.163950
v -0.026017 0.071367 -0.027986
v -0.078202 -0.004026 -0.003438
v -0.077789 -0.011323 0.004322
v -0.075665 -0.004260 0.015450
v -0.076744 0.003431 0.006704
v -0.070838 0.003350 0.024953
v -0.074593 0.009379 0.015102
v -0.063683 0.012652 0.031272
v -0.069472 0.016318 0.022186
v -0.058920 0.022281 0.035448
v -0.063954 0.024074 0.026751
v -0.048985 0.044197 0.042170
v -0.046367 0.040593 0.045808
v -0.040733 0.047816 0.049202
v -0.042192 0.052146 0.046945
v -0.034439 0.054471 0.052448
v -0.035716 0.058965 0.050687
v -0.027315 0.058986 0.055168
v -0.027914 0.063845 0.053414
v -0.018491 0.061781 0.055832
v -0.019268 0.066504 0.053523
v -0.019830 0.070220 0.044577
v -0.028750 0.068689 0.044942
v -0.028716 0.067172 0.049740
v -0.019645 0.068982 0.049720
v -0.035782 0.064727 0.043483
v -0.035995 0.062299 0.047833
v -0.041461 0.058856 0.040061
v -0.042617 0.055949 0.044611
v -0.047683 0.051373 0.034837
v -0.049106 0.048156 0.039115
v -0.051835 0.046346 0.029114
v -0.054107 0.041533 0.031426
v -0.025669 0.052265 0.054959
v -0.017834 0.055268 0.056318
v -0.032268 0.048526 0.053414
v -0.038765 0.043044 0.051682
v -0.043977 0.036490 0.049438
v -0.054101 0.032050 0.039659
v -0.048618 0.029123 0.046292
v -0.054283 0.020555 0.041786
v -0.059275 0.009890 0.038218
v -0.066349 -0.001461 0.030800
v -0.073405 -0.011295 0.020728
v -0.077393 -0.018191 0.009268
v -0.079138 -0.015882 -0.003144
v -0.034673 0.064970 0.039577
v -0.027977 0.068507 0.040292
v -0.040329 0.060566 0.036624
v -0.045636 0.054255 0.031071
v -0.049445 0.050019 0.025567
v -0.052580 0.049585 0.012522
v -0.051670 0.048859 0.019361
v -0.051470 0.052775 -0.001220
v -0.052564 0.051727 0.005712
v -0.057160 0.044235 -0.008716
v -0.056780 0.040100 0.000144
v -0.054001 0.045840 0.003895
v -0.053799 0.048110 -0.004523
v -0.061009 0.041285 -0.015111
v -0.060822 0.035681 -0.004813
v -0.024500 0.047315 0.056598
v -0.017338 0.048972 0.057149
v -0.030555 0.043689 0.056131
v -0.036143 0.038985 0.055529
v -0.040041 0.033223 0.054596
v -0.043860 0.026751 0.052750
v -0.047744 0.018774 0.050631
v -0.053542 0.007680 0.047310
v -0.060815 -0.005337 0.038432
v -0.070714 -0.016991 0.025664
v -0.074769 -0.024607 0.013443
v -0.035195 0.025348 0.059534
v -0.032626 0.029326 0.059589
v -0.029356 0.032909 0.060105
v -0.026176 0.036753 0.060341
v -0.021945 0.036830 0.060997
v -0.016015 0.037197 0.061005
v -0.020792 0.031140 0.061057
v -0.015286 0.031771 0.061401
v -0.022909 0.029983 0.063490
v -0.015238 0.030398 0.063586
v -0.025142 0.031889 0.066686
v -0.016139 0.033677 0.069066
v -0.053621 0.043755 0.021539
v -0.056184 0.037885 0.021281
v -0.056333 0.037411 0.010442
v -0.060288 0.032218 0.006502
v -0.060668 0.032155 0.019488
v -0.054165 0.043735 0.012968
v -0.067001 0.025855 0.015340
v -0.067927 0.028227 0.002032
v -0.066890 0.033216 -0.010927
v -0.072366 0.024725 -0.003271
v -0.072517 0.019777 0.009995
v -0.071019 0.029840 -0.014722
v -0.073626 0.026268 -0.018531
v -0.074810 0.020700 -0.007814
v -0.075328 0.015142 0.003712
v -0.057899 0.033638 0.032531
v -0.077082 0.009967 -0.002174
v -0.075370 0.021724 -0.021891
v -0.076534 0.015920 -0.012690
v -0.077083 0.015930 -0.026746
v -0.078337 0.007647 -0.018129
v -0.078578 0.001831 -0.009579
v -0.079394 -0.012298 -0.011373
v -0.020058 0.070473 0.040077
v -0.074115 -0.037066 -0.001825
v -0.040140 0.063853 -0.008663
v -0.035288 0.067287 -0.009938
v -0.031179 0.071528 -0.010453
v -0.027752 0.074787 -0.010722
v -0.023782 0.076197 -0.010468
v -0.016732 0.034522 0.085860
v -0.015942 0.059175 -0.074799
v -0.017488 0.036728 0.076865
v -0.018965 0.056772 0.028236
v -0.007382 -0.012675 -0.164796
v -0.020058 0.068990 0.036081
v -0.019215 0.058830 0.023586
v -0.017897 0.086151 -0.039531
v -0.019941 0.067954 0.031582
v -0.020636 0.074125 0.021328
v -0.020659 0.071173 0.015523
v -0.014714 0.047350 -0.108198
v -0.020680 0.072645 0.018212
v -0.019461 0.076334 -0.012451
v -0.018453 0.089487 -0.034887
v -0.020526 0.070417 0.013801
v -0.004138 -0.092471 0.013369
v -0.020336 0.072234 0.024291
v -0.019911 0.063107 0.017934
v -0.020409 0.068984 0.013253
v -0.018448 0.060257 0.003117
v -0.019422 0.075552 -0.009472
v -0.016166 0.069066 -0.056460
v -0.001508 -0.124336 -0.020636
v -0.016443 0.072189 -0.054016
v -0.012184 0.031439 -0.132300
v -0.014155 0.041831 -0.118242
v -0.017361 0.082409 -0.044256
v 0.000503 -0.132241 -0.088625
v 0.000105 -0.130004 -0.106449
v -0.015413 0.052893 -0.091807
v -0.004073 -0.077046 -0.166405
v -0.018805 0.091672 -0.030223
v -0.018995 0.081805 -0.015794
v -0.009890 0.010224 -0.152483
v 0.000104 -0.135584 -0.051364
v 0.002195 -0.098490 -0.155064
v -0.019425 0.075199 0.004046
v -0.008632 -0.001319 -0.158112
v -0.019244 0.072196 0.005482
v -0.018993 0.089426 -0.018987
v -0.000594 -0.130248 -0.035289
v 0.000066 -0.134996 -0.066779
v -0.019425 0.076893 -0.002934
v -0.019434 0.075513 -0.006570
v 0.000192 -0.085423 -0.160672
v -0.015742 0.058167 -0.080525
v -0.019471 0.078437 -0.001439
v -0.016283 0.061069 -0.063343
v -0.019498 0.078714 0.000335
v -0.015351 0.029851 0.093566
v 0.002244 -0.121136 -0.133473
v -0.019471 0.077347 0.002240
v -0.018782 0.066189 0.004589
v -0.016924 0.078853 -0.048018
v -0.018646 0.063257 0.004077
v -0.015058 0.050363 -0.098502
v -0.019246 0.077882 -0.014103
v -0.019108 0.078386 -0.014265
v -0.016475 0.062494 -0.061269
v -0.013140 0.036822 -0.125996
v -0.016160 0.060370 -0.065505
v -0.019277 0.077338 -0.013937
v 0.000710 -0.126480 -0.122385
v -0.005524 -0.057614 -0.166331
v -0.005725 -0.043921 -0.166640
v -0.016423 0.065795 -0.058774
v -0.016548 0.075319 -0.051411
v -0.004666 -0.089326 0.020952
v -0.018888 0.091679 -0.022900
v -0.018963 0.092357 -0.025742
v -0.010655 0.019373 -0.145796
v -0.002367 -0.118793 -0.010477
v -0.006302 -0.026774 -0.165777
v -0.011360 0.025554 -0.138272
v -0.003845 -0.101943 0.003888
v -0.003213 -0.113706 -0.001960
v -0.019030 0.087759 -0.017673
v -0.016186 0.059691 -0.068436
v -0.018977 0.084553 -0.016377
v 0.003172 -0.111126 -0.147827
v -0.019004 0.079606 -0.014960
v -0.007813 0.069579 -0.027907
v 0.050412 0.005007 -0.000986
v 0.050666 -0.001662 0.006351
v 0.046970 0.005438 0.017554
v 0.047432 0.012752 0.009349
v 0.041229 0.012062 0.027011
v 0.043399 0.018257 0.017698
v 0.033720 0.019644 0.032944
v 0.037716 0.023663 0.024041
v -0.023438 0.086586 -0.019668
v -0.022309 0.084194 -0.017963
v 0.027371 0.028276 0.036752
v 0.031269 0.030144 0.027789
v -0.030337 0.044897 -0.056843
v -0.027760 0.073761 -0.017528
v -0.024748 0.077624 -0.041492
v -0.029096 0.045564 -0.057140
v 0.013300 0.048418 0.041674
v 0.012050 0.044855 0.045795
v 0.005209 0.051245 0.048870
v 0.005659 0.055691 0.046243
v -0.030283 0.072089 -0.018554
v -0.001984 0.057104 0.052020
v -0.001181 0.061995 0.050180
v -0.009295 0.060601 0.054838
v -0.009397 0.065716 0.052767
v -0.023539 0.071175 -0.048301
v -0.024122 0.055640 -0.056182
v -0.010875 0.070296 0.044709
v -0.010082 0.068962 0.049074
v -0.023869 0.074624 -0.044818
v -0.035945 0.071309 -0.022638
v -0.033920 0.070466 -0.019649
v -0.026325 0.088281 -0.027160
v -0.026719 0.086981 -0.030525
v -0.003028 0.067197 0.043345
v -0.026850 0.086317 -0.023442
v -0.024177 0.087507 -0.020906
v -0.001758 0.065251 0.047414
v -0.031761 0.045267 -0.056249
v -0.042331 0.039736 -0.057191
v -0.025660 0.088448 -0.024351
v -0.022472 0.089370 -0.021476
v -0.035004 0.043379 -0.056567
v -0.031132 0.045045 -0.056568
v -0.031111 0.080361 -0.026606
v -0.023367 0.060618 -0.055529
v 0.003693 0.062158 0.040104
v 0.005056 0.059430 0.043735
v 0.010649 0.055460 0.034583
v 0.012528 0.052276 0.038515
v -0.034287 0.075470 -0.025552
v 0.015260 0.050883 0.028940
v 0.017820 0.045942 0.031141
v -0.009573 0.053553 0.054862
v -0.032610 0.045178 -0.056147
v -0.033249 0.045221 -0.056029
v -0.026021 0.080827 -0.037875
v -0.002568 0.050708 0.053222
v 0.004719 0.046146 0.051642
v 0.010646 0.040524 0.049441
v 0.020821 0.037175 0.040094
v -0.037680 0.043850 -0.056655
v -0.022363 0.079369 -0.016346
v -0.029197 0.083161 -0.025240
v -0.027869 0.084907 -0.024251
v -0.023222 0.077633 -0.015790
v 0.016571 0.033770 0.046624
v 0.023281 0.025879 0.042371
v -0.027004 0.048046 -0.056882
v 0.029484 0.015951 0.038900
v -0.023357 0.064934 -0.053586
v -0.023288 0.068453 -0.051111
v 0.038077 0.006312 0.032164
v 0.045950 -0.001990 0.022168
v -0.022000 0.081723 -0.017081
v 0.050836 -0.008194 0.010860
v 0.053133 -0.005860 -0.000636
v -0.004482 0.067274 0.039505
v -0.011773 0.069796 0.040311
v 0.002057 0.063582 0.036612
v -0.026620 0.084488 -0.034010
v 0.008718 0.058271 0.030994
v 0.013085 0.054507 0.025616
v 0.016378 0.053231 0.012455
v -0.025808 0.075820 -0.016920
v 0.015465 0.053080 0.019291
v 0.015083 0.055789 -0.000400
v 0.016117 0.055003 0.005922
v 0.021893 0.048530 -0.007126
v 0.021146 0.043311 0.000686
v 0.018635 0.049159 0.004220
v -0.018907 0.090570 -0.020794
v -0.024930 0.088081 -0.022267
v 0.018415 0.051675 -0.003371
v 0.026672 0.047050 -0.012506
v 0.025950 0.040407 -0.003317
v -0.009924 0.048099 0.056487
v -0.043577 0.050273 -0.070273
v -0.043332 0.048317 -0.068679
v -0.003306 0.045493 0.056214
v 0.003155 0.041566 0.055307
v 0.007459 0.036723 0.054367
v 0.012326 0.030892 0.052875
v 0.017413 0.023276 0.050419
v 0.024360 0.013224 0.046727
v -0.037596 0.054513 -0.071795
v -0.020413 0.058255 -0.071534
v -0.025523 0.058017 -0.071564
v 0.033333 0.001707 0.039043
v -0.044658 0.047374 -0.063533
v -0.045647 0.047024 -0.060633
v -0.042985 0.046853 -0.067096
v -0.045457 0.048240 -0.060795
v -0.045215 0.048303 -0.061770
v 0.044355 -0.007759 0.026703
v -0.043253 0.046148 -0.066491
v 0.049273 -0.014587 0.014383
v -0.043093 0.045978 -0.066756
v 0.004667 0.027843 0.060031
v -0.042124 0.052225 -0.071532
v 0.001353 0.031776 0.060051
v -0.002019 0.034627 0.060359
v -0.043645 0.046227 -0.065682
v -0.045681 0.045422 -0.060230
v -0.005558 0.037785 0.060434
v -0.046137 0.040693 -0.058768
v -0.009908 0.037480 0.061190
v -0.015990 0.059525 -0.071559
v -0.036119 0.056608 -0.081410
v -0.063343 0.033907 -0.082566
v -0.009826 0.031973 0.061694
v -0.066175 0.031342 -0.077425
v -0.008105 0.030985 0.064256
v -0.061492 0.038078 -0.042705
v -0.064095 0.035662 -0.043356
v -0.033777 0.058119 -0.075268
v -0.006259 0.031958 0.067558
v 0.017513 0.048349 0.021545
v 0.019839 0.041854 0.021177
v 0.020241 0.040551 0.010608
v 0.024839 0.036039 0.007227
v -0.039756 0.044299 -0.099631
v -0.039133 0.002809 -0.151349
v -0.039071 0.049009 -0.092971
v -0.051891 0.044104 -0.086776
v 0.025045 0.036222 0.019756
v -0.040235 0.010786 -0.146492
v 0.018403 0.047568 0.012940
v 0.033144 0.031637 0.016453
v 0.033044 0.033832 0.003448
v 0.032905 0.039719 -0.008378
v 0.038759 0.031767 -0.001301
v -0.058569 0.037869 -0.085894
v 0.039497 0.027198 0.012184
v -0.069517 0.028647 -0.048059
v -0.022160 0.055988 -0.085737
v -0.071088 0.026134 -0.053756
v 0.037778 0.037313 -0.011766
v -0.029956 0.055781 -0.086283
v -0.030169 -0.056589 -0.160548
v 0.041468 0.034144 -0.015529
v 0.042450 0.028627 -0.005307
v 0.043289 0.023690 0.006179
v 0.023123 0.038445 0.032528
v -0.028685 0.054717 -0.069040
v 0.046521 0.018655 0.000412
v -0.052288 0.043101 -0.043480
v -0.055202 0.041803 -0.042942
v 0.044367 0.030010 -0.018773
v -0.035697 -0.044502 -0.160759
v -0.068260 0.030624 -0.046027
v -0.041751 0.034947 -0.118228
v -0.024456 0.052482 -0.063206
v -0.026322 0.052579 -0.065758
v -0.041022 0.028567 -0.124736
v 0.045608 0.024443 -0.009887
v 0.047463 0.024545 -0.023368
v 0.049146 0.016478 -0.015148
v -0.039708 0.022007 -0.130316
v 0.049557 0.010614 -0.007137
v 0.053412 -0.002525 -0.008708
v -0.036990 -0.008337 -0.154289
v -0.036471 0.047432 -0.046893
v 0.053134 -0.028171 0.000314
v 0.002314 0.065931 -0.007367
v -0.002696 0.068873 -0.008834
v -0.068706 0.029043 -0.071462
v -0.070715 0.027686 -0.064942
v -0.038579 -0.030281 -0.163004
v -0.045276 0.045283 -0.044498
v -0.071323 0.026619 -0.059203
v -0.018261 -0.065307 -0.163557
v -0.007149 0.072558 -0.009523
v -0.066464 0.033138 -0.044376
v -0.010834 0.075232 -0.009961
v -0.014981 0.076193 -0.010068
v -0.045504 0.049150 -0.087233
v -0.048975 0.044294 -0.043934
v -0.024013 0.052457 -0.060604
v -0.032114 0.048575 -0.049219
v -0.028815 0.049559 -0.052197
v -0.039759 0.016677 -0.137794
v -0.026465 0.050812 -0.055028
v -0.024582 0.052133 -0.057731
v -0.040798 0.046509 -0.045280
v -0.041240 0.040502 -0.108824
v -0.037257 -0.019326 -0.160699
v -0.058480 0.040074 -0.042780
v -0.004424 -0.068160 -0.167609
v -0.015759 0.055918 -0.085951
v -0.025382 0.051678 -0.056450
v -0.031423 0.056966 -0.071635
v -0.038013 0.053803 -0.087002
v -0.019999 0.069448 0.027624
v -0.045138 0.062971 0.003609
v -0.046320 0.061107 0.006275
v -0.045904 0.058248 0.013572
v -0.038398 0.068755 -0.002143
v -0.042703 0.065529 0.000703
v -0.037779 0.064422 0.023597
v -0.046775 0.059798 0.008795
v -0.032705 0.067755 0.026139
v -0.046776 0.058672 0.011022
v -0.026931 0.069332 0.027122
v -0.019430 0.075966 -0.004723
v -0.028606 0.074785 -0.005315
v -0.024152 0.076276 -0.005387
v -0.033349 0.071911 -0.004223
v -0.044359 0.058859 0.016905
v -0.041973 0.060869 0.020505
v -0.014073 0.086935 -0.019151
v -0.015279 0.084168 -0.017628
v -0.000213 0.047364 -0.055042
v -0.009004 0.073074 -0.017490
v -0.010038 0.078799 -0.041261
v -0.001385 0.047862 -0.055666
v -0.006436 0.071983 -0.018311
v -0.009974 0.072393 -0.048026
v -0.007500 0.057101 -0.055492
v -0.010315 0.075709 -0.044582
v -0.000684 0.072521 -0.021569
v -0.002758 0.071009 -0.019127
v -0.011080 0.089524 -0.026011
v -0.010010 0.088532 -0.029455
v -0.010282 0.087057 -0.022851
v -0.013245 0.088034 -0.020371
v 0.001039 0.047864 -0.054039
v 0.011920 0.043675 -0.053439
v -0.011873 0.089313 -0.023612
v -0.015137 0.089943 -0.021003
v 0.004318 0.046518 -0.053431
v 0.000561 0.047567 -0.054485
v -0.005415 0.081241 -0.025684
v -0.008896 0.061939 -0.054923
v -0.002104 0.076728 -0.024335
v 0.001862 0.047906 -0.053787
v 0.002430 0.048069 -0.053476
v -0.009504 0.082201 -0.037566
v 0.006773 0.047222 -0.053037
v -0.015464 0.079011 -0.016366
v -0.007552 0.083868 -0.024610
v -0.009069 0.085588 -0.023687
v -0.014608 0.076802 -0.016140
v -0.003776 0.049981 -0.055754
v -0.009534 0.066171 -0.053016
v -0.009830 0.069713 -0.050646
v -0.015600 0.081445 -0.016869
v -0.009433 0.086117 -0.033569
v -0.011568 0.075021 -0.017083
v -0.012532 0.088762 -0.021754
v 0.013417 0.054734 -0.067392
v 0.013496 0.052140 -0.066114
v 0.006430 0.058364 -0.069963
v -0.011598 0.059552 -0.070973
v -0.006569 0.060016 -0.070534
v 0.014125 0.051648 -0.059559
v 0.014464 0.051124 -0.056623
v 0.013520 0.049930 -0.064866
v 0.014378 0.052628 -0.056887
v 0.014327 0.052761 -0.057944
v 0.013496 0.049667 -0.063322
v 0.013370 0.050018 -0.062897
v 0.011566 0.056724 -0.069024
v 0.013656 0.050453 -0.061491
v 0.014662 0.049509 -0.056330
v 0.015585 0.044966 -0.054865
v 0.005085 0.060019 -0.079502
v 0.034799 0.040969 -0.078546
v 0.037415 0.038716 -0.073201
v 0.029778 0.043990 -0.038778
v 0.032682 0.042371 -0.039483
v 0.002009 0.061504 -0.073891
v 0.011539 0.048446 -0.097857
v 0.020499 0.004345 -0.146690
v 0.010052 0.052585 -0.090740
v 0.022501 0.049375 -0.083244
v 0.019610 0.013072 -0.140720
v 0.030497 0.044382 -0.082303
v 0.039071 0.037025 -0.043976
v -0.009447 0.056834 -0.085544
v 0.041106 0.034558 -0.049510
v -0.001378 0.057801 -0.085351
v 0.021644 -0.054689 -0.160186
v -0.002981 0.057103 -0.067638
v 0.020172 0.047599 -0.040084
v 0.023147 0.046615 -0.039338
v 0.026264 -0.043484 -0.160243
v 0.037609 0.038585 -0.042031
v 0.016092 0.038585 -0.115898
v -0.007090 0.054008 -0.062270
v -0.005267 0.054353 -0.064658
v 0.016991 0.032455 -0.122463
v 0.017645 0.026536 -0.128162
v 0.021990 -0.005207 -0.152797
v 0.004369 0.050207 -0.044625
v 0.039785 0.036910 -0.067101
v 0.041337 0.035756 -0.060607
v 0.025996 -0.029827 -0.159205
v 0.013219 0.049085 -0.041550
v 0.041603 0.034891 -0.054940
v 0.010134 -0.064548 -0.164859
v 0.035484 0.040527 -0.040455
v 0.015778 0.053421 -0.084037
v 0.016814 0.048447 -0.040745
v -0.007425 0.053816 -0.059880
v 0.000218 0.050944 -0.047457
v -0.002678 0.051714 -0.050817
v 0.018928 0.020254 -0.135294
v -0.004853 0.052699 -0.053945
v -0.006767 0.053539 -0.057007
v 0.008539 0.049771 -0.042728
v 0.013739 0.044842 -0.106956
v 0.024139 -0.016673 -0.157696
v 0.026531 0.045363 -0.038966
v -0.005870 0.053342 -0.055572
v -0.000454 0.059848 -0.070258
v 0.007786 0.057304 -0.084894
v 0.006804 0.064872 0.003867
v 0.008073 0.063282 0.006229
v 0.007853 0.060915 0.013255
v -0.000069 0.070237 -0.001451
v 0.004205 0.067171 0.001206
v -0.001343 0.067194 0.023529
v 0.008502 0.062167 0.008582
v -0.007045 0.069472 0.025963
v 0.008614 0.061194 0.010740
v -0.013261 0.070058 0.026901
v -0.009860 0.076003 -0.004656
v -0.014585 0.076612 -0.004972
v -0.005170 0.073334 -0.003512
v 0.006304 0.061943 0.016633
v 0.003570 0.064057 0.020250
v 0.015821 0.039416 -0.053880
v -0.045788 0.034991 -0.057740
v 0.013477 0.051948 -0.054844
v 0.011947 0.051376 -0.054893
v 0.010554 0.050519 -0.054939
v 0.009404 0.049457 -0.054973
v 0.013517 0.051949 -0.055166
v 0.012027 0.051379 -0.055521
v 0.010671 0.050524 -0.055845
v 0.009557 0.049458 -0.056116
v 0.013620 0.051954 -0.055470
v 0.012229 0.051389 -0.056118
v 0.010965 0.050538 -0.056711
v 0.009926 0.049477 -0.057202
v 0.013779 0.051962 -0.055748
v 0.012543 0.051406 -0.056659
v 0.011421 0.050562 -0.057497
v 0.010501 0.049506 -0.058196
v 0.013989 0.051973 -0.055989
v 0.012957 0.051427 -0.057132
v 0.012021 0.050595 -0.058180
v 0.011256 0.049549 -0.059055
v 0.014242 0.051987 -0.056182
v 0.013453 0.051455 -0.057508
v 0.012743 0.050634 -0.058729
v 0.012168 0.049596 -0.059752
v 0.014528 0.052003 -0.056320
v 0.014015 0.051486 -0.057782
v 0.013558 0.050681 -0.059127
v 0.013196 0.049653 -0.060253
v 0.014836 0.052020 -0.056400
v 0.014617 0.051522 -0.057936
v 0.014433 0.050732 -0.059354
v 0.014301 0.049718 -0.060543
v 0.015153 0.052040 -0.056422
v 0.015241 0.051558 -0.057979
v 0.015339 0.050784 -0.059411
v 0.015443 0.049785 -0.060612
v 0.015468 0.052058 -0.056377
v 0.015858 0.051596 -0.057889
v 0.016237 0.050838 -0.059284
v 0.016579 0.049852 -0.060458
v 0.015771 0.052078 -0.056275
v 0.016449 0.051632 -0.057691
v 0.017095 0.050890 -0.058989
v 0.017658 0.049918 -0.060081
v 0.016043 0.052094 -0.056112
v 0.016986 0.051665 -0.057370
v 0.017877 0.050938 -0.058528
v 0.018644 0.049979 -0.059501
v 0.016281 0.052110 -0.055903
v 0.017452 0.051695 -0.056961
v 0.018551 0.050981 -0.057928
v 0.019496 0.050035 -0.058736
v 0.016471 0.052120 -0.055651
v 0.017825 0.051717 -0.056463
v 0.019097 0.051014 -0.057208
v 0.020185 0.050076 -0.057830
v 0.016611 0.052130 -0.055371
v 0.018101 0.051734 -0.055911
v 0.019494 0.051038 -0.056400
v 0.020684 0.050108 -0.056808
v 0.016692 0.052131 -0.055070
v 0.018259 0.051739 -0.055314
v 0.019724 0.051052 -0.055527
v 0.020973 0.050129 -0.055709
v 0.016714 0.052136 -0.054755
v 0.018304 0.051746 -0.054698
v 0.019783 0.051059 -0.054631
v 0.021036 0.050145 -0.054564
v 0.016674 0.052132 -0.054441
v 0.018225 0.051739 -0.054077
v 0.019662 0.051056 -0.053734
v 0.020883 0.050139 -0.053440
v 0.016569 0.052133 -0.054131
v 0.018023 0.051737 -0.053478
v 0.019373 0.051044 -0.052872
v 0.020510 0.050125 -0.052361
v 0.016407 0.052126 -0.053849
v 0.017706 0.051723 -0.052926
v 0.018913 0.051025 -0.052078
v 0.019937 0.050096 -0.051366
v 0.016192 0.052122 -0.053602
v 0.017285 0.051713 -0.052446
v 0.018307 0.050998 -0.051388
v 0.019178 0.050064 -0.050497
v 0.015936 0.052115 -0.053401
v 0.016785 0.051693 -0.052059
v 0.017587 0.050971 -0.050826
v 0.018275 0.050019 -0.049791
v 0.015650 0.052104 -0.053259
v 0.016221 0.051672 -0.051780
v 0.016771 0.050932 -0.050423
v 0.017250 0.049969 -0.049277
v 0.015342 0.052090 -0.053175
v 0.015620 0.051642 -0.051619
v 0.015895 0.050889 -0.050185
v 0.016147 0.049909 -0.048980
v 0.015028 0.052068 -0.053158
v 0.014999 0.051603 -0.051582
v 0.014992 0.050836 -0.050128
v 0.015007 0.049842 -0.048906
v 0.014717 0.052048 -0.053199
v 0.014385 0.051561 -0.051665
v 0.014097 0.050779 -0.050249
v 0.013876 0.049772 -0.049061
v 0.014419 0.052023 -0.053305
v 0.013800 0.051518 -0.051872
v 0.013245 0.050720 -0.050548
v 0.012798 0.049703 -0.049435
v 0.014149 0.052003 -0.053462
v 0.013265 0.051482 -0.052185
v 0.012466 0.050668 -0.051005
v 0.011815 0.049638 -0.050013
v 0.013912 0.051983 -0.053675
v 0.012800 0.051445 -0.052600
v 0.011791 0.050620 -0.051607
v 0.010960 0.049581 -0.050771
v 0.013723 0.051968 -0.053925
v 0.012427 0.051417 -0.053094
v 0.011247 0.050576 -0.052330
v 0.010277 0.049523 -0.051688
v 0.015082 0.052209 -0.054799
v 0.013582 0.051957 -0.054212
v 0.012151 0.051394 -0.053658
v 0.010850 0.050544 -0.053147
v 0.009774 0.049485 -0.052717
v 0.013499 0.051950 -0.054525
v 0.011988 0.051381 -0.054264
v 0.010615 0.050526 -0.054026
v 0.009484 0.049458 -0.053828
v 0.008271 0.048538 -0.055008
v 0.006535 0.046980 -0.055066
v 0.005091 0.044993 -0.055111
v 0.004062 0.042762 -0.055139
v 0.003489 0.040371 -0.055151
v 0.003386 0.037921 -0.055148
v 0.003776 0.035487 -0.055111
v 0.004629 0.033177 -0.055064
v 0.005914 0.031078 -0.055003
v 0.007581 0.029271 -0.054930
v 0.009567 0.027825 -0.054846
v 0.011795 0.026795 -0.054756
v 0.014180 0.026224 -0.054664
v 0.008456 0.048538 -0.056380
v 0.006768 0.046985 -0.056790
v 0.005364 0.044997 -0.057138
v 0.004368 0.042768 -0.057391
v 0.003812 0.040377 -0.057540
v 0.003723 0.037919 -0.057578
v 0.004102 0.035490 -0.057504
v 0.004936 0.033182 -0.057317
v 0.006190 0.031080 -0.057031
v 0.007816 0.029275 -0.056653
v 0.009752 0.027828 -0.056201
v 0.011922 0.026798 -0.055690
v 0.014245 0.026225 -0.055139
v 0.008902 0.048558 -0.057687
v 0.007330 0.047009 -0.058438
v 0.006027 0.045025 -0.059072
v 0.005105 0.042798 -0.059539
v 0.004596 0.040410 -0.059819
v 0.004524 0.037949 -0.059902
v 0.004888 0.035521 -0.059785
v 0.005675 0.033211 -0.059467
v 0.006855 0.031107 -0.058965
v 0.008381 0.029298 -0.058299
v 0.010195 0.027846 -0.057493
v 0.012227 0.026810 -0.056580
v 0.014401 0.026231 -0.055594
v 0.009592 0.048596 -0.058880
v 0.008200 0.047054 -0.059938
v 0.007055 0.045077 -0.060839
v 0.006248 0.042851 -0.061503
v 0.005811 0.040468 -0.061903
v 0.005761 0.038009 -0.062026
v 0.006101 0.035580 -0.061865
v 0.006818 0.033265 -0.061428
v 0.007883 0.031158 -0.060732
v 0.009255 0.029340 -0.059803
v 0.010882 0.027879 -0.058675
v 0.012701 0.026834 -0.057393
v 0.014641 0.026243 -0.056008
v 0.010503 0.048644 -0.059914
v 0.009351 0.047112 -0.061243
v 0.008405 0.045148 -0.062371
v 0.007749 0.042930 -0.063205
v 0.007405 0.040549 -0.063710
v 0.007387 0.038095 -0.063867
v 0.007696 0.035662 -0.063671
v 0.008319 0.033343 -0.063129
v 0.009234 0.031230 -0.062263
v 0.010404 0.029399 -0.061104
v 0.011784 0.027925 -0.059699
v 0.013322 0.026865 -0.058098
v 0.014959 0.026260 -0.056367
v 0.011598 0.048703 -0.060749
v 0.010729 0.047187 -0.062294
v 0.010028 0.045236 -0.063610
v 0.009552 0.043028 -0.064580
v 0.009319 0.040652 -0.065171
v 0.009337 0.038201 -0.065356
v 0.009608 0.035766 -0.065131
v 0.010122 0.033442 -0.064505
v 0.010856 0.031318 -0.063500
v 0.011783 0.029475 -0.062157
v 0.012868 0.027985 -0.060525
v 0.014070 0.026905 -0.058668
v 0.015339 0.026280 -0.056658
v 0.012836 0.048770 -0.061354
v 0.012287 0.047273 -0.063057
v 0.011860 0.045339 -0.064504
v 0.011585 0.043143 -0.065574
v 0.011476 0.040777 -0.066226
v 0.011538 0.038325 -0.066435
v 0.011768 0.035889 -0.066191
v 0.012156 0.033556 -0.065502
v 0.012688 0.031421 -0.064396
v 0.013341 0.029563 -0.062918
v 0.014092 0.028054 -0.061123
v 0.014911 0.026954 -0.059079
v 0.015768 0.026305 -0.056868
v 0.014165 0.048847 -0.061704
v 0.013963 0.047369 -0.063497
v 0.013830 0.045452 -0.065024
v 0.013774 0.043268 -0.066153
v 0.013799 0.040912 -0.066841
v 0.013905 0.038465 -0.067063
v 0.014091 0.036024 -0.066806
v 0.014345 0.033682 -0.066080
v 0.014658 0.031535 -0.064916
v 0.015017 0.029660 -0.063359
v 0.015409 0.028130 -0.061469
v 0.015819 0.027006 -0.059319
v 0.016231 0.026331 -0.056990
v 0.015536 0.048928 -0.061784
v 0.015691 0.047472 -0.063600
v 0.015862 0.045570 -0.065146
v 0.016033 0.043402 -0.066290
v 0.016198 0.041051 -0.066989
v 0.016346 0.038614 -0.067219
v 0.016487 0.036167 -0.066948
v 0.016604 0.033818 -0.066217
v 0.016691 0.031655 -0.065040
v 0.016746 0.029762 -0.063465
v 0.016768 0.028211 -0.061553
v 0.016755 0.027061 -0.059376
v 0.016708 0.026359 -0.057019
v 0.016899 0.049008 -0.061598
v 0.017407 0.047575 -0.063364
v 0.017879 0.045690 -0.064868
v 0.018275 0.043537 -0.065981
v 0.018577 0.041196 -0.066660
v 0.018779 0.038753 -0.066876
v 0.018869 0.036309 -0.066624
v 0.018847 0.033953 -0.065909
v 0.018710 0.031775 -0.064763
v 0.018462 0.029866 -0.063229
v 0.018117 0.028292 -0.061367
v 0.017685 0.027116 -0.059249
v 0.017182 0.026386 -0.056953
v 0.018198 0.049087 -0.061147
v 0.019044 0.047674 -0.062796
v 0.019804 0.045809 -0.064199
v 0.020414 0.043668 -0.065237
v 0.020851 0.041335 -0.065869
v 0.021098 0.038894 -0.066071
v 0.021144 0.036447 -0.065835
v 0.020987 0.034083 -0.065167
v 0.020636 0.031894 -0.064095
v 0.020101 0.029966 -0.062662
v 0.019403 0.028372 -0.060921
v 0.018570 0.027173 -0.058940
v 0.017634 0.026416 -0.056797
v 0.019382 0.049163 -0.060448
v 0.020537 0.047769 -0.061915
v 0.021562 0.045921 -0.063166
v 0.022369 0.043790 -0.064090
v 0.022926 0.041464 -0.064651
v 0.023214 0.039028 -0.064829
v 0.023219 0.036578 -0.064615
v 0.022943 0.034207 -0.064018
v 0.022395 0.032005 -0.063063
v 0.021597 0.030060 -0.061785
v 0.020579 0.028445 -0.060232
v 0.019380 0.027222 -0.058467
v 0.018047 0.026440 -0.056555
v 0.020410 0.049229 -0.059530
v 0.021832 0.047852 -0.060763
v 0.023086 0.046019 -0.061809
v 0.024062 0.043900 -0.062582
v 0.024724 0.041580 -0.063050
v 0.025047 0.039147 -0.063196
v 0.025017 0.036694 -0.063014
v 0.024637 0.034317 -0.062510
v 0.023921 0.032104 -0.061706
v 0.022894 0.030145 -0.060631
v 0.021598 0.028511 -0.059327
v 0.020082 0.027269 -0.057842
v 0.018404 0.026465 -0.056237
v 0.021238 0.049284 -0.058430
v 0.022878 0.047922 -0.059376
v 0.024318 0.046101 -0.060180
v 0.025431 0.043991 -0.060771
v 0.026177 0.041678 -0.061129
v 0.026529 0.039246 -0.061236
v 0.026470 0.036792 -0.061090
v 0.026006 0.034408 -0.060698
v 0.025152 0.032187 -0.060074
v 0.023942 0.030214 -0.059245
v 0.022421 0.028566 -0.058237
v 0.020649 0.027306 -0.057092
v 0.018693 0.026483 -0.055855
v 0.021837 0.049323 -0.057198
v 0.023629 0.047977 -0.057815
v 0.025204 0.046166 -0.058341
v 0.026416 0.044067 -0.058730
v 0.027225 0.041757 -0.058961
v 0.027597 0.039328 -0.059028
v 0.027521 0.036869 -0.058926
v 0.026995 0.034481 -0.058658
v 0.026043 0.032252 -0.058237
v 0.024699 0.030271 -0.057680
v 0.023017 0.028611 -0.057007
v 0.021059 0.027339 -0.056245
v 0.018902 0.026500 -0.055423
v 0.022182 0.049352 -0.055871
v 0.024062 0.048016 -0.056138
v 0.025715 0.046212 -0.056367
v 0.026987 0.044118 -0.056538
v 0.027832 0.041810 -0.056631
v 0.028215 0.039381 -0.056652
v 0.028128 0.036922 -0.056594
v 0.027569 0.034531 -0.056459
v 0.026560 0.032295 -0.056258
v 0.025139 0.030308 -0.055996
v 0.023362 0.028640 -0.055685
v 0.021298 0.027357 -0.055334
v 0.019023 0.026509 -0.054959
v 0.022258 0.049369 -0.054497
v 0.024164 0.048035 -0.054407
v 0.025834 0.046235 -0.054335
v 0.027121 0.044141 -0.054272
v 0.027974 0.041834 -0.054229
v 0.028358 0.039411 -0.054206
v 0.028271 0.036948 -0.054183
v 0.027706 0.034553 -0.054191
v 0.026683 0.032317 -0.054217
v 0.025244 0.030325 -0.054261
v 0.023445 0.028652 -0.054322
v 0.021355 0.027365 -0.054395
v 0.019053 0.026513 -0.054480
v 0.022074 0.049363 -0.053151
v 0.023929 0.048032 -0.052698
v 0.025557 0.046236 -0.052319
v 0.026812 0.044138 -0.052024
v 0.027649 0.041832 -0.051838
v 0.028032 0.039403 -0.051761
v 0.027946 0.036943 -0.051796
v 0.027399 0.034548 -0.051940
v 0.026407 0.032314 -0.052191
v 0.025008 0.030322 -0.052537
v 0.023259 0.028651 -0.052965
v 0.021227 0.027365 -0.053461
v 0.018988 0.026514 -0.054004
v 0.021628 0.049345 -0.051854
v 0.023371 0.048006 -0.051069
v 0.024900 0.046205 -0.050389
v 0.026078 0.044108 -0.049876
v 0.026869 0.041797 -0.049553
v 0.027237 0.039368 -0.049432
v 0.027165 0.036908 -0.049514
v 0.026661 0.034518 -0.049792
v 0.025743 0.032286 -0.050258
v 0.024444 0.030300 -0.050893
v 0.022816 0.028633 -0.051674
v 0.020921 0.027353 -0.052570
v 0.018832 0.026508 -0.053550
v 0.020939 0.049318 -0.050656
v 0.022502 0.047966 -0.049561
v 0.023878 0.046153 -0.048621
v 0.024942 0.044049 -0.047916
v 0.025659 0.041737 -0.047471
v 0.026002 0.039307 -0.047305
v 0.025954 0.036848 -0.047428
v 0.025520 0.034462 -0.047826
v 0.024715 0.032236 -0.048488
v 0.023570 0.030256 -0.049390
v 0.022130 0.028599 -0.050494
v 0.020449 0.027328 -0.051759
v 0.018591 0.026496 -0.053135
v 0.020033 0.049273 -0.049617
v 0.021358 0.047907 -0.048257
v 0.022529 0.046082 -0.047087
v 0.023443 0.043968 -0.046217
v 0.024068 0.041652 -0.045669
v 0.024378 0.039219 -0.045468
v 0.024362 0.036766 -0.045621
v 0.024019 0.034384 -0.046124
v 0.023366 0.032166 -0.046958
v 0.022422 0.030196 -0.048088
v 0.021228 0.028552 -0.049471
v 0.019826 0.027298 -0.051054
v 0.018274 0.026480 -0.052777
v 0.018941 0.049214 -0.048774
v 0.019983 0.047833 -0.047196
v 0.020909 0.045991 -0.045852
v 0.021643 0.043870 -0.044841
v 0.022157 0.041550 -0.044206
v 0.022428 0.039112 -0.043979
v 0.022449 0.036663 -0.044163
v 0.022218 0.034285 -0.044750
v 0.021743 0.032076 -0.045720
v 0.021044 0.030122 -0.047036
v 0.020144 0.028493 -0.048645
v 0.019081 0.027257 -0.050484
v 0.017895 0.026459 -0.052486
v 0.016629 0.026131 -0.054574
v 0.017710 0.049143 -0.048164
v 0.018429 0.047744 -0.046432
v 0.019079 0.045888 -0.044951
v 0.019610 0.043758 -0.043839
v 0.019997 0.041429 -0.043147
v 0.020226 0.038989 -0.042901
v 0.020289 0.036541 -0.043108
v 0.020183 0.034172 -0.043757
v 0.019912 0.031972 -0.044826
v 0.019486 0.030033 -0.046274
v 0.018920 0.028424 -0.048045
v 0.018237 0.027208 -0.050071
v 0.017464 0.026435 -0.052277
v 0.016383 0.049070 -0.047805
v 0.016756 0.047650 -0.045983
v 0.017112 0.045776 -0.044427
v 0.017422 0.043633 -0.043260
v 0.017671 0.041295 -0.042537
v 0.017853 0.038854 -0.042279
v 0.017962 0.036408 -0.042495
v 0.017992 0.034047 -0.043178
v 0.017940 0.031859 -0.044305
v 0.017808 0.029937 -0.045831
v 0.017604 0.028348 -0.047698
v 0.017332 0.027157 -0.049832
v 0.017002 0.026408 -0.052154
v 0.015012 0.048992 -0.047715
v 0.015029 0.047547 -0.045875
v 0.015081 0.045657 -0.044298
v 0.015164 0.043498 -0.043121
v 0.015276 0.041152 -0.042392
v 0.015404 0.038717 -0.042136
v 0.015564 0.036267 -0.042347
v 0.015734 0.033912 -0.043040
v 0.015908 0.031740 -0.044181
v 0.016081 0.029835 -0.045726
v 0.016245 0.028268 -0.047615
v 0.016394 0.027100 -0.049775
v 0.016525 0.026380 -0.052125
v 0.013653 0.048907 -0.047901
v 0.013314 0.047443 -0.046109
v 0.013066 0.045536 -0.044572
v 0.012923 0.043363 -0.043427
v 0.012893 0.041012 -0.042713
v 0.012981 0.038567 -0.042462
v 0.013183 0.036124 -0.042675
v 0.013490 0.033777 -0.043348
v 0.013888 0.031619 -0.044458
v 0.014362 0.029731 -0.045961
v 0.014894 0.028187 -0.047800
v 0.015465 0.027046 -0.049902
v 0.016051 0.026352 -0.052189
v 0.012357 0.048825 -0.048350
v 0.011680 0.047341 -0.046674
v 0.011142 0.045417 -0.045237
v 0.010785 0.043232 -0.044165
v 0.010624 0.040870 -0.043496
v 0.010669 0.038421 -0.043260
v 0.010915 0.035982 -0.043459
v 0.011352 0.033645 -0.044090
v 0.011963 0.031500 -0.045125
v 0.012725 0.029630 -0.046529
v 0.013608 0.028107 -0.048245
v 0.014578 0.026989 -0.050209
v 0.015598 0.026323 -0.052347
v 0.011171 0.048751 -0.049042
v 0.010184 0.047248 -0.047547
v 0.009385 0.045304 -0.046268
v 0.008834 0.043107 -0.045311
v 0.008554 0.040736 -0.044714
v 0.008556 0.038287 -0.044498
v 0.008841 0.035850 -0.044673
v 0.009398 0.033521 -0.045234
v 0.010205 0.031389 -0.046156
v 0.011230 0.029536 -0.047407
v 0.012433 0.028034 -0.048936
v 0.013770 0.026940 -0.050685
v 0.015186 0.026298 -0.052588
v 0.010143 0.048684 -0.049956
v 0.008889 0.047163 -0.048699
v 0.007859 0.045207 -0.047621
v 0.007139 0.042996 -0.046817
v 0.006755 0.040619 -0.046313
v 0.006723 0.038167 -0.046129
v 0.007044 0.035733 -0.046274
v 0.007704 0.033411 -0.046740
v 0.008681 0.031290 -0.047513
v 0.009933 0.029452 -0.048560
v 0.011414 0.027967 -0.049841
v 0.013067 0.026894 -0.051309
v 0.014829 0.026274 -0.052907
v 0.009314 0.048622 -0.051056
v 0.007843 0.047089 -0.050085
v 0.006630 0.045120 -0.049253
v 0.005771 0.042903 -0.048628
v 0.005302 0.040520 -0.048235
v 0.005240 0.038067 -0.048088
v 0.005588 0.035634 -0.048195
v 0.006335 0.033318 -0.048550
v 0.007447 0.031205 -0.049141
v 0.008885 0.029381 -0.049945
v 0.010592 0.027911 -0.050930
v 0.012501 0.026856 -0.052059
v 0.014540 0.026255 -0.053288
v 0.008715 0.048573 -0.052299
v 0.007086 0.047031 -0.051649
v 0.005737 0.045056 -0.051091
v 0.004777 0.042832 -0.050670
v 0.004246 0.040446 -0.050402
v 0.004165 0.037989 -0.050302
v 0.004537 0.035558 -0.050367
v 0.005343 0.033246 -0.050597
v 0.006557 0.031142 -0.050983
v 0.008127 0.029326 -0.051510
v 0.009995 0.027867 -0.052159
v 0.012090 0.026824 -0.052905
v 0.014330 0.026239 -0.053721
v 0.008363 0.048543 -0.053632
v 0.006642 0.046995 -0.053330
v 0.005217 0.045013 -0.053069
v 0.004200 0.042784 -0.052870
v 0.003633 0.040396 -0.052740
v 0.003540 0.037940 -0.052685
v 0.003923 0.035509 -0.052704
v 0.004766 0.033198 -0.052795
v 0.006038 0.031099 -0.052961
v 0.007686 0.029288 -0.053193
v 0.009650 0.027839 -0.053481
v 0.011852 0.026806 -0.053816
v 0.014209 0.026230 -0.054184
v -0.047575 0.047771 -0.057065
v -0.049105 0.047192 -0.057129
v -0.050488 0.046328 -0.057180
v -0.051626 0.045258 -0.057213
v -0.047529 0.047773 -0.057379
v -0.049016 0.047197 -0.057741
v -0.050367 0.046336 -0.058066
v -0.051476 0.045262 -0.058343
v -0.047426 0.047781 -0.057676
v -0.048814 0.047213 -0.058327
v -0.050074 0.046357 -0.058918
v -0.051109 0.045283 -0.059415
v -0.047265 0.047791 -0.057949
v -0.048499 0.047233 -0.058860
v -0.049619 0.046383 -0.059696
v -0.050538 0.045316 -0.060395
v -0.047056 0.047804 -0.058185
v -0.048087 0.047257 -0.059328
v -0.049022 0.046415 -0.060374
v -0.049786 0.045356 -0.061250
v -0.046804 0.047817 -0.058374
v -0.047593 0.047283 -0.059698
v -0.048302 0.046455 -0.060920
v -0.048877 0.045409 -0.061945
v -0.046520 0.047832 -0.058512
v -0.047034 0.047313 -0.059974
v -0.047489 0.046501 -0.061318
v -0.047852 0.045467 -0.062447
v -0.046213 0.047848 -0.058590
v -0.046434 0.047345 -0.060127
v -0.046615 0.046550 -0.061548
v -0.046748 0.045532 -0.062738
v -0.045895 0.047868 -0.058609
v -0.045810 0.047384 -0.060168
v -0.045710 0.046605 -0.061604
v -0.045608 0.045600 -0.062806
v -0.045581 0.047887 -0.058564
v -0.045191 0.047421 -0.060079
v -0.044813 0.046660 -0.061478
v -0.044474 0.045671 -0.062649
v -0.045278 0.047910 -0.058461
v -0.044600 0.047461 -0.059877
v -0.043954 0.046716 -0.061183
v -0.043393 0.045740 -0.062276
v -0.045002 0.047932 -0.058302
v -0.044060 0.047498 -0.059561
v -0.043171 0.046768 -0.060723
v -0.042405 0.045805 -0.061697
v -0.044764 0.047949 -0.058091
v -0.043592 0.047533 -0.059148
v -0.042492 0.046814 -0.060119
v -0.041549 0.045861 -0.060933
v -0.044573 0.047957 -0.057832
v -0.043217 0.047554 -0.058643
v -0.041946 0.046850 -0.059392
v -0.040858 0.045909 -0.060018
v -0.044435 0.047966 -0.057544
v -0.042943 0.047574 -0.058080
v -0.041550 0.046876 -0.058572
v -0.040359 0.045943 -0.058983
v -0.044354 0.047973 -0.057234
v -0.042787 0.047584 -0.057473
v -0.041322 0.046890 -0.057689
v -0.040069 0.045967 -0.057873
v -0.044336 0.047976 -0.056912
v -0.042749 0.047592 -0.056845
v -0.041265 0.046905 -0.056780
v -0.040000 0.045980 -0.056724
v -0.044377 0.047978 -0.056596
v -0.042831 0.047593 -0.056220
v -0.041386 0.046906 -0.055875
v -0.040153 0.045979 -0.055586
v -0.044480 0.047974 -0.056291
v -0.043032 0.047588 -0.055626
v -0.041679 0.046897 -0.055013
v -0.040523 0.045966 -0.054500
v -0.044639 0.047969 -0.056012
v -0.043346 0.047573 -0.055081
v -0.042134 0.046875 -0.054227
v -0.041096 0.045941 -0.053508
v -0.044848 0.047959 -0.055776
v -0.043756 0.047555 -0.054616
v -0.042731 0.046846 -0.053546
v -0.041851 0.045903 -0.052646
v -0.045099 0.047947 -0.055580
v -0.044250 0.047529 -0.054234
v -0.043449 0.046810 -0.052995
v -0.042758 0.045855 -0.051954
v -0.045384 0.047930 -0.055442
v -0.044810 0.047497 -0.053962
v -0.044262 0.046764 -0.052597
v -0.043783 0.045798 -0.051451
v -0.045691 0.047913 -0.055359
v -0.045411 0.047464 -0.053800
v -0.045138 0.046713 -0.052363
v -0.044887 0.045733 -0.051160
v -0.046008 0.047894 -0.055341
v -0.046033 0.047427 -0.053763
v -0.046039 0.046662 -0.052308
v -0.046028 0.045665 -0.051091
v -0.046320 0.047877 -0.055381
v -0.046648 0.047393 -0.053843
v -0.046935 0.046608 -0.052430
v -0.047158 0.045596 -0.051248
v -0.046623 0.047856 -0.055490
v -0.047239 0.047351 -0.054054
v -0.047791 0.046551 -0.052730
v -0.048237 0.045527 -0.051625
v -0.046898 0.047837 -0.055654
v -0.047780 0.047313 -0.054374
v -0.048577 0.046495 -0.053197
v -0.049223 0.045458 -0.052216
v -0.047140 0.047816 -0.055876
v -0.048253 0.047275 -0.054805
v -0.049257 0.046438 -0.053821
v -0.050077 0.045392 -0.052997
v -0.047334 0.047797 -0.056140
v -0.048633 0.047235 -0.055324
v -0.049805 0.046384 -0.054569
v -0.050766 0.045333 -0.053930
v -0.045962 0.048043 -0.056989
v -0.047475 0.047784 -0.056434
v -0.048912 0.047214 -0.055896
v -0.050207 0.046357 -0.055399
v -0.051266 0.045295 -0.054973
v -0.047556 0.047773 -0.056751
v -0.049069 0.047194 -0.056513
v -0.050433 0.046337 -0.056285
v -0.051555 0.045268 -0.056081
v -0.052753 0.044338 -0.057244
v -0.054487 0.042783 -0.057298
v -0.055934 0.040800 -0.057339
v -0.056970 0.038567 -0.057363
v -0.057549 0.036173 -0.057376
v -0.057660 0.033720 -0.057379
v -0.057273 0.031279 -0.057324
v -0.056420 0.028968 -0.057272
v -0.055137 0.026869 -0.057206
v -0.053470 0.025062 -0.057129
v -0.051484 0.023617 -0.057046
v -0.049256 0.022589 -0.056957
v -0.046873 0.022018 -0.056866
v -0.052572 0.044338 -0.058599
v -0.054256 0.042786 -0.059008
v -0.055667 0.040798 -0.059349
v -0.056668 0.038568 -0.059610
v -0.057233 0.036173 -0.059757
v -0.057325 0.033715 -0.059797
v -0.056947 0.031281 -0.059717
v -0.056115 0.028972 -0.059523
v -0.054862 0.026869 -0.059231
v -0.053237 0.025064 -0.058851
v -0.051302 0.023617 -0.058400
v -0.049132 0.022588 -0.057890
v -0.046810 0.022017 -0.057342
v -0.052131 0.044360 -0.059889
v -0.053702 0.042808 -0.060639
v -0.055011 0.040822 -0.061275
v -0.055937 0.038593 -0.061747
v -0.056450 0.036200 -0.062027
v -0.056526 0.033744 -0.062114
v -0.056162 0.031309 -0.061989
v -0.055377 0.028999 -0.061669
v -0.054198 0.026895 -0.061164
v -0.052673 0.025085 -0.060497
v -0.050859 0.023635 -0.059691
v -0.048828 0.022600 -0.058780
v -0.046654 0.022024 -0.057796
v -0.051446 0.044396 -0.061075
v -0.052839 0.042852 -0.062137
v -0.053989 0.040871 -0.063037
v -0.054798 0.038645 -0.063703
v -0.055236 0.036259 -0.064107
v -0.055290 0.033800 -0.064229
v -0.054953 0.031368 -0.064065
v -0.054238 0.029052 -0.063626
v -0.053174 0.026945 -0.062927
v -0.051801 0.025127 -0.061998
v -0.050173 0.023667 -0.060872
v -0.048354 0.022624 -0.059592
v -0.046413 0.022035 -0.058210
v -0.050539 0.044446 -0.062109
v -0.051694 0.042911 -0.063438
v -0.052643 0.040941 -0.064567
v -0.053299 0.038723 -0.065403
v -0.053647 0.036340 -0.065909
v -0.053667 0.033884 -0.066067
v -0.053360 0.031449 -0.065870
v -0.052737 0.029130 -0.065327
v -0.051823 0.027015 -0.064460
v -0.050653 0.025187 -0.063300
v -0.049272 0.023714 -0.061895
v -0.047734 0.022655 -0.060298
v -0.046097 0.022051 -0.058569
v -0.049448 0.044507 -0.062943
v -0.050320 0.042987 -0.064488
v -0.051023 0.041031 -0.065804
v -0.051501 0.038822 -0.066778
v -0.051739 0.036443 -0.067370
v -0.051719 0.033992 -0.067556
v -0.051450 0.031553 -0.067333
v -0.050937 0.029229 -0.066703
v -0.050202 0.027103 -0.065698
v -0.049273 0.025262 -0.064355
v -0.048188 0.023774 -0.062723
v -0.046987 0.022695 -0.060867
v -0.045717 0.022071 -0.058859
v -0.048212 0.044579 -0.063548
v -0.048764 0.043076 -0.065252
v -0.049194 0.041136 -0.066701
v -0.049473 0.038936 -0.067776
v -0.049585 0.036566 -0.068431
v -0.049520 0.034117 -0.068638
v -0.049294 0.031676 -0.068397
v -0.048905 0.029344 -0.067704
v -0.048372 0.027209 -0.066595
v -0.047718 0.025350 -0.065117
v -0.046966 0.023843 -0.063321
v -0.046146 0.022744 -0.061280
v -0.045288 0.022096 -0.059070
v -0.046885 0.044657 -0.063898
v -0.047091 0.043173 -0.065693
v -0.047226 0.041251 -0.067223
v -0.047285 0.039064 -0.068358
v -0.047262 0.036704 -0.069052
v -0.047156 0.034256 -0.069272
v -0.046973 0.031814 -0.069015
v -0.046719 0.029471 -0.068285
v -0.046404 0.027323 -0.067117
v -0.046044 0.025448 -0.065559
v -0.045651 0.023919 -0.063669
v -0.045239 0.022796 -0.061520
v -0.044825 0.022122 -0.059191
v -0.045516 0.044738 -0.063980
v -0.045363 0.043278 -0.065798
v -0.045195 0.041372 -0.067348
v -0.045027 0.039200 -0.068496
v -0.044864 0.036848 -0.069200
v -0.044720 0.034410 -0.069442
v -0.044578 0.031957 -0.069160
v -0.044460 0.029607 -0.068423
v -0.044372 0.027444 -0.067243
v -0.044315 0.025551 -0.065665
v -0.044292 0.024001 -0.063753
v -0.044304 0.022853 -0.061577
v -0.044349 0.022150 -0.059221
v -0.044152 0.044823 -0.063794
v -0.043647 0.043383 -0.065563
v -0.043177 0.041495 -0.067070
v -0.042785 0.039338 -0.068188
v -0.042485 0.036992 -0.068872
v -0.042286 0.034550 -0.069092
v -0.042195 0.032102 -0.068837
v -0.042217 0.029744 -0.068116
v -0.042353 0.027566 -0.066966
v -0.042599 0.025656 -0.065430
v -0.042943 0.024083 -0.063568
v -0.043374 0.022908 -0.061450
v -0.043875 0.022179 -0.059157
v -0.042852 0.044905 -0.063343
v -0.042008 0.043487 -0.064996
v -0.041250 0.041616 -0.066401
v -0.040644 0.039471 -0.067443
v -0.040210 0.037132 -0.068077
v -0.039966 0.034693 -0.068283
v -0.039918 0.032242 -0.068043
v -0.040075 0.029877 -0.067373
v -0.040425 0.027686 -0.066297
v -0.040959 0.025758 -0.064863
v -0.041657 0.024164 -0.063123
v -0.042488 0.022966 -0.061143
v -0.043423 0.022209 -0.059000
v -0.041666 0.044982 -0.062646
v -0.040513 0.043583 -0.064117
v -0.039489 0.041731 -0.065370
v -0.038685 0.039596 -0.066295
v -0.038131 0.037266 -0.066858
v -0.037846 0.034827 -0.067036
v -0.037843 0.032375 -0.066820
v -0.038118 0.030002 -0.066223
v -0.038665 0.027799 -0.065265
v -0.039462 0.025854 -0.063987
v -0.040479 0.024238 -0.062434
v -0.041678 0.023015 -0.060669
v -0.043010 0.022234 -0.058758
v -0.040635 0.045051 -0.061731
v -0.039214 0.043670 -0.062965
v -0.037964 0.041832 -0.064013
v -0.036990 0.039709 -0.064787
v -0.036331 0.037385 -0.065257
v -0.036010 0.034949 -0.065403
v -0.036041 0.032493 -0.065220
v -0.036423 0.030114 -0.064714
v -0.037139 0.027901 -0.063910
v -0.038165 0.025940 -0.062833
v -0.039459 0.024305 -0.061529
v -0.040975 0.023063 -0.060045
v -0.042653 0.022259 -0.058440
v -0.039804 0.045108 -0.060631
v -0.038167 0.043743 -0.061579
v -0.036730 0.041918 -0.062384
v -0.035619 0.039804 -0.062978
v -0.034876 0.037486 -0.063338
v -0.034527 0.035051 -0.063445
v -0.034587 0.032595 -0.063302
v -0.035052 0.030209 -0.062906
v -0.035906 0.027986 -0.062281
v -0.037115 0.026011 -0.061450
v -0.038636 0.024363 -0.060441
v -0.040407 0.023102 -0.059295
v -0.042362 0.022278 -0.058059
v -0.039202 0.045153 -0.059389
v -0.037407 0.043800 -0.060016
v -0.035838 0.041984 -0.060546
v -0.034630 0.039879 -0.060938
v -0.033826 0.037566 -0.061173
v -0.033455 0.035132 -0.061237
v -0.033534 0.032674 -0.061140
v -0.034060 0.030284 -0.060869
v -0.035013 0.028052 -0.060443
v -0.036357 0.026069 -0.059886
v -0.038039 0.024408 -0.059211
v -0.039998 0.023134 -0.058449
v -0.042154 0.022295 -0.057628
v -0.038854 0.045182 -0.058052
v -0.036969 0.043838 -0.058332
v -0.035320 0.042029 -0.058569
v -0.034053 0.039932 -0.058742
v -0.033216 0.037621 -0.058846
v -0.032835 0.035187 -0.058867
v -0.032926 0.032729 -0.058810
v -0.033485 0.030335 -0.058672
v -0.034495 0.028097 -0.058466
v -0.035916 0.026109 -0.058202
v -0.037693 0.024438 -0.057890
v -0.039757 0.023153 -0.057539
v -0.042031 0.022304 -0.057163
v -0.038772 0.045197 -0.056672
v -0.036864 0.043856 -0.056594
v -0.035197 0.042051 -0.056527
v -0.033916 0.039954 -0.056473
v -0.033068 0.037647 -0.056438
v -0.032692 0.035223 -0.056431
v -0.032781 0.032754 -0.056400
v -0.033347 0.030358 -0.056403
v -0.034370 0.028120 -0.056425
v -0.035810 0.026126 -0.056466
v -0.037609 0.024452 -0.056525
v -0.039701 0.023165 -0.056598
v -0.042002 0.022311 -0.056684
v -0.038954 0.045196 -0.055304
v -0.037097 0.043853 -0.054871
v -0.035471 0.042049 -0.054498
v -0.034221 0.039950 -0.054220
v -0.033393 0.037643 -0.054045
v -0.033017 0.035213 -0.053976
v -0.033102 0.032752 -0.054010
v -0.033652 0.030354 -0.054151
v -0.034644 0.028118 -0.054397
v -0.036043 0.026124 -0.054742
v -0.037793 0.024451 -0.055170
v -0.039825 0.023162 -0.055665
v -0.042066 0.022309 -0.056208
v -0.039399 0.045179 -0.053999
v -0.037657 0.043831 -0.053226
v -0.036132 0.042022 -0.052563
v -0.034957 0.039920 -0.052068
v -0.034172 0.037610 -0.051754
v -0.033810 0.035177 -0.051641
v -0.033880 0.032719 -0.051721
v -0.034387 0.030325 -0.051999
v -0.035306 0.028092 -0.052461
v -0.036606 0.026102 -0.053097
v -0.038236 0.024433 -0.053878
v -0.040133 0.023151 -0.054775
v -0.042222 0.022304 -0.055754
v -0.040090 0.045147 -0.052805
v -0.038528 0.043789 -0.051723
v -0.037156 0.041973 -0.050795
v -0.036093 0.039866 -0.050102
v -0.035379 0.037550 -0.049669
v -0.035040 0.035118 -0.049509
v -0.035090 0.032658 -0.049631
v -0.035525 0.030270 -0.050031
v -0.036331 0.028043 -0.050693
v -0.037477 0.026059 -0.051594
v -0.038920 0.024401 -0.052697
v -0.040603 0.023127 -0.053962
v -0.042462 0.022292 -0.055339
v -0.041001 0.045099 -0.051771
v -0.039675 0.043730 -0.050420
v -0.038507 0.041901 -0.049263
v -0.037592 0.039787 -0.048399
v -0.036970 0.037467 -0.047860
v -0.036663 0.035033 -0.047666
v -0.036681 0.032576 -0.047824
v -0.037025 0.030192 -0.048325
v -0.037680 0.027971 -0.049160
v -0.038625 0.026000 -0.050291
v -0.039820 0.024355 -0.051674
v -0.041224 0.023096 -0.053256
v -0.042779 0.022276 -0.054981
v -0.042093 0.045040 -0.050937
v -0.041053 0.043655 -0.049369
v -0.040126 0.041812 -0.048027
v -0.039393 0.039688 -0.047025
v -0.038882 0.037364 -0.046402
v -0.038612 0.034927 -0.046179
v -0.038594 0.032473 -0.046364
v -0.038826 0.030093 -0.046953
v -0.039302 0.027881 -0.047922
v -0.040004 0.025925 -0.049237
v -0.040905 0.024295 -0.050846
v -0.041970 0.023056 -0.052687
v -0.043158 0.022256 -0.054690
v -0.044424 0.021925 -0.056778
v -0.043325 0.044970 -0.050335
v -0.042606 0.043567 -0.048610
v -0.041957 0.041708 -0.047132
v -0.041429 0.039574 -0.046033
v -0.041044 0.037241 -0.045348
v -0.040816 0.034805 -0.045108
v -0.040753 0.032350 -0.045313
v -0.040861 0.029979 -0.045962
v -0.041134 0.027777 -0.047028
v -0.041561 0.025837 -0.048476
v -0.042129 0.024225 -0.050247
v -0.042814 0.023007 -0.052275
v -0.043589 0.022231 -0.054480
v -0.044652 0.044893 -0.049986
v -0.044281 0.043469 -0.048171
v -0.043925 0.041594 -0.046616
v -0.043617 0.039448 -0.045461
v -0.043371 0.037108 -0.044743
v -0.043189 0.034668 -0.044492
v -0.043081 0.032217 -0.044707
v -0.043052 0.029853 -0.045386
v -0.043104 0.027663 -0.046509
v -0.043238 0.025739 -0.048033
v -0.043445 0.024149 -0.049900
v -0.043719 0.022956 -0.052034
v -0.044051 0.022205 -0.054358
v -0.046025 0.044812 -0.049904
v -0.046008 0.043366 -0.048068
v -0.045957 0.041473 -0.046496
v -0.045875 0.039312 -0.045325
v -0.045765 0.036965 -0.044602
v -0.045640 0.034530 -0.044360
v -0.045481 0.032074 -0.044560
v -0.045311 0.029718 -0.045248
v -0.045138 0.027543 -0.046386
v -0.044967 0.025636 -0.047928
v -0.044804 0.024068 -0.049816
v -0.044657 0.022898 -0.051978
v -0.044528 0.022176 -0.054329
v -0.047382 0.044728 -0.050095
v -0.047723 0.043259 -0.048306
v -0.047972 0.041349 -0.046777
v -0.048117 0.039175 -0.045634
v -0.048146 0.036820 -0.044928
v -0.048058 0.034374 -0.044675
v -0.047859 0.031929 -0.044888
v -0.047553 0.029580 -0.045556
v -0.047155 0.027421 -0.046662
v -0.046683 0.025531 -0.048163
v -0.046153 0.023986 -0.050001
v -0.045584 0.022844 -0.052104
v -0.045001 0.022148 -0.054393
v -0.048679 0.044644 -0.050552
v -0.049356 0.043155 -0.048880
v -0.049895 0.041228 -0.047448
v -0.050254 0.039041 -0.046376
v -0.050416 0.036676 -0.045709
v -0.050369 0.034227 -0.045469
v -0.050127 0.031786 -0.045671
v -0.049690 0.029447 -0.046297
v -0.049080 0.027300 -0.047328
v -0.048321 0.025430 -0.048730
v -0.047440 0.023905 -0.050446
v -0.046473 0.022786 -0.052412
v -0.045454 0.022119 -0.054550
v -0.049865 0.044564 -0.051259
v -0.050852 0.043059 -0.049763
v -0.051652 0.041114 -0.048484
v -0.052203 0.038914 -0.047526
v -0.052486 0.036542 -0.046925
v -0.052483 0.034090 -0.046707
v -0.052200 0.031652 -0.046882
v -0.051644 0.029321 -0.047437
v -0.050840 0.027187 -0.048357
v -0.049816 0.025334 -0.049607
v -0.048615 0.023830 -0.051136
v -0.047280 0.022736 -0.052886
v -0.045866 0.022094 -0.054791
v -0.050891 0.044491 -0.052188
v -0.052143 0.042970 -0.050929
v -0.053175 0.041012 -0.049844
v -0.053895 0.038801 -0.049038
v -0.054282 0.036423 -0.048528
v -0.054316 0.033968 -0.048339
v -0.053997 0.031533 -0.048481
v -0.053339 0.029209 -0.048943
v -0.052363 0.027087 -0.049715
v -0.051112 0.025249 -0.050761
v -0.049633 0.023764 -0.052043
v -0.047983 0.022689 -0.053510
v -0.046224 0.022069 -0.055110
v -0.051720 0.044432 -0.053299
v -0.053189 0.042898 -0.052324
v -0.054406 0.040928 -0.051480
v -0.055265 0.038708 -0.050851
v -0.055736 0.036323 -0.050453
v -0.055799 0.033867 -0.050300
v -0.055453 0.031432 -0.050406
v -0.054708 0.029115 -0.050756
v -0.053597 0.027002 -0.051344
v -0.052161 0.025176 -0.052147
v -0.050457 0.023706 -0.053131
v -0.048550 0.022650 -0.054261
v -0.046513 0.022050 -0.055491
v -0.052318 0.044380 -0.054551
v -0.053941 0.042837 -0.053898
v -0.055295 0.040863 -0.053328
v -0.056258 0.038638 -0.052898
v -0.056794 0.036247 -0.052624
v -0.056875 0.033789 -0.052517
v -0.056507 0.031356 -0.052581
v -0.055702 0.029042 -0.052805
v -0.054490 0.026936 -0.053184
v -0.052922 0.025119 -0.053710
v -0.051056 0.023661 -0.054359
v -0.048963 0.022618 -0.055107
v -0.046723 0.022033 -0.055923
v -0.052663 0.044345 -0.055883
v -0.054381 0.042801 -0.055574
v -0.055810 0.040822 -0.055309
v -0.056831 0.038591 -0.055098
v -0.057405 0.036198 -0.054967
v -0.057502 0.033738 -0.054905
v -0.057124 0.031305 -0.054919
v -0.056282 0.028991 -0.055004
v -0.055011 0.026891 -0.055164
v -0.053364 0.025080 -0.055393
v -0.051402 0.023630 -0.055679
v -0.049201 0.022598 -0.056016
v -0.046845 0.022023 -0.056386
vn 0.4330 -0.9011 0.0245
vn 0.9473 -0.3191 -0.0279
vn 0.8596 -0.5076 -0.0590
vn 0.5304 0.6921 -0.4895
vn 0.9814 -0.0462 -0.1861
vn -0.0474 0.9968 -0.0648
vn 0.2504 0.8970 -0.3642
vn -0.3024 -0.9523 -0.0412
vn -0.8906 -0.4249 -0.1620
vn 0.7299 0.6640 0.1624
vn -0.6056 -0.6896 0.3971
vn 0.6354 0.6444 -0.4256
vn -0.1730 -0.9512 0.2553
vn -0.1699 -0.9542 0.2462
vn -0.1698 -0.9546 0.2449
vn 0.9634 0.1932 0.1860
vn 0.9608 0.1985 0.1936
vn 0.9620 0.1976 0.1882
vn 0.4765 -0.7557 -0.4493
vn 0.9558 0.2332 -0.1793
vn 0.3963 0.7218 0.5674
vn 0.8845 0.4585 0.0868
vn 0.8195 0.5727 -0.0211
vn -0.6909 0.1421 0.7088
vn -0.0514 -0.9462 -0.3194
vn 0.6863 0.6642 0.2965
vn 0.7960 0.5489 0.2550
vn -0.6171 -0.7269 0.3016
vn -0.0221 0.9506 0.3095
vn 0.3327 0.7346 0.5913
vn 0.8124 0.5713 0.1167
vn 0.9959 -0.0511 -0.0742
vn 0.9968 -0.0523 -0.0613
vn 0.9959 -0.0513 -0.0746
vn -0.8216 0.5447 0.1679
vn 0.8146 -0.3145 0.4874
vn -0.0590 -0.7921 0.6075
vn -0.0585 -0.7906 0.6095
vn -0.0654 -0.7933 0.6052
vn 0.5531 0.7781 0.2978
vn 0.0572 -0.5634 0.8242
vn 0.9599 0.2758 0.0507
vn 0.8525 -0.5079 0.1234
vn 0.7889 -0.6096 0.0774
vn 0.7074 0.6892 -0.1570
vn 0.5161 -0.7847 0.3434
vn 0.9574 0.2879 -0.0218
vn -0.1445 0.1751 -0.9739
vn 0.5895 -0.6456 0.4855
vn 0.3093 -0.7790 0.5455
vn 0.6228 -0.4764 -0.6206
vn 0.8050 -0.3363 0.4887
vn 0.9662 0.1595 0.2023
vn 0.7503 0.0947 0.6543
vn 0.2335 -0.9721 -0.0203
vn 0.5650 0.7125 -0.4161
vn -0.0375 -0.7993 0.5998
vn -0.0381 -0.7989 0.6002
vn -0.0380 -0.7991 0.6000
vn 0.3286 0.1024 0.9389
vn -0.8456 0.3284 0.4209
vn 0.6495 0.5566 0.5180
vn 0.6257 0.6983 0.3477
vn 0.8560 0.4870 0.1734
vn 0.7124 0.6873 0.1415
vn -0.2892 -0.8046 0.5186
vn 0.9717 0.2361 -0.0090
vn -0.6662 -0.7456 -0.0185
vn -0.6684 -0.7436 -0.0174
vn -0.6654 -0.7462 -0.0188
vn 0.1362 -0.9875 0.0795
vn 0.1134 0.4397 0.8910
vn 0.4886 0.8722 -0.0222
vn -0.3252 -0.6155 0.7179
vn 0.0103 0.6825 0.7308
vn 0.0395 -0.9726 0.2291
vn -0.2661 -0.4907 0.8297
vn 0.4456 0.6518 0.6136
vn 0.9766 0.2148 0.0108
vn -0.1484 0.0627 -0.9869
vn 0.7774 0.6125 0.1431
vn 0.9719 0.0494 -0.2302
vn -0.6339 -0.6981 0.3329
vn 0.9124 0.3198 -0.2554
vn -0.2600 0.7536 0.6038
vn -0.2586 0.7536 0.6043
vn -0.2604 0.7536 0.6036
vn -0.5909 -0.6451 0.4845
vn 0.9592 0.2546 -0.1226
vn -0.8407 0.3670 0.3981
vn 0.6537 0.5920 0.4714
vn 0.6536 0.5921 0.4715
vn 0.6534 0.5924 0.4712
vn 0.7540 0.5587 0.3455
vn -0.1418 0.8441 -0.5171
vn 0.7152 0.6593 0.2320
vn 0.6856 -0.6214 0.3792
vn 0.6848 -0.6216 0.3803
vn 0.6858 -0.6195 0.3820
vn -0.7873 0.3836 0.4827
vn 0.8899 0.4115 0.1970
vn 0.4208 0.7896 -0.4465
vn 0.5312 -0.8413 -0.1001
vn 0.7697 0.3528 0.5320
vn 0.1240 0.8939 -0.4307
vn 0.6338 -0.4314 -0.6420
vn 0.4661 -0.8841 -0.0325
vn -0.1809 0.6377 0.7487
vn 0.5126 -0.1562 -0.8443
vn 0.7094 0.2348 0.6646
vn 0.7544 0.6311 -0.1805
vn 0.4754 -0.8515 0.2212
vn 0.2909 0.8095 -0.5099
vn 0.9457 0.1722 0.2756
vn 0.7446 -0.5213 0.4169
vn -0.2076 -0.7722 0.6005
vn 0.9710 0.2153 0.1041
vn -0.0977 0.9531 0.2866
vn 0.3770 -0.8125 0.4448
vn 0.3231 -0.7630 -0.5599
vn 0.3271 -0.7675 -0.5513
vn 0.3284 -0.7674 -0.5507
vn 0.4692 0.0860 -0.8789
vn 0.4696 0.0866 -0.8786
vn 0.4690 0.0860 -0.8790
vn -0.2183 -0.9149 0.3396
vn 0.5415 0.7815 0.3100
vn 0.8737 -0.1456 0.4643
vn 0.8874 0.4175 0.1956
vn -0.3835 -0.8755 -0.2941
vn -0.6192 -0.6477 0.4440
vn 0.6927 0.6218 0.3653
vn 0.8465 0.4910 0.2055
vn -0.2524 0.7999 0.5445
vn 0.7623 -0.5838 0.2796
vn -0.0272 0.6614 -0.7495
vn -0.2571 -0.8460 -0.4671
vn 0.6991 -0.4398 -0.5638
vn -0.2892 -0.9240 0.2500
vn -0.2996 -0.9194 0.2549
vn -0.2886 -0.9244 0.2493
vn 0.8075 0.5848 0.0775
vn 0.4769 -0.8754 -0.0790
vn -0.1742 -0.7697 0.6142
vn 0.3572 0.9246 -0.1322
vn 0.8752 0.4804 0.0572
vn 0.7448 0.6281 0.2252
vn -0.5427 -0.4024 0.7373
vn -0.1656 0.9855 0.0363
vn 0.8444 -0.0346 0.5346
vn -0.0178 0.0828 0.9964
vn -0.8670 0.1972 0.4576
vn 0.2009 0.7519 -0.6279
vn 0.2387 0.8820 -0.4063
vn -0.7611 -0.6393 -0.1099
vn 0.6349 0.2642 -0.7261
vn 0.8995 0.3489 0.2630
vn 0.5550 0.8316 0.0187
vn 0.9496 -0.2746 -0.1509
vn 0.5467 -0.6352 -0.5456
vn 0.1097 0.7862 0.6082
vn 0.9956 -0.0858 0.0368
vn 0.9947 -0.0173 0.1010
vn 0.2475 -0.4740 0.8450
vn 0.4797 0.6953 -0.5352
vn 0.7191 -0.1152 0.6852
vn 0.8113 0.5315 -0.2435
vn -0.0999 0.2618 0.9599
vn 0.7925 0.3255 0.5158
vn -0.1706 0.9450 0.2789
vn 0.2562 -0.9087 -0.3295
vn 0.4149 -0.8145 0.4055
vn 0.9712 0.2207 -0.0894
vn 0.7709 0.6361 0.0318
vn 0.7144 0.5886 0.3784
vn 0.5283 0.7998 -0.2850
vn 0.7214 0.6593 -0.2116
vn 0.8047 0.5767 -0.1408
vn 0.7464 0.3932 -0.5370
vn -0.9580 0.0295 0.2852
vn 0.8884 0.0290 0.4582
vn 0.5741 0.7910 -0.2116
vn 0.7689 0.6384 -0.0353
vn -0.6251 -0.3366 0.7043
vn 0.2366 0.8876 0.3951
vn 0.0928 0.8526 -0.5143
vn 0.3439 -0.6803 0.6473
vn 0.8095 -0.5793 0.0960
vn -0.3960 0.9096 0.1256
vn -0.1450 -0.8610 0.4875
vn -0.1394 -0.8599 0.4910
vn -0.1442 -0.8608 0.4881
vn 0.7886 0.4024 -0.4650
vn 0.1116 0.8457 -0.5219
vn 0.1113 0.8461 -0.5213
vn 0.1117 0.8437 -0.5251
vn 0.8634 0.3119 0.3966
vn 0.3857 0.7657 -0.5148
vn 0.7780 0.5034 0.3758
vn -0.7654 -0.2619 0.5879
vn -0.2196 0.3899 0.8943
vn 0.4346 0.8865 0.1591
vn -0.4970 -0.4368 0.7498
vn 0.5606 0.1923 0.8055
vn 0.5676 0.1927 0.8004
vn 0.5689 0.1922 0.7996
vn 0.1140 0.1655 0.9796
vn 0.8234 -0.0218 0.5671
vn -0.0992 0.5352 -0.8389
vn -0.3494 -0.4700 0.8106
vn -0.0656 -0.6399 0.7656
vn 0.8946 0.4373 0.0913
vn -0.5698 -0.4765 0.6696
vn -0.4680 0.8756 0.1194
vn -0.1756 0.9830 0.0539
vn 0.5160 0.7488 -0.4159
vn 0.5677 0.8221 0.0426
vn 0.4979 0.7080 -0.5008
vn 0.9694 -0.0099 -0.2451
vn 0.9903 0.1385 -0.0134
vn 0.8076 0.5361 0.2458
vn 0.0103 0.9997 0.0211
vn 0.9216 0.2448 -0.3013
vn -0.0604 0.2244 -0.9726
vn -0.0565 0.1663 -0.9844
vn 0.9170 0.2057 0.3417
vn 0.5777 0.6624 0.4770
vn -0.0319 0.7689 -0.6385
vn -0.0312 0.7681 -0.6395
vn -0.0288 0.7647 -0.6437
vn 0.2282 0.8705 -0.4360
vn 0.7945 -0.6011 0.0859
vn -0.0558 0.9712 0.2317
vn 0.1976 0.9438 0.2651
vn 0.7005 0.5892 0.4026
vn -0.2714 0.9625 0.0004
vn 0.4354 -0.8913 0.1267
vn -0.1103 0.8576 -0.5023
vn -0.1121 0.8573 -0.5025
vn -0.1111 0.8574 -0.5025
vn -0.0854 0.8344 0.5445
vn -0.2363 0.9703 -0.0513
vn 0.4720 0.8073 -0.3543
vn 0.5995 0.3769 0.7061
vn 0.5987 0.3777 0.7064
vn 0.5945 0.3812 0.7080
vn 0.7613 0.5077 0.4032
vn 0.3606 0.5944 -0.7187
vn 0.1849 0.9057 0.3815
vn 0.9908 -0.1094 -0.0794
vn -0.2299 -0.8982 0.3746
vn 0.5754 0.6032 0.5524
vn 0.4288 0.7925 0.4337
vn 0.6731 0.6336 0.3815
vn 0.6780 0.6312 0.3766
vn 0.6748 0.6313 0.3822
vn 0.2020 0.9620 0.1839
vn 0.2013 0.9627 0.1808
vn 0.2013 0.9629 0.1795
vn 0.6733 0.6320 0.3837
vn 0.6738 0.6326 0.3818
vn -0.5681 0.3139 -0.7608
vn 0.7358 0.5594 0.3817
vn 0.7349 0.5596 0.3830
vn 0.7327 0.5582 0.3893
vn 0.6648 0.6788 0.3119
vn 0.6346 0.6909 0.3463
vn 0.6343 0.6910 0.3466
vn 0.5926 0.6324 0.4989
vn -0.5390 0.7294 -0.4212
vn 0.1666 0.1649 -0.9721
vn 0.1670 0.1637 -0.9723
vn 0.1667 0.1658 -0.9720
vn -0.1798 -0.4092 0.8946
vn 0.1598 0.4765 -0.8645
vn 0.1543 0.4751 -0.8663
vn 0.1613 0.4769 -0.8640
vn 0.2784 0.4996 -0.8203
vn 0.2830 0.4970 -0.8203
vn 0.2790 0.5015 -0.8189
vn 0.2155 0.4766 -0.8523
vn 0.2197 0.4752 -0.8520
vn 0.2211 0.4747 -0.8519
vn 0.7215 -0.1463 0.6768
vn 0.1532 0.8435 0.5148
vn 0.6278 -0.6646 0.4053
vn 0.6383 0.7064 -0.3058
vn 0.6011 0.6918 -0.4001
vn -0.6070 0.2084 0.7669
vn -0.4841 0.1893 0.8543
vn 0.5662 0.7261 -0.3901
vn 0.2052 0.5096 -0.8356
vn 0.1313 0.4492 -0.8837
vn -0.1791 0.6828 0.7083
vn -0.2472 0.7870 0.5652
vn -0.1384 0.0794 -0.9872
vn 0.7973 0.6009 -0.0569
vn -0.2427 0.0736 -0.9673
vn -0.2833 -0.9296 -0.2358
vn 0.0791 0.5030 -0.8607
vn 0.0421 0.2498 -0.9674
vn 0.0410 0.2494 -0.9675
vn 0.0442 0.2506 -0.9671
vn -0.1411 0.0586 -0.9883
vn -0.1408 0.0584 -0.9883
vn -0.1406 0.0584 -0.9883
vn -0.2008 0.8379 -0.5075
vn -0.3184 0.8660 0.3855
vn -0.1296 0.8284 -0.5449
vn -0.1311 0.8302 -0.5419
vn -0.1285 0.8271 -0.5472
vn 0.4671 0.8201 -0.3306
vn 0.8134 0.5501 0.1891
vn 0.6561 0.6659 0.3551
vn 0.1642 0.9853 -0.0471
vn -0.5634 0.7451 0.3568
vn 0.6430 0.6401 0.4204
vn 0.6071 0.7450 0.2764
vn 0.6026 0.7477 0.2790
vn 0.6016 0.7484 0.2792
vn 0.4124 0.9030 0.1201
vn 0.7042 0.6980 0.1297
vn 0.7295 0.5257 0.4375
vn 0.8014 0.5883 0.1076
vn -0.2775 0.6747 0.6840
vn 0.7571 0.6305 -0.1711
vn 0.5830 0.6984 0.4152
vn 0.8132 0.5790 -0.0587
vn 0.8136 0.5784 -0.0586
vn 0.8096 0.5838 -0.0606
vn 0.6396 0.4647 0.6123
vn 0.6399 0.4651 0.6118
vn 0.6396 0.4649 0.6122
vn -0.2222 0.3439 0.9123
vn -0.5159 -0.0453 0.8554
vn -0.5156 -0.0426 0.8558
vn -0.5104 -0.0512 0.8584
vn 0.5616 0.7853 0.2605
vn 0.7037 0.6648 0.2506
vn 0.5707 0.5708 0.5904
vn -0.4913 -0.0737 0.8679
vn -0.5101 -0.1310 0.8501
vn -0.3740 -0.0922 0.9228
vn 0.8432 0.5371 -0.0234
vn 0.8478 0.5297 -0.0249
vn 0.8437 0.5363 -0.0234
vn 0.4729 0.8770 0.0848
vn 0.6384 0.7610 0.1151
vn -0.0823 0.7645 0.6393
vn 0.2810 0.4408 0.8525
vn 0.0001 0.3143 0.9493
vn 0.4002 0.5617 0.7241
vn -0.2202 0.6315 0.7434
vn -0.0312 0.5879 0.8084
vn 0.9743 -0.0141 0.2248
vn 0.2705 0.8784 -0.3941
vn 0.4388 0.8240 -0.3586
vn -0.3444 -0.8903 -0.2980
vn 0.7560 0.5424 0.3664
vn 0.3919 -0.9021 -0.1807
vn 0.3920 -0.9020 -0.1808
vn 0.0294 0.3122 0.9496
vn -0.1370 0.3959 0.9080
vn -0.1023 0.3646 0.9255
vn -0.1016 0.3646 0.9256
vn -0.1011 0.3642 0.9258
vn -0.4969 -0.2064 0.8429
vn 0.5723 -0.7966 -0.1948
vn 0.5733 -0.7956 -0.1957
vn 0.5711 -0.7977 -0.1937
vn 0.1554 0.6166 0.7718
vn 0.1312 0.3439 0.9298
vn -0.3680 0.9259 -0.0850
vn -0.4095 0.8986 -0.1577
vn -0.4075 0.8997 -0.1568
vn -0.4074 0.8998 -0.1560
vn -0.1368 0.6798 0.7205
vn -0.3962 0.9166 -0.0541
vn -0.5018 0.8635 -0.0510
vn 0.0484 0.4322 0.9005
vn -0.0549 0.9488 -0.3111
vn -0.4962 0.7380 -0.4574
vn -0.1097 0.1619 0.9807
vn -0.1078 0.1652 0.9804
vn -0.1097 0.1612 0.9808
vn -0.4758 0.8128 -0.3363
vn -0.1854 0.8552 -0.4840
vn -0.1504 0.8228 -0.5480
vn -0.1336 0.9532 -0.2713
vn -0.1597 0.9757 -0.1500
vn -0.0185 0.3286 -0.9443
vn 0.0541 0.8614 -0.5050
vn -0.0166 0.7838 -0.6208
vn -0.2629 0.9129 0.3122
vn -0.4088 0.8649 0.2914
vn 0.1799 0.2564 -0.9497
vn -0.4668 0.8843 0.0115
vn 0.4182 0.5294 0.7381
vn 0.4215 0.5312 0.7350
vn 0.4166 0.5284 0.7398
vn 0.2935 0.4984 -0.8157
vn -0.5439 0.7890 -0.2857
vn -0.5501 0.6951 -0.4627
vn -0.4764 0.7667 -0.4303
vn -0.4750 0.7672 -0.4311
vn -0.4764 0.7667 -0.4304
vn -0.4226 0.8951 -0.1422
vn -0.4257 0.8952 -0.1319
vn -0.4216 0.8965 -0.1358
vn -0.9256 0.0231 -0.3778
vn 0.0109 0.9922 -0.1243
vn -0.1993 0.9518 -0.2333
vn -0.4543 0.8303 -0.3229
vn -0.4516 0.8317 -0.3231
vn -0.4551 0.8299 -0.3226
vn -0.5058 0.7932 -0.3391
vn -0.5084 0.7944 -0.3325
vn -0.5054 0.7930 -0.3402
vn -0.2304 0.9705 -0.0717
vn -0.2332 0.9695 -0.0754
vn -0.2328 0.9694 -0.0780
vn -0.0386 0.9985 -0.0392
vn -0.1581 0.9440 0.2897
vn -0.3809 0.2764 0.8824
vn -0.2530 0.7412 0.6218
vn -0.2041 0.9789 -0.0124
vn -0.3706 0.8452 0.3852
vn -0.2326 0.9713 -0.0505
vn 0.0289 0.7053 0.7083
vn 0.4549 0.8782 -0.1478
vn 0.6126 0.7707 0.1751
vn 0.7123 -0.5267 0.4639
vn 0.5841 0.8084 0.0726
vn 0.5848 0.8081 0.0706
vn 0.5842 0.8084 0.0724
vn 0.6657 0.6928 0.2773
vn -0.6213 0.7132 -0.3246
vn 0.3054 -0.9508 0.0531
vn 0.6511 0.5861 0.4823
vn -0.9628 0.2638 0.0589
vn -0.2371 -0.7937 -0.5602
vn -0.8905 0.3585 -0.2801
vn -0.7903 0.2378 0.5647
vn -0.9261 0.3767 -0.0196
vn -0.9249 0.3796 -0.0198
vn -0.9256 0.3781 -0.0188
vn 0.5989 0.7947 0.0991
vn 0.5899 0.6911 0.4175
vn 0.2194 0.6987 0.6809
vn 0.4891 0.8322 0.2612
vn -0.7896 0.5720 -0.2220
vn 0.4355 0.8687 0.2359
vn 0.4600 0.1653 0.8724
vn 0.4310 0.8497 0.3037
vn 0.4165 0.8855 0.2061
vn -0.0320 0.9975 -0.0626
vn 0.3906 0.8038 0.4487
vn 0.4078 -0.8751 -0.2605
vn -0.6807 0.6304 0.3730
vn -0.9076 0.3996 -0.1286
vn 0.4050 -0.2397 0.8824
vn 0.7805 -0.5603 0.2773
vn 0.4674 0.8830 0.0423
vn 0.5190 0.7783 -0.3532
vn 0.0305 0.9995 -0.0033
vn -0.0148 0.9457 -0.3247
vn 0.5499 0.7999 -0.2403
vn -0.2183 0.9022 0.3719
vn -0.0961 0.8710 0.4818
vn -0.0600 0.9928 0.1035
vn 0.1962 0.9288 -0.3142
vn -0.6809 0.4873 0.5468
vn 0.0081 0.9999 0.0084
vn -0.8767 0.4805 -0.0217
vn -0.4547 0.8767 0.1567
vn 0.5930 -0.7635 0.2557
vn -0.9847 0.1741 0.0077
vn 0.6802 -0.6217 0.3883
vn 0.7188 0.6855 0.1158
vn 0.7226 0.6826 0.1096
vn 0.7188 0.6856 0.1151
vn -0.9929 -0.0273 -0.1154
vn 0.8985 0.4193 0.1298
vn 0.5554 0.7868 0.2690
vn -0.9975 -0.0457 -0.0535
vn 0.2881 0.8013 -0.5244
vn 0.5963 0.7987 0.0807
vn 0.4115 0.7880 0.4581
vn 0.0602 0.9864 -0.1531
vn 0.5261 0.7600 0.3817
vn 0.4001 0.8017 0.4440
vn 0.4329 0.7968 0.4216
vn 0.5260 0.7216 0.4501
vn 0.5270 0.7209 0.4501
vn 0.5242 0.7284 0.4412
vn -0.8984 -0.4258 0.1078
vn 0.4768 0.7314 0.4876
vn 0.0177 -0.7377 0.6749
vn 0.4543 0.8281 0.3285
vn 0.2844 0.2561 0.9239
vn 0.2844 0.2560 0.9239
vn 0.0181 0.5351 0.8446
vn -0.1333 0.5514 0.8235
vn 0.2286 0.7261 0.6485
vn 0.2819 0.6531 0.7029
vn 0.7109 0.4755 -0.5181
vn -0.7574 0.6086 0.2365
vn -0.8859 0.3057 -0.3488
vn 0.2601 0.9651 -0.0300
vn -0.2037 0.9462 -0.2513
vn -0.2133 -0.5321 0.8194
vn -0.8459 -0.5333 -0.0104
vn 0.4859 -0.8576 -0.1687
vn 0.7078 -0.3322 -0.6234
vn -0.5047 0.8423 -0.1894
vn -0.9345 0.3339 -0.1232
vn 0.7507 0.3751 -0.5438
vn 0.2407 0.7957 -0.5558
vn 0.3492 0.9361 0.0424
vn -0.6896 -0.6547 -0.3096
vn 0.8830 0.3545 -0.3076
vn -0.7415 0.5383 -0.4005
vn 0.7364 0.6693 0.0986
vn 0.4910 0.7719 0.4039
vn 0.3915 0.9190 -0.0465
vn -0.4137 -0.8655 0.2824
vn -0.8219 -0.5452 -0.1650
vn 0.7146 0.6995 -0.0044
vn -0.2132 0.8969 0.3875
vn -0.9883 0.1078 -0.1076
vn -0.1335 0.9906 0.0314
vn -0.1330 0.9906 0.0323
vn -0.1245 0.9917 0.0324
vn -0.5907 0.6952 -0.4097
vn -0.3353 0.4605 0.8219
vn 0.0894 0.0552 -0.9945
vn -0.5258 -0.7478 0.4054
vn -0.9784 -0.1036 0.1790
vn -0.2510 -0.7780 0.5760
vn -0.1416 0.9762 0.1646
vn 0.5424 0.8298 -0.1315
vn -0.3530 -0.4200 -0.8360
vn -0.9913 -0.1003 -0.0849
vn 0.5335 -0.8285 -0.1700
vn 0.3124 0.7933 0.5226
vn 0.3194 0.7920 0.5203
vn 0.3113 0.7935 0.5230
vn 0.2103 0.7970 0.5661
vn -0.6908 -0.5827 0.4281
vn -0.9979 -0.0632 0.0131
vn -0.7296 0.6823 -0.0465
vn -0.0493 0.7546 0.6543
vn -0.1467 -0.9305 -0.3357
vn -0.1411 -0.9306 -0.3377
vn -0.1484 -0.9304 -0.3351
vn 0.3336 0.7842 0.5233
vn 0.1215 0.9907 -0.0615
vn -0.7402 -0.1479 0.6559
vn -0.0912 -0.9954 0.0285
vn -0.0548 0.8074 -0.5874
vn -0.8708 0.4590 -0.1760
vn 0.4262 0.7378 0.5234
vn 0.4262 0.7379 0.5233
vn 0.4262 0.7382 0.5229
vn 0.1982 -0.7869 0.5844
vn 0.9339 -0.3441 -0.0969
vn -0.0054 -0.9933 -0.1151
vn -0.8301 0.4479 0.3321
vn -0.7108 0.7030 -0.0230
vn -0.8709 0.1803 0.4572
vn -0.7451 0.3936 0.5385
vn -0.7442 0.3940 0.5394
vn -0.7488 0.3927 0.5340
vn 0.9871 0.0914 0.1312
vn 0.3394 0.9281 0.1533
vn -0.6490 -0.4138 -0.6383
vn 0.0082 0.9274 -0.3741
vn 0.3393 -0.8469 -0.4094
vn 0.7078 0.6873 -0.1630
vn 0.1886 0.8082 -0.5580
vn -0.9000 0.2183 0.3772
vn -0.8977 0.2184 0.3827
vn -0.9003 0.2179 0.3768
vn 0.8650 0.4723 0.1691
vn -0.3386 0.7396 0.5817
vn -0.3342 0.7399 0.5839
vn -0.3402 0.7394 0.5810
vn 0.5800 -0.4117 0.7029
vn 0.5793 -0.4123 0.7031
vn 0.5825 -0.4092 0.7023
vn -0.9313 -0.2287 0.2835
vn -0.9304 -0.2281 0.2870
vn -0.9291 -0.2316 0.2882
vn 0.3453 0.7482 0.5665
vn 0.6924 0.6978 -0.1833
vn -0.8550 0.3427 0.3892
vn 0.9278 0.3471 -0.1370
vn 0.9555 0.1293 -0.2653
vn -0.8909 0.3211 0.3212
vn 0.9723 0.1900 0.1362
vn 0.9722 0.1909 0.1356
vn 0.9724 0.1904 0.1352
vn 0.9169 0.3771 0.1309
vn -0.4551 -0.8810 0.1290
vn -0.4559 -0.8881 -0.0595
vn 0.2885 -0.7912 -0.5392
vn 0.2983 0.9307 -0.2118
vn 0.5266 0.5616 0.6382
vn -0.2950 0.0178 0.9553
vn -0.8136 0.3130 0.4900
vn -0.0678 0.4393 0.8958
vn -0.6860 -0.7211 0.0975
vn -0.6349 0.7639 0.1156
vn -0.6343 0.7644 0.1157
vn -0.6352 0.7636 0.1155
vn 0.1614 0.6783 -0.7168
vn -0.5742 -0.5138 0.6374
vn 0.6910 0.4564 0.5605
vn 0.6953 0.4579 0.5540
vn 0.6902 0.4559 0.5619
vn -0.7305 -0.4067 -0.5485
vn 0.0095 0.7735 -0.6338
vn -0.4668 -0.5796 0.6680
vn -0.2406 -0.5335 0.8109
vn 0.2631 -0.4244 0.8664
vn -0.7496 0.3929 0.5328
vn 0.1898 -0.9738 -0.1251
vn 0.7832 0.2951 -0.5473
vn -0.9956 -0.0624 -0.0698
vn 0.9851 0.1121 0.1304
vn 0.5273 0.8239 0.2078
vn -0.0480 0.5485 0.8348
vn -0.0267 -0.9077 0.4188
vn 0.4739 -0.7431 0.4724
vn 0.4087 -0.8238 0.3928
vn 0.0746 -0.0315 -0.9967
vn 0.7838 -0.4899 0.3816
vn -0.3320 0.9388 -0.0921
vn -0.5666 -0.1553 0.8092
vn -0.7863 0.4976 0.3663
vn -0.9062 0.4062 0.1175
vn -0.7616 0.5692 0.3099
vn 0.5405 0.8388 -0.0648
vn -0.9739 0.1232 -0.1909
vn -0.9276 0.3730 -0.0186
vn 0.6636 -0.7477 -0.0251
vn 0.6555 0.6363 0.4066
vn 0.6462 -0.1345 -0.7512
vn 0.6446 -0.1343 -0.7527
vn 0.6442 -0.1342 -0.7530
vn 0.7251 0.6636 -0.1840
vn 0.3484 -0.8710 0.3463
vn 0.1558 -0.9877 -0.0139
vn -0.5331 0.8288 -0.1697
vn -0.9078 0.3597 0.2156
vn -0.1533 0.3924 0.9069
vn 0.3249 -0.7211 0.6119
vn 0.3406 -0.6216 0.7054
vn -0.1188 -0.9867 0.1112
vn -0.1137 -0.9930 0.0304
vn -0.1132 -0.9931 0.0293
vn -0.1129 -0.9932 0.0286
vn -0.1862 -0.9255 0.3299
vn -0.5015 -0.6066 0.6169
vn 0.8916 0.3917 0.2272
vn 0.2175 0.9374 0.2721
vn -0.5409 -0.1761 0.8224
vn -0.3770 -0.3873 0.8413
vn -0.9126 0.1905 0.3619
vn 0.3792 -0.7635 0.5228
vn 0.7205 -0.3985 0.5675
vn -0.0924 0.4863 0.8689
vn -0.4237 0.9056 -0.0201
vn 0.1128 -0.9601 0.2560
vn 0.6854 0.4736 0.5531
vn 0.4642 -0.7964 0.3876
vn 0.5772 0.7271 0.3717
vn 0.6243 0.6538 -0.4276
vn 0.0060 -0.5151 0.8571
vn -0.6778 0.4978 0.5411
vn 0.4927 0.7909 0.3630
vn -0.6988 -0.1324 0.7029
vn -0.1711 0.8163 -0.5516
vn -0.3713 -0.9269 0.0543
vn 0.7963 0.5914 0.1271
vn 0.5935 0.7872 -0.1676
vn -0.9839 0.1328 -0.1194
vn 0.0513 -0.8044 0.5919
vn -0.9421 0.3255 0.0810
vn 0.5358 -0.8223 -0.1915
vn 0.7048 0.6055 -0.3697
vn 0.7050 0.6055 -0.3693
vn 0.7052 0.6052 -0.3692
vn -0.9181 0.1039 0.3825
vn 0.4989 -0.5320 0.6842
vn -0.9935 -0.1123 -0.0162
vn -0.9936 -0.1104 -0.0218
vn -0.9934 -0.1124 -0.0219
vn -0.1158 0.8954 -0.4300
vn 0.6719 -0.6213 0.4030
vn 0.2225 0.1208 -0.9674
vn 0.0215 0.9439 0.3294
vn 0.5636 0.8133 0.1447
vn -0.4086 0.8206 -0.3996
vn 0.8363 0.5470 -0.0358
vn 0.8393 0.5420 -0.0436
vn 0.8365 0.5469 -0.0343
vn 0.7300 -0.5423 0.4160
vn -0.9301 0.3295 -0.1623
vn 0.3179 0.8016 -0.5064
vn -0.0831 0.8066 -0.5853
vn -0.9875 0.1306 -0.0881
vn 0.6706 -0.6048 -0.4296
vn 0.6707 -0.6054 -0.4285
vn 0.6714 -0.6006 -0.4342
vn 0.4682 -0.8676 -0.1676
vn -0.9510 0.2655 -0.1587
vn 0.1008 -0.6629 0.7419
vn 0.3722 0.7108 -0.5968
vn 0.7881 0.5254 0.3208
vn 0.4855 0.8667 -0.1145
vn -0.8572 0.5143 -0.0285
vn -0.8571 0.3705 0.3579
vn 0.8281 0.5020 0.2494
vn 0.1267 0.2050 0.9705
vn -0.0008 0.7668 0.6419
vn -0.0029 0.7640 0.6452
vn -0.0006 0.7672 0.6414
vn -0.9122 0.3317 -0.2406
vn 0.5968 0.7853 0.1651
vn -0.9416 0.3290 -0.0719
vn -0.9443 0.3198 -0.0779
vn -0.9420 0.3282 -0.0707
vn -0.7437 0.3212 0.5863
vn 0.8385 0.4091 0.3599
vn -0.1784 -0.9634 -0.2002
vn 0.6619 -0.6289 0.4078
vn 0.6107 -0.6795 0.4066
vn -0.1342 -0.9479 0.2889
vn 0.8066 -0.4200 -0.4160
vn -0.9135 -0.0114 0.4066
vn 0.1845 0.6779 0.7116
vn 0.8650 0.5011 -0.0251
vn 0.5963 0.7943 0.1159
vn 0.5054 0.7554 0.4170
vn 0.5113 0.7474 0.4243
vn 0.5045 0.7561 0.4169
vn -0.8630 -0.2774 0.4222
vn 0.1197 -0.9211 -0.3704
vn 0.5586 0.4582 -0.6914
vn 0.6995 -0.5954 0.3953
vn 0.4057 -0.9000 0.1594
vn 0.4059 -0.9002 0.1575
vn 0.4086 -0.8969 0.1692
vn -0.9611 0.2534 0.1098
vn 0.8631 0.0614 0.5012
vn -0.7726 -0.2514 0.5830
vn 0.8796 0.4166 0.2294
vn -0.8076 0.0360 0.5886
vn -0.9839 0.0080 -0.1786
vn -0.0982 0.8818 -0.4613
vn 0.6787 0.5129 0.5256
vn 0.6848 0.5138 0.5168
vn 0.6863 0.5134 0.5151
vn -0.6066 0.3990 0.6876
vn 0.1886 -0.9622 -0.1967
vn 0.1886 -0.9619 -0.1981
vn 0.1887 -0.9607 -0.2038
vn -0.8137 0.4837 0.3224
vn -0.8136 0.4834 0.3232
vn -0.8138 0.4839 0.3218
vn 0.4800 0.8670 0.1341
vn 0.0779 0.8559 -0.5113
vn 0.0020 0.9999 0.0106
vn 0.7556 0.6550 0.0068
vn -0.8937 0.3687 0.2556
vn 0.2928 -0.9558 0.0285
vn 0.0372 -0.9934 -0.1088
vn -0.1630 -0.2888 0.9434
vn 0.5684 0.8159 -0.1061
vn -0.6598 0.7224 0.2067
vn -0.6698 -0.7271 0.1508
vn 0.5300 0.4123 0.7410
vn 0.8496 0.3173 -0.4212
vn -0.9602 0.2396 -0.1439
vn -0.9252 0.0135 -0.3792
vn -0.9284 0.0098 -0.3716
vn -0.9286 0.0088 -0.3711
vn -0.5286 0.7624 -0.3733
vn -0.6168 -0.0268 0.7866
vn 0.3604 0.7761 0.5174
vn 0.3599 0.7757 0.5184
vn 0.3649 0.7764 0.5138
vn -0.9462 0.3081 0.0988
vn -0.6809 0.7123 -0.1706
vn -0.2396 0.7121 -0.6600
vn -0.3392 0.9285 -0.1509
vn 0.9964 -0.0734 -0.0432
vn -0.4873 -0.5061 -0.7116
vn -0.3184 -0.9466 -0.0504
vn -0.2163 0.9542 0.2068
vn 0.7555 -0.5738 0.3162
vn -0.0478 0.9946 -0.0919
vn 0.5900 0.6339 0.5001
vn 0.1092 0.5055 0.8559
vn -0.3820 0.0953 -0.9192
vn -0.8567 0.4796 -0.1900
vn 0.2613 -0.6325 0.7292
vn -0.8134 -0.0125 0.5815
vn 0.8838 0.3397 0.3216
vn 0.5957 0.7996 -0.0755
vn 0.6551 0.6275 0.4208
vn -0.7712 0.6278 0.1060
vn 0.6492 0.1321 0.7491
vn -0.6941 0.5249 -0.4927
vn 0.1349 0.1252 -0.9829
vn -0.8972 -0.1157 0.4262
vn 0.8901 0.4513 0.0636
vn -0.6818 -0.6783 0.2740
vn -0.8530 0.4363 0.2863
vn -0.0634 0.3116 0.9481
vn 0.3942 -0.9188 0.0189
vn 0.3780 -0.9247 0.0449
vn -0.2252 0.8115 0.5392
vn 0.8453 -0.4888 0.2158
vn 0.9272 -0.3168 0.1999
vn -0.1757 0.8629 -0.4738
vn 0.5382 0.5254 0.6590
vn -0.0698 0.6846 -0.7256
vn -0.0671 0.6895 -0.7212
vn -0.0670 0.6907 -0.7200
vn 0.9833 -0.0415 0.1774
vn 0.4063 -0.8626 0.3014
vn 0.4870 0.8040 0.3411
vn 0.0297 0.6601 -0.7506
vn 0.1948 -0.7187 0.6674
vn -0.5326 0.7803 0.3278
vn 0.5296 -0.8477 0.0293
vn -0.4017 -0.8866 0.2295
vn -0.4018 -0.8862 0.2306
vn -0.4019 -0.8854 0.2335
vn 0.2456 0.8611 0.4451
vn 0.5376 0.7401 0.4040
vn 0.7675 0.4558 0.4509
vn -0.6615 0.6995 0.2705
vn 0.9634 0.1921 0.1872
vn -0.6182 0.7859 -0.0106
vn -0.9539 0.0281 0.2990
vn 0.5204 -0.8532 -0.0339
vn 0.8650 -0.1508 0.4786
vn -0.9187 -0.3834 0.0946
vn -0.3259 0.3992 0.8570
vn 0.7792 0.6071 -0.1555
vn -0.1443 0.9883 -0.0486
vn -0.3036 -0.8511 0.4283
vn -0.5474 0.7259 -0.4164
vn 0.5101 0.8496 0.1341
vn -0.4349 0.0971 -0.8952
vn -0.4289 0.0929 -0.8986
vn -0.4274 0.0923 -0.8993
vn -0.1979 -0.7608 -0.6181
vn -0.1983 -0.7611 -0.6176
vn -0.1981 -0.7606 -0.6182
vn 0.9521 0.2756 -0.1323
vn 0.9512 0.1302 0.2797
vn 0.8292 -0.3291 0.4518
vn 0.4617 -0.8235 0.3298
vn 0.6091 0.6137 -0.5024
vn -0.4317 -0.9011 0.0399
vn 0.9230 0.3704 -0.1043
vn 0.9780 0.1785 0.1075
vn 0.9756 0.2147 -0.0466
vn 0.9756 0.2145 -0.0464
vn 0.9756 0.2147 -0.0467
vn 0.3929 0.2909 -0.8724
vn -0.3312 -0.9434 -0.0174
vn -0.3526 -0.9358 0.0010
vn -0.0353 0.5697 -0.8211
vn 0.8203 0.5585 -0.1234
vn 0.5392 -0.8266 0.1612
vn 0.5397 -0.8261 0.1620
vn 0.5428 -0.8240 0.1625
vn -0.9995 0.0290 -0.0096
vn -0.4209 0.2010 0.8845
vn -0.9194 0.3872 -0.0691
vn 0.0282 0.7737 -0.6329
vn 0.9946 -0.0899 0.0520
vn 0.8506 -0.4859 0.2008
vn 0.5197 0.7997 -0.3007
vn 0.5198 0.8000 -0.2998
vn 0.5179 0.8008 -0.3008
vn -0.6401 -0.5753 0.5093
vn 0.2470 0.4065 -0.8796
vn 0.6780 -0.5377 0.5012
vn 0.9083 0.1704 0.3819
vn -0.1907 0.9253 0.3279
vn -0.0033 1.0000 -0.0032
vn -0.2774 -0.9604 -0.0273
vn 0.6126 -0.7862 0.0810
vn 0.1947 -0.9712 -0.1371
vn 0.2522 0.0334 -0.9671
vn -0.1608 0.6431 -0.7487
vn -0.2025 0.3183 -0.9261
vn 0.3164 0.8738 0.3692
vn -0.2114 0.5633 -0.7988
vn 0.3156 0.4136 -0.8540
vn 0.3242 0.3281 -0.8873
vn 0.9959 -0.0508 -0.0748
vn -0.7183 -0.6869 0.1107
vn 0.3870 0.7475 0.5399
vn -0.3167 -0.3671 -0.8746
vn 0.0977 0.6532 -0.7508
vn 0.0891 0.6595 -0.7464
vn 0.0978 0.6533 -0.7507
vn 0.3698 -0.7603 0.5341
vn 0.7636 0.5557 0.3288
vn 0.7640 0.5543 0.3301
vn 0.7635 0.5552 0.3298
vn 0.2686 0.9517 -0.1487
vn -0.9711 -0.0277 0.2371
vn 0.4564 -0.6979 -0.5520
vn -0.3850 -0.6119 -0.6909
vn -0.3120 0.8475 0.4295
vn 0.3736 -0.8577 0.3533
vn 0.4452 -0.8785 0.1734
vn 0.1976 0.1670 -0.9659
vn 0.5700 0.8139 0.1123
vn 0.7230 0.6855 0.0856
vn -0.2484 0.1122 -0.9621
vn 0.0239 0.6261 0.7794
vn 0.1636 0.7301 -0.6635
vn 0.5242 -0.7466 0.4096
vn 0.5881 0.5993 0.5431
vn -0.9003 -0.4335 -0.0384
vn 0.6884 0.6953 -0.2064
vn 0.6882 0.6948 -0.2087
vn 0.6886 0.6959 -0.2038
vn -0.9231 -0.3830 -0.0339
vn 0.4819 0.8061 -0.3435
vn 0.5890 0.7825 0.2018
vn 0.4361 0.8896 -0.1356
vn 0.5701 0.6220 0.5367
vn 0.5700 0.6211 0.5379
vn 0.5686 0.6189 0.5420
vn -0.7449 -0.6670 0.0148
vn 0.9581 -0.1922 -0.2125
vn 0.3218 0.4517 0.8321
vn -0.6514 -0.7129 0.2598
vn 0.1571 -0.2144 0.9640
vn -0.9225 -0.0334 -0.3846
vn -0.7194 0.5741 0.3910
vn 0.7509 0.1531 0.6424
vn 0.8752 0.4699 -0.1147
vn -0.4837 -0.5259 0.6996
vn -0.2671 -0.9626 0.0450
vn 0.2890 0.8370 0.4647
vn 0.1264 -0.6928 0.7100
vn 0.8619 0.3512 -0.3658
vn -0.7422 0.5714 0.3501
vn -0.7205 0.6706 -0.1768
vn 0.6512 0.7103 -0.2674
vn -0.6643 0.6240 0.4115
vn 0.5135 0.6818 -0.5210
vn 0.8757 0.2932 -0.3836
vn 0.8756 0.2932 -0.3839
vn 0.8702 0.3054 -0.3866
vn 0.8807 0.3121 -0.3564
vn 0.7812 0.3987 0.4804
vn 0.7816 0.3991 0.4793
vn 0.7846 0.4013 0.4727
vn -0.1537 -0.8498 0.5042
vn -0.1527 -0.8489 0.5060
vn -0.1523 -0.8487 0.5065
vn -0.4312 0.8455 -0.3148
vn -0.2791 -0.8177 0.5035
vn 0.3071 0.5831 -0.7521
vn -0.8494 -0.4545 0.2682
vn 0.5908 0.5111 0.6243
vn 0.0656 0.3741 -0.9251
vn 0.3873 0.9027 0.1871
vn 0.3877 0.9023 0.1887
vn 0.3863 0.9046 0.1800
vn -0.2877 0.9243 0.2509
vn 0.2914 -0.8731 0.3910
vn 0.9717 0.0046 0.2361
vn 0.9283 0.2906 -0.2318
vn 0.5482 0.8347 0.0530
vn 0.4054 0.9137 -0.0271
vn 0.7045 0.5906 0.3935
vn 0.7004 0.5914 0.3995
vn 0.7057 0.5905 0.3915
vn 0.7171 0.6208 0.3169
vn -0.0279 0.7635 -0.6453
vn 0.4282 0.7093 -0.5599
vn -0.1806 -0.3185 0.9305
vn 0.8653 0.4992 -0.0450
vn 0.8221 0.5692 -0.0158
vn 0.2026 0.0108 -0.9792
vn 0.2061 0.0114 -0.9785
vn 0.2056 0.0158 -0.9785
vn 0.9623 -0.2567 0.0897
vn -0.5757 0.7977 -0.1799
vn 0.8967 0.2270 -0.3800
vn 0.2814 0.2216 0.9337
vn 0.2291 0.4792 -0.8473
vn 0.2298 0.4779 -0.8478
vn 0.2410 0.4758 -0.8459
vn -0.1878 0.9775 0.0962
vn 0.5365 -0.3289 0.7772
vn 0.3059 -0.9380 0.1628
vn 0.5859 0.6391 0.4983
vn 0.2424 0.4754 -0.8457
vn -0.1833 -0.4172 0.8901
vn -0.3031 0.7407 -0.5996
vn -0.3406 -0.3200 0.8841
vn 0.0631 0.6498 0.7575
vn 0.6847 0.7274 -0.0447
vn -0.2562 -0.4618 0.8492
vn 0.6221 0.7751 -0.1104
vn 0.6566 0.6493 0.3839
vn 0.5761 0.7855 -0.2263
vn -0.3934 -0.9193 -0.0089
vn 0.7830 0.5948 -0.1821
vn 0.6863 -0.6187 0.3824
vn 0.7849 0.5909 0.1867
vn 0.4758 -0.6458 -0.5971
vn 0.9816 -0.1856 -0.0454
vn 0.2370 -0.4636 -0.8537
vn 0.4211 0.8207 0.3861
vn 0.0009 0.9224 -0.3864
vn 0.8142 0.4251 -0.3953
vn 0.0035 -0.9770 0.2130
vn 0.8377 0.5380 0.0938
vn 0.3420 -0.9231 0.1757
vn -0.1564 0.4995 -0.8521
vn 0.3331 0.9192 0.2103
vn 0.5095 0.8417 -0.1785
vn 0.5092 0.8412 -0.1819
vn 0.5091 0.8409 -0.1835
vn 0.2435 0.2707 0.9314
vn 0.3289 0.8643 0.3806
vn 0.3288 0.8643 0.3806
vn 0.3220 0.8692 0.3752
vn 0.8867 0.4469 -0.1188
vn 0.8821 0.4556 -0.1192
vn 0.8864 0.4476 -0.1183
vn 0.5402 0.8238 0.1717
vn 0.6480 0.7568 0.0861
vn 0.5688 0.7793 -0.2629
vn 0.5764 0.7731 -0.2649
vn 0.5761 0.7737 -0.2637
vn 0.4217 -0.8841 0.2014
vn 0.4213 -0.8844 0.2011
vn 0.4203 -0.8823 0.2119
vn 0.0899 0.4960 -0.8637
vn 0.0878 0.4967 -0.8635
vn 0.0857 0.4999 -0.8618
vn 0.9749 0.0855 0.2055
vn 0.7053 0.7081 -0.0332
vn 0.6072 0.7675 0.2055
vn 0.6985 0.7004 -0.1464
vn 0.2567 0.7875 0.5603
vn 0.2578 0.7909 0.5550
vn 0.2614 0.7904 0.5540
vn 0.6406 0.7633 -0.0833
vn 0.2499 0.8861 0.3903
vn 0.2933 0.7665 0.5713
vn 0.2924 0.7650 0.5738
vn 0.2939 0.7635 0.5751
vn 0.5390 -0.8263 0.1637
vn 0.5443 -0.8231 0.1622
vn -0.4531 -0.0414 0.8905
vn -0.7114 0.6364 -0.2981
vn 0.1946 0.7690 -0.6089
vn 0.6795 0.6795 0.2766
vn -0.1212 0.5217 -0.8445
vn 0.8661 0.4997 0.0107
vn 0.9004 0.4278 -0.0793
vn 0.9005 0.4275 -0.0792
vn 0.8998 0.4289 -0.0801
vn 0.9468 -0.1931 0.2573
vn -0.7788 -0.2284 0.5843
vn -0.9613 -0.1811 -0.2076
vn -0.9799 -0.1610 -0.1179
vn -0.8070 -0.2359 -0.5414
vn 0.1472 0.8970 0.4167
vn -0.0591 0.7763 0.6276
vn -0.8915 0.3664 0.2664
vn -0.1232 0.9296 0.3474
vn -0.1262 0.6500 0.7494
vn 0.1257 0.6321 0.7646
vn 0.2370 0.6908 0.6831
vn 0.3515 0.7351 0.5797
vn 0.0826 0.7355 0.6725
vn -0.3893 -0.1791 0.9036
vn -0.4939 -0.4726 0.7298
vn 0.3478 0.6922 0.6324
vn -0.3396 -0.4340 0.8344
vn -0.4784 -0.3661 0.7982
vn -0.8802 -0.3281 0.3430
vn -0.9482 -0.2999 0.1051
vn -0.8044 -0.5902 0.0684
vn -0.8292 -0.5201 0.2049
vn -0.0210 0.6951 -0.7186
vn -0.0217 0.6951 -0.7186
vn 0.1056 0.9652 0.2393
vn 0.7382 0.6701 -0.0773
vn -0.4431 -0.2656 0.8562
vn 0.2030 0.5636 0.8008
vn -0.6347 -0.5152 0.5760
vn -0.5919 -0.3170 0.7411
vn 0.7336 0.5230 0.4340
vn 0.7454 0.5842 0.3211
vn 0.2971 -0.6941 -0.6557
vn 0.3515 0.6841 -0.6391
vn -0.4912 -0.2794 0.8250
vn 0.0391 0.3004 0.9530
vn 0.6708 0.7409 0.0339
vn 0.5446 0.8077 0.2260
vn -0.6062 0.4999 0.6185
vn 0.1946 0.7608 0.6191
vn 0.1959 0.7571 0.6232
vn 0.1963 0.7560 0.6245
vn 0.2286 0.8126 0.5361
vn 0.4026 0.7134 0.5735
vn 0.6899 0.7197 0.0777
vn -0.8191 -0.5567 -0.1386
vn -0.1796 0.9083 -0.3778
vn 0.1981 0.8730 -0.4456
vn 0.5626 0.8248 -0.0568
vn 0.4440 0.8934 -0.0683
vn 0.3100 0.8370 -0.4510
vn 0.5732 0.7367 -0.3588
vn 0.5735 0.7364 -0.3589
vn 0.5732 0.7365 -0.3591
vn 0.0902 0.4993 -0.8617
vn 0.0929 0.4984 -0.8620
vn 0.4385 0.8654 -0.2425
vn 0.4311 0.7094 0.5575
vn 0.3657 0.9017 -0.2305
vn -0.5149 -0.5297 -0.6741
vn 0.6259 0.7634 0.1595
vn 0.2093 0.0782 -0.9747
vn 0.6400 0.7675 0.0352
vn 0.6401 0.7675 0.0352
vn 0.4419 0.6475 -0.6209
vn 0.5486 0.8258 0.1311
vn -0.0008 0.9982 0.0605
vn 0.1516 0.8764 0.4570
vn 0.1515 0.8770 0.4560
vn 0.1511 0.8791 0.4520
vn 0.3762 0.7253 -0.5766
vn 0.5296 0.8065 -0.2629
vn 0.5286 0.8071 -0.2630
vn 0.5295 0.8065 -0.2628
vn 0.2651 0.9628 0.0524
vn -0.2851 0.2634 -0.9216
vn 0.5245 0.8509 -0.0281
vn 0.3315 0.9341 0.1328
vn 0.5611 0.8187 0.1221
vn 0.4967 0.8302 -0.2532
vn -0.3202 -0.1548 -0.9346
vn 0.4416 0.8946 -0.0680
vn 0.4776 0.7942 0.3756
vn 0.4498 0.8208 -0.3520
vn 0.1203 0.6402 0.7588
vn 0.6258 0.4248 0.6541
vn 0.5658 0.1331 0.8138
vn 0.4805 0.1783 0.8587
vn 0.7004 0.2042 0.6840
vn 0.5919 0.7874 -0.1723
vn 0.7123 0.3686 0.5973
vn 0.8065 0.4424 0.3922
vn 0.7983 0.5434 0.2597
vn 0.7889 0.5598 0.2535
vn 0.6612 0.4091 0.6288
vn 0.6422 0.0954 0.7606
vn -0.6358 -0.4711 0.6115
vn 0.5858 0.3630 0.7246
vn 0.6693 0.6134 0.4193
vn 0.6820 0.3050 0.6647
vn 0.6809 0.3053 0.6657
vn 0.6821 0.3057 0.6643
vn 0.5998 0.3080 0.7385
vn -0.0781 0.9814 -0.1755
vn 0.8805 0.4275 0.2050
vn 0.7272 0.6859 0.0278
vn 0.8296 0.5097 -0.2280
vn -0.0193 0.8333 -0.5525
vn -0.2101 -0.1536 0.9655
vn -0.2103 -0.5624 -0.7997
vn 0.2763 0.7448 -0.6074
vn 0.2720 0.7419 -0.6128
vn 0.2704 0.7407 -0.6150
vn -0.1258 -0.9087 -0.3980
vn 0.0299 0.8519 -0.5228
vn 0.2389 0.7937 0.5595
vn -0.0036 -0.9145 -0.4046
vn -0.9887 0.1445 0.0405
vn -0.5311 -0.7877 -0.3121
vn -0.0099 -0.8008 -0.5989
vn -0.0160 -0.7988 -0.6014
vn -0.0170 -0.7983 -0.6020
vn -0.7492 -0.6060 -0.2672
vn -0.0482 0.1331 0.9899
vn -0.7921 0.0636 -0.6071
vn 0.0556 0.9217 -0.3840
vn -0.1315 -0.7988 -0.5870
vn -0.5032 -0.7495 -0.4301
vn 0.2505 0.9307 0.2667
vn -0.2394 -0.8563 -0.4577
vn -0.5048 -0.7412 -0.4425
vn -0.5092 -0.7371 -0.4443
vn -0.5094 -0.7371 -0.4441
vn 0.1733 0.8647 0.4715
vn 0.6987 0.6207 -0.3557
vn 0.8477 0.3953 -0.3539
vn 0.8490 0.4729 0.2355
vn -0.2507 -0.1287 0.9595
vn 0.4581 0.8412 -0.2875
vn 0.4206 0.1061 -0.9010
vn 0.0509 0.1254 -0.9908
vn 0.2018 0.9347 -0.2927
vn 0.2911 -0.1248 -0.9485
vn 0.7507 -0.6572 -0.0668
vn 0.4640 -0.0308 -0.8853
vn 0.2006 0.5022 -0.8412
vn -0.0378 0.9566 -0.2891
vn 0.0686 -0.0215 -0.9974
vn -0.1632 0.2121 -0.9635
vn 0.7660 -0.4711 0.4374
vn 0.6228 0.2035 -0.7555
vn -0.4972 -0.5559 0.6662
vn 0.9372 -0.0387 0.3467
vn 0.4298 0.8438 0.3215
vn -0.2659 0.8284 -0.4931
vn 0.9644 0.1551 -0.2142
vn 0.9644 0.1549 -0.2145
vn 0.9642 0.1552 -0.2150
vn 0.6795 -0.4466 0.5821
vn -0.3258 -0.7464 -0.5803
vn -0.3097 -0.9050 0.2916
vn 0.0182 -0.0014 -0.9998
vn 0.2655 0.7785 0.5687
vn 0.7983 0.5988 -0.0638
vn 0.3745 0.9026 -0.2124
vn 0.3751 0.9025 -0.2119
vn 0.3699 0.9037 -0.2157
vn -0.1969 -0.6194 0.7600
vn 0.5227 -0.8175 -0.2420
vn -0.2553 -0.4234 0.8692
vn 0.2879 0.9108 -0.2957
vn 0.2192 -0.5378 -0.8141
vn 0.0110 -0.3302 0.9439
vn 0.3821 0.6323 -0.6740
vn -0.2723 -0.3708 0.8879
vn -0.2735 -0.3711 0.8874
vn -0.2699 -0.3709 0.8886
vn 0.1849 0.9528 0.2407
vn 0.7583 0.6517 -0.0155
vn 0.7578 0.6521 -0.0213
vn 0.7589 0.6511 -0.0117
vn 0.8573 0.0273 0.5141
vn 0.9602 0.2448 0.1343
vn -0.2323 -0.8839 0.4060
vn -0.1996 -0.8743 0.4425
vn 0.7681 0.6224 0.1502
vn 0.9524 0.2857 0.1067
vn 0.7065 0.6447 0.2918
vn 0.6998 0.6483 0.3001
vn 0.7071 0.6447 0.2904
vn 0.8185 -0.1043 0.5650
vn 0.6216 -0.3480 0.7018
vn 0.9018 0.3039 0.3074
vn 0.9007 0.4199 0.1118
vn -0.9259 0.3586 0.1189
vn 0.7532 -0.3987 0.5233
vn -0.7464 -0.5389 0.3904
vn 0.8922 -0.4098 0.1898
vn -0.6948 -0.6471 0.3139
vn -0.6976 -0.6451 0.3117
vn -0.6941 -0.6486 0.3123
vn 0.0190 0.2162 -0.9762
vn 0.0181 0.2187 -0.9756
vn 0.0257 0.2140 -0.9765
vn 0.6132 0.7859 0.0800
vn -0.0463 -0.3888 0.9202
vn 0.9850 0.0186 0.1713
vn 0.8598 -0.3987 0.3191
vn -0.7046 0.7096 -0.0067
vn -0.6990 0.7151 -0.0087
vn -0.6995 0.7146 -0.0085
vn 0.9560 0.0783 0.2829
vn 0.9560 0.0811 0.2819
vn 0.9564 0.0764 0.2817
vn 0.3796 0.7419 0.5527
vn 0.0227 0.2686 0.9630
vn 0.9844 -0.0626 0.1642
vn 0.8845 0.1115 0.4530
vn 0.6957 -0.0168 0.7181
vn -0.6221 0.0853 0.7782
vn 0.0632 0.0770 -0.9950
vn 0.6306 0.5190 0.5771
vn -0.0691 0.7851 -0.6155
vn 0.5030 0.8213 0.2692
vn -0.0039 -1.0000 0.0020
vn 0.8853 0.4642 0.0281
vn -0.2991 0.8760 -0.3784
vn -0.3002 0.8753 -0.3792
vn -0.2973 0.8762 -0.3793
vn 0.5708 0.7728 0.2775
vn 0.3899 0.8804 0.2700
vn 0.8981 -0.4378 -0.0405
vn 0.4336 -0.3540 0.8287
vn 0.7476 0.0397 0.6630
vn 0.4341 -0.8604 -0.2670
vn -0.7780 0.5786 -0.2449
vn 0.5298 -0.7999 -0.2818
vn -0.4866 -0.8611 0.1476
vn -0.4821 -0.8645 0.1420
vn -0.4846 -0.8632 0.1418
vn -0.7883 0.6026 -0.1247
vn -0.1266 -0.8774 -0.4628
vn 0.9727 0.2184 0.0786
vn 0.5190 0.8159 0.2548
vn 0.7586 0.2001 0.6200
vn 0.8234 0.0253 0.5670
vn -0.6564 0.5050 -0.5605
vn 0.9703 -0.0001 -0.2418
vn 0.9848 -0.1407 -0.1021
vn 0.7606 -0.0730 0.6451
vn -0.1151 0.9894 -0.0888
vn 0.6130 -0.2794 -0.7391
vn 0.8250 0.5135 0.2361
vn -0.3400 -0.7781 -0.5281
vn -0.4180 -0.2034 -0.8854
vn -0.4206 -0.4122 -0.8082
vn -0.1938 -0.8727 0.4481
vn -0.4413 -0.3607 -0.8217
vn -0.0391 -0.7656 0.6421
vn 0.8252 0.2879 -0.4860
vn 0.7926 0.3735 -0.4820
vn 0.9544 0.1005 -0.2810
vn 0.5767 -0.8060 -0.1333
vn 0.5957 0.7487 0.2909
vn -0.1468 -0.8156 0.5597
vn 0.6356 0.7505 0.1810
vn -0.8964 -0.3492 -0.2731
vn 0.9296 0.3621 0.0691
vn 0.9286 0.3643 0.0701
vn 0.9312 0.3582 0.0675
vn 0.6524 0.4427 -0.6151
vn 0.8954 0.1256 0.4271
vn 0.9767 -0.0179 -0.2139
vn 0.9766 -0.0179 -0.2142
vn 0.9762 -0.0185 -0.2160
vn 0.2397 0.5992 -0.7639
vn -0.1300 0.7665 0.6290
vn 0.9282 0.1647 -0.3337
vn 0.8866 0.2337 -0.3992
vn 0.8897 0.1355 -0.4361
vn 0.8802 0.0419 -0.4727
vn 0.8640 0.0113 -0.5033
vn -0.5384 -0.7208 -0.4366
vn -0.5381 -0.7206 -0.4372
vn -0.5390 -0.7187 -0.4393
vn -0.0477 -0.8090 0.5859
vn -0.2982 0.9509 0.0825
vn -0.2982 0.9509 0.0826
vn -0.2984 0.9508 0.0835
vn 0.7923 0.4404 -0.4222
vn 0.0754 0.4889 -0.8690
vn 0.0757 0.4898 -0.8686
vn 0.0750 0.4889 -0.8691
vn 0.7507 0.4467 -0.4868
vn -0.9583 0.1602 -0.2365
vn 0.8857 0.2588 -0.3855
vn 0.8857 0.2571 -0.3865
vn 0.8808 0.2611 -0.3949
vn 0.7423 -0.2208 0.6327
vn 0.8490 0.2919 -0.4405
vn 0.8718 0.2992 -0.3878
vn -0.4736 0.0878 -0.8764
vn -0.6395 0.7669 0.0534
vn 0.8089 0.5798 -0.0980
vn 0.9264 0.3384 0.1652
vn 0.9373 0.3341 -0.0990
vn 0.2062 0.0095 -0.9785
vn 0.0921 0.7132 0.6949
vn 0.8793 0.4682 0.0875
vn 0.8793 0.4680 0.0883
vn 0.8791 0.4687 0.0865
vn -0.2142 0.9766 0.0172
vn 0.5184 0.6175 0.5915
vn -0.8121 0.4529 0.3680
vn 0.5632 0.8166 0.1261
vn -0.5371 0.8290 0.1556
vn 0.8424 0.5211 -0.1374
vn -0.2990 -0.6315 -0.7154
vn 0.2887 0.9574 0.0054
vn 0.4208 0.8973 -0.1336
vn -0.2714 0.4882 -0.8294
vn -0.9360 0.3513 -0.0227
vn 0.8822 -0.4647 -0.0764
vn 0.9759 0.0663 -0.2081
vn -0.7004 -0.6781 0.2228
vn 0.7260 -0.6839 -0.0715
vn -0.0218 0.9206 -0.3899
vn 0.8778 0.4788 -0.0176
vn -0.9855 -0.1587 -0.0605
vn 0.3525 0.7082 0.6117
vn 0.3526 0.7074 0.6126
vn 0.3522 0.7053 0.6152
vn -0.2251 -0.0130 0.9743
vn -0.8442 0.2907 -0.4504
vn 0.3815 -0.9145 -0.1346
vn -0.3963 -0.5358 0.7456
vn 0.8623 0.3034 -0.4055
vn -0.4693 0.7850 -0.4045
vn -0.0473 -0.9979 0.0447
vn 0.1198 -0.8104 -0.5736
vn 0.7182 0.6549 -0.2350
vn 0.3919 -0.9012 -0.1851
vn 0.3918 -0.9013 -0.1845
vn 0.4363 -0.1568 -0.8860
vn 0.4374 -0.1582 -0.8852
vn 0.4325 -0.1508 -0.8889
vn 0.2277 0.9718 -0.0611
vn 0.8948 0.0013 -0.4464
vn -0.9568 -0.1762 0.2313
vn -0.9568 -0.1759 0.2315
vn -0.9567 -0.1766 0.2313
vn 0.7462 0.2639 -0.6112
vn -0.9438 0.0835 0.3198
vn 0.8547 -0.1914 0.4826
vn 0.5884 0.7119 0.3833
vn 0.6972 -0.6795 -0.2284
vn 0.6973 -0.6794 -0.2285
vn 0.5749 -0.8089 -0.1234
vn 0.7117 -0.6778 -0.1844
vn -0.1303 0.9912 -0.0219
vn 0.6140 -0.6988 -0.3670
vn -0.2763 0.6834 -0.6758
vn 0.8572 0.5044 -0.1042
vn -0.9421 0.3279 -0.0696
vn -0.7871 0.4410 0.4313
vn 0.9321 0.1890 -0.3091
vn 0.0194 0.5952 -0.8033
vn 0.7750 -0.5787 0.2539
vn 0.7714 -0.5159 0.3726
vn 0.3085 0.6146 -0.7260
vn 0.8764 -0.3436 0.3374
vn 0.8765 -0.3412 0.3396
vn 0.8764 -0.3440 0.3370
vn 0.7562 -0.0121 -0.6542
vn 0.7562 -0.0104 -0.6543
vn 0.7560 -0.0106 -0.6545
vn -0.2694 -0.3750 0.8870
vn 0.0753 0.1957 -0.9778
vn 0.7577 0.4859 0.4357
vn 0.5450 0.8219 -0.1660
vn 0.7572 0.4090 -0.5093
vn 0.7569 0.4107 -0.5083
vn 0.7561 0.4162 -0.5051
vn 0.7770 0.5951 -0.2053
vn 0.5576 0.8297 0.0252
vn 0.5218 0.8126 -0.2596
vn -0.7272 -0.3524 0.5890
vn -0.8703 0.2784 -0.4062
vn 0.9091 0.3310 -0.2529
vn 0.0175 0.9735 0.2278
vn 0.7921 0.1405 0.5940
vn 0.7481 0.6160 -0.2468
vn 0.9638 0.2657 -0.0202
vn 0.8634 0.2708 0.4257
vn 0.9593 0.1585 0.2336
vn 0.4527 -0.8708 0.1916
vn 0.0936 -0.8722 -0.4801
vn 0.9347 0.1959 0.2967
vn 0.6765 0.7004 -0.2277
vn 0.7360 0.2426 -0.6320
vn 0.5629 0.7706 -0.2987
vn 0.9463 0.3224 0.0235
vn 0.7670 -0.6180 0.1724
vn 0.2623 0.1173 -0.9578
vn 0.8977 0.3621 -0.2510
vn 0.8977 0.3615 -0.2519
vn 0.8980 0.3586 -0.2550
vn -0.3923 -0.4407 0.8074
vn 0.0764 0.3326 0.9400
vn 0.8077 0.5313 -0.2555
vn 0.7943 0.2091 -0.5705
vn -0.5478 -0.7308 -0.4072
vn 0.2859 -0.8278 0.4828
vn 0.7346 0.5679 -0.3713
vn 0.8602 0.4751 -0.1851
vn 0.4950 -0.5846 -0.6428
vn 0.3745 0.9106 -0.1747
vn -0.0953 0.5534 0.8274
vn 0.3566 0.8886 -0.2886
vn 0.3558 0.8892 -0.2875
vn 0.3518 0.8928 -0.2812
vn 0.4843 0.8319 -0.2710
vn 0.3450 0.8874 -0.3058
vn 0.3976 0.9125 -0.0966
vn 0.3976 0.9118 -0.1026
vn 0.3989 0.9119 -0.0961
vn 0.8438 0.4186 -0.3357
vn -0.0108 -0.1230 -0.9923
vn 0.7218 0.6434 -0.2550
vn 0.8029 -0.5474 0.2359
vn 0.8029 -0.5473 0.2364
vn 0.8031 -0.5471 0.2361
vn 0.5530 0.8322 -0.0411
vn -0.8791 -0.4422 0.1777
vn -0.8881 0.0053 0.4595
vn -0.8761 -0.3622 -0.3180
vn -0.2809 -0.4319 0.8571
vn -0.1134 0.3940 0.9121
vn 0.8914 0.0900 0.4442
vn 0.4336 0.9011 -0.0081
vn 0.4339 0.9009 -0.0084
vn 0.4338 0.9009 -0.0083
vn -0.4447 -0.8834 -0.1477
vn -0.7452 0.6587 0.1038
vn -0.7589 0.5784 0.2992
vn 0.7227 0.4554 -0.5199
vn 0.4989 0.8631 0.0783
vn 0.4989 0.8631 0.0782
vn 0.4990 0.8631 0.0772
vn 0.3672 0.8631 -0.3467
vn 0.4222 0.9065 0.0027
vn 0.8950 0.3715 -0.2470
vn 0.8920 0.3703 -0.2593
vn 0.8908 0.3766 -0.2541
vn 0.2348 0.9104 -0.3407
vn 0.2836 0.9292 -0.2369
vn 0.3482 0.9184 -0.1879
vn 0.9135 0.3104 -0.2630
vn 0.9525 0.2421 -0.1846
vn 0.8110 0.4895 -0.3203
vn 0.8111 0.4899 -0.3195
vn 0.8116 0.4897 -0.3186
vn 0.5513 0.8320 0.0621
vn 0.5528 0.8313 0.0575
vn 0.5532 0.8309 0.0601
vn 0.3706 0.8449 -0.3857
vn 0.3937 0.9079 -0.1438
vn 0.3945 0.9077 -0.1432
vn 0.3849 0.9115 -0.1447
vn 0.4360 0.8351 -0.3354
vn 0.4347 0.8358 -0.3355
vn 0.4450 0.8301 -0.3360
vn 0.3998 -0.8870 0.2309
vn 0.3628 -0.8466 0.3894
vn 0.3124 0.8565 -0.4110
vn 0.1011 0.9933 -0.0552
vn 0.2120 0.9767 -0.0326
vn 0.3177 0.8494 -0.4214
vn 0.3155 0.8491 -0.4236
vn 0.3145 0.8479 -0.4268
vn 0.2481 0.8274 -0.5039
vn 0.2525 0.8274 -0.5017
vn 0.2587 0.8257 -0.5014
vn 0.2570 0.8271 -0.4998
vn 0.2588 0.8258 -0.5010
vn 0.3904 0.8646 -0.3163
vn 0.3931 0.8655 -0.3105
vn 0.3905 0.8647 -0.3160
vn 0.6076 0.7644 0.2158
vn 0.4444 0.8397 -0.3121
vn -0.9789 0.1458 -0.1434
vn 0.9104 0.3995 0.1078
vn 0.8947 -0.0639 -0.4421
vn 0.8958 -0.0651 -0.4396
vn 0.8971 -0.0668 -0.4367
vn 0.3842 0.8634 -0.3271
vn 0.4703 0.8535 -0.2243
vn 0.9545 0.2879 0.0772
vn 0.3472 0.7906 -0.5044
vn 0.3448 0.7903 -0.5065
vn 0.3452 0.7898 -0.5070
vn 0.8022 0.5015 0.3240
vn 0.9756 0.2146 -0.0468
vn 0.4117 0.8519 -0.3237
vn 0.4645 0.8362 -0.2916
vn 0.4031 0.7884 -0.4647
vn 0.1997 0.9433 -0.2650
vn 0.1991 0.9436 -0.2647
vn 0.1914 0.9436 -0.2703
vn 0.2939 0.8956 -0.3339
vn 0.4826 0.7010 -0.5250
vn 0.2882 0.8516 -0.4378
vn 0.9504 -0.2653 0.1625
vn 0.6758 0.6356 0.3732
vn -0.6485 -0.7581 -0.0694
vn -0.9890 0.0380 -0.1429
vn 0.9308 0.2602 -0.2568
vn 0.0820 0.9965 0.0187
vn 0.7534 0.6575 -0.0099
vn 0.1805 0.4951 0.8499
vn 0.6527 0.6321 -0.4177
vn -0.2961 -0.9281 0.2256
vn 0.0117 0.8094 -0.5871
vn -0.2389 0.7665 -0.5962
vn 0.7672 0.4915 -0.4121
vn -0.3427 -0.8608 0.3762
vn -0.3413 -0.8601 0.3791
vn -0.3431 -0.8610 0.3755
vn 0.6750 0.7378 0.0024
vn -0.1911 0.5945 -0.7810
vn -0.5983 0.7211 -0.3493
vn 0.7159 -0.2247 0.6610
vn 0.0285 0.9444 0.3275
vn 0.5000 0.7756 0.3852
vn -0.8646 0.4632 -0.1948
vn 0.6704 0.7262 0.1526
vn 0.1050 0.7933 -0.5997
vn 0.7706 0.5945 -0.2294
vn 0.5447 0.8290 0.1271
vn 0.5870 0.7314 -0.3470
vn 0.4900 0.1800 0.8529
vn -0.1228 0.8501 0.5120
vn 0.3346 0.8433 -0.4205
vn 0.4189 0.6798 0.6020
vn 0.4252 -0.1093 -0.8985
vn -0.1747 0.2569 -0.9505
vn 0.4665 -0.5148 -0.7192
vn 0.5300 0.8059 -0.2640
vn -0.7146 -0.6403 -0.2817
vn 0.9298 0.3438 0.1318
vn 0.0739 0.5128 0.8553
vn 0.8326 0.5533 0.0257
vn 0.6348 0.6443 0.4265
vn -0.0132 0.6967 0.7172
vn 0.5191 0.6375 -0.5693
vn 0.8642 0.5002 -0.0544
vn 0.7866 0.6038 0.1288
vn 0.3415 0.9054 0.2523
vn 0.6793 0.5513 0.4845
vn 0.6791 0.5500 0.4861
vn 0.6770 0.5456 0.4939
vn 0.6357 0.6502 -0.4160
vn 0.7470 0.5917 -0.3030
vn 0.7468 0.5919 -0.3031
vn 0.7421 0.5978 -0.3033
vn -0.1212 0.9678 -0.2208
vn 0.8743 0.4714 -0.1158
vn 0.7860 0.5446 -0.2927
vn 0.1273 0.6783 0.7237
vn 0.6938 -0.1055 -0.7124
vn 0.7783 0.3701 -0.5072
vn 0.0187 -0.6219 -0.7828
vn 0.6930 0.6304 0.3498
vn 0.5147 0.3418 0.7863
vn 0.6828 0.5416 0.4904
vn 0.8412 0.5348 -0.0793
vn 0.3460 0.8885 -0.3015
vn 0.6718 0.6533 0.3492
vn -0.4632 0.8240 -0.3262
vn 0.6555 0.2441 0.7147
vn 0.0322 0.7625 -0.6462
vn 0.7364 0.6600 -0.1486
vn 0.7363 0.6603 -0.1481
vn 0.7353 0.6618 -0.1462
vn 0.7685 0.5431 -0.3382
vn 0.2066 0.7574 0.6194
vn 0.6645 0.6213 -0.4153
vn 0.9411 0.3053 -0.1454
vn 0.8684 0.4948 -0.0322
vn 0.8687 0.4943 -0.0321
vn 0.8674 0.4965 -0.0345
vn 0.8574 0.4823 -0.1797
vn 0.0549 0.8091 0.5850
vn 0.4306 0.4688 0.7713
vn 0.8951 0.4357 -0.0950
vn 0.8549 0.5152 0.0608
vn 0.8535 0.5173 0.0625
vn 0.8555 0.5140 0.0622
vn 0.9153 0.4003 0.0448
vn 0.9153 0.4004 0.0445
vn 0.9152 0.4006 0.0435
vn 0.3519 0.7045 0.6164
vn 0.8522 0.5196 0.0615
vn 0.8526 0.5190 0.0608
vn 0.8479 0.5295 -0.0254
vn 0.9372 0.3359 -0.0935
vn 0.9080 0.3986 -0.1293
vn 0.8717 0.3706 0.3207
vn 0.9301 0.3357 -0.1489
vn 0.6338 0.4949 -0.5944
vn -0.7185 0.2736 -0.6395
vn -0.0849 0.9152 -0.3939
vn 0.9297 0.3393 -0.1432
vn 0.6383 0.5593 -0.5289
vn 0.6379 0.5597 -0.5290
vn 0.6312 0.5632 -0.5333
vn 0.6779 0.6209 -0.3937
vn 0.3846 0.8483 -0.3639
vn 0.5893 0.5507 -0.5911
vn 0.5725 0.6805 0.4574
vn 0.3844 0.4657 -0.7971
vn 0.1127 0.8881 -0.4456
vn 0.5930 0.6288 -0.5029
vn 0.5026 0.6916 -0.5187
vn 0.8196 0.4478 -0.3574
vn 0.4621 0.6567 0.5960
vn 0.4669 0.6592 0.5895
vn 0.4618 0.6555 0.5975
vn 0.5239 0.5446 -0.6549
vn 0.7905 0.5394 0.2901
vn 0.6055 0.5841 -0.5406
vn 0.4791 0.6733 -0.5631
vn 0.2970 0.6391 -0.7095
vn 0.5306 0.7919 -0.3024
vn 0.5301 0.7918 -0.3032
vn 0.5314 0.7943 -0.2943
vn 0.5577 -0.6800 -0.4761
vn 0.9555 -0.0897 0.2809
vn 0.6246 0.5166 -0.5857
vn -0.0097 0.6841 0.7294
vn 0.7954 0.6044 -0.0457
vn 0.3495 0.7486 -0.5634
vn 0.4317 0.5328 -0.7279
vn 0.4308 0.5327 -0.7284
vn 0.4259 0.5334 -0.7308
vn 0.6898 -0.0773 -0.7198
vn -0.6293 0.5136 -0.5833
vn 0.5214 0.6203 -0.5860
vn 0.5216 0.6210 -0.5851
vn 0.5206 0.6148 -0.5924
vn -0.6012 -0.7841 -0.1542
vn -0.2115 0.4854 0.8483
vn 0.6070 0.4745 -0.6375
vn -0.2220 0.6985 -0.6803
vn -0.1250 -0.0041 -0.9921
vn -0.0495 0.6938 0.7184
vn 0.8833 0.2631 -0.3879
vn 0.0697 0.9049 -0.4198
vn 0.0646 0.9074 -0.4153
vn 0.0700 0.9046 -0.4204
vn 0.9207 0.3890 0.0311
vn 0.8357 0.4717 0.2813
vn 0.3162 0.9057 -0.2823
vn 0.5338 0.7639 -0.3626
vn 0.4742 0.7751 -0.4176
vn -0.5347 -0.8076 0.2487
vn 0.3410 0.9101 -0.2354
vn 0.7727 0.4879 -0.4061
vn 0.7256 0.4718 -0.5009
vn 0.8177 -0.5429 0.1913
vn 0.7912 0.5915 -0.1554
vn -0.0063 -0.8575 0.5144
vn 0.9492 0.0110 0.3145
vn 0.9021 -0.2401 -0.3585
vn -0.9231 -0.0751 0.3771
vn 0.8384 0.4539 -0.3017
vn 0.5938 0.5723 0.5656
vn 0.2768 -0.8330 0.4790
vn -0.7746 0.2432 0.5839
vn -0.6553 0.5344 -0.5339
vn 0.0393 0.9350 0.3524
vn -0.0987 0.9183 0.3834
vn -0.9214 0.3778 0.0912
vn -0.9223 0.3763 0.0874
vn -0.9225 0.3761 0.0869
vn 0.7140 -0.3735 0.5922
vn 0.7133 -0.6081 0.3485
vn 0.8004 0.5994 0.0127
vn 0.6530 -0.5479 0.5228
vn 0.6613 0.7501 -0.0100
vn 0.6796 0.5139 -0.5235
vn 0.6788 0.5154 -0.5231
vn 0.6798 0.5137 -0.5234
vn 0.7372 -0.4205 0.5289
vn 0.0811 0.9577 -0.2761
vn -0.7332 -0.2689 0.6247
vn 0.3260 -0.9453 -0.0071
vn -0.6942 -0.0393 -0.7187
vn -0.1250 -0.8608 0.4933
vn 0.1132 -0.8690 0.4816
vn 0.2549 -0.9394 0.2293
vn -0.0721 -0.5375 0.8402
vn -0.2414 -0.0974 -0.9655
vn 0.0166 -0.1740 0.9846
vn 0.0847 -0.4535 0.8872
vn 0.5356 0.8340 0.1329
vn -0.8839 0.4355 -0.1704
vn 0.6113 0.7839 -0.1092
vn 0.8321 -0.1239 0.5407
vn 0.7490 0.5234 -0.4062
vn 0.9512 -0.2174 0.2190
vn 0.1920 -0.1690 0.9667
vn 0.6796 -0.6937 0.2386
vn 0.6190 0.7758 0.1226
vn -0.7200 -0.4401 0.5366
vn 0.4429 -0.6052 -0.6615
vn 0.9426 0.1578 0.2942
vn 0.7015 0.6758 0.2262
vn 0.6126 0.7807 0.1235
vn 0.0947 0.3814 0.9195
vn 0.6063 0.7098 -0.3586
vn 0.6072 0.7088 -0.3590
vn 0.6101 0.7058 -0.3601
vn 0.7282 0.4400 0.5255
vn 0.0737 0.9917 -0.1053
vn 0.4583 -0.5252 0.7170
vn -0.3595 -0.4134 0.8366
vn -0.9188 0.3851 -0.0867
vn -0.6728 0.6770 -0.2984
vn -0.9821 0.1877 -0.0187
vn 0.8361 0.5460 -0.0528
vn 0.9775 0.2007 0.0655
vn -0.2743 0.6974 -0.6621
vn 0.1098 0.5772 -0.8092
vn 0.6784 0.5635 -0.4715
vn 0.8568 -0.4883 -0.1656
vn 0.9135 -0.3612 -0.1873
vn 0.9200 0.3877 -0.0581
vn 0.7846 -0.0836 -0.6143
vn 0.5674 -0.7614 -0.3136
vn 0.3001 0.9351 0.1883
vn -0.0930 0.7273 -0.6799
vn -0.1937 0.8445 -0.4993
vn -0.9251 0.3155 -0.2112
vn -0.7916 0.2284 -0.5667
vn -0.8390 0.4301 -0.3334
vn -0.5688 0.6963 -0.4377
vn 0.8656 0.2899 -0.4082
vn 0.8201 0.5498 0.1585
vn 0.9544 -0.2294 0.1911
vn 0.9545 -0.2291 0.1910
vn 0.9541 -0.2293 0.1928
vn -0.4237 -0.7531 0.5034
vn 0.7558 0.5525 -0.3515
vn -0.0436 0.6892 -0.7233
vn -0.2031 0.7811 -0.5904
vn -0.3490 -0.7671 0.5384
vn 0.0818 0.6436 -0.7610
vn -0.6671 0.7450 0.0003
vn 0.3834 -0.8518 0.3571
vn -0.3162 0.8494 -0.4226
vn 0.4269 0.5029 -0.7516
vn -0.7051 0.7091 -0.0065
vn 0.4916 -0.1207 0.8624
vn 0.1944 0.9691 -0.1521
vn -0.2330 0.7646 -0.6009
vn 0.9426 0.0138 0.3338
vn 0.1735 -0.8259 0.5365
vn -0.8387 -0.4888 -0.2402
vn -0.9877 0.1466 0.0550
vn -0.9902 0.1141 0.0812
vn -0.9903 0.1122 0.0821
vn -0.9903 0.1132 0.0807
vn 0.3738 0.8405 -0.3921
vn 0.3734 0.8406 -0.3924
vn 0.3747 0.8411 -0.3901
vn -0.7136 -0.6759 0.1841
vn 0.7514 0.5817 -0.3115
vn 0.7529 0.5798 -0.3114
vn 0.7559 0.5744 -0.3142
vn 0.3602 -0.1549 -0.9199
vn -0.2501 -0.9682 -0.0089
vn 0.3823 0.7793 -0.4966
vn -0.3782 0.5497 -0.7448
vn -0.3771 0.5498 -0.7453
vn -0.3788 0.5537 -0.7416
vn -0.3701 -0.9255 -0.0803
vn -0.3988 0.7734 -0.4928
vn 0.0570 0.9724 -0.2261
vn -0.0139 0.1030 -0.9946
vn -0.9467 -0.2949 0.1296
vn -0.9468 -0.2950 0.1290
vn -0.9473 -0.2949 0.1253
vn 0.8192 -0.1358 0.5571
vn 0.5123 0.7814 -0.3562
vn 0.8756 0.0052 0.4830
vn 0.4908 0.8449 0.2128
vn -0.2506 -0.9681 0.0041
vn 0.2806 0.1227 0.9519
vn -0.3943 0.9145 0.0908
vn 0.5216 -0.3389 0.7830
vn -0.6559 0.2080 0.7257
vn -0.6574 0.2078 0.7244
vn -0.6554 0.2082 0.7260
vn -0.1683 0.1953 0.9662
vn 0.3299 0.8719 -0.3619
vn -0.9369 0.3492 0.0152
vn 0.3056 -0.8642 -0.3997
vn 0.2857 0.0481 -0.9571
vn -0.2723 0.9065 -0.3226
vn 0.3992 -0.7984 -0.4507
vn -0.9082 -0.0906 0.4087
vn 0.3478 -0.4285 0.8339
vn 0.0953 -0.6829 0.7243
vn -0.8931 0.4490 -0.0282
vn -0.9498 0.2917 -0.1134
vn 0.5340 -0.5102 0.6742
vn 0.0663 0.9955 0.0671
vn 0.3161 -0.4807 -0.8179
vn 0.4560 0.7836 -0.4220
vn 0.4962 0.6267 -0.6009
vn -0.5511 0.6683 -0.4997
vn -0.5504 0.6684 -0.5002
vn -0.5515 0.6679 -0.4997
vn -0.9421 0.2177 0.2552
vn 0.2969 0.9129 -0.2800
vn 0.8857 -0.2471 -0.3930
vn 0.8506 -0.4146 -0.3235
vn 0.3975 0.9061 -0.1447
vn 0.8296 -0.4803 -0.2848
vn 0.8309 0.0673 0.5523
vn 0.5688 0.8218 0.0328
vn -0.6535 0.7487 0.1112
vn 0.6170 0.7818 -0.0903
vn 0.7957 0.4738 -0.3774
vn -0.6302 0.6354 0.4463
vn -0.6277 0.6975 -0.3456
vn -0.6273 0.6983 -0.3447
vn -0.6279 0.6975 -0.3454
vn -0.9566 0.2684 -0.1137
vn -0.9226 0.3678 -0.1164
vn -0.9227 0.3677 -0.1162
vn -0.9237 0.3656 -0.1145
vn -0.9180 0.3730 0.1343
vn -0.9880 0.1395 -0.0655
vn 0.9641 -0.1958 -0.1794
vn -0.9868 -0.0749 -0.1437
vn -0.9903 0.1122 0.0825
vn -0.9713 0.0609 0.2299
vn 0.5709 -0.6606 0.4876
vn 0.9691 0.2032 0.1397
vn -0.6379 0.7360 -0.2266
vn 0.3401 0.0814 -0.9369
vn 0.1449 0.2582 -0.9552
vn -0.6794 0.6915 -0.2455
vn -0.6801 0.6921 -0.2417
vn -0.6807 0.6925 -0.2390
vn -0.0572 0.5483 -0.8343
vn 0.0150 0.6820 -0.7312
vn -0.5605 0.5533 0.6161
vn -0.3983 0.5864 -0.7054
vn 0.1227 0.8712 -0.4754
vn 0.1323 0.8475 0.5140
vn -0.0824 0.9921 0.0945
vn -0.0894 0.9868 -0.1349
vn -0.2714 0.9545 -0.1236
vn -0.3275 0.9394 0.1014
vn 0.0611 0.9819 -0.1794
vn -0.0066 0.6294 -0.7771
vn -0.3355 0.8898 0.3093
vn -0.0793 0.9454 0.3160
vn 0.0735 0.9706 0.2292
vn 0.3723 0.9063 0.2000
vn 0.1962 0.9671 -0.1618
vn -0.0590 0.8487 0.5256
vn -0.0813 0.9212 0.3806
vn -0.3096 0.8763 0.3691
vn -0.3314 0.8678 0.3702
vn -0.8443 0.4625 0.2706
vn -0.6523 0.7533 0.0838
vn -0.6717 0.6933 -0.2610
vn -0.6717 0.6933 -0.2611
vn -0.6714 0.6937 -0.2609
vn -0.7812 0.4692 0.4118
vn -0.7846 0.4678 0.4069
vn -0.7785 0.4750 0.4104
vn -0.9102 0.4117 0.0442
vn -0.8690 0.4296 0.2456
vn -0.7448 0.6190 0.2493
vn -0.6273 0.6968 0.3477
vn -0.6505 0.6544 0.3854
vn -0.7163 0.5647 0.4100
vn -0.7300 0.5606 0.3909
vn -0.4407 0.7381 0.5110
vn -0.5145 0.8056 0.2937
vn -0.5176 0.7801 0.3515
vn -0.6561 0.6881 0.3100
vn -0.7690 0.5400 0.3419
vn -0.7389 0.6098 0.2866
vn -0.7400 0.6103 0.2828
vn -0.7419 0.6089 0.2809
vn -0.8639 0.4101 0.2925
vn -0.8186 0.5570 0.1400
vn -0.8115 0.5670 0.1414
vn -0.8113 0.5677 0.1401
vn -0.7963 0.5368 0.2787
vn -0.7987 0.5482 0.2480
vn -0.7984 0.5488 0.2476
vn -0.7991 0.5477 0.2478
vn -0.7699 0.5732 0.2806
vn -0.7511 0.6255 0.2113
vn -0.6736 0.6139 0.4115
vn -0.6784 0.6450 0.3517
vn -0.7393 0.5870 0.3299
vn -0.7196 0.5884 0.3688
vn -0.4537 0.6103 0.6494
vn -0.4256 0.8308 0.3587
vn -0.1159 0.1461 -0.9825
vn -0.1148 0.1521 -0.9817
vn -0.1142 0.1553 -0.9812
vn 0.1059 -0.1312 -0.9857
vn -0.2810 0.9597 -0.0045
vn -0.0882 0.9895 -0.1145
vn 0.2549 -0.1469 -0.9557
vn -0.5004 0.7991 0.3331
vn -0.1222 0.4710 -0.8736
vn -0.1197 0.4715 -0.8737
vn -0.1188 0.4717 -0.8737
vn 0.0678 -0.1982 -0.9778
vn -0.0101 -0.0978 -0.9952
vn -0.1518 0.4526 -0.8787
vn -0.1586 0.4533 -0.8771
vn -0.1600 0.4534 -0.8768
vn -0.1940 -0.0847 -0.9773
vn -0.2125 0.4418 -0.8716
vn -0.2119 0.4420 -0.8716
vn -0.2131 0.4415 -0.8716
vn -0.2384 0.2905 -0.9267
vn -0.2208 0.4434 -0.8687
vn -0.2234 0.4438 -0.8678
vn 0.3113 -0.3071 0.8993
vn -0.5686 -0.7775 0.2688
vn -0.6303 0.7367 -0.2449
vn -0.6312 0.7373 -0.2410
vn -0.6300 0.7364 -0.2465
vn -0.7226 0.6363 -0.2701
vn -0.6496 0.5898 -0.4797
vn -0.6457 0.5933 -0.4806
vn -0.6458 0.5933 -0.4806
vn -0.6705 0.7040 -0.2343
vn 0.5255 0.3143 0.7906
vn 0.4217 0.2821 0.8618
vn 0.0988 0.5678 0.8172
vn 0.0990 0.5673 0.8176
vn 0.0983 0.5657 0.8187
vn 0.1276 0.6407 0.7571
vn -0.9123 0.4086 -0.0267
vn -0.7027 0.4291 -0.5675
vn -0.7036 0.4280 -0.5672
vn -0.7026 0.4293 -0.5674
vn -0.7836 0.5302 -0.3238
vn -0.0104 0.1161 -0.9932
vn -0.1022 0.2749 -0.9560
vn -0.1029 0.2740 -0.9562
vn -0.1016 0.2755 -0.9559
vn -0.6955 0.5862 -0.4156
vn 0.0169 0.5694 -0.8219
vn 0.3541 0.0580 -0.9334
vn 0.3942 0.0008 -0.9190
vn 0.0221 0.5817 -0.8131
vn -0.0668 0.4725 -0.8788
vn -0.0002 0.2908 -0.9568
vn 0.0803 0.1823 -0.9800
vn -0.0709 0.4137 -0.9076
vn -0.1486 0.4442 -0.8835
vn 0.0292 0.7442 -0.6673
vn 0.1671 0.9856 0.0263
vn 0.3248 0.9306 -0.1686
vn 0.1887 0.7952 -0.5762
vn 0.0801 0.8566 -0.5098
vn 0.4839 0.5920 0.6445
vn 0.3320 0.7097 0.6214
vn 0.1792 0.9240 0.3379
vn 0.1637 0.7974 0.5808
vn -0.8529 0.5037 0.1376
vn -0.8833 0.4688 -0.0018
vn -0.7621 0.6466 0.0337
vn -0.7983 0.5939 0.1005
vn -0.7891 0.5886 0.1755
vn -0.6285 0.7629 0.1518
vn -0.7828 0.6092 0.1265
vn -0.7311 0.6593 0.1756
vn -0.7312 0.6594 0.1748
vn -0.7325 0.6600 0.1669
vn -0.7086 0.6818 -0.1820
vn -0.4462 0.8045 -0.3920
vn -0.4770 0.8725 -0.1058
vn -0.6426 0.7576 -0.1147
vn -0.8470 0.4870 0.2131
vn -0.6738 0.5474 0.4964
vn -0.7562 0.4491 0.4758
vn -0.8163 0.5530 0.1669
vn -0.8243 0.5660 0.0114
vn -0.8237 0.5670 -0.0021
vn -0.8183 0.5747 0.0059
vn -0.8602 0.5005 0.0974
vn -0.8279 0.5519 -0.0995
vn -0.7694 0.6319 -0.0931
vn 0.0261 0.8483 0.5289
vn 0.5567 0.5277 0.6416
vn -0.0471 0.3578 0.9326
vn -0.2477 0.7492 0.6143
vn 0.5190 -0.0309 0.8542
vn 0.5252 -0.1894 0.8296
vn -0.7833 0.6104 0.1175
vn -0.1626 0.3949 0.9042
vn 0.4969 -0.2284 0.8372
vn 0.4472 0.0037 0.8944
vn -0.5675 0.8233 0.0032
vn -0.7012 0.7027 -0.1208
vn 0.0818 0.5616 0.8234
vn -0.1414 0.3073 0.9410
vn -0.4158 0.3985 0.8175
vn -0.4272 0.4044 0.8087
vn 0.0928 0.5123 0.8538
vn -0.1196 0.5942 0.7954
vn -0.1647 0.3058 0.9377
vn -0.2685 0.3351 0.9031
vn -0.2544 0.3208 0.9123
vn -0.0246 0.2441 0.9694
vn -0.4273 -0.8971 -0.1125
vn 0.3575 -0.2363 0.9035
vn 0.4606 -0.1684 0.8715
vn 0.4602 -0.1640 0.8725
vn 0.4608 -0.1693 0.8712
vn -0.0246 0.3913 0.9200
vn -0.0306 0.3873 0.9214
vn -0.0232 0.3922 0.9196
vn -0.0520 0.3651 0.9295
vn -0.0568 0.3635 0.9298
vn -0.0506 0.3653 0.9295
vn -0.5841 -0.7114 -0.3909
vn -0.5887 -0.7596 0.2763
vn -0.3224 0.3476 0.8805
vn -0.3219 0.3473 0.8808
vn -0.3204 0.3462 0.8817
vn -0.1530 0.4600 0.8747
vn -0.3344 0.6146 0.7145
vn -0.4919 0.2636 0.8298
vn 0.1643 0.9861 -0.0240
vn 0.3113 0.9466 -0.0842
vn 0.3168 0.9447 -0.0853
vn 0.3162 0.9453 -0.0800
vn -0.1279 0.6833 0.7189
vn 0.3700 0.9290 0.0040
vn 0.2970 0.9386 0.1755
vn 0.0741 0.6746 0.7344
vn -0.0091 0.1337 0.9910
vn -0.0830 0.9956 0.0437
vn 0.4629 0.8070 -0.3667
vn 0.3902 0.8912 -0.2314
vn 0.1002 0.8834 -0.4578
vn 0.0810 0.8552 -0.5119
vn 0.1071 0.6304 -0.7688
vn 0.1900 0.9503 -0.2467
vn 0.1213 0.9832 0.1366
vn -0.0226 0.3956 -0.9181
vn -0.1000 0.6205 -0.7778
vn -0.0762 0.8579 -0.5082
vn 0.2291 0.9181 0.3236
vn -0.5693 0.3832 0.7274
vn -0.0607 0.4069 -0.9114
vn 0.1598 0.9375 -0.3091
vn -0.1984 0.5352 -0.8211
vn -0.3322 0.5065 -0.7957
vn -0.2532 0.4433 -0.8599
vn -0.2543 0.4436 -0.8594
vn -0.2511 0.4424 -0.8609
vn -0.2272 0.3213 -0.9193
vn -0.2349 0.3290 -0.9146
vn -0.2331 0.3276 -0.9156
vn 0.1575 0.9596 -0.2330
vn 0.3243 0.8603 -0.3932
vn 0.3226 0.8586 -0.3984
vn 0.3222 0.8589 -0.3981
vn 0.3292 0.9012 -0.2820
vn 0.3542 0.8435 -0.4038
vn 0.3544 0.8432 -0.4043
vn 0.3544 0.8434 -0.4038
vn 0.5708 0.7204 -0.3940
vn 0.4926 0.8488 -0.1921
vn 0.4935 0.8500 -0.1844
vn 0.4935 0.8503 -0.1830
vn 0.0912 0.9587 -0.2693
vn 0.1638 0.9720 -0.1687
vn 0.1621 0.9724 -0.1677
vn 0.1569 0.9732 -0.1679
vn 0.2912 0.9526 -0.0877
vn -0.1165 0.9874 -0.1070
vn 0.0431 0.9330 0.3574
vn 0.0500 0.9238 0.3797
vn 0.0496 0.9250 0.3768
vn 0.0502 0.9230 0.3815
vn 0.0243 0.9705 -0.2398
vn 0.1699 0.9718 0.1634
vn 0.2144 0.9749 0.0594
vn 0.2144 0.9749 0.0593
vn 0.2143 0.9750 0.0593
vn 0.0572 0.9688 -0.2412
vn 0.0578 0.9707 -0.2333
vn 0.0574 0.9703 -0.2349
vn -0.1938 0.7598 0.6206
vn -0.2397 0.8599 0.4508
vn -0.2104 0.9381 0.2752
vn -0.1617 0.9177 0.3628
vn -0.6089 0.7685 -0.1966
vn -0.6083 0.7711 -0.1882
vn -0.6082 0.7716 -0.1864
vn 0.0564 0.5813 -0.8117
vn -0.7521 0.6494 0.1120
vn -0.7486 0.6537 0.1106
vn -0.7543 0.6471 0.1108
vn -0.7034 0.7068 -0.0754
vn -0.7033 0.7069 -0.0755
vn -0.7032 0.7069 -0.0755
vn -0.6608 0.7505 -0.0058
vn -0.7099 0.6854 0.1623
vn -0.6949 0.6754 0.2469
vn -0.6675 0.7428 0.0525
vn -0.5776 0.8062 0.1282
vn -0.6543 0.6750 0.3409
vn -0.4324 0.7221 0.5401
vn -0.4284 0.7198 0.5463
vn -0.4266 0.7192 0.5485
vn -0.3373 0.7999 0.4963
vn -0.6725 0.7301 0.1210
vn -0.6708 0.7315 0.1223
vn -0.6747 0.7284 0.1194
vn -0.5902 0.7982 0.1204
vn -0.5772 0.7742 0.2598
vn -0.6636 0.7331 0.1491
vn -0.2146 0.9759 0.0387
vn -0.2147 0.9759 0.0387
vn -0.6498 0.7468 0.1416
vn -0.6035 0.5883 0.5383
vn -0.1206 0.9736 0.1938
vn -0.1949 0.9696 -0.1481
vn -0.4313 0.8253 -0.3645
vn -0.5070 0.7777 -0.3718
vn 0.0319 0.9191 -0.3928
vn 0.0333 0.9174 -0.3965
vn 0.0338 0.9195 -0.3915
vn 0.0679 0.9259 0.3717
vn -0.0704 0.9935 0.0897
vn -0.1014 0.9828 -0.1542
vn -0.1684 0.9723 -0.1621
vn -0.4140 0.6659 -0.6206
vn 0.1544 0.9814 -0.1142
vn -0.6149 -0.7104 0.3424
vn -0.5763 -0.7822 0.2367
vn -0.4748 0.7773 0.4129
vn -0.7113 0.7028 -0.0098
vn -0.6391 0.7653 0.0766
vn -0.5852 0.7099 0.3920
vn -0.5727 0.7115 0.4071
vn -0.5859 0.7269 0.3583
vn -0.5862 0.7272 0.3571
vn -0.5852 0.7261 0.3609
vn -0.5483 0.7828 0.2943
vn -0.5852 0.7259 0.3615
vn -0.5852 0.7258 0.3615
vn -0.6291 0.6366 0.4461
vn -0.6305 0.6353 0.4460
vn -0.6297 0.6398 0.4406
vn -0.7333 0.6377 0.2360
vn -0.6166 0.6856 0.3869
vn -0.6166 0.6858 0.3865
vn -0.6168 0.6854 0.3871
vn -0.6173 0.6531 0.4386
vn -0.6178 0.6529 0.4382
vn -0.6169 0.6492 0.4449
vn -0.3577 0.4454 0.8208
vn -0.3581 0.4440 0.8214
vn -0.3583 0.4435 0.8215
vn -0.3548 0.5230 0.7749
vn -0.0939 0.5955 0.7979
vn -0.0984 0.5918 0.8000
vn -0.0923 0.5969 0.7970
vn -0.0829 0.6230 0.7778
vn -0.4228 0.5068 0.7512
vn -0.4208 0.6072 0.6740
vn 0.3324 0.8786 -0.3429
vn 0.4090 0.8313 -0.3763
vn 0.1691 0.9591 -0.2271
vn 0.1751 0.8919 -0.4169
vn 0.4295 0.8995 -0.0803
vn -0.5936 -0.4915 -0.6373
vn -0.5935 -0.4917 -0.6372
vn -0.5933 -0.4918 -0.6372
vn -0.3181 0.8074 -0.4970
vn -0.5595 0.6580 -0.5040
vn -0.3525 0.9113 0.2127
vn -0.4587 0.8337 0.3075
vn -0.5355 0.8290 0.1610
vn -0.7122 0.6990 -0.0649
vn -0.7121 0.6992 -0.0630
vn -0.7121 0.6990 -0.0652
vn -0.5581 0.7629 0.3263
vn -0.5697 0.7119 0.4105
vn -0.7890 0.6139 -0.0225
vn -0.6076 0.6645 0.4350
vn -0.6079 0.6645 0.4346
vn -0.6080 0.6645 0.4346
vn -0.8202 0.5398 0.1895
vn -0.8206 0.5715 -0.0068
vn -0.8184 0.5747 0.0031
vn 0.0316 0.8654 0.5001
vn -0.1386 0.9293 0.3423
vn 0.1810 0.9164 0.3569
vn 0.0409 0.7380 0.6736
vn 0.0113 0.6482 0.7614
vn -0.6114 -0.7429 -0.2725
vn -0.6685 0.6315 -0.3930
vn -0.6689 0.6313 -0.3925
vn -0.6673 0.6326 -0.3931
vn -0.4687 0.7524 0.4628
vn -0.2097 0.7360 0.6437
vn -0.0695 0.7676 0.6372
vn -0.0699 0.7669 0.6379
vn -0.0695 0.7675 0.6373
vn -0.2438 0.8630 0.4425
vn -0.5549 0.6684 0.4953
vn -0.6176 0.6438 0.4517
vn -0.5959 0.6874 0.4152
vn -0.5346 0.7269 0.4311
vn -0.6213 0.6354 0.4586
vn -0.6002 0.6616 0.4496
vn -0.6197 0.6558 0.4312
vn 0.4458 0.8946 -0.0294
vn -0.6212 0.7401 0.2576
vn 0.8003 0.1596 0.5779
vn 0.9008 0.2585 -0.3488
vn -0.0485 0.6633 -0.7468
vn -0.8579 -0.4228 -0.2920
vn -0.3133 -0.7936 0.5215
vn 0.9740 -0.1845 -0.1317
vn -0.2325 0.9638 0.1303
vn 0.3120 -0.9420 -0.1238
vn -0.9571 -0.2865 0.0433
vn -0.9904 0.1384 0.0016
vn 0.8849 0.4656 0.0102
vn -0.9297 -0.2218 0.2939
vn 0.7299 -0.3440 -0.5907
vn -0.6460 -0.7401 -0.1870
vn 0.4766 -0.7912 -0.3832
vn 0.4487 0.7863 0.4247
vn 0.4479 0.7872 0.4239
vn 0.4509 0.7835 0.4277
vn -0.6135 0.7746 0.1538
vn -0.6171 0.7726 0.1492
vn -0.6124 0.7751 0.1552
vn 0.9587 -0.0763 -0.2739
vn 0.4499 -0.8826 0.1364
vn -0.2138 -0.5550 0.8039
vn 0.4043 0.8964 0.1817
vn -0.7883 -0.1278 0.6019
vn -0.7873 -0.1296 0.6028
vn -0.7916 -0.1229 0.5986
vn 0.3094 -0.9040 -0.2951
vn -0.4291 0.6070 -0.6689
vn -0.8952 -0.2056 -0.3954
vn -0.6063 0.6088 -0.5116
vn 0.3402 0.2927 0.8936
vn 0.2944 0.5493 0.7820
vn 0.7476 0.2545 0.6135
vn 0.6262 -0.2698 0.7315
vn 0.5446 0.3280 -0.7719
vn -0.3927 0.7875 -0.4751
vn -0.4236 -0.5210 0.7410
vn -0.8047 0.4779 0.3522
vn 0.1417 0.7730 0.6184
vn 0.6854 0.5066 0.5230
vn 0.6851 0.5078 0.5222
vn 0.7476 0.4069 0.5248
vn 0.2910 0.6419 0.7094
vn -0.9307 0.1978 -0.3077
vn -0.9255 0.1213 -0.3587
vn 0.6427 -0.7658 0.0212
vn -0.9373 0.2189 0.2710
vn 0.5738 -0.8182 -0.0350
vn 0.4265 -0.4076 0.8074
vn 0.6359 -0.5187 -0.5715
vn 0.6335 -0.5224 -0.5708
vn 0.6305 -0.5266 -0.5702
vn 0.1479 -0.8217 0.5504
vn -0.8518 -0.4947 -0.1726
vn 0.3902 0.8081 0.4413
vn -0.7347 0.6064 0.3043
vn -0.9346 0.3250 0.1445
vn 0.6269 -0.7696 0.1213
vn 0.6657 -0.7117 0.2244
vn 0.7757 -0.6205 0.1151
vn 0.6845 -0.7213 0.1058
vn -0.2094 0.6361 -0.7427
vn -0.2092 0.6361 -0.7427
vn -0.5788 0.6095 -0.5418
vn -0.5986 0.6922 -0.4033
vn -0.0430 0.7743 -0.6314
vn 0.6088 0.6691 -0.4263
vn 0.9089 -0.3371 0.2454
vn 0.5361 -0.5964 0.5973
vn 0.2799 -0.6948 0.6626
vn 0.4578 -0.3262 0.8271
vn -0.1372 -0.5951 0.7919
vn 0.2136 -0.1229 -0.9692
vn 0.2408 -0.9320 -0.2710
vn -0.6841 0.6015 -0.4127
vn 0.3135 -0.7467 0.5866
vn -0.6636 0.7450 0.0683
vn -0.0679 -0.9725 -0.2227
vn -0.9986 -0.0011 -0.0526
vn 0.7324 0.5835 -0.3509
vn -0.6355 -0.7512 0.1784
vn -0.6373 -0.7501 0.1767
vn -0.6397 -0.7471 0.1807
vn -0.9131 0.3857 0.1326
vn -0.9112 -0.0893 0.4022
vn 0.1202 -0.9153 0.3844
vn -0.0133 -0.0980 -0.9951
vn -0.3018 -0.8664 0.3978
vn -0.1083 -0.9682 0.2257
vn -0.3446 0.8672 -0.3595
vn 0.3615 -0.9033 0.2311
vn 0.3386 0.9396 0.0503
vn -0.0320 -0.6788 0.7337
vn -0.3449 -0.9360 0.0702
vn 0.1719 0.0059 -0.9851
vn -0.9762 0.1917 -0.1015
vn -0.6655 -0.7337 -0.1370
vn 0.6562 -0.2141 -0.7236
vn -0.9008 -0.2113 0.3794
vn 0.1185 0.4852 -0.8663
vn 0.1165 0.4853 -0.8665
vn 0.1195 0.4851 -0.8662
vn 0.4790 0.0442 0.8767
vn -0.8391 0.5439 -0.0121
vn -0.7485 0.6488 -0.1372
vn -0.6390 0.6541 0.4047
vn -0.4580 0.6351 -0.6220
vn -0.0061 0.3896 -0.9210
vn -0.0061 0.3896 -0.9209
vn 0.8342 -0.1866 0.5189
vn 0.3634 0.0172 -0.9315
vn 0.8617 0.4651 -0.2029
vn 0.8617 0.4660 -0.2010
vn 0.8620 0.4651 -0.2015
vn 0.6725 -0.7324 -0.1062
vn 0.6691 -0.7356 -0.1059
vn 0.6733 -0.7317 -0.1063
vn 0.9515 -0.2068 0.2280
vn 0.8681 0.4937 -0.0522
vn -0.4387 -0.1607 -0.8842
vn -0.7868 0.5587 -0.2624
vn 0.6326 0.7043 -0.3221
vn -0.5963 -0.6338 0.4926
vn -0.1847 -0.9435 0.2751
vn -0.9263 0.3762 -0.0206
vn 0.8447 0.4999 -0.1912
vn 0.4402 0.7367 0.5133
vn 0.0710 -0.9468 0.3138
vn 0.3057 -0.9516 0.0300
vn 0.2892 -0.9573 0.0027
vn 0.2546 -0.9663 0.0389
vn 0.4175 -0.6964 0.5837
vn 0.2440 -0.4793 0.8431
vn 0.3336 -0.2727 0.9024
vn 0.5295 -0.3516 0.7720
vn 0.5233 -0.3534 0.7754
vn 0.5221 -0.3540 0.7760
vn -0.0877 0.4875 0.8687
vn -0.5301 -0.8184 0.2218
vn -0.9821 -0.1882 -0.0094
vn 0.4305 -0.8424 0.3241
vn -0.0410 -0.8798 0.4736
vn -0.0935 -0.9712 0.2192
vn -0.2436 -0.8678 0.4330
vn -0.7338 -0.4725 0.4882
vn 0.3614 -0.7512 0.5523
vn -0.2382 -0.8631 0.4453
vn -0.2383 -0.8631 0.4454
vn 0.3890 0.9204 -0.0402
vn 0.5432 0.7117 0.4455
vn 0.8311 0.2431 0.5002
vn -0.7083 0.6171 -0.3428
vn 0.8855 0.3451 -0.3110
vn -0.5537 -0.7117 -0.4322
vn 0.2439 0.7279 -0.6409
vn 0.4646 0.8409 0.2775
vn 0.5642 0.8252 -0.0270
vn 0.8554 0.5149 -0.0569
vn 0.3574 0.9338 0.0142
vn -0.1107 0.8903 -0.4418
vn -0.8041 0.5410 0.2465
vn -0.8086 0.5352 0.2443
vn -0.8037 0.5418 0.2461
vn -0.8266 0.5601 -0.0552
vn -0.3714 -0.8655 0.3361
vn -0.3757 -0.8638 0.3357
vn -0.3701 -0.8660 0.3363
vn 0.1116 0.6834 -0.7215
vn 0.9331 0.3194 -0.1651
vn -0.6887 0.6746 0.2655
vn 0.1357 -0.9337 0.3312
vn -0.3631 0.7231 -0.5876
vn -0.5516 0.6681 -0.4994
vn -0.7523 0.5951 -0.2827
vn -0.8452 0.4674 -0.2590
vn -0.8422 0.4688 -0.2663
vn -0.8447 0.4676 -0.2604
vn -0.9406 0.2042 -0.2712
vn -0.8231 0.3742 -0.4272
vn -0.9661 -0.2122 0.1468
vn -0.9662 -0.2100 0.1494
vn -0.9664 -0.2103 0.1477
vn 0.7765 -0.5836 0.2376
vn -0.4849 0.7884 -0.3785
vn -0.6431 -0.4695 0.6050
vn 0.3660 -0.9272 -0.0794
vn 0.2042 0.9323 -0.2985
vn -0.2108 0.9640 -0.1624
vn 0.0542 0.9156 -0.3985
vn -0.7174 -0.5938 0.3642
vn -0.1692 0.9697 -0.1764
vn 0.2438 0.7831 -0.5722
vn 0.9706 0.2406 -0.0088
vn 0.6313 0.2522 0.7333
vn 0.1993 0.8867 0.4173
vn -0.6822 0.5820 -0.4426
vn 0.0807 0.6503 -0.7554
vn -0.0273 0.8070 -0.5900
vn -0.2852 0.7717 -0.5684
vn -0.1106 0.6722 -0.7321
vn -0.2704 0.9087 -0.3180
vn 0.0659 0.9767 -0.2044
vn -0.1743 0.9846 0.0137
vn -0.5899 0.8011 -0.1016
vn -0.8253 0.3195 -0.4657
vn -0.0422 -0.7169 0.6959
vn 0.6445 0.4604 0.6105
vn -0.8824 0.0822 0.4632
vn -0.7907 0.2729 0.5481
vn -0.5493 0.0555 0.8338
vn -0.7733 -0.0667 0.6305
vn 0.2144 -0.9728 0.0876
vn -0.2805 -0.6790 -0.6785
vn 0.9796 0.1869 0.0743
vn 0.5105 0.8530 0.1087
vn -0.9374 0.0734 -0.3404
vn -0.6128 -0.7892 0.0410
vn 0.4261 -0.7249 0.5413
vn 0.0903 0.5466 -0.8325
vn 0.5482 0.7673 0.3326
vn 0.4869 0.8569 -0.1696
vn 0.4873 0.8566 -0.1698
vn 0.4941 0.8511 -0.1775
vn -0.9195 0.3591 -0.1602
vn -0.7861 0.6143 -0.0688
vn -0.8292 0.4571 -0.3218
vn 0.6980 0.7094 0.0977
vn -0.9004 0.3701 0.2287
vn 0.2954 -0.9260 0.2353
vn 0.0815 0.7192 -0.6900
vn 0.1823 0.8952 -0.4068
vn 0.1861 0.8928 -0.4102
vn 0.1828 0.8955 -0.4057
vn -0.9372 0.0614 0.3433
vn -0.6571 0.7493 -0.0818
vn -0.6226 0.7644 0.1672
vn -0.4747 0.8159 0.3301
vn -0.6176 0.6846 0.3871
vn -0.6385 0.7588 0.1283
vn -0.6385 0.7588 0.1282
vn -0.6393 0.7581 0.1290
vn 0.8956 -0.1616 0.4145
vn -0.9860 0.1619 0.0398
vn 0.0058 -0.9138 -0.4061
vn -0.7114 -0.1770 0.6801
vn -0.7154 -0.1733 0.6769
vn -0.7170 -0.1720 0.6755
vn 0.9508 0.2871 0.1167
vn 0.9253 -0.3663 -0.0979
vn -0.9585 -0.2402 0.1535
vn 0.2617 0.3317 -0.9064
vn 0.2813 -0.6630 0.6937
vn -0.0699 -0.7477 -0.6604
vn 0.5020 0.7205 0.4784
vn 0.9366 0.3160 0.1511
vn 0.3785 -0.7129 0.5904
vn 0.3781 -0.7119 0.5918
vn 0.3783 -0.7132 0.5901
vn 0.6382 0.7587 0.1308
vn 0.1604 0.8673 0.4712
vn -0.0751 0.9970 0.0173
vn -0.8950 -0.2289 0.3828
vn -0.6691 0.6779 0.3045
vn -0.7137 0.6905 0.1174
vn -0.1910 -0.8675 0.4594
vn -0.9461 0.1203 0.3005
vn -0.6070 -0.7777 -0.1635
vn -0.2748 -0.9410 0.1973
vn 0.2112 0.9670 -0.1424
vn 0.3689 -0.8456 0.3858
vn -0.8448 0.5308 -0.0674
vn 0.9833 0.1816 0.0095
vn -0.5392 -0.6206 0.5693
vn -0.6301 -0.2762 0.7258
vn -0.9432 0.1457 -0.2985
vn -0.1660 -0.9860 0.0173
vn -0.6710 -0.2442 -0.7000
vn 0.4210 0.8837 -0.2044
vn -0.6080 0.5283 0.5926
vn -0.9470 -0.1072 -0.3027
vn -0.4568 0.7133 -0.5315
vn 0.4850 0.7304 0.4809
vn -0.0642 0.2242 -0.9724
vn -0.7808 0.6075 -0.1457
vn 0.9929 0.0823 -0.0855
vn -0.5249 0.1131 -0.8436
vn 0.1804 0.8723 0.4544
vn -0.6162 -0.4783 -0.6257
vn -0.9881 -0.1526 0.0197
vn -0.9885 0.0219 -0.1493
vn -0.4526 -0.7216 0.5239
vn -0.7669 -0.6398 0.0503
vn -0.7443 0.6332 -0.2125
vn 0.2680 0.8605 0.4332
vn -0.9740 0.2061 0.0936
vn 0.5157 0.8534 -0.0760
vn -0.2662 0.0803 -0.9606
vn -0.6006 -0.7984 -0.0427
vn -0.7713 0.4791 0.4189
vn 0.0448 0.5799 -0.8135
vn 0.2046 0.4038 -0.8917
vn -0.3777 0.1960 -0.9049
vn -0.5662 0.8048 -0.1781
vn -0.8413 -0.4124 0.3496
vn -0.8412 -0.4120 0.3503
vn -0.8413 -0.4100 0.3523
vn -0.9894 0.0888 0.1152
vn -0.7844 0.5649 -0.2559
vn -0.8547 0.4739 -0.2120
vn -0.9781 0.2049 -0.0364
vn -0.8734 0.2057 0.4415
vn -0.6574 0.7394 0.1454
vn -0.8946 0.4419 -0.0659
vn 0.6970 0.6669 0.2635
vn -0.3747 -0.9210 0.1061
vn -0.4020 -0.8851 0.2347
vn -0.4173 0.7851 0.4577
vn 0.8622 -0.1672 0.4783
vn 0.3908 -0.6241 -0.6766
vn 0.0411 0.8200 -0.5709
vn -0.6832 -0.7298 0.0232
vn -0.9800 -0.1814 -0.0817
vn 0.0682 0.7818 0.6197
vn -0.9907 0.1138 0.0747
vn -0.2663 0.7895 -0.5530
vn 0.7584 0.6492 -0.0588
vn 0.7600 0.6472 -0.0588
vn 0.7586 0.6489 -0.0586
vn -0.9943 -0.0316 0.1020
vn -0.4375 -0.8987 0.0312
vn -0.3954 -0.9177 -0.0399
vn -0.5127 0.8067 -0.2940
vn -0.5143 0.8050 -0.2957
vn -0.5141 0.8054 -0.2950
vn 0.4169 0.8954 -0.1561
vn -0.1115 -0.6659 0.7377
vn -0.4414 -0.8768 -0.1908
vn -0.4144 0.9077 -0.0661
vn -0.5870 0.2818 0.7590
vn -0.6876 0.6640 -0.2936
vn -0.9081 0.3966 -0.1343
vn -0.9950 0.0438 0.0901
vn -0.6156 0.5337 0.5798
vn -0.6160 0.5333 0.5797
vn -0.6164 0.5330 0.5797
vn -0.1127 0.3302 0.9372
vn -0.0024 0.9877 -0.1565
vn -0.9671 0.1382 -0.2137
vn -0.9670 0.1373 -0.2148
vn -0.9669 0.1392 -0.2140
vn 0.9771 0.2124 0.0108
vn 0.8716 -0.4718 -0.1333
vn -0.5435 0.2852 -0.7895
vn -0.8392 0.1763 -0.5145
vn -0.3600 -0.9242 0.1277
vn -0.2996 -0.9304 0.2114
vn -0.2462 -0.9642 0.0981
vn -0.0923 -0.9727 0.2128
vn -0.0873 -0.9738 0.2099
vn -0.0936 -0.9724 0.2135
vn 0.6198 0.1645 -0.7673
vn 0.6835 0.4070 0.6060
vn 0.1257 0.8002 0.5864
vn -0.0155 0.9650 0.2619
vn 0.7255 0.5403 -0.4262
vn 0.1622 -0.9057 0.3916
vn -0.7240 -0.6890 0.0321
vn -0.0109 0.9850 -0.1723
vn -0.3365 -0.9394 0.0656
vn -0.1528 -0.9845 0.0859
vn -0.5011 -0.8652 0.0168
vn -0.4635 -0.8824 0.0803
vn -0.2462 -0.9692 -0.0054
vn 0.9423 0.3269 0.0727
vn -0.6660 -0.7180 0.2021
vn -0.4362 0.8087 -0.3947
vn -0.7229 -0.5852 -0.3673
vn -0.7221 -0.5859 -0.3678
vn -0.7228 -0.5836 -0.3701
vn 0.6925 -0.4279 0.5808
vn 0.2753 -0.9335 0.2298
vn 0.0020 -0.9586 0.2848
vn 0.4665 0.5209 0.7148
vn -0.9415 0.1886 0.2793
vn -0.6928 0.1773 -0.6990
vn -0.5586 0.2969 -0.7745
vn -0.2749 0.5282 -0.8034
vn -0.4738 0.2061 -0.8562
vn -0.1836 0.5238 -0.8318
vn -0.5771 0.1443 -0.8038
vn -0.3974 -0.0081 -0.9176
vn -0.0132 0.4378 -0.8990
vn -0.0142 0.4377 -0.8990
vn -0.0155 0.4372 -0.8992
vn 0.8482 0.0665 -0.5254
vn 0.0374 0.5008 -0.8647
vn -0.1047 0.3805 -0.9188
vn -0.4367 0.2188 -0.8726
vn -0.2092 0.5399 -0.8153
vn 0.8861 0.4454 -0.1282
vn 0.4608 -0.2876 -0.8396
vn -0.1029 0.9933 -0.0521
vn 0.0210 0.5059 -0.8623
vn 0.0164 0.5086 -0.8609
vn 0.0157 0.5085 -0.8609
vn -0.0993 -0.1052 0.9895
vn 0.7568 0.6500 -0.0687
vn -0.9535 0.1055 0.2822
vn -0.9538 0.1065 0.2810
vn -0.9539 0.1068 0.2804
vn 0.8960 0.4334 0.0969
vn -0.4622 0.7904 0.4021
vn -0.4649 0.7888 0.4021
vn -0.4660 0.7884 0.4017
vn -0.7936 0.4181 0.4420
vn -0.0468 0.9986 0.0235
vn -0.9866 0.1306 0.0978
vn -0.8419 0.4980 0.2077
vn -0.8259 0.5608 0.0581
vn -0.6790 0.7339 -0.0174
vn 0.7153 -0.5449 0.4376
vn 0.8874 0.3895 0.2467
vn -0.9811 0.1738 -0.0848
vn -0.9369 0.3278 -0.1211
vn -0.9367 0.3090 -0.1646
vn 0.7234 -0.6127 0.3182
vn 0.7232 -0.6130 0.3182
vn 0.7233 -0.6128 0.3184
vn -0.7669 0.6285 0.1296
vn -0.6716 0.7352 0.0916
vn -0.8077 0.5878 0.0458
vn -0.0130 0.9999 0.0086
vn 0.3651 0.0488 -0.9297
vn -0.7623 0.5858 -0.2752
vn -0.7595 0.5915 -0.2707
vn -0.7594 0.5912 -0.2716
vn 0.9747 -0.2205 -0.0360
vn 0.9526 -0.2882 -0.0977
vn 0.8589 -0.5118 -0.0187
vn 0.8811 -0.4722 -0.0259
vn -0.6967 0.6698 0.2569
vn -0.5480 0.7917 -0.2701
vn -0.5720 0.7482 -0.3361
vn -0.9035 -0.2161 -0.3702
vn -0.8921 0.1572 0.4236
vn -0.4362 0.3928 0.8096
vn -0.4415 0.2033 0.8739
vn 0.4904 -0.4751 0.7306
vn -0.3498 0.5691 0.7441
vn -0.2875 -0.0020 0.9578
vn -0.4915 0.6924 0.5283
vn -0.3370 0.5561 0.7597
vn -0.9077 -0.0316 0.4184
vn -0.8006 0.2303 -0.5532
vn -0.8489 0.3221 -0.4190
vn -0.8200 0.3400 -0.4605
vn -0.8298 0.2307 -0.5081
vn 0.1789 -0.4913 -0.8524
vn -0.4896 0.7508 -0.4435
vn 0.4798 0.8118 -0.3328
vn 0.8729 -0.2072 0.4418
vn -0.7207 0.5197 0.4589
vn -0.6892 0.5793 0.4352
vn -0.7990 0.5452 0.2536
vn -0.8085 0.5625 0.1729
vn 0.2439 -0.1531 -0.9576
vn 0.7151 -0.6451 0.2693
vn -0.2147 0.3508 0.9115
vn 0.6256 -0.4825 0.6130
vn 0.6257 -0.4825 0.6129
vn 0.6255 -0.4825 0.6131
vn 0.4637 0.7400 -0.4872
vn -0.3542 -0.1942 -0.9148
vn -0.3459 -0.1951 -0.9177
vn -0.3535 -0.1942 -0.9151
vn 0.1408 0.9530 -0.2683
vn 0.2025 -0.3114 0.9284
vn 0.3553 -0.3330 0.8734
vn 0.2148 -0.3766 0.9011
vn 0.0229 0.8457 -0.5332
vn 0.0310 0.8416 -0.5393
vn 0.0226 0.8457 -0.5332
vn 0.5994 -0.5851 0.5463
vn -0.0232 0.5887 -0.8080
vn -0.3009 -0.8762 -0.3764
vn -0.0601 0.5804 0.8121
vn 0.2162 -0.1639 0.9625
vn -0.6524 0.6884 -0.3169
vn -0.7623 0.6435 -0.0694
vn -0.6780 0.7166 -0.1640
vn -0.5589 0.7382 -0.3777
vn -0.5856 0.5193 0.6225
vn -0.7268 0.5716 0.3808
vn -0.3480 0.8345 -0.4271
vn -0.4198 0.0786 0.9042
vn -0.7665 0.6111 -0.1977
vn -0.3931 0.2077 0.8957
vn -0.6591 0.3353 0.6732
vn -0.8038 0.5877 -0.0921
vn -0.8043 0.5873 -0.0906
vn -0.8026 0.5874 -0.1037
vn 0.9582 0.0762 0.2756
vn 0.9555 0.0809 0.2836
vn -0.3147 0.9310 -0.1849
vn -0.5431 0.7657 -0.3446
vn -0.5427 0.7656 -0.3456
vn -0.5433 0.7657 -0.3443
vn -0.2497 0.2956 0.9221
vn -0.6481 0.7285 -0.2221
vn -0.3902 0.9183 0.0667
vn -0.3372 0.8290 -0.4462
vn -0.5398 0.7906 -0.2890
vn -0.4719 0.8747 0.1110
vn -0.4719 0.8746 0.1110
vn -0.5941 0.7318 -0.3340
vn -0.5924 0.7314 -0.3378
vn -0.5946 0.7317 -0.3332
vn -0.6698 0.7142 -0.2030
vn -0.6695 0.7145 -0.2028
vn -0.6683 0.7173 -0.1973
vn -0.3987 0.8375 0.3738
vn -0.5738 0.7646 0.2935
vn -0.7914 0.5533 0.2598
vn -0.7805 0.6208 0.0738
vn -0.8073 0.5490 -0.2165
vn -0.6419 0.7324 0.2270
vn -0.7094 0.7043 0.0256
vn -0.7094 0.7044 0.0255
vn -0.1290 0.8520 0.5074
vn -0.3152 0.7212 0.6168
vn -0.5429 0.6707 0.5054
vn -0.4480 0.7587 0.4730
vn -0.5529 0.6448 0.5278
vn -0.3966 0.6433 0.6549
vn -0.4505 0.6337 0.6289
vn -0.6715 0.6338 0.3840
vn 0.4155 0.0241 0.9093
vn 0.7290 -0.1390 0.6702
vn 0.9055 -0.0735 0.4179
vn 0.8602 -0.1472 0.4883
vn 0.7773 -0.1269 0.6162
vn 0.7842 0.0027 -0.6205
vn 0.6227 -0.3033 -0.7213
vn 0.9999 -0.0067 -0.0084
vn 0.8250 -0.2401 -0.5116
vn 0.7565 0.4280 0.4945
vn -0.0097 0.6949 0.7191
vn 0.2012 0.8682 0.4536
vn 0.1584 0.4818 0.8619
vn -0.1065 0.5066 0.8556
vn -0.3039 0.6197 0.7236
vn -0.1898 0.6287 0.7541
vn -0.3322 0.6491 0.6843
vn -0.2831 0.5755 0.7672
vn 0.3549 -0.4020 0.8441
vn -0.0768 0.4479 0.8908
vn -0.0805 0.4475 0.8906
vn -0.0774 0.4477 0.8908
vn 0.3402 -0.2336 0.9109
vn 0.5566 -0.3963 0.7301
vn 0.5147 -0.3305 0.7911
vn 0.5166 -0.3223 0.7932
vn 0.5141 -0.3322 0.7908
vn 0.9142 -0.1871 0.3594
vn 0.9609 -0.1465 0.2349
vn 0.9144 -0.3967 0.0803
vn 0.8980 -0.3869 0.2095
vn 0.7081 -0.4211 0.5668
vn 0.6090 -0.3241 0.7239
vn -0.0165 0.2893 0.9571
vn 0.4495 -0.2334 0.8623
vn 0.4500 -0.2328 0.8621
vn 0.4499 -0.2327 0.8622
vn 0.5078 -0.2372 0.8282
vn 0.0566 0.2858 0.9566
vn -0.3640 0.5846 0.7251
vn -0.2189 0.4604 0.8603
vn -0.6974 0.6797 0.2271
vn -0.7044 0.6726 0.2269
vn -0.6981 0.6791 0.2269
vn -0.5146 0.6367 0.5742
vn -0.6764 0.7304 -0.0950
vn -0.5611 0.7629 0.3210
vn -0.2780 0.7961 0.5375
vn -0.1991 0.6717 0.7135
vn -0.1799 0.7711 0.6107
vn -0.2298 0.7311 0.6424
vn 0.5759 0.3819 -0.7228
vn 0.7674 0.2134 -0.6047
vn 0.9009 0.3462 -0.2617
vn -0.3349 0.9139 0.2295
vn -0.5539 0.7745 0.3054
vn 0.8895 -0.4163 -0.1883
vn 0.1230 0.9082 -0.4002
vn -0.7703 0.6132 0.1753
vn -0.7656 0.6194 0.1735
vn -0.7708 0.6127 0.1746
vn -0.6799 0.6755 0.2855
vn -0.6797 0.6761 0.2842
vn -0.6797 0.6763 0.2839
vn -0.7210 0.6904 0.0602
vn -0.5576 0.8231 0.1076
vn -0.4780 0.8066 -0.3478
vn -0.3811 0.8529 -0.3568
vn -0.5203 0.8481 -0.1000
vn -0.6282 0.7745 -0.0743
vn 0.3382 -0.5385 -0.7718
vn 0.3409 -0.5351 -0.7730
vn 0.3378 -0.5388 -0.7717
vn 0.5929 -0.4299 -0.6809
vn -0.1986 0.2476 -0.9483
vn -0.1778 0.2596 -0.9492
vn -0.8616 0.4794 0.1668
vn 0.4442 0.0771 -0.8926
vn 0.0469 0.6459 -0.7620
vn -0.3375 0.6923 -0.6379
vn 0.2022 0.0273 -0.9790
vn 0.6622 -0.4650 -0.5876
vn 0.3154 0.2030 -0.9270
vn -0.3753 0.5466 -0.7486
vn -0.5908 0.7214 -0.3613
vn -0.5915 0.7175 -0.3678
vn -0.5947 0.7143 -0.3689
vn -0.6548 0.7062 -0.2694
vn -0.6791 0.7293 -0.0835
vn -0.6910 0.7132 0.1177
vn -0.6993 0.6774 0.2283
vn -0.6976 0.6815 0.2212
vn -0.6981 0.6799 0.2247
vn -0.4982 0.8629 0.0848
vn 0.3404 -0.2213 -0.9138
vn -0.6429 0.7609 0.0880
vn -0.5420 0.7553 -0.3683
vn -0.6348 0.6605 0.4010
vn 0.2023 0.7073 -0.6773
vn -0.1252 0.7736 0.6211
vn -0.2040 0.8962 0.3939
vn -0.5428 0.4876 0.6839
vn -0.7445 0.5271 0.4098
vn -0.7497 0.5171 0.4131
vn -0.7470 0.5223 0.4114
vn -0.8131 -0.0861 0.5757
vn -0.4740 0.3282 0.8171
vn -0.8507 0.2920 0.4371
vn -0.8509 0.2920 0.4367
vn -0.8507 0.2921 0.4370
vn -0.6655 0.1756 0.7254
vn 0.6431 -0.3879 0.6603
vn -0.7622 0.3671 0.5331
vn -0.6366 0.3576 0.6832
vn -0.7719 0.4680 0.4303
vn -0.8274 0.4942 0.2669
vn -0.8265 0.4944 0.2691
vn -0.8335 0.4852 0.2644
vn -0.8456 0.4266 0.3209
vn -0.7254 0.2090 0.6558
vn -0.6757 0.3383 0.6550
vn -0.7411 0.5673 0.3591
vn -0.1186 0.9772 -0.1762
vn -0.0879 0.8709 -0.4835
vn -0.0150 0.9977 0.0665
vn -0.9069 0.4200 -0.0327
vn -0.8939 0.3777 0.2414
vn -0.7908 0.5930 0.1520
vn -0.8022 0.5824 -0.1313
vn -0.8003 0.4499 -0.3965
vn -0.8015 0.4462 -0.3982
vn -0.8015 0.4459 -0.3985
vn -0.8079 0.4682 -0.3578
vn 0.4438 0.7906 0.4219
vn 0.8684 0.4915 -0.0651
vn 0.6550 0.7388 0.1588
vn 0.9220 0.3849 -0.0413
vn 0.9237 0.3795 -0.0516
vn 0.9218 0.3856 -0.0403
vn -0.5006 0.8443 -0.1911
vn 0.0528 0.0416 -0.9977
vn 0.3810 -0.8059 -0.4531
vn -0.0611 -0.9365 0.3452
vn 0.2086 -0.5450 -0.8121
vn 0.0421 0.1222 -0.9916
vn 0.7902 0.5675 0.2314
vn 0.5649 0.8111 -0.1515
vn -0.1275 0.7954 -0.5926
vn -0.2324 0.8618 -0.4509
vn 0.8506 0.5149 0.1062
vn 0.8533 0.5100 0.1087
vn 0.8507 0.5149 0.1057
vn 0.2483 -0.5652 -0.7867
vn -0.5729 0.7543 -0.3206
vn -0.3406 0.6445 -0.6846
vn 0.2378 -0.8864 -0.3972
vn 0.2342 -0.7695 -0.5942
vn 0.2411 -0.7655 -0.5966
vn 0.2326 -0.7704 -0.5936
vn 0.1362 -0.7818 -0.6084
vn 0.1234 -0.9050 -0.4072
vn 0.7086 -0.6716 -0.2164
vn 0.8023 -0.4973 -0.3300
vn 0.6017 -0.6225 -0.5005
vn 0.5737 -0.7085 -0.4111
vn 0.4076 -0.6929 -0.5947
vn 0.3922 -0.8013 -0.4517
vn 0.2874 -0.8218 0.4920
vn -0.2552 0.9638 -0.0767
vn 0.8462 0.5048 -0.1707
vn 0.9666 0.0091 0.2562
vn -0.2669 0.9005 -0.3433
vn -0.4156 0.8451 0.3363
vn 0.4851 0.6805 -0.5493
vn -0.3061 0.8302 0.4660
vn 0.8911 0.3708 -0.2616
vn 0.8907 0.3759 -0.2554
vn -0.3923 0.9169 -0.0734
vn -0.0175 0.2686 -0.9631
vn -0.8024 0.3762 -0.4632
vn -0.8110 0.5119 -0.2833
vn -0.8117 0.5103 -0.2843
vn -0.8126 0.5083 -0.2850
vn -0.8653 0.4442 -0.2322
vn -0.9061 0.3222 -0.2742
vn 0.2051 0.1630 0.9651
vn -0.4066 -0.2223 -0.8861
vn -0.4440 -0.2182 -0.8691
vn -0.4406 -0.2525 -0.8614
vn -0.6773 -0.1856 -0.7119
vn -0.5207 -0.8483 0.0962
vn -0.4955 -0.8504 -0.1769
vn -0.6123 -0.4610 0.6423
vn -0.2954 0.9488 -0.1120
vn -0.7810 0.0903 -0.6179
vn -0.5887 0.3858 -0.7103
vn -0.5896 0.3857 -0.7097
vn -0.5838 0.3869 -0.7138
vn -0.3626 0.4761 -0.8011
vn -0.2020 0.2249 -0.9532
vn -0.2212 0.4888 -0.8439
vn -0.3423 -0.8463 0.4081
vn -0.0890 -0.0039 -0.9960
vn -0.2828 -0.8470 -0.4501
vn -0.1099 0.9479 -0.2991
vn -0.1123 0.9468 -0.3017
vn -0.1100 0.9480 -0.2985
vn 0.3343 0.7338 0.5914
vn -0.2145 0.9569 -0.1959
vn 0.2036 0.7387 -0.6425
vn 0.8861 0.4361 0.1574
vn 0.8534 0.5180 0.0581
vn 0.3797 0.4784 -0.7918
vn -0.6562 -0.5191 0.5477
vn 0.1287 0.3051 -0.9436
vn -0.9686 0.2461 0.0368
vn -0.9668 -0.2464 0.0684
vn 0.8449 0.3015 -0.4418
vn -0.6699 0.1969 0.7159
vn 0.4482 -0.4805 0.7539
vn 0.4669 0.3016 0.8313
vn -0.8066 0.5865 0.0734
vn -0.0414 0.9136 -0.4046
vn -0.9201 -0.0939 -0.3802
vn -0.9901 0.0325 0.1364
vn -0.9902 0.0326 0.1362
vn -0.9903 0.0324 0.1353
vn -0.5768 -0.6747 0.4605
vn -0.8857 0.3939 -0.2458
vn -0.7825 0.6226 -0.0046
vn -0.7091 0.6853 -0.1657
vn -0.7319 0.6262 0.2688
vn 0.3020 -0.9243 0.2336
vn 0.3127 -0.9198 0.2369
vn 0.3135 -0.9195 0.2373
vn 0.5586 -0.7670 0.3157
vn 0.0935 -0.8566 0.5075
vn 0.2293 -0.9281 0.2933
vn 0.6776 -0.7312 0.0793
vn 0.4953 -0.8295 0.2583
vn -0.0629 -0.8742 -0.4814
vn 0.0311 -0.4320 0.9013
vn 0.2133 -0.5939 0.7757
vn 0.4548 -0.5669 0.6868
vn 0.3072 -0.4801 0.8217
vn 0.0177 0.9971 0.0740
vn -0.9968 0.0360 0.0707
vn -0.9974 0.0301 0.0654
vn -0.9967 0.0374 0.0721
vn -0.9934 0.1113 0.0294
vn -0.2136 -0.5712 0.7925
vn -0.2876 -0.6195 0.7304
vn -0.2883 -0.6199 0.7298
vn -0.2866 -0.6188 0.7314
vn 0.2146 -0.5301 0.8203
vn 0.0151 -0.8132 0.5817
vn -0.3679 -0.5278 0.7655
vn -0.3371 -0.5860 0.7368
vn -0.4238 -0.4824 0.7666
vn -0.4480 -0.4019 0.7986
vn -0.2906 -0.4739 0.8313
vn 0.3605 -0.8313 0.4230
vn -0.0335 -0.8788 0.4760
vn -0.0768 -0.9021 0.4246
vn 0.3758 -0.7781 0.5034
vn 0.3693 -0.7827 0.5011
vn 0.3683 -0.7829 0.5014
vn 0.7244 -0.4045 -0.5583
vn 0.7449 -0.6387 0.1928
vn 0.7814 -0.5732 0.2466
vn 0.7777 -0.5751 0.2537
vn 0.7825 -0.5727 0.2443
vn 0.8030 -0.5470 0.2365
vn 0.7954 -0.5883 0.1456
vn 0.9027 0.0813 -0.4226
vn -0.8527 0.5212 -0.0365
vn 0.5226 0.6167 -0.5887
vn 0.3716 0.5080 -0.7771
vn -0.8611 -0.5065 0.0450
vn 0.6046 0.7116 -0.3578
vn 0.6045 0.7117 -0.3579
vn -0.8335 0.4636 -0.3006
vn -0.8326 0.4652 -0.3008
vn -0.8327 0.4650 -0.3006
vn 0.2254 0.7817 0.5814
vn -0.9427 0.2686 -0.1979
vn -0.9434 0.2697 -0.1932
vn -0.9428 0.2687 -0.1975
vn 0.5061 0.7769 -0.3746
vn -0.9852 -0.1231 0.1196
vn -0.1493 -0.7469 0.6480
vn 0.4669 0.7459 0.4750
vn 0.4743 0.7406 0.4759
vn 0.4659 0.7464 0.4751
vn 0.7729 0.5933 0.2248
vn -0.9451 0.2074 0.2526
vn -0.8212 0.5705 0.0091
vn -0.8776 0.4500 -0.1655
vn -0.2040 0.6454 -0.7361
vn 0.6607 -0.6266 0.4132
vn 0.8874 -0.0197 -0.4606
vn -0.8422 -0.5309 0.0937
vn 0.8753 0.4462 0.1861
vn 0.7974 -0.4305 0.4228
vn -0.2956 -0.7392 0.6052
vn 0.8223 0.1796 -0.5400
vn -0.2421 -0.6611 -0.7101
vn -0.8488 -0.2844 0.4457
vn 0.7349 -0.5462 0.4019
vn 0.7434 -0.5128 0.4293
vn 0.7793 -0.5319 0.3313
vn 0.7828 -0.4886 0.3854
vn 0.6961 -0.6433 -0.3188
vn 0.6961 -0.6440 -0.3172
vn 0.6969 -0.6403 -0.3230
vn 0.5085 -0.7990 -0.3210
vn -0.9603 -0.0410 -0.2760
vn -0.6933 0.6785 -0.2427
vn -0.9706 -0.1959 0.1397
vn -0.9705 -0.1967 0.1394
vn -0.9725 -0.1874 0.1381
vn -0.9762 -0.2160 0.0186
vn -0.7060 -0.2450 0.6645
vn -0.7699 -0.5488 0.3258
vn -0.7985 -0.2021 0.5671
vn -0.6985 -0.6077 0.3779
vn -0.6440 0.7109 0.2829
vn -0.8239 0.5553 -0.1131
vn -0.3174 -0.9314 0.1784
vn -0.9813 -0.1101 0.1578
vn -0.9464 -0.1728 0.2730
vn -0.9917 -0.1194 0.0485
vn 0.5435 0.0965 0.8338
vn 0.9266 0.2195 -0.3053
vn 0.4684 -0.8834 0.0126
vn 0.6717 -0.5994 -0.4354
vn 0.3675 -0.9250 0.0965
vn 0.3823 -0.9240 -0.0073
vn 0.3409 -0.9400 -0.0138
vn 0.3306 -0.9391 0.0936
vn -0.9175 0.3901 -0.0779
vn 0.4087 0.8210 -0.3987
vn 0.3433 0.8633 -0.3700
vn 0.3474 0.8608 -0.3719
vn 0.3473 0.8611 -0.3713
vn 0.9360 0.2953 0.1916
vn 0.0420 -0.9032 -0.4271
vn 0.3561 0.8791 -0.3168
vn 0.5206 -0.3199 -0.7916
vn 0.0696 -0.8694 -0.4892
vn -0.8674 0.4973 0.0165
vn 0.8083 -0.4879 -0.3295
vn 0.8097 -0.5212 -0.2697
vn 0.6380 -0.6743 -0.3718
vn 0.6477 -0.4937 -0.5803
vn 0.6500 -0.4878 -0.5826
vn 0.6505 -0.4869 -0.5829
vn 0.4917 -0.7756 -0.3958
vn 0.7122 -0.6298 -0.3099
vn 0.6439 -0.7574 -0.1083
vn 0.6676 -0.7398 -0.0831
vn 0.6671 -0.7403 -0.0830
vn 0.6671 -0.7404 -0.0827
vn 0.6784 -0.6900 -0.2524
vn 0.6920 -0.6317 -0.3494
vn 0.6920 -0.6314 -0.3499
vn 0.6917 -0.6327 -0.3481
vn 0.2824 -0.4301 0.8575
vn 0.6143 -0.7705 0.1701
vn 0.2174 -0.7525 -0.6216
vn 0.0763 -0.8268 -0.5573
vn -0.5735 -0.6970 -0.4305
vn -0.1608 -0.8490 -0.5033
vn -0.9810 -0.0308 -0.1916
vn -0.9658 -0.2113 0.1506
vn -0.8412 -0.4099 0.3526
vn -0.9489 -0.2783 -0.1486
vn -0.9488 -0.2745 -0.1567
vn -0.9491 -0.2732 -0.1565
vn -0.8856 -0.3367 -0.3199
vn -0.8828 -0.4248 -0.2003
vn -0.9065 -0.4194 -0.0494
vn 0.9780 0.1794 -0.1067
vn -0.2099 -0.9635 -0.1664
vn -0.8327 -0.1785 0.5242
vn 0.7520 -0.6451 -0.1356
vn -0.9597 -0.1311 -0.2485
vn -0.9598 -0.1303 -0.2486
vn -0.9597 -0.1300 -0.2492
vn -0.7514 -0.4253 -0.5045
vn -0.9690 -0.1439 -0.2009
vn -0.9938 -0.1100 -0.0141
vn -0.9937 -0.1098 -0.0215
vn 0.4780 -0.7068 -0.5215
vn 0.4874 -0.1647 -0.8575
vn 0.7032 0.0636 -0.7081
vn 0.5130 -0.2518 -0.8206
vn 0.5340 -0.2035 -0.8206
vn 0.3829 -0.8172 0.4308
vn -0.4227 -0.5079 0.7506
vn 0.5312 -0.6921 0.4887
vn -0.8762 0.4788 -0.0550
vn -0.8887 0.2961 -0.3501
vn -0.8099 0.4869 -0.3270
vn -0.8450 0.2846 -0.4528
vn -0.8449 0.2812 -0.4551
vn -0.8457 0.2790 -0.4549
vn -0.8497 0.2791 -0.4474
vn -0.8501 0.2785 -0.4469
vn -0.9790 -0.0705 -0.1915
vn -0.9710 0.0510 -0.2337
vn -0.9691 0.0566 -0.2402
vn -0.9690 0.0569 -0.2405
vn -0.8907 -0.0422 -0.4527
vn -0.8909 -0.0430 -0.4521
vn -0.8910 -0.0430 -0.4519
vn -0.8810 -0.1285 -0.4553
vn -0.7641 -0.1052 -0.6365
vn -0.7834 -0.0531 -0.6193
vn -0.7708 -0.1673 -0.6147
vn -0.8234 -0.1758 -0.5396
vn -0.7035 -0.0361 -0.7098
vn -0.6927 0.1532 -0.7048
vn -0.7417 -0.0354 -0.6698
vn -0.7423 -0.0351 -0.6692
vn -0.7442 -0.0339 -0.6671
vn -0.7447 -0.0335 -0.6665
vn -0.8928 0.1816 -0.4122
vn -0.9299 0.2361 -0.2820
vn -0.9022 0.3011 -0.3088
vn -0.9947 0.1019 0.0100
vn -0.9317 0.3591 0.0553
vn -0.6070 -0.4287 0.6692
vn -0.7240 0.6692 0.1674
vn 0.9454 0.2207 0.2400
vn -0.9957 0.0919 0.0093
vn -0.9658 0.1971 -0.1685
vn -0.9884 -0.0529 -0.1427
vn -0.9882 -0.0512 -0.1446
vn -0.9881 -0.0509 -0.1449
vn -0.9982 0.0157 0.0576
vn -0.9902 0.1266 0.0595
vn -0.9499 0.3125 -0.0077
vn -0.9598 0.2776 0.0417
vn -0.9599 0.2773 0.0418
vn -0.9625 0.2675 0.0450
vn -0.9630 0.2461 0.1098
vn -0.8122 -0.5652 -0.1444
vn -0.6007 -0.7886 -0.1312
vn -0.6968 -0.7173 0.0021
vn -0.8682 -0.4960 -0.0120
vn 0.1267 0.0740 0.9892
vn -0.3849 -0.9142 -0.1269
vn -0.0641 0.9324 -0.3557
vn -0.0654 0.9323 -0.3558
vn -0.3047 -0.1397 -0.9421
vn -0.3048 -0.1404 -0.9420
vn -0.3051 -0.1426 -0.9416
vn 0.2194 0.3389 -0.9149
vn 0.6160 0.6689 -0.4161
vn -0.3302 0.8449 -0.4208
vn -0.2148 -0.1732 -0.9612
vn -0.7967 0.5505 -0.2495
vn -0.7966 0.5510 -0.2488
vn -0.7974 0.5483 -0.2520
vn -0.0574 0.1355 -0.9891
vn -0.4511 -0.2778 -0.8482
vn -0.4571 -0.2711 -0.8471
vn -0.4510 -0.2777 -0.8482
vn -0.4253 -0.8099 -0.4039
vn -0.7406 0.5254 -0.4189
vn -0.3272 0.7601 -0.5614
vn -0.5789 -0.6426 -0.5019
vn -0.7171 0.0995 -0.6899
vn -0.7774 -0.2686 -0.5688
vn -0.7776 -0.3552 -0.5188
vn -0.8213 -0.3477 -0.4522
vn -0.8177 -0.2573 -0.5150
vn -0.6127 -0.6686 -0.4214
vn -0.4972 -0.7335 -0.4634
vn -0.4972 -0.7336 -0.4634
vn -0.4964 -0.7368 -0.4591
vn -0.5682 -0.7658 -0.3012
vn -0.7243 -0.6053 -0.3303
vn -0.6267 0.2775 -0.7282
vn -0.6346 -0.6315 -0.4456
vn -0.9836 -0.1565 -0.0899
vn 0.5186 0.8003 -0.3009
vn -0.3781 0.5543 -0.7415
vn 0.9092 0.3747 0.1816
vn 0.9097 0.3739 0.1807
vn 0.9119 0.3703 0.1768
vn 0.0933 0.4446 -0.8909
vn -0.4122 0.6087 -0.6780
vn -0.4122 0.6090 -0.6777
vn -0.4162 0.6088 -0.6754
vn 0.6950 0.7144 -0.0816
vn -0.1064 0.7209 0.6848
vn -0.1182 0.7176 0.6864
vn -0.1167 0.7167 0.6876
vn -0.4592 -0.7561 0.4664
vn -0.7409 -0.6487 0.1737
vn -0.7257 -0.6517 0.2207
vn -0.7258 -0.6516 0.2206
vn -0.7203 -0.6549 0.2285
vn -0.8602 -0.4743 0.1873
vn -0.8603 -0.4744 0.1863
vn -0.8617 -0.4744 0.1799
vn -0.8535 -0.5021 0.1394
vn -0.7576 -0.0641 -0.6495
vn -0.5332 -0.0304 -0.8454
vn -0.5334 -0.0312 -0.8453
vn -0.5334 -0.0299 -0.8453
vn 0.7741 0.6327 -0.0219
vn -0.0147 0.4618 0.8868
vn -0.9489 0.3082 0.0684
vn -0.7447 0.6024 0.2873
vn -0.8475 0.4759 0.2353
vn -0.9805 0.1838 -0.0697
vn -0.5646 0.7897 0.2402
vn -0.7350 0.6398 0.2244
vn -0.7974 0.5939 0.1069
vn -0.6715 0.7338 -0.1028
vn 0.6157 -0.7766 -0.1335
vn 0.6161 -0.7764 -0.1328
vn 0.6180 -0.7762 -0.1245
vn -0.4408 -0.6804 -0.5854
vn -0.8258 0.3465 -0.4450
vn -0.7957 0.3908 -0.4626
vn -0.8219 0.5296 -0.2098
vn -0.8852 0.3795 -0.2690
vn -0.8731 0.4303 -0.2293
vn -0.9239 0.3148 -0.2174
vn -0.9032 -0.2364 -0.3583
vn -0.8028 -0.1910 0.5648
vn -0.9175 -0.0596 0.3933
vn -0.7445 0.5239 -0.4138
vn -0.8575 0.1023 -0.5042
vn -0.7235 0.6027 -0.3365
vn -0.6791 0.6619 -0.3174
vn -0.7568 0.5876 -0.2862
vn -0.8087 -0.1916 -0.5562
vn -0.6866 0.0191 -0.7268
vn -0.8041 0.2893 -0.5193
vn -0.9608 0.0673 -0.2691
vn -0.7796 0.1333 -0.6119
vn -0.8889 0.0445 -0.4560
vn -0.6809 0.4126 -0.6050
vn -0.8817 0.1378 -0.4513
vn -0.8817 0.1377 -0.4512
vn -0.6984 0.4624 -0.5463
vn -0.7732 0.0127 -0.6341
vn -0.8699 0.4034 -0.2838
vn -0.8411 0.4477 -0.3034
vn -0.7592 0.4203 -0.4970
vn -0.8093 0.4274 -0.4031
vn -0.4206 -0.7709 -0.4783
vn -0.7701 0.5770 -0.2720
vn -0.6089 0.7187 -0.3358
vn -0.6353 0.5445 -0.5476
vn -0.4243 0.8563 -0.2944
vn -0.5535 0.7837 -0.2819
vn -0.5535 0.7840 -0.2811
vn -0.5558 0.7807 -0.2856
vn -0.4194 0.8307 -0.3661
vn -0.5221 0.7603 -0.3865
vn -0.5037 0.7777 -0.3761
vn -0.4291 0.8133 -0.3930
vn -0.4286 0.8142 -0.3916
vn -0.4275 0.8133 -0.3948
vn -0.4953 0.8541 -0.1590
vn -0.7175 0.6929 -0.0711
vn -0.6269 0.7791 -0.0073
vn -0.5650 0.8206 -0.0857
vn -0.4889 0.8258 -0.2811
vn -0.5627 0.8143 -0.1424
vn -0.4069 0.8241 -0.3939
vn -0.4066 0.8282 -0.3857
vn -0.4038 0.8281 -0.3888
vn -0.3257 0.8805 -0.3445
vn -0.3224 0.9003 -0.2924
vn -0.3233 0.9002 -0.2919
vn -0.3286 0.8986 -0.2907
vn -0.3741 0.8697 -0.3222
vn -0.5254 0.8343 -0.1670
vn -0.5204 0.8371 -0.1687
vn -0.5209 0.8371 -0.1674
vn -0.4672 0.8506 -0.2412
vn -0.5270 0.8334 -0.1665
vn -0.5201 0.8377 -0.1666
vn -0.1077 0.8651 -0.4899
vn -0.1852 0.5053 0.8428
vn 0.7910 0.4902 0.3660
vn 0.7891 0.4886 0.3723
vn 0.7916 0.4908 0.3639
vn -0.5390 0.7621 -0.3587
vn -0.4500 0.8155 -0.3640
vn -0.3728 0.8335 -0.4079
vn -0.3979 -0.8856 0.2397
vn -0.3960 -0.8855 0.2430
vn -0.3983 -0.8854 0.2394
vn -0.3832 -0.8567 0.3452
vn -0.3058 0.8484 -0.4321
vn -0.3076 0.8476 -0.4325
vn -0.3057 0.8484 -0.4322
vn -0.2536 0.9623 -0.0979
vn -0.2553 0.9615 -0.1013
vn -0.2562 0.9611 -0.1028
vn -0.2975 0.9497 -0.0981
vn -0.2936 0.8607 -0.4160
vn -0.3614 0.8313 -0.4223
vn -0.3589 0.8348 -0.4175
vn -0.3572 0.8314 -0.4256
vn -0.8743 0.4837 0.0413
vn -0.7540 0.6479 0.1080
vn -0.5534 0.7125 -0.4314
vn -0.5779 0.7742 -0.2583
vn -0.6170 0.7395 -0.2691
vn -0.5906 0.7096 -0.3843
vn -0.4649 0.8704 -0.1620
vn -0.4265 0.7549 -0.4983
vn -0.4275 0.7535 -0.4996
vn -0.4260 0.7552 -0.4982
vn -0.4234 0.7553 -0.5002
vn -0.5444 0.8128 -0.2073
vn -0.6119 0.7609 -0.2158
vn -0.4917 0.7237 -0.4842
vn -0.2706 0.9321 -0.2408
vn -0.3198 0.8678 -0.3803
vn -0.3687 0.8506 -0.3749
vn -0.3689 0.8504 -0.3752
vn -0.3690 0.8502 -0.3755
vn -0.3691 0.8500 -0.3759
vn -0.9323 -0.2970 0.2066
vn -0.8753 -0.4277 0.2256
vn 0.0031 0.6443 -0.7647
vn -0.8315 0.5328 0.1572
vn -0.8326 0.5312 0.1570
vn -0.8350 0.5297 0.1488
vn -0.6895 0.6859 -0.2326
vn 0.8997 -0.2134 -0.3807
vn 0.7880 -0.6028 -0.1255
vn -0.7540 0.6369 0.1606
vn 0.4579 0.5348 0.7101
vn 0.6353 -0.0534 -0.7704
vn -0.7279 0.4033 -0.5546
vn -0.7276 0.4026 -0.5554
vn -0.7291 0.4072 -0.5500
vn -0.9192 0.2311 -0.3189
vn -0.7588 0.4300 -0.4892
vn -0.7588 0.4300 -0.4893
vn -0.7614 0.4304 -0.4849
vn -0.8562 0.3620 -0.3686
vn -0.8538 0.3701 -0.3662
vn -0.8534 0.3711 -0.3661
vn -0.8602 0.4090 -0.3046
vn -0.7784 0.4065 -0.4783
vn -0.7785 0.4075 -0.4773
vn -0.7776 0.4006 -0.4847
vn 0.1590 0.9492 -0.2716
vn 0.6259 0.6986 -0.3466
vn 0.6262 0.6977 -0.3480
vn 0.6240 0.6954 -0.3563
vn -0.4079 0.8335 -0.3727
vn -0.6311 -0.5583 -0.5385
vn -0.1427 0.6951 -0.7046
vn -0.1232 0.8261 -0.5499
vn -0.1231 0.8262 -0.5498
vn -0.5428 0.5400 0.6432
vn -0.6368 0.5966 0.4883
vn -0.4418 0.5722 0.6909
vn -0.3856 0.4854 0.7846
vn -0.3808 0.4878 0.7855
vn -0.3867 0.4848 0.7845
vn 0.6376 -0.3785 -0.6709
vn -0.8385 0.1940 -0.5093
vn -0.8394 0.1937 -0.5078
vn -0.8404 0.1985 -0.5043
vn -0.2615 0.8473 -0.4624
vn -0.4871 0.7570 -0.4356
vn -0.7082 0.6299 -0.3189
vn -0.6201 0.6299 -0.4677
vn -0.6534 0.5888 -0.4758
vn -0.8619 0.4190 -0.2856
vn -0.6436 0.5390 0.5434
vn -0.7884 0.6011 0.1304
vn -0.8922 0.4515 0.0109
vn -0.7565 0.4475 0.4770
vn -0.6650 0.7436 0.0696
vn -0.8366 0.4743 -0.2741
vn -0.8364 0.4748 -0.2739
vn -0.8370 0.4729 -0.2752
vn -0.2112 0.0058 -0.9774
vn -0.3514 0.9298 0.1098
vn -0.4330 0.7561 -0.4907
vn -0.4332 0.7567 -0.4896
vn -0.4295 0.7523 -0.4995
vn -0.3986 -0.4973 -0.7706
vn -0.4157 -0.4836 -0.7703
vn 0.7617 0.5839 -0.2808
vn -0.2010 0.9663 -0.1611
vn -0.1867 0.9020 -0.3892
vn -0.5781 0.6926 -0.4313
vn -0.5782 0.6927 -0.4311
vn -0.5771 0.6993 -0.4219
vn -0.4993 0.7513 -0.4315
vn -0.2888 0.5514 0.7826
vn -0.3174 0.4287 0.8459
vn -0.7641 -0.1528 -0.6267
vn -0.6508 0.6409 -0.4070
vn -0.6474 0.6484 -0.4005
vn -0.6470 0.6494 -0.3995
vn -0.3865 0.8801 0.2757
vn -0.8992 0.4143 -0.1408
vn -0.7981 0.5123 -0.3172
vn -0.7964 0.5151 -0.3170
vn -0.7962 0.5154 -0.3170
vn -0.8064 0.4794 -0.3464
vn -0.8924 0.3903 -0.2263
vn -0.8925 0.3903 -0.2263
vn -0.8867 0.4013 -0.2296
vn -0.8870 0.3280 -0.3250
vn -0.8252 0.4388 -0.3557
vn -0.7231 0.5054 -0.4708
vn -0.7229 0.5060 -0.4705
vn -0.7346 0.5385 -0.4127
vn -0.9439 0.2220 -0.2446
vn -0.8479 0.4955 0.1887
vn -0.9200 0.3912 0.0214
vn -0.9259 0.2151 -0.3105
vn -0.9262 0.2139 -0.3106
vn -0.9252 0.2232 -0.3069
vn -0.9216 0.3874 0.0245
vn -0.9225 0.3718 -0.1037
vn -0.8839 0.4634 -0.0637
vn -0.9373 0.3477 -0.0244
vn -0.9367 0.3492 -0.0241
vn -0.9340 0.3566 -0.0223
vn 0.9759 0.2112 -0.0557
vn 0.9757 0.2121 -0.0553
vn 0.9759 0.2112 -0.0548
vn -0.9654 0.1666 -0.2008
vn -0.9635 0.1699 -0.2067
vn -0.9633 0.1702 -0.2075
vn -0.9799 0.1665 -0.1099
vn -0.9699 0.1413 -0.1985
vn -0.9698 0.1417 -0.1985
vn -0.9696 0.1432 -0.1985
vn -0.9475 0.2569 -0.1901
vn 0.6983 0.7148 0.0370
vn 0.1438 0.4745 0.8684
vn 0.1443 0.4741 0.8686
vn 0.1462 0.4718 0.8695
vn 0.7099 0.4851 -0.5106
vn 0.4961 -0.4459 0.7450
vn 0.5965 0.7945 -0.1140
vn -0.7522 0.5425 -0.3742
vn -0.6643 0.6416 -0.3835
vn -0.4355 -0.2733 -0.8577
vn -0.4393 0.7944 -0.4195
vn 0.1393 -0.8444 -0.5173
vn 0.3869 -0.9105 0.1460
vn 0.3866 -0.9106 0.1461
vn 0.3869 -0.9106 0.1450
vn -0.4356 0.0942 -0.8952
vn -0.4361 0.0939 -0.8950
vn -0.4310 0.0959 -0.8972
vn -0.4839 0.2532 -0.8377
vn -0.3670 0.4463 -0.8162
vn -0.3555 0.1739 -0.9184
vn -0.6106 0.6816 -0.4033
vn -0.6446 0.6849 -0.3397
vn -0.5608 0.6760 -0.4780
vn -0.4570 0.7479 -0.4815
vn -0.6540 0.4383 -0.6166
vn -0.6539 0.4383 -0.6167
vn -0.6536 0.4376 -0.6176
vn -0.6382 0.4833 -0.5993
vn -0.5197 0.5803 -0.6271
vn -0.5237 0.4887 -0.6978
vn -0.7501 0.5326 -0.3919
vn -0.6034 -0.3523 -0.7154
vn -0.6668 0.6322 -0.3946
vn -0.6669 0.6324 -0.3941
vn -0.5672 0.7606 -0.3159
vn -0.5673 0.7605 -0.3160
vn -0.5647 0.7620 -0.3169
vn -0.4949 0.8284 -0.2623
vn -0.5451 0.7345 -0.4042
vn -0.9531 0.0669 -0.2953
vn -0.7744 0.5986 -0.2051
vn 0.3237 0.6156 0.7185
vn 0.4708 0.7964 0.3797
vn -0.6528 0.6668 -0.3595
vn -0.6526 0.6669 -0.3597
vn -0.6526 0.6665 -0.3604
vn -0.2297 0.8714 0.4335
vn -0.4981 -0.8669 -0.0163
vn 0.5894 0.4709 0.6564
vn 0.3242 -0.8498 0.4156
vn -0.6691 0.0919 -0.7375
vn -0.9693 0.1560 0.1898
vn -0.9690 0.1600 0.1881
vn -0.9690 0.1606 0.1875
vn -0.6891 -0.6979 0.1952
vn -0.3563 0.8497 -0.3888
vn -0.3564 0.8484 -0.3914
vn -0.3555 0.8532 -0.3816
vn -0.6793 -0.6979 0.2269
vn -0.6688 -0.6917 0.2725
vn -0.6644 -0.6989 0.2647
vn -0.6647 -0.6989 0.2641
vn -0.6381 -0.6681 0.3826
vn -0.6934 -0.5738 0.4357
vn -0.7140 0.4030 -0.5725
vn -0.7131 0.4060 -0.5716
vn -0.7128 0.4064 -0.5717
vn -0.4930 -0.7304 0.4728
vn 0.1673 -0.8850 -0.4346
vn -0.2251 0.9186 -0.3247
vn 0.0408 0.9317 -0.3609
vn 0.7454 -0.2719 0.6087
vn -0.0610 -0.9235 0.3788
vn 0.4003 0.8520 0.3373
vn -0.1811 -0.9181 0.3525
vn -0.9082 -0.2945 0.2973
vn -0.9720 0.1976 0.1275
vn -0.0763 0.9212 -0.3816
vn -0.2001 -0.9258 0.3208
vn -0.4060 0.9117 -0.0633
vn 0.0710 -0.5502 0.8320
vn 0.9835 0.1268 0.1288
vn -0.2722 -0.4964 0.8243
vn 0.1467 0.5195 -0.8418
vn 0.1539 0.5184 -0.8412
vn 0.1551 0.5183 -0.8410
vn 0.2502 -0.1151 0.9613
vn 0.4786 -0.3389 0.8100
vn 0.1590 0.5338 0.8305
vn -0.0637 -0.2006 0.9776
vn 0.2488 -0.0010 -0.9686
vn -0.8496 0.5256 -0.0451
vn -0.6317 -0.4722 0.6148
vn -0.9250 -0.3798 0.0077
vn -0.6407 0.4386 -0.6302
vn -0.2773 0.9469 -0.1628
vn 0.6865 -0.4293 0.5868
vn -0.2602 -0.1758 0.9494
vn 0.3460 0.4449 -0.8261
vn 0.1116 0.5522 -0.8262
vn -0.4401 -0.8822 0.1677
vn -0.5266 -0.7879 -0.3193
vn -0.8520 0.5234 0.0132
vn -0.9689 0.0794 0.2344
vn -0.9907 0.0450 0.1287
vn -0.4970 -0.7900 0.3590
vn -0.9872 -0.1205 0.1046
vn -0.9626 0.2692 0.0319
vn -0.5830 -0.5352 -0.6113
vn -0.9779 0.0812 0.1927
vn -0.5304 0.6106 0.5881
vn -0.9347 -0.2153 -0.2828
vn 0.3389 -0.7184 -0.6075
vn 0.2988 0.9406 -0.1611
vn -0.4531 -0.8914 -0.0117
vn -0.7600 0.4220 -0.4942
vn 0.4469 0.7802 -0.4377
vn -0.9151 -0.3770 0.1427
vn 0.6827 0.7265 0.0781
vn 0.4342 0.9008 -0.0086
vn 0.5353 0.0136 0.8446
vn -0.7599 -0.6392 0.1184
vn 0.3589 -0.9249 -0.1256
vn 0.8426 0.4552 -0.2877
vn 0.7615 0.3320 -0.5566
vn -0.7392 -0.6653 -0.1045
vn 0.3479 0.9307 -0.1131
vn -0.1359 -0.1586 0.9779
vn -0.9812 0.1928 -0.0064
vn 0.4532 0.0421 -0.8904
vn 0.1003 -0.9752 -0.1973
vn 0.4782 0.7246 -0.4962
vn 0.1933 0.9285 -0.3172
vn 0.4695 -0.5462 -0.6938
vn 0.7446 0.6661 -0.0435
vn 0.4392 0.8972 0.0460
vn 0.4003 0.9078 0.1255
vn 0.1261 -0.9093 -0.3966
vn 0.1176 0.8652 -0.4874
vn 0.7391 -0.3404 -0.5813
vn -0.0811 0.5935 -0.8007
vn 0.7052 0.1012 -0.7017
vn 0.5807 0.6860 -0.4384
vn 0.1883 -0.0920 -0.9778
vn 0.6100 0.7112 -0.3494
vn 0.0699 0.6243 -0.7781
vn 0.0694 0.8431 -0.5333
vn -0.0527 0.5909 -0.8050
vn -0.0387 0.7666 -0.6409
vn 0.3598 -0.6676 -0.6518
vn 0.1069 -0.9347 -0.3391
vn 0.2573 -0.6996 -0.6665
vn 0.3542 -0.4965 -0.7925
vn 0.1355 -0.9298 -0.3422
vn 0.1864 -0.7723 -0.6072
vn 0.5155 0.8562 0.0345
vn 0.4020 -0.5552 -0.7281
vn 0.2747 -0.7140 -0.6440
vn 0.2730 -0.7139 -0.6448
vn 0.2751 -0.7139 -0.6439
vn -0.0967 0.7704 -0.6302
vn 0.1129 -0.9339 -0.3391
vn 0.1128 -0.9336 -0.3401
vn -0.2509 0.9163 -0.3121
vn 0.2732 -0.9612 -0.0396
vn 0.4646 -0.8333 -0.2997
vn 0.1350 -0.9023 -0.4093
vn -0.2541 0.8148 -0.5210
vn 0.1173 0.9470 0.2990
vn -0.0210 -0.9790 -0.2026
vn 0.5120 0.3799 -0.7704
vn 0.2848 0.0774 -0.9555
vn 0.7795 0.3438 -0.5236
vn 0.5567 0.8295 0.0450
vn 0.4558 0.8833 0.1094
vn 0.2248 -0.8208 -0.5251
vn 0.2241 -0.8209 -0.5252
vn 0.2269 -0.8228 -0.5211
vn 0.3404 0.9347 0.1020
vn 0.1677 -0.9444 -0.2829
vn -0.0605 -0.7586 -0.6487
vn 0.0904 0.9308 0.3542
vn -0.0924 0.7813 -0.6173
vn 0.0679 0.9751 0.2113
vn 0.1432 -0.8616 -0.4870
vn 0.1471 -0.8638 -0.4820
vn 0.1453 -0.8625 -0.4848
vn 0.0367 0.5508 -0.8338
vn 0.0567 0.7006 -0.7113
vn -0.1566 0.7425 -0.6513
vn 0.2771 -0.8574 -0.4336
vn 0.0842 0.0490 -0.9952
vn -0.1978 0.9362 -0.2905
vn 0.6152 0.6903 -0.3809
vn -0.1199 0.6885 -0.7153
vn 0.9122 0.3899 -0.1258
vn 0.9755 -0.2193 -0.0154
vn 0.3130 -0.9167 -0.2484
vn 0.4494 0.8894 -0.0840
vn 0.9935 0.1084 0.0347
vn 0.9741 0.0183 0.2256
vn -0.2528 -0.7597 -0.5991
vn -0.5472 -0.3699 -0.7509
vn 0.3328 -0.9382 0.0948
vn 0.4886 -0.8680 0.0884
vn 0.6922 -0.7208 -0.0355
vn 0.8319 -0.5293 -0.1664
vn 0.9509 -0.2014 -0.2352
vn 0.9979 -0.0200 -0.0614
vn 0.9242 0.3789 -0.0487
vn 0.9242 0.3787 -0.0484
vn 0.9241 0.3791 -0.0482
vn 0.7599 -0.5449 0.3544
vn 0.5238 0.8495 0.0629
vn 0.5220 0.8501 0.0699
vn 0.5241 0.8494 0.0618
vn 0.7586 0.5783 -0.3001
vn 0.2300 0.9391 -0.2554
vn 0.9258 0.2548 0.2792
vn 0.9721 0.1893 0.1384
vn 0.6774 0.4423 0.5879
vn 0.1039 0.4506 0.8867
vn 0.7412 0.6491 0.1714
vn 0.3551 -0.0108 0.9348
vn 0.6239 0.3261 0.7102
vn 0.7347 0.2368 0.6358
vn 0.7347 0.2028 0.6474
vn 0.7345 0.2022 0.6478
vn 0.7357 0.2050 0.6455
vn 0.9314 0.0911 0.3525
vn 0.9564 0.1824 0.2281
vn 0.2880 0.9188 -0.2700
vn 0.8122 0.0734 0.5787
vn 0.6835 0.3276 0.6523
vn 0.7230 0.6821 0.1097
vn 0.8304 0.5166 0.2086
vn 0.8222 0.5655 -0.0642
vn 0.8112 0.4475 0.3765
vn 0.6900 0.5598 0.4589
vn 0.7607 0.6409 -0.1030
vn 0.6570 0.7033 0.2717
vn 0.5876 0.7528 0.2968
vn 0.3165 0.2521 0.9145
vn 0.4279 0.4035 0.8088
vn 0.4276 0.4031 0.8091
vn 0.4265 0.4006 0.8109
vn 0.7316 0.2768 0.6230
vn 0.7286 0.2847 0.6230
vn 0.7274 0.2844 0.6245
vn 0.7819 0.1108 0.6134
vn 0.7284 0.2841 0.6235
vn 0.7272 0.2843 0.6247
vn 0.8602 -0.1808 0.4768
vn 0.9330 0.0243 0.3590
vn 0.8587 0.4545 0.2368
vn 0.7454 0.4397 0.5010
vn 0.7380 0.3885 0.5518
vn 0.6325 0.1795 0.7535
vn -0.0117 0.9721 0.2344
vn 0.3466 0.3706 0.8617
vn 0.3472 0.3691 0.8621
vn 0.3463 0.3707 0.8618
vn 0.4747 0.2586 0.8413
vn 0.7290 0.2843 0.6227
vn 0.5972 0.7798 0.1879
vn -0.0559 0.0652 0.9963
vn -0.0572 0.0679 0.9961
vn -0.0689 0.0665 0.9954
vn -0.0598 0.8446 0.5320
vn 0.5669 0.6943 0.4433
vn 0.5678 0.6939 0.4428
vn 0.5755 0.6923 0.4354
vn 0.4766 0.6167 0.6265
vn 0.3657 0.3037 0.8798
vn 0.4785 0.1198 0.8699
vn 0.8433 0.5110 0.1663
vn 0.6041 0.3592 0.7114
vn 0.8658 0.4911 0.0955
vn 0.7434 0.5065 0.4369
vn 0.6920 0.7216 -0.0219
vn 0.8294 0.5551 0.0625
vn 0.9412 0.3312 0.0664
vn 0.9405 0.3330 0.0671
vn 0.9408 0.3335 0.0604
vn 0.9356 0.3420 0.0873
vn 0.9386 0.3007 0.1693
vn 0.6779 0.6512 0.3412
vn 0.4013 0.8305 0.3863
vn 0.4641 0.7001 0.5426
vn 0.4861 0.8736 -0.0208
vn 0.5445 0.7726 0.3265
vn 0.5070 0.8244 0.2516
vn 0.4458 0.8786 -0.1710
vn 0.4457 0.8789 -0.1699
vn 0.4458 0.8786 -0.1714
vn 0.5067 0.8589 0.0743
vn 0.2371 -0.9586 0.1574
vn -0.2700 0.7332 0.6241
vn 0.9532 -0.0711 0.2939
vn 0.4212 0.3476 0.8377
vn 0.7358 0.4290 0.5239
vn 0.4686 0.5820 -0.6646
vn 0.8262 0.3609 0.4326
vn 0.6056 0.3608 0.7093
vn 0.6401 0.7483 -0.1742
vn 0.3315 0.9431 -0.0273
vn 0.5677 0.7396 0.3615
vn 0.7678 0.5977 0.2307
vn 0.6043 0.7072 0.3670
vn 0.6030 0.7081 0.3676
vn 0.5947 0.7131 0.3712
vn 0.4795 0.7895 -0.3831
vn 0.4812 0.7894 -0.3813
vn 0.4820 0.7893 -0.3803
vn 0.1573 0.3153 0.9359
vn 0.7397 -0.6020 0.3008
vn 0.1583 0.4218 0.8928
vn 0.3942 0.4955 0.7740
vn 0.6400 0.7441 -0.1916
vn 0.9134 0.2450 0.3250
vn 0.1373 0.0923 0.9862
vn 0.1098 0.7566 0.6446
vn 0.1462 0.0663 0.9870
vn -0.0217 0.8565 -0.5157
vn -0.0430 0.3066 0.9509
vn -0.0664 0.6931 -0.7178
vn 0.4096 -0.7390 0.5349
vn 0.1562 0.6544 0.7399
vn 0.3413 0.5655 -0.7508
vn 0.2545 0.4518 -0.8550
vn 0.7839 0.4549 -0.4226
vn 0.7788 0.4536 -0.4332
vn 0.7839 0.4551 -0.4224
vn 0.9092 0.3182 -0.2685
vn 0.4604 0.6336 0.6217
vn 0.8754 0.2974 -0.3810
vn 0.8755 0.2977 -0.3806
vn 0.8787 0.2975 -0.3733
vn 0.2055 0.0175 -0.9785
vn 0.7927 0.5893 0.1563
vn 0.2499 0.9250 0.2861
vn 0.9879 0.1545 -0.0139
vn 0.9879 0.1546 -0.0140
vn 0.9881 0.1534 -0.0139
vn 0.6287 0.7761 -0.0493
vn 0.6279 0.7767 -0.0490
vn 0.6276 0.7770 -0.0489
vn -0.1952 0.9719 0.1317
vn 0.7986 0.5885 -0.1262
vn -0.8840 -0.3130 -0.3473
vn 0.8640 -0.4610 0.2026
vn 0.5997 0.8000 0.0212
vn -0.0124 -0.0605 -0.9981
vn 0.2614 0.8484 -0.4603
vn 0.5679 -0.8231 -0.0057
vn 0.7664 0.3455 -0.5415
vn 0.7731 0.3378 -0.5369
vn 0.7736 0.3372 -0.5365
vn 0.4916 0.8688 -0.0598
vn 0.4366 0.8570 0.2736
vn 0.7022 0.6703 0.2400
vn 0.1177 0.2766 0.9537
vn 0.6720 0.3088 0.6731
vn 0.7804 0.2168 0.5864
vn 0.1294 0.4017 0.9066
vn 0.1290 0.4018 0.9066
vn 0.1284 0.4019 0.9066
vn 0.7221 0.4619 0.5150
vn 0.1729 -0.0035 0.9849
vn 0.7648 0.5951 0.2470
vn 0.7673 0.5936 0.2425
vn 0.7677 0.5932 0.2424
vn 0.7828 0.5902 0.1972
vn 0.8204 0.5679 -0.0668
vn 0.1020 0.3436 0.9336
vn 0.5440 0.2494 0.8012
vn -0.2801 -0.5767 -0.7674
vn -0.2777 -0.5791 -0.7665
vn -0.2777 -0.5795 -0.7662
vn -0.3216 0.2144 -0.9223
vn 0.8809 0.4707 0.0503
vn 0.7200 0.4020 0.5656
vn 0.7547 0.4944 0.4313
vn 0.1046 -0.2239 -0.9690
vn -0.6729 0.7085 0.2126
vn -0.8588 -0.3553 -0.3692
vn -0.6956 -0.6853 -0.2158
vn -0.3151 -0.9387 -0.1400
vn -0.8055 0.5910 -0.0443
vn -0.9505 0.3078 0.0423
vn -0.5817 -0.7830 -0.2204
vn -0.1999 -0.9748 -0.0989
vn -0.2922 0.9535 0.0735
vn -0.1937 0.7089 -0.6781
vn -0.1531 0.7435 -0.6510
vn -0.3450 -0.0972 -0.9335
vn 0.0450 -0.8535 -0.5191
vn -0.2960 -0.5015 -0.8130
vn -0.1682 -0.8121 -0.5588
vn -0.3511 -0.0074 -0.9363
vn 0.1759 0.6842 -0.7077
vn 0.1649 0.6599 -0.7330
vn -0.1930 -0.6476 -0.7372
vn -0.0405 -0.3278 -0.9439
vn -0.0667 -0.3144 -0.9469
vn 0.1125 -0.4262 -0.8976
vn -0.0718 -0.8927 -0.4449
vn -0.0172 -0.4298 -0.9027
vn -0.0172 -0.4299 -0.9027
vn -0.0174 -0.4296 -0.9028
vn -0.1846 0.5219 -0.8328
vn -0.9463 0.3232 -0.0053
vn -0.4194 -0.0930 -0.9030
vn 0.0302 -0.9469 -0.3201
vn 0.0287 -0.9511 -0.3076
vn 0.0287 -0.9509 -0.3082
vn -0.0380 -0.9662 -0.2550
vn -0.3770 0.7635 -0.5244
vn -0.2503 0.8019 -0.5426
vn -0.3892 0.9211 0.0102
vn -0.1311 -0.0783 -0.9883
vn -0.8054 -0.3385 -0.4866
vn -0.8210 0.5702 0.0299
vn -0.6292 0.7757 0.0483
vn -0.6240 0.7773 0.0805
vn -0.3520 0.8864 0.3007
vn -0.0246 0.7827 -0.6220
vn -0.0906 0.7772 -0.6228
vn -0.9357 -0.0112 -0.3526
vn -0.9661 -0.2546 -0.0420
vn -0.4793 0.8244 -0.3010
vn -0.8023 0.4796 -0.3554
vn 0.1165 0.7063 -0.6982
vn 0.0847 0.3414 -0.9361
vn -0.3599 -0.6422 -0.6768
vn -0.2067 -0.8686 -0.4503
vn -0.0725 -0.8993 -0.4312
vn -0.6626 0.7483 0.0309
vn -0.6632 0.7477 0.0324
vn -0.6657 0.7452 0.0398
vn -0.6660 0.7448 0.0411
vn -0.6315 0.7743 -0.0413
vn -0.6297 0.7761 -0.0331
vn -0.6294 0.7765 -0.0316
vn -0.0502 -0.8261 -0.5613
vn -0.2163 -0.1120 -0.9699
vn -0.1246 0.5042 -0.8545
vn -0.0966 0.6489 -0.7547
vn -0.1164 0.7130 -0.6914
vn -0.1839 0.7960 -0.5767
vn -0.0657 0.7472 -0.6614
vn -0.0660 0.7472 -0.6613
vn -0.0668 0.7476 -0.6608
vn 0.0551 -0.9475 -0.3149
vn -0.1069 -0.7870 -0.6076
vn -0.1080 -0.7872 -0.6072
vn -0.1070 -0.7872 -0.6074
vn -0.0928 -0.8651 -0.4929
vn 0.0060 -0.8912 -0.4535
vn 0.0012 -0.8922 -0.4516
vn 0.0008 -0.8923 -0.4514
vn -0.3999 -0.4938 -0.7722
vn -0.3412 -0.5159 -0.7858
vn -0.0876 -0.7542 -0.6508
vn -0.0618 -0.9348 -0.3498
vn 0.0307 -0.9468 -0.3202
vn -0.0358 -0.9550 -0.2944
vn -0.5322 0.7837 0.3202
vn 0.0351 0.8944 0.4459
vn 0.3021 0.6816 -0.6664
vn -0.0782 0.7917 -0.6059
vn -0.0253 0.9992 0.0319
vn -0.2184 0.9300 0.2955
vn -0.2253 0.9184 0.3253
vn -0.2254 0.9184 0.3252
vn -0.2226 0.9180 0.3283
vn 0.0764 -0.9901 -0.1179
vn -0.0646 0.5536 -0.8303
vn 0.0507 0.8014 -0.5960
vn 0.0619 0.9888 0.1355
vn -0.1326 -0.9353 -0.3280
vn 0.1130 -0.7342 -0.6695
vn -0.2307 -0.9582 0.1690
vn -0.5228 -0.8523 -0.0139
vn -0.7635 -0.6136 -0.2013
vn -0.8168 -0.5427 -0.1958
vn -0.8165 -0.5434 -0.1949
vn -0.8169 -0.5424 -0.1960
vn -0.7978 -0.5707 -0.1945
vn -0.9429 -0.3258 -0.0684
vn -0.9639 0.2638 -0.0361
vn -0.7194 0.6920 -0.0592
vn -0.6168 0.7819 -0.0904
vn -0.7942 0.5757 0.1947
vn -0.6127 0.7079 0.3513
vn 0.0987 0.4945 -0.8636
vn -0.0451 -0.9801 0.1932
vn -0.0453 -0.9802 0.1929
vn -0.0453 -0.9804 0.1918
vn 0.7410 0.3269 -0.5866
vn -0.7682 -0.6377 0.0565
vn 0.8905 0.1381 0.4334
vn 0.8917 0.1270 0.4344
vn 0.8921 0.1263 0.4338
vn 0.2385 0.9091 -0.3415
vn 0.1130 0.6760 0.7282
vn 0.7355 0.4314 0.5225
vn 0.6141 0.6020 0.5104
vn 0.7091 0.7050 -0.0160
vn 0.5167 0.8161 0.2589
vn 0.6235 -0.7543 -0.2056
vn 0.9290 0.3700 0.0010
vn -0.4524 0.8125 -0.3677
vn 0.1191 0.6777 -0.7256
vn -0.6215 0.7092 -0.3329
vn -0.9932 0.0537 0.1033
vn -0.9779 0.0818 0.1925
vn -0.8741 0.1877 0.4480
vn -0.7827 0.2123 0.5851
vn -0.7829 0.2128 0.5847
vn -0.7841 0.2072 0.5850
vn -0.6781 0.1469 0.7201
vn -0.6005 0.1380 0.7877
vn -0.4608 0.2072 0.8630
vn -0.1703 0.3159 0.9334
vn -0.1550 0.9592 0.2365
vn -0.5144 0.8166 0.2618
vn -0.7666 0.5760 0.2840
vn -0.8102 0.5651 0.1554
vn -0.8102 0.5652 0.1553
vn -0.8318 0.5398 0.1293
vn -0.1458 -0.0664 0.9871
vn -0.2604 0.0611 0.9636
vn -0.4475 0.2601 0.8556
vn -0.6419 0.2640 0.7199
vn -0.6416 0.2636 0.7203
vn -0.6428 0.2651 0.7187
vn -0.7227 0.1704 0.6698
vn -0.7257 0.1722 0.6661
vn -0.7251 0.1721 0.6667
vn -0.7337 0.1348 0.6660
vn -0.7757 0.1588 0.6108
vn -0.8117 0.1343 0.5685
vn -0.8046 -0.0300 0.5930
vn -0.9363 -0.0388 0.3492
vn -0.9452 0.2703 0.1832
vn -0.3373 0.8941 -0.2947
vn -0.5086 0.8600 -0.0411
vn -0.7312 0.6748 0.0999
vn -0.7329 0.6731 0.0989
vn -0.7320 0.6740 0.0997
vn -0.7312 0.6748 0.1004
vn -0.9147 0.3304 0.2329
vn -0.9305 0.3542 -0.0933
vn -0.8494 0.4632 0.2530
vn -0.8308 0.4823 0.2776
vn -0.8621 0.4360 -0.2583
vn -0.7553 0.6381 0.1494
vn -0.7558 0.6375 0.1498
vn -0.7494 0.6446 0.1511
vn -0.7379 0.6442 0.2011
vn -0.1382 0.2817 0.9495
vn -0.2980 0.3851 0.8734
vn -0.4542 0.4405 0.7744
vn -0.6429 0.3224 0.6948
vn -0.7326 0.2519 0.6323
vn -0.7524 0.1996 0.6277
vn -0.7636 0.2170 0.6082
vn -0.8321 0.0918 0.5470
vn -0.8023 0.0283 0.5962
vn -0.9207 -0.1105 0.3744
vn -0.9458 -0.2815 0.1619
vn -0.7550 -0.3897 0.5275
vn -0.9059 0.1447 0.3981
vn -0.7957 0.1845 0.5768
vn -0.8061 0.2120 0.5525
vn -0.6133 0.7143 0.3370
vn -0.5446 0.3411 0.7662
vn -0.4345 0.2729 0.8583
vn -0.3737 0.2548 0.8919
vn -0.1502 0.3511 0.9242
vn -0.1497 0.3513 0.9242
vn -0.1518 0.3507 0.9241
vn -0.0204 0.3091 0.9508
vn -0.0020 0.0101 0.9999
vn -0.1130 -0.0124 0.9935
vn -0.1801 0.9399 0.2903
vn -0.0546 0.9193 0.3897
vn -0.1228 0.8123 -0.5702
vn -0.0294 0.8493 -0.5270
vn -0.5826 0.7519 -0.3086
vn -0.1623 0.8193 0.5499
vn -0.5402 0.5617 0.6266
vn -0.6948 0.4333 0.5741
vn -0.7857 0.2575 0.5626
vn -0.8920 0.4484 0.0569
vn -0.7854 0.6187 -0.0169
vn -0.7876 0.6159 -0.0195
vn -0.7849 0.6194 -0.0163
vn -0.8716 0.4320 0.2317
vn -0.9159 0.3974 0.0572
vn -0.9164 0.3962 0.0565
vn -0.9172 0.3960 0.0450
vn -0.9739 0.2173 0.0661
vn -0.9235 0.3595 0.1340
vn -0.8246 0.5290 0.2008
vn -0.5376 0.8229 0.1841
vn -0.5727 0.7793 0.2542
vn -0.7252 0.6478 0.2333
vn -0.7239 0.6490 0.2340
vn -0.7321 0.6415 0.2292
vn -0.7101 0.7041 0.0044
vn -0.7535 0.6187 0.2222
vn -0.7263 0.6553 0.2073
vn -0.7549 0.6258 0.1964
vn -0.8339 0.5263 0.1665
vn -0.8680 0.4734 0.1501
vn -0.9101 0.3878 0.1461
vn -0.8455 0.4470 0.2922
vn -0.8996 0.4359 0.0274
vn -0.8312 0.2472 0.4980
vn -0.8272 0.2084 0.5218
vn -0.8715 0.4724 0.1313
vn -0.8254 0.4544 0.3351
vn -0.9352 0.2879 0.2060
vn -0.9760 0.1567 0.1514
vn -0.9778 0.1545 0.1418
vn -0.9757 0.1570 0.1527
vn -0.9302 0.3551 0.0928
vn -0.9482 0.3087 0.0747
vn -0.9631 0.2527 0.0928
vn -0.9597 0.2717 0.0724
vn -0.9568 0.2680 -0.1125
vn -0.9786 0.1779 0.1030
vn -0.9716 0.2247 0.0746
vn -0.9898 0.0679 0.1254
vn -0.9836 0.1607 0.0816
vn -0.9946 0.0802 0.0659
vn -0.9962 0.0483 0.0729
vn -0.9954 0.0372 0.0880
vn -0.9865 0.1398 0.0854
vn -0.9759 0.1873 0.1119
vn -0.2387 0.9688 0.0666
vn -0.4550 0.8836 -0.1102
vn -0.5733 0.8116 -0.1123
vn -0.7849 0.6177 0.0486
vn -0.7843 0.6186 0.0477
vn -0.7851 0.6174 0.0486
vn -0.7777 0.6261 0.0564
vn -0.7785 0.6252 0.0562
vn -0.9505 0.2693 0.1551
vn -0.9571 0.2678 -0.1106
vn -0.8531 0.5086 -0.1167
vn -0.7910 0.5866 0.1740
vn -0.9404 0.3250 0.1000
vn -0.2031 0.9180 -0.3405
vn -0.1704 0.9073 -0.3844
vn 0.1336 -0.8392 0.5271
vn 0.5236 0.7410 0.4203
vn 0.1859 -0.7894 -0.5851
vn 0.2280 0.7546 0.6153
vn 0.6394 0.7406 -0.2068
vn 0.2797 0.9490 0.1456
vn 0.8984 0.3979 -0.1859
vn 0.3741 0.6541 0.6574
vn 0.2489 0.8104 0.5304
vn 0.6172 0.6940 -0.3707
vn -0.0068 0.9937 -0.1116
vn 0.2646 0.9551 0.1331
vn 0.4405 0.8679 0.2296
vn -0.4500 -0.7421 -0.4968
vn 0.9993 0.0340 -0.0159
vn 0.9420 0.3240 0.0878
vn 0.0985 0.4441 -0.8905
vn -0.3015 -0.9070 0.2941
vn -0.5804 -0.8122 0.0586
vn 0.8804 0.3882 0.2724
vn 0.8288 0.3923 -0.3991
vn 0.7946 0.3510 -0.4954
vn 0.7023 0.7118 -0.0095
vn 0.7024 0.7118 -0.0097
vn 0.7024 0.7117 -0.0101
vn 0.2590 0.4900 -0.8324
vn -0.3522 0.9357 -0.0230
vn 0.9795 -0.0101 0.2013
vn -0.6231 -0.7567 0.1977
vn -0.6375 -0.7464 0.1909
vn -0.6577 -0.6517 0.3779
vn -0.6579 -0.6503 0.3799
vn -0.6545 -0.6550 0.3777
vn 0.1637 0.9363 -0.3107
vn -0.1953 -0.9786 0.0648
vn 0.8757 0.0719 -0.4776
vn 0.6666 0.4979 -0.5548
vn -0.6288 -0.6744 0.3870
vn 0.7540 0.5559 -0.3498
vn 0.3513 0.6332 0.6896
vn 0.3518 0.6338 0.6888
vn 0.3545 0.6348 0.6865
vn 0.2037 0.4569 -0.8659
vn -0.4812 -0.5388 0.6915
vn -0.0118 -0.9853 0.1707
vn 0.2504 0.4260 -0.8694
vn 0.5679 0.6182 0.5434
vn -0.4926 -0.3962 -0.7749
vn -0.1358 -0.0110 -0.9907
vn 0.9982 0.0137 -0.0582
vn 0.9633 0.2527 0.0910
vn -0.6416 -0.7235 0.2548
vn -0.4615 -0.6930 -0.5539
vn 0.5714 0.7811 0.2519
vn -0.8459 -0.4911 0.2080
vn -0.9479 0.2815 0.1491
vn -0.6164 -0.0292 0.7869
vn -0.9807 0.1773 0.0828
vn -0.8362 0.1211 0.5349
vn -0.7629 0.5851 -0.2750
vn -0.6368 0.6679 -0.3852
vn -0.6320 0.6685 -0.3921
vn -0.6319 0.6683 -0.3926
vn -0.6131 0.6902 -0.3843
vn -0.3342 0.8996 0.2812
vn -0.3818 0.8871 0.2593
vn -0.4049 0.8471 0.3442
vn -0.4169 0.6418 0.6437
vn -0.4666 0.8114 0.3520
vn 0.1773 -0.3306 -0.9270
vn -0.2393 0.5549 0.7968
vn -0.0992 0.4875 -0.8675
vn 0.2280 -0.0506 -0.9723
vn -0.3916 0.7437 0.5419
vn -0.4791 0.8397 0.2558
vn -0.4797 0.8396 0.2550
vn -0.4772 0.8407 0.2560
vn -0.6446 0.7325 -0.2189
vn -0.6204 0.7798 -0.0839
vn -0.4543 0.8386 -0.3006
vn -0.5091 0.8428 -0.1745
vn -0.3294 0.8983 -0.2908
vn -0.3932 0.8633 -0.3164
vn -0.3422 0.8405 -0.4201
vn -0.4031 0.9055 -0.1326
vn -0.3603 0.8886 -0.2840
vn -0.3638 0.8849 -0.2909
vn -0.3645 0.8839 -0.2930
vn -0.6386 0.6675 -0.3830
vn -0.6322 0.6687 -0.3914
vn -0.5986 0.6933 -0.4013
vn -0.5980 0.6978 -0.3943
vn -0.6015 0.6917 -0.3997
vn 0.8069 0.5896 -0.0354
vn 0.4887 0.8641 0.1206
vn 0.8609 -0.2430 -0.4470
vn 0.7346 -0.6784 0.0094
vn -0.4262 -0.8670 -0.2583
vn 0.2920 -0.8381 -0.4607
vn 0.2345 -0.6154 0.7525
vn 0.7693 0.1920 0.6094
vn 0.6788 0.7333 0.0380
vn 0.5562 0.8188 -0.1422
vn 0.9216 0.1943 0.3361
vn 0.9234 0.1959 0.3300
vn -0.3874 -0.2304 0.8927
vn -0.1077 0.1651 0.9804
vn -0.1075 0.1654 0.9804
vn 0.6399 0.7190 0.2710
vn -0.1387 0.6991 0.7015
vn 0.5816 0.6550 -0.4825
vn 0.5821 0.6561 -0.4803
vn 0.5824 0.6553 -0.4810
vn 0.6402 0.5952 -0.4857
vn 0.5668 0.6564 -0.4978
vn 0.8435 0.3043 0.4426
vn 0.7375 0.4366 -0.5152
vn 0.7374 0.4364 -0.5155
vn 0.7378 0.4374 -0.5142
vn 0.5905 0.7308 -0.3423
vn 0.0691 0.8264 0.5589
vn 0.8120 0.5624 -0.1561
vn 0.8259 0.3583 0.4353
vn 0.3534 0.6921 0.6294
vn -0.5885 0.4985 0.6365
vn 0.5238 0.8099 0.2639
vn 0.0886 0.8991 0.4286
vn 0.2959 0.8282 0.4760
vn 0.6600 0.6024 0.4489
vn 0.0444 0.2518 -0.9668
vn -0.3542 0.9313 -0.0846
vn -0.3842 0.9180 -0.0980
vn -0.7933 0.5089 0.3342
vn -0.7785 0.6006 0.1823
vn -0.4280 0.2427 0.8705
vn -0.0608 -0.0672 0.9959
vn -0.4839 0.5332 -0.6939
vn -0.6890 0.5740 -0.4426
vn -0.8137 0.0943 -0.5736
vn -0.7823 0.6179 -0.0787
vn -0.5475 0.8103 -0.2090
vn -0.7104 0.6579 -0.2501
vn -0.5902 0.7006 -0.4012
vn -0.5897 0.6995 -0.4038
vn -0.3776 0.3796 0.8446
vn -0.1433 -0.4467 0.8831
vn -0.1384 -0.8563 0.4977
vn -0.0790 0.7791 -0.6219
vn -0.3913 0.9064 0.1593
vn -0.0397 0.0160 -0.9991
vn -0.0408 0.0213 -0.9989
vn -0.0406 0.0185 -0.9990
vn 0.3682 0.8317 -0.4156
vn 0.3484 0.4616 0.8158
vn -0.4667 0.5915 -0.6575
vn -0.2509 0.6364 0.7294
vn 0.5263 0.7586 -0.3841
vn 0.5279 0.7597 -0.3797
vn 0.5282 0.7602 -0.3783
vn 0.9635 0.2671 0.0171
vn -0.4146 0.6088 -0.6764
vn -0.4172 0.6097 -0.6740
vn 0.0795 -0.2255 0.9710
vn -0.1331 -0.8089 -0.5727
vn -0.1148 -0.8886 -0.4441
vn -0.2137 0.7322 0.6467
vn -0.0639 0.9832 -0.1707
vn -0.0638 0.9832 -0.1710
vn -0.4915 0.8341 -0.2505
vn -0.4499 0.6965 -0.5590
vn -0.0989 0.9894 0.1067
vn -0.1527 0.9153 0.3726
vn 0.1131 0.9773 -0.1792
vn 0.0697 0.8775 -0.4744
vn -0.3879 0.5944 0.7044
vn -0.3603 0.7776 0.5153
vn 0.0908 -0.1058 0.9902
vn 0.0778 0.8681 -0.4903
vn -0.0097 0.5502 0.8350
vn -0.1974 -0.4120 -0.8895
vn -0.2006 -0.4991 -0.8430
vn -0.1985 -0.5023 -0.8416
vn -0.2010 -0.4985 -0.8433
vn -0.1025 -0.9454 0.3094
vn -0.0979 -0.9945 -0.0372
vn -0.0961 -0.9948 -0.0341
vn -0.0981 -0.9945 -0.0377
vn -0.6446 -0.5348 -0.5463
vn 0.9528 0.2414 0.1840
vn -0.2986 0.2656 0.9167
vn -0.3181 0.2113 0.9242
vn -0.3753 0.9053 -0.1988
vn -0.7034 -0.5357 0.4672
vn 0.7580 0.6522 -0.0037
vn 0.4859 -0.1065 -0.8675
vn -0.0638 0.8587 -0.5085
vn -0.0245 -0.9759 -0.2167
vn -0.0781 -0.9894 -0.1220
vn -0.0782 -0.9894 -0.1224
vn -0.0843 -0.9888 -0.1228
vn -0.0849 -0.9884 -0.1260
vn -0.0848 -0.9884 -0.1263
vn -0.4198 0.6351 -0.6484
vn -0.4247 0.6360 -0.6442
vn -0.4296 0.6374 -0.6396
vn 0.2734 -0.8366 0.4747
vn -0.5178 -0.7957 -0.3143
vn -0.1460 0.7151 -0.6836
vn 0.3435 -0.7363 0.5829
vn -0.1176 -0.8759 0.4680
vn -0.1541 -0.9196 0.3614
vn -0.0953 0.8857 -0.4544
vn 0.0574 -0.3848 0.9212
vn 0.1446 -0.5740 -0.8060
vn -0.0602 -0.7071 0.7046
vn 0.0034 0.2469 -0.9690
vn 0.6925 0.6650 -0.2798
vn 0.0172 0.9661 0.2576
vn 0.8993 0.3727 0.2288
vn 0.4410 0.8144 -0.3772
vn 0.4465 0.8144 -0.3707
vn 0.4482 0.8144 -0.3686
vn -0.0049 0.8506 -0.5258
vn 0.0242 0.8514 -0.5240
vn -0.1774 0.9123 0.3691
vn 0.0139 0.9031 -0.4291
vn -0.0836 0.7868 0.6116
vn -0.3665 0.7225 -0.5862
vn -0.4270 0.6228 -0.6556
vn 0.6848 0.6462 -0.3368
vn -0.2298 0.9704 -0.0738
vn -0.6558 -0.7116 0.2522
vn -0.0404 0.0157 -0.9991
vn -0.0675 0.5050 -0.8605
vn -0.0727 0.5005 -0.8627
vn -0.0669 0.5052 -0.8604
vn 0.5254 -0.4512 0.7214
vn 0.3285 0.9214 -0.2079
vn -0.0930 -0.5901 -0.8020
vn -0.5486 -0.7326 -0.4029
vn 0.7641 0.5555 0.3279
vn -0.3031 0.8744 0.3788
vn -0.3720 0.8316 0.4123
vn -0.6018 0.7912 0.1083
vn 0.8539 0.5123 0.0917
vn 0.2583 0.9120 0.3186
vn 0.6107 0.7910 0.0365
vn -0.7876 0.4416 -0.4297
vn -0.6540 0.6300 -0.4187
vn -0.7690 0.3104 -0.5588
vn -0.8655 0.3435 -0.3645
vn -0.8449 0.3740 -0.3823
vn -0.8511 0.2618 -0.4550
vn -0.8482 0.2616 -0.4606
vn -0.8511 0.2627 -0.4545
vn -0.8371 0.2235 -0.4994
vn -0.8378 0.2262 -0.4969
vn -0.8369 0.2240 -0.4993
vn -0.8382 0.2277 -0.4955
vn 0.9311 0.3533 0.0913
vn 0.8981 0.4029 0.1766
vn 0.1035 0.9325 -0.3461
vn 0.4671 0.8835 -0.0349
vn -0.6099 0.6706 -0.4223
vn -0.6015 0.7843 -0.1518
vn -0.5871 0.7882 0.1842
vn -0.6908 0.4450 0.5699
vn -0.5524 0.6610 0.5079
vn -0.5237 0.7420 0.4186
vn -0.5623 0.4887 0.6671
vn -0.7744 0.3626 0.5184
vn -0.8524 0.4707 0.2280
vn -0.8521 0.4704 0.2296
vn -0.8520 0.4701 0.2303
vn -0.8301 0.5250 0.1877
vn -0.4982 0.1798 0.8482
vn -0.6396 0.3411 0.6889
vn -0.6078 0.4692 0.6406
vn -0.6077 0.4751 0.6364
vn -0.6075 0.4737 0.6376
vn -0.7354 0.6723 0.0848
vn -0.5953 0.7879 0.1577
vn -0.8319 0.5252 0.1794
vn -0.7863 0.5041 0.3573
vn -0.7262 0.3419 -0.5964
vn -0.7485 0.3774 -0.5453
vn -0.7000 0.4465 0.5574
vn -0.6987 0.4476 0.5581
vn -0.7056 0.4377 0.5573
vn -0.5000 0.6967 0.5143
vn 0.1643 0.7915 0.5887
vn 0.5631 0.7259 -0.3949
vn 0.0609 0.8974 -0.4370
vn -0.6490 0.7006 -0.2967
vn -0.1108 0.9922 -0.0565
vn 0.3212 0.8590 -0.3987
vn -0.5830 0.6462 -0.4925
vn -0.0745 0.9471 -0.3120
vn 0.2306 0.8718 -0.4321
vn -0.5419 0.6919 -0.4771
vn -0.5685 0.2947 0.7681
vn 0.7371 0.6644 0.1233
vn 0.7374 0.6641 0.1234
vn 0.7336 0.6675 0.1278
vn 0.5133 0.7023 0.4933
vn 0.8081 -0.0305 0.5883
vn 0.1966 0.0306 0.9800
vn 0.7821 0.6053 0.1481
vn 0.9591 0.2626 0.1060
vn 0.9589 0.2629 0.1067
vn 0.9574 0.2669 0.1105
vn 0.7108 0.6997 -0.0721
vn 0.2871 0.9220 -0.2597
vn 0.9571 0.2676 0.1109
vn 0.1194 0.0167 -0.9927
vn 0.1183 0.0165 -0.9928
vn 0.1183 0.0031 -0.9930
vn 0.3353 0.4246 0.8410
vn 0.1763 -0.9507 0.2551
vn 0.1031 -0.9933 0.0514
vn 0.3195 0.3349 0.8864
vn 0.4927 0.7702 -0.4049
vn 0.3853 0.9189 -0.0845
vn -0.1714 -0.7150 0.6778
vn 0.2479 0.7786 0.5765
vn 0.4290 0.7977 0.4239
vn -0.1949 -0.0971 -0.9760
vn 0.2247 0.9385 0.2620
vn -0.0841 -0.2137 0.9733
vn 0.1613 -0.9252 -0.3434
vn -0.1403 0.9617 -0.2356
vn 0.2037 0.5847 0.7853
vn 0.2238 0.3898 0.8933
vn 0.0908 -0.5226 0.8477
vn 0.2300 -0.2948 -0.9275
vn 0.4583 0.8372 0.2985
vn 0.5904 0.5735 0.5679
vn 0.5728 0.7371 -0.3586
vn 0.6636 0.6714 -0.3299
vn 0.8418 0.3199 -0.4348
vn 0.1219 0.7932 0.5967
vn 0.2798 0.9330 -0.2264
vn 0.2803 0.9325 -0.2280
vn 0.2796 0.9345 -0.2204
vn 0.8998 0.4290 -0.0803
vn 0.7022 0.7053 0.0974
vn 0.3643 0.8927 -0.2653
vn 0.3646 0.8924 -0.2659
vn 0.3668 0.8905 -0.2694
vn 0.9688 0.2196 0.1152
vn 0.9186 -0.2337 0.3187
vn -0.3111 0.6906 0.6529
vn -0.3355 0.8132 0.4755
vn -0.0469 0.9949 0.0889
vn -0.2750 0.9555 -0.1073
vn 0.4677 0.8401 0.2748
vn 0.2296 0.8500 0.4741
vn -0.0144 0.3598 0.9329
vn 0.0565 0.8591 0.5088
vn -0.1154 0.9530 -0.2802
vn -0.0016 -0.2279 0.9737
vn -0.1064 0.7224 0.6833
vn -0.2192 0.9496 0.2242
vn -0.0245 0.9148 -0.4031
vn -0.0191 0.8779 -0.4784
vn -0.0175 0.8767 -0.4807
vn -0.0193 0.8782 -0.4779
vn -0.0048 0.9976 -0.0689
vn -0.0573 0.4073 0.9115
vn -0.1561 0.2792 0.9474
vn -0.1798 0.3204 0.9300
vn 0.3956 0.7372 -0.5478
vn 0.0676 -0.8833 0.4639
vn 0.0284 -0.7224 0.6909
vn 0.0173 0.4189 -0.9079
vn 0.1276 -0.9795 -0.1557
vn 0.1976 -0.9562 -0.2160
vn -0.0100 0.9387 -0.3447
vn 0.1809 0.9735 -0.1398
vn 0.1832 0.9727 -0.1424
vn 0.1811 0.9736 -0.1393
vn 0.1193 -0.9396 0.3207
vn 0.1192 -0.9398 0.3202
vn 0.1192 -0.9406 0.3179
vn 0.2576 0.7715 -0.5818
vn 0.0153 0.9535 0.3010
vn 0.0742 0.9350 0.3469
vn 0.0239 0.0712 -0.9972
vn 0.0210 0.0710 -0.9973
vn 0.6275 0.6945 -0.3522
vn 0.6284 0.6945 -0.3504
vn 0.8029 0.5164 -0.2978
vn 0.3956 0.8305 -0.3922
vn -0.1696 0.9302 0.3255
vn 0.7358 0.4478 -0.5080
vn -0.8383 0.2844 -0.4652
vn -0.0018 0.9337 -0.3579
vn -0.4552 0.8511 0.2614
vn -0.2798 0.7756 0.5659
vn -0.3577 0.8315 -0.4251
vn -0.3589 0.8310 -0.4250
vn 0.8751 0.2959 -0.3829
vn -0.1091 0.8177 -0.5652
vn 0.3228 0.8190 -0.4743
vn 0.0133 0.8573 -0.5146
vn 0.6448 0.6944 -0.3194
vn -0.3174 0.8184 -0.4790
vn -0.3346 0.8920 -0.3039
vn -0.3432 0.8863 -0.3110
vn -0.3347 0.8923 -0.3029
vn -0.3504 0.6130 -0.7082
vn -0.2769 0.7568 -0.5921
vn -0.3918 0.7322 -0.5571
vn -0.4343 0.6992 -0.5679
vn -0.4302 0.0960 -0.8976
vn -0.4339 0.2741 -0.8583
vn -0.9069 0.1811 -0.3805
vn -0.9625 0.2252 -0.1510
vn -0.7317 0.5772 -0.3625
vn -0.7957 0.3879 -0.4651
vn -0.6600 0.6548 -0.3682
vn -0.3316 0.7527 0.5687
vn -0.5761 0.6982 -0.4249
vn -0.5731 0.7023 -0.4223
vn -0.1711 0.7828 -0.5984
vn -0.4295 0.7520 -0.5000
vn -0.4837 0.7968 -0.3622
vn -0.4295 0.8635 -0.2643
vn -0.2091 0.8649 -0.4562
vn -0.9162 0.3677 0.1591
vn -0.9529 0.2579 -0.1593
vn -0.8533 0.3002 -0.4263
vn -0.7934 0.3250 -0.5147
vn -0.6770 0.4014 -0.6169
vn -0.5735 0.6773 0.4607
vn -0.5739 0.6779 0.4595
vn -0.5768 0.6818 0.4500
vn -0.8205 0.5578 0.1254
vn 0.2191 0.8387 -0.4985
vn -0.4579 0.7385 -0.4949
vn -0.3420 0.8286 -0.4433
vn -0.5346 0.7617 -0.3660
vn -0.4908 0.8025 -0.3394
vn -0.4319 0.8575 -0.2796
vn -0.4285 0.8609 -0.2744
vn -0.4285 0.8613 -0.2731
vn -0.6058 0.7490 -0.2685
vn -0.6053 0.7492 -0.2688
vn -0.6039 0.7495 -0.2713
vn -0.5671 0.7586 -0.3208
vn -0.2983 0.9070 -0.2971
vn -0.2675 0.9210 -0.2833
vn 0.7630 0.5106 0.3965
vn -0.0762 0.3711 0.9254
vn -0.7533 0.6389 -0.1556
vn -0.8820 0.4699 0.0359
vn -0.9833 0.1807 0.0193
vn -0.9034 0.3759 0.2061
vn 0.5399 0.7849 -0.3040
vn 0.5412 0.7848 -0.3019
vn 0.5409 0.7819 -0.3100
vn -0.3753 -0.2003 -0.9050
vn -0.0495 0.1151 -0.9921
vn 0.4895 0.3017 0.8182
vn -0.5376 0.2668 -0.7999
vn -0.5830 0.3872 -0.7143
vn -0.3183 -0.1966 -0.9274
vn -0.1645 -0.1296 -0.9778
vn -0.6681 0.6782 -0.3060
vn -0.6691 0.6772 -0.3060
vn -0.6722 0.6767 -0.3004
vn 0.0879 0.9756 0.2014
vn 0.3544 0.6325 -0.6888
vn 0.2416 0.7984 -0.5515
vn 0.4723 0.7699 0.4291
vn 0.7599 0.6215 -0.1907
vn 0.8758 0.3301 -0.3522
vn 0.3997 0.8412 -0.3643
vn -0.0911 0.8599 -0.5022
vn 0.7143 0.3948 0.5779
vn -0.2537 0.9477 0.1936
vn -0.0899 0.9959 0.0040
vn -0.0902 0.9959 0.0041
vn -0.0919 0.9958 0.0039
vn 0.3666 0.8542 -0.3687
vn 0.2245 0.9204 -0.3202
vn 0.3935 0.8654 -0.3102
vn 0.7551 0.3569 -0.5499
vn 0.7545 0.3545 -0.5523
vn 0.7543 0.3536 -0.5532
vn 0.6329 0.7621 0.1363
vn 0.5359 0.4343 0.7240
vn 0.8279 0.3943 -0.3990
vn 0.8401 0.5048 -0.1984
vn 0.8398 0.5055 -0.1982
vn 0.8372 0.5110 -0.1946
vn 0.5690 0.1968 0.7984
vn 0.5230 0.8505 -0.0560
vn 0.3385 0.8537 -0.3957
vn 0.7557 0.6016 0.2588
vn 0.3307 0.6900 -0.6439
vn 0.6350 0.7331 -0.2436
vn 0.5027 0.5224 -0.6888
vn -0.0602 0.9231 0.3799
vn 0.8706 0.3087 -0.3831
vn 0.6446 0.4875 0.5889
vn -0.1778 0.8806 0.4394
vn 0.8552 0.3784 -0.3543
vn -0.2406 0.9500 -0.1989
vn 0.3467 0.8860 -0.3079
vn 0.3348 0.8889 -0.3128
vn 0.3459 0.8864 -0.3078
vn 0.7508 0.6273 0.2068
vn 0.8063 0.5227 0.2769
vn 0.8654 0.4702 0.1731
vn 0.8666 0.4690 0.1701
vn 0.8669 0.4686 0.1697
vn 0.9028 0.3922 0.1765
vn 0.9051 0.3909 0.1671
vn 0.9053 0.3910 0.1660
vn 0.8528 0.4927 0.1735
vn 0.8700 0.4588 0.1807
vn -0.6925 0.7192 -0.0570
vn -0.6905 0.7209 -0.0599
vn -0.6926 0.7191 -0.0567
vn -0.6902 0.7227 -0.0370
vn -0.3800 0.9204 0.0917
vn -0.3377 0.9390 0.0650
vn 0.0851 0.9640 0.2519
vn 0.0718 0.9973 0.0137
vn -0.0494 0.8761 0.4797
vn 0.1944 0.9105 -0.3650
vn 0.0588 0.9354 -0.3487
vn 0.7323 0.6594 -0.1701
vn 0.4722 0.4197 -0.7752
vn -0.3790 0.7279 0.5714
vn -0.6815 0.6417 0.3517
vn -0.6968 0.6823 0.2211
vn -0.6465 0.7453 0.1631
vn -0.7566 0.6355 0.1539
vn -0.7622 0.6285 0.1552
vn -0.7564 0.6358 0.1537
vn -0.4906 0.8254 0.2794
vn -0.6867 0.6814 0.2533
vn -0.7093 0.7044 0.0255
vn -0.4200 0.7542 0.5048
vn -0.5785 0.7280 0.3678
vn -0.6136 0.7150 -0.3350
vn -0.6346 0.7451 -0.2051
vn -0.6053 0.7710 -0.1981
vn -0.3442 0.8783 -0.3317
vn 0.4170 0.8570 0.3028
vn 0.5269 0.7943 0.3023
vn 0.6165 0.7873 -0.0016
vn 0.6409 0.7482 -0.1714
vn 0.6316 0.7563 -0.1706
vn 0.6323 0.7553 -0.1724
vn 0.4312 -0.1488 -0.8899
vn 0.4942 0.1676 -0.8531
vn 0.6248 0.7766 -0.0802
vn 0.2262 0.9738 -0.0221
vn -0.1290 0.8939 -0.4293
vn -0.1394 0.9899 0.0260
vn 0.3839 0.9064 0.1764
vn 0.5802 0.8061 0.1164
vn 0.4010 -0.2059 -0.8927
vn 0.5260 0.7958 -0.3000
vn 0.2043 0.9074 -0.3672
vn 0.1091 0.4222 -0.8999
vn -0.2080 0.3013 0.9306
vn 0.4725 0.3909 0.7899
vn 0.5799 0.5893 -0.5625
vn 0.0756 0.4567 -0.8864
vn 0.0730 0.4589 -0.8855
vn 0.0745 0.4559 -0.8869
vn 0.0457 0.4866 -0.8725
vn 0.2822 0.4191 -0.8630
vn 0.0885 0.1777 0.9801
vn 0.2832 0.2561 0.9242
vn -0.1605 0.2569 0.9530
vn -0.2843 0.4110 0.8662
vn -0.2837 0.4110 0.8664
vn -0.2838 0.4102 0.8667
vn 0.0761 0.4567 -0.8864
vn -0.0978 0.2220 0.9701
vn 0.1239 0.1785 0.9761
vn 0.1376 0.1818 0.9737
vn 0.4482 0.4994 -0.7415
vn 0.6787 0.5741 0.4581
vn -0.0226 0.5715 -0.8203
vn -0.2818 0.4064 0.8692
vn -0.1939 0.8026 -0.5642
vn 0.1571 0.4223 -0.8928
vn 0.2331 0.4137 -0.8801
vn 0.1099 0.4380 -0.8922
vn -0.4124 0.8201 0.3967
vn 0.3246 0.4328 -0.8410
vn 0.4013 0.4704 -0.7860
vn 0.1995 0.2082 0.9575
vn -0.0888 0.6707 -0.7364
vn -0.3914 0.9176 0.0693
vn -0.3637 0.6091 0.7048
vn -0.0136 0.4875 -0.8730
vn 0.0172 0.5272 -0.8496
vn 0.0182 0.5262 -0.8502
vn 0.0204 0.5302 -0.8477
vn -0.5766 0.3338 0.7458
vn 0.1691 0.5168 0.8392
vn 0.2453 0.7338 0.6335
vn -0.4771 0.4588 -0.7495
vn -0.2677 0.3786 -0.8860
vn 0.1657 0.8113 -0.5607
vn -0.4027 0.2229 0.8878
vn 0.2876 0.9090 0.3017
vn -0.2422 0.1613 0.9567
vn 0.0681 0.6198 -0.7818
vn 0.0506 0.3020 0.9520
vn 0.0144 0.2613 0.9651
vn -0.2332 0.3720 -0.8985
vn -0.0433 0.2208 0.9744
vn 0.0210 0.5305 -0.8474
vn 0.0261 0.5390 -0.8419
vn -0.0988 0.4100 -0.9067
vn -0.6980 0.5602 -0.4460
vn -0.3013 0.1789 0.9366
vn -0.2265 0.1594 0.9609
vn -0.4960 0.2760 0.8233
vn -0.0724 0.4291 -0.9003
vn 0.1403 0.4528 0.8805
vn -0.1348 0.3924 -0.9099
vn 0.2725 0.9605 -0.0557
vn -0.3660 0.4115 -0.8347
vn -0.2047 0.1615 0.9654
vn -0.2162 0.3721 -0.9026
vn -0.5215 0.8509 -0.0631
vn -0.5214 0.8509 -0.0633
vn -0.5214 0.8510 -0.0629
vn -0.6754 0.7320 -0.0898
vn -0.6782 0.7299 -0.0851
vn -0.6743 0.7329 -0.0899
vn -0.3480 0.9366 -0.0402
vn -0.3483 0.9365 -0.0404
vn -0.3483 0.9365 -0.0408
vn -0.6491 0.7317 -0.2082
vn -0.6489 0.7316 -0.2088
vn -0.6494 0.7315 -0.2079
vn -0.3353 0.9371 -0.0972
vn -0.3351 0.9371 -0.0977
vn -0.5000 0.8518 -0.1564
vn -0.5009 0.8515 -0.1550
vn -0.4997 0.8520 -0.1562
vn -0.5970 0.7342 -0.3233
vn -0.5969 0.7342 -0.3235
vn -0.5967 0.7344 -0.3235
vn -0.3109 0.9384 -0.1509
vn -0.4618 0.8536 -0.2411
vn -0.4616 0.8536 -0.2413
vn -0.4618 0.8536 -0.2412
vn -0.5235 0.7384 -0.4252
vn -0.5234 0.7385 -0.4251
vn -0.5245 0.7383 -0.4240
vn -0.2760 0.9402 -0.1997
vn -0.2771 0.9400 -0.1990
vn -0.2758 0.9402 -0.1997
vn -0.4066 0.8565 -0.3178
vn -0.4067 0.8566 -0.3176
vn -0.4070 0.8565 -0.3175
vn -0.4309 0.7431 -0.5120
vn -0.4294 0.7436 -0.5125
vn -0.2333 0.9424 -0.2395
vn -0.2342 0.9424 -0.2388
vn -0.3378 0.8603 -0.3817
vn -0.3379 0.8603 -0.3817
vn -0.3379 0.8604 -0.3815
vn -0.3242 0.7485 -0.5785
vn -0.3242 0.7486 -0.5783
vn -0.3241 0.7485 -0.5786
vn -0.1839 0.9453 -0.2695
vn -0.1842 0.9453 -0.2693
vn -0.2587 0.8648 -0.4303
vn -0.2585 0.8649 -0.4303
vn -0.2589 0.8648 -0.4303
vn -0.2063 0.7551 -0.6223
vn -0.2068 0.7554 -0.6218
vn -0.2070 0.7554 -0.6217
vn -0.1284 0.9485 -0.2895
vn -0.1299 0.9486 -0.2888
vn -0.1307 0.9485 -0.2886
vn -0.1709 0.8699 -0.4627
vn -0.1711 0.8698 -0.4627
vn -0.1714 0.8699 -0.4625
vn -0.0839 0.7626 -0.6414
vn -0.0837 0.7627 -0.6413
vn -0.0840 0.7625 -0.6415
vn -0.0762 0.9516 -0.2977
vn -0.0792 0.9512 -0.2983
vn -0.0748 0.9518 -0.2975
vn -0.0806 0.8749 -0.4775
vn -0.0822 0.8743 -0.4783
vn -0.0802 0.8752 -0.4772
vn 0.0411 0.7703 -0.6364
vn 0.0427 0.7711 -0.6353
vn 0.0409 0.7699 -0.6369
vn -0.0138 0.9551 -0.2961
vn -0.0148 0.9551 -0.2960
vn -0.0157 0.9551 -0.2959
vn 0.0150 0.8803 -0.4743
vn 0.0146 0.8804 -0.4740
vn 0.0142 0.8802 -0.4744
vn 0.1625 0.7786 -0.6061
vn 0.1620 0.7775 -0.6077
vn 0.1638 0.7784 -0.6060
vn 0.0355 0.9583 -0.2837
vn 0.0335 0.9579 -0.2853
vn 0.0363 0.9583 -0.2835
vn 0.1006 0.8857 -0.4532
vn 0.0990 0.8848 -0.4554
vn 0.1022 0.8854 -0.4534
vn 0.2786 0.7843 -0.5543
vn 0.2785 0.7843 -0.5543
vn 0.2782 0.7843 -0.5546
vn 0.0958 0.9617 -0.2568
vn 0.0958 0.9617 -0.2569
vn 0.0953 0.9617 -0.2570
vn 0.1920 0.8906 -0.4124
vn 0.1900 0.8912 -0.4118
vn 0.1890 0.8908 -0.4133
vn 0.3787 0.7903 -0.4818
vn 0.3793 0.7900 -0.4817
vn 0.3799 0.7902 -0.4809
vn 0.1359 0.9643 -0.2274
vn 0.2610 0.8958 -0.3598
vn 0.2608 0.8946 -0.3629
vn 0.2630 0.8952 -0.3596
vn 0.4639 0.7958 -0.3892
vn 0.4639 0.7957 -0.3894
vn 0.1821 0.9671 -0.1775
vn 0.1820 0.9671 -0.1775
vn 0.3305 0.8991 -0.2871
vn 0.3272 0.9000 -0.2880
vn 0.3272 0.8995 -0.2895
vn 0.5286 0.8004 -0.2827
vn 0.5288 0.8004 -0.2825
vn 0.2079 0.9687 -0.1355
vn 0.2078 0.9687 -0.1357
vn 0.2079 0.9688 -0.1351
vn 0.3738 0.9031 -0.2115
vn 0.3744 0.9020 -0.2152
vn 0.3749 0.9028 -0.2108
vn 0.5720 0.8038 -0.1637
vn 0.5704 0.8045 -0.1654
vn 0.5701 0.8047 -0.1657
vn 0.2327 0.9701 -0.0682
vn 0.2323 0.9702 -0.0689
vn 0.2319 0.9703 -0.0695
vn 0.4102 0.9044 -0.1176
vn 0.4079 0.9050 -0.1208
vn 0.4073 0.9052 -0.1213
vn 0.5894 0.8066 -0.0437
vn 0.5896 0.8065 -0.0437
vn 0.5900 0.8062 -0.0433
vn 0.2389 0.9706 -0.0284
vn 0.2403 0.9703 -0.0293
vn 0.2386 0.9707 -0.0273
vn 0.4213 0.9062 -0.0355
vn 0.4228 0.9054 -0.0385
vn 0.4205 0.9067 -0.0344
vn 0.5853 0.8068 0.0805
vn 0.5857 0.8064 0.0811
vn 0.5841 0.8074 0.0837
vn 0.2366 0.9707 0.0431
vn 0.2362 0.9709 0.0403
vn 0.2362 0.9709 0.0399
vn 0.4193 0.9058 0.0605
vn 0.4175 0.9067 0.0592
vn 0.4170 0.9070 0.0582
vn 0.5576 0.8049 0.2030
vn 0.5599 0.8040 0.2002
vn 0.5564 0.8058 0.2028
vn 0.2270 0.9708 0.0782
vn 0.2294 0.9704 0.0754
vn 0.2266 0.9707 0.0795
vn 0.3969 0.9064 0.1444
vn 0.4010 0.9053 0.1399
vn 0.3962 0.9066 0.1455
vn 0.5073 0.8021 0.3150
vn 0.5083 0.8017 0.3144
vn 0.5068 0.8023 0.3153
vn 0.2017 0.9696 0.1383
vn 0.2019 0.9696 0.1381
vn 0.2009 0.9694 0.1413
vn 0.3601 0.9038 0.2311
vn 0.4350 0.7998 0.4135
vn 0.4358 0.8004 0.4116
vn 0.4368 0.8003 0.4107
vn 0.1778 0.9684 0.1749
vn 0.1794 0.9683 0.1735
vn 0.1767 0.9686 0.1750
vn 0.3068 0.9015 0.3051
vn 0.3478 0.7968 0.4941
vn 0.3547 0.7946 0.4928
vn 0.3468 0.7966 0.4950
vn 0.1374 0.9672 0.2138
vn 0.1345 0.9666 0.2181
vn 0.1328 0.9665 0.2197
vn 0.2500 0.8967 0.3652
vn 0.2500 0.8971 0.3643
vn 0.2502 0.8974 0.3633
vn 0.2415 0.7892 0.5647
vn 0.2434 0.7903 0.5624
vn 0.2437 0.7905 0.5620
vn 0.0846 0.9647 0.2493
vn 0.0846 0.9647 0.2492
vn 0.0856 0.9647 0.2490
vn 0.1654 0.8934 0.4178
vn 0.1697 0.8926 0.4176
vn 0.1633 0.8940 0.4172
vn 0.1253 0.7848 0.6069
vn 0.1214 0.7835 0.6095
vn 0.1219 0.7824 0.6108
vn 0.0301 0.9624 0.2701
vn 0.0295 0.9614 0.2735
vn 0.0257 0.9618 0.2724
vn 0.0787 0.8882 0.4527
vn 0.0788 0.8885 0.4520
vn 0.0790 0.8888 0.4515
vn -0.0050 0.7756 0.6313
vn -0.0052 0.7754 0.6314
vn -0.0050 0.7755 0.6313
vn -0.0454 0.9578 0.2838
vn -0.0503 0.9580 0.2825
vn -0.0439 0.9579 0.2837
vn -0.0224 0.8837 0.4675
vn -0.0272 0.8843 0.4662
vn -0.0220 0.8834 0.4682
vn -0.1339 0.7676 0.6267
vn -0.1339 0.7677 0.6267
vn -0.1336 0.7678 0.6266
vn -0.1003 0.9547 0.2801
vn -0.1015 0.9545 0.2803
vn -0.1025 0.9544 0.2804
vn -0.1214 0.8786 0.4619
vn -0.1196 0.8791 0.4614
vn -0.1189 0.8792 0.4614
vn -0.2556 0.7607 0.5966
vn -0.2597 0.7627 0.5923
vn -0.2553 0.7602 0.5974
vn -0.1659 0.9501 0.2643
vn -0.1690 0.9501 0.2622
vn -0.1641 0.9500 0.2658
vn -0.2149 0.8730 0.4379
vn -0.2174 0.8734 0.4357
vn -0.2143 0.8728 0.4384
vn -0.3694 0.7549 0.5419
vn -0.3692 0.7549 0.5420
vn -0.3693 0.7552 0.5416
vn -0.2110 0.9470 0.2421
vn -0.2070 0.9479 0.2420
vn -0.2064 0.9476 0.2438
vn -0.2929 0.8682 0.4006
vn -0.2928 0.8682 0.4006
vn -0.4704 0.7480 0.4681
vn -0.4660 0.7498 0.4697
vn -0.4660 0.7502 0.4692
vn -0.2590 0.9439 0.2050
vn -0.2593 0.9440 0.2040
vn -0.2588 0.9437 0.2059
vn -0.3702 0.8629 0.3440
vn -0.3714 0.8635 0.3412
vn -0.3696 0.8629 0.3447
vn -0.5559 0.7441 0.3704
vn -0.5567 0.7419 0.3736
vn -0.5579 0.7433 0.3691
vn -0.2945 0.9410 0.1668
vn -0.2928 0.9413 0.1679
vn -0.2922 0.9415 0.1682
vn -0.4312 0.8587 0.2770
vn -0.4329 0.8577 0.2774
vn -0.4339 0.8580 0.2750
vn -0.6190 0.7369 0.2719
vn -0.6183 0.7377 0.2711
vn -0.6169 0.7379 0.2738
vn -0.3220 0.9391 0.1201
vn -0.3218 0.9390 0.1214
vn -0.3222 0.9391 0.1195
vn -0.4804 0.8540 0.1997
vn -0.4803 0.8542 0.1992
vn -0.6597 0.7342 0.1604
vn -0.6634 0.7317 0.1566
vn -0.6635 0.7318 0.1557
vn -0.3411 0.9374 0.0705
vn -0.3411 0.9374 0.0706
vn -0.3411 0.9374 0.0709
vn -0.5105 0.8517 0.1185
vn -0.5106 0.8516 0.1184
vn -0.5099 0.8520 0.1189
vn -0.1601 0.9870 -0.0159
vn -0.1555 0.9872 -0.0360
vn -0.1468 0.9876 -0.0555
vn -0.1347 0.9882 -0.0723
vn -0.1187 0.9891 -0.0868
vn -0.1021 0.9900 -0.0969
vn -0.0823 0.9911 -0.1044
vn -0.0759 0.9915 -0.1054
vn -0.0696 0.9919 -0.1064
vn -0.0427 0.9935 -0.1054
vn -0.0421 0.9936 -0.1047
vn -0.0317 0.9942 -0.1028
vn -0.0044 0.9959 -0.0904
vn 0.0026 0.9968 -0.0803
vn 0.0027 0.9968 -0.0803
vn 0.0063 0.9966 -0.0824
vn 0.0258 0.9978 -0.0613
vn 0.0253 0.9984 -0.0507
vn 0.0250 0.9984 -0.0510
vn 0.0329 0.9982 -0.0498
vn 0.0451 0.9988 -0.0172
vn 0.0452 0.9988 -0.0175
vn 0.0450 0.9988 -0.0178
vn 0.0440 0.9988 0.0195
vn 0.0446 0.9988 0.0192
vn 0.0457 0.9989 0.0119
vn 0.0324 0.9986 0.0414
vn 0.0319 0.9986 0.0418
vn 0.0319 0.9986 0.0419
vn 0.0311 0.9986 0.0433
vn 0.0172 0.9982 0.0566
vn -0.0058 0.9975 0.0703
vn -0.0223 0.9968 0.0763
vn -0.0662 0.9943 0.0832
vn -0.0749 0.9938 0.0826
vn -0.0750 0.9938 0.0826
vn -0.0759 0.9937 0.0828
vn -0.1085 0.9913 0.0751
vn -0.1105 0.9914 0.0696
vn -0.1164 0.9906 0.0715
vn -0.1337 0.9892 0.0593
vn -0.1437 0.9884 0.0486
vn -0.1513 0.9878 0.0365
vn -0.1577 0.9873 0.0203
vn -0.6819 0.7302 0.0416
vn -0.6792 0.7325 0.0463
vn -0.6784 0.7332 0.0468
vn -0.3502 0.9365 0.0159
vn -0.3502 0.9366 0.0160
vn -0.3501 0.9366 0.0160
vn -0.5248 0.8508 0.0289
vn -0.5247 0.8508 0.0289
vn -0.5249 0.8507 0.0290
vn -0.1606 0.9870 0.0026
vn -0.8460 -0.5206 -0.1155
vn -0.8460 -0.5205 -0.1157
vn -0.9783 -0.1578 -0.1345
vn -0.9783 -0.1588 -0.1335
vn -0.9641 0.2318 -0.1298
vn -0.9640 0.2320 -0.1301
vn -0.9640 0.2322 -0.1297
vn -0.8032 0.5860 -0.1070
vn -0.8032 0.5861 -0.1069
vn -0.4167 -0.9071 -0.0591
vn -0.4167 -0.9071 -0.0587
vn -0.4169 -0.9070 -0.0596
vn -0.7290 -0.6772 -0.1000
vn -0.7290 -0.6772 -0.1001
vn -0.7291 -0.6770 -0.1005
vn -0.9296 -0.3460 -0.1272
vn -0.9296 -0.3460 -0.1273
vn -0.9296 -0.3459 -0.1274
vn -0.9900 0.0397 -0.1356
vn -0.9900 0.0397 -0.1355
vn -0.9898 0.0380 -0.1373
vn -0.9012 0.4162 -0.1211
vn -0.9011 0.4164 -0.1209
vn -0.9008 0.4170 -0.1213
vn -0.6630 0.7434 -0.0877
vn -0.6626 0.7437 -0.0887
vn -0.6635 0.7430 -0.0876
vn -0.2313 -0.9723 -0.0344
vn -0.2314 -0.9722 -0.0346
vn -0.2314 -0.9723 -0.0343
vn -0.5846 -0.8073 -0.0810
vn -0.5845 -0.8073 -0.0811
vn -0.5845 -0.8073 -0.0813
vn -0.8614 0.4172 -0.2897
vn -0.8614 0.4171 -0.2897
vn -0.8612 0.4177 -0.2896
vn -0.6352 0.7445 -0.2055
vn -0.6352 0.7445 -0.2056
vn -0.6351 0.7446 -0.2057
vn -0.2189 -0.9718 -0.0879
vn -0.2188 -0.9718 -0.0877
vn -0.2190 -0.9718 -0.0879
vn -0.5557 -0.8065 -0.2019
vn -0.5557 -0.8065 -0.2018
vn -0.8058 -0.5196 -0.2842
vn -0.8058 -0.5195 -0.2841
vn -0.8059 -0.5194 -0.2843
vn -0.9333 -0.1555 -0.3237
vn -0.9205 0.2334 -0.3134
vn -0.9205 0.2333 -0.3134
vn -0.9206 0.2330 -0.3133
vn -0.7684 0.5874 -0.2542
vn -0.7685 0.5869 -0.2548
vn -0.7688 0.5864 -0.2551
vn -0.3952 -0.9066 -0.1480
vn -0.3954 -0.9066 -0.1475
vn -0.3957 -0.9064 -0.1478
vn -0.6936 -0.6764 -0.2478
vn -0.6936 -0.6765 -0.2477
vn -0.6935 -0.6766 -0.2475
vn -0.8861 -0.3446 -0.3101
vn -0.8861 -0.3452 -0.3092
vn -0.9450 0.0389 -0.3249
vn -0.9449 0.0386 -0.3252
vn -0.7898 0.4196 -0.4474
vn -0.7898 0.4197 -0.4474
vn -0.7890 0.4206 -0.4478
vn -0.5852 0.7469 -0.3158
vn -0.5851 0.7465 -0.3167
vn -0.5854 0.7461 -0.3172
vn -0.1945 -0.9708 -0.1406
vn -0.1944 -0.9708 -0.1403
vn -0.1947 -0.9708 -0.1400
vn -0.5037 -0.8043 -0.3152
vn -0.7335 -0.5167 -0.4417
vn -0.7335 -0.5166 -0.4416
vn -0.8520 -0.1522 -0.5009
vn -0.8519 -0.1519 -0.5011
vn -0.8427 0.2360 -0.4839
vn -0.8425 0.2363 -0.4842
vn -0.7062 0.5894 -0.3923
vn -0.7064 0.5889 -0.3927
vn -0.7063 0.5884 -0.3936
vn -0.3563 -0.9047 -0.2338
vn -0.3563 -0.9050 -0.2325
vn -0.3560 -0.9047 -0.2342
vn -0.6305 -0.6734 -0.3859
vn -0.6304 -0.6734 -0.3861
vn -0.6306 -0.6738 -0.3853
vn -0.8079 -0.3412 -0.4805
vn -0.8081 -0.3410 -0.4803
vn -0.8081 -0.3410 -0.4804
vn -0.8638 0.0424 -0.5021
vn -0.8639 0.0427 -0.5019
vn -0.6889 0.4243 -0.5877
vn -0.6888 0.4248 -0.5875
vn -0.6887 0.4247 -0.5877
vn -0.5128 0.7501 -0.4176
vn -0.5135 0.7497 -0.4175
vn -0.5123 0.7500 -0.4184
vn -0.1616 -0.9691 -0.1866
vn -0.1612 -0.9691 -0.1869
vn -0.1608 -0.9691 -0.1871
vn -0.4307 -0.8006 -0.4165
vn -0.4308 -0.8007 -0.4163
vn -0.4309 -0.8006 -0.4164
vn -0.6322 -0.5119 -0.5816
vn -0.6321 -0.5117 -0.5819
vn -0.7380 -0.1469 -0.6586
vn -0.7381 -0.1470 -0.6585
vn -0.7333 0.2410 -0.6358
vn -0.7331 0.2412 -0.6359
vn -0.6172 0.5936 -0.5164
vn -0.6168 0.5939 -0.5166
vn -0.6175 0.5933 -0.5164
vn -0.3021 -0.9024 -0.3072
vn -0.3024 -0.9025 -0.3066
vn -0.5418 -0.6687 -0.5092
vn -0.5417 -0.6688 -0.5092
vn -0.5421 -0.6686 -0.5091
vn -0.6986 -0.3355 -0.6320
vn -0.6987 -0.3354 -0.6319
vn -0.7499 0.0480 -0.6598
vn -0.7500 0.0481 -0.6597
vn -0.5620 0.4314 -0.7058
vn -0.5619 0.4314 -0.7058
vn -0.5621 0.4313 -0.7057
vn -0.4236 0.7541 -0.5018
vn -0.4236 0.7541 -0.5019
vn -0.4237 0.7542 -0.5017
vn -0.1199 -0.9670 -0.2249
vn -0.1200 -0.9670 -0.2250
vn -0.1202 -0.9670 -0.2247
vn -0.3391 -0.7960 -0.5015
vn -0.3390 -0.7960 -0.5014
vn -0.3383 -0.7960 -0.5018
vn -0.5057 -0.5055 -0.6991
vn -0.5962 -0.1394 -0.7907
vn -0.5960 0.2482 -0.7636
vn -0.5962 0.2484 -0.7635
vn -0.5057 0.5998 -0.6201
vn -0.5057 0.5998 -0.6200
vn -0.5058 0.5997 -0.6200
vn -0.2337 -0.8988 -0.3709
vn -0.2339 -0.8987 -0.3709
vn -0.2342 -0.8987 -0.3708
vn -0.4310 -0.6629 -0.6122
vn -0.5613 -0.3288 -0.7595
vn -0.5614 -0.3287 -0.7594
vn -0.5614 -0.3288 -0.7594
vn -0.6078 0.0552 -0.7922
vn -0.6079 0.0551 -0.7921
vn -0.4141 0.4398 -0.7969
vn -0.4141 0.4397 -0.7970
vn -0.4144 0.4401 -0.7966
vn -0.3192 0.7603 -0.5658
vn -0.3186 0.7606 -0.5656
vn -0.3192 0.7600 -0.5662
vn -0.0693 -0.9641 -0.2565
vn -0.0691 -0.9642 -0.2562
vn -0.0692 -0.9641 -0.2565
vn -0.2324 -0.7902 -0.5670
vn -0.2322 -0.7904 -0.5668
vn -0.2321 -0.7904 -0.5669
vn -0.3588 -0.4977 -0.7897
vn -0.3586 -0.4979 -0.7896
vn -0.3584 -0.4976 -0.7899
vn -0.4306 -0.1306 -0.8930
vn -0.4307 -0.1303 -0.8931
vn -0.4308 -0.1309 -0.8929
vn -0.4361 0.2571 -0.8624
vn -0.4365 0.2577 -0.8620
vn -0.3761 0.6070 -0.7001
vn -0.3765 0.6069 -0.6999
vn -0.3758 0.6072 -0.7001
vn -0.1541 -0.8944 -0.4199
vn -0.1539 -0.8944 -0.4200
vn -0.1531 -0.8945 -0.4200
vn -0.3012 -0.6561 -0.6920
vn -0.3013 -0.6560 -0.6920
vn -0.3009 -0.6562 -0.6920
vn -0.4025 -0.3201 -0.8576
vn -0.4025 -0.3200 -0.8577
vn -0.4418 0.0652 -0.8947
vn -0.4419 0.0652 -0.8947
vn -0.4422 0.0651 -0.8946
vn -0.2518 0.4492 -0.8572
vn -0.2517 0.4492 -0.8572
vn -0.2523 0.4494 -0.8569
vn -0.2035 0.7670 -0.6085
vn -0.2036 0.7668 -0.6087
vn -0.2038 0.7666 -0.6090
vn -0.0182 -0.9612 -0.2752
vn -0.0183 -0.9612 -0.2751
vn -0.0180 -0.9612 -0.2754
vn -0.1152 -0.7836 -0.6105
vn -0.1155 -0.7838 -0.6102
vn -0.1961 -0.4892 -0.8498
vn -0.1960 -0.4891 -0.8499
vn -0.2478 -0.1199 -0.9614
vn -0.2476 -0.1197 -0.9614
vn -0.2609 0.2678 -0.9275
vn -0.2611 0.2676 -0.9275
vn -0.2327 0.6152 -0.7532
vn -0.2327 0.6154 -0.7531
vn -0.2340 0.6150 -0.7530
vn -0.0687 -0.8895 -0.4517
vn -0.0688 -0.8893 -0.4521
vn -0.0691 -0.8897 -0.4513
vn -0.1588 -0.6482 -0.7448
vn -0.1588 -0.6484 -0.7446
vn -0.1584 -0.6486 -0.7445
vn -0.2261 -0.3105 -0.9233
vn -0.2262 -0.3105 -0.9233
vn -0.2259 -0.3107 -0.9233
vn -0.2596 0.0758 -0.9627
vn -0.2599 0.0761 -0.9626
vn -0.0805 0.4595 -0.8845
vn -0.0806 0.4596 -0.8845
vn -0.0809 0.4602 -0.8841
vn -0.0831 0.7738 -0.6279
vn -0.0835 0.7741 -0.6276
vn -0.0835 0.7740 -0.6277
vn 0.0390 -0.9579 -0.2845
vn 0.0389 -0.9579 -0.2845
vn 0.0381 -0.9580 -0.2842
vn 0.0072 -0.7765 -0.6300
vn 0.0073 -0.7765 -0.6301
vn -0.0253 -0.4784 -0.8778
vn -0.0251 -0.4785 -0.8777
vn -0.0254 -0.4791 -0.8774
vn -0.0574 -0.1102 -0.9923
vn -0.0575 -0.1106 -0.9922
vn -0.0521 -0.1129 -0.9922
vn -0.0749 0.2791 -0.9573
vn -0.0746 0.2792 -0.9573
vn -0.0749 0.2789 -0.9574
vn -0.0837 0.6243 -0.7767
vn -0.0836 0.6242 -0.7768
vn -0.0834 0.6244 -0.7767
vn 0.0242 -0.8841 -0.4667
vn 0.0243 -0.8841 -0.4667
vn 0.0246 -0.8841 -0.4666
vn -0.0093 -0.6398 -0.7685
vn -0.0092 -0.6398 -0.7685
vn -0.0091 -0.6398 -0.7685
vn -0.0396 -0.2997 -0.9532
vn -0.0396 -0.2995 -0.9533
vn -0.0398 -0.2987 -0.9535
vn -0.0677 0.0885 -0.9938
vn -0.0677 0.0884 -0.9938
vn -0.0688 0.0872 -0.9938
vn 0.0925 0.4701 -0.8778
vn 0.0926 0.4701 -0.8777
vn 0.0924 0.4700 -0.8778
vn 0.0390 0.7813 -0.6229
vn 0.0389 0.7813 -0.6230
vn 0.0388 0.7812 -0.6230
vn 0.0946 -0.9545 -0.2827
vn 0.0945 -0.9545 -0.2827
vn 0.0944 -0.9546 -0.2827
vn 0.1325 -0.7690 -0.6254
vn 0.1324 -0.7689 -0.6255
vn 0.1476 -0.4680 -0.8713
vn 0.1474 -0.4678 -0.8715
vn 0.1452 -0.0981 -0.9845
vn 0.1451 -0.0979 -0.9846
vn 0.1405 -0.1008 -0.9849
vn 0.1133 0.2903 -0.9502
vn 0.1136 0.2904 -0.9502
vn 0.1137 0.2903 -0.9502
vn 0.0684 0.6328 -0.7713
vn 0.0683 0.6328 -0.7713
vn 0.0687 0.6327 -0.7714
vn 0.1152 -0.8787 -0.4633
vn 0.1157 -0.8785 -0.4636
vn 0.1147 -0.8788 -0.4632
vn 0.1430 -0.6310 -0.7625
vn 0.1427 -0.6308 -0.7627
vn 0.1431 -0.6305 -0.7628
vn 0.1471 -0.2882 -0.9462
vn 0.1471 -0.2884 -0.9462
vn 0.1473 -0.2877 -0.9463
vn 0.1319 0.0996 -0.9863
vn 0.1318 0.0996 -0.9863
vn 0.1334 0.0982 -0.9862
vn 0.2615 0.4806 -0.8371
vn 0.2617 0.4808 -0.8369
vn 0.1584 0.7888 -0.5939
vn 0.1583 0.7888 -0.5939
vn 0.1585 0.7885 -0.5942
vn 0.1554 -0.9508 -0.2680
vn 0.1553 -0.9508 -0.2681
vn 0.1556 -0.9508 -0.2679
vn 0.2537 -0.7614 -0.5966
vn 0.2531 -0.7616 -0.5965
vn 0.2542 -0.7613 -0.5965
vn 0.3162 -0.4575 -0.8311
vn 0.3162 -0.4574 -0.8311
vn 0.3165 -0.4577 -0.8309
vn 0.3312 -0.0846 -0.9398
vn 0.3311 -0.0847 -0.9398
vn 0.2968 0.3011 -0.9062
vn 0.2163 0.6416 -0.7359
vn 0.2161 0.6414 -0.7361
vn 0.2161 0.6417 -0.7359
vn 0.2078 -0.8728 -0.4417
vn 0.2093 -0.8731 -0.4404
vn 0.2099 -0.8730 -0.4401
vn 0.2897 -0.6219 -0.7275
vn 0.2901 -0.6218 -0.7275
vn 0.2896 -0.6221 -0.7274
vn 0.3298 -0.2770 -0.9025
vn 0.3203 0.1100 -0.9409
vn 0.3199 0.1102 -0.9410
vn 0.4182 0.4900 -0.7649
vn 0.4183 0.4902 -0.7647
vn 0.4182 0.4902 -0.7647
vn 0.2695 0.7954 -0.5428
vn 0.2694 0.7955 -0.5427
vn 0.2698 0.7954 -0.5427
vn 0.2006 -0.9480 -0.2472
vn 0.2012 -0.9479 -0.2470
vn 0.2001 -0.9480 -0.2475
vn 0.3663 -0.7546 -0.5444
vn 0.3661 -0.7547 -0.5444
vn 0.3658 -0.7548 -0.5444
vn 0.4737 -0.4472 -0.7587
vn 0.4735 -0.4470 -0.7590
vn 0.5086 -0.0735 -0.8579
vn 0.5089 -0.0732 -0.8577
vn 0.4664 0.3115 -0.8279
vn 0.4665 0.3116 -0.8278
vn 0.3548 0.6500 -0.6720
vn 0.3548 0.6498 -0.6723
vn 0.3536 0.6507 -0.6720
vn 0.2890 -0.8680 -0.4037
vn 0.2900 -0.8678 -0.4036
vn 0.2887 -0.8681 -0.4038
vn 0.4283 -0.6125 -0.6644
vn 0.4282 -0.6125 -0.6644
vn 0.4280 -0.6126 -0.6645
vn 0.5009 -0.2658 -0.8237
vn 0.5009 -0.2659 -0.8237
vn 0.5008 -0.2657 -0.8238
vn 0.4968 0.1215 -0.8593
vn 0.4967 0.1215 -0.8594
vn 0.5582 0.4989 -0.6630
vn 0.5581 0.4989 -0.6630
vn 0.3680 0.8016 -0.4711
vn 0.3683 0.8015 -0.4712
vn 0.3681 0.8013 -0.4716
vn 0.2507 -0.9448 -0.2107
vn 0.2518 -0.9449 -0.2091
vn 0.2525 -0.9448 -0.2087
vn 0.4673 -0.7478 -0.4715
vn 0.4676 -0.7477 -0.4714
vn 0.4672 -0.7479 -0.4715
vn 0.6131 -0.4377 -0.6576
vn 0.6134 -0.4376 -0.6575
vn 0.6131 -0.4378 -0.6576
vn 0.6661 -0.0634 -0.7432
vn 0.6660 -0.0636 -0.7433
vn 0.6182 0.3211 -0.7175
vn 0.4763 0.6585 -0.5827
vn 0.4764 0.6586 -0.5825
vn 0.3665 -0.8625 -0.3491
vn 0.3659 -0.8629 -0.3487
vn 0.3670 -0.8626 -0.3482
vn 0.5514 -0.6040 -0.5754
vn 0.5511 -0.6044 -0.5753
vn 0.5512 -0.6045 -0.5750
vn 0.6518 -0.2553 -0.7141
vn 0.6520 -0.2556 -0.7138
vn 0.6545 0.1317 -0.7445
vn 0.6546 0.1316 -0.7444
vn 0.6753 0.5065 -0.5361
vn 0.6753 0.5066 -0.5360
vn 0.4515 0.8072 -0.3803
vn 0.4514 0.8072 -0.3802
vn 0.4510 0.8073 -0.3805
vn 0.2862 -0.9426 -0.1719
vn 0.2876 -0.9424 -0.1707
vn 0.2861 -0.9425 -0.1726
vn 0.5528 -0.7417 -0.3800
vn 0.5528 -0.7417 -0.3799
vn 0.5532 -0.7415 -0.3798
vn 0.7310 -0.4299 -0.5299
vn 0.7312 -0.4300 -0.5296
vn 0.7977 -0.0545 -0.6006
vn 0.7980 -0.0548 -0.6002
vn 0.7449 0.3298 -0.5800
vn 0.7447 0.3300 -0.5801
vn 0.5797 0.6651 -0.4707
vn 0.5796 0.6653 -0.4706
vn 0.5791 0.6652 -0.4714
vn 0.4289 -0.8586 -0.2806
vn 0.4288 -0.8587 -0.2807
vn 0.4287 -0.8586 -0.2812
vn 0.6549 -0.5970 -0.4634
vn 0.6546 -0.5964 -0.4646
vn 0.6542 -0.5966 -0.4649
vn 0.7793 -0.2461 -0.5763
vn 0.7793 -0.2466 -0.5762
vn 0.7793 -0.2463 -0.5762
vn 0.7863 0.1404 -0.6017
vn 0.7863 0.1405 -0.6016
vn 0.7656 0.5133 -0.3879
vn 0.7652 0.5134 -0.3883
vn 0.7650 0.5137 -0.3883
vn 0.5145 0.8118 -0.2763
vn 0.5143 0.8119 -0.2763
vn 0.5146 0.8116 -0.2767
vn 0.3202 -0.9399 -0.1185
vn 0.3200 -0.9400 -0.1182
vn 0.3206 -0.9398 -0.1181
vn 0.6184 -0.7371 -0.2725
vn 0.6184 -0.7372 -0.2724
vn 0.6183 -0.7373 -0.2724
vn 0.8209 -0.4234 -0.3832
vn 0.8211 -0.4232 -0.3831
vn 0.8208 -0.4236 -0.3833
vn 0.8996 -0.0466 -0.4343
vn 0.8996 -0.0467 -0.4343
vn 0.8992 -0.0475 -0.4350
vn 0.8429 0.3370 -0.4195
vn 0.8428 0.3371 -0.4197
vn 0.6582 0.6712 -0.3409
vn 0.6583 0.6712 -0.3407
vn 0.6582 0.6710 -0.3412
vn 0.4784 -0.8551 -0.1999
vn 0.4785 -0.8552 -0.1991
vn 0.4785 -0.8554 -0.1983
vn 0.7339 -0.5909 -0.3350
vn 0.7338 -0.5909 -0.3351
vn 0.7339 -0.5915 -0.3339
vn 0.8768 -0.2396 -0.4169
vn 0.8768 -0.2395 -0.4169
vn 0.8770 -0.2392 -0.4166
vn 0.8882 0.1479 -0.4349
vn 0.8881 0.1480 -0.4351
vn 0.8249 0.5183 -0.2256
vn 0.8246 0.5186 -0.2262
vn 0.8243 0.5189 -0.2264
vn 0.5559 0.8153 -0.1621
vn 0.5559 0.8153 -0.1622
vn 0.5561 0.8151 -0.1625
vn 0.3379 -0.9385 -0.0702
vn 0.3383 -0.9384 -0.0701
vn 0.3380 -0.9385 -0.0704
vn 0.6612 -0.7337 -0.1562
vn 0.6612 -0.7337 -0.1563
vn 0.6613 -0.7337 -0.1565
vn 0.8813 -0.4178 -0.2208
vn 0.8813 -0.4178 -0.2209
vn 0.8811 -0.4181 -0.2211
vn 0.9672 -0.0402 -0.2508
vn 0.9672 -0.0403 -0.2508
vn 0.9074 0.3421 -0.2442
vn 0.9074 0.3422 -0.2442
vn 0.7099 0.6756 -0.1992
vn 0.7101 0.6753 -0.1991
vn 0.7103 0.6752 -0.1992
vn 0.5093 -0.8527 -0.1164
vn 0.5104 -0.8523 -0.1148
vn 0.5087 -0.8530 -0.1166
vn 0.7861 -0.5874 -0.1922
vn 0.7860 -0.5875 -0.1921
vn 0.9421 -0.2336 -0.2404
vn 0.9421 -0.2337 -0.2404
vn 0.9421 -0.2334 -0.2408
vn 0.9555 0.1535 -0.2519
vn 0.9555 0.1534 -0.2520
vn 0.9555 0.1532 -0.2520
vn 0.8514 0.5216 -0.0557
vn 0.8513 0.5216 -0.0557
vn 0.8514 0.5216 -0.0556
vn 0.5744 0.8175 -0.0425
vn 0.5746 0.8174 -0.0423
vn 0.5742 0.8176 -0.0428
vn 0.3475 -0.9376 -0.0132
vn 0.3473 -0.9377 -0.0129
vn 0.3473 -0.9377 -0.0130
vn 0.6808 -0.7316 -0.0352
vn 0.6812 -0.7313 -0.0352
vn 0.6806 -0.7318 -0.0353
vn 0.9085 -0.4148 -0.0506
vn 0.9085 -0.4148 -0.0502
vn 0.9085 -0.4148 -0.0503
vn 0.9976 -0.0362 -0.0583
vn 0.9976 -0.0358 -0.0588
vn 0.9367 0.3453 -0.0589
vn 0.9366 0.3453 -0.0588
vn 0.7331 0.6782 -0.0506
vn 0.7333 0.6780 -0.0508
vn 0.5248 -0.8509 -0.0245
vn 0.5250 -0.8507 -0.0247
vn 0.5250 -0.8507 -0.0245
vn 0.8102 -0.5846 -0.0430
vn 0.8101 -0.5847 -0.0433
vn 0.9717 -0.2297 -0.0558
vn 0.9718 -0.2291 -0.0565
vn 0.9859 0.1563 -0.0598
vn 0.9859 0.1562 -0.0598
vn 0.9860 0.1560 -0.0596
vn 0.8447 0.5223 0.1168
vn 0.8448 0.5223 0.1164
vn 0.8445 0.5226 0.1168
vn 0.5693 0.8182 0.0804
vn 0.5686 0.8186 0.0814
vn 0.5691 0.8184 0.0797
vn 0.3449 -0.9374 0.0475
vn 0.3445 -0.9376 0.0477
vn 0.3447 -0.9375 0.0480
vn 0.6765 -0.7308 0.0912
vn 0.6763 -0.7309 0.0916
vn 0.6761 -0.7311 0.0918
vn 0.9020 -0.4142 0.1222
vn 0.9019 -0.4142 0.1223
vn 0.9903 -0.0341 0.1347
vn 0.9904 -0.0351 0.1334
vn 0.9903 -0.0337 0.1348
vn 0.9296 0.3457 0.1277
vn 0.9293 0.3467 0.1274
vn 0.9291 0.3474 0.1266
vn 0.7270 0.6792 0.1011
vn 0.7270 0.6792 0.1005
vn 0.7267 0.6797 0.0998
vn 0.5211 -0.8506 0.0707
vn 0.5212 -0.8505 0.0710
vn 0.5209 -0.8506 0.0714
vn 0.8046 -0.5838 0.1089
vn 0.8046 -0.5838 0.1090
vn 0.8046 -0.5838 0.1087
vn 0.9648 -0.2281 0.1310
vn 0.9647 -0.2285 0.1310
vn 0.9647 -0.2284 0.1311
vn 0.9787 0.1574 0.1321
vn 0.9786 0.1585 0.1310
vn 0.8052 0.5214 0.2825
vn 0.8052 0.5214 0.2824
vn 0.5399 0.8183 0.1973
vn 0.5399 0.8183 0.1972
vn 0.5391 0.8187 0.1977
vn 0.3316 -0.9379 0.1020
vn 0.3315 -0.9379 0.1021
vn 0.3314 -0.9379 0.1022
vn 0.6475 -0.7319 0.2122
vn 0.6476 -0.7317 0.2125
vn 0.6475 -0.7320 0.2120
vn 0.8623 -0.4152 0.2900
vn 0.8621 -0.4153 0.2903
vn 0.8624 -0.4151 0.2899
vn 0.9457 -0.0374 0.3228
vn 0.9457 -0.0375 0.3227
vn 0.9456 -0.0374 0.3232
vn 0.8862 0.3464 0.3077
vn 0.8862 0.3463 0.3078
vn 0.6915 0.6788 0.2473
vn 0.6914 0.6793 0.2462
vn 0.6910 0.6796 0.2462
vn 0.4990 -0.8517 0.1602
vn 0.4993 -0.8515 0.1601
vn 0.4990 -0.8516 0.1605
vn 0.7695 -0.5849 0.2565
vn 0.7694 -0.5850 0.2565
vn 0.7696 -0.5848 0.2566
vn 0.9213 -0.2309 0.3128
vn 0.9214 -0.2309 0.3126
vn 0.9215 -0.2298 0.3132
vn 0.9338 0.1575 0.3212
vn 0.9338 0.1578 0.3211
vn 0.7327 0.5189 0.4403
vn 0.7331 0.5188 0.4398
vn 0.7326 0.5192 0.4402
vn 0.4918 0.8160 0.3037
vn 0.4915 0.8158 0.3048
vn 0.4918 0.8156 0.3050
vn 0.3091 -0.9390 0.1509
vn 0.3090 -0.9390 0.1509
vn 0.3091 -0.9390 0.1508
vn 0.5959 -0.7343 0.3251
vn 0.5959 -0.7342 0.3254
vn 0.5958 -0.7341 0.3257
vn 0.7905 -0.4187 0.4471
vn 0.7905 -0.4186 0.4470
vn 0.7903 -0.4188 0.4472
vn 0.8646 -0.0420 0.5008
vn 0.8645 -0.0418 0.5009
vn 0.8080 0.3431 0.4790
vn 0.8079 0.3431 0.4790
vn 0.8077 0.3434 0.4793
vn 0.6284 0.6779 0.3816
vn 0.6286 0.6767 0.3832
vn 0.6290 0.6762 0.3835
vn 0.4611 -0.8534 0.2429
vn 0.4610 -0.8533 0.2435
vn 0.4615 -0.8534 0.2423
vn 0.7066 -0.5880 0.3937
vn 0.7066 -0.5881 0.3934
vn 0.8437 -0.2341 0.4830
vn 0.8438 -0.2340 0.4830
vn 0.8524 0.1542 0.4996
vn 0.8525 0.1544 0.4994
vn 0.6326 0.5136 0.5796
vn 0.6329 0.5129 0.5800
vn 0.6310 0.5138 0.5812
vn 0.4201 0.8124 0.4045
vn 0.4216 0.8119 0.4039
vn 0.4197 0.8125 0.4046
vn 0.2729 -0.9408 0.2010
vn 0.2730 -0.9408 0.2011
vn 0.2732 -0.9408 0.2007
vn 0.5224 -0.7383 0.4266
vn 0.5224 -0.7383 0.4267
vn 0.6888 -0.4239 0.5880
vn 0.6889 -0.4239 0.5880
vn 0.7500 -0.0468 0.6598
vn 0.7500 -0.0469 0.6597
vn 0.7504 -0.0474 0.6593
vn 0.6977 0.3379 0.6318
vn 0.6977 0.3381 0.6316
vn 0.6976 0.3379 0.6318
vn 0.5412 0.6723 0.5050
vn 0.5414 0.6722 0.5050
vn 0.5407 0.6716 0.5065
vn 0.4051 -0.8561 0.3209
vn 0.4056 -0.8565 0.3191
vn 0.4051 -0.8558 0.3216
vn 0.6175 -0.5926 0.5172
vn 0.6175 -0.5927 0.5171
vn 0.7338 -0.2394 0.6358
vn 0.7337 -0.2397 0.6358
vn 0.7338 -0.2394 0.6357
vn 0.7377 0.1482 0.6586
vn 0.7377 0.1483 0.6586
vn 0.7374 0.1488 0.6589
vn 0.5064 0.5066 0.6978
vn 0.5053 0.5068 0.6985
vn 0.5062 0.5062 0.6982
vn 0.3325 0.8075 0.4872
vn 0.3322 0.8074 0.4875
vn 0.2342 -0.9429 0.2370
vn 0.2343 -0.9428 0.2370
vn 0.2344 -0.9429 0.2367
vn 0.4306 -0.7434 0.5118
vn 0.4309 -0.7433 0.5118
vn 0.4309 -0.7434 0.5116
vn 0.5619 -0.4312 0.7059
vn 0.5623 -0.4308 0.7058
vn 0.6079 -0.0539 0.7922
vn 0.6071 -0.0544 0.7927
vn 0.5619 0.3315 0.7579
vn 0.5619 0.3314 0.7579
vn 0.4286 0.6659 0.6107
vn 0.4337 0.6634 0.6097
vn 0.4281 0.6662 0.6107
vn 0.3388 -0.8602 0.3812
vn 0.3392 -0.8600 0.3813
vn 0.3393 -0.8597 0.3817
vn 0.5062 -0.5988 0.6206
vn 0.5063 -0.5988 0.6206
vn 0.5060 -0.5990 0.6206
vn 0.5960 -0.2468 0.7641
vn 0.5961 -0.2469 0.7641
vn 0.5961 -0.2467 0.7641
vn 0.5961 0.1407 0.7905
vn 0.5961 0.1406 0.7905
vn 0.5959 0.1412 0.7905
vn 0.3601 0.5004 0.7874
vn 0.3600 0.5003 0.7874
vn 0.3603 0.5007 0.7870
vn 0.2273 0.8022 0.5522
vn 0.2274 0.8018 0.5526
vn 0.2259 0.8021 0.5528
vn 0.1847 -0.9457 0.2674
vn 0.1836 -0.9459 0.2675
vn 0.1829 -0.9460 0.2676
vn 0.3250 -0.7494 0.5769
vn 0.3250 -0.7493 0.5769
vn 0.4139 -0.4389 0.7976
vn 0.4139 -0.4389 0.7975
vn 0.4142 -0.4391 0.7972
vn 0.4413 -0.0639 0.8951
vn 0.4409 -0.0644 0.8952
vn 0.4037 0.3216 0.8565
vn 0.4034 0.3215 0.8567
vn 0.4023 0.3215 0.8572
vn 0.3030 0.6570 0.6904
vn 0.3029 0.6571 0.6903
vn 0.3032 0.6564 0.6908
vn 0.2597 -0.8643 0.4308
vn 0.2601 -0.8642 0.4307
vn 0.2609 -0.8640 0.4306
vn 0.3766 -0.6064 0.7003
vn 0.3767 -0.6062 0.7004
vn 0.3772 -0.6059 0.7004
vn 0.4357 -0.2556 0.8630
vn 0.4355 -0.2561 0.8630
vn 0.4354 -0.2554 0.8632
vn 0.4304 0.1313 0.8931
vn 0.4304 0.1313 0.8930
vn 0.4300 0.1310 0.8933
vn 0.1971 0.4913 0.8484
vn 0.1966 0.4909 0.8487
vn 0.1966 0.4907 0.8489
vn 0.1156 0.7959 0.5942
vn 0.1150 0.7952 0.5954
vn 0.1153 0.7948 0.5958
vn 0.1305 -0.9490 0.2871
vn 0.1303 -0.9490 0.2872
vn 0.1309 -0.9490 0.2869
vn 0.2073 -0.7561 0.6208
vn 0.2072 -0.7561 0.6208
vn 0.2074 -0.7560 0.6208
vn 0.2523 -0.4479 0.8578
vn 0.2581 -0.0744 0.9632
vn 0.2580 -0.0739 0.9633
vn 0.2255 0.3106 0.9234
vn 0.2268 0.3105 0.9231
vn 0.2242 0.3116 0.9234
vn 0.1610 0.6492 0.7434
vn 0.1618 0.6490 0.7434
vn 0.1610 0.6494 0.7432
vn 0.1721 -0.8693 0.4634
vn 0.1722 -0.8692 0.4634
vn 0.1720 -0.8692 0.4636
vn 0.2342 -0.6143 0.7535
vn 0.2345 -0.6142 0.7535
vn 0.2607 -0.2654 0.9282
vn 0.2605 -0.2655 0.9283
vn 0.2605 -0.2652 0.9283
vn 0.2457 0.1201 0.9619
vn 0.2453 0.1200 0.9620
vn 0.0264 0.4814 0.8761
vn 0.0250 0.4799 0.8769
vn 0.0254 0.4792 0.8773
vn -0.0050 0.7879 0.6158
vn -0.0073 0.7864 0.6177
vn -0.0083 0.7864 0.6177
vn 0.0749 -0.9522 0.2961
vn 0.0750 -0.9522 0.2962
vn 0.0748 -0.9522 0.2961
vn 0.0840 -0.7633 0.6405
vn 0.0844 -0.7634 0.6404
vn 0.0845 -0.7634 0.6404
vn 0.0809 -0.4584 0.8851
vn 0.0812 -0.4581 0.8852
vn 0.0809 -0.4582 0.8852
vn 0.0645 -0.0832 0.9944
vn 0.0662 -0.0813 0.9945
vn 0.0404 0.2987 0.9535
vn 0.0403 0.2987 0.9535
vn 0.0399 0.2991 0.9534
vn 0.0110 0.6404 0.7680
vn 0.0105 0.6408 0.7676
vn 0.0111 0.6403 0.7681
vn 0.0814 -0.8745 0.4781
vn 0.0810 -0.8746 0.4780
vn 0.0816 -0.8745 0.4782
vn 0.0840 -0.6231 0.7776
vn 0.0841 -0.6231 0.7776
vn 0.0752 -0.2764 0.9581
vn 0.0746 -0.2767 0.9581
vn 0.0517 0.1083 0.9928
vn 0.0519 0.1088 0.9927
vn -0.1468 0.4683 0.8713
vn -0.1467 0.4684 0.8712
vn -0.1472 0.4691 0.8708
vn -0.1310 0.7796 0.6124
vn -0.1320 0.7797 0.6120
vn -0.1309 0.7791 0.6131
vn 0.0160 -0.9557 0.2939
vn 0.0159 -0.9557 0.2940
vn 0.0165 -0.9557 0.2938
vn -0.0408 -0.7708 0.6358
vn -0.0405 -0.7708 0.6358
vn -0.0408 -0.7710 0.6355
vn -0.0924 -0.4689 0.8784
vn -0.1308 -0.0943 0.9869
vn -0.1310 -0.0945 0.9869
vn -0.1304 -0.0935 0.9870
vn -0.1468 0.2876 0.9464
vn -0.1470 0.2878 0.9463
vn -0.1445 0.2892 0.9463
vn -0.1420 0.6318 0.7620
vn -0.1420 0.6320 0.7618
vn -0.1415 0.6323 0.7617
vn -0.0131 -0.8803 0.4743
vn -0.0126 -0.8803 0.4743
vn -0.0134 -0.8801 0.4746
vn -0.0677 -0.6319 0.7721
vn -0.0681 -0.6319 0.7720
vn -0.0678 -0.6321 0.7719
vn -0.1135 -0.2878 0.9510
vn -0.1132 -0.2880 0.9509
vn -0.1385 0.0963 0.9857
vn -0.1386 0.0962 0.9857
vn -0.3151 0.4583 0.8311
vn -0.3151 0.4582 0.8311
vn -0.3148 0.4583 0.8312
vn -0.2505 0.7727 0.5833
vn -0.2506 0.7728 0.5830
vn -0.2501 0.7725 0.5838
vn -0.0370 -0.9588 0.2815
vn -0.0368 -0.9589 0.2813
vn -0.0372 -0.9590 0.2811
vn -0.1622 -0.7781 0.6068
vn -0.1624 -0.7780 0.6069
vn -0.1615 -0.7783 0.6067
vn -0.2610 -0.4790 0.8381
vn -0.2611 -0.4790 0.8381
vn -0.2609 -0.4788 0.8383
vn -0.3187 -0.1089 0.9416
vn -0.3188 -0.1090 0.9415
vn -0.3187 -0.1090 0.9416
vn -0.3284 0.2782 0.9026
vn -0.3288 0.2780 0.9025
vn -0.2898 0.6233 0.7263
vn -0.2896 0.6234 0.7263
vn -0.1015 -0.8856 0.4533
vn -0.1007 -0.8853 0.4539
vn -0.1004 -0.8852 0.4543
vn -0.2158 -0.6409 0.7367
vn -0.2159 -0.6408 0.7367
vn -0.2161 -0.6407 0.7367
vn -0.2959 -0.2987 0.9073
vn -0.2958 -0.2987 0.9073
vn -0.2964 -0.2989 0.9071
vn -0.3298 0.0846 0.9402
vn -0.3299 0.0846 0.9402
vn -0.4736 0.4490 0.7577
vn -0.4737 0.4490 0.7577
vn -0.4738 0.4491 0.7576
vn -0.3589 0.7661 0.5333
vn -0.3589 0.7660 0.5333
vn -0.3588 0.7661 0.5333
vn -0.0918 -0.9623 0.2561
vn -0.0916 -0.9623 0.2561
vn -0.0914 -0.9623 0.2561
vn -0.2765 -0.7849 0.5545
vn -0.2764 -0.7850 0.5545
vn -0.2768 -0.7849 0.5543
vn -0.4178 -0.4889 0.7658
vn -0.4177 -0.4889 0.7658
vn -0.4180 -0.4892 0.7654
vn -0.4957 -0.1204 0.8601
vn -0.4958 -0.1202 0.8601
vn -0.4958 -0.1198 0.8601
vn -0.5012 0.2661 0.8234
vn -0.5011 0.2662 0.8234
vn -0.5015 0.2672 0.8229
vn -0.4259 0.6146 0.6640
vn -0.4286 0.6128 0.6639
vn -0.4288 0.6129 0.6637
vn -0.1883 -0.8908 0.4136
vn -0.1879 -0.8908 0.4137
vn -0.1895 -0.8906 0.4134
vn -0.3538 -0.6497 0.6728
vn -0.3537 -0.6497 0.6729
vn -0.3543 -0.6495 0.6728
vn -0.4654 -0.3109 0.8287
vn -0.4655 -0.3105 0.8288
vn -0.5085 0.0743 0.8579
vn -0.5084 0.0743 0.8579
vn -0.5076 0.0734 0.8585
vn -0.6114 0.4402 0.6576
vn -0.6120 0.4393 0.6576
vn -0.6128 0.4386 0.6574
vn -0.4597 0.7594 0.4604
vn -0.4598 0.7594 0.4604
vn -0.4594 0.7596 0.4604
vn -0.1357 -0.9650 0.2243
vn -0.1355 -0.9650 0.2244
vn -0.1358 -0.9649 0.2246
vn -0.3764 -0.7913 0.4818
vn -0.3765 -0.7914 0.4816
vn -0.5575 -0.4985 0.6638
vn -0.5579 -0.4985 0.6635
vn -0.5581 -0.4988 0.6632
vn -0.6545 -0.1304 0.7447
vn -0.6548 -0.1300 0.7445
vn -0.6513 0.2567 0.7141
vn -0.6513 0.2567 0.7140
vn -0.5511 0.6052 0.5744
vn -0.5495 0.6067 0.5744
vn -0.5488 0.6062 0.5756
vn -0.2612 -0.8955 0.3604
vn -0.2613 -0.8955 0.3604
vn -0.2610 -0.8955 0.3604
vn -0.4763 -0.6574 0.5839
vn -0.4763 -0.6573 0.5840
vn -0.4763 -0.6576 0.5837
vn -0.6176 -0.3203 0.7183
vn -0.6176 -0.3202 0.7183
vn -0.6178 -0.3198 0.7183
vn -0.6656 0.0652 0.7434
vn -0.6657 0.0645 0.7434
vn -0.7310 0.4314 0.5287
vn -0.7315 0.4318 0.5276
vn -0.7307 0.4302 0.5301
vn -0.5435 0.7536 0.3698
vn -0.5439 0.7543 0.3676
vn -0.5434 0.7536 0.3698
vn -0.1757 -0.9675 0.1816
vn -0.1758 -0.9675 0.1816
vn -0.1758 -0.9676 0.1811
vn -0.4614 -0.7971 0.3896
vn -0.4613 -0.7971 0.3896
vn -0.4619 -0.7968 0.3896
vn -0.6754 -0.5059 0.5365
vn -0.6755 -0.5056 0.5366
vn -0.6747 -0.5055 0.5378
vn -0.7862 -0.1390 0.6021
vn -0.7858 -0.1389 0.6027
vn -0.7790 0.2481 0.5759
vn -0.7788 0.2483 0.5760
vn -0.6544 0.5992 0.4612
vn -0.6547 0.5987 0.4615
vn -0.6547 0.5989 0.4611
vn -0.3251 -0.8997 0.2912
vn -0.3254 -0.8996 0.2911
vn -0.3252 -0.8998 0.2910
vn -0.5795 -0.6638 0.4728
vn -0.5793 -0.6642 0.4725
vn -0.5790 -0.6646 0.4722
vn -0.7452 -0.3289 0.5801
vn -0.7451 -0.3289 0.5802
vn -0.7452 -0.3283 0.5805
vn -0.7976 0.0558 0.6006
vn -0.7974 0.0555 0.6008
vn -0.8193 0.4260 0.3837
vn -0.8194 0.4259 0.3836
vn -0.8191 0.4262 0.3839
vn -0.6058 0.7501 0.2654
vn -0.6058 0.7509 0.2629
vn -0.6061 0.7498 0.2655
vn -0.2041 -0.9696 0.1350
vn -0.2039 -0.9696 0.1353
vn -0.2041 -0.9696 0.1348
vn -0.5264 -0.8016 0.2835
vn -0.5263 -0.8014 0.2843
vn -0.5267 -0.8010 0.2845
vn -0.7660 -0.5119 0.3888
vn -0.7659 -0.5119 0.3890
vn -0.7665 -0.5119 0.3879
vn -0.8877 -0.1468 0.4364
vn -0.8885 -0.1462 0.4350
vn -0.8757 0.2416 0.4182
vn -0.8756 0.2415 0.4184
vn -0.7319 0.5933 0.3350
vn -0.7318 0.5944 0.3333
vn -0.7323 0.5928 0.3352
vn -0.3730 -0.9028 0.2140
vn -0.3729 -0.9027 0.2147
vn -0.3727 -0.9026 0.2152
vn -0.6592 -0.6697 0.3420
vn -0.6590 -0.6698 0.3421
vn -0.6585 -0.6701 0.3425
vn -0.8430 -0.3360 0.4200
vn -0.8428 -0.3363 0.4203
vn -0.8986 0.0488 0.4360
vn -0.8992 0.0473 0.4349
vn -0.8794 0.4213 0.2217
vn -0.8796 0.4211 0.2215
vn -0.6460 0.7478 0.1536
vn -0.6455 0.7481 0.1539
vn -0.6456 0.7479 0.1545
vn -0.2250 -0.9712 0.0784
vn -0.2251 -0.9712 0.0782
vn -0.2250 -0.9712 0.0783
vn -0.5700 -0.8045 0.1670
vn -0.5699 -0.8047 0.1662
vn -0.5698 -0.8048 0.1662
vn -0.8249 -0.5174 0.2277
vn -0.8247 -0.5177 0.2277
vn -0.8248 -0.5176 0.2277
vn -0.9552 -0.1525 0.2535
vn -0.9552 -0.1526 0.2536
vn -0.9550 -0.1529 0.2541
vn -0.9411 0.2366 0.2417
vn -0.9411 0.2363 0.2417
vn -0.7840 0.5899 0.1933
vn -0.7840 0.5898 0.1937
vn -0.7839 0.5902 0.1929
vn -0.4059 -0.9054 0.1248
vn -0.4059 -0.9053 0.1250
vn -0.4065 -0.9052 0.1241
vn -0.7112 -0.6735 0.2013
vn -0.7112 -0.6736 0.2013
vn -0.7114 -0.6732 0.2016
vn -0.9075 -0.3408 0.2456
vn -0.9074 -0.3411 0.2456
vn -0.9075 -0.3407 0.2457
vn -0.9666 0.0422 0.2526
vn -0.9667 0.0425 0.2524
vn -0.0378 -0.9993 -0.0077
vn -0.0335 -0.9991 -0.0247
vn -0.0256 -0.9988 -0.0427
vn -0.0139 -0.9982 -0.0588
vn -0.0009 -0.9975 -0.0707
vn 0.0178 -0.9965 -0.0823
vn 0.0332 -0.9956 -0.0880
vn 0.0519 -0.9945 -0.0910
vn 0.0703 -0.9934 -0.0903
vn 0.0997 -0.9916 -0.0821
vn 0.0945 -0.9919 -0.0846
vn 0.1050 -0.9913 -0.0798
vn 0.1337 -0.9889 -0.0643
vn 0.1267 -0.9899 -0.0640
vn 0.1339 -0.9889 -0.0642
vn 0.1345 -0.9894 -0.0555
vn 0.1532 -0.9877 -0.0323
vn 0.1485 -0.9884 -0.0328
vn 0.1531 -0.9877 -0.0323
vn 0.1527 -0.9880 -0.0211
vn 0.1559 -0.9878 -0.0010
vn 0.1551 -0.9877 0.0221
vn 0.1509 -0.9878 0.0394
vn 0.1442 -0.9881 0.0539
vn 0.1307 -0.9888 0.0725
vn 0.1188 -0.9894 0.0834
vn 0.1009 -0.9904 0.0944
vn 0.0838 -0.9914 0.1007
vn 0.0655 -0.9925 0.1037
vn 0.0448 -0.9937 0.1029
vn 0.0285 -0.9947 0.0991
vn 0.0080 -0.9959 0.0896
vn -0.0048 -0.9968 0.0803
vn -0.0201 -0.9977 0.0645
vn -0.0282 -0.9983 0.0509
vn -0.0362 -0.9989 0.0296
vn -0.9070 0.4180 0.0514
vn -0.9073 0.4174 0.0515
vn -0.9073 0.4175 0.0510
vn -0.6644 0.7463 0.0406
vn -0.6672 0.7441 0.0350
vn -0.6682 0.7432 0.0348
vn -0.2336 -0.9720 0.0254
vn -0.2336 -0.9720 0.0256
vn -0.2337 -0.9720 0.0259
vn -0.5891 -0.8068 0.0437
vn -0.5893 -0.8068 0.0435
vn -0.8521 -0.5204 0.0566
vn -0.8522 -0.5202 0.0565
vn -0.8520 -0.5205 0.0569
vn -0.9857 -0.1564 0.0622
vn -0.9856 -0.1573 0.0619
vn -0.9857 -0.1570 0.0616
vn -0.9710 0.2324 0.0557
vn -0.9711 0.2322 0.0558
vn -0.9709 0.2331 0.0554
vn -0.8085 0.5868 0.0445
vn -0.8085 0.5869 0.0444
vn -0.8084 0.5870 0.0445
vn -0.0387 -0.9991 0.0144
vn -0.4202 -0.9068 0.0348
vn -0.4202 -0.9067 0.0351
vn -0.4206 -0.9065 0.0361
vn -0.7351 -0.6761 0.0510
vn -0.7350 -0.6761 0.0510
vn -0.7349 -0.6762 0.0508
vn -0.9369 -0.3444 0.0601
vn -0.9368 -0.3447 0.0598
vn -0.9973 0.0427 0.0606
vn -0.9973 0.0427 0.0605
vn -0.9973 0.0395 0.0622
vn -0.6307 0.7750 0.0412
vn -0.6280 0.7770 0.0434
vn -0.6272 0.7777 0.0431
vn -0.6110 0.7789 0.1416
vn -0.6118 0.7781 0.1424
vn -0.6112 0.7788 0.1409
vn -0.5729 0.7805 0.2502
vn -0.5722 0.7826 0.2452
vn -0.5727 0.7805 0.2506
vn -0.5161 0.7877 0.3363
vn -0.5147 0.7851 0.3445
vn -0.5169 0.7877 0.3352
vn -0.4357 0.7895 0.4322
vn -0.4355 0.7897 0.4320
vn -0.4354 0.7898 0.4321
vn -0.3459 0.7955 0.4975
vn -0.3472 0.7937 0.4994
vn -0.3477 0.7928 0.5006
vn -0.2410 0.7998 0.5497
vn -0.2414 0.7998 0.5496
vn -0.2414 0.7997 0.5497
vn -0.1292 0.8068 0.5765
vn -0.1292 0.8068 0.5766
vn -0.1290 0.8067 0.5767
vn -0.0104 0.8126 0.5827
vn -0.0102 0.8127 0.5826
vn -0.0104 0.8126 0.5828
vn 0.1073 0.8191 0.5635
vn 0.1072 0.8190 0.5637
vn 0.1072 0.8192 0.5634
vn 0.2204 0.8251 0.5203
vn 0.2215 0.8259 0.5185
vn 0.2215 0.8245 0.5207
vn 0.3122 0.8335 0.4558
vn 0.3101 0.8332 0.4578
vn 0.3135 0.8336 0.4547
vn 0.3913 0.8398 0.3762
vn 0.3926 0.8399 0.3749
vn 0.3903 0.8422 0.3720
vn 0.4540 0.8441 0.2852
vn 0.4558 0.8426 0.2868
vn 0.4568 0.8418 0.2876
vn 0.5042 0.8435 0.1851
vn 0.5045 0.8433 0.1852
vn 0.5045 0.8433 0.1853
vn 0.5310 0.8439 0.0766
vn 0.5309 0.8440 0.0766
vn 0.5309 0.8440 0.0767
vn 0.5367 0.8428 -0.0407
vn 0.5368 0.8427 -0.0406
vn 0.5366 0.8428 -0.0410
vn 0.5199 0.8403 -0.1532
vn 0.5199 0.8404 -0.1531
vn 0.5200 0.8403 -0.1530
vn 0.4815 0.8368 -0.2606
vn 0.4812 0.8369 -0.2608
vn 0.4220 0.8325 -0.3590
vn 0.4220 0.8325 -0.3589
vn 0.4219 0.8326 -0.3589
vn 0.3435 0.8273 -0.4446
vn 0.3436 0.8272 -0.4445
vn 0.3445 0.8271 -0.4442
vn 0.2513 0.8206 -0.5133
vn 0.2513 0.8206 -0.5132
vn 0.2518 0.8206 -0.5131
vn 0.1461 0.8142 -0.5619
vn 0.1465 0.8143 -0.5617
vn 0.0326 0.8075 -0.5890
vn 0.0325 0.8078 -0.5886
vn 0.0322 0.8076 -0.5889
vn -0.0832 0.8012 -0.5925
vn -0.0831 0.8014 -0.5923
vn -0.0831 0.8018 -0.5918
vn -0.1966 0.7953 -0.5735
vn -0.1967 0.7952 -0.5735
vn -0.1967 0.7953 -0.5735
vn -0.3042 0.7894 -0.5332
vn -0.3041 0.7894 -0.5333
vn -0.3043 0.7892 -0.5335
vn -0.4014 0.7842 -0.4731
vn -0.4015 0.7841 -0.4733
vn -0.4013 0.7844 -0.4729
vn -0.4892 0.7789 -0.3924
vn -0.4895 0.7791 -0.3916
vn -0.4885 0.7804 -0.3903
vn -0.5554 0.7763 -0.2982
vn -0.5553 0.7764 -0.2980
vn -0.5553 0.7762 -0.2985
vn -0.6024 0.7747 -0.1924
vn -0.6021 0.7752 -0.1911
vn -0.6020 0.7754 -0.1907
vn -0.6266 0.7748 -0.0839
vn -0.6267 0.7748 -0.0838
vn -0.6272 0.7744 -0.0833
vn -0.5263 0.8475 -0.0687
vn -0.5252 0.8484 -0.0654
vn -0.5254 0.8484 -0.0644
vn -0.6814 0.7267 -0.0876
vn -0.6815 0.7265 -0.0878
vn -0.6810 0.7270 -0.0878
vn -0.3513 0.9351 -0.0466
vn -0.3506 0.9353 -0.0469
vn -0.3513 0.9353 -0.0438
vn -0.6528 0.7281 -0.2089
vn -0.6544 0.7271 -0.2073
vn -0.6528 0.7281 -0.2092
vn -0.3399 0.9360 -0.0914
vn -0.3399 0.9360 -0.0913
vn -0.3400 0.9360 -0.0915
vn -0.5057 0.8491 -0.1528
vn -0.5061 0.8490 -0.1516
vn -0.5048 0.8497 -0.1526
vn -0.6008 0.7300 -0.3257
vn -0.6006 0.7301 -0.3259
vn -0.6010 0.7299 -0.3256
vn -0.3135 0.9378 -0.1492
vn -0.3134 0.9378 -0.1494
vn -0.3132 0.9377 -0.1504
vn -0.4646 0.8515 -0.2431
vn -0.4647 0.8514 -0.2432
vn -0.4648 0.8515 -0.2427
vn -0.5260 0.7343 -0.4292
vn -0.5262 0.7345 -0.4284
vn -0.2785 0.9398 -0.1981
vn -0.2784 0.9398 -0.1983
vn -0.2791 0.9397 -0.1975
vn -0.4094 0.8543 -0.3202
vn -0.4117 0.8537 -0.3190
vn -0.4089 0.8545 -0.3204
vn -0.4348 0.7394 -0.5140
vn -0.4324 0.7405 -0.5145
vn -0.4353 0.7393 -0.5137
vn -0.2318 0.9423 -0.2415
vn -0.2316 0.9423 -0.2418
vn -0.2307 0.9422 -0.2429
vn -0.3367 0.8576 -0.3887
vn -0.3389 0.8585 -0.3848
vn -0.3396 0.8585 -0.3843
vn -0.3260 0.7466 -0.5799
vn -0.3260 0.7470 -0.5794
vn -0.3261 0.7467 -0.5797
vn -0.1845 0.9447 -0.2710
vn -0.1824 0.9451 -0.2712
vn -0.1854 0.9446 -0.2708
vn -0.2608 0.8629 -0.4330
vn -0.2608 0.8630 -0.4328
vn -0.2605 0.8629 -0.4330
vn -0.2069 0.7535 -0.6240
vn -0.2085 0.7533 -0.6237
vn -0.2086 0.7543 -0.6226
vn -0.1230 0.9482 -0.2930
vn -0.1226 0.9483 -0.2927
vn -0.1251 0.9481 -0.2923
vn -0.1666 0.8681 -0.4676
vn -0.1701 0.8689 -0.4649
vn -0.1706 0.8689 -0.4646
vn -0.0852 0.7616 -0.6425
vn -0.0845 0.7613 -0.6428
vn -0.0842 0.7612 -0.6431
vn -0.0786 0.9508 -0.2996
vn -0.0785 0.9508 -0.2995
vn -0.0787 0.9508 -0.2996
vn -0.0830 0.8739 -0.4791
vn -0.0849 0.8732 -0.4800
vn -0.0824 0.8742 -0.4786
vn 0.0421 0.7693 -0.6376
vn 0.0410 0.7694 -0.6375
vn 0.0402 0.7694 -0.6375
vn -0.0155 0.9546 -0.2974
vn -0.0156 0.9546 -0.2975
vn -0.0143 0.9547 -0.2973
vn 0.0149 0.8792 -0.4762
vn 0.0133 0.8794 -0.4758
vn 0.0128 0.8798 -0.4751
vn 0.1613 0.7764 -0.6093
vn 0.1595 0.7752 -0.6112
vn 0.1612 0.7767 -0.6089
vn 0.0308 0.9574 -0.2872
vn 0.0286 0.9570 -0.2887
vn 0.0323 0.9576 -0.2863
vn 0.0956 0.8843 -0.4571
vn 0.0963 0.8844 -0.4568
vn 0.0981 0.8850 -0.4551
vn 0.2757 0.7827 -0.5579
vn 0.2758 0.7827 -0.5579
vn 0.2754 0.7830 -0.5578
vn 0.0866 0.9607 -0.2638
vn 0.0814 0.9597 -0.2691
vn 0.0884 0.9610 -0.2620
vn 0.1852 0.8899 -0.4169
vn 0.1855 0.8899 -0.4168
vn 0.1861 0.8898 -0.4167
vn 0.3779 0.7894 -0.4837
vn 0.3792 0.7891 -0.4832
vn 0.3798 0.7887 -0.4834
vn 0.1332 0.9636 -0.2319
vn 0.1338 0.9638 -0.2306
vn 0.1331 0.9634 -0.2325
vn 0.2616 0.8943 -0.3630
vn 0.2592 0.8931 -0.3677
vn 0.2619 0.8947 -0.3619
vn 0.4632 0.7951 -0.3914
vn 0.4640 0.7958 -0.3892
vn 0.4641 0.7942 -0.3922
vn 0.1880 0.9671 -0.1714
vn 0.1844 0.9673 -0.1742
vn 0.1829 0.9674 -0.1753
vn 0.3338 0.8981 -0.2864
vn 0.3280 0.8991 -0.2899
vn 0.3271 0.8993 -0.2902
vn 0.5297 0.8001 -0.2815
vn 0.5299 0.8000 -0.2814
vn 0.5296 0.8001 -0.2816
vn 0.2070 0.9690 -0.1347
vn 0.2072 0.9694 -0.1320
vn 0.2068 0.9689 -0.1362
vn 0.3738 0.9030 -0.2119
vn 0.3754 0.9016 -0.2147
vn 0.3760 0.9025 -0.2102
vn 0.5730 0.8034 -0.1619
vn 0.5696 0.8050 -0.1657
vn 0.5689 0.8054 -0.1661
vn 0.2283 0.9706 -0.0764
vn 0.2284 0.9703 -0.0793
vn 0.2282 0.9707 -0.0746
vn 0.4104 0.9039 -0.1203
vn 0.4105 0.9038 -0.1208
vn 0.4105 0.9038 -0.1206
vn 0.5876 0.8077 -0.0480
vn 0.5895 0.8065 -0.0449
vn 0.5907 0.8057 -0.0446
vn 0.2371 0.9712 -0.0219
vn 0.2359 0.9716 -0.0211
vn 0.2361 0.9714 -0.0252
vn 0.4237 0.9051 -0.0367
vn 0.4220 0.9059 -0.0368
vn 0.4230 0.9052 -0.0405
vn 0.5858 0.8067 0.0783
vn 0.5862 0.8064 0.0776
vn 0.5861 0.8063 0.0795
vn 0.2342 0.9718 0.0280
vn 0.2354 0.9716 0.0255
vn 0.2339 0.9718 0.0291
vn 0.4178 0.9069 0.0536
vn 0.4183 0.9067 0.0542
vn 0.4180 0.9068 0.0549
vn 0.5582 0.8056 0.1986
vn 0.5591 0.8051 0.1981
vn 0.5580 0.8054 0.1999
vn 0.2213 0.9715 0.0855
vn 0.2212 0.9717 0.0835
vn 0.2212 0.9717 0.0824
vn 0.3968 0.9068 0.1422
vn 0.3978 0.9064 0.1422
vn 0.3966 0.9067 0.1437
vn 0.5060 0.8033 0.3142
vn 0.5051 0.8035 0.3149
vn 0.5072 0.8027 0.3136
vn 0.1976 0.9711 0.1336
vn 0.1965 0.9707 0.1384
vn 0.1960 0.9704 0.1408
vn 0.3569 0.9048 0.2322
vn 0.3569 0.9048 0.2323
vn 0.3570 0.9047 0.2325
vn 0.4333 0.8005 0.4141
vn 0.4332 0.8006 0.4140
vn 0.4333 0.8002 0.4148
vn 0.1649 0.9692 0.1827
vn 0.1646 0.9694 0.1820
vn 0.1656 0.9692 0.1823
vn 0.3062 0.9023 0.3036
vn 0.3062 0.9021 0.3040
vn 0.3045 0.9023 0.3053
vn 0.3414 0.7963 0.4994
vn 0.3436 0.7950 0.4999
vn 0.3402 0.7957 0.5011
vn 0.1236 0.9675 0.2206
vn 0.1223 0.9673 0.2224
vn 0.1219 0.9671 0.2234
vn 0.2374 0.8989 0.3682
vn 0.2377 0.8990 0.3678
vn 0.2336 0.7890 0.5683
vn 0.2336 0.7890 0.5682
vn 0.2339 0.7892 0.5678
vn 0.0687 0.9644 0.2555
vn 0.0675 0.9644 0.2556
vn 0.0694 0.9643 0.2556
vn 0.1538 0.8947 0.4194
vn 0.1535 0.8947 0.4194
vn 0.1541 0.8947 0.4193
vn 0.1171 0.7827 0.6112
vn 0.1157 0.7819 0.6125
vn 0.1155 0.7818 0.6128
vn 0.0202 0.9616 0.2736
vn 0.0207 0.9617 0.2733
vn 0.0199 0.9616 0.2738
vn 0.0710 0.8903 0.4499
vn 0.0693 0.8897 0.4513
vn 0.0689 0.8895 0.4518
vn -0.0043 0.7741 0.6331
vn -0.0050 0.7736 0.6337
vn -0.0075 0.7746 0.6324
vn -0.0399 0.9582 0.2834
vn -0.0403 0.9582 0.2832
vn -0.0393 0.9582 0.2834
vn -0.0218 0.8846 0.4659
vn -0.0236 0.8851 0.4648
vn -0.0211 0.8844 0.4663
vn -0.1339 0.7656 0.6293
vn -0.1331 0.7651 0.6300
vn -0.1341 0.7660 0.6287
vn -0.0893 0.9554 0.2815
vn -0.0895 0.9554 0.2816
vn -0.0899 0.9553 0.2817
vn -0.1106 0.8797 0.4624
vn -0.1153 0.8784 0.4638
vn -0.1166 0.8780 0.4643
vn -0.2581 0.7577 0.5994
vn -0.2593 0.7583 0.5981
vn -0.2580 0.7574 0.5998
vn -0.1620 0.9506 0.2647
vn -0.1619 0.9506 0.2647
vn -0.1616 0.9506 0.2650
vn -0.2133 0.8721 0.4404
vn -0.2165 0.8727 0.4376
vn -0.2123 0.8718 0.4414
vn -0.3774 0.7502 0.5430
vn -0.3770 0.7501 0.5433
vn -0.3774 0.7501 0.5430
vn -0.2105 0.9470 0.2425
vn -0.2108 0.9470 0.2426
vn -0.2992 0.8666 0.3994
vn -0.2992 0.8665 0.3994
vn -0.2995 0.8664 0.3995
vn -0.4855 0.7424 0.4616
vn -0.4821 0.7434 0.4636
vn -0.4813 0.7437 0.4641
vn -0.2640 0.9427 0.2042
vn -0.2653 0.9428 0.2016
vn -0.2632 0.9428 0.2048
vn -0.3821 0.8596 0.3393
vn -0.3813 0.8593 0.3410
vn -0.3824 0.8597 0.3388
vn -0.5655 0.7371 0.3700
vn -0.5669 0.7390 0.3641
vn -0.5659 0.7365 0.3706
vn -0.3061 0.9389 0.1572
vn -0.3076 0.9383 0.1580
vn -0.3084 0.9385 0.1554
vn -0.4493 0.8525 0.2671
vn -0.4486 0.8530 0.2667
vn -0.4478 0.8533 0.2672
vn -0.6204 0.7345 0.2750
vn -0.6235 0.7327 0.2726
vn -0.6244 0.7320 0.2727
vn -0.3278 0.9367 0.1228
vn -0.3284 0.9371 0.1182
vn -0.3272 0.9368 0.1242
vn -0.4851 0.8502 0.2047
vn -0.4848 0.8503 0.2047
vn -0.4846 0.8501 0.2063
vn -0.6676 0.7284 0.1542
vn -0.6664 0.7293 0.1553
vn -0.6664 0.7291 0.1557
vn -0.3498 0.9351 0.0564
vn -0.3498 0.9352 0.0559
vn -0.3488 0.9354 0.0584
vn -0.5196 0.8478 0.1062
vn -0.5158 0.8494 0.1113
vn -0.5151 0.8497 0.1122
vn -0.1649 0.9861 -0.0205
vn -0.1634 0.9862 -0.0280
vn -0.1635 0.9862 -0.0280
vn -0.1629 0.9862 -0.0285
vn -0.1521 0.9870 -0.0519
vn -0.1378 0.9879 -0.0714
vn -0.1192 0.9889 -0.0886
vn -0.1009 0.9898 -0.1002
vn -0.0780 0.9910 -0.1085
vn -0.0695 0.9915 -0.1098
vn -0.0696 0.9915 -0.1098
vn -0.0689 0.9915 -0.1100
vn -0.0454 0.9930 -0.1091
vn -0.0429 0.9936 -0.1047
vn -0.0426 0.9936 -0.1046
vn -0.0378 0.9935 -0.1072
vn -0.0220 0.9947 -0.1001
vn 0.0018 0.9966 -0.0829
vn 0.0294 0.9982 -0.0527
vn 0.0294 0.9982 -0.0517
vn 0.0322 0.9983 -0.0483
vn 0.0382 0.9988 -0.0318
vn 0.0416 0.9991 -0.0096
vn 0.0412 0.9991 -0.0019
vn 0.0412 0.9992 -0.0018
vn 0.0412 0.9991 -0.0010
vn 0.0352 0.9991 0.0234
vn 0.0264 0.9993 0.0263
vn 0.0278 0.9993 0.0246
vn 0.0292 0.9989 0.0362
vn 0.0161 0.9984 0.0539
vn 0.0027 0.9978 0.0661
vn -0.0200 0.9966 0.0800
vn -0.0224 0.9967 0.0776
vn -0.0322 0.9959 0.0848
vn -0.0547 0.9946 0.0881
vn -0.0609 0.9947 0.0829
vn -0.0607 0.9947 0.0829
vn -0.0654 0.9940 0.0877
vn -0.0990 0.9919 0.0800
vn -0.1120 0.9909 0.0741
vn -0.1374 0.9889 0.0563
vn -0.1511 0.9876 0.0413
vn -0.1488 0.9882 0.0368
vn -0.1488 0.9882 0.0367
vn -0.1572 0.9871 0.0313
vn -0.1660 0.9861 0.0070
vn -0.1660 0.9861 0.0065
vn -0.1660 0.9861 0.0066
vn -0.6859 0.7268 0.0364
vn -0.6857 0.7270 0.0366
vn -0.6851 0.7275 0.0365
vn -0.3546 0.9348 0.0183
vn -0.3545 0.9349 0.0186
vn -0.3548 0.9347 0.0191
vn -0.5281 0.8487 0.0288
vn -0.5298 0.8477 0.0285
vn -0.5288 0.8484 0.0249
vn -0.1661 0.9861 0.0059
vn -0.8459 -0.5207 -0.1152
vn -0.8461 -0.5205 -0.1153
vn -0.8463 -0.5202 -0.1149
vn -0.9781 -0.1586 -0.1348
vn -0.9781 -0.1586 -0.1349
vn -0.9784 -0.1581 -0.1334
vn -0.9639 0.2336 -0.1281
vn -0.9638 0.2337 -0.1279
vn -0.9636 0.2349 -0.1277
vn -0.8022 0.5874 -0.1069
vn -0.8021 0.5875 -0.1072
vn -0.8022 0.5875 -0.1068
vn -0.4169 -0.9072 -0.0560
vn -0.4172 -0.9071 -0.0560
vn -0.4172 -0.9071 -0.0553
vn -0.7291 -0.6771 -0.0992
vn -0.7292 -0.6771 -0.0993
vn -0.7292 -0.6770 -0.0995
vn -0.9299 -0.3454 -0.1267
vn -0.9297 -0.3458 -0.1268
vn -0.9297 -0.3460 -0.1266
vn -0.9898 0.0464 -0.1350
vn -0.9896 0.0461 -0.1361
vn -0.9897 0.0393 -0.1378
vn -0.9002 0.4187 -0.1199
vn -0.9002 0.4186 -0.1198
vn -0.9000 0.4188 -0.1208
vn -0.6634 0.7430 -0.0885
vn -0.6630 0.7433 -0.0887
vn -0.6636 0.7429 -0.0880
vn -0.2318 -0.9723 -0.0306
vn -0.2318 -0.9723 -0.0307
vn -0.5845 -0.8074 -0.0798
vn -0.5850 -0.8072 -0.0792
vn -0.5852 -0.8071 -0.0787
vn -0.8603 0.4195 -0.2897
vn -0.8606 0.4194 -0.2888
vn -0.8602 0.4200 -0.2893
vn -0.6356 0.7441 -0.2056
vn -0.6358 0.7441 -0.2049
vn -0.6353 0.7443 -0.2060
vn -0.2182 -0.9719 -0.0878
vn -0.2181 -0.9719 -0.0879
vn -0.2182 -0.9720 -0.0878
vn -0.5559 -0.8065 -0.2014
vn -0.5559 -0.8065 -0.2012
vn -0.5559 -0.8064 -0.2017
vn -0.8059 -0.5196 -0.2838
vn -0.8059 -0.5196 -0.2837
vn -0.8057 -0.5197 -0.2841
vn -0.9331 -0.1558 -0.3240
vn -0.9331 -0.1559 -0.3241
vn -0.9201 0.2351 -0.3133
vn -0.9199 0.2340 -0.3145
vn -0.7680 0.5880 -0.2538
vn -0.7681 0.5878 -0.2541
vn -0.7681 0.5877 -0.2543
vn -0.3953 -0.9066 -0.1477
vn -0.3955 -0.9065 -0.1476
vn -0.3955 -0.9065 -0.1475
vn -0.6936 -0.6766 -0.2472
vn -0.6937 -0.6764 -0.2475
vn -0.6939 -0.6766 -0.2464
vn -0.8861 -0.3447 -0.3098
vn -0.8861 -0.3447 -0.3097
vn -0.8861 -0.3453 -0.3091
vn -0.9448 0.0404 -0.3251
vn -0.9447 0.0407 -0.3253
vn -0.7890 0.4214 -0.4470
vn -0.7896 0.4204 -0.4470
vn -0.7882 0.4223 -0.4477
vn -0.5862 0.7461 -0.3158
vn -0.5862 0.7461 -0.3159
vn -0.5863 0.7458 -0.3162
vn -0.1945 -0.9709 -0.1400
vn -0.1944 -0.9708 -0.1406
vn -0.1944 -0.9710 -0.1390
vn -0.5036 -0.8046 -0.3148
vn -0.5036 -0.8046 -0.3146
vn -0.5036 -0.8047 -0.3143
vn -0.7337 -0.5169 -0.4409
vn -0.7337 -0.5169 -0.4410
vn -0.7338 -0.5168 -0.4409
vn -0.8519 -0.1520 -0.5012
vn -0.8522 -0.1519 -0.5006
vn -0.8421 0.2369 -0.4844
vn -0.8421 0.2369 -0.4845
vn -0.8419 0.2372 -0.4847
vn -0.7061 0.5907 -0.3906
vn -0.7059 0.5893 -0.3930
vn -0.7063 0.5887 -0.3933
vn -0.3562 -0.9048 -0.2333
vn -0.3562 -0.9051 -0.2323
vn -0.3560 -0.9048 -0.2338
vn -0.6308 -0.6734 -0.3854
vn -0.6309 -0.6734 -0.3854
vn -0.8081 -0.3413 -0.4801
vn -0.8080 -0.3414 -0.4801
vn -0.8085 -0.3409 -0.4798
vn -0.8633 0.0436 -0.5029
vn -0.8632 0.0437 -0.5029
vn -0.8631 0.0441 -0.5030
vn -0.6884 0.4256 -0.5874
vn -0.6887 0.4255 -0.5871
vn -0.6882 0.4259 -0.5873
vn -0.5137 0.7495 -0.4175
vn -0.5149 0.7489 -0.4171
vn -0.5130 0.7500 -0.4175
vn -0.1613 -0.9692 -0.1862
vn -0.1614 -0.9692 -0.1861
vn -0.1610 -0.9692 -0.1863
vn -0.4306 -0.8008 -0.4162
vn -0.4305 -0.8009 -0.4163
vn -0.4307 -0.8008 -0.4162
vn -0.6328 -0.5120 -0.5809
vn -0.6329 -0.5120 -0.5808
vn -0.6326 -0.5122 -0.5809
vn -0.7383 -0.1465 -0.6584
vn -0.7384 -0.1467 -0.6582
vn -0.7332 0.2421 -0.6355
vn -0.7331 0.2422 -0.6355
vn -0.6176 0.5933 -0.5163
vn -0.6176 0.5932 -0.5164
vn -0.6176 0.5934 -0.5162
vn -0.3022 -0.9027 -0.3064
vn -0.3021 -0.9025 -0.3071
vn -0.3024 -0.9027 -0.3062
vn -0.5419 -0.6693 -0.5083
vn -0.5419 -0.6692 -0.5084
vn -0.5419 -0.6691 -0.5086
vn -0.6987 -0.3356 -0.6318
vn -0.6990 -0.3356 -0.6315
vn -0.7500 0.0489 -0.6596
vn -0.7498 0.0486 -0.6599
vn -0.5625 0.4323 -0.7048
vn -0.5625 0.4322 -0.7048
vn -0.5624 0.4324 -0.7048
vn -0.4252 0.7538 -0.5010
vn -0.4251 0.7537 -0.5013
vn -0.4250 0.7536 -0.5015
vn -0.1200 -0.9671 -0.2244
vn -0.1200 -0.9671 -0.2243
vn -0.1201 -0.9671 -0.2241
vn -0.3397 -0.7961 -0.5009
vn -0.3395 -0.7962 -0.5008
vn -0.3393 -0.7961 -0.5011
vn -0.5060 -0.5052 -0.6991
vn -0.5061 -0.5053 -0.6990
vn -0.5058 -0.5054 -0.6990
vn -0.5970 -0.1386 -0.7902
vn -0.5975 -0.1381 -0.7899
vn -0.5971 0.2493 -0.7625
vn -0.5972 0.2494 -0.7623
vn -0.5067 0.5992 -0.6198
vn -0.5069 0.5991 -0.6198
vn -0.2343 -0.8988 -0.3706
vn -0.2347 -0.8987 -0.3704
vn -0.4311 -0.6637 -0.6114
vn -0.4311 -0.6637 -0.6113
vn -0.4311 -0.6638 -0.6112
vn -0.5624 -0.3292 -0.7585
vn -0.5621 -0.3287 -0.7589
vn -0.6086 0.0555 -0.7915
vn -0.6083 0.0559 -0.7917
vn -0.4161 0.4407 -0.7954
vn -0.4162 0.4408 -0.7953
vn -0.4161 0.4413 -0.7951
vn -0.3212 0.7594 -0.5658
vn -0.0692 -0.9642 -0.2558
vn -0.0694 -0.9642 -0.2557
vn -0.0696 -0.9642 -0.2557
vn -0.2325 -0.7908 -0.5662
vn -0.2326 -0.7907 -0.5662
vn -0.2324 -0.7908 -0.5662
vn -0.3604 -0.4974 -0.7891
vn -0.3605 -0.4984 -0.7884
vn -0.3584 -0.4974 -0.7900
vn -0.4319 -0.1290 -0.8926
vn -0.4319 -0.1290 -0.8927
vn -0.4330 -0.1282 -0.8922
vn -0.4388 0.2586 -0.8606
vn -0.4389 0.2588 -0.8605
vn -0.3780 0.6064 -0.6996
vn -0.3779 0.6065 -0.6996
vn -0.1543 -0.8944 -0.4197
vn -0.1539 -0.8946 -0.4196
vn -0.1540 -0.8945 -0.4198
vn -0.3015 -0.6563 -0.6917
vn -0.3013 -0.6563 -0.6917
vn -0.3018 -0.6561 -0.6917
vn -0.4040 -0.3216 -0.8564
vn -0.4040 -0.3215 -0.8564
vn -0.4437 0.0640 -0.8939
vn -0.4435 0.0642 -0.8940
vn -0.2537 0.4507 -0.8559
vn -0.2540 0.4509 -0.8557
vn -0.2053 0.7659 -0.6094
vn -0.2059 0.7660 -0.6090
vn -0.2051 0.7658 -0.6095
vn -0.0188 -0.9614 -0.2747
vn -0.0187 -0.9614 -0.2747
vn -0.0192 -0.9614 -0.2745
vn -0.1157 -0.7840 -0.6099
vn -0.1154 -0.7841 -0.6099
vn -0.1157 -0.7839 -0.6100
vn -0.1966 -0.4902 -0.8492
vn -0.1970 -0.4903 -0.8490
vn -0.1968 -0.4902 -0.8491
vn -0.2505 -0.1185 -0.9608
vn -0.2506 -0.1185 -0.9608
vn -0.2488 -0.1198 -0.9611
vn -0.2625 0.2702 -0.9263
vn -0.2624 0.2701 -0.9264
vn -0.2636 0.2685 -0.9265
vn -0.2354 0.6149 -0.7527
vn -0.2350 0.6149 -0.7528
vn -0.2356 0.6146 -0.7529
vn -0.0684 -0.8898 -0.4511
vn -0.0675 -0.8897 -0.4516
vn -0.0689 -0.8898 -0.4511
vn -0.1592 -0.6489 -0.7440
vn -0.1590 -0.6488 -0.7441
vn -0.1585 -0.6488 -0.7442
vn -0.2271 -0.3120 -0.9225
vn -0.2268 -0.3123 -0.9225
vn -0.2618 0.0741 -0.9623
vn -0.2619 0.0743 -0.9622
vn -0.2624 0.0744 -0.9621
vn -0.0818 0.4608 -0.8837
vn -0.0815 0.4605 -0.8839
vn -0.0837 0.7732 -0.6286
vn -0.0842 0.7736 -0.6281
vn -0.0852 0.7734 -0.6282
vn 0.0406 -0.9578 -0.2846
vn 0.0397 -0.9577 -0.2849
vn 0.0393 -0.9578 -0.2849
vn 0.0077 -0.7767 -0.6298
vn 0.0078 -0.7767 -0.6299
vn 0.0079 -0.7766 -0.6299
vn -0.0252 -0.4799 -0.8769
vn -0.0247 -0.4797 -0.8771
vn -0.0254 -0.4802 -0.8768
vn -0.0577 -0.1131 -0.9919
vn -0.0578 -0.1130 -0.9919
vn -0.0527 -0.1174 -0.9917
vn -0.0756 0.2812 -0.9567
vn -0.0755 0.2813 -0.9566
vn -0.0759 0.2806 -0.9568
vn -0.0851 0.6242 -0.7767
vn -0.0848 0.6240 -0.7768
vn -0.0850 0.6242 -0.7766
vn 0.0244 -0.8840 -0.4668
vn 0.0247 -0.8841 -0.4666
vn 0.0255 -0.8842 -0.4664
vn -0.0092 -0.6403 -0.7681
vn -0.0093 -0.6403 -0.7681
vn -0.0092 -0.6404 -0.7680
vn -0.0396 -0.3012 -0.9527
vn -0.0399 -0.3010 -0.9528
vn -0.0401 -0.3008 -0.9528
vn -0.0770 0.0905 -0.9929
vn -0.0709 0.0903 -0.9934
vn -0.0752 0.0858 -0.9935
vn 0.0918 0.4711 -0.8773
vn 0.0916 0.4709 -0.8774
vn 0.0372 0.7807 -0.6238
vn 0.0368 0.7805 -0.6240
vn 0.0969 -0.9544 -0.2825
vn 0.0966 -0.9544 -0.2824
vn 0.0968 -0.9544 -0.2823
vn 0.1326 -0.7691 -0.6252
vn 0.1325 -0.7691 -0.6253
vn 0.1478 -0.4690 -0.8707
vn 0.1450 -0.1063 -0.9837
vn 0.1467 -0.1054 -0.9835
vn 0.1398 -0.1051 -0.9846
vn 0.1126 0.2922 -0.9497
vn 0.1129 0.2918 -0.9498
vn 0.1133 0.2914 -0.9499
vn 0.0669 0.6328 -0.7714
vn 0.0672 0.6329 -0.7713
vn 0.0677 0.6326 -0.7715
vn 0.1161 -0.8789 -0.4628
vn 0.1167 -0.8785 -0.4632
vn 0.1152 -0.8788 -0.4630
vn 0.1428 -0.6313 -0.7623
vn 0.1429 -0.6313 -0.7623
vn 0.1430 -0.6312 -0.7623
vn 0.1465 -0.2899 -0.9458
vn 0.1471 -0.2893 -0.9459
vn 0.1326 0.1070 -0.9854
vn 0.1335 0.1069 -0.9853
vn 0.1360 0.0999 -0.9857
vn 0.2607 0.4802 -0.8375
vn 0.2607 0.4804 -0.8374
vn 0.2612 0.4809 -0.8370
vn 0.1567 0.7876 -0.5959
vn 0.1565 0.7875 -0.5961
vn 0.1566 0.7876 -0.5960
vn 0.1547 -0.9508 -0.2685
vn 0.2536 -0.7614 -0.5966
vn 0.2536 -0.7615 -0.5965
vn 0.2543 -0.7614 -0.5963
vn 0.3166 -0.4583 -0.8305
vn 0.3163 -0.4583 -0.8306
vn 0.3167 -0.4584 -0.8304
vn 0.3327 -0.0854 -0.9391
vn 0.3327 -0.0855 -0.9391
vn 0.3324 -0.0852 -0.9393
vn 0.2966 0.3020 -0.9060
vn 0.2980 0.3009 -0.9059
vn 0.2146 0.6414 -0.7366
vn 0.2153 0.6412 -0.7366
vn 0.2156 0.6407 -0.7369
vn 0.2078 -0.8730 -0.4413
vn 0.2086 -0.8733 -0.4403
vn 0.2092 -0.8731 -0.4403
vn 0.2902 -0.6220 -0.7273
vn 0.2901 -0.6220 -0.7273
vn 0.2901 -0.6221 -0.7272
vn 0.3300 -0.2785 -0.9020
vn 0.3299 -0.2784 -0.9020
vn 0.3301 -0.2788 -0.9018
vn 0.3214 0.1112 -0.9404
vn 0.3211 0.1109 -0.9405
vn 0.4170 0.4893 -0.7659
vn 0.4171 0.4894 -0.7659
vn 0.4173 0.4898 -0.7655
vn 0.2689 0.7945 -0.5445
vn 0.2690 0.7944 -0.5446
vn 0.2692 0.7944 -0.5445
vn 0.2018 -0.9478 -0.2467
vn 0.2020 -0.9477 -0.2470
vn 0.2019 -0.9478 -0.2467
vn 0.3666 -0.7544 -0.5445
vn 0.3663 -0.7545 -0.5445
vn 0.3664 -0.7546 -0.5445
vn 0.4738 -0.4477 -0.7583
vn 0.4738 -0.4478 -0.7583
vn 0.4736 -0.4475 -0.7586
vn 0.5094 -0.0738 -0.8573
vn 0.5095 -0.0740 -0.8573
vn 0.5099 -0.0749 -0.8570
vn 0.4657 0.3110 -0.8285
vn 0.3538 0.6495 -0.6730
vn 0.3529 0.6503 -0.6727
vn 0.3521 0.6501 -0.6733
vn 0.2902 -0.8681 -0.4027
vn 0.2907 -0.8676 -0.4034
vn 0.2892 -0.8680 -0.4036
vn 0.4285 -0.6124 -0.6643
vn 0.4284 -0.6125 -0.6643
vn 0.4280 -0.6127 -0.6644
vn 0.5016 -0.2665 -0.8230
vn 0.5015 -0.2666 -0.8231
vn 0.5010 -0.2653 -0.8238
vn 0.4965 0.1205 -0.8596
vn 0.4974 0.1223 -0.8588
vn 0.5578 0.4979 -0.6641
vn 0.5574 0.4984 -0.6640
vn 0.3668 0.8006 -0.4738
vn 0.3667 0.8006 -0.4739
vn 0.3667 0.8006 -0.4740
vn 0.2518 -0.9445 -0.2108
vn 0.2526 -0.9446 -0.2095
vn 0.2525 -0.9447 -0.2092
vn 0.4678 -0.7475 -0.4716
vn 0.4677 -0.7476 -0.4716
vn 0.4676 -0.7476 -0.4717
vn 0.6135 -0.4377 -0.6573
vn 0.6135 -0.4377 -0.6572
vn 0.6133 -0.4374 -0.6577
vn 0.6656 -0.0637 -0.7436
vn 0.6649 -0.0647 -0.7441
vn 0.6176 0.3204 -0.7182
vn 0.6178 0.3206 -0.7180
vn 0.4746 0.6577 -0.5850
vn 0.4753 0.6576 -0.5845
vn 0.4764 0.6571 -0.5842
vn 0.3670 -0.8624 -0.3487
vn 0.3663 -0.8627 -0.3488
vn 0.3674 -0.8624 -0.3482
vn 0.5514 -0.6042 -0.5752
vn 0.5515 -0.6041 -0.5752
vn 0.6517 -0.2559 -0.7140
vn 0.6517 -0.2558 -0.7141
vn 0.6521 -0.2565 -0.7134
vn 0.6540 0.1308 -0.7451
vn 0.6746 0.5056 -0.5378
vn 0.4509 0.8063 -0.3828
vn 0.4510 0.8063 -0.3828
vn 0.4507 0.8064 -0.3829
vn 0.2876 -0.9422 -0.1717
vn 0.2887 -0.9421 -0.1708
vn 0.2869 -0.9424 -0.1721
vn 0.5531 -0.7414 -0.3799
vn 0.5523 -0.7418 -0.3803
vn 0.5534 -0.7413 -0.3798
vn 0.7305 -0.4296 -0.5309
vn 0.7305 -0.4295 -0.5310
vn 0.7306 -0.4298 -0.5306
vn 0.7972 -0.0547 -0.6012
vn 0.7971 -0.0545 -0.6014
vn 0.7442 0.3287 -0.5814
vn 0.7441 0.3288 -0.5815
vn 0.5789 0.6641 -0.4731
vn 0.5787 0.6640 -0.4734
vn 0.5785 0.6643 -0.4733
vn 0.4292 -0.8585 -0.2805
vn 0.4294 -0.8584 -0.2805
vn 0.4292 -0.8584 -0.2810
vn 0.6540 -0.5969 -0.4647
vn 0.6542 -0.5969 -0.4644
vn 0.6536 -0.5972 -0.4649
vn 0.7783 -0.2476 -0.5770
vn 0.7782 -0.2477 -0.5771
vn 0.7857 0.1394 -0.6027
vn 0.7858 0.1394 -0.6026
vn 0.7655 0.5119 -0.3899
vn 0.5142 0.8111 -0.2790
vn 0.5141 0.8113 -0.2783
vn 0.5142 0.8108 -0.2796
vn 0.3211 -0.9396 -0.1186
vn 0.3210 -0.9397 -0.1182
vn 0.3212 -0.9397 -0.1178
vn 0.6185 -0.7370 -0.2725
vn 0.6184 -0.7371 -0.2726
vn 0.8210 -0.4229 -0.3835
vn 0.8209 -0.4230 -0.3836
vn 0.8211 -0.4228 -0.3834
vn 0.8989 -0.0473 -0.4357
vn 0.8989 -0.0472 -0.4357
vn 0.8988 -0.0464 -0.4359
vn 0.8427 0.3356 -0.4210
vn 0.8426 0.3357 -0.4211
vn 0.6580 0.6696 -0.3444
vn 0.6581 0.6695 -0.3444
vn 0.6583 0.6698 -0.3435
vn 0.4794 -0.8547 -0.1994
vn 0.4791 -0.8549 -0.1992
vn 0.4789 -0.8550 -0.1989
vn 0.7337 -0.5914 -0.3345
vn 0.7339 -0.5913 -0.3343
vn 0.7341 -0.5913 -0.3339
vn 0.8762 -0.2402 -0.4179
vn 0.8762 -0.2401 -0.4179
vn 0.8876 0.1468 -0.4366
vn 0.8875 0.1466 -0.4368
vn 0.8255 0.5164 -0.2279
vn 0.8255 0.5164 -0.2277
vn 0.8248 0.5170 -0.2289
vn 0.5567 0.8145 -0.1630
vn 0.5569 0.8145 -0.1629
vn 0.5566 0.8146 -0.1631
vn 0.3386 -0.9383 -0.0703
vn 0.3385 -0.9383 -0.0705
vn 0.3385 -0.9383 -0.0704
vn 0.6614 -0.7335 -0.1568
vn 0.6615 -0.7333 -0.1568
vn 0.6617 -0.7331 -0.1570
vn 0.8811 -0.4182 -0.2211
vn 0.8810 -0.4182 -0.2211
vn 0.8809 -0.4184 -0.2213
vn 0.9669 -0.0413 -0.2517
vn 0.9670 -0.0416 -0.2514
vn 0.9076 0.3401 -0.2463
vn 0.9075 0.3401 -0.2463
vn 0.9075 0.3404 -0.2459
vn 0.7115 0.6735 -0.2004
vn 0.7112 0.6738 -0.2004
vn 0.7113 0.6734 -0.2017
vn 0.5096 -0.8524 -0.1170
vn 0.5112 -0.8516 -0.1162
vn 0.5090 -0.8527 -0.1173
vn 0.7862 -0.5872 -0.1926
vn 0.7863 -0.5872 -0.1924
vn 0.7862 -0.5874 -0.1919
vn 0.9417 -0.2345 -0.2412
vn 0.9418 -0.2343 -0.2411
vn 0.9419 -0.2338 -0.2411
vn 0.9553 0.1520 -0.2537
vn 0.9553 0.1523 -0.2534
vn 0.8526 0.5196 -0.0567
vn 0.8525 0.5196 -0.0567
vn 0.8525 0.5196 -0.0569
vn 0.5757 0.8165 -0.0432
vn 0.5757 0.8165 -0.0431
vn 0.3482 -0.9374 -0.0085
vn 0.3484 -0.9373 -0.0086
vn 0.3483 -0.9374 -0.0085
vn 0.6814 -0.7312 -0.0341
vn 0.6814 -0.7311 -0.0344
vn 0.9085 -0.4147 -0.0510
vn 0.9976 -0.0375 -0.0588
vn 0.9975 -0.0367 -0.0596
vn 0.9374 0.3429 -0.0611
vn 0.9374 0.3429 -0.0607
vn 0.9376 0.3423 -0.0613
vn 0.7346 0.6765 -0.0515
vn 0.7347 0.6765 -0.0515
vn 0.5259 -0.8503 -0.0224
vn 0.5250 -0.8508 -0.0209
vn 0.5246 -0.8511 -0.0202
vn 0.8101 -0.5846 -0.0431
vn 0.8102 -0.5846 -0.0433
vn 0.8104 -0.5843 -0.0438
vn 0.9716 -0.2298 -0.0564
vn 0.9717 -0.2295 -0.0568
vn 0.9862 0.1544 -0.0601
vn 0.9862 0.1543 -0.0600
vn 0.9861 0.1549 -0.0602
vn 0.8463 0.5199 0.1158
vn 0.8465 0.5197 0.1152
vn 0.8463 0.5200 0.1155
vn 0.5717 0.8167 0.0785
vn 0.5723 0.8163 0.0780
vn 0.5713 0.8169 0.0787
vn 0.3461 -0.9372 0.0439
vn 0.3461 -0.9372 0.0438
vn 0.3462 -0.9371 0.0441
vn 0.6767 -0.7307 0.0907
vn 0.6767 -0.7307 0.0908
vn 0.6766 -0.7307 0.0908
vn 0.9023 -0.4137 0.1215
vn 0.9908 -0.0359 0.1308
vn 0.9905 -0.0340 0.1330
vn 0.9305 0.3435 0.1270
vn 0.9305 0.3436 0.1269
vn 0.7290 0.6773 0.0994
vn 0.7290 0.6772 0.0995
vn 0.7289 0.6774 0.0991
vn 0.5215 -0.8506 0.0677
vn 0.5219 -0.8502 0.0692
vn 0.5213 -0.8507 0.0671
vn 0.8049 -0.5835 0.1081
vn 0.9649 -0.2284 0.1292
vn 0.9649 -0.2285 0.1293
vn 0.9649 -0.2281 0.1303
vn 0.9789 0.1559 0.1318
vn 0.9789 0.1559 0.1317
vn 0.9792 0.1555 0.1302
vn 0.8072 0.5180 0.2831
vn 0.8071 0.5180 0.2831
vn 0.8070 0.5181 0.2832
vn 0.5442 0.8157 0.1962
vn 0.3319 -0.9377 0.1031
vn 0.3318 -0.9377 0.1033
vn 0.3318 -0.9377 0.1032
vn 0.6478 -0.7318 0.2119
vn 0.8627 -0.4148 0.2893
vn 0.8627 -0.4147 0.2892
vn 0.8626 -0.4149 0.2894
vn 0.9464 -0.0373 0.3210
vn 0.9463 -0.0374 0.3211
vn 0.8877 0.3427 0.3075
vn 0.8880 0.3426 0.3067
vn 0.8877 0.3434 0.3068
vn 0.6942 0.6765 0.2459
vn 0.6941 0.6765 0.2462
vn 0.6945 0.6759 0.2467
vn 0.5000 -0.8511 0.1601
vn 0.4991 -0.8514 0.1611
vn 0.4989 -0.8514 0.1618
vn 0.7700 -0.5846 0.2556
vn 0.7701 -0.5845 0.2554
vn 0.9220 -0.2306 0.3109
vn 0.9224 -0.2306 0.3099
vn 0.9219 -0.2298 0.3118
vn 0.9349 0.1538 0.3200
vn 0.9348 0.1542 0.3201
vn 0.7351 0.5155 0.4403
vn 0.7351 0.5156 0.4403
vn 0.7360 0.5149 0.4394
vn 0.4933 0.8134 0.3082
vn 0.4933 0.8134 0.3083
vn 0.4933 0.8133 0.3086
vn 0.3093 -0.9388 0.1518
vn 0.3092 -0.9388 0.1519
vn 0.3093 -0.9387 0.1521
vn 0.5960 -0.7344 0.3247
vn 0.5960 -0.7343 0.3249
vn 0.5959 -0.7342 0.3253
vn 0.7912 -0.4181 0.4463
vn 0.7910 -0.4184 0.4463
vn 0.7905 -0.4189 0.4467
vn 0.8649 -0.0415 0.5002
vn 0.8650 -0.0415 0.5001
vn 0.8650 -0.0425 0.5000
vn 0.8100 0.3396 0.4780
vn 0.8100 0.3397 0.4781
vn 0.8096 0.3401 0.4784
vn 0.6314 0.6734 0.3845
vn 0.6314 0.6734 0.3846
vn 0.6314 0.6735 0.3844
vn 0.4617 -0.8531 0.2428
vn 0.4616 -0.8530 0.2437
vn 0.4621 -0.8532 0.2420
vn 0.7072 -0.5874 0.3934
vn 0.7072 -0.5875 0.3933
vn 0.8440 -0.2345 0.4823
vn 0.8443 -0.2341 0.4821
vn 0.8543 0.1501 0.4977
vn 0.8540 0.1510 0.4978
vn 0.8545 0.1502 0.4972
vn 0.6330 0.5111 0.5815
vn 0.6331 0.5111 0.5813
vn 0.6331 0.5115 0.5810
vn 0.4212 0.8101 0.4079
vn 0.4212 0.8101 0.4078
vn 0.4213 0.8102 0.4075
vn 0.2744 -0.9406 0.1997
vn 0.2738 -0.9408 0.1998
vn 0.2738 -0.9407 0.2004
vn 0.5227 -0.7382 0.4265
vn 0.5226 -0.7382 0.4265
vn 0.6896 -0.4238 0.5872
vn 0.6897 -0.4241 0.5870
vn 0.6895 -0.4240 0.5872
vn 0.7510 -0.0480 0.6585
vn 0.7510 -0.0480 0.6586
vn 0.6999 0.3341 0.6313
vn 0.6997 0.3340 0.6315
vn 0.6998 0.3339 0.6314
vn 0.5423 0.6690 0.5083
vn 0.5422 0.6689 0.5085
vn 0.5420 0.6684 0.5094
vn 0.4070 -0.8556 0.3198
vn 0.4070 -0.8557 0.3196
vn 0.4069 -0.8556 0.3200
vn 0.6181 -0.5924 0.5168
vn 0.6180 -0.5923 0.5170
vn 0.6180 -0.5922 0.5172
vn 0.7343 -0.2398 0.6351
vn 0.7342 -0.2398 0.6351
vn 0.7346 -0.2394 0.6349
vn 0.7393 0.1460 0.6574
vn 0.7393 0.1459 0.6574
vn 0.5060 0.5047 0.6994
vn 0.5060 0.5045 0.6996
vn 0.3313 0.8054 0.4915
vn 0.3314 0.8055 0.4913
vn 0.3314 0.8054 0.4915
vn 0.2332 -0.9429 0.2380
vn 0.2333 -0.9429 0.2379
vn 0.2335 -0.9429 0.2375
vn 0.4313 -0.7433 0.5114
vn 0.4314 -0.7432 0.5114
vn 0.5621 -0.4307 0.7061
vn 0.5622 -0.4308 0.7060
vn 0.5624 -0.4311 0.7055
vn 0.6076 -0.0553 0.7923
vn 0.5618 0.3272 0.7599
vn 0.5618 0.3272 0.7598
vn 0.4314 0.6628 0.6121
vn 0.4311 0.6627 0.6124
vn 0.3390 -0.8596 0.3822
vn 0.3384 -0.8597 0.3825
vn 0.3382 -0.8597 0.3829
vn 0.5066 -0.5988 0.6203
vn 0.5960 -0.2469 0.7641
vn 0.5958 -0.2466 0.7643
vn 0.5959 0.1383 0.7911
vn 0.5957 0.1386 0.7911
vn 0.3576 0.4963 0.7910
vn 0.3576 0.4963 0.7911
vn 0.3577 0.4960 0.7912
vn 0.2264 0.7997 0.5561
vn 0.2260 0.7997 0.5563
vn 0.2260 0.7997 0.5562
vn 0.1848 -0.9456 0.2677
vn 0.1846 -0.9456 0.2678
vn 0.3250 -0.7490 0.5773
vn 0.3248 -0.7491 0.5773
vn 0.3249 -0.7490 0.5774
vn 0.4145 -0.4381 0.7977
vn 0.4138 -0.4382 0.7980
vn 0.4141 -0.4385 0.7976
vn 0.4394 -0.0639 0.8960
vn 0.4397 -0.0643 0.8958
vn 0.4007 0.3184 0.8591
vn 0.4009 0.3186 0.8589
vn 0.3012 0.6557 0.6924
vn 0.2604 -0.8640 0.4309
vn 0.2603 -0.8640 0.4309
vn 0.2609 -0.8638 0.4310
vn 0.3765 -0.6060 0.7007
vn 0.3767 -0.6059 0.7007
vn 0.4348 -0.2561 0.8633
vn 0.4348 -0.2560 0.8634
vn 0.4281 0.1287 0.8945
vn 0.4277 0.1282 0.8948
vn 0.1950 0.4868 0.8515
vn 0.1949 0.4866 0.8516
vn 0.1947 0.4864 0.8518
vn 0.1116 0.7930 0.5989
vn 0.1116 0.7929 0.5991
vn 0.1107 0.7928 0.5994
vn 0.1301 -0.9487 0.2880
vn 0.1299 -0.9487 0.2881
vn 0.1300 -0.9488 0.2880
vn 0.2077 -0.7559 0.6209
vn 0.2079 -0.7558 0.6210
vn 0.2079 -0.7557 0.6211
vn 0.2517 -0.4466 0.8586
vn 0.2520 -0.4468 0.8584
vn 0.2546 -0.0734 0.9642
vn 0.2549 -0.0737 0.9642
vn 0.2552 -0.0740 0.9641
vn 0.2235 0.3078 0.9248
vn 0.2234 0.3078 0.9248
vn 0.2228 0.3083 0.9248
vn 0.1576 0.6478 0.7453
vn 0.1577 0.6478 0.7453
vn 0.1579 0.6477 0.7453
vn 0.1730 -0.8689 0.4637
vn 0.1729 -0.8690 0.4637
vn 0.1725 -0.8691 0.4637
vn 0.2341 -0.6138 0.7540
vn 0.2341 -0.6137 0.7540
vn 0.2347 -0.6136 0.7540
vn 0.2582 -0.2648 0.9291
vn 0.2582 -0.2649 0.9291
vn 0.2594 -0.2637 0.9291
vn 0.2434 0.1174 0.9628
vn 0.2432 0.1172 0.9629
vn 0.0242 0.4771 0.8785
vn 0.0238 0.4767 0.8787
vn 0.0244 0.4772 0.8784
vn -0.0102 0.7856 0.6187
vn -0.0103 0.7856 0.6187
vn -0.0099 0.7855 0.6188
vn 0.0761 -0.9520 0.2966
vn 0.0765 -0.9519 0.2967
vn 0.0759 -0.9520 0.2965
vn 0.0846 -0.7627 0.6412
vn 0.0846 -0.7628 0.6410
vn 0.0848 -0.7630 0.6409
vn 0.0810 -0.4567 0.8859
vn 0.0814 -0.4567 0.8859
vn 0.0808 -0.4564 0.8861
vn 0.0646 -0.0759 0.9950
vn 0.0650 -0.0762 0.9950
vn 0.0655 -0.0768 0.9949
vn 0.0394 0.2957 0.9545
vn 0.0395 0.2957 0.9545
vn 0.0386 0.2965 0.9542
vn 0.0076 0.6391 0.7691
vn 0.0075 0.6391 0.7691
vn 0.0074 0.6392 0.7690
vn 0.0817 -0.8743 0.4784
vn 0.0819 -0.8743 0.4784
vn 0.0822 -0.8742 0.4786
vn 0.0841 -0.6221 0.7784
vn 0.0840 -0.6222 0.7784
vn 0.0843 -0.6219 0.7785
vn 0.0750 -0.2745 0.9587
vn 0.0750 -0.2745 0.9586
vn 0.0500 0.1036 0.9934
vn 0.0475 0.1057 0.9933
vn -0.1495 0.4674 0.8713
vn -0.1501 0.4675 0.8712
vn -0.1487 0.4668 0.8718
vn -0.1337 0.7782 0.6136
vn -0.1335 0.7784 0.6134
vn -0.1334 0.7780 0.6139
vn 0.0158 -0.9555 0.2945
vn 0.0161 -0.9555 0.2944
vn -0.0402 -0.7705 0.6362
vn -0.0401 -0.7704 0.6363
vn -0.0404 -0.7706 0.6361
vn -0.0920 -0.4674 0.8793
vn -0.1234 -0.0877 0.9885
vn -0.1210 -0.0916 0.9884
vn -0.1310 -0.0884 0.9874
vn -0.1480 0.2846 0.9472
vn -0.1480 0.2845 0.9472
vn -0.1471 0.2857 0.9470
vn -0.1452 0.6298 0.7631
vn -0.0129 -0.8799 0.4750
vn -0.0119 -0.8800 0.4748
vn -0.0130 -0.8798 0.4751
vn -0.0672 -0.6310 0.7729
vn -0.0674 -0.6309 0.7729
vn -0.1135 -0.2857 0.9516
vn -0.1137 -0.2860 0.9515
vn -0.1131 -0.2860 0.9515
vn -0.1332 0.0940 0.9866
vn -0.1333 0.0949 0.9865
vn -0.1347 0.0971 0.9861
vn -0.3189 0.4584 0.8295
vn -0.3188 0.4587 0.8294
vn -0.3171 0.4578 0.8306
vn -0.2549 0.7715 0.5829
vn -0.2552 0.7714 0.5830
vn -0.2542 0.7708 0.5842
vn -0.0361 -0.9587 0.2820
vn -0.0357 -0.9587 0.2822
vn -0.0358 -0.9587 0.2821
vn -0.1619 -0.7776 0.6075
vn -0.1619 -0.7776 0.6076
vn -0.1611 -0.7779 0.6074
vn -0.2603 -0.4775 0.8392
vn -0.2604 -0.4774 0.8392
vn -0.2604 -0.4771 0.8394
vn -0.3174 -0.1096 0.9419
vn -0.3173 -0.1095 0.9420
vn -0.3183 -0.1080 0.9418
vn -0.3294 0.2760 0.9029
vn -0.3284 0.2774 0.9029
vn -0.3283 0.2772 0.9030
vn -0.2944 0.6204 0.7270
vn -0.2939 0.6202 0.7273
vn -0.2930 0.6214 0.7266
vn -0.1011 -0.8854 0.4537
vn -0.1003 -0.8850 0.4546
vn -0.1001 -0.8851 0.4545
vn -0.2153 -0.6400 0.7376
vn -0.2151 -0.6399 0.7377
vn -0.2159 -0.6397 0.7376
vn -0.2948 -0.2970 0.9082
vn -0.2946 -0.2972 0.9082
vn -0.2959 -0.2968 0.9079
vn -0.3288 0.0857 0.9405
vn -0.3286 0.0859 0.9406
vn -0.4755 0.4487 0.7567
vn -0.4751 0.4489 0.7568
vn -0.4756 0.4489 0.7565
vn -0.3668 0.7644 0.5302
vn -0.3637 0.7657 0.5304
vn -0.3629 0.7658 0.5309
vn -0.0915 -0.9622 0.2566
vn -0.0915 -0.9622 0.2565
vn -0.0917 -0.9622 0.2565
vn -0.2756 -0.7846 0.5554
vn -0.2758 -0.7845 0.5554
vn -0.2761 -0.7844 0.5554
vn -0.4168 -0.4874 0.7673
vn -0.4170 -0.4877 0.7670
vn -0.4171 -0.4878 0.7669
vn -0.4962 -0.1196 0.8599
vn -0.4949 -0.1203 0.8606
vn -0.5025 0.2681 0.8219
vn -0.5025 0.2681 0.8220
vn -0.5010 0.2665 0.8234
vn -0.4305 0.6128 0.6627
vn -0.4307 0.6125 0.6629
vn -0.1880 -0.8906 0.4141
vn -0.1871 -0.8910 0.4138
vn -0.1882 -0.8905 0.4143
vn -0.3533 -0.6487 0.6741
vn -0.3525 -0.6490 0.6742
vn -0.3536 -0.6487 0.6739
vn -0.4646 -0.3087 0.8300
vn -0.4644 -0.3084 0.8302
vn -0.5089 0.0746 0.8576
vn -0.5075 0.0757 0.8583
vn -0.6147 0.4387 0.6555
vn -0.6149 0.4387 0.6553
vn -0.4652 0.7586 0.4561
vn -0.4656 0.7589 0.4552
vn -0.4647 0.7586 0.4566
vn -0.1349 -0.9648 0.2255
vn -0.1348 -0.9648 0.2256
vn -0.1342 -0.9648 0.2263
vn -0.3772 -0.7911 0.4815
vn -0.3771 -0.7912 0.4816
vn -0.5582 -0.4975 0.6641
vn -0.5575 -0.4984 0.6639
vn -0.5592 -0.4968 0.6637
vn -0.6542 -0.1290 0.7452
vn -0.6541 -0.1294 0.7452
vn -0.6529 0.2593 0.7117
vn -0.6530 0.2592 0.7116
vn -0.6528 0.2583 0.7122
vn -0.5515 0.6060 0.5733
vn -0.5544 0.6078 0.5685
vn -0.5525 0.6045 0.5739
vn -0.2609 -0.8954 0.3608
vn -0.2623 -0.8953 0.3601
vn -0.2601 -0.8956 0.3610
vn -0.4770 -0.6571 0.5837
vn -0.4773 -0.6568 0.5837
vn -0.4767 -0.6572 0.5838
vn -0.6181 -0.3182 0.7188
vn -0.6177 -0.3179 0.7193
vn -0.6661 0.0653 0.7430
vn -0.6660 0.0652 0.7431
vn -0.6660 0.0664 0.7430
vn -0.7317 0.4304 0.5286
vn -0.7316 0.4301 0.5289
vn -0.7299 0.4324 0.5294
vn -0.5456 0.7528 0.3682
vn -0.5438 0.7536 0.3693
vn -0.5430 0.7544 0.3688
vn -0.1756 -0.9675 0.1820
vn -0.1754 -0.9675 0.1822
vn -0.1758 -0.9675 0.1819
vn -0.4611 -0.7965 0.3911
vn -0.4611 -0.7966 0.3910
vn -0.4607 -0.7966 0.3913
vn -0.6750 -0.5061 0.5369
vn -0.6751 -0.5063 0.5366
vn -0.6747 -0.5059 0.5375
vn -0.7867 -0.1376 0.6019
vn -0.7867 -0.1380 0.6017
vn -0.7785 0.2503 0.5756
vn -0.7787 0.2500 0.5754
vn -0.7789 0.2498 0.5753
vn -0.6539 0.6005 0.4602
vn -0.6539 0.6006 0.4601
vn -0.6538 0.6003 0.4607
vn -0.3247 -0.8993 0.2931
vn -0.3249 -0.8994 0.2925
vn -0.3250 -0.8995 0.2921
vn -0.5792 -0.6637 0.4734
vn -0.5792 -0.6636 0.4734
vn -0.5792 -0.6637 0.4733
vn -0.7456 -0.3270 0.5806
vn -0.7460 -0.3268 0.5803
vn -0.7461 -0.3266 0.5803
vn -0.7978 0.0573 0.6002
vn -0.7979 0.0575 0.6001
vn -0.7977 0.0573 0.6003
vn -0.8205 0.4254 0.3818
vn -0.8194 0.4265 0.3829
vn -0.8189 0.4278 0.3825
vn -0.6085 0.7496 0.2604
vn -0.6085 0.7499 0.2596
vn -0.6086 0.7491 0.2617
vn -0.2032 -0.9696 0.1364
vn -0.2033 -0.9696 0.1364
vn -0.2033 -0.9696 0.1363
vn -0.5262 -0.8009 0.2858
vn -0.5262 -0.8008 0.2859
vn -0.5262 -0.8008 0.2860
vn -0.7660 -0.5111 0.3899
vn -0.7659 -0.5112 0.3900
vn -0.8882 -0.1455 0.4358
vn -0.8883 -0.1458 0.4356
vn -0.8758 0.2438 0.4165
vn -0.8757 0.2439 0.4166
vn -0.8751 0.2441 0.4179
vn -0.7322 0.5948 0.3316
vn -0.7321 0.5973 0.3275
vn -0.7325 0.5944 0.3319
vn -0.3722 -0.9026 0.2163
vn -0.3723 -0.9026 0.2163
vn -0.3723 -0.9024 0.2167
vn -0.6583 -0.6694 0.3444
vn -0.6585 -0.6689 0.3450
vn -0.6588 -0.6685 0.3451
vn -0.8434 -0.3340 0.4209
vn -0.8433 -0.3344 0.4207
vn -0.8432 -0.3344 0.4209
vn -0.8993 0.0490 0.4346
vn -0.8992 0.0501 0.4347
vn -0.8792 0.4227 0.2199
vn -0.8790 0.4231 0.2199
vn -0.6482 0.7468 0.1488
vn -0.6452 0.7488 0.1515
vn -0.6452 0.7486 0.1528
vn -0.2244 -0.9712 0.0801
vn -0.2244 -0.9712 0.0797
vn -0.2244 -0.9712 0.0796
vn -0.5699 -0.8043 0.1683
vn -0.8253 -0.5164 0.2286
vn -0.8252 -0.5165 0.2285
vn -0.8255 -0.5161 0.2286
vn -0.9554 -0.1507 0.2540
vn -0.9554 -0.1507 0.2539
vn -0.9552 -0.1499 0.2553
vn -0.9409 0.2387 0.2402
vn -0.9409 0.2385 0.2404
vn -0.7830 0.5919 0.1913
vn -0.7831 0.5918 0.1911
vn -0.7828 0.5922 0.1909
vn -0.4058 -0.9052 0.1260
vn -0.4048 -0.9056 0.1267
vn -0.4060 -0.9051 0.1262
vn -0.7116 -0.6728 0.2025
vn -0.7116 -0.6727 0.2025
vn -0.7117 -0.6726 0.2027
vn -0.9077 -0.3394 0.2468
vn -0.9076 -0.3395 0.2471
vn -0.9076 -0.3393 0.2472
vn -0.9666 0.0430 0.2526
vn -0.9666 0.0429 0.2527
vn -0.9666 0.0429 0.2529
vn -0.0377 -0.9993 -0.0047
vn -0.0329 -0.9992 -0.0248
vn -0.0252 -0.9988 -0.0416
vn -0.0136 -0.9982 -0.0576
vn -0.0006 -0.9976 -0.0696
vn 0.0180 -0.9965 -0.0815
vn 0.0320 -0.9957 -0.0866
vn 0.0537 -0.9945 -0.0901
vn 0.0734 -0.9933 -0.0894
vn 0.0944 -0.9920 -0.0840
vn 0.0938 -0.9920 -0.0845
vn 0.0943 -0.9920 -0.0840
vn 0.1059 -0.9912 -0.0789
vn 0.1311 -0.9896 -0.0592
vn 0.1268 -0.9899 -0.0638
vn 0.1354 -0.9893 -0.0545
vn 0.1529 -0.9880 -0.0210
vn 0.1488 -0.9883 -0.0328
vn 0.1529 -0.9880 -0.0211
vn 0.1533 -0.9880 -0.0207
vn 0.1571 -0.9876 0.0036
vn 0.1565 -0.9875 0.0186
vn 0.1513 -0.9877 0.0402
vn 0.1443 -0.9880 0.0555
vn 0.1321 -0.9886 0.0725
vn 0.1187 -0.9893 0.0848
vn 0.1028 -0.9902 0.0946
vn 0.0827 -0.9913 0.1020
vn 0.0670 -0.9923 0.1045
vn 0.0441 -0.9936 0.1037
vn 0.0295 -0.9945 0.1002
vn 0.0020 -0.9963 0.0862
vn 0.0076 -0.9959 0.0903
vn -0.0036 -0.9966 0.0821
vn -0.0198 -0.9977 0.0648
vn -0.0275 -0.9983 0.0523
vn -0.0356 -0.9989 0.0306
vn -0.9062 0.4197 0.0510
vn -0.9061 0.4199 0.0512
vn -0.6647 0.7460 0.0398
vn -0.6686 0.7427 0.0357
vn -0.6679 0.7435 0.0336
vn -0.2334 -0.9721 0.0248
vn -0.2334 -0.9721 0.0250
vn -0.2331 -0.9721 0.0256
vn -0.5896 -0.8066 0.0431
vn -0.5894 -0.8066 0.0435
vn -0.5897 -0.8065 0.0430
vn -0.8522 -0.5201 0.0581
vn -0.8522 -0.5200 0.0581
vn -0.8520 -0.5203 0.0584
vn -0.9858 -0.1551 0.0643
vn -0.9858 -0.1551 0.0642
vn -0.9859 -0.1552 0.0628
vn -0.9706 0.2345 0.0553
vn -0.9706 0.2341 0.0556
vn -0.9702 0.2358 0.0552
vn -0.8071 0.5887 0.0437
vn -0.8073 0.5885 0.0437
vn -0.8070 0.5890 0.0429
vn -0.0383 -0.9992 0.0143
vn -0.4199 -0.9069 0.0337
vn -0.4200 -0.9069 0.0334
vn -0.4200 -0.9069 0.0335
vn -0.7353 -0.6758 0.0522
vn -0.7353 -0.6757 0.0524
vn -0.7350 -0.6761 0.0517
vn -0.9371 -0.3436 0.0615
vn -0.9372 -0.3434 0.0616
vn -0.9369 -0.3444 0.0605
vn -0.9972 0.0430 0.0613
vn -0.9971 0.0407 0.0637
vn -0.6336 0.7727 0.0387
vn -0.6365 0.7704 0.0372
vn -0.6362 0.7708 0.0334
vn -0.6189 0.7727 0.1413
vn -0.6189 0.7729 0.1401
vn -0.6184 0.7729 0.1425
vn -0.5787 0.7773 0.2468
vn -0.5786 0.7785 0.2431
vn -0.5771 0.7780 0.2483
vn -0.5215 0.7846 0.3351
vn -0.5257 0.7797 0.3401
vn -0.5207 0.7856 0.3343
vn -0.4456 0.7842 0.4317
vn -0.4499 0.7823 0.4309
vn -0.4517 0.7826 0.4283
vn -0.3528 0.7887 0.5035
vn -0.3540 0.7880 0.5037
vn -0.3559 0.7880 0.5025
vn -0.2468 0.7958 0.5530
vn -0.2454 0.7962 0.5530
vn -0.2440 0.7970 0.5526
vn -0.1297 0.8043 0.5799
vn -0.1294 0.8046 0.5796
vn -0.1297 0.8041 0.5801
vn -0.0135 0.8121 0.5833
vn -0.0131 0.8122 0.5833
vn 0.1010 0.8187 0.5652
vn 0.1010 0.8189 0.5650
vn 0.1006 0.8189 0.5650
vn 0.2097 0.8248 0.5251
vn 0.2097 0.8249 0.5249
vn 0.2110 0.8246 0.5249
vn 0.3096 0.8305 0.4631
vn 0.3095 0.8305 0.4631
vn 0.3094 0.8305 0.4632
vn 0.3949 0.8349 0.3834
vn 0.3947 0.8355 0.3823
vn 0.3938 0.8362 0.3817
vn 0.4605 0.8392 0.2892
vn 0.4605 0.8392 0.2894
vn 0.4604 0.8399 0.2876
vn 0.5076 0.8418 0.1834
vn 0.5075 0.8419 0.1834
vn 0.5074 0.8420 0.1830
vn 0.5339 0.8424 0.0723
vn 0.5339 0.8424 0.0722
vn 0.5338 0.8425 0.0723
vn 0.5381 0.8418 -0.0415
vn 0.5382 0.8418 -0.0414
vn 0.5378 0.8420 -0.0418
vn 0.5200 0.8402 -0.1538
vn 0.5203 0.8400 -0.1540
vn 0.5204 0.8399 -0.1543
vn 0.4814 0.8371 -0.2598
vn 0.4813 0.8367 -0.2615
vn 0.4809 0.8376 -0.2594
vn 0.4214 0.8316 -0.3617
vn 0.4214 0.8315 -0.3619
vn 0.3434 0.8259 -0.4472
vn 0.3443 0.8253 -0.4475
vn 0.3447 0.8254 -0.4472
vn 0.2489 0.8203 -0.5149
vn 0.2487 0.8204 -0.5150
vn 0.2480 0.8203 -0.5154
vn 0.1432 0.8138 -0.5632
vn 0.1434 0.8137 -0.5633
vn 0.1429 0.8139 -0.5631
vn 0.0310 0.8067 -0.5901
vn 0.0309 0.8067 -0.5901
vn 0.0312 0.8071 -0.5896
vn -0.0837 0.8001 -0.5941
vn -0.0835 0.8001 -0.5940
vn -0.0836 0.8003 -0.5937
vn -0.1982 0.7939 -0.5749
vn -0.1984 0.7936 -0.5752
vn -0.1983 0.7936 -0.5752
vn -0.3069 0.7873 -0.5347
vn -0.3069 0.7874 -0.5346
vn -0.3065 0.7874 -0.5348
vn -0.4065 0.7816 -0.4732
vn -0.4064 0.7817 -0.4731
vn -0.4068 0.7815 -0.4731
vn -0.4905 0.7769 -0.3948
vn -0.4905 0.7768 -0.3949
vn -0.5592 0.7731 -0.2993
vn -0.5591 0.7731 -0.2996
vn -0.5591 0.7730 -0.2997
vn -0.6064 0.7711 -0.1941
vn -0.6062 0.7715 -0.1934
vn -0.6059 0.7720 -0.1923
vn -0.6316 0.7708 -0.0828
vn -0.6293 0.7725 -0.0845
vn -0.6314 0.7712 -0.0814
vn 0.4636 -0.8859 -0.0163
vn 0.9773 -0.0802 -0.1960
vn 0.7928 -0.5705 -0.2144
vn 0.5139 0.7170 -0.4711
vn 0.9563 -0.0536 -0.2875
vn -0.0506 0.9895 -0.1355
vn 0.2915 0.8868 -0.3588
vn -0.3212 -0.9441 -0.0745
vn -0.9180 -0.2123 -0.3348
vn 0.3843 0.3270 0.8634
vn -0.5583 -0.7652 0.3206
vn 0.6739 0.5400 -0.5043
vn -0.1738 -0.9505 0.2575
vn 0.8688 0.4826 0.1112
vn 0.4638 -0.7502 -0.4713
vn 0.9728 0.2313 -0.0089
vn 0.7508 0.2786 0.5989
vn 0.8936 0.3581 0.2708
vn 0.9428 0.3324 -0.0229
vn -0.6529 0.1477 0.7429
vn 0.0041 -0.9361 -0.3518
vn 0.6503 0.6654 0.3666
vn 0.8455 0.5042 -0.1759
vn -0.1388 -0.8599 0.4913
vn 0.3216 0.7705 0.5503
vn 0.4542 0.7039 0.5461
vn 0.7495 0.6304 0.2020
vn 0.9994 0.0132 -0.0306
vn -0.7923 0.5793 0.1915
vn 0.8834 -0.3464 0.3156
vn -0.0595 -0.7928 0.6065
vn 0.5935 0.7417 0.3124
vn -0.0988 -0.5465 0.8316
vn 0.9793 0.1927 0.0620
vn 0.6990 -0.4722 -0.5370
vn 0.7716 -0.6317 -0.0745
vn 0.6902 0.7156 -0.1078
vn 0.6249 -0.6633 0.4118
vn 0.9739 0.2231 -0.0413
vn -0.0765 -0.0014 -0.9971
vn 0.5752 -0.5363 0.6177
vn 0.4352 -0.7429 0.5087
vn 0.5880 -0.4495 -0.6725
vn 0.8043 -0.3689 0.4658
vn 0.8089 0.2222 0.5443
vn 0.6416 0.0284 0.7665
vn 0.2255 -0.9689 -0.1025
vn 0.5037 0.6694 -0.5461
vn 0.2807 -0.6481 0.7080
vn 0.6537 0.0751 0.7530
vn -0.8321 0.3254 0.4491
vn 0.5956 0.4824 0.6423
vn 0.7461 0.5400 0.3894
vn 0.8936 0.3861 -0.2288
vn 0.6960 0.6748 0.2454
vn -0.2640 -0.8356 0.4817
vn 0.8759 0.4817 0.0275
vn 0.8759 0.4818 0.0265
vn 0.8771 0.4800 0.0159
vn -0.6692 -0.7428 -0.0170
vn -0.1834 -0.9576 0.2224
vn 0.6764 0.5588 0.4798
vn 0.4581 0.7843 -0.4183
vn -0.4352 -0.4381 0.7866
vn 0.0097 0.6441 0.7648
vn 0.6698 -0.7312 0.1295
vn -0.1026 -0.5278 0.8431
vn 0.5031 0.6718 0.5436
vn 0.9652 0.2559 0.0535
vn -0.0660 -0.0677 -0.9955
vn 0.7950 0.5567 -0.2408
vn 0.9392 -0.0305 -0.3420
vn -0.6527 -0.6552 0.3803
vn 0.8370 0.4517 -0.3089
vn -0.2586 0.7537 0.6042
vn -0.5518 -0.7563 0.3514
vn 0.9856 0.0868 -0.1451
vn -0.8595 0.3537 0.3689
vn 0.6534 0.5914 0.4726
vn 0.7584 0.4424 0.4787
vn -0.1470 0.6533 -0.7427
vn 0.7597 0.6059 0.2359
vn -0.6692 0.4063 0.6222
vn 0.9357 0.3357 0.1087
vn 0.4404 0.8219 -0.3613
vn -0.7287 -0.4748 -0.4935
vn 0.4100 -0.0907 0.9076
vn 0.1649 0.7874 -0.5940
vn 0.6294 -0.4488 -0.6344
vn 0.3819 -0.9189 0.0984
vn -0.1991 0.5586 0.8052
vn 0.4326 0.0434 -0.9005
vn -0.1260 0.6467 0.7523
vn 0.6785 0.6825 0.2717
vn 0.4885 -0.8283 0.2742
vn 0.3249 0.9336 -0.1513
vn 0.8546 0.1730 0.4897
vn 0.9489 0.0817 0.3048
vn -0.1079 -0.6734 0.7314
vn 0.9738 0.1901 0.1244
vn -0.0849 0.9830 0.1628
vn 0.3459 -0.8754 0.3377
vn 0.3242 -0.7620 -0.5606
vn 0.4145 0.0426 -0.9091
vn -0.3124 -0.8772 0.3646
vn 0.8761 0.3744 0.3038
vn 0.9739 0.0667 0.2171
vn 0.8087 0.5882 -0.0042
vn -0.2509 -0.9418 -0.2238
vn -0.6169 -0.6817 0.3933
vn 0.7075 0.5559 0.4364
vn 0.9838 0.0695 0.1650
vn -0.3553 0.8635 0.3579
vn 0.7567 -0.6498 0.0719
vn -0.2387 0.7043 -0.6686
vn -0.2330 0.7005 -0.6745
vn -0.2376 0.7037 -0.6696
vn -0.2815 -0.8007 -0.5288
vn -0.3004 -0.9192 0.2548
vn 0.7188 0.6558 0.2307
vn 0.4007 -0.9143 0.0595
vn -0.1605 -0.7596 0.6303
vn 0.6814 0.7293 -0.0618
vn 0.8100 0.5699 0.1384
vn 0.8565 0.1744 0.4857
vn -0.5629 -0.3587 0.7446
vn -0.1275 0.8507 -0.5099
vn 0.9590 0.1297 0.2520
vn 0.1850 0.0944 0.9782
vn -0.7950 0.5893 0.1439
vn 0.3269 0.4064 -0.8532
vn 0.2599 0.8693 -0.4205
vn -0.8075 -0.5889 0.0332
vn 0.4687 0.0865 -0.8791
vn 0.8081 0.5161 0.2840
vn 0.6264 0.7781 0.0459
vn 0.9577 -0.2536 -0.1363
vn 0.5679 -0.6522 -0.5022
vn 0.6203 0.7278 0.2925
vn 0.8379 0.4227 0.3454
vn 0.9981 0.0060 0.0621
vn 0.3187 -0.5060 0.8015
vn 0.0874 0.7107 -0.6980
vn 0.7304 -0.1116 0.6738
vn 0.8318 0.4646 -0.3039
vn -0.0531 0.6692 0.7412
vn 0.8565 0.4470 0.2581
vn -0.2594 0.9317 0.2543
vn 0.3708 -0.7993 0.4729
vn 0.9376 0.3169 -0.1430
vn 0.9648 -0.1674 -0.2030
vn 0.7385 0.6397 0.2131
vn 0.4465 0.8292 -0.3362
vn 0.4784 0.7399 -0.4729
vn 0.6937 0.7176 -0.0623
vn 0.7559 0.4178 -0.5040
vn -0.6584 0.6089 0.4423
vn 0.9470 -0.0980 0.3060
vn 0.6226 0.7232 -0.2990
vn 0.7499 0.6610 0.0265
vn -0.8095 -0.4763 0.3433
vn 0.5544 0.8307 0.0510
vn 0.1114 0.8434 -0.5256
vn 0.3715 -0.6983 0.6118
vn 0.9701 -0.2269 -0.0866
vn -0.3378 0.9260 0.1688
vn -0.0672 -0.7938 0.6045
vn 0.7875 0.5082 -0.3486
vn 0.1709 0.8054 -0.5676
vn 0.8740 0.3073 0.3765
vn 0.5002 0.6323 -0.5917
vn 0.9013 0.4010 0.1639
vn -0.9021 -0.1480 0.4054
vn -0.4679 -0.0303 0.8833
vn 0.3321 0.9330 0.1384
vn -0.8336 -0.0629 0.5488
vn 0.5597 0.1914 0.8063
vn -0.0364 0.1760 0.9837
vn 0.5149 -0.4670 0.7188
vn 0.8858 0.4354 0.1604
vn -0.1621 -0.5613 0.8116
vn -0.1122 -0.5996 0.7924
vn 0.8368 0.5075 0.2054
vn -0.5153 -0.5576 0.6508
vn -0.5833 0.7882 0.1964
vn 0.3970 0.9028 0.1655
vn 0.3776 0.8384 -0.3932
vn 0.5668 0.8221 0.0537
vn 0.5663 0.8224 0.0544
vn 0.5604 0.8264 0.0544
vn 0.5258 0.7635 -0.3750
vn 0.9787 -0.0194 -0.2045
vn 0.9860 0.1575 -0.0551
vn 0.9108 0.3211 0.2596
vn -0.0942 0.9949 -0.0357
vn 0.9490 0.2865 -0.1312
vn -0.0788 0.1527 -0.9851
vn -0.0401 0.2103 -0.9768
vn 0.9296 0.2739 0.2467
vn 0.3368 0.2860 0.8971
vn 0.0131 0.6826 -0.7307
vn 0.3434 0.7698 -0.5380
vn 0.8066 -0.5620 0.1830
vn -0.0605 0.9876 0.1446
vn 0.1725 0.9840 -0.0454
vn 0.7010 0.6793 0.2172
vn -0.2309 0.9719 -0.0451
vn 0.3378 -0.9383 0.0742
vn -0.2777 0.9413 0.1919
vn -0.0924 0.8972 0.4319
vn 0.3700 0.9290 -0.0001
vn 0.7790 0.4223 0.4635
vn 0.7675 0.4849 0.4194
vn 0.3130 0.5554 -0.7704
vn 0.1698 0.9518 0.2556
vn 0.9838 0.1116 0.1406
vn -0.2120 -0.8937 0.3955
vn 0.5567 0.5909 0.5840
vn 0.4038 0.8641 0.3004
vn 0.7834 0.4038 0.4726
vn 0.2024 0.9616 0.1854
vn -0.4187 0.3068 -0.8547
vn 0.7576 0.4985 0.4213
vn 0.7346 0.5553 0.3899
vn 0.6347 0.6907 0.3465
vn 0.5949 0.6104 0.5229
vn -0.6105 0.5860 -0.5328
vn 0.1673 0.1629 -0.9724
vn 0.2554 0.4648 0.8478
vn 0.1533 0.4749 -0.8666
vn 0.2842 0.4953 -0.8210
vn 0.2148 0.4767 -0.8524
vn 0.6239 -0.1831 0.7598
vn 0.0669 0.7472 0.6613
vn 0.0684 0.7524 0.6552
vn 0.0673 0.7488 0.6594
vn 0.6836 -0.6478 0.3363
vn 0.6612 0.7215 -0.2056
vn 0.6142 0.7019 -0.3607
vn -0.5888 -0.1476 0.7947
vn -0.4936 0.0438 0.8686
vn 0.5839 0.7453 -0.3219
vn 0.0323 0.2727 -0.9616
vn 0.0592 0.5111 -0.8575
vn -0.1717 0.6991 0.6941
vn -0.1621 0.9866 0.0162
vn -0.1403 0.0576 -0.9884
vn 0.7554 0.5735 -0.3169
vn -0.1059 -0.0758 -0.9915
vn -0.4431 -0.8577 -0.2608
vn -0.4450 -0.8569 -0.2600
vn -0.4426 -0.8578 -0.2613
vn 0.0639 0.5216 -0.8508
vn 0.0745 0.4892 -0.8690
vn -0.0767 0.3939 -0.9159
vn -0.2004 0.8083 -0.5536
vn -0.3207 0.8768 0.3583
vn -0.1323 0.8316 -0.5394
vn 0.1834 0.5795 -0.7941
vn 0.6742 0.6751 0.2996
vn 0.6997 0.6253 0.3456
vn 0.2687 0.9119 -0.3103
vn -0.4724 0.6733 0.5688
vn 0.6927 0.6015 0.3979
vn 0.6079 0.7446 0.2756
vn 0.3423 0.8963 -0.2820
vn 0.7089 0.6799 0.1876
vn 0.6368 0.4661 0.6142
vn 0.7411 0.4865 0.4628
vn -0.2996 0.7270 0.6178
vn 0.7705 0.6324 -0.0800
vn 0.6122 0.6822 0.3997
vn 0.8332 0.5366 0.1334
vn 0.4773 0.6046 0.6377
vn -0.6331 0.4297 0.6438
vn -0.5030 0.0338 0.8636
vn 0.5001 0.7161 0.4870
vn 0.6056 0.5292 0.5943
vn 0.3903 0.3826 0.8374
vn -0.4877 -0.1448 0.8609
vn -0.5083 -0.0508 0.8597
vn -0.3666 -0.1353 0.9205
vn 0.8559 0.5130 -0.0658
vn 0.4739 0.8749 0.1001
vn 0.6282 0.7397 0.2414
vn -0.2065 0.5726 0.7934
vn 0.1827 0.3715 0.9103
vn -0.0733 0.3012 0.9508
vn 0.3328 0.5003 0.7993
vn 0.0136 0.7631 0.6461
vn 0.0988 0.5956 0.7972
vn 0.6726 0.4544 0.5841
vn 0.3162 0.8497 -0.4219
vn 0.3142 0.8501 -0.4226
vn 0.3468 0.8960 -0.2774
vn -0.3775 -0.8536 -0.3590
vn 0.6634 0.5803 0.4724
vn 0.1021 0.2741 0.9563
vn -0.1125 0.3833 0.9167
vn -0.1025 0.3645 0.9256
vn -0.5000 -0.1644 0.8503
vn 0.5736 -0.7953 -0.1960
vn -0.0550 0.6066 0.7931
vn 0.1730 0.3627 0.9157
vn -0.4446 0.8886 -0.1125
vn -0.4101 0.8983 -0.1577
vn -0.0341 0.6549 0.7549
vn -0.4458 0.8879 -0.1136
vn -0.4745 0.8802 0.0125
vn -0.1910 0.5957 0.7801
vn -0.2162 0.9674 0.1322
vn -0.4777 0.7663 -0.4296
vn -0.4849 0.8028 -0.3469
vn -0.1729 0.8707 -0.4604
vn -0.1662 0.7983 -0.5789
vn -0.1102 0.8576 -0.5024
vn -0.2229 0.9636 -0.1476
vn 0.1904 0.2735 -0.9428
vn -0.2846 0.9316 0.2263
vn 0.1601 0.6594 -0.7346
vn -0.3716 0.6065 0.7029
vn -0.5556 0.7645 0.3268
vn 0.4953 0.4127 -0.7645
vn -0.1347 0.9736 -0.1844
vn 0.4233 0.5320 0.7333
vn 0.2445 0.4788 -0.8432
vn -0.2648 0.9354 -0.2346
vn -0.4171 0.7979 -0.4352
vn -0.5311 0.6995 -0.4782
vn -0.3259 0.9453 -0.0111
vn -0.8823 0.0093 -0.4707
vn 0.0203 0.9754 -0.2197
vn -0.0638 0.9832 -0.1713
vn -0.4507 0.8322 -0.3230
vn -0.5086 0.7946 -0.3317
vn -0.2276 0.9711 -0.0718
vn -0.1843 0.9565 -0.2261
vn -0.1823 0.8828 0.4330
vn -0.8258 0.5638 -0.0074
vn -0.2242 0.8586 0.4609
vn -0.3367 0.9278 0.1609
vn -0.4279 0.7719 0.4702
vn -0.2165 0.9741 -0.0647
vn 0.0689 0.7541 0.6532
vn 0.4606 0.8665 -0.1923
vn 0.6258 0.7584 0.1820
vn 0.6949 -0.5916 0.4089
vn 0.5282 0.8490 0.0174
vn 0.5965 0.7791 0.1929
vn -0.6282 0.6974 -0.3450
vn 0.3365 -0.9220 0.1917
vn 0.5926 0.7319 0.3362
vn -0.8852 0.4653 0.0008
vn -0.2215 -0.7847 -0.5790
vn -0.8998 0.3544 -0.2544
vn -0.6162 0.5331 0.5797
vn -0.9183 0.1984 0.3425
vn 0.5820 0.8100 0.0720
vn 0.4894 0.8637 0.1201
vn 0.2429 0.7216 0.6483
vn 0.5150 0.8200 0.2497
vn -0.9120 0.3550 -0.2056
vn 0.3949 0.8877 0.2369
vn 0.4003 0.8830 0.2453
vn 0.4008 0.8824 0.2465
vn 0.5813 0.1677 0.7962
vn 0.4822 0.8285 0.2847
vn 0.4957 0.8471 0.1914
vn -0.2180 0.9143 -0.3415
vn 0.3316 0.8831 0.3318
vn 0.5235 -0.8392 -0.1475
vn -0.7170 0.6330 0.2920
vn -0.8030 0.4061 0.4363
vn 0.1212 -0.2567 0.9589
vn 0.3268 -0.8256 0.4600
vn 0.4123 0.9109 -0.0172
vn 0.5586 0.7750 -0.2955
vn -0.4178 0.8994 -0.1283
vn 0.1146 0.9869 -0.1135
vn 0.6365 0.7435 -0.2052
vn -0.1334 0.9571 0.2570
vn -0.2884 0.7431 0.6039
vn -0.1303 0.9731 0.1900
vn -0.3098 0.9132 0.2648
vn -0.5037 0.5833 0.6372
vn -0.0740 0.9931 0.0907
vn -0.8335 0.5482 0.0697
vn 0.1503 0.8927 -0.4248
vn 0.6142 -0.7560 0.2264
vn -0.9840 -0.1454 -0.1032
vn 0.6903 -0.6202 0.3727
vn 0.7417 0.6314 0.2262
vn -0.9769 -0.1373 -0.1638
vn 0.9021 0.4167 0.1122
vn 0.5943 0.7645 0.2496
vn -0.9562 -0.2831 0.0743
vn 0.3162 0.7677 -0.5573
vn 0.6095 0.7896 0.0715
vn 0.2991 0.8027 0.5160
vn 0.3012 0.8035 0.5134
vn 0.2998 0.8027 0.5156
vn 0.0191 0.9995 0.0235
vn 0.5453 0.7379 0.3977
vn 0.4650 0.7370 0.4905
vn 0.3928 0.8113 0.4330
vn 0.6213 0.7541 0.2131
vn -0.8382 -0.4131 0.3561
vn 0.4612 0.7412 0.4878
vn 0.0407 -0.7611 0.6473
vn 0.5139 0.7471 0.4216
vn 0.1629 0.6706 0.7238
vn 0.1468 0.4710 0.8698
vn -0.0482 0.5006 0.8643
vn -0.0724 0.9802 0.1844
vn 0.2579 0.7055 0.6601
vn 0.6186 0.6897 -0.3765
vn -0.6555 0.7255 0.2097
vn -0.8216 0.2119 -0.5291
vn 0.3640 0.9234 0.1215
vn -0.2697 0.8065 -0.5262
vn 0.0049 -0.4800 0.8772
vn -0.6489 -0.3950 -0.6503
vn 0.6388 -0.7403 -0.2097
vn 0.6448 -0.7361 -0.2061
vn 0.6397 -0.7396 -0.2092
vn 0.6349 -0.4637 -0.6180
vn -0.4821 0.8551 -0.1906
vn -0.9883 0.1213 -0.0927
vn 0.8793 0.2975 -0.3719
vn 0.2641 0.8386 -0.4765
vn -0.2804 0.7063 0.6501
vn -0.7142 -0.6638 -0.2220
vn 0.8982 0.3578 -0.2555
vn -0.7432 0.5686 -0.3525
vn 0.7387 0.6740 0.0111
vn 0.4719 0.7798 0.4115
vn 0.7285 0.6529 0.2075
vn -0.5551 -0.7658 0.3247
vn 0.0855 0.9517 0.2949
vn 0.7225 0.6855 0.0901
vn -0.1355 0.8941 0.4268
vn -0.9908 0.0634 -0.1198
vn -0.0651 0.8416 0.5361
vn -0.6136 0.7040 -0.3577
vn -0.2087 0.7248 0.6566
vn 0.0477 -0.0807 -0.9956
vn -0.5346 -0.6343 0.5583
vn -0.9972 -0.0135 -0.0729
vn -0.1760 -0.7876 0.5905
vn -0.3506 0.5715 0.7419
vn 0.5473 0.8210 -0.1625
vn -0.3942 -0.4591 -0.7961
vn -0.9482 -0.2749 0.1594
vn 0.5669 -0.7952 -0.2151
vn 0.3204 0.7918 0.5199
vn 0.3321 0.8025 0.4956
vn -0.7010 -0.5502 0.4536
vn -0.9211 0.0261 0.3884
vn -0.5118 0.8071 -0.2942
vn 0.1594 0.8252 0.5419
vn -0.1393 -0.9306 -0.3384
vn 0.3664 0.7763 0.5130
vn 0.0069 0.9745 -0.2244
vn -0.7931 -0.1206 0.5970
vn -0.0751 -0.9907 -0.1135
vn 0.0128 0.8771 -0.4801
vn -0.8339 0.4631 -0.3002
vn 0.3974 0.7625 0.5106
vn -0.0868 -0.7267 0.6814
vn 0.9673 -0.2490 -0.0473
vn -0.0248 -0.9928 -0.1169
vn -0.8339 0.5268 0.1646
vn -0.7490 0.6173 -0.2409
vn -0.7473 0.1626 0.6443
vn -0.8720 0.4880 0.0376
vn 0.9749 0.0628 0.2134
vn 0.2678 0.9424 0.2004
vn -0.3386 -0.6411 -0.6887
vn -0.0022 0.9156 -0.4021
vn -0.0305 -0.9742 -0.2235
vn 0.4488 0.6787 -0.5813
vn 0.2553 0.7595 -0.5983
vn -0.8975 0.2180 0.3832
vn 0.9133 0.3950 0.0995
vn -0.3331 0.7399 0.5845
vn 0.4624 -0.4128 0.7847
vn -0.9321 -0.2264 0.2826
vn 0.3697 0.7398 0.5621
vn 0.6695 0.7185 -0.1884
vn -0.8345 0.3572 0.4196
vn 0.6702 0.7401 -0.0556
vn 0.9642 0.1177 -0.2377
vn -0.8555 0.3297 0.3993
vn 0.9105 0.3882 0.1424
vn -0.4193 -0.8947 0.1541
vn -0.3810 -0.9237 -0.0398
vn 0.1582 -0.9729 0.1689
vn 0.4423 0.8797 0.1746
vn 0.6193 0.6145 0.4888
vn -0.7214 -0.1053 0.6845
vn -0.7342 0.6786 0.0221
vn -0.0589 0.1692 0.9838
vn -0.6111 -0.7873 0.0825
vn -0.6340 0.7646 0.1158
vn 0.3542 0.7141 -0.6038
vn -0.4960 -0.6529 0.5724
vn 0.6962 0.4578 0.5529
vn -0.6667 -0.6150 -0.4210
vn 0.0537 0.7832 -0.6195
vn -0.2637 -0.6379 0.7235
vn -0.3956 -0.2097 0.8942
vn 0.5181 0.3116 0.7965
vn -0.7252 0.3607 0.5864
vn 0.0010 -0.9723 -0.2337
vn 0.6192 0.6451 -0.4478
vn -0.9741 -0.1773 -0.1407
vn 0.9837 0.0496 0.1727
vn 0.7250 0.6847 0.0750
vn 0.0165 0.4322 0.9017
vn 0.7126 -0.4190 0.5627
vn -0.0564 0.1713 -0.9836
vn -0.7637 0.2153 -0.6086
vn -0.4780 0.8660 0.1469
vn -0.5940 -0.1478 0.7907
vn -0.6511 0.6850 0.3270
vn -0.9107 0.3352 -0.2415
vn -0.9116 0.3288 -0.2468
vn -0.9120 0.3262 -0.2488
vn -0.7445 0.5459 0.3843
vn 0.6577 0.7531 0.0178
vn -0.8881 -0.0666 -0.4549
vn -0.9831 0.1776 -0.0448
vn 0.6771 -0.7357 -0.0158
vn 0.7370 0.5334 0.4150
vn 0.6466 -0.1346 -0.7509
vn 0.7603 0.6469 -0.0592
vn 0.2949 -0.9512 0.0903
vn -0.4535 0.7832 -0.4253
vn -0.9709 0.2271 -0.0759
vn -0.6652 0.4708 0.5795
vn 0.2461 -0.6763 0.6942
vn 0.4072 -0.4337 0.8038
vn -0.0919 -0.9953 0.0315
vn -0.1129 -0.9931 0.0314
vn -0.1034 -0.9799 0.1706
vn -0.3362 -0.6683 0.6636
vn 0.8871 0.4078 0.2161
vn 0.1185 0.4930 0.8619
vn -0.4783 -0.1882 0.8578
vn -0.1014 -0.4243 0.8998
vn -0.8044 0.5912 0.0591
vn 0.0569 -0.8767 0.4776
vn 0.5194 -0.5993 0.6092
vn -0.1014 0.5430 0.8336
vn -0.5003 0.8658 0.0002
vn -0.5538 -0.8272 0.0953
vn 0.5378 0.6287 0.5617
vn 0.4833 -0.7856 0.3865
vn 0.6426 0.6829 0.3475
vn 0.6439 0.6479 -0.4070
vn 0.1157 -0.4818 0.8686
vn -0.5956 0.4791 0.6448
vn 0.4103 0.8160 0.4072
vn -0.5542 -0.2004 0.8079
vn -0.9210 -0.0754 -0.3821
vn -0.6264 -0.7764 -0.0694
vn 0.2636 0.9395 0.2188
vn -0.9839 0.1190 -0.1330
vn 0.1076 -0.8488 0.5177
vn -0.9107 0.3366 -0.2395
vn 0.6457 -0.7354 -0.2056
vn 0.5757 0.7472 -0.3321
vn -0.8783 0.2980 0.3739
vn 0.5280 -0.5190 0.6722
vn 0.0744 0.9008 -0.4278
vn 0.6727 -0.6046 0.4265
vn 0.1128 -0.0823 -0.9902
vn -0.1105 0.7430 0.6601
vn 0.6162 0.7755 -0.1373
vn 0.3495 0.9366 -0.0242
vn 0.8400 0.5408 -0.0441
vn 0.3143 0.9218 -0.2271
vn -0.9496 0.2780 -0.1449
vn -0.0067 0.8638 -0.5038
vn -0.3106 0.7919 -0.5258
vn -0.9500 0.0127 -0.3121
vn 0.5462 -0.5338 -0.6456
vn 0.5451 -0.5333 -0.6469
vn 0.5437 -0.5336 -0.6478
vn 0.5327 -0.8230 -0.1971
vn -0.9239 0.0377 -0.3808
vn -0.2233 -0.3558 0.9075
vn 0.3498 0.7007 -0.6217
vn 0.8183 0.5194 0.2461
vn 0.1253 0.9904 0.0584
vn -0.8024 0.4532 -0.3882
vn -0.7861 0.3998 0.4714
vn 0.7960 0.5066 0.3312
vn 0.1859 0.2410 0.9526
vn -0.0034 0.7635 0.6458
vn -0.8842 0.3883 -0.2595
vn 0.5413 0.8047 0.2438
vn -0.9546 0.2966 -0.0278
vn -0.6316 0.3326 0.7003
vn 0.8341 0.4518 0.3165
vn -0.1665 -0.8467 -0.5053
vn 0.6818 -0.7068 0.1886
vn -0.2928 -0.6624 0.6896
vn -0.0372 -0.7992 0.5999
vn 0.7238 0.1392 0.6759
vn 0.1023 0.6633 0.7414
vn 0.6663 0.7450 -0.0325
vn 0.5601 0.8267 0.0537
vn 0.5112 0.7469 0.4251
vn -0.7090 0.0299 0.7046
vn 0.1523 -0.9575 -0.2450
vn 0.3559 0.4067 -0.8414
vn 0.6936 -0.6298 0.3497
vn -0.9650 0.2275 0.1307
vn 0.7676 0.1358 0.6264
vn 0.7674 0.1313 0.6275
vn 0.7676 0.1305 0.6275
vn -0.7844 -0.2564 0.5648
vn 0.8709 0.4817 0.0979
vn -0.9813 0.0875 -0.1716
vn -0.0469 0.8650 -0.4996
vn -0.5412 0.3823 0.7490
vn 0.1277 -0.9837 -0.1263
vn -0.8140 0.4826 0.3233
vn 0.3666 0.9100 -0.1938
vn 0.1088 0.6986 -0.7072
vn -0.0094 0.9999 -0.0035
vn 0.7626 0.6469 -0.0087
vn -0.8873 0.4259 0.1767
vn 0.5566 -0.6945 0.4559
vn -0.0219 -0.9935 -0.1118
vn -0.3650 0.3917 0.8446
vn 0.4154 0.8919 0.1787
vn -0.6885 0.6947 0.2081
vn 0.6438 0.4134 0.6439
vn 0.8336 0.3521 -0.4257
vn -0.9442 0.3288 -0.0189
vn -0.9247 0.0110 -0.3805
vn -0.5207 0.7579 -0.3931
vn -0.8643 0.5026 -0.0215
vn 0.4268 0.7450 0.5126
vn -0.8673 0.4658 0.1756
vn -0.6689 0.7325 -0.1267
vn -0.2515 0.8809 -0.4010
vn -0.3533 0.8868 -0.2980
vn 0.9284 0.1187 0.3521
vn -0.0813 -0.9941 -0.0713
vn -0.2702 -0.9617 0.0463
vn -0.2002 0.9783 -0.0536
vn 0.7512 -0.6232 0.2175
vn -0.0154 0.9756 0.2190
vn 0.5738 0.5739 0.5843
vn 0.0961 0.5451 0.8329
vn -0.5041 -0.2830 -0.8160
vn -0.9513 0.3072 -0.0249
vn 0.7082 -0.3744 0.5986
vn -0.1173 0.5685 0.8143
vn 0.8760 0.1294 0.4646
vn 0.7482 0.6613 -0.0541
vn 0.6388 0.6967 0.3264
vn -0.7998 0.5768 -0.1662
vn 0.8385 0.0178 0.5446
vn -0.7570 0.6458 0.0992
vn 0.0981 0.4946 -0.8636
vn -0.9830 -0.1694 0.0711
vn 0.9047 0.3879 0.1759
vn -0.6898 -0.6776 0.2552
vn -0.8386 0.5036 0.2078
vn -0.5295 0.6702 0.5201
vn 0.3268 -0.9328 0.1517
vn 0.3974 -0.9176 0.0042
vn -0.2278 0.8491 0.4766
vn 0.6957 -0.6689 0.2621
vn 0.9922 -0.0828 0.0933
vn -0.2011 0.9769 -0.0716
vn -0.2036 0.9767 -0.0685
vn -0.2004 0.9770 -0.0723
vn 0.7667 0.3799 0.5175
vn -0.0605 0.6826 -0.7283
vn 0.9841 -0.0180 0.1768
vn 0.5113 -0.8463 0.1494
vn 0.5455 0.8309 0.1096
vn 0.0497 0.8041 -0.5924
vn 0.3944 -0.8799 0.2648
vn -0.5148 0.7688 0.3794
vn 0.4567 -0.8838 0.1019
vn -0.3832 -0.9062 0.1787
vn 0.2666 0.8413 0.4703
vn 0.5790 0.7556 0.3063
vn 0.9038 0.3725 0.2109
vn -0.9745 -0.1115 0.1945
vn 0.9635 0.1917 0.1869
vn -0.5902 0.7639 -0.2610
vn -0.9822 0.0215 0.1868
vn 0.5378 -0.8422 0.0387
vn 0.9527 0.1690 0.2525
vn -0.6975 -0.6877 0.2017
vn -0.0972 0.6476 0.7558
vn -0.1247 0.9641 0.2346
vn -0.2139 -0.9467 0.2408
vn -0.4932 0.7306 -0.4722
vn 0.5479 0.8365 0.0018
vn -0.4357 0.0983 -0.8947
vn -0.1986 -0.7616 -0.6168
vn 0.5680 0.8141 -0.1210
vn 0.9288 0.2072 0.3072
vn 0.5831 -0.4085 0.7022
vn 0.3673 -0.8808 0.2987
vn 0.7103 0.4364 -0.5523
vn -0.4206 -0.9071 -0.0132
vn 0.9762 0.1977 0.0894
vn 0.9667 0.2056 0.1523
vn 0.9321 0.3197 -0.1701
vn 0.3325 0.1582 -0.9298
vn -0.2545 -0.8556 0.4507
vn -0.5217 -0.8200 -0.2356
vn 0.9025 -0.0418 0.4286
vn 0.7885 0.6124 -0.0562
vn 0.4193 -0.8828 0.2120
vn -0.9418 -0.2113 0.2615
vn -0.7474 -0.6556 0.1074
vn -0.9455 0.3228 0.0428
vn 0.0937 0.7317 -0.6752
vn 0.9929 -0.1134 0.0353
vn 0.8753 -0.4449 0.1896
vn 0.5409 0.7817 -0.3105
vn 0.5379 0.7830 -0.3123
vn -0.2337 -0.8122 0.5345
vn 0.3555 0.3133 -0.8806
vn 0.6699 -0.5141 0.5357
vn 0.8911 -0.0837 0.4460
vn -0.2674 0.8701 0.4140
vn -0.0044 0.8700 -0.4930
vn -0.2252 -0.9683 0.1084
vn -0.9261 -0.3512 -0.1379
vn 0.8819 0.4134 -0.2266
vn -0.1241 0.6412 -0.7573
vn -0.3521 0.2548 -0.9006
vn 0.1574 0.7493 0.6433
vn -0.2347 0.5670 -0.7896
vn -0.1109 0.5655 -0.8173
vn 0.1018 0.4435 -0.8905
vn 0.9716 0.2348 0.0283
vn -0.6837 -0.7226 -0.1022
vn 0.3557 0.7513 0.5559
vn -0.2086 -0.4527 -0.8669
vn -0.1573 0.5338 -0.8308
vn 0.4432 -0.7768 0.4473
vn 0.5750 0.6595 0.4842
vn 0.6128 0.7653 0.1969
vn -0.9848 0.0173 0.1726
vn 0.4296 -0.7692 -0.4730
vn -0.2156 0.9609 0.1737
vn 0.3216 -0.8546 0.4076
vn 0.4567 -0.8708 0.1820
vn -0.0463 0.2829 -0.9580
vn 0.6287 0.7754 0.0580
vn 0.7389 0.6709 0.0628
vn -0.2580 0.1364 -0.9565
vn -0.1375 0.8219 0.5528
vn 0.2518 0.6476 -0.7192
vn 0.4874 -0.8232 0.2911
vn 0.5679 0.7228 0.3937
vn -0.8609 -0.4571 -0.2235
vn 0.6882 0.6948 -0.2088
vn -0.9206 -0.3478 -0.1775
vn 0.4640 0.8571 -0.2240
vn 0.6017 0.7659 0.2267
vn 0.4337 0.8623 -0.2613
vn 0.5671 0.6392 0.5195
vn -0.7807 -0.6166 -0.1014
vn 0.9823 -0.0010 0.1871
vn 0.1486 -0.2534 0.9559
vn -0.5797 -0.7107 0.3985
vn -0.0988 -0.8282 -0.5516
vn -0.8121 0.1906 -0.5515
vn -0.6699 0.5811 0.4622
vn 0.7192 0.0810 0.6901
vn 0.9347 0.3549 -0.0166
vn -0.4375 -0.5616 0.7023
vn -0.3514 -0.9302 -0.1059
vn 0.2922 0.8437 0.4504
vn 0.2212 -0.7421 0.6327
vn 0.8809 0.3783 -0.2844
vn -0.7719 0.6300 0.0854
vn -0.4688 0.8526 -0.2311
vn 0.2780 0.9290 -0.2442
vn -0.8043 0.5325 0.2637
vn 0.4029 0.8122 -0.4219
vn 0.8756 0.2925 -0.3846
vn 0.8708 0.3415 -0.3536
vn 0.7401 0.5273 0.4173
vn -0.1537 -0.8500 0.5038
vn -0.5349 0.8280 -0.1681
vn -0.3382 -0.8469 0.4104
vn 0.3417 0.6155 -0.7102
vn -0.8947 -0.3344 0.2961
vn 0.7729 0.3820 0.5066
vn -0.0060 0.3896 -0.9210
vn 0.4110 0.9000 0.1451
vn -0.3699 0.9185 0.1396
vn -0.0141 -0.8970 -0.4417
vn 0.9727 0.2255 -0.0550
vn 0.9219 0.3511 -0.1636
vn 0.4736 0.8804 0.0248
vn 0.5230 0.8517 0.0337
vn 0.6995 0.5920 0.4002
vn 0.6488 0.6389 0.4134
vn 0.3255 0.3607 -0.8741
vn 0.4451 0.7288 -0.5203
vn -0.2213 -0.2230 0.9494
vn 0.8575 0.5121 -0.0496
vn 0.8258 0.5605 -0.0630
vn 0.2575 0.0807 -0.9629
vn 0.9642 -0.2435 0.1045
vn -0.6407 0.7364 -0.2171
vn 0.8788 0.4034 -0.2549
vn 0.2896 0.6126 0.7354
vn 0.2288 0.4792 -0.8474
vn -0.2040 0.9766 -0.0677
vn 0.5458 -0.2984 0.7830
vn 0.3149 -0.9332 0.1730
vn 0.6603 0.6507 0.3749
vn 0.0961 0.5926 -0.7998
vn -0.1950 -0.3914 0.8993
vn -0.3363 0.3745 -0.8641
vn -0.3244 -0.3507 0.8785
vn 0.0791 0.5648 0.8214
vn 0.7403 0.6722 0.0056
vn -0.4413 -0.4352 0.7847
vn 0.6010 0.7875 -0.1362
vn 0.5117 0.8394 -0.1833
vn 0.5106 0.7913 -0.3364
vn -0.4128 -0.5424 -0.7317
vn 0.8187 0.4858 -0.3060
vn 0.7506 0.5813 0.3142
vn 0.4280 -0.7423 -0.5157
vn 0.8890 -0.1619 -0.4283
vn 0.3353 -0.2045 -0.9197
vn 0.1533 0.5557 0.8171
vn 0.0837 0.8876 -0.4529
vn 0.7133 0.6506 -0.2606
vn 0.2393 0.9069 -0.3467
vn 0.9655 0.2252 0.1309
vn 0.4003 -0.8857 0.2351
vn 0.1383 0.4802 -0.8662
vn 0.2917 0.9565 -0.0046
vn 0.5096 0.8420 -0.1771
vn 0.1683 0.8698 0.4638
vn 0.3296 0.8640 0.3807
vn 0.9784 0.2048 0.0269
vn 0.4623 0.8311 0.3092
vn 0.6419 0.7478 -0.1695
vn 0.5623 0.7685 -0.3054
vn 0.3441 -0.9324 0.1106
vn 0.0869 0.4972 -0.8633
vn 0.8779 0.1203 0.4636
vn 0.6411 0.7574 0.1237
vn 0.6479 0.7229 0.2402
vn 0.6909 0.7204 -0.0612
vn 0.2583 0.7862 0.5614
vn 0.6478 0.7614 0.0251
vn 0.2957 0.8566 0.4229
vn 0.2952 0.7666 0.5702
vn -0.4208 0.2145 0.8814
vn -0.7307 0.5925 -0.3391
vn 0.1715 0.8868 -0.4292
vn 0.6582 0.6971 0.2843
vn -0.1023 0.1247 -0.9869
vn 0.8732 0.4863 -0.0321
vn 0.8966 0.4311 -0.1010
vn 0.8760 0.0276 0.4816
vn -0.7528 -0.2770 0.5971
vn -0.6297 -0.3688 -0.6838
vn -0.7463 -0.1474 0.6491
vn 0.0656 0.8351 0.5462
vn 0.0055 0.9068 0.4216
vn -0.7813 -0.3907 0.4867
vn -0.1250 0.5444 0.8295
vn 0.1203 0.6150 0.7793
vn 0.2304 0.6715 0.7043
vn 0.3097 0.6775 0.6671
vn 0.0792 0.7226 0.6867
vn -0.3144 -0.2501 0.9157
vn -0.5010 -0.4492 0.7398
vn 0.3257 0.6413 0.6948
vn -0.3458 -0.4182 0.8400
vn -0.4721 -0.3831 0.7940
vn -0.8488 -0.3565 0.3904
vn -0.9216 -0.3371 0.1922
vn -0.8502 -0.5247 -0.0429
vn -0.8143 -0.5351 0.2248
vn -0.1280 0.8730 -0.4707
vn 0.1642 0.9769 0.1364
vn 0.7605 0.6202 0.1922
vn -0.4308 -0.2805 0.8578
vn 0.1637 0.4567 0.8744
vn -0.6438 -0.4991 0.5800
vn -0.5509 -0.3968 0.7342
vn 0.7710 0.5616 0.3003
vn 0.1707 -0.8134 -0.5562
vn 0.3296 0.6719 -0.6633
vn -0.4781 -0.2898 0.8291
vn 0.1287 0.4561 0.8806
vn 0.6137 0.7336 0.2918
vn 0.4821 0.7668 0.4237
vn -0.5765 0.4938 0.6510
vn 0.1943 0.7616 0.6182
vn 0.2354 0.7870 0.5703
vn 0.4008 0.7264 0.5584
vn 0.6622 0.7460 0.0705
vn -0.7852 -0.5586 -0.2671
vn 0.0802 0.9485 -0.3065
vn 0.2884 0.8652 -0.4102
vn 0.5552 0.8255 -0.1018
vn 0.5350 0.8416 -0.0746
vn 0.4513 0.8228 -0.3454
vn 0.5488 0.7389 -0.3909
vn 0.4759 0.8505 -0.2241
vn 0.3620 0.6746 0.6433
vn 0.4314 0.8747 -0.2209
vn -0.4654 -0.5922 -0.6578
vn 0.6222 0.7700 0.1411
vn 0.2447 0.0483 -0.9684
vn 0.6400 0.7676 0.0352
vn -0.1208 0.1285 -0.9843
vn 0.6090 0.7744 0.1715
vn -0.1047 0.9616 0.2538
vn 0.2850 0.7639 0.5790
vn 0.3444 0.7007 -0.6248
vn 0.4669 0.8089 -0.3572
vn 0.2257 0.9742 0.0007
vn -0.2858 0.1329 -0.9490
vn 0.6561 0.7503 0.0808
vn 0.4084 0.8923 0.1925
vn 0.5594 0.8150 0.1514
vn 0.5851 0.7929 -0.1704
vn -0.2065 -0.2972 -0.9322
vn 0.5787 0.8096 0.0983
vn 0.3935 0.8651 0.3110
vn 0.3194 0.7995 -0.5087
vn 0.0427 0.7624 0.6457
vn 0.6499 0.4188 0.6342
vn 0.5986 0.1488 0.7871
vn 0.5122 0.2012 0.8350
vn 0.5126 0.1913 0.8371
vn 0.5124 0.2001 0.8351
vn 0.7328 0.2297 0.6405
vn 0.5330 0.8051 -0.2603
vn 0.6726 0.6142 0.4127
vn 0.8505 0.4473 0.2767
vn 0.8037 0.5435 0.2422
vn 0.7043 0.5262 0.4765
vn 0.6096 0.3866 0.6920
vn 0.5564 0.1295 0.8208
vn -0.6183 -0.5002 0.6062
vn 0.6279 0.3924 0.6721
vn 0.6908 0.6153 0.3798
vn 0.6805 0.3054 0.6661
vn 0.4793 0.4259 0.7674
vn -0.0900 0.9819 -0.1665
vn 0.7982 0.5665 0.2049
vn 0.7747 0.6319 -0.0207
vn 0.8644 0.4276 -0.2646
vn 0.0863 0.9192 -0.3843
vn -0.2412 -0.1224 0.9627
vn -0.1768 -0.5907 -0.7873
vn 0.2780 0.7457 -0.6056
vn -0.1825 -0.8849 -0.4285
vn -0.0339 0.8751 -0.4827
vn 0.7773 0.2872 0.5598
vn -0.0082 -0.9129 -0.4080
vn -0.9323 -0.0332 0.3601
vn -0.5976 -0.7923 -0.1235
vn -0.0090 -0.8010 -0.5986
vn -0.7023 -0.6524 -0.2849
vn -0.2196 0.1126 0.9691
vn -0.8238 0.3790 -0.4215
vn 0.7262 0.5011 0.4706
vn -0.1452 -0.7938 -0.5906
vn -0.4207 -0.8305 -0.3651
vn 0.2912 0.9044 0.3119
vn -0.3007 -0.8064 -0.5092
vn -0.5047 -0.7414 -0.4423
vn 0.1510 0.8796 0.4510
vn 0.8034 0.4553 -0.3838
vn 0.7712 0.5422 -0.3336
vn 0.7220 0.6834 0.1080
vn -0.3439 0.1488 0.9271
vn 0.1791 0.9684 -0.1735
vn 0.4537 0.0764 -0.8879
vn 0.1829 0.0113 -0.9831
vn 0.2338 0.9716 0.0361
vn 0.2025 0.0106 -0.9792
vn 0.6042 -0.7864 0.1285
vn 0.2574 0.1459 -0.9552
vn 0.1759 0.5205 -0.8355
vn -0.0262 0.9544 -0.2975
vn 0.1730 0.0764 -0.9820
vn -0.8530 0.1803 -0.4898
vn 0.7693 -0.3210 0.5524
vn 0.5136 0.2951 -0.8057
vn -0.4409 -0.5101 0.7385
vn 0.9627 -0.1974 0.1851
vn 0.3496 0.8168 0.4590
vn -0.2245 0.6797 -0.6983
vn 0.9644 0.1555 -0.2137
vn 0.6717 -0.4784 0.5656
vn -0.2347 -0.8067 -0.5424
vn -0.2537 -0.9279 0.2732
vn 0.0114 -0.0169 -0.9998
vn 0.0092 -0.0183 -0.9998
vn 0.0016 -0.0158 -0.9999
vn 0.2590 0.8124 0.5225
vn 0.8039 0.5944 -0.0210
vn 0.3672 0.8901 -0.2700
vn -0.2095 -0.6125 0.7622
vn 0.4689 -0.2254 -0.8540
vn -0.1615 -0.5006 0.8505
vn 0.3220 0.8811 -0.3464
vn 0.2647 -0.4638 -0.8455
vn -0.0027 -0.0971 0.9953
vn 0.2879 0.5746 -0.7661
vn -0.2776 -0.2734 0.9210
vn 0.1962 0.9551 0.2222
vn 0.7569 0.6531 -0.0231
vn 0.5974 -0.4584 0.6580
vn 0.9511 0.2442 0.1891
vn -0.4229 -0.7877 0.4480
vn -0.2564 -0.8516 0.4573
vn 0.7459 0.6660 0.0075
vn 0.9624 0.2543 0.0955
vn 0.6988 0.6493 0.3001
vn 0.8107 0.4536 0.3702
vn 0.9352 -0.0781 0.3455
vn 0.7398 0.5844 0.3335
vn 0.8510 0.5252 -0.0000
vn -0.7863 0.5562 0.2690
vn 0.2798 -0.6880 0.6696
vn -0.7057 -0.6468 0.2892
vn 0.8645 -0.4737 0.1684
vn -0.6990 -0.6668 0.2582
vn 0.0397 0.2472 -0.9682
vn 0.5850 0.7518 0.3043
vn -0.0847 -0.3087 0.9474
vn 0.9748 0.0642 0.2138
vn 0.7860 -0.1230 0.6058
vn -0.7889 0.5992 -0.1366
vn 0.4512 0.7829 0.4283
vn 0.0773 0.1872 0.9793
vn 0.9909 -0.0528 0.1240
vn 0.8430 -0.1089 0.5267
vn 0.4581 -0.4565 0.7627
vn -0.8435 0.0183 0.5369
vn 0.1021 -0.1381 -0.9851
vn 0.6201 0.5778 0.5307
vn 0.0331 0.9527 -0.3020
vn 0.5224 0.8169 0.2445
vn 0.0420 -0.9989 0.0215
vn -0.7250 0.5242 0.4467
vn -0.3385 0.8446 -0.4148
vn 0.6719 0.7395 -0.0409
vn 0.3987 0.8967 0.1924
vn 0.8697 -0.4866 -0.0829
vn 0.2295 -0.4115 0.8820
vn 0.5949 -0.0239 0.8034
vn 0.4073 -0.8687 -0.2819
vn -0.7897 0.5557 -0.2598
vn 0.5015 -0.8337 -0.2310
vn -0.3157 -0.8979 0.3067
vn -0.7737 0.6202 -0.1298
vn 0.0914 -0.7546 -0.6498
vn 0.9116 0.4009 0.0909
vn 0.5971 0.7826 0.1761
vn 0.4988 0.2583 0.8273
vn 0.9810 0.1697 0.0940
vn -0.3200 0.8960 -0.3079
vn 0.9762 -0.0186 -0.2162
vn 0.9860 -0.1535 -0.0656
vn 0.8429 -0.0656 0.5341
vn 0.1655 0.9807 -0.1044
vn 0.4989 -0.3903 -0.7738
vn 0.7677 0.1372 0.6259
vn -0.4225 -0.5868 -0.6908
vn -0.3495 -0.2455 -0.9042
vn -0.3495 -0.4634 -0.8144
vn -0.0918 -0.7987 0.5947
vn -0.3763 -0.4108 -0.8304
vn -0.4615 -0.7565 0.4634
vn 0.8302 0.2729 -0.4861
vn 0.7848 0.3987 -0.4744
vn 0.9701 0.0702 -0.2321
vn 0.5144 -0.7904 -0.3327
vn 0.5346 0.6918 0.4854
vn -0.1257 -0.7237 0.6786
vn 0.6407 0.7380 0.2118
vn -0.9197 -0.3065 -0.2453
vn 0.9279 0.3661 0.0708
vn 0.7089 0.6031 -0.3657
vn 0.9894 -0.0601 -0.1321
vn 0.1798 0.6434 -0.7441
vn -0.0890 0.8518 0.5162
vn 0.9595 0.1097 -0.2594
vn 0.9252 0.1786 -0.3348
vn 0.8975 0.2458 -0.3661
vn 0.9005 0.1446 -0.4102
vn 0.8769 0.0609 -0.4768
vn -0.3757 -0.6346 -0.6754
vn 0.0692 0.7194 -0.6911
vn -0.2982 0.9510 0.0820
vn 0.8029 0.3982 -0.4437
vn 0.0107 0.5979 -0.8015
vn 0.7558 0.3836 -0.5307
vn 0.7504 0.3889 -0.5345
vn 0.7563 0.3832 -0.5303
vn -0.8847 0.1886 -0.4263
vn 0.9217 0.2321 -0.3107
vn 0.8162 -0.0895 0.5707
vn 0.8485 0.2723 -0.4537
vn 0.8598 0.3632 -0.3589
vn -0.6399 0.2360 -0.7313
vn -0.4979 0.8670 0.0171
vn 0.7940 0.5752 0.1966
vn 0.9242 0.3292 0.1934
vn 0.9293 0.3463 -0.1280
vn 0.2934 0.1600 -0.9425
vn 0.3435 0.4987 0.7958
vn 0.8794 0.4678 0.0883
vn -0.0703 0.9947 -0.0755
vn 0.4458 0.5379 0.7155
vn -0.7706 0.5108 0.3811
vn 0.6293 0.7679 0.1196
vn -0.5985 0.7972 -0.0792
vn -0.3345 -0.6689 -0.6639
vn 0.3580 0.9310 -0.0719
vn 0.3201 0.8970 -0.3049
vn 0.0980 0.5877 -0.8031
vn -0.5451 0.6696 0.5045
vn 0.9274 -0.3734 0.0243
vn 0.9521 0.0821 -0.2946
vn 0.7377 -0.6685 -0.0948
vn -0.0628 0.9325 -0.3557
vn 0.7008 0.7133 0.0133
vn -0.9176 0.3296 0.2222
vn 0.3552 0.3723 0.8574
vn -0.1411 -0.2779 0.9502
vn -0.8412 0.4707 -0.2661
vn 0.3951 -0.9061 -0.1513
vn -0.2848 -0.4754 0.8324
vn 0.8489 0.3411 -0.4037
vn -0.4635 0.8764 -0.1308
vn 0.0066 -0.9998 0.0196
vn 0.1753 -0.7687 -0.6151
vn 0.7350 0.6621 -0.1460
vn 0.4216 -0.8795 -0.2209
vn 0.4519 -0.1652 -0.8766
vn 0.5059 0.8617 -0.0399
vn 0.8750 -0.0738 -0.4785
vn -0.9569 -0.1750 0.2318
vn 0.6817 0.3194 -0.6582
vn -0.9192 0.0984 0.3813
vn -0.5529 -0.1011 0.8271
vn 0.6303 0.7710 0.0911
vn 0.6971 -0.6795 -0.2287
vn 0.9014 -0.0999 -0.4214
vn 0.7200 -0.6621 -0.2080
vn -0.1736 0.9307 0.3220
vn 0.5808 -0.7371 -0.3456
vn -0.8195 0.4284 -0.3807
vn 0.6411 0.7667 -0.0336
vn -0.9858 0.1673 0.0167
vn -0.8593 0.3976 0.3218
vn 0.9435 0.1691 -0.2849
vn 0.2408 0.4465 -0.8618
vn 0.7887 -0.5706 0.2289
vn 0.7604 -0.5219 0.3865
vn 0.3344 0.6353 -0.6961
vn 0.8766 -0.3384 0.3422
vn 0.7860 -0.0461 -0.6166
vn -0.4313 -0.5324 0.7284
vn 0.0015 -0.0120 -0.9999
vn 0.6831 0.4678 0.5609
vn 0.7053 0.6954 0.1377
vn 0.8046 0.5163 -0.2934
vn 0.7821 0.6098 -0.1283
vn 0.6158 0.7386 0.2742
vn 0.5139 0.8463 -0.1401
vn -0.6925 -0.3655 0.6220
vn -0.8666 0.2264 -0.4447
vn 0.8941 0.3236 -0.3096
vn -0.0044 0.9723 0.2338
vn 0.7365 -0.0727 0.6725
vn 0.7662 0.4006 0.5024
vn 0.9103 0.1346 -0.3915
vn 0.8421 0.0706 0.5348
vn 0.9606 0.2323 0.1526
vn 0.4774 -0.8676 0.1392
vn 0.2194 0.9756 -0.0118
vn 0.6599 0.6495 -0.3777
vn 0.7422 0.1159 -0.6601
vn 0.5766 0.7891 -0.2119
vn 0.9614 0.2752 0.0020
vn 0.7456 -0.6660 0.0233
vn 0.1391 0.3979 -0.9068
vn 0.8825 0.3522 -0.3118
vn -0.4249 -0.3909 0.8165
vn 0.1239 0.3272 0.9368
vn 0.8157 0.5105 -0.2719
vn 0.8929 0.2233 -0.3909
vn -0.5393 -0.7183 -0.4396
vn 0.3148 -0.8409 0.4402
vn 0.6658 0.6666 -0.3351
vn 0.8461 0.4352 -0.3077
vn 0.4633 -0.6328 -0.6204
vn 0.3790 0.9185 -0.1128
vn -0.0031 0.1709 0.9853
vn 0.3830 0.9049 -0.1855
vn 0.4998 0.8641 -0.0593
vn 0.3511 0.8935 -0.2799
vn 0.3982 0.9115 -0.1032
vn 0.8121 0.4888 -0.3186
vn -0.0070 -0.1584 -0.9873
vn 0.7046 0.6826 -0.1939
vn 0.7829 -0.5552 0.2807
vn 0.5484 0.8362 -0.0083
vn -0.8720 -0.4645 0.1546
vn -0.9772 0.1357 0.1633
vn -0.9676 0.2302 -0.1036
vn -0.4244 -0.4467 0.7876
vn -0.7524 0.4545 0.4769
vn 0.9683 0.0606 -0.2424
vn 0.4231 0.8962 0.1337
vn -0.6782 -0.6930 -0.2444
vn -0.7602 0.6480 0.0473
vn -0.7435 0.5316 0.4056
vn 0.7496 0.3896 -0.5350
vn 0.4988 0.8631 0.0792
vn 0.3485 0.8508 -0.3933
vn 0.3489 0.8510 -0.3925
vn 0.3533 0.8473 -0.3965
vn 0.4150 0.9076 -0.0630
vn 0.8905 0.3845 -0.2431
vn 0.3507 0.8511 -0.3907
vn 0.2654 0.9264 -0.2671
vn 0.3112 0.9057 -0.2879
vn 0.9122 0.3017 -0.2773
vn 0.9435 0.3118 -0.1119
vn 0.6998 0.6654 -0.2599
vn 0.3842 0.9119 -0.1444
vn 0.3456 0.8602 -0.3749
vn 0.3449 0.9119 -0.2224
vn 0.4078 0.8382 -0.3622
vn 0.3781 -0.8874 0.2636
vn 0.4103 -0.7877 0.4595
vn 0.3941 0.7962 -0.4591
vn 0.1514 0.9792 -0.1352
vn 0.1859 0.9826 -0.0027
vn 0.2399 0.8361 -0.4932
vn 0.3727 0.8708 -0.3206
vn 0.4531 0.8576 0.2434
vn 0.4938 0.7606 -0.4215
vn -0.9973 -0.0443 0.0591
vn 0.8294 0.5577 -0.0322
vn 0.8946 -0.0635 -0.4423
vn 0.3998 0.8587 -0.3208
vn 0.4127 0.8997 -0.1423
vn 0.9374 0.3021 0.1730
vn 0.3479 0.7905 -0.5040
vn 0.7512 0.4643 0.4692
vn 0.8767 0.4153 -0.2427
vn 0.5320 0.8158 -0.2267
vn 0.5874 0.7257 -0.3584
vn 0.3606 0.7836 -0.5059
vn 0.0872 0.9814 -0.1708
vn 0.1915 0.9434 -0.2709
vn 0.3346 0.8497 -0.4075
vn 0.2735 0.8638 -0.4231
vn 0.9541 -0.2292 0.1930
vn 0.7113 0.6007 0.3649
vn -0.6488 -0.7541 -0.1016
vn -0.9695 0.1437 -0.1985
vn 0.9024 0.2580 -0.3452
vn 0.2796 0.9349 -0.2186
vn 0.6582 0.7408 -0.1338
vn 0.3836 0.5132 0.7678
vn 0.6060 0.6840 -0.4060
vn -0.1666 -0.9743 0.1519
vn -0.0907 0.8579 -0.5057
vn -0.1894 0.8144 -0.5485
vn 0.7548 0.4936 -0.4320
vn -0.3410 -0.8600 0.3797
vn 0.6942 0.7190 0.0335
vn -0.1541 0.6370 -0.7553
vn -0.6120 0.7136 -0.3409
vn 0.7358 -0.3680 0.5685
vn 0.0176 0.9354 0.3530
vn 0.2962 0.9116 -0.2850
vn -0.8120 0.5159 -0.2731
vn 0.7062 0.5239 0.4763
vn 0.0729 0.8160 -0.5734
vn 0.7705 0.6141 -0.1710
vn 0.7086 0.6946 -0.1238
vn 0.5393 0.7800 -0.3174
vn 0.5123 0.1905 0.8374
vn 0.2656 0.9584 0.1047
vn 0.3009 0.8689 -0.3930
vn 0.4082 0.7257 0.5539
vn 0.4040 -0.2341 -0.8843
vn -0.1188 0.3201 -0.9399
vn 0.4876 -0.4718 -0.7346
vn 0.3986 0.8074 -0.4349
vn -0.6873 -0.6447 -0.3347
vn 0.9063 0.4189 0.0557
vn 0.2002 0.5737 0.7942
vn 0.8239 0.5650 0.0456
vn 0.6720 0.5913 0.4459
vn 0.1543 0.7857 0.5991
vn 0.4169 0.6419 -0.6435
vn 0.8350 0.5454 -0.0730
vn 0.9586 0.2577 0.1211
vn 0.5217 0.8527 0.0269
vn 0.6686 0.5923 0.4496
vn 0.5914 0.6469 -0.4815
vn 0.7471 0.5915 -0.3032
vn -0.1476 0.9604 -0.2363
vn 0.8120 0.5628 -0.1547
vn 0.7378 0.6080 -0.2934
vn 0.5294 0.7231 0.4437
vn 0.7562 -0.0140 -0.6542
vn 0.7594 0.4045 -0.5096
vn -0.0510 -0.5898 -0.8059
vn 0.6230 0.7117 0.3244
vn 0.5755 0.3009 0.7605
vn 0.6629 0.5545 0.5030
vn 0.8371 0.5114 -0.1942
vn 0.3702 0.8676 -0.3320
vn 0.6285 0.7376 0.2470
vn -0.4304 0.8929 -0.1325
vn 0.9043 0.4030 0.1411
vn 0.0671 0.7383 -0.6712
vn 0.7188 0.6575 -0.2257
vn 0.8064 0.5420 -0.2365
vn 0.1237 0.7557 0.6431
vn 0.6535 0.6365 -0.4096
vn 0.9451 0.2748 -0.1770
vn 0.7916 0.5499 0.2664
vn 0.8672 0.4966 -0.0352
vn 0.1623 0.8517 0.4982
vn 0.4557 0.4849 0.7465
vn 0.9009 0.3592 -0.2437
vn 0.9255 0.3734 0.0628
vn 0.3204 0.8345 0.4482
vn 0.8642 0.4964 0.0822
vn 0.9152 0.4006 0.0432
vn 0.9137 0.3746 -0.1574
vn 0.9214 0.3748 -0.1029
vn 0.6261 0.3632 0.6900
vn 0.9228 0.3456 -0.1702
vn 0.4683 0.7310 -0.4962
vn -0.7038 0.2545 -0.6632
vn -0.1631 0.8703 -0.4647
vn 0.9401 0.3180 -0.1229
vn 0.6901 0.4390 -0.5754
vn 0.6369 0.6779 -0.3671
vn 0.3408 0.8402 -0.4218
vn 0.6110 0.5156 -0.6007
vn 0.5781 0.6608 0.4787
vn 0.2942 0.5599 -0.7746
vn 0.1450 0.8682 -0.4746
vn 0.6307 0.5633 -0.5338
vn 0.5301 0.6585 -0.5342
vn 0.9201 0.3495 -0.1770
vn 0.4684 0.6590 0.5884
vn 0.5084 0.5654 -0.6495
vn 0.7092 0.6763 0.1992
vn 0.6337 0.5328 -0.5608
vn 0.5206 0.6139 -0.5934
vn 0.4251 0.5337 -0.7310
vn 0.5550 0.7610 -0.3361
vn 0.5129 -0.6461 -0.5652
vn 0.9707 -0.0979 0.2194
vn 0.5925 0.5751 -0.5642
vn 0.2658 0.8238 0.5007
vn 0.7399 0.6192 -0.2630
vn 0.3687 0.7294 -0.5762
vn 0.4671 0.5004 -0.7290
vn 0.6792 -0.0999 -0.7271
vn -0.7079 0.2796 -0.6486
vn 0.4982 0.6543 -0.5689
vn -0.5104 -0.8535 -0.1049
vn -0.2225 0.5038 0.8347
vn 0.5759 0.5154 -0.6345
vn -0.2628 0.6423 -0.7200
vn -0.2045 0.0824 -0.9754
vn -0.1509 0.4332 0.8886
vn 0.8682 0.2446 -0.4317
vn 0.0639 0.9077 -0.4148
vn 0.9432 0.3303 0.0347
vn 0.6200 0.6967 0.3608
vn 0.4782 0.7878 -0.3882
vn 0.6061 0.6835 -0.4067
vn 0.5041 0.7493 -0.4295
vn -0.3241 -0.8052 0.4967
vn 0.4604 0.8326 -0.3079
vn 0.7065 0.6787 -0.2007
vn 0.7378 0.4377 -0.5139
vn 0.7712 -0.6306 0.0874
vn 0.8093 0.5842 -0.0610
vn -0.1007 -0.9101 0.4019
vn 0.9517 -0.0429 0.3039
vn 0.8894 -0.2102 -0.4059
vn -0.9474 -0.2947 0.1248
vn 0.8610 0.4972 -0.1071
vn 0.7737 0.4521 0.4439
vn 0.3358 -0.7430 0.5790
vn -0.6546 0.2879 0.6990
vn -0.4520 0.7939 -0.4068
vn -0.0300 0.8840 0.4664
vn -0.0948 0.8851 0.4556
vn -0.9212 0.3781 0.0918
vn 0.7728 -0.3539 0.5268
vn 0.7209 -0.4443 0.5319
vn 0.7990 0.5999 0.0425
vn 0.6473 -0.5643 0.5125
vn 0.8774 0.4795 0.0147
vn 0.6787 0.5157 -0.5229
vn 0.7294 -0.4731 0.4941
vn 0.0946 0.9537 -0.2853
vn -0.7781 -0.1307 0.6144
vn 0.3806 -0.9214 0.0791
vn -0.7700 0.0286 -0.6374
vn -0.0473 -0.8715 0.4882
vn 0.0629 -0.9203 0.3861
vn 0.3321 -0.8913 0.3086
vn 0.0362 -0.5496 0.8346
vn 0.6337 0.3787 -0.6745
vn 0.0816 -0.1588 0.9839
vn 0.2689 -0.4418 0.8559
vn 0.5218 0.8335 0.1817
vn -0.8866 0.4466 -0.1204
vn 0.5863 0.7791 -0.2222
vn 0.6207 -0.3563 0.6984
vn 0.6415 0.5474 -0.5375
vn 0.9547 -0.2016 0.2187
vn 0.2903 -0.1446 0.9459
vn 0.5290 -0.8205 0.2168
vn 0.2294 0.9662 -0.1176
vn -0.6788 -0.5233 0.5152
vn 0.7498 -0.6110 0.2540
vn 0.9347 0.1470 0.3236
vn 0.8100 0.5760 0.1107
vn 0.3599 0.4249 0.8307
vn -0.0613 0.3644 0.9292
vn 0.7254 0.4549 0.5167
vn 0.0372 0.9894 -0.1404
vn 0.5186 -0.7651 0.3818
vn -0.8376 0.4711 -0.2765
vn -0.6945 0.6232 -0.3596
vn -0.9293 0.3432 -0.1364
vn 0.8272 0.5439 0.1410
vn -0.2553 0.7467 -0.6143
vn -0.2358 0.5769 -0.7820
vn 0.9214 -0.3881 0.0187
vn 0.8761 -0.4043 -0.2628
vn 0.9241 0.3759 -0.0694
vn 0.7518 -0.0146 -0.6592
vn 0.6227 -0.6430 -0.4459
vn 0.3109 0.9367 0.1611
vn -0.0954 0.7122 -0.6955
vn -0.2074 0.8353 -0.5091
vn -0.9180 0.3859 -0.0912
vn -0.8008 0.2000 -0.5646
vn -0.8292 0.3391 -0.4444
vn -0.5467 0.7261 -0.4169
vn 0.8820 0.2534 -0.3972
vn 0.9037 0.4173 -0.0959
vn 0.9495 -0.1182 0.2907
vn -0.3302 -0.6609 0.6739
vn 0.6805 0.6297 -0.3747
vn -0.0286 0.6713 -0.7406
vn -0.2302 0.7555 -0.6134
vn -0.2241 -0.7325 0.6428
vn 0.0548 0.8099 -0.5841
vn -0.3358 0.8425 0.4213
vn 0.4159 -0.8547 0.3107
vn -0.3798 0.7781 -0.5003
vn 0.5239 0.4158 -0.7434
vn -0.7008 0.7132 0.0162
vn 0.8476 -0.3152 0.4268
vn 0.4941 0.8510 -0.1780
vn -0.2805 0.7063 -0.6499
vn 0.9609 -0.1182 0.2505
vn 0.0417 -0.7458 0.6649
vn -0.6133 -0.7896 0.0204
vn -0.9841 0.1362 0.1136
vn -0.9984 0.0556 -0.0081
vn 0.4164 0.7809 -0.4656
vn -0.7033 -0.6902 0.1703
vn 0.7810 0.6171 0.0962
vn 0.4351 -0.0959 -0.8953
vn -0.2715 -0.9624 0.0005
vn 0.3220 0.8341 -0.4478
vn -0.3654 0.5429 -0.7561
vn -0.3488 -0.9370 -0.0194
vn -0.5370 0.5474 -0.6419
vn -0.0476 0.9889 -0.1408
vn -0.0416 0.0759 -0.9962
vn -0.9504 -0.2423 0.1949
vn 0.8564 -0.3381 0.3902
vn 0.4846 0.8108 -0.3281
vn 0.7452 -0.1381 0.6524
vn 0.5292 0.6498 0.5456
vn -0.3189 0.8672 -0.3823
vn 0.0098 0.4584 0.8887
vn -0.5459 0.8316 0.1022
vn 0.7884 0.0843 0.6094
vn -0.6577 0.2079 0.7240
vn -0.0964 0.2127 0.9723
vn 0.0602 0.6972 -0.7144
vn 0.1708 0.5398 -0.8243
vn 0.2541 -0.8678 -0.4270
vn 0.2363 0.0787 -0.9685
vn 0.2721 0.9622 0.0134
vn 0.4184 -0.7956 -0.4381
vn -0.4848 -0.5827 0.6523
vn 0.1220 -0.5786 0.8064
vn 0.1386 -0.6260 0.7674
vn -0.8433 0.5291 0.0943
vn -0.9709 0.2117 -0.1116
vn 0.5711 -0.4229 0.7036
vn -0.5105 0.8526 0.1115
vn 0.3194 -0.4245 -0.8472
vn 0.5264 0.7136 -0.4621
vn 0.5559 0.5973 -0.5781
vn -0.8145 0.3096 -0.4907
vn -0.9105 -0.3043 0.2801
vn 0.4615 0.8372 -0.2935
vn 0.9040 -0.2025 -0.3766
vn 0.8577 -0.4397 -0.2663
vn 0.3363 0.9383 -0.0805
vn 0.8273 -0.4538 -0.3311
vn 0.8616 0.1406 0.4878
vn 0.5769 0.8093 -0.1102
vn -0.6483 0.7424 0.1689
vn 0.5680 0.7797 -0.2635
vn 0.7839 0.4739 -0.4012
vn -0.5872 0.7481 0.3090
vn -0.6675 0.7331 -0.1305
vn -0.9366 0.2679 -0.2257
vn -0.8968 0.3690 -0.2440
vn -0.9007 0.3624 -0.2397
vn -0.9007 0.3625 -0.2393
vn -0.9238 0.3653 -0.1145
vn -0.9890 0.1408 -0.0449
vn 0.9615 -0.1745 -0.2124
vn -0.9919 -0.1106 -0.0627
vn -0.9985 0.0546 -0.0058
vn -0.9657 0.0361 0.2571
vn 0.5225 -0.6506 0.5512
vn 0.9576 0.2743 0.0880
vn -0.6435 0.6302 0.4345
vn 0.3780 -0.0559 -0.9241
vn 0.2448 0.0122 -0.9695
vn -0.6789 0.6908 -0.2487
vn -0.2316 0.2416 -0.9423
vn 0.0385 0.7855 -0.6177
vn -0.4702 0.4572 0.7549
vn -0.4343 0.6078 -0.6648
vn 0.2373 0.7316 -0.6391
vn 0.1136 0.8946 0.4323
vn -0.0896 0.9840 0.1542
vn -0.0922 0.9924 -0.0810
vn -0.3284 0.9284 0.1738
vn -0.3394 0.9287 0.1492
vn 0.0562 0.9861 0.1563
vn 0.0962 0.9939 -0.0533
vn -0.3177 0.9235 0.2150
vn -0.0830 0.9285 0.3619
vn 0.0844 0.9357 0.3425
vn 0.1709 0.9824 -0.0752
vn -0.0949 0.9009 0.4236
vn -0.0785 0.9330 0.3513
vn -0.3241 0.8370 0.4408
vn -0.2489 0.8050 0.5386
vn -0.2498 0.8080 0.5336
vn -0.2487 0.8036 0.5407
vn -0.8849 0.4430 0.1437
vn -0.7335 0.6770 0.0602
vn -0.6724 0.6769 -0.2993
vn -0.7878 0.4676 0.4010
vn -0.7776 0.4775 0.4092
vn -0.8294 0.5241 0.1933
vn -0.7977 0.4828 0.3613
vn -0.6585 0.7041 0.2658
vn -0.6021 0.6118 0.5129
vn -0.7347 0.5699 0.3681
vn -0.7740 0.5547 0.3053
vn -0.4934 0.7836 0.3775
vn -0.4934 0.7836 0.3776
vn -0.4990 0.8307 0.2470
vn -0.5126 0.7922 0.3311
vn -0.6735 0.6336 0.3808
vn -0.7447 0.6046 0.2828
vn -0.7808 0.4983 0.3768
vn -0.7686 0.6054 0.2066
vn -0.8190 0.5566 0.1395
vn -0.7429 0.6311 0.2231
vn -0.7987 0.5487 0.2470
vn -0.7550 0.5963 0.2729
vn -0.7620 0.6113 0.2138
vn -0.6699 0.6295 0.3936
vn -0.6699 0.6294 0.3938
vn -0.6700 0.6295 0.3936
vn -0.6817 0.6328 0.3671
vn -0.7288 0.6129 0.3055
vn -0.7136 0.6040 0.3550
vn -0.4198 0.8119 0.4057
vn -0.4560 0.7601 0.4629
vn -0.1165 0.1432 -0.9828
vn -0.0730 0.1640 -0.9837
vn -0.2841 0.9512 0.1206
vn -0.0980 0.7160 -0.6912
vn 0.3203 -0.1987 -0.9263
vn -0.3153 0.4169 0.8525
vn -0.1233 0.4707 -0.8736
vn 0.0715 -0.1202 -0.9902
vn -0.0184 -0.2213 -0.9750
vn -0.1495 0.4523 -0.8793
vn -0.1186 0.2195 -0.9684
vn -0.2259 0.3196 -0.9202
vn -0.2503 0.4420 -0.8614
vn 0.2452 -0.0485 0.9683
vn -0.5783 -0.7751 0.2544
vn -0.6315 0.7374 -0.2397
vn -0.6418 0.5969 -0.4815
vn -0.6908 0.6251 -0.3634
vn -0.6542 0.6861 -0.3181
vn 0.5571 -0.0935 0.8251
vn 0.4436 0.1658 0.8808
vn 0.0994 0.5680 0.8170
vn 0.0420 0.5281 0.8482
vn -0.9085 0.4177 -0.0135
vn -0.7602 0.4811 -0.4367
vn -0.7025 0.4303 -0.5668
vn -0.1013 0.2760 -0.9558
vn -0.1731 0.3817 -0.9080
vn -0.6331 0.5623 -0.5319
vn -0.0065 0.5459 -0.8379
vn 0.2500 0.4306 -0.8672
vn 0.3862 0.0940 -0.9176
vn -0.0486 0.5312 -0.8458
vn -0.0179 0.5545 -0.8320
vn -0.0179 0.5543 -0.8321
vn -0.0178 0.5545 -0.8320
vn -0.0451 0.4624 -0.8855
vn 0.0335 0.3730 -0.9272
vn -0.0181 0.5540 -0.8323
vn -0.4648 0.7404 -0.4856
vn 0.0680 0.7153 -0.6955
vn 0.1508 0.9858 -0.0742
vn 0.2817 0.9588 0.0354
vn 0.1827 0.8338 -0.5209
vn 0.0684 0.8365 -0.5437
vn 0.5240 0.6038 0.6007
vn 0.4654 0.8047 0.3686
vn 0.1850 0.9412 0.2826
vn 0.1561 0.7787 0.6076
vn -0.8663 0.4992 0.0138
vn -0.8188 0.5738 -0.0193
vn -0.8306 0.5492 0.0920
vn -0.8350 0.5302 0.1473
vn -0.8126 0.5813 0.0415
vn -0.7326 0.6600 0.1667
vn -0.7607 0.6309 0.1526
vn -0.6224 0.6330 -0.4603
vn -0.4213 0.8248 -0.3771
vn -0.4195 0.8530 -0.3106
vn -0.6387 0.7586 -0.1284
vn -0.7872 0.5653 0.2463
vn -0.7348 0.5609 0.3815
vn -0.8477 0.5235 0.0860
vn -0.8183 0.5709 -0.0667
vn -0.8452 0.5268 -0.0906
vn -0.7964 0.5544 -0.2417
vn -0.7507 0.6226 -0.2208
vn -0.0588 0.7495 0.6594
vn 0.1403 0.3885 0.9107
vn -0.2626 0.5192 0.8133
vn -0.4471 0.6308 0.6341
vn 0.4742 0.1399 0.8692
vn 0.5070 -0.0447 0.8608
vn -0.3301 0.1976 0.9230
vn -0.0692 0.3048 0.9499
vn 0.4974 -0.2092 0.8419
vn 0.4415 -0.2596 0.8589
vn -0.5621 0.8157 -0.1370
vn -0.7181 0.6854 0.1205
vn -0.0685 0.7676 0.6372
vn -0.0791 0.3049 0.9491
vn -0.3198 0.3456 0.8822
vn -0.3983 0.3822 0.8338
vn -0.1305 0.6513 0.7475
vn -0.2242 0.5942 0.7724
vn -0.2301 0.2609 0.9375
vn -0.2140 0.3305 0.9192
vn -0.2748 0.3065 0.9113
vn -0.0951 0.0276 0.9951
vn -0.3953 -0.9164 -0.0632
vn 0.3594 -0.1287 0.9243
vn 0.4605 -0.1634 0.8725
vn -0.0331 0.3856 0.9221
vn -0.0586 0.3629 0.9300
vn -0.6333 -0.6235 -0.4584
vn -0.5366 -0.8176 0.2087
vn -0.2437 0.3233 0.9144
vn -0.3173 0.3799 0.8689
vn -0.1032 0.6110 0.7849
vn -0.1946 0.2017 0.9599
vn 0.3151 0.9459 -0.0769
vn 0.3177 0.9442 -0.0865
vn 0.0455 0.7211 0.6913
vn 0.2384 0.9651 0.1079
vn 0.3722 0.9259 0.0641
vn -0.1882 0.4805 0.8566
vn -0.0363 0.1923 0.9807
vn -0.1162 0.9881 -0.1006
vn 0.4231 0.8439 -0.3297
vn 0.4309 0.8638 -0.2613
vn 0.0833 0.8949 -0.4384
vn 0.0392 0.8891 -0.4561
vn 0.0487 0.8887 -0.4559
vn 0.0252 0.9627 -0.2692
vn 0.0639 0.9961 -0.0604
vn -0.0426 0.3876 -0.9208
vn -0.1402 0.5693 -0.8101
vn 0.1451 0.9851 0.0919
vn 0.1157 0.9524 0.2819
vn -0.6454 0.4307 0.6308
vn -0.3061 0.4601 -0.8334
vn -0.0693 0.8902 -0.4503
vn 0.1205 0.6015 -0.7897
vn -0.2483 0.4645 -0.8501
vn -0.2223 0.4352 -0.8725
vn -0.1596 0.4409 -0.8832
vn 0.4310 0.8597 -0.2741
vn 0.3615 0.8474 -0.3890
vn 0.3514 0.8455 -0.4020
vn 0.5393 0.7254 -0.4277
vn 0.4905 0.8000 -0.3455
vn 0.4923 0.8487 -0.1933
vn 0.0573 0.9681 -0.2439
vn 0.2037 0.9631 -0.1759
vn 0.2124 0.9771 -0.0145
vn 0.0881 0.9521 -0.2928
vn 0.0160 0.9936 0.1119
vn 0.0493 0.9256 0.3753
vn 0.2067 0.9784 0.0100
vn 0.2268 0.9413 0.2502
vn 0.2145 0.9749 0.0594
vn 0.0329 0.9662 -0.2557
vn -0.2505 0.8091 0.5316
vn -0.2213 0.8489 0.4800
vn -0.1541 0.8978 0.4126
vn -0.0713 0.8034 0.5911
vn -0.6090 0.7679 -0.1986
vn 0.0399 0.6402 -0.7671
vn -0.7474 0.6552 0.1099
vn -0.7034 0.7067 -0.0754
vn -0.6962 0.7174 0.0272
vn -0.7427 0.6393 0.1994
vn -0.7225 0.6219 0.3022
vn -0.6944 0.7137 0.0922
vn -0.6566 0.6820 0.3222
vn -0.6698 0.6292 0.3944
vn -0.4336 0.7231 0.5377
vn -0.4766 0.8412 0.2553
vn -0.6703 0.7318 0.1227
vn -0.6330 0.7673 0.1023
vn -0.6974 0.6902 0.1930
vn -0.6857 0.7151 0.1356
vn -0.6860 0.7150 0.1350
vn -0.6850 0.7157 0.1358
vn 0.1077 0.9373 -0.3313
vn -0.5841 0.8089 0.0666
vn -0.5497 0.7281 0.4094
vn -0.2106 0.9595 0.1869
vn 0.1559 0.9723 -0.1739
vn -0.5690 0.7525 -0.3316
vn -0.4158 0.7824 -0.4637
vn -0.2044 0.9641 -0.1696
vn 0.0169 0.9538 0.2999
vn -0.0227 0.9874 0.1563
vn 0.2123 0.9420 0.2600
vn 0.0032 0.9993 0.0367
vn -0.0179 0.9381 -0.3458
vn -0.0093 0.9555 -0.2949
vn -0.5699 -0.7090 0.4154
vn -0.5853 -0.7793 0.2240
vn -0.3114 0.8121 0.4935
vn -0.6272 0.7770 0.0537
vn -0.7644 0.6423 0.0562
vn -0.4813 0.7683 0.4220
vn -0.6170 0.6487 0.4455
vn -0.6166 0.6855 0.3872
vn -0.6338 0.7034 0.3219
vn -0.6056 0.6590 0.4460
vn -0.6645 0.6195 0.4180
vn -0.6627 0.6309 0.4034
vn -0.6299 0.6400 0.4399
vn -0.3576 0.4458 0.8206
vn -0.1908 0.6272 0.7551
vn -0.0999 0.5908 0.8006
vn -0.0842 0.4080 0.9091
vn -0.1098 0.9336 0.3412
vn -0.4575 0.4653 0.7578
vn 0.2596 0.9657 -0.0048
vn 0.1886 0.9706 -0.1496
vn -0.1792 -0.8739 0.4519
vn 0.0737 0.9792 -0.1891
vn 0.4523 0.8883 -0.0796
vn -0.5937 -0.4913 -0.6373
vn -0.3552 0.8546 -0.3789
vn -0.4694 0.8663 0.1710
vn 0.5719 -0.0217 0.8200
vn -0.4463 0.8344 0.3235
vn -0.5797 0.8129 -0.0557
vn -0.7121 0.6993 -0.0621
vn -0.5162 0.7696 0.3758
vn -0.6041 0.7008 0.3795
vn -0.7863 0.6162 0.0456
vn -0.5859 0.6745 0.4493
vn -0.6346 0.7729 -0.0064
vn -0.6346 0.7728 -0.0064
vn -0.8218 0.5659 0.0670
vn 0.1880 0.8888 0.4180
vn -0.3195 0.4514 0.8332
vn 0.1127 0.9548 0.2751
vn -0.0284 0.8334 0.5519
vn 0.0329 0.5559 0.8306
vn -0.5119 -0.8508 -0.1187
vn -0.6884 0.5996 -0.4082
vn -0.6920 0.5995 -0.4022
vn -0.6916 0.5969 -0.4068
vn -0.4423 0.7611 0.4744
vn -0.4544 0.7479 0.4839
vn -0.4562 0.7471 0.4834
vn -0.4571 0.7457 0.4848
vn -0.1377 0.7909 0.5962
vn -0.3914 0.8445 0.3657
vn -0.4627 0.7181 0.5198
vn -0.5509 0.6939 0.4638
vn -0.5411 0.7133 0.4455
vn -0.4565 0.7451 0.4862
vn -0.6462 0.6902 0.3256
vn -0.6094 0.6641 0.4330
vn -0.6325 0.6395 0.4370
vn 0.4783 0.7421 -0.4696
vn -0.6688 0.7418 0.0494
vn 0.9988 0.0406 0.0271
vn 0.9136 0.1908 -0.3590
vn -0.0287 0.7568 -0.6530
vn -0.8783 -0.3918 -0.2741
vn -0.4611 -0.8661 0.1932
vn 0.9558 -0.2179 -0.1974
vn -0.1238 0.9918 0.0318
vn 0.4326 -0.8921 -0.1302
vn -0.9201 -0.3465 0.1823
vn -0.8810 0.4177 -0.2223
vn 0.9475 0.2961 -0.1210
vn -0.7210 -0.2419 0.6494
vn 0.5468 -0.5331 -0.6456
vn -0.6011 -0.7779 -0.1833
vn 0.4241 -0.8541 -0.3010
vn 0.4519 0.8211 0.3486
vn -0.6182 0.7720 0.1477
vn 0.6976 0.5549 0.4534
vn 0.4605 -0.8792 0.1222
vn -0.6387 -0.4109 0.6505
vn 0.4533 0.8734 0.1781
vn -0.4538 -0.5597 0.6934
vn 0.4323 -0.8815 -0.1901
vn -0.7855 0.5955 -0.1684
vn -0.8668 0.3903 0.3103
vn -0.5135 0.5783 -0.6339
vn 0.5475 0.3129 0.7761
vn 0.3529 0.5498 0.7571
vn 0.7862 0.2601 0.5605
vn 0.6397 -0.2732 0.7185
vn 0.6316 0.2846 -0.7211
vn -0.4445 0.8824 -0.1542
vn -0.6477 -0.5303 0.5471
vn -0.8525 0.4307 0.2961
vn 0.1112 0.7672 0.6317
vn 0.6182 0.5216 0.5880
vn 0.6908 0.4021 0.6009
vn 0.1660 0.6241 0.7635
vn -0.7951 0.5692 -0.2093
vn -0.8972 0.1490 -0.4157
vn 0.6717 -0.7407 0.0108
vn 0.5504 -0.8345 -0.0263
vn -0.2408 -0.4584 0.8555
vn 0.6362 -0.5183 -0.5714
vn -0.1991 -0.8411 0.5029
vn -0.8602 -0.5008 -0.0966
vn 0.2938 0.8954 0.3347
vn -0.6903 0.6971 0.1936
vn -0.9194 0.3518 0.1761
vn 0.5887 -0.7937 0.1531
vn 0.6409 -0.7274 0.2453
vn 0.6945 -0.6866 0.2151
vn 0.6722 -0.7337 0.0997
vn -0.3148 0.6535 -0.6884
vn -0.2093 0.6361 -0.7427
vn -0.6846 -0.5989 0.4156
vn -0.0958 0.7835 -0.6140
vn 0.5895 0.6913 -0.4178
vn 0.9079 -0.3647 0.2066
vn 0.5569 -0.5350 0.6352
vn 0.5285 -0.5821 0.6179
vn 0.2759 -0.6812 0.6781
vn -0.6067 0.2846 0.7423
vn 0.3540 -0.2926 -0.8883
vn 0.1185 -0.9744 -0.1910
vn -0.8303 0.2245 -0.5101
vn 0.5205 -0.8099 0.2705
vn -0.6354 0.7664 0.0948
vn -0.1788 -0.4808 -0.8584
vn -0.9978 0.0166 -0.0642
vn 0.8844 0.4562 -0.0982
vn -0.6354 -0.7512 0.1787
vn -0.9074 0.3897 0.1574
vn -0.9359 -0.2061 0.2857
vn -0.7263 -0.4867 0.4855
vn 0.1957 0.2794 -0.9400
vn -0.3745 0.8425 -0.3873
vn 0.2759 0.9580 -0.0782
vn -0.1648 -0.9417 0.2934
vn 0.2362 -0.0467 -0.9706
vn -0.9045 0.3721 -0.2084
vn -0.7042 -0.7100 0.0095
vn 0.7059 0.3022 -0.6406
vn -0.6731 -0.5528 -0.4913
vn 0.1156 0.4852 -0.8667
vn 0.5228 0.0601 0.8503
vn -0.6260 0.6128 -0.4822
vn -0.6360 0.7451 -0.2009
vn -0.6813 0.6077 0.4080
vn 0.0842 0.8668 0.4915
vn 0.1571 0.3938 -0.9057
vn 0.7090 0.0056 0.7052
vn 0.2686 0.0591 -0.9614
vn 0.7409 0.6607 -0.1203
vn 0.6683 -0.7363 -0.1058
vn 0.9070 -0.0179 0.4207
vn 0.7478 0.5926 -0.2994
vn -0.4858 -0.1740 -0.8566
vn -0.8579 0.5135 -0.0163
vn 0.7448 0.6468 -0.1644
vn -0.2506 -0.7351 0.6300
vn -0.9368 0.3473 0.0428
vn 0.3173 0.7677 -0.5567
vn 0.4363 0.7990 0.4138
vn 0.0618 -0.9783 0.1976
vn 0.3053 -0.9522 0.0015
vn 0.2703 -0.9617 -0.0453
vn 0.3459 -0.9172 0.1977
vn 0.3771 -0.7141 0.5898
vn -0.0411 -0.5219 0.8520
vn 0.3751 -0.2643 0.8885
vn 0.5311 -0.3512 0.7711
vn -0.1692 0.9303 0.3255
vn -0.4943 -0.8324 0.2506
vn -0.9965 -0.0625 -0.0562
vn 0.4844 -0.8649 -0.1314
vn 0.3115 -0.8448 0.4350
vn 0.0212 -0.9580 0.2861
vn 0.0738 -0.9160 0.3943
vn -0.4898 -0.6820 0.5431
vn -0.7029 -0.3918 0.5936
vn -0.2381 -0.8632 0.4452
vn 0.3692 0.9039 -0.2161
vn 0.5251 0.7284 0.4401
vn 0.6955 0.0643 0.7156
vn -0.7176 0.6118 -0.3329
vn 0.8699 0.3335 -0.3634
vn -0.5480 -0.7049 -0.4504
vn -0.1720 0.5135 -0.8407
vn 0.6874 0.7050 0.1744
vn 0.5016 0.8627 -0.0646
vn 0.7939 0.5719 -0.2064
vn 0.4433 0.8954 0.0424
vn 0.5583 0.8153 -0.1538
vn -0.8094 0.5344 0.2436
vn -0.7044 0.7077 0.0545
vn -0.3764 -0.8642 0.3338
vn 0.2709 0.7513 -0.6017
vn 0.9622 0.2723 -0.0046
vn -0.9891 0.1262 0.0758
vn 0.1295 -0.9131 0.3867
vn -0.2318 0.6995 -0.6760
vn -0.7739 0.5191 -0.3627
vn -0.8165 0.5589 -0.1449
vn -0.8906 0.3974 -0.2211
vn -0.5941 0.7037 -0.3898
vn -0.9703 -0.1918 0.1473
vn 0.7266 -0.5983 0.3377
vn -0.5358 0.7538 -0.3804
vn -0.5996 -0.4884 0.6340
vn 0.4260 -0.9011 -0.0810
vn -0.2080 0.9614 -0.1799
vn -0.2533 0.9531 -0.1658
vn -0.2563 0.8760 -0.4086
vn -0.1362 0.9351 -0.3272
vn 0.2799 0.8800 -0.3838
vn 0.2371 0.7513 -0.6159
vn 0.9246 0.3725 -0.0801
vn 0.7783 0.2818 0.5611
vn 0.1704 0.8711 0.4606
vn -0.9434 0.2698 -0.1927
vn 0.0970 0.6521 -0.7519
vn 0.1800 0.8287 -0.5300
vn -0.0536 0.8230 -0.5656
vn 0.0453 0.6848 -0.7273
vn -0.5773 0.7214 -0.3825
vn -0.2272 0.9119 -0.3419
vn -0.4263 0.8899 -0.1624
vn -0.7837 0.5936 -0.1830
vn 0.1678 -0.4108 0.8962
vn 0.6936 0.4559 0.5578
vn -0.9965 0.0614 0.0558
vn -0.8611 0.2741 0.4283
vn -0.8891 0.2000 0.4117
vn -0.9802 -0.0826 0.1802
vn 0.4111 -0.8958 0.1690
vn -0.3182 -0.7132 -0.6246
vn 0.9212 0.2916 0.2576
vn 0.4753 0.8662 0.1541
vn -0.9090 0.0882 -0.4074
vn -0.6172 -0.7328 0.2866
vn 0.5452 -0.6769 0.4946
vn 0.3249 0.3999 -0.8571
vn 0.4640 0.8686 0.1739
vn 0.3938 0.8881 0.2373
vn -0.9235 0.1528 -0.3518
vn -0.7443 0.6658 0.0524
vn -0.4864 0.8308 -0.2705
vn 0.6787 0.7344 0.0045
vn -0.8971 0.3906 0.2065
vn 0.1633 -0.8108 0.5620
vn -0.1664 0.7031 -0.6914
vn 0.1873 0.8928 -0.4096
vn -0.9373 -0.0411 0.3460
vn -0.7757 0.6242 -0.0930
vn -0.6109 0.7791 0.1407
vn -0.5406 0.7360 0.4075
vn -0.5858 0.7329 0.3459
vn -0.6378 0.7595 0.1275
vn 0.8189 -0.4262 0.3843
vn -0.9405 0.3153 -0.1269
vn -0.0295 -0.9666 -0.2546
vn -0.7098 -0.1786 0.6813
vn 0.9753 0.1112 0.1910
vn 0.9174 -0.3660 -0.1562
vn -0.9582 -0.2839 0.0353
vn 0.1399 0.3942 -0.9083
vn 0.3756 -0.8717 0.3148
vn 0.7805 -0.5095 -0.3624
vn 0.4455 0.8349 0.3233
vn 0.9508 0.1037 0.2921
vn 0.3965 -0.7081 0.5843
vn 0.6133 0.7822 0.1096
vn 0.1525 0.8930 0.4235
vn -0.0959 0.9947 0.0383
vn -0.7271 -0.0458 0.6850
vn -0.6096 0.7379 0.2895
vn -0.6572 0.7506 -0.0686
vn 0.0546 -0.9602 0.2740
vn -0.9321 0.0653 0.3564
vn 0.2578 0.2800 0.9247
vn 0.3530 -0.8576 0.3739
vn -0.7979 0.5986 0.0711
vn 0.9890 0.1152 0.0933
vn -0.6782 -0.5952 0.4311
vn -0.5831 -0.2890 0.7593
vn -0.9401 -0.1572 -0.3026
vn -0.4243 -0.8336 0.3536
vn -0.7066 -0.1595 -0.6894
vn 0.3849 0.9043 -0.1848
vn -0.5394 0.5459 0.6411
vn -0.8340 -0.0473 -0.5498
vn -0.6439 0.6037 -0.4701
vn 0.5312 0.7299 0.4302
vn 0.0066 0.1433 -0.9897
vn -0.8032 0.5468 -0.2365
vn 0.9132 0.2997 -0.2760
vn -0.2668 0.4444 -0.8552
vn 0.0165 0.9632 0.2684
vn -0.6534 -0.0807 -0.7527
vn -0.8227 0.1068 0.5584
vn -0.9969 0.0677 -0.0397
vn -0.5162 -0.7505 0.4126
vn -0.6540 -0.7481 0.1122
vn -0.7818 0.3852 -0.4904
vn 0.3009 0.8480 0.4363
vn -0.9785 0.2061 0.0107
vn 0.5231 0.8453 -0.1089
vn -0.8644 0.2967 -0.4059
vn -0.6106 -0.7919 -0.0128
vn -0.7868 0.5534 0.2731
vn -0.9455 -0.3133 0.0882
vn 0.0168 0.1214 -0.9925
vn -0.4177 0.0394 -0.9077
vn -0.7295 0.6716 -0.1298
vn -0.9342 0.1220 0.3352
vn -0.8416 -0.4091 0.3525
vn -0.8741 0.4178 -0.2478
vn -0.8772 0.4716 -0.0901
vn -0.9598 0.2639 -0.0954
vn -0.9025 0.3046 0.3044
vn -0.6624 0.6693 0.3367
vn -0.9379 0.2653 0.2237
vn 0.6855 0.7281 0.0057
vn -0.3796 -0.9206 0.0922
vn -0.4619 -0.8075 0.3668
vn -0.3996 0.8056 0.4375
vn 0.8729 -0.0398 0.4864
vn 0.4038 -0.5762 -0.7106
vn 0.0277 0.9927 -0.1177
vn -0.5464 -0.8309 0.1049
vn -0.8815 -0.4643 0.0854
vn 0.0661 0.8849 0.4610
vn -0.8174 0.4415 0.3701
vn -0.2356 0.8688 -0.4354
vn 0.5183 0.7010 -0.4899
vn -0.9864 -0.1217 0.1105
vn -0.3062 -0.9125 0.2713
vn -0.3416 -0.9395 0.0278
vn -0.4197 0.6866 -0.5937
vn 0.4152 0.8987 -0.1415
vn -0.3059 -0.9191 0.2483
vn -0.3640 -0.8403 -0.4017
vn -0.6573 0.7497 -0.0766
vn -0.8470 0.2573 0.4652
vn -0.8776 0.3953 -0.2713
vn -0.9977 -0.0054 0.0682
vn -0.5957 0.2433 0.7655
vn 0.8937 0.3322 0.3017
vn 0.0600 0.9860 -0.1556
vn -0.9668 0.1371 -0.2154
vn 0.9881 0.1506 0.0308
vn 0.8751 -0.4601 -0.1498
vn -0.4525 0.3412 -0.8239
vn -0.8659 0.2388 -0.4395
vn -0.1319 -0.9876 0.0847
vn -0.2438 -0.9553 0.1671
vn -0.3449 -0.9187 0.1923
vn -0.0862 -0.9741 0.2092
vn 0.2638 0.4413 -0.8577
vn 0.2974 0.6779 0.6724
vn 0.3014 0.8039 0.5127
vn 0.0395 0.9271 0.3726
vn 0.6196 0.7761 -0.1168
vn 0.2004 -0.9084 0.3671
vn -0.7215 -0.6908 -0.0467
vn -0.0212 0.9944 -0.1033
vn -0.3789 -0.9254 -0.0101
vn -0.1720 -0.9795 0.1046
vn -0.3593 -0.9262 0.1144
vn -0.4927 -0.8678 0.0647
vn -0.2116 -0.9759 -0.0539
vn 0.8816 0.4714 -0.0237
vn -0.6582 -0.7426 0.1239
vn -0.3962 0.8274 -0.3980
vn -0.7230 -0.5853 -0.3670
vn 0.3865 -0.7126 0.5855
vn 0.1939 -0.9661 0.1704
vn 0.4188 -0.8972 0.1402
vn 0.4406 0.6944 0.5690
vn -0.9150 -0.1084 0.3887
vn -0.5507 0.3300 -0.7667
vn -0.6835 0.1195 -0.7201
vn -0.4835 0.3370 -0.8078
vn -0.3161 0.3310 -0.8891
vn -0.0120 0.5729 -0.8196
vn -0.2300 0.4215 -0.8772
vn -0.1334 0.1930 -0.9721
vn -0.0130 0.4381 -0.8988
vn 0.8608 0.2797 -0.4252
vn -0.1541 0.4578 -0.8756
vn -0.0228 0.4160 -0.9091
vn -0.2431 0.3678 -0.8976
vn -0.1920 0.5487 -0.8137
vn 0.8937 0.4375 -0.0995
vn 0.3582 -0.4005 -0.8434
vn -0.4417 0.0779 0.8938
vn 0.0210 0.5052 -0.8627
vn -0.0536 -0.1509 0.9871
vn 0.7393 0.5845 -0.3343
vn -0.9535 0.1052 0.2825
vn 0.9066 0.3833 0.1764
vn -0.4615 0.7909 0.4018
vn -0.9048 0.3118 0.2902
vn -0.0494 0.9950 0.0863
vn -0.9592 0.2816 0.0232
vn -0.6979 0.7162 0.0028
vn -0.7297 0.6761 -0.1023
vn -0.9233 0.3805 0.0513
vn 0.7426 0.6196 -0.2543
vn 0.9284 0.1705 0.3301
vn -0.8637 0.3253 -0.3849
vn -0.9329 0.3578 -0.0417
vn -0.9427 0.3042 -0.1370
vn 0.7230 -0.6133 0.3178
vn -0.8128 0.5726 0.1067
vn -0.7276 0.6854 0.0290
vn -0.8146 0.5790 0.0336
vn -0.3159 0.9485 -0.0242
vn 0.3209 -0.0259 -0.9467
vn -0.7680 0.6026 -0.2169
vn 0.9747 -0.2050 -0.0887
vn 0.9129 -0.3118 -0.2634
vn 0.8511 -0.5116 -0.1183
vn 0.8975 -0.4287 -0.1036
vn -0.7217 0.6178 0.3121
vn -0.5439 0.7845 -0.2981
vn -0.5779 0.7800 -0.2402
vn -0.9855 -0.0813 -0.1489
vn -0.9576 -0.0538 -0.2831
vn -0.4507 0.5119 0.7313
vn -0.5455 0.5991 0.5861
vn 0.4526 -0.5154 0.7276
vn -0.0386 0.9156 0.4002
vn -0.2809 -0.0754 0.9568
vn -0.7824 0.4506 0.4299
vn -0.7060 0.4362 0.5579
vn -0.8223 -0.0583 0.5660
vn -0.7960 0.2496 -0.5515
vn -0.8140 0.2961 -0.4997
vn -0.8390 0.2711 -0.4718
vn -0.8396 0.2003 -0.5049
vn -0.0687 -0.3610 -0.9300
vn -0.5772 0.6004 -0.5535
vn 0.1893 0.9658 -0.1771
vn 0.8578 -0.3054 0.4134
vn -0.8778 0.3220 0.3547
vn -0.7943 0.4822 0.3695
vn -0.8274 0.5246 0.2005
vn -0.7058 0.6166 0.3488
vn 0.1640 -0.5405 -0.8252
vn 0.7129 -0.6098 0.3464
vn -0.2230 0.1169 0.9678
vn 0.6258 -0.4825 0.6128
vn 0.3352 0.8880 -0.3148
vn -0.1208 -0.6018 -0.7895
vn 0.1793 0.9655 -0.1889
vn 0.2307 -0.2242 0.9469
vn 0.3692 -0.2981 0.8802
vn 0.2178 -0.3665 0.9046
vn 0.0310 0.8414 -0.5395
vn 0.6213 -0.5283 0.5788
vn 0.0536 0.6531 -0.7554
vn -0.3295 -0.8337 -0.4432
vn -0.0629 0.5526 0.8311
vn 0.2621 -0.1063 0.9592
vn -0.8702 0.4443 -0.2129
vn -0.7815 0.6218 -0.0511
vn -0.6189 0.7508 -0.2306
vn -0.4963 0.7341 -0.4634
vn -0.5958 0.6086 0.5240
vn -0.5485 0.7679 -0.3307
vn -0.5230 0.8306 -0.1912
vn -0.3726 -0.0162 0.9278
vn -0.7069 0.6697 0.2276
vn -0.7227 0.6909 -0.0192
vn -0.7123 0.6278 0.3139
vn -0.7164 0.6677 -0.2025
vn 0.9693 0.0946 0.2269
vn -0.3224 0.9311 -0.1709
vn -0.5427 0.7655 -0.3458
vn -0.1961 0.6783 0.7081
vn -0.6450 0.7605 -0.0751
vn -0.3866 0.9209 0.0492
vn -0.4072 0.8688 -0.2816
vn -0.5352 0.7862 -0.3088
vn -0.4732 0.8806 0.0236
vn -0.5922 0.7311 -0.3388
vn -0.6911 0.7218 0.0357
vn -0.4426 0.8005 0.4040
vn -0.6521 0.7445 0.1429
vn -0.7499 0.6226 0.2238
vn -0.8161 0.5775 -0.0246
vn -0.8009 0.5963 -0.0545
vn -0.5931 0.7065 0.3862
vn -0.6769 0.7102 -0.1932
vn -0.6772 0.7097 -0.1946
vn -0.1499 0.8596 0.4884
vn -0.3027 0.7063 0.6399
vn -0.4468 0.7458 0.4942
vn -0.3085 0.8676 0.3901
vn -0.6279 0.6903 0.3596
vn -0.4117 0.6697 0.6181
vn -0.4752 0.6659 0.5752
vn -0.7054 0.6715 0.2269
vn 0.4047 0.0851 0.9105
vn 0.7356 -0.1052 0.6692
vn 0.7136 -0.1164 0.6908
vn 0.5990 -0.2163 0.7710
vn 0.7678 -0.1602 0.6203
vn 0.6562 -0.1129 -0.7461
vn 0.9727 -0.0653 -0.2225
vn 0.7058 -0.0232 0.7080
vn 0.7240 -0.0892 0.6840
vn -0.0468 0.7989 0.5997
vn 0.1596 0.4499 0.8787
vn -0.0798 0.4202 0.9039
vn -0.2865 0.5694 0.7705
vn -0.1859 0.6086 0.7714
vn -0.4165 0.7515 0.5116
vn -0.3140 0.6425 0.6990
vn 0.3650 -0.3563 0.8601
vn -0.0925 0.5803 0.8092
vn 0.3964 -0.1671 0.9028
vn 0.5535 -0.4145 0.7224
vn 0.5168 -0.3206 0.7938
vn 0.8743 -0.2364 0.4239
vn 0.9288 -0.1891 0.3186
vn 0.9199 -0.3866 0.0654
vn 0.8786 -0.4143 0.2373
vn 0.7073 -0.4232 0.5663
vn 0.6377 -0.2387 0.7324
vn -0.0812 0.4476 0.8906
vn 0.4490 -0.2342 0.8623
vn 0.5382 -0.2050 0.8175
vn 0.1564 0.1311 0.9790
vn -0.4028 0.6187 0.6745
vn -0.3086 0.5665 0.7641
vn -0.7384 0.6677 -0.0945
vn -0.6449 0.6972 0.3130
vn -0.6546 0.6827 -0.3248
vn -0.6170 0.7838 0.0706
vn -0.2817 0.8110 0.5127
vn -0.1903 0.7386 0.6467
vn -0.1960 0.7383 0.6454
vn -0.1968 0.7382 0.6452
vn -0.1895 0.7386 0.6469
vn -0.2142 0.8186 0.5330
vn 0.6277 0.3343 -0.7030
vn 0.6089 -0.3596 -0.7071
vn 0.9334 0.3506 0.0762
vn -0.4070 0.8905 0.2034
vn -0.5593 0.7653 0.3185
vn 0.8434 -0.4238 -0.3303
vn 0.2318 0.8860 -0.4015
vn -0.7652 0.6201 0.1731
vn -0.6800 0.6747 0.2869
vn -0.7215 0.6858 0.0953
vn -0.6954 0.7129 0.0911
vn -0.6187 0.7514 -0.2294
vn -0.4637 0.8245 -0.3242
vn -0.6341 0.7684 -0.0869
vn -0.6580 0.7508 -0.0585
vn 0.3410 -0.5346 -0.7732
vn 0.5476 -0.5072 -0.6655
vn -0.1835 0.2288 -0.9560
vn 0.0380 0.0366 -0.9986
vn -0.8926 0.4402 -0.0974
vn 0.3993 0.1051 -0.9108
vn -0.2930 0.7272 -0.6207
vn -0.6002 0.7117 -0.3650
vn -0.4441 0.4620 -0.7677
vn 0.7769 -0.3716 -0.5084
vn 0.2837 0.0478 -0.9577
vn -0.4277 0.5832 -0.6906
vn -0.5804 0.7220 -0.3767
vn -0.6039 0.7243 -0.3326
vn -0.7554 0.6552 0.0101
vn -0.7642 0.6167 0.1887
vn -0.7164 0.6949 0.0623
vn -0.5646 0.8129 0.1427
vn 0.4261 -0.0563 -0.9029
vn -0.6979 0.6974 0.1630
vn -0.4703 0.7571 -0.4535
vn -0.5691 0.7500 0.3371
vn 0.1709 0.7365 -0.6545
vn -0.2004 0.6276 0.7523
vn -0.1666 0.9301 0.3273
vn -0.2937 0.6416 0.7086
vn -0.7301 0.5246 0.4379
vn -0.6359 0.0868 0.7669
vn -0.3858 0.2644 0.8839
vn -0.8506 0.2920 0.4372
vn -0.6552 0.1719 0.7356
vn 0.6303 -0.4191 0.6535
vn -0.7215 0.6335 0.2796
vn -0.7472 0.3906 0.5378
vn -0.8339 0.4840 0.2655
vn -0.8513 0.4889 0.1907
vn -0.8970 0.4005 0.1872
vn -0.7102 0.2078 0.6726
vn -0.6672 0.3334 0.6661
vn -0.7767 0.5584 0.2915
vn -0.0293 0.9952 -0.0929
vn -0.1271 0.8488 -0.5132
vn 0.0901 0.9948 -0.0472
vn -0.8125 0.5811 -0.0461
vn -0.8212 0.5084 0.2591
vn -0.8036 0.5795 0.1356
vn -0.8292 0.5335 -0.1667
vn -0.8000 0.4502 -0.3966
vn -0.8230 0.4232 -0.3789
vn 0.3983 0.7588 0.5153
vn 0.6530 0.7550 -0.0594
vn 0.6934 0.7061 -0.1434
vn -0.3948 0.9187 -0.0151
vn -0.0069 0.0962 -0.9953
vn 0.3502 -0.8356 -0.4233
vn -0.0480 -0.9331 0.3565
vn 0.1815 -0.5668 -0.8036
vn -0.0483 0.2351 -0.9708
vn 0.6375 0.7380 0.2214
vn 0.5338 0.7594 -0.3721
vn -0.1575 0.8182 -0.5529
vn -0.1434 0.8281 -0.5419
vn 0.8536 0.5095 0.1088
vn 0.2835 -0.5226 -0.8041
vn -0.5513 0.7590 -0.3463
vn -0.3992 0.6738 -0.6218
vn 0.2828 -0.8586 -0.4276
vn 0.2428 -0.7645 -0.5971
vn 0.1134 -0.7939 -0.5974
vn 0.1102 -0.9115 -0.3963
vn 0.6624 -0.6765 -0.3218
vn 0.7689 -0.5381 -0.3454
vn 0.5751 -0.6569 -0.4876
vn 0.5352 -0.7578 -0.3733
vn 0.3755 -0.7243 -0.5783
vn 0.4024 -0.7902 -0.4623
vn 0.3105 -0.8910 0.3313
vn -0.4217 0.9007 0.1045
vn 0.7352 0.6472 -0.2015
vn 0.8759 0.4741 -0.0893
vn -0.3085 0.9041 -0.2957
vn -0.3687 0.8859 0.2815
vn 0.4931 0.6518 -0.5763
vn -0.3387 0.7979 0.4986
vn 0.8770 0.4095 -0.2516
vn -0.2742 0.9568 0.0966
vn 0.0676 0.4174 -0.9062
vn -0.8168 0.3389 -0.4670
vn -0.8107 0.5122 -0.2836
vn -0.8965 0.3696 -0.2443
vn -0.8722 0.3091 -0.3791
vn 0.1958 -0.0938 0.9762
vn -0.3081 -0.1188 -0.9439
vn -0.2921 0.0636 -0.9543
vn -0.4510 -0.2783 -0.8481
vn -0.5775 -0.0371 -0.8155
vn -0.6253 -0.7800 -0.0247
vn -0.4629 -0.8765 -0.1320
vn -0.5175 -0.4222 0.7443
vn -0.3047 0.9524 -0.0135
vn -0.6728 0.2633 -0.6914
vn -0.6737 0.2737 -0.6865
vn -0.6732 0.2624 -0.6914
vn -0.6741 0.2744 -0.6858
vn -0.4052 0.4351 -0.8041
vn -0.3027 0.1267 -0.9446
vn -0.2480 0.4634 -0.8507
vn -0.4070 -0.8638 0.2968
vn -0.0648 -0.0235 -0.9976
vn -0.2444 -0.8741 -0.4198
vn -0.1133 0.9468 -0.3012
vn 0.2629 0.6482 0.7146
vn -0.2303 0.9559 -0.1824
vn 0.1663 0.7728 -0.6124
vn 0.8853 0.4504 0.1159
vn 0.8604 0.4918 0.1334
vn 0.5311 0.1206 -0.8387
vn -0.6184 -0.6520 0.4388
vn 0.6388 0.4404 -0.6309
vn -0.9755 0.2197 -0.0070
vn -0.9728 -0.1877 0.1356
vn 0.8358 0.3300 -0.4389
vn -0.9493 0.1912 0.2495
vn 0.3509 -0.4305 0.8316
vn 0.4878 0.7130 0.5037
vn -0.9822 0.1766 0.0647
vn -0.9817 0.1796 0.0635
vn -0.9821 0.1772 0.0645
vn -0.0550 0.9454 -0.3212
vn -0.9431 -0.0838 -0.3218
vn -0.9816 0.0999 0.1625
vn -0.6460 -0.5293 0.5500
vn -0.9803 -0.0248 -0.1959
vn -0.8599 0.5077 0.0535
vn -0.6402 0.7582 -0.1234
vn -0.6266 0.7306 0.2712
vn 0.2998 -0.9242 0.2364
vn 0.3477 -0.7988 0.4910
vn 0.2541 -0.8971 0.3614
vn 0.2993 -0.9248 0.2348
vn 0.6113 -0.7763 0.1535
vn 0.3503 -0.8435 0.4071
vn -0.2148 -0.1790 -0.9601
vn -0.1195 -0.5714 0.8119
vn 0.1669 -0.6221 0.7649
vn 0.4431 -0.5800 0.6836
vn 0.3162 -0.4601 0.8297
vn -0.1577 0.9840 0.0834
vn -0.9976 0.0281 0.0638
vn -0.9816 0.1799 0.0633
vn -0.2533 -0.5953 0.7625
vn -0.3900 -0.3936 0.8325
vn 0.1734 -0.3807 0.9083
vn 0.0413 -0.4516 0.8913
vn -0.2840 -0.6211 0.7304
vn -0.4324 -0.5149 0.7402
vn -0.5219 -0.5442 0.6568
vn -0.4300 -0.4166 0.8009
vn 0.5139 -0.7131 0.4769
vn 0.1569 -0.8452 0.5109
vn -0.0823 -0.8412 0.5344
vn 0.3758 -0.7773 0.5045
vn 0.7410 -0.0321 -0.6707
vn 0.6776 -0.6801 0.2800
vn 0.7764 -0.5758 0.2562
vn 0.8171 -0.5386 0.2053
vn 0.7857 -0.5972 0.1615
vn 0.8730 0.1065 -0.4759
vn -0.7863 0.5792 -0.2151
vn -0.1339 0.9605 -0.2439
vn 0.3630 0.5190 -0.7739
vn -0.4498 -0.7430 0.4956
vn 0.6698 0.6400 -0.3765
vn -0.8243 0.3304 -0.4597
vn 0.2659 0.8060 0.5288
vn -0.7808 0.5660 -0.2645
vn 0.3889 0.6759 -0.6260
vn -0.9396 0.2806 -0.1958
vn -0.7211 -0.5190 0.4590
vn 0.4750 0.7399 0.4764
vn 0.6107 0.7139 0.3425
vn -0.7770 0.5537 0.2995
vn -0.7238 0.6660 0.1804
vn -0.9400 0.3358 -0.0606
vn -0.2817 0.6396 -0.7152
vn 0.6652 -0.5550 0.4995
vn 0.8846 -0.1208 -0.4505
vn -0.9724 -0.0479 0.2284
vn 0.8412 0.4618 0.2812
vn 0.7753 -0.5219 0.3557
vn -0.2723 -0.7390 0.6162
vn 0.8677 0.4580 -0.1935
vn -0.2230 -0.7061 -0.6721
vn -0.6219 -0.3198 0.7148
vn 0.7474 -0.5579 0.3608
vn 0.7472 -0.5185 0.4158
vn 0.7744 -0.5037 0.3830
vn 0.8019 -0.5202 0.2940
vn 0.6509 -0.6134 -0.4472
vn 0.6490 -0.6314 -0.4243
vn -0.9275 -0.3167 -0.1986
vn -0.7217 0.6752 -0.1527
vn -0.9427 -0.3296 0.0509
vn -0.9855 -0.0778 0.1509
vn -0.9862 -0.0778 0.1460
vn -0.9854 -0.0777 0.1516
vn -0.6919 -0.6257 0.3603
vn -0.7516 -0.6232 0.2160
vn -0.7891 -0.5703 0.2281
vn -0.7451 -0.2834 0.6037
vn -0.7191 0.6234 0.3070
vn -0.7453 0.6364 -0.1986
vn -0.2466 -0.9639 0.1002
vn -0.9419 -0.0628 0.3301
vn -0.9586 -0.1641 0.2327
vn -0.9649 0.1514 0.2145
vn 0.7513 0.0676 0.6565
vn 0.9715 0.2029 -0.1227
vn 0.4321 -0.9018 -0.0105
vn 0.6915 -0.6334 -0.3474
vn 0.2820 -0.9477 0.1492
vn 0.3513 -0.9362 0.0094
vn 0.3609 -0.9326 0.0009
vn 0.2895 -0.9559 0.0501
vn -0.8985 0.4251 -0.1095
vn 0.4435 0.8672 -0.2264
vn 0.3615 0.8840 -0.2964
vn 0.8745 0.2752 0.3994
vn -0.0379 -0.8580 -0.5123
vn 0.3309 0.8443 0.4216
vn 0.8266 0.3695 0.4245
vn 0.0418 -0.8488 -0.5271
vn 0.5389 0.6389 0.5490
vn 0.7396 -0.4335 -0.5149
vn 0.8048 -0.5197 -0.2867
vn 0.6553 -0.6469 -0.3900
vn 0.6473 -0.4950 -0.5796
vn 0.4812 -0.7946 -0.3703
vn 0.7843 -0.6143 -0.0870
vn 0.7049 -0.6944 -0.1447
vn 0.6683 -0.7391 -0.0836
vn 0.6261 -0.7535 -0.2006
vn 0.6971 -0.6394 -0.3244
vn 0.3327 -0.4598 0.8234
vn 0.5066 -0.8162 0.2778
vn 0.5398 -0.8117 -0.2232
vn 0.2110 -0.8828 -0.4197
vn -0.3551 -0.8502 -0.3888
vn 0.2422 -0.9572 -0.1586
vn -0.9907 -0.0833 0.1080
vn -0.7980 -0.4791 0.3654
vn -0.9364 -0.1659 -0.3093
vn -0.9492 -0.2777 -0.1479
vn -0.8679 -0.2621 -0.4220
vn -0.8801 -0.3582 -0.3116
vn -0.9111 -0.3976 -0.1091
vn 0.9886 0.1413 -0.0528
vn -0.0980 -0.9890 0.1112
vn -0.9316 -0.1513 0.3305
vn 0.7294 -0.6818 -0.0559
vn -0.9596 -0.1316 -0.2487
vn 0.2631 -0.9440 -0.1993
vn -0.5546 -0.8293 -0.0680
vn -0.9788 -0.2006 0.0418
vn 0.3916 -0.2748 -0.8781
vn 0.5247 -0.1258 -0.8419
vn 0.5101 -0.1721 -0.8427
vn 0.5463 -0.2030 -0.8126
vn 0.4890 -0.2640 -0.8314
vn 0.2343 -0.7653 0.5995
vn 0.3985 -0.4342 0.8079
vn 0.1782 -0.7779 0.6026
vn -0.8875 0.4556 -0.0692
vn -0.8695 0.3618 -0.3361
vn -0.8624 0.3298 -0.3841
vn -0.8687 0.1421 -0.4744
vn -0.9707 -0.0437 -0.2362
vn -0.9710 0.0510 -0.2334
vn -0.8903 -0.0414 -0.4535
vn -0.8865 -0.1392 -0.4414
vn -0.7928 -0.0490 -0.6075
vn -0.7687 -0.0845 -0.6340
vn -0.7686 -0.0845 -0.6341
vn -0.7672 -0.0848 -0.6357
vn -0.7794 -0.1517 -0.6078
vn -0.8021 -0.1568 -0.5763
vn -0.7309 0.0941 -0.6760
vn -0.6017 -0.1230 -0.7892
vn -0.7706 0.0312 -0.6365
vn -0.7682 0.0300 -0.6395
vn -0.7708 0.0304 -0.6363
vn -0.7305 -0.0801 -0.6782
vn -0.9071 0.1219 -0.4030
vn -0.9472 0.2195 -0.2338
vn -0.9075 0.3116 -0.2816
vn -0.9354 0.2888 0.2040
vn -0.9323 0.3544 0.0716
vn -0.7938 -0.2414 0.5583
vn -0.8624 0.5045 0.0418
vn 0.9128 0.3504 0.2097
vn -0.9652 0.1668 -0.2013
vn -0.9651 0.1672 -0.2013
vn -0.9707 0.1874 -0.1504
vn -0.9884 -0.0530 -0.1423
vn -0.9985 0.0527 0.0136
vn -0.9884 0.1506 0.0218
vn -0.9585 0.2811 0.0476
vn -0.9498 0.3096 -0.0459
vn -0.9627 0.2667 0.0453
vn -0.8225 -0.5332 -0.1981
vn -0.6345 -0.7448 -0.2066
vn -0.7092 -0.7041 -0.0364
vn -0.8515 -0.5224 -0.0453
vn 0.0784 -0.2249 0.9712
vn -0.3657 -0.9254 -0.0992
vn -0.1024 0.9143 -0.3919
vn -0.3567 -0.2102 -0.9103
vn 0.3762 0.3071 -0.8741
vn 0.2455 0.8900 -0.3842
vn -0.3723 0.7969 -0.4757
vn -0.4104 -0.2588 -0.8744
vn -0.7879 0.5479 -0.2810
vn -0.1793 0.0096 -0.9837
vn -0.3449 -0.1953 -0.9181
vn -0.3951 -0.8459 -0.3583
vn -0.6916 0.6001 -0.4020
vn -0.3070 0.6891 -0.6564
vn -0.5398 -0.6867 -0.4869
vn -0.7654 0.0295 -0.6429
vn -0.7874 -0.2508 -0.5632
vn -0.6840 -0.4810 -0.5485
vn -0.8320 -0.3735 -0.4102
vn -0.8313 -0.2767 -0.4821
vn -0.5922 -0.6071 -0.5298
vn -0.4971 -0.7334 -0.4636
vn -0.5573 -0.7881 -0.2615
vn -0.7230 -0.5843 -0.3686
vn -0.7160 0.1639 -0.6786
vn -0.5565 -0.7391 -0.3796
vn -0.9919 -0.0934 -0.0863
vn 0.5176 0.8012 -0.3003
vn -0.4257 0.4776 -0.7686
vn 0.9170 0.3772 0.1295
vn -0.0436 0.3278 -0.9437
vn -0.3719 0.5864 -0.7196
vn 0.7510 0.6535 0.0946
vn -0.3222 0.8038 0.5000
vn -0.4830 -0.7205 0.4976
vn -0.7204 -0.6612 0.2092
vn -0.7258 -0.6517 0.2203
vn -0.8835 -0.2474 0.3977
vn -0.8620 -0.4743 0.1788
vn -0.7700 -0.0843 -0.6324
vn -0.5339 -0.0392 -0.8446
vn 0.8885 0.4274 -0.1670
vn 0.1317 0.4575 0.8794
vn -0.9030 0.4287 -0.0304
vn -0.7278 0.6413 0.2429
vn -0.7725 0.6185 0.1436
vn -0.9512 0.2840 -0.1207
vn -0.6372 0.7572 -0.1437
vn -0.6963 0.7171 0.0291
vn -0.6906 0.7126 -0.1239
vn -0.6709 0.6943 -0.2605
vn 0.5579 -0.8275 -0.0637
vn -0.4320 -0.6921 -0.5783
vn -0.7947 0.4400 -0.4181
vn -0.7209 0.3070 -0.6213
vn -0.8023 0.5155 -0.3009
vn -0.8755 0.4077 -0.2594
vn -0.8279 0.3998 -0.3934
vn -0.8759 0.3075 -0.3720
vn -0.8942 -0.2449 -0.3747
vn -0.9166 0.2433 0.3172
vn -0.9511 0.2791 0.1326
vn -0.9016 0.3750 0.2155
vn -0.9571 0.1941 -0.2152
vn -0.7426 0.6215 -0.2495
vn -0.6968 0.6713 -0.2526
vn -0.7821 0.6091 -0.1317
vn -0.8200 -0.0680 -0.5683
vn -0.6943 0.1117 -0.7109
vn -0.7912 0.4570 -0.4063
vn -0.9610 0.1303 -0.2438
vn -0.8816 0.1380 -0.4514
vn -0.8342 0.0357 -0.5503
vn -0.7293 0.4080 -0.5493
vn -0.8788 0.1670 -0.4469
vn -0.6312 0.5783 -0.5169
vn -0.7435 0.3205 -0.5869
vn -0.8943 0.4167 -0.1632
vn -0.8590 0.4678 -0.2081
vn -0.7319 0.4916 -0.4718
vn -0.7546 0.5521 -0.3546
vn -0.4421 -0.7361 -0.5125
vn -0.7788 0.5261 -0.3416
vn -0.6957 0.5940 -0.4039
vn -0.5313 0.7145 -0.4552
vn -0.4460 0.8739 -0.1931
vn -0.5746 0.7960 -0.1901
vn -0.4391 0.8392 -0.3209
vn -0.5565 0.7803 -0.2855
vn -0.5123 0.7823 -0.3543
vn -0.4269 0.8159 -0.3898
vn -0.4856 0.8501 -0.2040
vn -0.7147 0.6776 -0.1732
vn -0.6269 0.7791 -0.0074
vn -0.5678 0.8220 0.0434
vn -0.5306 0.8409 -0.1068
vn -0.5827 0.8114 -0.0459
vn -0.4155 0.8335 -0.3643
vn -0.4090 0.8232 -0.3937
vn -0.3473 0.9013 -0.2589
vn -0.4377 0.8776 -0.1955
vn -0.5482 0.8337 -0.0667
vn -0.6921 0.7210 0.0351
vn -0.0738 0.8256 -0.5594
vn -0.2590 0.5889 0.7656
vn 0.7883 0.4880 0.3748
vn -0.5539 0.7582 -0.3441
vn -0.5108 0.7612 -0.3996
vn -0.4688 0.7378 -0.4857
vn -0.3960 -0.8854 0.2434
vn -0.3007 -0.9232 0.2393
vn -0.3179 0.8333 -0.4522
vn -0.2529 0.9627 -0.0964
vn -0.2898 0.9531 -0.0870
vn -0.3054 0.8479 -0.4333
vn -0.3516 0.8334 -0.4264
vn -0.8756 0.4826 0.0214
vn -0.6856 0.7155 0.1338
vn -0.5628 0.6895 -0.4559
vn -0.5929 0.7651 -0.2511
vn -0.6040 0.7491 -0.2722
vn -0.6052 0.6592 -0.4462
vn -0.4357 0.8916 -0.1234
vn -0.4353 0.7572 -0.4870
vn -0.5180 0.8405 -0.1591
vn -0.5647 0.7853 -0.2539
vn -0.5266 0.7202 -0.4517
vn -0.1642 0.9776 -0.1316
vn -0.3300 0.8577 -0.3943
vn -0.2249 0.9375 -0.2656
vn -0.4473 0.7660 -0.4618
vn -0.9418 -0.1655 0.2925
vn -0.8625 -0.4682 0.1921
vn -0.0156 0.6092 -0.7929
vn -0.8189 0.5507 0.1614
vn -0.5532 0.8053 -0.2133
vn 0.5968 -0.4444 -0.6681
vn 0.7848 -0.5970 -0.1666
vn -0.6917 0.6450 0.3249
vn 0.4855 0.5487 0.6806
vn 0.4987 0.1037 -0.8605
vn -0.7774 0.3996 -0.4858
vn -0.8689 0.2332 -0.4365
vn -0.7561 0.4295 -0.4937
vn -0.8563 0.3614 -0.3691
vn -0.8899 0.3106 -0.3341
vn -0.7573 0.4076 -0.5102
vn 0.2193 0.9241 -0.3130
vn 0.6972 0.6517 -0.2987
vn -0.4057 0.8100 -0.4235
vn -0.7501 -0.4740 -0.4611
vn -0.0933 0.7467 -0.6586
vn -0.1234 0.8260 -0.5501
vn -0.4520 0.5684 0.6875
vn -0.4841 0.6254 0.6119
vn -0.2994 0.5801 0.7575
vn -0.3798 0.4882 0.7858
vn 0.6342 -0.6291 -0.4494
vn -0.8253 0.2163 -0.5217
vn -0.5551 0.6411 -0.5300
vn -0.6296 0.5938 -0.5011
vn -0.7529 0.6143 -0.2362
vn -0.6345 0.6205 -0.4609
vn -0.7767 0.4412 -0.4495
vn -0.8244 0.4371 -0.3596
vn -0.6258 0.6398 0.4462
vn -0.7495 0.6594 0.0585
vn -0.8426 0.5278 -0.1074
vn -0.7205 0.6813 0.1292
vn -0.7791 0.6039 -0.1680
vn -0.8305 0.4614 -0.3120
vn -0.0225 -0.1131 -0.9933
vn -0.0436 0.8759 0.4805
vn -0.4333 0.7557 -0.4911
vn -0.4752 -0.3364 -0.8130
vn -0.3995 -0.5144 -0.7588
vn 0.7896 0.6010 -0.1237
vn -0.1212 0.9887 -0.0883
vn -0.1687 0.9142 -0.3685
vn -0.5185 0.7829 -0.3439
vn -0.4059 0.8712 -0.2760
vn -0.2333 0.5341 0.8126
vn -0.1839 0.4635 0.8668
vn -0.6505 -0.2867 -0.7033
vn -0.6503 -0.2902 -0.7021
vn -0.6505 -0.2871 -0.7031
vn -0.6513 0.6399 -0.4077
vn -0.5748 0.8178 0.0284
vn -0.8501 0.5002 -0.1646
vn -0.7999 0.5093 -0.3174
vn -0.8143 0.4657 -0.3464
vn -0.8928 0.3896 -0.2261
vn -0.9095 0.3499 -0.2244
vn -0.7914 0.4384 -0.4260
vn -0.7234 0.5048 -0.4710
vn -0.7974 0.5480 -0.2527
vn -0.9418 0.1933 -0.2750
vn -0.8931 0.4470 -0.0510
vn -0.8884 0.3602 -0.2845
vn -0.9387 0.2515 -0.2360
vn -0.9311 0.3622 0.0443
vn -0.9857 0.1684 0.0098
vn -0.9332 0.3586 -0.0218
vn -0.9237 0.3805 -0.0453
vn 0.7037 0.5845 0.4041
vn -0.9432 0.2460 -0.2231
vn -0.9756 0.1217 -0.1827
vn -0.9637 0.2184 -0.1536
vn 0.7380 0.6639 -0.1206
vn 0.2303 0.4507 0.8624
vn 0.7949 0.4834 -0.3666
vn 0.0707 -0.6080 0.7908
vn 0.6138 0.7833 -0.0985
vn -0.6739 0.6786 -0.2922
vn -0.7344 0.4694 -0.4903
vn -0.7614 -0.0664 -0.6449
vn -0.4907 0.7938 -0.3593
vn -0.8125 0.5685 0.1291
vn 0.4324 -0.8773 0.2083
vn -0.4709 -0.0032 -0.8822
vn -0.4955 0.1988 -0.8456
vn -0.2777 0.5795 -0.7662
vn -0.3103 0.2339 -0.9214
vn -0.6551 0.6061 -0.4511
vn -0.6188 0.7176 -0.3196
vn -0.4727 0.7841 -0.4022
vn -0.4336 0.7728 -0.4634
vn -0.6128 0.5605 -0.5571
vn -0.6536 0.4374 -0.6177
vn -0.5444 0.5277 -0.6521
vn -0.5114 0.5196 -0.6845
vn -0.8081 0.3231 -0.4926
vn -0.6502 -0.2908 -0.7019
vn -0.6868 0.6029 -0.4060
vn -0.5645 0.7621 -0.3171
vn -0.5909 0.6802 -0.4337
vn -0.9539 0.2772 -0.1153
vn -0.8111 0.4076 -0.4196
vn 0.5010 0.5845 0.6382
vn 0.6060 0.7445 0.2801
vn -0.6709 0.6397 -0.3751
vn -0.0906 0.8135 0.5745
vn -0.5249 -0.8478 -0.0759
vn -0.1880 0.6045 0.7741
vn 0.2011 -0.8990 0.3890
vn -0.6720 0.1581 -0.7235
vn -0.9694 0.1548 0.1903
vn -0.6995 -0.6812 0.2159
vn -0.3456 0.8358 -0.4267
vn -0.6976 -0.6737 0.2440
vn -0.6693 -0.6909 0.2732
vn -0.6347 -0.6814 0.3645
vn -0.6634 -0.6459 0.3778
vn -0.7140 0.4026 -0.5728
vn -0.5276 -0.6773 0.5128
vn 0.1112 -0.9143 -0.3895
vn -0.1853 0.9371 -0.2959
vn 0.0039 0.9153 -0.4027
vn 0.7179 -0.2992 0.6286
vn -0.1516 -0.8547 0.4965
vn 0.3865 0.8789 0.2797
vn -0.1936 -0.9118 0.3621
vn -0.8871 -0.4254 0.1791
vn -0.9768 0.1929 0.0935
vn -0.1123 0.9297 -0.3509
vn -0.0453 -0.9805 0.1915
vn -0.3875 0.9197 0.0628
vn -0.0391 -0.5787 0.8146
vn 0.9627 0.2326 0.1381
vn -0.1042 -0.4834 0.8692
vn 0.1452 0.5198 -0.8419
vn 0.2670 -0.4280 0.8634
vn -0.2170 -0.1078 0.9702
vn 0.1169 -0.1752 0.9776
vn -0.1616 0.5284 0.8335
vn -0.1014 -0.1962 0.9753
vn -0.5715 0.2448 -0.7833
vn -0.9376 0.1260 -0.3242
vn -0.9185 -0.1482 0.3665
vn -0.9580 -0.2866 0.0012
vn -0.7907 0.3714 -0.4867
vn -0.7073 0.7058 0.0412
vn 0.7013 -0.3759 0.6057
vn -0.2872 -0.1734 0.9420
vn 0.2921 0.4767 -0.8291
vn 0.2053 0.5274 -0.8244
vn -0.5336 -0.8301 0.1618
vn -0.6644 -0.6930 0.2799
vn -0.8068 0.5835 0.0926
vn -0.9657 0.0732 0.2490
vn -0.9353 -0.1549 0.3181
vn -0.4823 -0.5262 0.7004
vn -0.9863 -0.0777 0.1453
vn -0.9604 0.2707 0.0662
vn -0.5521 -0.5889 -0.5902
vn -0.9749 0.0550 0.2159
vn -0.3610 0.6253 0.6918
vn 0.3063 -0.7460 -0.5913
vn 0.2029 0.8670 -0.4552
vn -0.5600 -0.8274 -0.0419
vn 0.3263 0.7802 -0.5337
vn -0.9035 -0.4228 0.0698
vn 0.8014 0.5981 -0.0072
vn 0.4069 0.8989 -0.1624
vn -0.9189 -0.2419 0.3117
vn -0.7394 -0.6712 0.0539
vn 0.2609 -0.9565 0.1308
vn 0.7814 0.5798 -0.2308
vn 0.7358 0.4089 -0.5398
vn -0.8027 -0.5950 0.0410
vn 0.3055 0.9371 -0.1689
vn -0.2593 -0.4356 0.8620
vn -0.2651 -0.1202 0.9567
vn 0.2083 -0.0456 0.9770
vn -0.9766 0.2149 0.0129
vn 0.1408 -0.1586 -0.9773
vn 0.1347 -0.9564 -0.2590
vn -0.1581 0.6637 -0.7311
vn 0.2192 0.7905 -0.5719
vn 0.4304 -0.3382 -0.8369
vn 0.7577 0.6519 -0.0309
vn 0.4271 0.8962 0.1201
vn 0.3379 0.9092 0.2431
vn 0.1969 -0.9186 -0.3427
vn 0.1700 0.7808 -0.6012
vn 0.1732 -0.4375 -0.8823
vn 0.0993 0.6048 -0.7901
vn 0.7848 -0.0238 -0.6192
vn 0.2826 0.7733 -0.5676
vn 0.1836 -0.8170 -0.5466
vn 0.5356 0.7427 -0.4019
vn 0.0435 0.5733 -0.8182
vn 0.0883 0.6824 -0.7256
vn -0.0518 0.7506 -0.6588
vn -0.0130 0.7209 -0.6929
vn 0.2945 -0.6977 -0.6530
vn 0.0672 -0.9122 -0.4042
vn 0.2296 -0.8247 -0.5169
vn 0.4081 -0.4760 -0.7790
vn 0.0498 -0.9083 -0.4154
vn 0.1722 -0.8713 -0.4595
vn 0.4279 0.8729 0.2343
vn 0.4990 -0.5306 -0.6852
vn 0.2728 -0.7138 -0.6450
vn -0.0726 0.7514 -0.6559
vn 0.0872 -0.9498 -0.3004
vn -0.2789 0.9267 -0.2518
vn 0.1004 -0.9768 -0.1894
vn 0.4333 -0.8647 -0.2540
vn 0.1435 -0.8612 -0.4876
vn -0.1115 0.7500 -0.6520
vn 0.1326 0.9510 0.2794
vn 0.0610 -0.9352 -0.3489
vn 0.1961 0.5373 -0.8203
vn 0.2213 0.1426 -0.9647
vn 0.9685 0.0120 -0.2489
vn 0.5301 0.8387 0.1244
vn 0.4372 0.8862 0.1531
vn 0.2280 -0.8210 -0.5234
vn 0.3733 0.8958 -0.2414
vn 0.1127 -0.9333 -0.3410
vn 0.1742 -0.8869 -0.4278
vn 0.1357 0.9433 0.3030
vn -0.2526 0.8704 -0.4226
vn -0.1401 0.8738 0.4657
vn 0.1599 -0.8640 -0.4774
vn 0.0699 0.5942 -0.8013
vn -0.0010 0.5846 -0.8113
vn -0.1265 0.6129 -0.7799
vn 0.1393 -0.8333 -0.5350
vn 0.1701 -0.2066 -0.9635
vn -0.1167 0.7207 -0.6834
vn 0.8814 0.4485 -0.1481
vn -0.2835 0.7620 -0.5822
vn 0.9049 0.4242 -0.0360
vn 0.9843 -0.1587 0.0772
vn 0.3736 -0.9057 -0.2006
vn 0.4058 0.9120 0.0598
vn 0.9881 0.1534 -0.0140
vn 0.8872 0.2100 0.4109
vn -0.2057 -0.7875 -0.5809
vn -0.4275 -0.4527 -0.7825
vn 0.3873 -0.9107 0.1439
vn 0.6100 -0.7917 -0.0328
vn 0.7917 -0.5888 -0.1630
vn 0.8769 -0.2976 -0.3774
vn 0.8865 -0.2667 -0.3782
vn 0.9676 -0.1008 -0.2315
vn 0.7636 -0.5531 0.3332
vn 0.5216 0.8502 0.0711
vn 0.4044 0.8601 -0.3110
vn 0.5688 0.7813 -0.2570
vn 0.8954 0.2452 0.3718
vn 0.9627 0.1727 0.2082
vn 0.9628 0.1704 0.2097
vn 0.9627 0.1724 0.2084
vn 0.6898 0.3153 0.6517
vn 0.1469 0.3737 0.9158
vn 0.7548 0.6283 0.1887
vn 0.2834 0.1521 0.9469
vn 0.6167 0.3803 0.6892
vn 0.7162 0.2372 0.6564
vn 0.7227 0.1974 0.6624
vn 0.9628 0.1700 0.2099
vn 0.8320 0.4873 0.2652
vn 0.1853 0.9068 -0.3785
vn 0.8880 0.1484 0.4352
vn 0.7013 0.3332 0.6302
vn 0.7051 0.7016 0.1034
vn 0.7917 0.5992 0.1190
vn 0.8284 0.5536 -0.0850
vn 0.9335 0.3476 0.0881
vn 0.7038 0.5578 0.4399
vn 0.7671 0.6130 -0.1890
vn 0.7181 0.6906 0.0867
vn 0.5826 0.7510 0.3109
vn 0.2175 0.4624 0.8596
vn 0.4031 0.4839 0.7767
vn 0.7605 0.2684 0.5913
vn 0.8387 0.1739 0.5161
vn 0.9098 -0.0798 0.4073
vn 0.9171 -0.0045 0.3987
vn 0.7669 0.0599 0.6390
vn 0.8370 0.4909 0.2416
vn 0.7865 0.3589 0.5026
vn 0.5758 0.6926 0.4344
vn 0.0215 0.9572 0.2886
vn 0.3473 0.3688 0.8622
vn 0.4208 0.4103 0.8091
vn 0.7133 0.2845 0.6405
vn 0.5911 0.8044 -0.0596
vn -0.0343 0.0906 0.9953
vn -0.1134 0.8989 0.4232
vn 0.5341 0.8450 -0.0266
vn 0.4291 0.7164 0.5501
vn 0.1140 0.9339 -0.3389
vn 0.1110 0.9345 -0.3382
vn 0.1170 0.9330 -0.3403
vn 0.4264 0.4001 0.8113
vn 0.7745 0.6188 0.1310
vn 0.6141 0.1876 0.7666
vn 0.9411 0.3340 0.0537
vn 0.7583 0.4431 0.4782
vn 0.7259 0.6854 -0.0569
vn 0.8547 0.4726 0.2147
vn 0.9678 0.2516 0.0058
vn 0.9232 0.3786 0.0658
vn 0.9704 0.2316 0.0681
vn 0.7636 0.6007 0.2368
vn 0.3795 0.8300 0.4087
vn 0.5934 0.7139 0.3717
vn 0.3226 0.9337 0.1551
vn 0.5548 0.8300 0.0580
vn 0.6235 0.7717 0.1255
vn 0.4456 0.8790 -0.1696
vn 0.5368 0.8241 -0.1810
vn 0.2661 -0.9468 0.1810
vn -0.2232 0.7220 0.6549
vn 0.7750 -0.3145 0.5481
vn 0.4497 0.2489 0.8578
vn 0.8063 0.4015 0.4343
vn 0.0480 0.6857 -0.7263
vn 0.7758 0.3664 0.5136
vn 0.5993 0.3978 0.6947
vn 0.6168 0.7859 -0.0443
vn 0.3757 0.8838 -0.2788
vn 0.5933 0.7330 0.3328
vn 0.7618 0.6015 0.2404
vn 0.7628 0.6005 0.2398
vn 0.6673 0.6847 0.2932
vn 0.4787 0.7896 -0.3839
vn 0.0899 0.3504 0.9323
vn 0.7101 -0.6538 0.2614
vn 0.0307 0.4709 0.8817
vn 0.0759 0.4372 0.8961
vn 0.5692 0.8161 -0.1004
vn 0.9106 0.2237 0.3476
vn 0.1586 0.1546 0.9752
vn 0.0384 0.8390 0.5428
vn 0.0639 0.9448 0.3214
vn 0.1111 0.9347 -0.3376
vn 0.1283 0.4018 0.9067
vn -0.3194 0.7386 -0.5937
vn 0.3876 -0.7718 0.5041
vn 0.1499 0.5668 0.8101
vn 0.2146 0.4733 -0.8544
vn 0.1141 0.5963 -0.7946
vn 0.7787 0.4538 -0.4333
vn 0.5740 0.6255 0.5285
vn 0.8662 0.3116 -0.3907
vn 0.7561 0.6195 0.2111
vn 0.2307 0.9565 0.1783
vn 0.9732 0.2241 -0.0521
vn 0.6291 0.7758 -0.0496
vn -0.1249 0.9864 -0.1069
vn 0.8385 0.5434 -0.0415
vn -0.5669 -0.5241 -0.6356
vn 0.8400 -0.5142 0.1732
vn 0.7700 0.6228 0.1389
vn -0.0087 -0.2366 -0.9716
vn 0.2540 0.8358 -0.4867
vn 0.6182 -0.7763 -0.1232
vn 0.7661 0.3460 -0.5417
vn 0.4982 0.8617 -0.0964
vn 0.3900 0.8980 0.2036
vn 0.6403 0.7514 0.1595
vn 0.2006 0.1437 0.9691
vn 0.6660 0.3938 0.6336
vn 0.7360 0.2054 0.6451
vn 0.2033 0.4238 0.8826
vn 0.7058 0.5271 0.4733
vn 0.1179 0.0857 0.9893
vn 0.8715 0.4031 0.2793
vn 0.7333 0.6799 -0.0080
vn 0.1461 0.3533 0.9240
vn 0.5176 0.4324 0.7383
vn -0.2807 -0.5767 -0.7673
vn -0.2691 0.2619 -0.9268
vn 0.9602 0.2302 -0.1582
vn 0.8059 0.4930 0.3279
vn 0.8154 0.4769 0.3281
vn 0.0404 -0.3267 -0.9443
vn -0.7412 0.6701 -0.0399
vn -0.8471 -0.4664 -0.2548
vn -0.7677 -0.5077 -0.3909
vn -0.3404 -0.9254 -0.1665
vn -0.7854 0.6170 0.0500
vn -0.9569 0.2905 -0.0056
vn -0.5375 -0.8269 -0.1651
vn -0.1526 -0.9784 -0.1397
vn -0.1473 0.9372 0.3161
vn -0.1769 0.6591 -0.7310
vn -0.1531 0.7318 -0.6641
vn -0.3620 -0.0886 -0.9280
vn 0.0554 -0.8939 -0.4448
vn -0.2529 -0.5038 -0.8260
vn 0.0161 -0.7651 -0.6437
vn -0.4644 -0.1218 -0.8772
vn -0.3561 0.5378 -0.7642
vn -0.5146 0.5281 -0.6754
vn -0.1219 -0.6325 -0.7649
vn -0.0717 -0.1316 -0.9887
vn -0.0014 -0.4332 -0.9013
vn 0.0003 -0.5269 -0.8499
vn 0.0177 -0.8642 -0.5028
vn -0.0171 -0.4300 -0.9026
vn -0.2449 0.5095 -0.8248
vn -0.8250 0.5256 -0.2075
vn -0.3809 -0.1100 -0.9181
vn 0.0516 -0.9616 -0.2696
vn -0.0406 -0.9649 -0.2595
vn -0.2763 0.7679 -0.5778
vn -0.2449 0.7902 -0.5617
vn -0.3371 0.7597 -0.5561
vn -0.2867 -0.4507 -0.8454
vn -0.5404 0.1540 -0.8272
vn -0.8272 0.5606 0.0387
vn -0.6105 0.7863 0.0949
vn -0.6143 0.7814 0.1098
vn -0.4806 0.8694 0.1150
vn -0.0600 0.6578 -0.7508
vn -0.0671 0.7477 -0.6606
vn -0.9111 0.0596 -0.4079
vn -0.9709 -0.0643 -0.2308
vn -0.8103 0.5854 -0.0252
vn -0.6900 0.5732 -0.4419
vn -0.8758 0.0798 -0.4760
vn -0.2662 -0.0004 -0.9639
vn -0.3427 -0.8142 -0.4687
vn -0.2014 -0.8773 -0.4357
vn -0.1167 -0.9170 -0.3815
vn -0.1281 -0.9151 -0.3824
vn -0.1178 -0.9168 -0.3815
vn -0.6515 0.7519 0.1006
vn -0.6569 0.7506 0.0714
vn -0.6318 0.7739 -0.0428
vn -0.0759 -0.8324 -0.5489
vn -0.4152 -0.5857 -0.6961
vn -0.2170 0.5989 -0.7709
vn -0.1103 0.7159 -0.6894
vn -0.1014 0.8226 -0.5595
vn -0.1491 0.8546 -0.4975
vn -0.0271 0.6909 -0.7225
vn 0.1336 -0.8870 -0.4420
vn -0.3117 -0.7375 -0.5991
vn -0.1190 -0.7887 -0.6032
vn 0.0071 -0.8910 -0.4539
vn -0.3284 -0.5103 -0.7948
vn -0.3200 -0.5167 -0.7941
vn -0.2740 -0.7892 -0.5496
vn -0.0795 -0.8756 -0.4764
vn -0.0352 -0.9658 -0.2570
vn -0.0085 -0.9669 -0.2549
vn -0.5947 0.7729 0.2213
vn -0.1078 0.9431 0.3144
vn 0.1957 0.5629 -0.8030
vn 0.0238 0.8803 -0.4739
vn -0.0075 0.9899 0.1415
vn -0.1206 0.9163 0.3819
vn -0.2282 0.9187 0.3223
vn -0.0342 -0.9992 -0.0187
vn 0.0990 0.6946 -0.7126
vn 0.1187 0.8414 -0.5272
vn -0.2047 0.9243 -0.3220
vn 0.0006 -0.9012 -0.4334
vn -0.1290 -0.9148 -0.3826
vn -0.1822 -0.9749 0.1277
vn -0.3591 -0.9236 0.1341
vn -0.6044 -0.7966 -0.0051
vn -0.8161 -0.5445 -0.1938
vn -0.8465 -0.5297 -0.0534
vn -0.9600 -0.2762 0.0469
vn -0.9583 0.2854 0.0151
vn -0.7308 0.6668 -0.1456
vn -0.6230 0.7641 -0.1676
vn -0.8282 0.5591 -0.0388
vn -0.6813 0.7048 0.1977
vn -0.1250 0.4958 -0.8594
vn -0.0146 -0.9853 0.1702
vn 0.6614 0.4024 -0.6329
vn -0.7740 -0.6024 0.1948
vn 0.8904 0.1399 0.4332
vn 0.4924 0.8685 -0.0570
vn -0.2536 0.4220 0.8704
vn 0.5937 0.3819 0.7083
vn 0.1595 0.9215 0.3541
vn 0.5427 0.8164 0.1973
vn 0.6996 0.6940 0.1703
vn 0.4774 -0.8786 -0.0114
vn 0.9567 0.2885 -0.0375
vn -0.8154 0.4374 -0.3792
vn -0.4889 0.4099 -0.7700
vn -0.2658 0.9159 -0.3007
vn -0.9863 0.0462 0.1583
vn -0.9865 0.0525 0.1550
vn -0.9861 0.0440 0.1603
vn -0.9135 0.0820 0.3984
vn -0.7850 0.2073 0.5838
vn -0.8332 0.1863 0.5207
vn -0.6855 0.2067 0.6981
vn -0.6061 0.1974 0.7705
vn -0.4559 0.2519 0.8536
vn -0.1394 0.4163 0.8985
vn -0.1862 0.9364 0.2974
vn -0.5816 0.7221 0.3746
vn -0.7293 0.6454 0.2270
vn -0.8103 0.5651 0.1554
vn -0.8646 0.4798 0.1491
vn -0.0952 0.0645 0.9934
vn -0.2975 -0.1024 0.9492
vn -0.4441 -0.0169 0.8958
vn -0.6328 0.1353 0.7624
vn -0.7183 0.1636 0.6762
vn -0.7842 0.1249 0.6078
vn -0.8064 0.1509 0.5718
vn -0.7387 0.1174 0.6637
vn -0.9017 0.0337 0.4310
vn -0.9876 0.0500 0.1486
vn -0.9877 0.0497 0.1481
vn -0.4440 0.8774 -0.1818
vn -0.5366 0.8207 -0.1962
vn -0.7262 0.6826 -0.0818
vn -0.8163 0.5623 0.1322
vn -0.8958 0.4134 0.1631
vn -0.9172 0.3897 0.0831
vn -0.9146 0.3955 0.0847
vn -0.9169 0.3903 0.0832
vn -0.8396 0.4776 0.2589
vn -0.8617 0.4924 -0.1229
vn -0.7825 0.6203 0.0540
vn -0.7493 0.6442 0.1538
vn -0.2112 0.1115 0.9711
vn -0.3399 0.2223 0.9138
vn -0.4728 0.2983 0.8292
vn -0.6431 0.2654 0.7183
vn -0.7266 0.1739 0.6646
vn -0.7708 0.1899 0.6081
vn -0.8084 0.1922 0.5564
vn -0.7847 0.0880 0.6136
vn -0.8447 0.0616 0.5316
vn -0.9131 -0.1198 0.3898
vn -0.7362 -0.5075 0.4478
vn -0.8282 -0.3092 0.4675
vn -0.7023 -0.1627 0.6930
vn -0.8853 0.2127 0.4135
vn -0.7800 0.2339 0.5804
vn -0.6057 0.0848 0.7912
vn -0.5307 0.0723 0.8445
vn -0.4485 0.1611 0.8791
vn -0.3561 0.3102 0.8815
vn -0.2841 0.3600 0.8886
vn -0.1522 0.3506 0.9241
vn -0.0695 0.0633 0.9956
vn -0.1541 0.0669 0.9858
vn -0.1177 -0.0355 0.9924
vn -0.1292 0.8383 0.5296
vn -0.3759 0.2304 0.8976
vn -0.0398 0.8547 -0.5176
vn -0.6580 0.6953 0.2891
vn -0.2232 0.6978 0.6806
vn -0.5516 0.5153 0.6559
vn -0.7010 0.3145 0.6401
vn -0.7823 0.3654 0.5045
vn -0.9163 0.3981 0.0444
vn -0.7880 0.6154 -0.0201
vn -0.8345 0.5510 0.0083
vn -0.9458 0.3247 -0.0012
vn -0.9634 0.2644 0.0439
vn -0.9510 0.3046 0.0535
vn -0.8419 0.5120 0.1702
vn -0.6995 0.7144 -0.0170
vn -0.5640 0.7818 0.2659
vn -0.6466 0.6650 0.3736
vn -0.7123 0.6653 0.2235
vn -0.7967 0.5829 0.1593
vn -0.7380 0.6474 0.1902
vn -0.7334 0.6403 0.2283
vn -0.8575 0.5011 0.1168
vn -0.8936 0.4396 0.0912
vn -0.9163 0.3785 0.1307
vn -0.8961 0.2537 0.3643
vn -0.7987 0.5930 0.1021
vn -0.7177 0.1623 0.6772
vn -0.8446 0.2031 0.4953
vn -0.7639 0.5746 0.2937
vn -0.8520 0.4325 0.2950
vn -0.8884 0.3327 0.3163
vn -0.9779 0.1543 0.1412
vn -0.9428 0.3307 0.0420
vn -0.9542 0.2952 0.0480
vn -0.9670 0.2436 0.0740
vn -0.9647 0.2619 0.0278
vn -0.9684 0.2443 0.0504
vn -0.9841 0.1757 0.0256
vn -0.9781 0.2082 0.0076
vn -0.9934 0.0713 0.0903
vn -0.9880 0.1508 0.0339
vn -0.9883 0.0812 0.1290
vn -0.9937 0.0443 0.1034
vn -0.9879 0.1399 0.0673
vn -0.9825 0.1836 0.0321
vn -0.9564 0.2913 0.0190
vn -0.1714 0.9829 -0.0670
vn -0.4765 0.8755 -0.0808
vn -0.7410 0.6659 0.0872
vn -0.8054 0.5889 0.0671
vn -0.9241 0.3779 0.0578
vn -0.9142 0.3963 0.0849
vn -0.8324 0.5538 0.0221
vn -0.8065 0.4713 0.3570
vn -0.9475 0.2997 0.1112
vn -0.2380 0.9272 -0.2893
vn -0.1200 0.9568 -0.2649
vn -0.1408 -0.2179 0.9658
vn 0.4039 0.6619 0.6314
vn 0.1543 -0.8193 -0.5521
vn 0.2305 0.7195 0.6552
vn 0.6330 0.7734 0.0332
vn 0.0895 0.9943 -0.0575
vn 0.8810 0.3745 -0.2890
vn 0.3553 0.6347 0.6862
vn 0.2389 0.7634 0.6001
vn 0.5699 0.7943 -0.2104
vn 0.0799 0.9955 0.0519
vn 0.3025 0.9455 0.1204
vn 0.4308 0.8782 0.2076
vn -0.3315 -0.8405 -0.4285
vn 0.9479 0.3098 -0.0747
vn 0.8775 0.4775 -0.0447
vn 0.1184 0.5519 -0.8255
vn -0.1618 -0.8857 0.4351
vn -0.4851 -0.8616 0.1495
vn 0.7074 0.5463 0.4485
vn 0.8691 0.2712 -0.4137
vn 0.8388 0.1236 -0.5302
vn 0.7024 0.7118 -0.0089
vn 0.2809 0.4910 -0.8246
vn -0.3448 0.8468 0.4050
vn -0.5588 -0.7830 0.2731
vn -0.6419 -0.7442 0.1849
vn -0.6567 -0.6384 0.4016
vn 0.1160 0.9238 -0.3649
vn -0.0578 -0.9983 0.0046
vn 0.9350 0.0858 -0.3440
vn 0.7113 0.4976 -0.4964
vn -0.6229 -0.6597 0.4205
vn 0.6932 0.6462 -0.3192
vn 0.3049 0.5722 0.7613
vn 0.0281 0.2161 -0.9760
vn -0.4308 -0.5872 0.6853
vn 0.0253 -0.9808 0.1935
vn 0.2017 0.3409 -0.9182
vn 0.5709 0.5918 0.5691
vn -0.5574 0.3385 -0.7581
vn -0.2685 0.2013 -0.9420
vn 0.9341 0.3387 -0.1133
vn 0.8846 0.4654 0.0293
vn -0.6561 -0.7194 0.2281
vn -0.5352 -0.7468 -0.3947
vn 0.6106 0.7648 0.2054
vn -0.8736 -0.4402 0.2074
vn -0.9905 0.0323 0.1340
vn -0.8043 -0.3181 0.5019
vn -0.9316 -0.3320 0.1482
vn -0.9292 -0.2318 0.2878
vn -0.7158 0.6375 -0.2849
vn -0.3540 0.9194 0.1716
vn -0.3539 0.9235 0.1478
vn -0.3834 0.8972 0.2190
vn -0.3941 0.8091 0.4359
vn -0.4705 0.8023 0.3673
vn 0.0541 -0.1475 -0.9876
vn -0.3351 0.9183 0.2108
vn -0.0829 0.4957 -0.8645
vn 0.2651 -0.0791 -0.9610
vn -0.4605 0.7771 0.4290
vn -0.4254 0.8345 0.3502
vn -0.6088 0.6970 -0.3790
vn -0.6037 0.7751 -0.1863
vn -0.4267 0.8160 -0.3900
vn -0.4607 0.8311 -0.3116
vn -0.2918 0.8885 -0.3542
vn -0.3621 0.8476 -0.3879
vn -0.2968 0.8759 -0.3804
vn -0.3620 0.9292 -0.0751
vn -0.3590 0.8896 -0.2823
vn -0.6017 0.6935 -0.3963
vn -0.7422 0.6168 -0.2621
vn 0.7205 0.5460 0.4276
vn 0.5305 0.8395 0.1171
vn 0.8029 -0.4863 -0.3447
vn 0.5135 -0.8540 0.0836
vn -0.4457 -0.8566 -0.2600
vn 0.3081 -0.9322 -0.1897
vn -0.4012 -0.7551 0.5186
vn 0.7547 0.5033 0.4209
vn 0.5694 0.8012 -0.1842
vn 0.9212 0.1938 0.3373
vn -0.3931 -0.2016 0.8971
vn -0.0212 -0.0421 0.9989
vn 0.6002 0.6539 0.4606
vn 0.0456 0.7765 -0.6284
vn 0.5540 0.6461 -0.5250
vn 0.5948 0.6638 -0.4535
vn 0.6712 0.5235 -0.5248
vn 0.9234 0.1608 0.3485
vn 0.7075 0.5128 -0.4864
vn -0.0995 0.7104 0.6967
vn 0.5698 0.7761 -0.2701
vn 0.7585 0.4522 0.4693
vn 0.3672 0.7119 0.5987
vn -0.0088 0.4769 0.8789
vn 0.4817 0.7809 0.3977
vn 0.1341 0.9161 0.3778
vn 0.3913 0.7722 0.5006
vn 0.6761 0.5456 0.4952
vn -0.0248 0.1342 -0.9906
vn -0.4086 0.9126 -0.0152
vn -0.4929 0.8487 0.1919
vn -0.7441 0.5277 0.4096
vn -0.6081 0.4675 0.6416
vn -0.4517 0.3488 0.8212
vn -0.2110 -0.0176 0.9773
vn -0.3921 0.5533 -0.7350
vn -0.7255 0.3176 -0.6105
vn -0.8074 0.0203 -0.5897
vn -0.9394 0.3193 -0.1250
vn -0.7817 0.5988 -0.1744
vn -0.8032 0.5865 -0.1044
vn -0.7137 0.6644 -0.2218
vn -0.3142 0.3515 0.8819
vn -0.1984 -0.4976 0.8444
vn -0.1234 -0.8392 0.5297
vn -0.0971 0.7646 -0.6372
vn -0.3591 0.9056 0.2255
vn -0.0853 0.0472 -0.9952
vn 0.1288 0.8022 -0.5831
vn 0.4848 0.5771 0.6572
vn -0.3818 0.5612 -0.7344
vn -0.3786 0.4820 0.7902
vn 0.5256 0.7584 -0.3855
vn 0.9577 0.2862 0.0293
vn 0.0975 -0.1668 0.9812
vn -0.2007 -0.7409 -0.6409
vn -0.1371 -0.8636 -0.4852
vn -0.1793 0.7984 0.5748
vn -0.4043 0.8843 0.2337
vn -0.5088 0.8103 -0.2909
vn -0.4375 0.7217 -0.5364
vn -0.1674 0.9737 -0.1546
vn -0.2209 0.9339 0.2811
vn 0.0968 0.9666 -0.2373
vn -0.0220 0.6952 -0.7185
vn -0.3723 0.5796 0.7249
vn -0.3779 0.7903 0.4823
vn 0.0625 -0.1421 0.9879
vn -0.0265 0.8058 -0.5916
vn -0.0617 0.4275 0.9019
vn -0.1249 -0.5153 -0.8479
vn -0.1981 -0.5029 -0.8414
vn -0.1414 -0.9563 0.2559
vn -0.0958 -0.9948 -0.0337
vn -0.7230 -0.5830 -0.3707
vn 0.8418 0.5084 0.1815
vn -0.3834 0.3289 0.8630
vn -0.2986 0.1999 0.9332
vn -0.3456 0.9257 -0.1537
vn -0.6940 -0.6493 0.3111
vn 0.5792 0.7835 0.2252
vn 0.5694 -0.2727 -0.7756
vn -0.0056 0.8883 -0.4592
vn -0.1199 -0.9253 -0.3597
vn -0.0354 -0.9975 -0.0607
vn -0.4200 0.6347 -0.6487
vn 0.1645 -0.9165 0.3646
vn -0.5455 -0.7666 -0.3388
vn -0.1152 0.7467 -0.6551
vn 0.2011 -0.6984 0.6869
vn -0.1579 -0.9048 0.3956
vn -0.1108 -0.9003 0.4210
vn -0.1953 0.9129 -0.3584
vn 0.0870 -0.2984 0.9505
vn 0.0811 -0.6168 -0.7830
vn -0.1296 -0.7484 0.6505
vn -0.0485 0.3533 -0.9342
vn 0.6593 0.7450 -0.1020
vn -0.1854 0.8247 0.5343
vn 0.9164 0.3720 0.1479
vn 0.4390 0.8144 -0.3796
vn -0.0651 0.9118 -0.4053
vn -0.0084 0.8771 -0.4802
vn -0.0816 0.8364 0.5420
vn -0.0637 0.9441 -0.3236
vn -0.0594 0.7629 0.6437
vn -0.3523 0.7396 -0.5735
vn -0.3612 0.7106 -0.6038
vn 0.7298 0.6590 -0.1821
vn -0.1206 0.9667 -0.2257
vn -0.6668 -0.7087 0.2306
vn 0.0180 0.0708 -0.9973
vn -0.0731 0.4999 -0.8630
vn 0.3753 -0.4361 0.8179
vn -0.0400 0.8352 -0.5486
vn -0.1358 -0.5679 -0.8118
vn -0.5758 -0.6980 -0.4257
vn 0.8646 0.4766 0.1590
vn -0.1719 0.8285 0.5330
vn -0.3609 0.8265 0.4320
vn -0.5057 0.6107 0.6093
vn 0.8933 0.4036 0.1976
vn 0.2522 0.9306 0.2651
vn 0.4361 0.8878 -0.1473
vn -0.8278 0.4146 -0.3779
vn -0.6917 0.6213 -0.3682
vn -0.9258 0.1837 -0.3303
vn -0.8426 0.3406 -0.4171
vn -0.8252 0.3671 -0.4293
vn -0.8477 0.2627 -0.4610
vn -0.7996 0.3692 -0.4736
vn -0.8376 0.2277 -0.4965
vn 0.9126 0.3693 0.1756
vn 0.9028 0.3757 0.2095
vn 0.0860 0.9239 -0.3727
vn 0.4640 0.8823 -0.0790
vn -0.6481 0.6106 -0.4552
vn -0.6519 0.7299 -0.2056
vn -0.6410 0.7600 0.1068
vn -0.7310 0.4598 0.5042
vn -0.5188 0.6460 0.5599
vn -0.5864 0.7375 0.3348
vn -0.5481 0.4805 0.6846
vn -0.8328 0.3611 0.4196
vn -0.8525 0.4708 0.2270
vn -0.8195 0.5180 0.2451
vn -0.5720 0.2114 0.7926
vn -0.6088 0.3205 0.7257
vn -0.5769 0.4937 0.6508
vn -0.7304 0.6594 0.1783
vn -0.5794 0.8078 0.1081
vn -0.7710 0.5643 0.2952
vn -0.7133 0.5699 0.4079
vn -0.7576 0.2694 -0.5945
vn -0.7384 0.3976 -0.5447
vn -0.6616 0.4732 0.5817
vn -0.4700 0.7965 0.3805
vn 0.2040 0.8227 0.5306
vn 0.6364 0.7147 -0.2901
vn 0.0355 0.9197 -0.3911
vn -0.4957 0.6850 -0.5339
vn 0.2137 0.9494 0.2302
vn 0.2522 0.9533 -0.1661
vn -0.5009 0.6456 -0.5764
vn 0.0012 0.9418 -0.3361
vn 0.1753 0.9438 -0.2802
vn -0.5938 0.7185 -0.3622
vn -0.5545 0.2934 0.7787
vn 0.6331 0.7739 0.0190
vn 0.7608 0.6189 0.1952
vn 0.6954 0.0785 0.7143
vn 0.0391 -0.0434 0.9983
vn 0.7334 0.6676 0.1283
vn 0.9608 0.2660 0.0777
vn 0.5475 0.8297 -0.1088
vn 0.2529 0.9083 -0.3333
vn 0.9469 0.2542 0.1971
vn 0.1750 0.0554 -0.9830
vn 0.3212 0.4480 0.8344
vn 0.1193 -0.9407 0.3175
vn 0.1651 -0.9855 -0.0380
vn 0.1256 0.1884 0.9740
vn 0.5823 0.7224 -0.3729
vn 0.3639 0.9103 -0.1973
vn -0.1101 -0.4634 0.8793
vn 0.2349 0.8502 0.4711
vn 0.3319 0.7712 0.5432
vn -0.0627 0.0316 -0.9975
vn 0.1690 0.8614 0.4789
vn -0.1004 -0.1757 0.9793
vn 0.2006 -0.8931 -0.4027
vn -0.1585 0.9697 -0.1858
vn 0.2202 0.6008 0.7685
vn 0.1867 0.3708 0.9097
vn -0.0115 -0.4458 0.8951
vn 0.1948 -0.3615 -0.9118
vn 0.4813 0.7379 0.4732
vn 0.6307 0.5661 0.5308
vn 0.5696 0.7229 -0.3911
vn 0.5475 0.7180 -0.4299
vn 0.8487 0.2822 -0.4474
vn 0.1113 0.8082 0.5783
vn 0.3134 0.9086 -0.2759
vn 0.9102 0.3991 0.1106
vn 0.7412 0.6653 -0.0900
vn 0.3347 0.8683 -0.3662
vn 0.9445 0.3142 0.0961
vn 0.9412 -0.1296 0.3121
vn -0.3506 0.6830 0.6408
vn -0.2202 0.7875 0.5756
vn 0.0661 0.9696 0.2355
vn -0.1283 0.9865 0.1022
vn 0.4954 0.8677 -0.0417
vn 0.3861 0.9051 0.1783
vn -0.0129 0.6533 0.7570
vn 0.0671 0.7398 0.6695
vn -0.0207 0.8160 -0.5776
vn 0.1040 -0.8079 0.5801
vn -0.0590 0.6262 0.7774
vn -0.1230 0.6010 0.7898
vn -0.0505 0.8769 -0.4780
vn -0.0170 0.8764 -0.4813
vn 0.0252 0.9972 0.0707
vn -0.1467 0.1533 0.9772
vn -0.1765 0.2437 0.9537
vn -0.2346 0.3076 0.9221
vn 0.2973 0.8358 -0.4615
vn 0.0538 -0.8746 0.4818
vn 0.0013 -0.7074 0.7068
vn -0.0018 0.3571 -0.9341
vn 0.0924 -0.9881 -0.1228
vn 0.1887 -0.9604 -0.2052
vn -0.0610 0.9019 -0.4275
vn 0.1838 0.9726 -0.1422
vn 0.0683 -0.9237 0.3769
vn 0.3729 0.6698 -0.6422
vn 0.1705 0.8065 0.5661
vn -0.0173 0.8420 0.5391
vn 0.1190 0.0028 -0.9929
vn 0.7430 0.5491 -0.3826
vn 0.3805 0.8498 -0.3648
vn -0.1269 0.9188 0.3738
vn 0.7164 0.4783 -0.5079
vn -0.8282 0.2956 -0.4761
vn -0.0280 0.9235 -0.3827
vn -0.0514 0.9987 0.0013
vn -0.2294 0.9600 0.1604
vn -0.3411 0.8492 -0.4033
vn 0.8680 0.2965 -0.3984
vn -0.0773 0.8562 -0.5108
vn 0.3011 0.8389 -0.4534
vn -0.0605 0.8089 -0.5848
vn 0.5752 0.6872 -0.4437
vn -0.3074 0.8265 -0.4715
vn -0.3444 0.8860 -0.3104
vn -0.3838 0.5525 -0.7399
vn -0.3626 0.6449 -0.6728
vn -0.3390 0.7874 -0.5148
vn -0.3972 0.7486 -0.5309
vn -0.3868 0.1650 -0.9073
vn -0.3352 0.4557 -0.8246
vn -0.9251 0.2246 -0.3061
vn -0.9562 0.1079 -0.2722
vn -0.8611 0.4401 -0.2548
vn -0.6528 0.6660 -0.3609
vn -0.1294 0.6777 0.7239
vn -0.1467 0.8060 -0.5735
vn -0.4414 0.7362 -0.5130
vn -0.4263 0.8582 -0.2861
vn -0.2852 0.9503 -0.1250
vn -0.2843 0.7963 -0.5339
vn -0.8041 0.5605 -0.1981
vn -0.8661 0.3675 -0.3388
vn -0.9241 0.2492 -0.2898
vn -0.8104 0.2909 -0.5086
vn -0.7051 0.3421 -0.6211
vn -0.3085 0.6801 0.6651
vn -0.5774 0.6825 0.4481
vn 0.2440 0.8236 -0.5121
vn -0.6285 0.4196 -0.6549
vn -0.4027 0.7512 -0.5230
vn -0.5248 0.7799 -0.3412
vn -0.4599 0.8460 -0.2697
vn -0.4333 0.8564 -0.2806
vn -0.6150 0.7132 -0.3364
vn -0.5787 0.7244 -0.3746
vn -0.2872 0.9176 -0.2748
vn -0.3057 0.8706 -0.3855
vn 0.7895 0.5329 0.3044
vn 0.0209 0.1743 0.9845
vn -0.7582 0.5327 -0.3760
vn -0.7973 0.5662 -0.2091
vn -0.9326 0.3595 -0.0320
vn -0.8062 0.5852 0.0869
vn 0.5309 0.7948 -0.2939
vn -0.3348 -0.1782 -0.9253
vn -0.3052 -0.1433 -0.9414
vn 0.4230 0.2884 0.8590
vn -0.5674 0.2346 -0.7893
vn -0.5407 0.4336 -0.7208
vn -0.2922 -0.1501 -0.9445
vn -0.2306 -0.1972 -0.9529
vn -0.6809 0.5938 -0.4287
vn -0.0339 0.6147 0.7880
vn 0.3992 0.5765 -0.7129
vn 0.3332 0.7115 -0.6187
vn 0.4922 0.7714 0.4033
vn 0.8731 0.4605 0.1599
vn 0.8122 0.3620 -0.4575
vn 0.3599 0.8838 -0.2991
vn -0.0257 0.9501 -0.3108
vn 0.8015 0.4185 0.4272
vn -0.0922 0.9957 0.0037
vn 0.0078 0.9942 -0.1070
vn 0.3745 0.8414 -0.3895
vn 0.2376 0.9101 -0.3395
vn 0.4122 0.8277 -0.3808
vn 0.7494 0.3626 -0.5539
vn 0.6064 0.7350 0.3033
vn 0.7288 0.2972 0.6168
vn 0.7948 0.4452 -0.4124
vn 0.7964 0.4440 -0.4106
vn 0.5965 0.2166 0.7729
vn 0.5429 0.8367 -0.0723
vn 0.4272 0.7773 -0.4619
vn 0.7080 0.6203 0.3375
vn 0.3481 0.6699 -0.6558
vn 0.7375 0.6097 -0.2906
vn 0.4346 0.5938 -0.6771
vn 0.0126 0.9534 0.3013
vn 0.8797 0.3093 -0.3611
vn 0.6536 0.4926 0.5747
vn -0.2205 0.4778 0.8503
vn 0.8416 0.3924 -0.3710
vn -0.2969 0.8505 -0.4341
vn 0.1667 0.9720 -0.1659
vn 0.6740 0.6740 0.3022
vn 0.8318 0.5050 0.2303
vn 0.8652 0.4703 0.1738
vn 0.9024 0.3930 0.1768
vn 0.8614 0.4846 0.1522
vn 0.8927 0.4340 0.1214
vn -0.6903 0.7210 -0.0599
vn -0.6058 0.7752 -0.1790
vn -0.3367 0.9407 0.0407
vn -0.3293 0.9427 0.0540
vn 0.0372 0.9881 0.1494
vn 0.1160 0.9849 0.1288
vn -0.1374 0.9260 0.3516
vn 0.2385 0.8634 -0.4447
vn 0.1223 0.8810 -0.4571
vn 0.8027 0.5956 0.0297
vn 0.5117 0.3875 -0.7668
vn -0.3063 0.8128 0.4955
vn -0.6222 0.7285 0.2866
vn -0.7257 0.6425 0.2460
vn -0.6598 0.6997 0.2739
vn -0.7630 0.6275 0.1554
vn -0.4598 0.8371 0.2964
vn -0.7022 0.7110 0.0375
vn -0.6810 0.7067 0.1922
vn -0.5424 0.7816 0.3080
vn -0.5495 0.7612 0.3445
vn -0.5958 0.7236 -0.3484
vn -0.5436 0.7719 -0.3297
vn -0.2949 0.8609 -0.4145
vn 0.4649 0.8159 0.3438
vn 0.4419 0.8693 0.2216
vn 0.5682 0.7909 0.2271
vn 0.5874 0.7143 -0.3805
vn 0.4998 -0.1821 -0.8468
vn 0.4679 0.1884 -0.8635
vn 0.5924 0.7960 -0.1243
vn 0.1747 0.9799 -0.0960
vn -0.1406 0.8792 -0.4552
vn -0.1337 0.9909 0.0131
vn 0.3365 0.9194 0.2035
vn 0.5525 0.8335 -0.0003
vn 0.3733 -0.1586 -0.9140
vn 0.5325 0.7969 -0.2853
vn 0.1438 0.8611 -0.4877
vn -0.5215 0.8509 -0.0635
vn -0.6783 0.7300 -0.0836
vn -0.3487 0.9364 -0.0399
vn -0.6486 0.7319 -0.2089
vn -0.5010 0.8515 -0.1548
vn -0.5972 0.7341 -0.3233
vn -0.3109 0.9384 -0.1508
vn -0.4616 0.8537 -0.2411
vn -0.5236 0.7379 -0.4258
vn -0.2773 0.9400 -0.1987
vn -0.4063 0.8566 -0.3179
vn -0.4312 0.7428 -0.5122
vn -0.2330 0.9424 -0.2400
vn -0.3376 0.8603 -0.3819
vn -0.3244 0.7487 -0.5781
vn -0.1833 0.9452 -0.2702
vn -0.2584 0.8649 -0.4303
vn -0.2060 0.7549 -0.6226
vn -0.1279 0.9484 -0.2901
vn -0.1704 0.8699 -0.4628
vn -0.0841 0.7625 -0.6415
vn -0.0804 0.9509 -0.2988
vn -0.0827 0.8744 -0.4782
vn 0.0434 0.7712 -0.6351
vn -0.0129 0.9550 -0.2962
vn 0.0155 0.8802 -0.4744
vn 0.1620 0.7771 -0.6082
vn 0.0326 0.9577 -0.2860
vn 0.0985 0.8844 -0.4563
vn 0.2784 0.7847 -0.5539
vn 0.0964 0.9617 -0.2567
vn 0.1930 0.8902 -0.4126
vn 0.3781 0.7908 -0.4814
vn 0.1359 0.9642 -0.2276
vn 0.2606 0.8942 -0.3641
vn 0.4642 0.7960 -0.3885
vn 0.3315 0.8988 -0.2868
vn 0.5283 0.8005 -0.2830
vn 0.2078 0.9687 -0.1360
vn 0.3747 0.9016 -0.2162
vn 0.5720 0.8037 -0.1636
vn 0.2329 0.9701 -0.0678
vn 0.4109 0.9042 -0.1163
vn 0.5893 0.8067 -0.0446
vn 0.2393 0.9705 -0.0309
vn 0.4225 0.9055 -0.0400
vn 0.5864 0.8060 0.0807
vn 0.2367 0.9706 0.0437
vn 0.4182 0.9062 0.0625
vn 0.5604 0.8040 0.1991
vn 0.2306 0.9702 0.0742
vn 0.4023 0.9050 0.1387
vn 0.2018 0.9697 0.1379
vn 0.3601 0.9038 0.2313
vn 0.4363 0.7986 0.4145
vn 0.1800 0.9684 0.1724
vn 0.3195 0.8992 0.2990
vn 0.3556 0.7936 0.4937
vn 0.1391 0.9675 0.2114
vn 0.2490 0.8968 0.3658
vn 0.2414 0.7889 0.5651
vn 0.0839 0.9648 0.2494
vn 0.1712 0.8926 0.4171
vn 0.1264 0.7850 0.6064
vn 0.0318 0.9626 0.2689
vn 0.0779 0.8883 0.4527
vn -0.0052 0.7754 0.6315
vn -0.0527 0.9580 0.2818
vn -0.0284 0.8844 0.4659
vn -0.1339 0.7677 0.6266
vn -0.0993 0.9549 0.2800
vn -0.1221 0.8783 0.4623
vn -0.2606 0.7626 0.5921
vn -0.1709 0.9501 0.2611
vn -0.2182 0.8736 0.4351
vn -0.3686 0.7548 0.5426
vn -0.2127 0.9467 0.2418
vn -0.4713 0.7477 0.4678
vn -0.2599 0.9439 0.2037
vn -0.3720 0.8638 0.3398
vn -0.5568 0.7413 0.3747
vn -0.2946 0.9411 0.1662
vn -0.4300 0.8592 0.2772
vn -0.6196 0.7364 0.2717
vn -0.3217 0.9389 0.1221
vn -0.4800 0.8541 0.2001
vn -0.6588 0.7348 0.1611
vn -0.3411 0.9374 0.0703
vn -0.5108 0.8516 0.1181
vn -0.6821 0.7301 0.0407
vn -0.5246 0.8509 0.0283
vn -0.8456 -0.5210 -0.1164
vn -0.9783 -0.1568 -0.1355
vn -0.9640 0.2317 -0.1304
vn -0.8032 0.5861 -0.1068
vn -0.4166 -0.9072 -0.0584
vn -0.7288 -0.6774 -0.0999
vn -0.9295 -0.3462 -0.1271
vn -0.9901 0.0415 -0.1338
vn -0.9012 0.4162 -0.1209
vn -0.6625 0.7437 -0.0893
vn -0.2316 -0.9722 -0.0346
vn -0.8615 0.4173 -0.2893
vn -0.6354 0.7444 -0.2054
vn -0.2188 -0.9718 -0.0881
vn -0.5557 -0.8064 -0.2020
vn -0.9207 0.2336 -0.3126
vn -0.7687 0.5872 -0.2536
vn -0.3954 -0.9065 -0.1482
vn -0.6936 -0.6764 -0.2479
vn -0.8861 -0.3443 -0.3103
vn -0.9451 0.0392 -0.3245
vn -0.7899 0.4197 -0.4472
vn -0.5855 0.7469 -0.3152
vn -0.1943 -0.9707 -0.1416
vn -0.5039 -0.8041 -0.3156
vn -0.7336 -0.5165 -0.4415
vn -0.8522 -0.1525 -0.5006
vn -0.8427 0.2358 -0.4841
vn -0.7065 0.5892 -0.3921
vn -0.6305 -0.6732 -0.3863
vn -0.8077 -0.3414 -0.4807
vn -0.8636 0.0422 -0.5023
vn -0.6888 0.4249 -0.5873
vn -0.5140 0.7493 -0.4176
vn -0.1621 -0.9690 -0.1862
vn -0.4304 -0.8008 -0.4164
vn -0.6323 -0.5121 -0.5814
vn -0.7380 -0.1468 -0.6587
vn -0.7335 0.2408 -0.6357
vn -0.6163 0.5939 -0.5172
vn -0.3020 -0.9024 -0.3075
vn -0.5415 -0.6689 -0.5093
vn -0.6984 -0.3356 -0.6321
vn -0.7501 0.0482 -0.6595
vn -0.5621 0.4312 -0.7057
vn -0.1198 -0.9670 -0.2250
vn -0.3392 -0.7958 -0.5017
vn -0.5057 -0.5055 -0.6990
vn -0.5960 -0.1390 -0.7909
vn -0.5959 0.2481 -0.7638
vn -0.5056 0.5997 -0.6203
vn -0.2335 -0.8988 -0.3710
vn -0.4305 -0.6631 -0.6124
vn -0.5615 -0.3287 -0.7594
vn -0.6077 0.0553 -0.7922
vn -0.4139 0.4397 -0.7971
vn -0.3178 0.7606 -0.5661
vn -0.0695 -0.9641 -0.2564
vn -0.2323 -0.7903 -0.5670
vn -0.3589 -0.4983 -0.7892
vn -0.4305 -0.1301 -0.8932
vn -0.4359 0.2569 -0.8625
vn -0.3763 0.6069 -0.7001
vn -0.1547 -0.8943 -0.4199
vn -0.3016 -0.6559 -0.6920
vn -0.4026 -0.3202 -0.8575
vn -0.4415 0.0643 -0.8950
vn -0.2518 0.4491 -0.8573
vn -0.2043 0.7670 -0.6083
vn -0.0184 -0.9612 -0.2751
vn -0.1152 -0.7838 -0.6103
vn -0.1962 -0.4893 -0.8498
vn -0.2479 -0.1201 -0.9613
vn -0.2606 0.2681 -0.9275
vn -0.2329 0.6158 -0.7527
vn -0.0675 -0.8894 -0.4521
vn -0.1590 -0.6480 -0.7449
vn -0.2264 -0.3103 -0.9233
vn -0.2595 0.0757 -0.9628
vn -0.0798 0.4594 -0.8847
vn -0.0824 0.7735 -0.6284
vn 0.0398 -0.9578 -0.2848
vn 0.0077 -0.7765 -0.6301
vn -0.0244 -0.4786 -0.8777
vn -0.0568 -0.1088 -0.9924
vn -0.0746 0.2794 -0.9573
vn -0.0839 0.6242 -0.7768
vn 0.0238 -0.8841 -0.4667
vn -0.0091 -0.6399 -0.7684
vn -0.0391 -0.2997 -0.9532
vn -0.0665 0.0897 -0.9937
vn 0.0929 0.4707 -0.8774
vn 0.0391 0.7814 -0.6228
vn 0.0947 -0.9545 -0.2827
vn 0.1326 -0.7690 -0.6253
vn 0.1478 -0.4681 -0.8712
vn 0.1443 -0.0962 -0.9848
vn 0.1135 0.2905 -0.9501
vn 0.0681 0.6330 -0.7712
vn 0.1167 -0.8782 -0.4638
vn 0.1426 -0.6312 -0.7624
vn 0.1459 -0.2885 -0.9463
vn 0.1299 0.1015 -0.9863
vn 0.2613 0.4804 -0.8373
vn 0.1586 0.7888 -0.5938
vn 0.1549 -0.9508 -0.2684
vn 0.2528 -0.7619 -0.5963
vn 0.3160 -0.4573 -0.8313
vn 0.3313 -0.0844 -0.9397
vn 0.2166 0.6414 -0.7360
vn 0.2073 -0.8727 -0.4421
vn 0.2907 -0.6214 -0.7275
vn 0.3298 -0.2769 -0.9025
vn 0.3206 0.1097 -0.9409
vn 0.2692 0.7955 -0.5429
vn 0.2016 -0.9478 -0.2471
vn 0.3661 -0.7546 -0.5446
vn 0.4739 -0.4474 -0.7584
vn 0.5083 -0.0739 -0.8580
vn 0.4664 0.3114 -0.8280
vn 0.3551 0.6501 -0.6718
vn 0.2904 -0.8675 -0.4038
vn 0.4285 -0.6124 -0.6644
vn 0.5010 -0.2660 -0.8236
vn 0.4969 0.1214 -0.8593
vn 0.3683 0.8018 -0.4706
vn 0.2507 -0.9447 -0.2115
vn 0.4686 -0.7473 -0.4712
vn 0.6134 -0.4375 -0.6575
vn 0.6661 -0.0633 -0.7431
vn 0.6182 0.3211 -0.7174
vn 0.4763 0.6584 -0.5828
vn 0.3655 -0.8630 -0.3486
vn 0.5510 -0.6043 -0.5756
vn 0.6521 -0.2556 -0.7138
vn 0.6543 0.1314 -0.7447
vn 0.6753 0.5064 -0.5362
vn 0.4517 0.8070 -0.3804
vn 0.2885 -0.9421 -0.1707
vn 0.5519 -0.7421 -0.3804
vn 0.7309 -0.4293 -0.5306
vn 0.7978 -0.0543 -0.6005
vn 0.7450 0.3299 -0.5798
vn 0.5792 0.6657 -0.4704
vn 0.4288 -0.8588 -0.2805
vn 0.6545 -0.5974 -0.4633
vn 0.7794 -0.2464 -0.5760
vn 0.7862 0.1403 -0.6018
vn 0.7663 0.5127 -0.3873
vn 0.5147 0.8117 -0.2760
vn 0.3202 -0.9399 -0.1189
vn 0.6184 -0.7372 -0.2723
vn 0.8212 -0.4231 -0.3830
vn 0.8999 -0.0458 -0.4336
vn 0.8430 0.3368 -0.4194
vn 0.6582 0.6713 -0.3407
vn 0.4784 -0.8550 -0.2005
vn 0.7339 -0.5909 -0.3351
vn 0.8766 -0.2399 -0.4172
vn 0.8885 0.1474 -0.4345
vn 0.8250 0.5182 -0.2256
vn 0.5561 0.8152 -0.1620
vn 0.3382 -0.9384 -0.0702
vn 0.6613 -0.7336 -0.1567
vn 0.8815 -0.4176 -0.2206
vn 0.9672 -0.0401 -0.2507
vn 0.9074 0.3421 -0.2440
vn 0.7098 0.6757 -0.1990
vn 0.5107 -0.8521 -0.1142
vn 0.7862 -0.5872 -0.1924
vn 0.9421 -0.2344 -0.2399
vn 0.9554 0.1533 -0.2524
vn 0.8513 0.5217 -0.0558
vn 0.5744 0.8175 -0.0426
vn 0.6812 -0.7313 -0.0341
vn 0.9084 -0.4150 -0.0508
vn 0.9977 -0.0367 -0.0579
vn 0.9367 0.3452 -0.0589
vn 0.7331 0.6783 -0.0503
vn 0.8100 -0.5849 -0.0425
vn 0.9716 -0.2299 -0.0555
vn 0.9860 0.1557 -0.0598
vn 0.8450 0.5220 0.1161
vn 0.5679 0.8191 0.0813
vn 0.3448 -0.9375 0.0471
vn 0.6765 -0.7308 0.0913
vn 0.9020 -0.4141 0.1221
vn 0.9906 -0.0365 0.1320
vn 0.9294 0.3460 0.1282
vn 0.7273 0.6788 0.1012
vn 0.5211 -0.8506 0.0705
vn 0.8046 -0.5837 0.1090
vn 0.9648 -0.2282 0.1309
vn 0.9787 0.1564 0.1332
vn 0.5399 0.8183 0.1970
vn 0.3318 -0.9379 0.1017
vn 0.6475 -0.7319 0.2123
vn 0.8620 -0.4154 0.2904
vn 0.9459 -0.0384 0.3223
vn 0.8862 0.3465 0.3077
vn 0.6913 0.6789 0.2476
vn 0.4998 -0.8513 0.1596
vn 0.7695 -0.5851 0.2559
vn 0.9217 -0.2306 0.3119
vn 0.9337 0.1574 0.3215
vn 0.7337 0.5183 0.4394
vn 0.4917 0.8168 0.3018
vn 0.3090 -0.9390 0.1510
vn 0.5959 -0.7344 0.3250
vn 0.7907 -0.4182 0.4471
vn 0.8646 -0.0419 0.5008
vn 0.8082 0.3428 0.4788
vn 0.6290 0.6777 0.3810
vn 0.4613 -0.8531 0.2439
vn 0.7065 -0.5880 0.3937
vn 0.8435 -0.2345 0.4833
vn 0.8523 0.1540 0.4998
vn 0.6329 0.5125 0.5803
vn 0.4225 0.8116 0.4036
vn 0.2726 -0.9409 0.2009
vn 0.6888 -0.4240 0.5880
vn 0.7495 -0.0461 0.6604
vn 0.6977 0.3378 0.6317
vn 0.5412 0.6726 0.5046
vn 0.4061 -0.8564 0.3187
vn 0.6174 -0.5926 0.5173
vn 0.7339 -0.2395 0.6357
vn 0.7378 0.1484 0.6584
vn 0.5042 0.5075 0.6987
vn 0.2339 -0.9429 0.2373
vn 0.5618 -0.4313 0.7060
vn 0.6081 -0.0536 0.7921
vn 0.5618 0.3312 0.7581
vn 0.4341 0.6633 0.6095
vn 0.3379 -0.8601 0.3821
vn 0.5065 -0.5987 0.6205
vn 0.5968 0.1402 0.7900
vn 0.3597 0.5000 0.7878
vn 0.2280 0.8016 0.5526
vn 0.1853 -0.9457 0.2672
vn 0.3250 -0.7491 0.5773
vn 0.4137 -0.4386 0.7978
vn 0.4417 -0.0635 0.8949
vn 0.4038 0.3232 0.8558
vn 0.3023 0.6571 0.6905
vn 0.2594 -0.8644 0.4308
vn 0.3764 -0.6064 0.7004
vn 0.4359 -0.2559 0.8629
vn 0.4308 0.1305 0.8929
vn 0.1979 0.4920 0.8478
vn 0.1166 0.7958 0.5942
vn 0.1299 -0.9490 0.2874
vn 0.2071 -0.7561 0.6208
vn 0.2525 -0.4481 0.8576
vn 0.2571 -0.0748 0.9635
vn 0.2267 0.3097 0.9234
vn 0.1631 0.6484 0.7436
vn 0.1723 -0.8693 0.4632
vn 0.2343 -0.6142 0.7536
vn 0.2597 -0.2659 0.9283
vn 0.2454 0.1200 0.9620
vn 0.0271 0.4811 0.8762
vn -0.0045 0.7883 0.6153
vn 0.0751 -0.9522 0.2962
vn 0.0815 -0.4584 0.8850
vn 0.0625 -0.0852 0.9944
vn 0.0409 0.2983 0.9536
vn 0.0098 0.6408 0.7677
vn 0.0807 -0.8747 0.4779
vn 0.0839 -0.6231 0.7776
vn 0.0755 -0.2759 0.9582
vn 0.0537 0.1072 0.9928
vn -0.1463 0.4683 0.8714
vn -0.1325 0.7797 0.6119
vn 0.0154 -0.9557 0.2939
vn -0.0408 -0.7707 0.6359
vn -0.1268 -0.0966 0.9872
vn -0.1466 0.2872 0.9466
vn -0.1423 0.6318 0.7619
vn -0.0122 -0.8802 0.4745
vn -0.0680 -0.6318 0.7722
vn -0.1137 -0.2876 0.9510
vn -0.1384 0.0964 0.9857
vn -0.3155 0.4587 0.8307
vn -0.2509 0.7728 0.5829
vn -0.0359 -0.9588 0.2818
vn -0.1626 -0.7780 0.6069
vn -0.2612 -0.4792 0.8379
vn -0.3182 -0.1084 0.9418
vn -0.3286 0.2783 0.9025
vn -0.2900 0.6231 0.7263
vn -0.1017 -0.8856 0.4531
vn -0.2156 -0.6410 0.7367
vn -0.2948 -0.3001 0.9072
vn -0.3298 0.0846 0.9403
vn -0.4737 0.4492 0.7575
vn -0.0921 -0.9623 0.2560
vn -0.2763 -0.7850 0.5545
vn -0.4176 -0.4890 0.7658
vn -0.4962 -0.1202 0.8599
vn -0.5008 0.2665 0.8235
vn -0.4256 0.6149 0.6639
vn -0.1876 -0.8909 0.4137
vn -0.3536 -0.6498 0.6728
vn -0.4653 -0.3108 0.8288
vn -0.5093 0.0752 0.8573
vn -0.6113 0.4399 0.6579
vn -0.4595 0.7593 0.4608
vn -0.1355 -0.9650 0.2246
vn -0.5578 -0.4982 0.6638
vn -0.6543 -0.1307 0.7449
vn -0.6513 0.2566 0.7141
vn -0.5514 0.6047 0.5747
vn -0.2615 -0.8954 0.3603
vn -0.4769 -0.6573 0.5836
vn -0.6180 -0.3207 0.7178
vn -0.6653 0.0651 0.7437
vn -0.7313 0.4321 0.5277
vn -0.5438 0.7545 0.3673
vn -0.4613 -0.7970 0.3899
vn -0.6750 -0.5065 0.5366
vn -0.7862 -0.1393 0.6021
vn -0.7791 0.2479 0.5758
vn -0.6545 0.5984 0.4620
vn -0.3250 -0.8996 0.2916
vn -0.5788 -0.6640 0.4734
vn -0.7443 -0.3291 0.5811
vn -0.7978 0.0561 0.6003
vn -0.8196 0.4257 0.3834
vn -0.6060 0.7509 0.2625
vn -0.2039 -0.9695 0.1358
vn -0.5267 -0.8015 0.2833
vn -0.7653 -0.5129 0.3889
vn -0.8877 -0.1475 0.4362
vn -0.8758 0.2413 0.4179
vn -0.7324 0.5942 0.3325
vn -0.3728 -0.9030 0.2134
vn -0.6597 -0.6694 0.3416
vn -0.8430 -0.3360 0.4201
vn -0.8985 0.0489 0.4362
vn -0.8792 0.4215 0.2220
vn -0.6462 0.7475 0.1538
vn -0.2252 -0.9712 0.0780
vn -0.5700 -0.8044 0.1675
vn -0.8246 -0.5178 0.2278
vn -0.9553 -0.1523 0.2534
vn -0.7841 0.5894 0.1945
vn -0.4054 -0.9055 0.1254
vn -0.7113 -0.6734 0.2013
vn -0.9667 0.0421 0.2525
vn -0.9068 0.4184 0.0519
vn -0.6639 0.7467 0.0418
vn -0.2336 -0.9720 0.0255
vn -0.5894 -0.8067 0.0432
vn -0.8522 -0.5201 0.0563
vn -0.9858 -0.1558 0.0628
vn -0.9710 0.2324 0.0568
vn -0.8086 0.5866 0.0448
vn -0.4200 -0.9069 0.0344
vn -0.7353 -0.6758 0.0516
vn -0.9369 -0.3445 0.0602
vn -0.9974 0.0420 0.0591
vn -0.6302 0.7754 0.0393
vn -0.6123 0.7774 0.1440
vn -0.5720 0.7828 0.2450
vn -0.5164 0.7838 0.3450
vn -0.3413 0.7959 0.5000
vn -0.2410 0.8000 0.5494
vn -0.1294 0.8069 0.5764
vn -0.0082 0.8139 0.5809
vn 0.1072 0.8189 0.5638
vn 0.2093 0.8288 0.5189
vn 0.3065 0.8361 0.4550
vn 0.3902 0.8400 0.3770
vn 0.4560 0.8442 0.2818
vn 0.5044 0.8434 0.1852
vn 0.5310 0.8439 0.0765
vn 0.5368 0.8427 -0.0407
vn 0.5201 0.8402 -0.1536
vn 0.4812 0.8370 -0.2604
vn 0.4220 0.8324 -0.3592
vn 0.3436 0.8274 -0.4443
vn 0.2500 0.8213 -0.5128
vn 0.1458 0.8143 -0.5618
vn 0.0328 0.8080 -0.5882
vn -0.0819 0.8014 -0.5925
vn -0.1966 0.7952 -0.5735
vn -0.3035 0.7894 -0.5336
vn -0.4027 0.7838 -0.4727
vn -0.4877 0.7793 -0.3935
vn -0.5552 0.7769 -0.2970
vn -0.6028 0.7740 -0.1939
vn -0.6261 0.7751 -0.0844
vn -0.5267 0.8472 -0.0700
vn -0.6816 0.7265 -0.0874
vn -0.3516 0.9349 -0.0479
vn -0.6547 0.7269 -0.2073
vn -0.5060 0.8492 -0.1512
vn -0.6003 0.7303 -0.3261
vn -0.3135 0.9378 -0.1491
vn -0.4646 0.8514 -0.2436
vn -0.5261 0.7341 -0.4293
vn -0.2781 0.9398 -0.1984
vn -0.4120 0.8536 -0.3189
vn -0.4320 0.7408 -0.5144
vn -0.2320 0.9423 -0.2412
vn -0.3362 0.8574 -0.3897
vn -0.3259 0.7467 -0.5799
vn -0.1819 0.9451 -0.2716
vn -0.2609 0.8628 -0.4330
vn -0.2064 0.7537 -0.6239
vn -0.1223 0.9481 -0.2935
vn -0.1657 0.8679 -0.4683
vn -0.0856 0.7617 -0.6423
vn -0.0782 0.9509 -0.2995
vn -0.0855 0.8732 -0.4798
vn 0.0425 0.7685 -0.6385
vn -0.0160 0.9547 -0.2973
vn 0.0159 0.8793 -0.4759
vn 0.1589 0.7753 -0.6113
vn 0.0272 0.9567 -0.2898
vn 0.0956 0.8841 -0.4574
vn 0.2760 0.7830 -0.5575
vn 0.0794 0.9592 -0.2713
vn 0.1841 0.8901 -0.4170
vn 0.3776 0.7895 -0.4839
vn 0.1343 0.9638 -0.2303
vn 0.2583 0.8928 -0.3691
vn 0.4647 0.7957 -0.3884
vn 0.1899 0.9670 -0.1699
vn 0.3354 0.8978 -0.2854
vn 0.5300 0.8000 -0.2813
vn 0.2076 0.9693 -0.1314
vn 0.3755 0.9013 -0.2160
vn 0.5735 0.8032 -0.1611
vn 0.2284 0.9702 -0.0807
vn 0.4104 0.9039 -0.1204
vn 0.5877 0.8076 -0.0493
vn 0.2378 0.9711 -0.0203
vn 0.4212 0.9063 -0.0355
vn 0.5872 0.8057 0.0775
vn 0.2360 0.9715 0.0245
vn 0.4178 0.9070 0.0531
vn 0.5599 0.8045 0.1981
vn 0.2209 0.9715 0.0860
vn 0.3984 0.9062 0.1419
vn 0.5046 0.8038 0.3151
vn 0.1983 0.9712 0.1319
vn 0.3570 0.9049 0.2318
vn 0.4334 0.8006 0.4138
vn 0.1636 0.9693 0.1836
vn 0.3069 0.9019 0.3039
vn 0.3445 0.7945 0.5000
vn 0.1242 0.9676 0.2200
vn 0.2373 0.8988 0.3685
vn 0.2337 0.7888 0.5685
vn 0.0669 0.9643 0.2561
vn 0.1530 0.8948 0.4194
vn 0.1174 0.7828 0.6111
vn 0.0214 0.9618 0.2729
vn 0.0717 0.8904 0.4496
vn -0.0045 0.7733 0.6340
vn -0.0414 0.9582 0.2829
vn -0.0245 0.8849 0.4652
vn -0.1326 0.7652 0.6300
vn -0.0885 0.9555 0.2814
vn -0.1091 0.8800 0.4623
vn -0.2600 0.7583 0.5978
vn -0.1621 0.9507 0.2645
vn -0.2174 0.8728 0.4370
vn -0.3770 0.7498 0.5437
vn -0.2102 0.9470 0.2428
vn -0.2983 0.8668 0.3996
vn -0.4863 0.7413 0.4627
vn -0.2661 0.9429 0.2003
vn -0.3810 0.8592 0.3416
vn -0.5673 0.7392 0.3629
vn -0.3049 0.9392 0.1580
vn -0.4500 0.8526 0.2657
vn -0.6201 0.7345 0.2756
vn -0.3284 0.9374 0.1160
vn -0.4847 0.8506 0.2040
vn -0.6678 0.7282 0.1540
vn -0.3502 0.9350 0.0558
vn -0.5208 0.8472 0.1045
vn -0.6861 0.7267 0.0355
vn -0.3544 0.9349 0.0171
vn -0.5304 0.8472 0.0298
vn -0.8459 -0.5207 -0.1155
vn -0.9783 -0.1564 -0.1356
vn -0.9636 0.2338 -0.1294
vn -0.8021 0.5875 -0.1073
vn -0.4165 -0.9074 -0.0560
vn -0.7291 -0.6772 -0.0990
vn -0.9297 -0.3457 -0.1269
vn -0.9903 0.0454 -0.1313
vn -0.9004 0.4182 -0.1200
vn -0.6631 0.7432 -0.0888
vn -0.5843 -0.8076 -0.0800
vn -0.8612 0.4188 -0.2881
vn -0.6366 0.7435 -0.2050
vn -0.2183 -0.9719 -0.0877
vn -0.5557 -0.8068 -0.2007
vn -0.8057 -0.5198 -0.2841
vn -0.9333 -0.1556 -0.3238
vn -0.9202 0.2362 -0.3120
vn -0.7680 0.5885 -0.2529
vn -0.3951 -0.9066 -0.1482
vn -0.6941 -0.6760 -0.2475
vn -0.8861 -0.3444 -0.3102
vn -0.9448 0.0405 -0.3252
vn -0.7898 0.4206 -0.4464
vn -0.5863 0.7461 -0.3154
vn -0.1941 -0.9708 -0.1410
vn -0.5036 -0.8045 -0.3150
vn -0.7337 -0.5170 -0.4410
vn -0.8514 -0.1530 -0.5016
vn -0.8423 0.2366 -0.4842
vn -0.7066 0.5906 -0.3897
vn -0.3562 -0.9053 -0.2314
vn -0.6307 -0.6738 -0.3850
vn -0.8079 -0.3414 -0.4804
vn -0.8634 0.0439 -0.5027
vn -0.6888 0.4253 -0.5871
vn -0.5154 0.7489 -0.4167
vn -0.1619 -0.9692 -0.1857
vn -0.4303 -0.8009 -0.4163
vn -0.6324 -0.5117 -0.5815
vn -0.7382 -0.1463 -0.6585
vn -0.7332 0.2420 -0.6354
vn -0.6175 0.5932 -0.5166
vn -0.3020 -0.9023 -0.3075
vn -0.5420 -0.6694 -0.5082
vn -0.6988 -0.3355 -0.6318
vn -0.7502 0.0492 -0.6593
vn -0.5626 0.4322 -0.7047
vn -0.4254 0.7539 -0.5007
vn -0.1197 -0.9671 -0.2247
vn -0.3394 -0.7964 -0.5005
vn -0.5062 -0.5051 -0.6990
vn -0.5965 -0.1392 -0.7905
vn -0.5969 0.2491 -0.7626
vn -0.5067 0.5993 -0.6197
vn -0.2340 -0.8988 -0.3706
vn -0.4310 -0.6636 -0.6115
vn -0.5627 -0.3297 -0.7581
vn -0.6089 0.0551 -0.7913
vn -0.4157 0.4405 -0.7957
vn -0.2327 -0.7907 -0.5662
vn -0.3600 -0.4993 -0.7881
vn -0.4319 -0.1292 -0.8926
vn -0.4382 0.2581 -0.8610
vn -0.3782 0.6063 -0.6996
vn -0.1549 -0.8943 -0.4197
vn -0.3015 -0.6564 -0.6916
vn -0.4042 -0.3219 -0.8562
vn -0.4439 0.0638 -0.8938
vn -0.2534 0.4504 -0.8561
vn -0.2057 0.7660 -0.6090
vn -0.0183 -0.9613 -0.2749
vn -0.1151 -0.7842 -0.6098
vn -0.1971 -0.4905 -0.8489
vn -0.2507 -0.1181 -0.9608
vn -0.2620 0.2703 -0.9265
vn -0.2344 0.6154 -0.7526
vn -0.0677 -0.8894 -0.4520
vn -0.1596 -0.6485 -0.7443
vn -0.2617 0.0751 -0.9622
vn -0.0834 0.7729 -0.6290
vn 0.0410 -0.9578 -0.2845
vn -0.0247 -0.4795 -0.8772
vn -0.0623 -0.1091 -0.9921
vn -0.0754 0.2811 -0.9567
vn 0.0242 -0.8840 -0.4668
vn -0.0095 -0.6401 -0.7682
vn -0.0394 -0.3013 -0.9527
vn -0.0669 0.0950 -0.9932
vn 0.0919 0.4712 -0.8772
vn 0.0367 0.7804 -0.6242
vn 0.0955 -0.9544 -0.2828
vn 0.1330 -0.7690 -0.6252
vn 0.1475 -0.0974 -0.9843
vn 0.1125 0.2921 -0.9498
vn 0.0669 0.6331 -0.7712
vn 0.1170 -0.8784 -0.4635
vn 0.1427 -0.6314 -0.7622
vn 0.1459 -0.2905 -0.9457
vn 0.1296 0.1055 -0.9859
vn 0.2604 0.4802 -0.8376
vn 0.1563 0.7875 -0.5962
vn 0.2533 -0.7617 -0.5964
vn 0.3161 -0.4583 -0.8307
vn 0.2965 0.3021 -0.9060
vn 0.2142 0.6414 -0.7367
vn 0.2075 -0.8728 -0.4418
vn 0.2907 -0.6217 -0.7273
vn 0.3315 -0.2775 -0.9017
vn 0.3215 0.1114 -0.9403
vn 0.4170 0.4892 -0.7660
vn 0.2687 0.7945 -0.5446
vn 0.2022 -0.9477 -0.2468
vn 0.3670 -0.7542 -0.5445
vn 0.4740 -0.4480 -0.7580
vn 0.5091 -0.0740 -0.8575
vn 0.4657 0.3109 -0.8285
vn 0.3539 0.6494 -0.6730
vn 0.2914 -0.8674 -0.4034
vn 0.4288 -0.6122 -0.6643
vn 0.5020 -0.2664 -0.8228
vn 0.4963 0.1207 -0.8597
vn 0.5579 0.4978 -0.6640
vn 0.3668 0.8007 -0.4737
vn 0.2514 -0.9446 -0.2113
vn 0.4685 -0.7472 -0.4714
vn 0.6137 -0.4380 -0.6569
vn 0.6656 -0.0638 -0.7436
vn 0.4745 0.6580 -0.5847
vn 0.3659 -0.8630 -0.3485
vn 0.5512 -0.6043 -0.5753
vn 0.6513 -0.2553 -0.7146
vn 0.6542 0.1306 -0.7449
vn 0.6746 0.5057 -0.5377
vn 0.4508 0.8063 -0.3829
vn 0.2894 -0.9420 -0.1702
vn 0.5520 -0.7420 -0.3805
vn 0.7304 -0.4293 -0.5313
vn 0.7971 -0.0545 -0.6013
vn 0.7443 0.3286 -0.5814
vn 0.5796 0.6637 -0.4728
vn 0.4297 -0.8585 -0.2797
vn 0.6548 -0.5963 -0.4645
vn 0.7784 -0.2475 -0.5769
vn 0.7856 0.1391 -0.6029
vn 0.7653 0.5119 -0.3902
vn 0.5141 0.8114 -0.2781
vn 0.3208 -0.9397 -0.1189
vn 0.6182 -0.7373 -0.2723
vn 0.8205 -0.4236 -0.3840
vn 0.8993 -0.0473 -0.4349
vn 0.8428 0.3355 -0.4209
vn 0.6581 0.6693 -0.3448
vn 0.4789 -0.8547 -0.2003
vn 0.7340 -0.5907 -0.3352
vn 0.8761 -0.2402 -0.4179
vn 0.8879 0.1468 -0.4360
vn 0.8257 0.5161 -0.2278
vn 0.5568 0.8146 -0.1627
vn 0.3384 -0.9383 -0.0705
vn 0.6617 -0.7334 -0.1559
vn 0.8812 -0.4180 -0.2209
vn 0.9669 -0.0413 -0.2518
vn 0.9076 0.3400 -0.2464
vn 0.7109 0.6742 -0.2001
vn 0.5110 -0.8518 -0.1150
vn 0.7863 -0.5870 -0.1927
vn 0.9419 -0.2346 -0.2403
vn 0.9552 0.1515 -0.2542
vn 0.8524 0.5197 -0.0569
vn 0.5758 0.8165 -0.0431
vn 0.3482 -0.9374 -0.0086
vn 0.6814 -0.7311 -0.0345
vn 0.9085 -0.4148 -0.0510
vn 0.9976 -0.0383 -0.0580
vn 0.9373 0.3434 -0.0602
vn 0.7346 0.6765 -0.0514
vn 0.5255 -0.8505 -0.0236
vn 0.8101 -0.5847 -0.0430
vn 0.9716 -0.2301 -0.0561
vn 0.9863 0.1531 -0.0619
vn 0.8469 0.5192 0.1148
vn 0.5723 0.8164 0.0772
vn 0.3463 -0.9371 0.0430
vn 0.6768 -0.7306 0.0906
vn 0.9023 -0.4136 0.1215
vn 0.9908 -0.0362 0.1308
vn 0.9305 0.3437 0.1268
vn 0.7291 0.6771 0.0998
vn 0.5221 -0.8500 0.0703
vn 0.8049 -0.5834 0.1082
vn 0.9648 -0.2291 0.1291
vn 0.9793 0.1523 0.1333
vn 0.8073 0.5179 0.2830
vn 0.3319 -0.9377 0.1033
vn 0.6479 -0.7318 0.2116
vn 0.8629 -0.4146 0.2891
vn 0.8877 0.3420 0.3084
vn 0.6943 0.6765 0.2454
vn 0.5007 -0.8507 0.1598
vn 0.7700 -0.5847 0.2554
vn 0.9221 -0.2313 0.3101
vn 0.9348 0.1540 0.3201
vn 0.7348 0.5158 0.4404
vn 0.4933 0.8136 0.3078
vn 0.3096 -0.9388 0.1513
vn 0.5960 -0.7344 0.3248
vn 0.7912 -0.4182 0.4463
vn 0.8660 -0.0409 0.4985
vn 0.8105 0.3392 0.4776
vn 0.6312 0.6737 0.3843
vn 0.4618 -0.8527 0.2444
vn 0.7072 -0.5873 0.3937
vn 0.8439 -0.2348 0.4824
vn 0.8537 0.1514 0.4983
vn 0.6330 0.5109 0.5816
vn 0.4212 0.8100 0.4079
vn 0.2746 -0.9406 0.1997
vn 0.5222 -0.7384 0.4267
vn 0.6896 -0.4241 0.5870
vn 0.7507 -0.0479 0.6589
vn 0.6997 0.3343 0.6314
vn 0.5424 0.6693 0.5078
vn 0.4071 -0.8556 0.3197
vn 0.6183 -0.5927 0.5162
vn 0.7343 -0.2399 0.6351
vn 0.5062 0.5046 0.6994
vn 0.3318 0.8055 0.4910
vn 0.2326 -0.9428 0.2386
vn 0.4309 -0.7433 0.5117
vn 0.5618 -0.4304 0.7065
vn 0.6075 -0.0554 0.7924
vn 0.5619 0.3268 0.7599
vn 0.4316 0.6626 0.6122
vn 0.3395 -0.8593 0.3826
vn 0.5962 -0.2471 0.7638
vn 0.5958 0.1384 0.7911
vn 0.3582 0.4966 0.7906
vn 0.2263 0.7997 0.5561
vn 0.1858 -0.9455 0.2675
vn 0.3245 -0.7493 0.5773
vn 0.4133 -0.4374 0.7987
vn 0.4387 -0.0633 0.8964
vn 0.4005 0.3182 0.8593
vn 0.3009 0.6556 0.6926
vn 0.2597 -0.8642 0.4310
vn 0.3768 -0.6061 0.7005
vn 0.4349 -0.2561 0.8633
vn 0.4286 0.1293 0.8942
vn 0.1951 0.4868 0.8515
vn 0.1119 0.7932 0.5986
vn 0.1302 -0.9487 0.2880
vn 0.2082 -0.7556 0.6210
vn 0.2514 -0.4464 0.8588
vn 0.2546 -0.0734 0.9643
vn 0.2241 0.3073 0.9248
vn 0.1574 0.6479 0.7452
vn 0.1730 -0.8691 0.4635
vn 0.2338 -0.6140 0.7539
vn 0.2567 -0.2662 0.9291
vn -0.0101 0.7856 0.6186
vn 0.0766 -0.9519 0.2967
vn 0.0844 -0.7627 0.6412
vn 0.0814 -0.4570 0.8858
vn 0.0583 -0.0847 0.9947
vn 0.0398 0.2956 0.9545
vn 0.0078 0.6390 0.7692
vn 0.0817 -0.8744 0.4783
vn 0.0838 -0.6223 0.7783
vn 0.0751 -0.2744 0.9587
vn 0.0524 0.1014 0.9935
vn -0.1502 0.4679 0.8709
vn -0.1342 0.7784 0.6133
vn 0.0156 -0.9555 0.2945
vn -0.0400 -0.7704 0.6363
vn -0.1222 -0.0962 0.9878
vn -0.1482 0.2846 0.9471
vn -0.0116 -0.8800 0.4748
vn -0.0676 -0.6308 0.7730
vn -0.1139 -0.2854 0.9516
vn -0.1402 0.0906 0.9860
vn -0.3188 0.4592 0.8292
vn -0.2557 0.7714 0.5827
vn -0.0356 -0.9587 0.2822
vn -0.1624 -0.7775 0.6076
vn -0.2607 -0.4777 0.8390
vn -0.3168 -0.1094 0.9422
vn -0.3307 0.2747 0.9029
vn -0.2950 0.6203 0.7268
vn -0.1011 -0.8855 0.4535
vn -0.2149 -0.6402 0.7375
vn -0.2945 -0.2978 0.9081
vn -0.3290 0.0854 0.9405
vn -0.4751 0.4485 0.7570
vn -0.3674 0.7638 0.5307
vn -0.2754 -0.7846 0.5554
vn -0.4165 -0.4870 0.7677
vn -0.4960 -0.1193 0.8601
vn -0.5025 0.2682 0.8219
vn -0.4309 0.6124 0.6628
vn -0.1866 -0.8907 0.4145
vn -0.3523 -0.6493 0.6739
vn -0.4648 -0.3089 0.8298
vn -0.5087 0.0743 0.8577
vn -0.6146 0.4393 0.6553
vn -0.4655 0.7593 0.4548
vn -0.1351 -0.9650 0.2249
vn -0.3769 -0.7912 0.4816
vn -0.5571 -0.4983 0.6644
vn -0.6546 -0.1292 0.7449
vn -0.6532 0.2592 0.7114
vn -0.5551 0.6078 0.5679
vn -0.2629 -0.8951 0.3602
vn -0.4773 -0.6570 0.5836
vn -0.6181 -0.3184 0.7188
vn -0.6669 0.0652 0.7423
vn -0.7319 0.4305 0.5283
vn -0.5457 0.7532 0.3672
vn -0.1749 -0.9676 0.1823
vn -0.4614 -0.7965 0.3908
vn -0.6761 -0.5048 0.5367
vn -0.7865 -0.1381 0.6019
vn -0.7784 0.2505 0.5757
vn -0.6539 0.6006 0.4600
vn -0.3247 -0.8992 0.2934
vn -0.7453 -0.3274 0.5809
vn -0.8210 0.4256 0.3805
vn -0.6085 0.7501 0.2591
vn -0.2032 -0.9695 0.1369
vn -0.5262 -0.8010 0.2854
vn -0.7661 -0.5110 0.3898
vn -0.8881 -0.1452 0.4361
vn -0.8761 0.2425 0.4167
vn -0.7327 0.5969 0.3269
vn -0.3724 -0.9028 0.2151
vn -0.6588 -0.6692 0.3437
vn -0.8435 -0.3341 0.4205
vn -0.8985 0.0486 0.4362
vn -0.8793 0.4226 0.2196
vn -0.6493 0.7459 0.1486
vn -0.8248 -0.5167 0.2295
vn -0.9553 -0.1512 0.2541
vn -0.9409 0.2388 0.2400
vn -0.7831 0.5913 0.1929
vn -0.4050 -0.9054 0.1274
vn -0.9076 -0.3396 0.2469
vn -0.9669 0.0445 0.2512
vn -0.9063 0.4196 0.0508
vn -0.6638 0.7468 0.0405
vn -0.2338 -0.9720 0.0235
vn -0.5891 -0.8069 0.0439
vn -0.8525 -0.5196 0.0575
vn -0.9860 -0.1536 0.0646
vn -0.9705 0.2344 0.0571
vn -0.8075 0.5883 0.0435
vn -0.4198 -0.9070 0.0338
vn -0.7355 -0.6755 0.0527
vn -0.9372 -0.3433 0.0618
vn -0.9972 0.0453 0.0590
vn -0.6324 0.7737 0.0384
vn -0.6174 0.7742 0.1396
vn -0.5764 0.7803 0.2426
vn -0.5199 0.7808 0.3465
vn -0.4442 0.7864 0.4293
vn -0.3519 0.7900 0.5021
vn -0.2469 0.7955 0.5533
vn -0.1313 0.8049 0.5787
vn -0.0137 0.8119 0.5836
vn 0.1016 0.8186 0.5653
vn 0.2094 0.8253 0.5245
vn 0.3089 0.8307 0.4632
vn 0.3936 0.8348 0.3849
vn 0.4605 0.8391 0.2895
vn 0.5076 0.8418 0.1837
vn 0.5340 0.8424 0.0720
vn 0.5384 0.8417 -0.0411
vn 0.5199 0.8403 -0.1535
vn 0.4817 0.8358 -0.2633
vn 0.3421 0.8263 -0.4474
vn 0.2500 0.8194 -0.5159
vn 0.1435 0.8137 -0.5633
vn 0.0302 0.8068 -0.5900
vn -0.0830 0.7999 -0.5944
vn -0.1982 0.7938 -0.5750
vn -0.3077 0.7868 -0.5350
vn -0.4060 0.7818 -0.4732
vn -0.4908 0.7772 -0.3938
vn -0.5592 0.7733 -0.2990
vn -0.6288 0.7731 -0.0840
s 1
f 4//1 2//1 1//1
f 8//2 6//2 5//2
f 13//3 15//3 14//3
f 17//4 19//4 18//4
f 32//5 30//5 29//5
f 36//6 34//6 33//6
f 37//7 39//7 38//7
f 21//8 23//8 20//8
f 25//9 27//9 24//9
f 41//10 43//10 42//10
f 48//11 46//11 45//11
f 52//12 50//12 49//12
f 53//13 55//14 54//15
f 60//16 58//17 57//18
f 29//19 62//19 61//19
f 66//20 64//20 63//20
f 67//21 6//21 68//21
f 72//22 70//22 69//22
f 76//23 74//23 73//23
f 77//24 79//24 78//24
f 81//25 83//25 82//25
f 59//26 86//26 85//26
f 88//27 90//27 89//27
f 96//28 94//28 93//28
f 100//29 98//29 97//29
f 101//30 103//30 102//30
f 106//31 34//31 87//31
f 108//32 115//33 107//34
f 117//35 36//35 118//35
f 124//36 126//36 125//36
f 131//37 129//38 128//39
f 132//40 134//40 133//40
f 142//41 140//41 139//41
f 148//42 60//42 147//42
f 144//43 127//43 124//43
f 149//44 151//44 150//44
f 156//45 154//45 153//45
f 159//46 158//46 157//46
f 116//47 164//47 105//47
f 171//48 169//48 168//48
f 174//49 173//49 172//49
f 179//50 181//50 180//50
f 186//51 188//51 187//51
f 194//52 196//52 195//52
f 199//53 139//53 198//53
f 206//54 208//54 207//54
f 213//55 211//55 210//55
f 202//56 214//56 201//56
f 96//57 216//58 54//59
f 92//60 43//60 44//60
f 97//61 246//61 100//61
f 250//62 229//62 228//62
f 252//63 58//63 253//63
f 258//64 256//64 255//64
f 260//65 229//65 259//65
f 110//66 112//66 113//66
f 114//67 263//67 109//67
f 265//68 267//69 266//70
f 56//71 270//71 269//71
f 274//72 249//72 250//72
f 185//73 63//73 64//73
f 280//74 278//74 276//74
f 285//75 283//75 157//75
f 288//76 211//76 212//76
f 141//77 92//77 46//77
f 289//78 175//78 176//78
f 148//79 105//79 106//79
f 312//80 170//80 171//80
f 238//81 42//81 43//81
f 318//82 160//82 317//82
f 310//83 308//83 307//83
f 241//84 325//84 324//84
f 160//85 240//86 317//87
f 47//88 307//88 308//88
f 108//89 315//89 164//89
f 345//90 86//90 119//90
f 348//91 350//92 349//93
f 356//94 358//94 357//94
f 355//95 353//95 352//95
f 363//96 32//96 362//96
f 149//97 150//98 176//99
f 364//100 253//100 365//100
f 366//101 368//101 367//101
f 183//102 371//102 63//102
f 163//103 161//103 160//103
f 209//104 101//104 208//104
f 378//105 165//105 166//105
f 379//106 381//106 380//106
f 383//107 3//107 4//107
f 284//108 386//108 385//108
f 387//109 389//109 388//109
f 391//110 229//110 249//110
f 73//111 397//111 396//111
f 405//112 407//112 406//112
f 203//113 411//113 410//113
f 414//114 413//114 412//114
f 1//115 357//115 4//115
f 277//116 131//116 275//116
f 254//117 57//117 58//117
f 358//118 415//118 351//118
f 417//119 386//119 408//119
f 401//120 192//121 420//122
f 419//123 127//124 143//125
f 421//126 182//126 422//126
f 103//127 302//127 409//127
f 428//128 368//128 174//128
f 380//129 359//129 356//129
f 62//130 266//130 323//130
f 140//131 431//131 430//131
f 357//132 351//132 348//132
f 356//133 379//133 380//133
f 415//134 403//134 434//134
f 437//135 436//135 435//135
f 438//136 440//136 439//136
f 188//137 450//137 449//137
f 452//138 454//138 453//138
f 265//139 181//140 421//141
f 224//142 64//142 225//142
f 237//143 213//143 427//143
f 275//144 128//144 458//144
f 281//145 460//145 459//145
f 50//146 79//146 461//146
f 73//147 282//147 281//147
f 468//148 466//148 465//148
f 390//149 352//149 359//149
f 482//150 484//150 483//150
f 489//151 487//151 486//151
f 493//152 495//152 494//152
f 472//153 470//153 469//153
f 502//154 500//154 499//154
f 220//155 222//155 223//155
f 512//156 143//156 66//156
f 518//157 511//157 80//157
f 513//158 230//158 286//158
f 205//159 31//159 244//159
f 189//160 451//160 188//160
f 163//161 532//161 8//161
f 533//162 225//162 251//162
f 446//163 447//163 412//163
f 335//164 540//164 334//164
f 544//165 546//165 545//165
f 329//166 291//166 292//166
f 199//167 262//167 238//167
f 385//168 416//168 550//168
f 532//169 191//169 247//169
f 363//170 118//170 243//170
f 236//171 237//171 250//171
f 578//172 580//172 579//172
f 573//173 571//173 570//173
f 561//174 562//174 272//174
f 241//175 259//175 240//175
f 590//176 592//176 591//176
f 545//177 595//177 594//177
f 503//178 155//178 504//178
f 606//179 624//179 623//179
f 478//180 480//180 479//180
f 646//181 648//181 647//181
f 590//182 689//182 684//182
f 564//183 651//183 650//183
f 728//184 184//184 727//184
f 714//185 716//185 715//185
f 692//186 575//186 693//186
f 541//187 581//187 578//187
f 346//188 248//188 400//188
f 161//189 230//189 160//189
f 128//190 94//191 95//192
f 698//193 704//193 703//193
f 574//194 576//195 575//196
f 290//197 401//197 328//197
f 630//198 725//198 726//198
f 733//199 735//199 734//199
f 755//200 496//200 493//200
f 759//201 481//201 760//201
f 757//202 762//202 761//202
f 764//203 466//203 467//203
f 768//204 3808//205 3809//206
f 759//207 488//207 489//207
f 492//208 475//208 771//208
f 474//209 769//209 473//209
f 773//210 465//210 772//210
f 771//211 486//211 483//211
f 484//212 775//212 491//212
f 774//213 489//213 486//213
f 495//214 764//214 756//214
f 495//215 761//215 494//215
f 137//216 784//216 136//216
f 325//217 797//217 547//217
f 165//218 51//218 52//218
f 369//219 29//219 370//219
f 730//220 568//220 569//220
f 90//221 301//221 89//221
f 243//222 516//222 242//222
f 800//223 806//223 805//223
f 817//224 808//224 816//224
f 816//225 823//225 822//225
f 306//226 447//226 807//226
f 815//227 809//227 808//227
f 829//228 828//229 825//230
f 726//231 501//231 502//231
f 274//232 424//232 423//232
f 879//233 881//233 880//233
f 884//234 879//234 885//234
f 219//235 217//235 211//235
f 906//236 904//236 897//236
f 455//237 205//237 542//237
f 898//238 830//239 829//240
f 903//241 880//241 881//241
f 906//242 897//242 898//242
f 377//243 519//243 165//243
f 923//244 948//245 946//246
f 946//247 951//247 950//247
f 3519//248 739//248 3517//248
f 900//249 886//249 880//249
f 225//250 65//250 144//250
f 182//251 442//251 422//251
f 809//252 947//252 824//252
f 954//253 962//253 961//253
f 927//254 965//255 966//256
f 885//257 880//258 886//259
f 925//260 966//256 967//261
f 343//262 341//262 340//262
f 965//263 971//264 968//265
f 968//266 970//266 969//266
f 972//267 969//267 973//268
f 963//269 981//269 978//269
f 336//270 338//270 339//270
f 992//271 827//272 828//273
f 810//274 996//274 959//274
f 1007//275 1002//276 1008//277
f 1012//278 827//279 1009//280
f 1011//281 1007//282 1008//283
f 294//284 292//284 291//284
f 907//285 920//285 919//285
f 1017//286 1019//286 1018//286
f 1020//287 1022//287 1021//287
f 1035//288 1020//288 1044//288
f 1061//289 1047//289 1046//289
f 1063//290 1046//290 1062//290
f 1044//291 1021//291 1045//291
f 1102//292 1097//292 1109//292
f 1116//293 1118//293 1117//293
f 1016//294 1014//294 1013//294
f 881//295 904//295 903//295
f 816//296 1127//296 817//296
f 1094//297 949//297 1097//297
f 514//298 167//298 515//298
f 146//299 81//299 82//299
f 1133//300 1130//300 1129//300
f 1102//301 1126//302 822//303
f 822//304 1116//305 816//306
f 1145//307 1148//307 1136//307
f 1076//308 1151//308 1069//308
f 1148//309 1086//310 1087//311
f 1109//312 1114//312 1136//312
f 1154//313 1156//313 1155//313
f 1153//314 967//314 1156//314
f 3464//315 463//315 3714//315
f 1144//316 1152//316 1151//316
f 1156//317 1163//317 1162//317
f 1164//318 1169//319 1165//320
f 1145//321 1176//321 1147//321
f 1114//322 1154//322 1171//322
f 1183//323 1164//323 1177//323
f 1184//324 1177//324 1185//324
f 1069//325 1062//325 1064//325
f 1023//326 1194//326 1022//326
f 1162//327 1170//327 1169//327
f 1195//328 1185//329 1191//330
f 1183//331 1176//332 1155//333
f 1201//334 1152//334 1196//334
f 1061//335 1201//336 1202//337
f 3825//338 843//338 3836//338
f 1203//339 1195//339 1034//339
f 1202//340 1184//340 1195//340
f 1218//341 1203//341 1217//341
f 1060//342 1202//342 1203//342
f 1225//343 1217//343 1219//343
f 671//344 694//345 670//346
f 1219//347 1024//347 1035//347
f 1217//348 1034//348 1024//348
f 1226//349 1015//349 1227//349
f 1243//350 1234//350 1233//350
f 1231//351 1229//351 1228//351
f 847//352 1233//352 843//352
f 843//353 1244//353 878//353
f 1233//354 1245//354 1244//354
f 1923//355 233//355 216//355
f 2100//356 499//356 500//356
f 3914//357 2135//357 3900//357
f 61//358 323//358 505//358
f 210//359 217//359 457//359
f 1299//360 1309//361 1300//360
f 3863//362 1231//362 3862//362
f 1066//363 1321//363 1322//363
f 1322//364 1228//365 1229//366
f 1060//367 1321//367 1047//367
f 1325//368 1323//369 1310//370
f 1244//371 1332//371 1330//371
f 1290//372 1242//372 1288//372
f 1337//373 1339//373 1338//373
f 1330//374 1340//375 1339//376
f 1341//377 1245//377 1294//377
f 1342//378 1332//378 1341//378
f 1343//379 1341//379 1344//379
f 1344//380 1294//380 1293//380
f 3857//381 1345//381 1346//381
f 1347//382 1342//382 1343//382
f 3856//383 1295//384 1345//385
f 1349//386 1348//386 1347//386
f 3861//387 1347//387 3853//387
f 3853//388 1343//388 3857//388
f 906//389 829//389 1353//389
f 905//390 1353//390 1354//390
f 865//391 1355//391 1357//391
f 1355//392 829//392 825//392
f 1357//393 825//393 826//393
f 1356//394 1353//394 1355//394
f 3834//395 1338//395 3833//395
f 866//396 1356//396 865//396
f 1358//397 1354//397 1356//397
f 3828//398 1337//399 3834//400
f 838//401 1012//401 841//401
f 1363//402 1338//402 1339//402
f 1368//403 1339//403 1340//403
f 1348//404 1340//405 1342//406
f 1371//407 3824//408 3829//409
f 524//410 526//410 523//410
f 528//411 530//411 527//411
f 1372//412 1369//412 1371//412
f 535//413 537//414 538//415
f 1367//416 1348//417 1350//418
f 1370//419 1359//420 1369//421
f 1369//422 3833//422 3824//422
f 1373//423 903//423 904//423
f 555//424 557//424 558//424
f 1374//425 910//425 1373//425
f 1373//426 905//426 1375//426
f 1374//427 1375//427 1376//427
f 1375//428 1354//428 1370//428
f 1378//429 908//429 1377//429
f 376//430 651//430 1387//430
f 1388//431 973//431 969//431
f 586//432 588//432 585//432
f 1390//433 1388//434 1391//435
f 1391//436 969//436 970//436
f 597//437 599//437 596//437
f 600//438 602//438 603//438
f 1392//439 970//439 979//439
f 608//440 610//440 607//440
f 612//441 523//441 611//441
f 614//442 616//442 613//442
f 617//443 25//443 24//443
f 620//444 622//445 619//446
f 1397//447 1391//447 1392//447
f 1398//448 1392//448 1399//448
f 1400//449 920//449 1378//449
f 1402//450 1165//450 1169//450
f 636//451 638//451 635//451
f 930//452 1402//452 929//452
f 641//453 643//453 644//453
f 929//454 1169//454 1170//454
f 1404//455 1403//455 1402//455
f 1411//456 1365//456 1406//456
f 1412//457 1415//457 1414//457
f 652//458 654//458 655//458
f 609//459 657//459 658//459
f 659//460 661//460 662//460
f 558//461 586//461 585//461
f 665//462 667//462 664//462
f 1413//463 1406//463 1412//463
f 1418//464 3810//464 3813//464
f 1417//465 1371//465 1416//465
f 1416//466 3829//466 3810//466
f 1419//467 1416//467 1418//467
f 1386//468 1374//468 1420//468
f 677//469 679//469 676//469
f 1385//470 1420//470 1421//470
f 1420//471 1376//471 1422//471
f 685//472 687//472 688//472
f 1421//473 1422//473 1423//473
f 528//474 691//474 658//474
f 1422//475 1372//475 1417//475
f 1018//476 747//476 1425//476
f 699//477 701//477 702//477
f 1424//478 579//478 1017//478
f 3663//479 1767//480 3660//481
f 700//482 711//482 712//482
f 1093//483 3754//483 1571//483
f 717//484 530//484 719//484
f 721//485 723//485 720//485
f 704//486 3543//486 3554//486
f 19//487 1426//487 1430//487
f 1429//488 1427//488 1426//488
f 1658//489 3542//489 3544//489
f 1439//490 1434//490 1438//490
f 1437//491 1435//491 1434//491
f 1426//492 1433//492 1432//492
f 1442//493 1432//494 1440//495
f 742//496 744//496 745//496
f 1432//497 1441//497 1440//497
f 751//498 753//498 750//498
f 1438//499 1403//499 1405//499
f 1446//500 1444//500 1443//501
f 1447//502 1446//502 1443//502
f 3860//503 1443//503 3848//503
f 1415//504 1445//504 1446//504
f 1414//505 1446//505 1448//505
f 2173//506 469//506 470//506
f 777//507 779//507 686//507
f 780//508 782//508 783//508
f 1676//509 1806//509 1675//509
f 3859//510 1349//510 3861//510
f 789//511 791//511 788//511
f 745//512 793//512 742//512
f 652//513 795//513 653//513
f 1455//514 1457//514 1456//514
f 1454//515 1350//515 1452//515
f 610//516 802//516 801//516
f 3831//517 698//517 703//517
f 1352//518 1045//518 1351//518
f 1015//519 1459//519 1460//519
f 811//520 813//520 814//520
f 2118//521 3817//521 2117//521
f 819//522 821//522 818//522
f 1466//523 1194//523 1190//523
f 1467//524 1465//524 1466//524
f 1182//525 1468//525 1467//525
f 832//526 833//526 831//526
f 835//527 837//527 834//527
f 1467//528 1190//528 1182//528
f 1469//529 1444//529 1445//529
f 840//530 712//530 690//530
f 1453//531 1469//532 1454//533
f 599//534 845//534 846//534
f 1226//535 3849//535 3855//535
f 851//536 853//536 850//536
f 855//537 856//537 854//537
f 858//538 860//538 857//538
f 861//539 863//539 864//539
f 1014//540 3855//540 3858//540
f 867//541 868//541 869//541
f 870//542 872//542 873//542
f 874//543 876//543 877//543
f 1310//544 1471//544 1309//544
f 1476//545 1427//546 1475//547
f 1461//548 1475//548 1460//548
f 887//549 889//549 890//549
f 788//550 892//550 891//550
f 894//551 896//551 893//551
f 1460//552 1227//552 1015//552
f 901//553 524//554 612//555
f 1465//556 1477//556 1464//556
f 1865//557 3500//557 1864//557
f 911//558 913//558 914//558
f 916//559 918//559 915//559
f 1850//560 3507//560 1851//560
f 921//561 895//561 894//561
f 1479//562 1436//563 1478//564
f 926//565 667//565 601//565
f 1481//566 563//566 1480//566
f 269//567 84//567 1482//567
f 931//568 933//568 916//568
f 934//569 614//569 869//569
f 936//570 688//570 937//570
f 938//571 662//572 939//573
f 1484//574 122//574 123//574
f 941//575 835//575 834//575
f 320//576 509//576 510//576
f 1849//577 3505//577 1850//577
f 84//578 1484//578 83//578
f 1487//579 1488//579 539//579
f 1757//580 3502//580 3509//580
f 365//581 1491//582 364//583
f 461//584 80//584 511//584
f 117//585 362//586 1496//587
f 1494//588 541//589 1495//590
f 926//591 957//592 958//593
f 1477//594 1433//594 1476//594
f 1709//595 1585//595 1700//595
f 119//596 1496//596 345//596
f 271//597 504//597 156//597
f 511//598 189//598 186//598
f 345//599 1492//599 365//599
f 255//600 344//601 254//602
f 57//603 299//603 132//603
f 1501//604 268//604 1500//604
f 267//605 1499//605 145//605
f 974//606 976//606 977//606
f 1678//607 1693//607 1676//607
f 3846//608 1807//608 3840//608
f 557//609 663//609 558//609
f 983//610 984//610 985//610
f 1443//611 3849//611 3848//611
f 421//612 268//612 265//612
f 989//613 991//614 988//615
f 1490//616 418//616 1504//616
f 279//617 309//617 310//617
f 997//618 676//619 679//620
f 998//621 999//621 875//621
f 1504//622 38//622 1505//622
f 1506//623 1507//623 1486//623
f 360//624 1508//624 1506//624
f 1506//625 207//625 360//625
f 939//573 1006//626 938//571
f 270//627 1483//627 269//627
f 66//628 546//628 512//628
f 1010//629 793//629 935//629
f 367//630 437//630 1509//630
f 244//631 363//631 243//631
f 1670//632 3534//632 1669//632
f 209//633 1510//633 226//633
f 235//634 1512//634 1511//634
f 1511//635 234//635 235//635
f 388//636 426//636 425//636
f 427//637 250//637 237//637
f 161//638 521//638 231//638
f 100//639 45//639 44//639
f 1025//640 608//640 1027//640
f 1029//641 1031//641 1028//641
f 939//642 1033//642 1032//642
f 41//643 594//643 99//643
f 1036//644 783//644 1037//644
f 702//645 1038//645 1039//645
f 1040//646 1042//646 1043//646
f 362//647 369//647 1493//647
f 187//648 477//649 186//650
f 70//651 539//651 198//651
f 1511//652 1521//652 234//652
f 1049//653 603//653 1048//653
f 613//654 869//654 614//654
f 860//655 1051//655 857//655
f 1005//656 1053//656 1006//656
f 753//657 1056//657 1054//657
f 1057//658 1059//658 1055//658
f 293//659 1522//659 292//659
f 288//660 1521//661 1522//662
f 292//663 1523//663 329//663
f 331//664 1508//664 1524//664
f 306//665 453//665 305//665
f 100//666 41//666 99//666
f 462//667 78//667 79//667
f 330//668 1524//668 462//668
f 635//669 1068//669 636//669
f 1485//670 1526//670 1528//670
f 206//671 1528//671 1510//671
f 1070//672 1072//672 831//672
f 942//673 1073//673 1074//673
f 916//674 1075//674 917//674
f 440//675 1530//675 439//675
f 157//676 1514//676 285//676
f 1529//677 5//677 1530//677
f 371//678 546//678 63//678
f 790//679 663//679 791//679
f 1077//680 857//680 1078//680
f 1403//681 1435//681 1165//681
f 1080//682 1082//682 1079//682
f 531//683 1529//683 440//683
f 21//684 1084//684 1085//684
f 272//685 1531//685 561//685
f 137//686 396//686 397//686
f 690//687 802//687 691//687
f 335//688 3567//688 581//688
f 1090//689 1029//689 1091//689
f 1092//690 794//690 1042//690
f 1533//691 137//692 138//693
f 661//694 1095//694 1096//694
f 69//695 445//695 72//695
f 1099//696 1101//697 1098//698
f 38//699 1536//699 1505//699
f 1104//700 1106//700 1103//700
f 852//701 1108//701 853//701
f 1377//702 909//702 1386//702
f 291//703 411//703 294//703
f 316//704 516//704 33//704
f 539//705 1533//706 534//707
f 1505//708 316//708 313//708
f 1110//709 1112//709 1113//709
f 1539//710 460//710 264//710
f 522//711 1537//711 1539//711
f 834//712 1120//712 1119//712
f 1122//713 1124//714 1121//715
f 612//716 1041//716 901//716
f 935//717 615//717 614//717
f 276//718 130//718 131//718
f 1686//719 3522//719 1685//719
f 193//720 1541//720 273//720
f 231//721 1540//721 287//721
f 556//722 982//722 557//722
f 365//723 85//723 345//723
f 190//724 318//724 1541//724
f 1810//725 3574//725 3528//725
f 3924//726 3512//727 3791//728
f 1132//729 985//729 1131//729
f 208//730 102//730 132//730
f 1134//731 662//732 661//733
f 1491//734 80//734 77//734
f 429//735 1542//735 147//735
f 1137//736 915//736 918//736
f 172//737 428//737 174//737
f 1139//738 1141//738 1142//738
f 549//739 54//739 55//739
f 1517//740 1518//740 296//740
f 976//741 1146//741 938//741
f 834//742 984//742 941//742
f 1543//743 286//743 115//743
f 1544//744 239//744 513//744
f 133//745 1544//746 1542//747
f 506//748 257//748 258//748
f 420//749 328//749 401//749
f 1158//750 1160//750 1157//750
f 587//751 1103//751 588//751
f 1513//752 1514//753 151//754
f 607//755 1027//755 608//755
f 304//756 1545//756 303//756
f 364//757 77//757 506//757
f 69//758 198//758 139//758
f 1006//759 976//759 938//759
f 700//760 1112//760 701//760
f 3877//761 3525//761 3787//761
f 1166//762 657//763 656//764
f 1167//765 858//765 1077//765
f 1300//766 3524//767 1299//768
f 1172//769 1174//770 1175//771
f 218//772 200//772 217//772
f 1179//773 1181//773 1178//773
f 372//774 97//774 98//774
f 89//775 227//775 88//775
f 1186//776 1188//776 1189//776
f 172//777 1517//777 1549//777
f 1482//778 81//778 1498//778
f 1090//779 1193//779 1030//779
f 394//780 353//780 1551//780
f 526//781 1198//781 1197//781
f 811//782 858//782 812//782
f 1199//783 1026//783 1025//783
f 606//784 697//784 696//784
f 1204//785 1206//785 743//785
f 1207//786 523//787 526//788
f 1209//789 867//789 613//789
f 914//790 685//790 936//790
f 1478//791 1441//792 1477//793
f 1029//794 1161//794 1091//794
f 1211//795 1213//795 1214//795
f 3858//796 1451//796 3859//796
f 844//797 1216//797 845//797
f 423//798 273//798 274//798
f 1220//799 1222//799 1083//799
f 22//800 1224//800 23//800
f 882//801 897//801 881//801
f 1519//802 173//802 387//802
f 1189//803 1232//803 1178//803
f 349//804 550//804 416//804
f 1071//805 1236//805 1072//805
f 1237//806 1239//806 745//806
f 1221//807 1189//807 1240//807
f 1510//808 1512//808 333//808
f 939//809 1241//809 1005//809
f 1556//810 5//810 67//810
f 1553//811 394//811 1551//811
f 404//812 67//812 347//812
f 1247//813 1249//813 1246//813
f 142//814 238//814 92//814
f 1251//815 635//815 1250//815
f 850//816 1253//816 851//816
f 1254//817 1077//817 1255//817
f 57//818 133//818 429//818
f 443//819 552//819 551//819
f 1187//820 1175//820 1188//820
f 1256//821 831//821 833//821
f 432//822 382//822 383//822
f 741//823 747//823 746//823
f 434//824 351//824 415//824
f 349//825 383//825 348//825
f 251//826 1481//826 1480//826
f 395//827 352//827 353//827
f 1518//828 1550//828 1551//828
f 1558//829 378//830 340//831
f 109//832 314//832 315//832
f 285//833 1513//833 407//833
f 395//834 393//834 392//834
f 202//835 410//835 1558//835
f 417//836 405//836 432//836
f 1246//837 1258//837 1247//837
f 3//838 297//838 2//838
f 1259//839 1261//840 1262//841
f 403//842 347//842 284//842
f 955//843 953//843 952//843
f 462//844 51//844 330//844
f 1096//845 687//845 1263//845
f 429//846 60//16 57//18
f 896//847 1265//847 932//847
f 1267//848 1268//848 1266//848
f 423//849 327//849 420//849
f 37//850 180//850 40//850
f 20//851 1187//851 1186//851
f 1256//852 1071//852 1070//852
f 155//853 156//853 504//853
f 1188//854 1269//854 1232//854
f 1236//855 1271//855 1262//855
f 1272//856 535//856 621//856
f 565//857 463//857 464//857
f 1273//858 745//859 1239//860
f 876//861 1255//862 1274//863
f 316//864 164//864 315//864
f 437//865 503//865 1509//865
f 194//866 1495//866 197//866
f 1275//867 864//867 863//867
f 624//868 631//868 630//868
f 1277//869 1137//869 1278//869
f 569//870 567//870 566//870
f 1481//871 125//871 366//871
f 324//872 547//873 326//874
f 1279//875 1107//875 1280//875
f 1525//876 329//876 1523//876
f 1281//877 1137//877 918//877
f 171//878 1553//878 1552//878
f 1488//879 396//879 1533//879
f 1557//880 1562//881 1559//882
f 1282//883 1206//883 1205//883
f 1053//884 1278//884 1281//884
f 778//885 607//885 1283//885
f 713//886 3566//886 3569//886
f 251//887 144//887 124//887
f 4//888 348//888 383//888
f 709//889 707//890 706//891
f 728//892 45//892 246//892
f 261//893 1563//893 544//893
f 789//894 1287//894 790//894
f 74//895 263//895 282//895
f 403//896 385//896 434//896
f 1178//897 1240//897 1189//897
f 1223//898 1289//898 1224//898
f 158//899 150//899 151//899
f 1220//900 1186//900 1221//900
f 296//901 354//901 433//901
f 784//902 1538//902 1566//902
f 1181//903 1291//903 1222//903
f 1269//904 1257//904 1246//904
f 1566//905 438//905 399//905
f 136//906 1566//906 1564//906
f 1563//907 169//907 1565//907
f 107//34 109//908 108//32
f 1297//909 1298//909 1296//909
f 1464//910 1476//910 1461//910
f 1520//911 507//911 508//911
f 1301//912 1303//913 1304//914
f 1306//915 1308//915 1305//915
f 175//916 1532//917 272//918
f 1532//919 200//919 201//919
f 1311//920 1312//920 1313//920
f 872//921 1315//921 1316//921
f 1317//922 1318//922 1319//922
f 3836//923 878//923 3828//923
f 1305//924 864//924 1276//924
f 1040//925 863//925 1320//925
f 1564//926 399//926 169//926
f 592//927 1575//927 591//927
f 591//928 1088//928 689//928
f 1581//929 1583//929 1582//929
f 1196//930 1147//930 1176//930
f 710//931 583//931 713//931
f 285//932 408//932 386//932
f 953//933 961//933 963//933
f 1594//934 1589//934 1593//934
f 1585//935 1587//936 1586//937
f 1592//938 1590//938 1589//938
f 3885//939 944//939 3899//939
f 1600//940 1598//940 1597//940
f 1604//941 1602//941 1601//941
f 1399//942 979//943 980//944
f 1589//945 1596//945 1595//945
f 1610//946 1608//946 1607//946
f 298//947 361//947 360//947
f 551//948 276//948 277//948
f 1627//949 3814//949 3819//949
f 859//950 818//950 860//950
f 1078//951 1328//951 1329//951
f 1555//952 1530//952 1556//952
f 572//953 680//953 681//953
f 772//954 776//954 774//954
f 977//955 918//955 917//955
f 404//956 392//956 393//956
f 1054//957 750//957 753//957
f 1644//958 1643//958 1642//958
f 932//959 1082//959 933//959
f 1067//960 1334//960 1068//960
f 1540//961 264//961 114//961
f 597//962 643//962 1336//962
f 471//963 762//963 470//963
f 1642//964 3831//965 3842//966
f 1644//967 3842//967 3843//967
f 923//968 950//969 927//970
f 96//971 548//972 95//973
f 520//974 522//974 521//974
f 445//975 443//975 442//975
f 849//976 848//976 842//976
f 480//977 755//977 493//977
f 1646//978 481//978 1639//978
f 311//979 1567//979 170//979
f 464//980 3497//981 3495//982
f 3497//983 1361//983 3495//983
f 234//984 236//984 235//984
f 190//985 192//985 191//985
f 153//986 152//986 149//986
f 231//987 286//987 230//987
f 1552//988 1551//988 1550//988
f 760//989 1648//990 488//991
f 3832//992 1649//992 3830//992
f 828//229 826//993 825//230
f 52//994 166//994 165//994
f 1663//995 1661//995 1660//995
f 287//996 115//996 286//996
f 668//997 670//997 669//997
f 634//998 640//999 639//1000
f 553//1001 559//1001 554//1001
f 118//1002 33//1002 516//1002
f 492//1003 491//1003 490//1003
f 3552//1004 1651//1004 3553//1004
f 582//1005 584//1006 583//1007
f 384//1008 392//1008 415//1008
f 1381//1009 1383//1009 1380//1009
f 1562//1010 435//1010 436//1010
f 952//1011 951//1011 947//1011
f 3529//1012 583//1007 584//1006
f 1660//1013 1667//1013 1666//1013
f 1394//1014 1396//1014 1393//1014
f 1660//1015 1664//1015 1663//1015
f 1671//1016 1669//1016 1668//1016
f 1624//1017 1673//1017 1672//1017
f 1407//1018 1409//1018 1410//1018
f 1677//1019 1675//1019 1674//1019
f 1613//1020 1677//1020 1625//1020
f 1679//1021 1676//1021 1677//1021
f 1626//1022 3811//1022 3814//1022
f 534//1023 198//1023 539//1023
f 176//99 150//98 159//1024
f 803//1025 734//1025 800//1025
f 400//1026 191//1026 192//1026
f 65//1027 143//1027 144//1027
f 3526//1028 1656//1028 3540//1028
f 402//1029 157//1029 283//1029
f 629//1030 627//1030 626//1030
f 461//1031 49//1031 50//1031
f 758//1032 495//1032 756//1032
f 796//1033 786//1033 785//1033
f 406//1034 1513//1034 1560//1034
f 342//1035 166//1035 167//1035
f 1694//1036 1658//1036 1695//1036
f 1692//1037 1694//1038 1696//1039
f 3557//1040 1652//1040 3552//1040
f 3921//1041 1703//1042 3923//1043
f 326//1044 302//1045 90//1046
f 3916//1047 1702//1047 1706//1047
f 3919//1048 1698//1048 1701//1048
f 1699//1049 3927//1050 3918//1051
f 1557//1052 1560//1053 1561//1054
f 1127//1055 1117//1056 1128//1057
f 400//1058 289//1058 346//1058
f 1706//1059 1707//1059 1708//1059
f 1707//1060 1599//1060 1600//1060
f 1709//1061 1708//1061 1588//1061
f 1714//1062 1711//1063 1713//1064
f 3919//1065 1709//1065 1700//1065
f 1704//1066 1577//1066 1703//1066
f 1716//1067 1713//1068 1715//1069
f 1559//882 1549//1070 297//1071
f 1722//1072 1720//1072 1719//1072
f 1335//1073 596//1073 1489//1073
f 410//1074 377//1074 378//1074
f 973//1075 1163//1075 972//1075
f 168//1076 399//1076 398//1076
f 1571//1077 1089//1077 1093//1077
f 1572//1078 682//1079 1571//1080
f 749//1081 647//1081 754//1081
f 1730//1082 1723//1082 1729//1082
f 1594//1083 1729//1083 1592//1083
f 1729//1084 1591//1084 1592//1084
f 1731//1085 1730//1085 1583//1085
f 1384//1086 1377//1086 1379//1086
f 1732//1087 1712//1087 1714//1087
f 1724//1088 1731//1088 1732//1088
f 1712//1089 1731//1089 1580//1089
f 1722//1090 1732//1090 1733//1090
f 1721//1091 1733//1091 1734//1091
f 1734//1092 1716//1092 1717//1092
f 1735//1093 1736//1093 1697//1093
f 1733//1094 1714//1094 1716//1094
f 1663//1095 1741//1095 1668//1095
f 1742//1096 1740//1096 1743//1096
f 1738//1097 1737//1097 1735//1097
f 1665//1098 1666//1098 1740//1098
f 1665//1099 1744//1099 1664//1099
f 1725//1100 1746//1100 1745//1100
f 1591//1101 1745//1101 1590//1101
f 1590//1102 1747//1102 1596//1102
f 1745//1103 1748//1103 1747//1103
f 1659//1104 3538//1105 3542//1105
f 3287//1106 3545//1106 3282//1106
f 1185//1107 1182//1107 1190//1107
f 1664//1108 1749//1108 1741//1108
f 1741//1109 1739//1109 1738//1109
f 1746//1110 1743//1110 1748//1110
f 1726//1111 1742//1111 1746//1111
f 1153//1112 924//1112 925//1112
f 1115//1113 1153//1113 1154//1113
f 1654//1114 3575//1114 1655//1114
f 1896//1115 3549//1115 1686//1115
f 1720//1116 1744//1116 1726//1116
f 1721//1117 1749//1117 1720//1117
f 1750//1118 1701//1118 1698//1118
f 1697//1119 1750//1119 1696//1119
f 1151//1120 1063//1120 1062//1120
f 1751//1121 1670//1122 1671//1123
f 1695//1124 1752//1124 1751//1124
f 961//1125 986//1125 981//1125
f 1770//1126 1768//1126 1767//1126
f 1766//1127 1593//1127 1765//1127
f 1731//1128 1579//1128 1580//1128
f 1579//1129 1774//1129 1578//1129
f 3928//1130 1771//1130 3929//1130
f 1764//1131 3928//1131 3917//1131
f 1777//1132 1775//1132 1774//1132
f 3762//1133 1699//1134 1700//1135
f 1004//1136 1128//1057 1003//1137
f 1774//1138 1771//1138 1772//1138
f 987//1139 1399//1139 980//1139
f 1578//1140 1772//1140 1764//1140
f 1783//1141 1781//1141 1778//1141
f 1597//1142 1770//1142 1767//1142
f 639//1143 3895//1143 3884//1143
f 3928//1144 1769//1144 1770//1145
f 1793//1146 1789//1146 1788//1146
f 3929//1147 1798//1147 1769//1147
f 3508//1148 3773//1148 1806//1148
f 1802//1149 3924//1150 3922//1151
f 1788//1152 1794//1152 1793//1152
f 1793//1153 1795//1154 1776//1155
f 3773//1156 1675//1156 1806//1156
f 1584//1157 1783//1157 1789//1157
f 1771//1158 3920//1158 3929//1158
f 1801//1159 1798//1159 1800//1159
f 1768//1160 1798//1160 1799//1160
f 1775//1161 1797//1161 1771//1161
f 508//1162 515//1162 1520//1162
f 1796//1163 1802//1163 1797//1163
f 1800//1164 3920//1164 3922//1164
f 1794//1165 1804//1165 1795//1165
f 3532//1166 1752//1166 3547//1166
f 485//1167 1807//1167 775//1167
f 3809//1168 1640//1168 768//1168
f 3837//1169 1810//1169 1653//1169
f 485//1170 1640//1170 1808//1170
f 1690//1171 3770//1171 3772//1171
f 487//1172 1648//1172 1811//1172
f 3839//1173 1816//1173 3822//1173
f 3838//1174 1648//1174 3830//1174
f 3839//1175 1811//1175 3838//1175
f 1812//1176 487//1176 1811//1176
f 1641//1177 767//1177 768//1177
f 465//1178 755//1178 776//1178
f 767//1179 3823//1179 3808//1179
f 3822//1180 3826//1180 3847//1180
f 1809//1181 1815//1182 767//1183
f 3837//1184 1651//1184 3840//1184
f 675//1185 3541//1185 3496//1185
f 1814//1186 1822//1186 1821//1186
f 1821//1187 3821//1187 3820//1187
f 1824//1188 1649//1188 1825//1188
f 1827//1189 1850//1189 1805//1189
f 1668//1190 1662//1190 1663//1190
f 1779//1191 1848//1191 1828//1191
f 1790//1192 1805//1193 1794//1194
f 1833//1195 1853//1195 1852//1195
f 3521//1196 693//1196 575//1196
f 1614//1197 1616//1197 1617//1197
f 1852//1198 3498//1198 3501//1198
f 1620//1199 1622//1199 1623//1199
f 1855//1200 1574//1200 1861//1200
f 1847//1201 3501//1202 3513//1203
f 1766//1204 1855//1204 1782//1204
f 1629//1205 1631//1205 1628//1205
f 1633//1206 1634//1206 1632//1206
f 1635//1207 1637//1207 1638//1207
f 1848//1208 1852//1208 1847//1208
f 1855//1209 1863//1209 1862//1209
f 1803//1210 1867//1210 1802//1210
f 1862//1211 1831//1211 1832//1211
f 1782//1212 1862//1213 1781//1214
f 3922//1215 1865//1215 1800//1215
f 1873//1216 1870//1216 1869//1216
f 1874//1217 799//1217 804//1217
f 2045//1218 3897//1218 2044//1218
f 1219//1219 1295//1219 1225//1219
f 1615//1220 1396//1220 1395//1220
f 3884//1221 1877//1221 1876//1221
f 645//1222 3786//1222 3559//1222
f 1345//1223 1035//1223 1346//1223
f 634//1224 3884//1224 3880//1224
f 15//1225 1327//1225 14//1225
f 3910//1226 1878//1226 1893//1226
f 1894//1227 605//1227 1893//1227
f 3506//1228 627//1228 693//1228
f 3560//1229 645//1229 3559//1229
f 340//1230 454//1230 1558//1230
f 1897//1231 195//1231 1898//1231
f 1889//1232 1877//1232 1890//1232
f 1901//1233 129//1233 1900//1233
f 196//1234 754//1234 232//1234
f 1705//1235 3921//1235 3916//1235
f 340//1236 166//1236 343//1236
f 1570//1237 563//1238 561//1239
f 1904//1240 194//1240 1897//1240
f 1781//1241 1832//1241 1780//1241
f 1905//1242 55//1242 1906//1242
f 1000//1243 995//1243 996//1243
f 986//1244 920//1244 987//1244
f 1191//1245 1190//1245 1194//1245
f 2094//1246 2075//1247 2093//1248
f 1920//1249 1919//1249 1915//1249
f 453//1250 1912//1250 1911//1250
f 1915//1251 1918//1251 1916//1251
f 3882//1252 2106//1252 3901//1252
f 1655//1253 3531//1253 1868//1253
f 1916//1254 1926//1254 1925//1254
f 704//1255 3561//1255 703//1255
f 278//1256 1925//1257 1900//1258
f 3565//1259 1818//1259 1820//1259
f 1097//1260 1115//1261 1114//1262
f 1927//1263 727//1263 1923//1263
f 3578//1264 3654//1264 3758//1264
f 1920//1265 307//1265 1929//1265
f 1929//1266 48//1266 728//1266
f 503//1267 1497//1267 1509//1267
f 1902//1268 787//1268 796//1268
f 1816//1269 3820//1270 3826//1271
f 1925//1272 1923//1272 1924//1272
f 1535//1273 1568//1273 1534//1273
f 254//1274 258//1274 255//1274
f 1509//1275 366//1275 367//1275
f 119//1276 35//1276 36//1276
f 219//1277 293//1277 294//1277
f 141//1278 47//1278 431//1278
f 542//1279 244//1279 245//1279
f 1940//1280 430//1281 431//1282
f 1779//1283 1827//1284 1790//1285
f 1701//1286 3915//1286 3919//1286
f 1661//1287 3515//1287 1667//1287
f 270//1288 754//1288 647//1288
f 197//1289 749//1289 196//1289
f 1727//1290 1212//1291 1211//1292
f 53//1293 232//1294 754//1295
f 1465//1296 1479//1296 1478//1296
f 1284//1297 3854//1297 1293//1297
f 1951//1298 412//1298 413//1298
f 168//1299 1554//1299 1553//1299
f 1486//1300 206//1300 207//1300
f 506//1301 78//1301 361//1301
f 994//1302 1007//1302 993//1302
f 951//1303 963//1303 964//1303
f 1013//1304 3861//1304 1351//1304
f 3826//1305 1820//1305 1818//1305
f 1498//1306 1954//1306 1482//1306
f 299//1307 543//1307 132//1307
f 1754//1308 1756//1309 1753//1310
f 1681//1311 1683//1311 1682//1311
f 1696//1312 1695//1312 1697//1312
f 13//1313 738//1313 737//1313
f 473//1314 475//1314 474//1314
f 482//1315 768//1315 1640//1315
f 204//1316 30//1316 205//1316
f 1761//1317 820//1317 819//1317
f 611//1318 1125//1318 612//1318
f 1501//1319 1908//1320 1909//1321
f 1074//1322 711//1322 699//1322
f 1960//1323 82//1323 83//1323
f 120//1324 1960//1324 123//1324
f 35//1325 87//1325 34//1325
f 1773//1326 1025//1326 1031//1326
f 1965//1327 1569//1327 1535//1327
f 494//1328 471//1328 479//1328
f 1966//1329 1969//1329 1968//1329
f 446//1330 1971//1330 1967//1330
f 174//1331 125//1331 126//1331
f 1580//1332 1578//1332 1577//1332
f 1785//1333 1787//1333 1784//1333
f 1972//1334 304//1334 305//1334
f 1254//1335 875//1335 999//1335
f 1973//1336 342//1336 514//1336
f 321//1337 1973//1337 509//1337
f 1910//1338 275//1338 1907//1338
f 509//1339 514//1339 508//1339
f 1486//1340 1527//1340 1485//1340
f 1974//1341 804//1341 1975//1341
f 1977//1342 1974//1342 1978//1342
f 1980//1343 1966//1343 1981//1343
f 379//1344 2//1344 295//1344
f 1718//1345 1710//1345 1701//1345
f 884//1346 992//1346 883//1346
f 1680//1347 1678//1347 1679//1347
f 902//1348 525//1348 524//1348
f 344//1349 256//1350 299//1351
f 135//1352 137//1352 136//1352
f 236//1353 228//1353 333//1353
f 448//1354 1967//1355 1966//1356
f 589//1357 604//1357 584//1357
f 910//1358 908//1358 907//1358
f 1981//1359 1968//1359 1987//1359
f 1982//1360 1987//1360 1979//1360
f 1988//1361 1987//1361 1989//1361
f 1990//1362 1989//1362 1991//1362
f 1991//1363 1993//1363 1992//1363
f 322//1364 320//1365 319//1366
f 992//1367 830//1367 883//1367
f 1144//1368 1086//1369 1143//1370
f 1995//1371 1978//1371 1994//1371
f 1133//1372 1118//1373 1126//1374
f 1997//1375 1994//1375 1996//1375
f 870//1376 1335//1376 1489//1376
f 805//1377 1982//1378 1998//1379
f 727//1380 2000//1380 1999//1380
f 1996//1381 1988//1381 1990//1381
f 1994//1382 1979//1382 1988//1382
f 1829//1383 792//1383 1273//1383
f 1830//1384 941//1384 983//1384
f 798//1385 800//1385 799//1385
f 729//1386 731//1386 730//1386
f 2011//1387 2023//1387 2022//1387
f 1834//1388 846//1388 1159//1388
f 402//1389 284//1389 347//1389
f 2022//1390 2024//1391 2025//1392
f 1838//1393 989//1393 988//1393
f 810//1394 952//1394 809//1394
f 1823//1395 1840//1395 644//1395
f 1430//1396 1432//1396 1431//1396
f 1215//1397 1841//1397 1079//1397
f 149//1398 176//1398 177//1398
f 1316//1399 873//1399 872//1399
f 2112//1400 1384//1400 2106//1400
f 1842//1401 1844//1401 1845//1401
f 1159//1402 845//1402 1160//1402
f 837//1403 1846//1403 1120//1403
f 1971//1404 2030//1404 2027//1404
f 517//1405 370//1405 189//1405
f 858//1406 833//1406 812//1406
f 1471//1407 2027//1407 1888//1407
f 3551//1408 626//1408 627//1408
f 2174//1409 770//1409 490//1409
f 935//1410 1854//1410 1010//1410
f 1613//1411 1611//1412 1618//1413
f 1231//1414 1225//1414 1295//1414
f 1856//1415 891//1415 892//1415
f 1300//1416 748//1416 741//1416
f 1150//1417 1858//1417 1859//1417
f 1643//1418 696//1418 1642//1418
f 1215//1419 1264//1419 1216//1419
f 1320//1420 902//1420 901//1420
f 1956//1421 1944//1421 1960//1421
f 2031//1422 669//1422 1474//1422
f 2034//1423 1310//1424 1299//360
f 1879//1425 1656//1426 1657//1427
f 40//1428 242//1428 39//1428
f 1992//1429 2039//1429 1456//1429
f 888//1430 957//1431 889//1432
f 1882//1433 1996//1433 1990//1433
f 1078//1434 1255//1434 1077//1434
f 1871//1435 1192//1435 1090//1435
f 294//1436 218//1436 219//1436
f 1323//1437 2026//1437 1471//1438
f 123//1439 83//1439 1484//1439
f 1324//1440 2041//1440 1323//1440
f 384//1441 359//1441 352//1441
f 1324//1442 2038//1442 2036//1442
f 1883//1443 1885//1443 1829//1443
f 287//1444 114//1444 107//1444
f 1096//1445 1134//731 661//733
f 915//1446 931//1446 916//1446
f 806//1447 1981//1447 1982//1447
f 3533//1448 584//1448 604//1448
f 1425//1449 2042//1449 1018//1449
f 1018//1450 1948//1450 1017//1450
f 3562//1451 740//1451 3519//1451
f 1948//1452 649//1453 646//1454
f 1881//1455 1990//1456 1991//1457
f 1900//1258 130//1458 278//1256
f 992//1459 994//1459 993//1459
f 923//1460 925//1460 924//1460
f 3878//1461 2047//1461 3876//1461
f 1643//1462 625//1463 606//1464
f 2050//1465 2051//1465 2049//1465
f 2045//1466 1404//1466 2047//1466
f 3876//1467 945//1467 3885//1467
f 1139//1468 1079//1468 1841//1468
f 1037//1469 892//1469 982//1469
f 2055//1470 2057//1470 2056//1470
f 1198//1471 718//1471 717//1471
f 1619//1472 1612//1472 1611//1472
f 2058//1473 1606//1473 2059//1473
f 2059//1474 1607//1474 2058//1474
f 2058//1475 1624//1475 1605//1475
f 71//1476 179//1476 37//1476
f 405//1477 1557//1477 382//1477
f 976//1478 1006//1478 977//1478
f 322//1479 1972//1479 1911//1479
f 2061//1480 2063//1480 2062//1480
f 2066//1481 2067//1481 1825//1481
f 2052//1482 2064//1482 2051//1482
f 1609//1483 2066//1483 1647//1483
f 1515//1484 152//1484 1516//1484
f 1009//1485 993//1485 1007//1485
f 1644//1486 3815//1487 2118//1488
f 279//1489 1916//1489 278//1489
f 1285//1490 3862//1490 1284//1490
f 1647//1491 1825//1491 1649//1491
f 2056//1492 2067//1492 2065//1492
f 319//1493 1953//1493 1952//1493
f 667//1494 1913//1494 1914//1494
f 2070//1495 625//1495 2048//1495
f 2052//1496 2055//1496 2063//1496
f 2038//1497 1655//1497 1458//1497
f 1606//1498 2073//1498 2072//1498
f 1235//1499 1270//1499 1236//1499
f 2072//1500 2075//1501 2074//1502
f 2059//1503 2072//1503 2062//1503
f 2074//1504 2077//1504 2076//1504
f 1601//1505 2078//1506 2073//1507
f 2049//1508 1643//1508 1645//1508
f 1000//1509 1001//1509 994//1509
f 1089//1510 684//1510 689//1510
f 1931//1511 1306//1512 1930//1513
f 1462//1514 1021//1514 1022//1514
f 1932//1515 1934//1515 1935//1515
f 875//1516 1846//1516 998//1516
f 1936//1517 1937//1517 1938//1517
f 44//1518 46//1518 92//1518
f 1534//1519 1956//1519 120//1519
f 1541//1520 317//1520 391//1520
f 2081//1521 2084//1522 2083//1523
f 146//1524 1959//1524 300//1524
f 1360//1525 1942//1525 1361//1525
f 985//1526 1032//1526 1033//1526
f 1995//1527 1892//1527 2043//1527
f 2079//1528 2082//1529 2081//1530
f 2095//1531 2076//1531 2077//1531
f 2081//1532 2078//1532 2079//1532
f 2055//1533 2054//1534 2053//1535
f 501//1536 2095//1536 500//1536
f 2097//1537 2099//1537 2098//1537
f 2098//1538 2094//1538 2083//1538
f 2140//1539 3893//1539 3866//1539
f 2141//1540 3894//1540 3893//1540
f 2051//1541 2048//1542 2049//1543
f 592//1544 2101//1545 1576//1546
f 2071//1547 2076//1547 2096//1547
f 2102//1548 2098//1549 2101//1550
f 593//1551 2102//1552 592//1553
f 1019//1554 746//1554 747//1554
f 1950//1555 12//1555 1327//1555
f 725//1556 2096//1556 501//1556
f 1385//1557 2104//1557 1379//1557
f 1379//1558 2106//1558 1384//1558
f 2107//1559 2100//1560 2097//1561
f 3908//1562 502//1563 3896//1564
f 3896//1564 499//1565 3901//1566
f 940//1567 2109//1568 944//1569
f 928//1570 1170//1570 973//1570
f 3868//1571 684//1571 3899//1571
f 1962//1572 1964//1572 1961//1572
f 3878//1573 573//1573 3897//1573
f 2039//1574 1968//1575 1969//1576
f 1389//1577 2110//1577 2109//1577
f 1398//1578 2113//1578 1397//1578
f 3757//1579 3753//1579 3743//1579
f 3911//1580 2107//1581 2103//1582
f 949//1583 924//1583 1115//1583
f 260//1584 324//872 326//874
f 1390//1585 2113//1585 2110//1585
f 2070//1586 2064//1586 2071//1586
f 3867//1587 2103//1587 593//1587
f 2105//1588 1421//1589 2114//1590
f 2114//1591 1423//1591 2115//1591
f 3892//1592 2115//1592 3903//1592
f 3908//1593 2114//1593 3892//1593
f 554//1594 1902//1594 553//1594
f 972//1595 967//261 966//256
f 1765//1596 1573//1596 1574//1596
f 1984//1597 1986//1597 1983//1597
f 2053//1598 2069//1598 2057//1598
f 3573//1599 724//1599 714//1599
f 1625//1600 1674//1600 1673//1600
f 3881//1601 2119//1601 2122//1601
f 3903//1602 2123//1602 3904//1602
f 56//1603 1906//1603 55//1603
f 626//1604 3879//1604 629//1604
f 2001//1605 2003//1605 2004//1605
f 3912//1606 2127//1606 3907//1606
f 2006//1607 2008//1608 2009//1609
f 2127//1610 1412//1610 2128//1610
f 2014//1611 2016//1611 2017//1611
f 2018//1612 2020//1612 2021//1612
f 1495//1613 1947//1613 197//1613
f 1379//1614 1386//1614 1385//1614
f 3814//1615 1680//1615 1618//1615
f 2029//1616 1884//1616 2028//1616
f 3902//1617 2120//1617 3887//1617
f 629//1618 3914//1618 3872//1618
f 682//1619 943//1619 1089//1619
f 724//1620 2121//1620 716//1620
f 1757//1621 3821//1621 3845//1621
f 765//1622 3844//1622 3809//1622
f 3851//1623 715//1623 3852//1623
f 706//1624 3870//1624 3872//1624
f 981//1625 987//1625 980//1625
f 1457//1626 1656//1626 1880//1626
f 2017//1627 2032//1627 2033//1627
f 1458//1628 1868//1628 1457//1628
f 1776//1155 1792//1629 1793//1153
f 1959//1630 1946//1630 1958//1630
f 3663//1631 3725//1631 3661//1631
f 3913//1632 2122//1632 3850//1632
f 1093//1633 689//1633 1088//1633
f 966//1634 968//1634 972//1634
f 3852//1635 3881//1635 3913//1635
f 2172//1636 2170//1636 2171//1636
f 670//1637 2137//1637 669//1637
f 3761//1638 1903//1638 233//1638
f 1429//1639 28//1639 1449//1639
f 964//1640 978//1641 971//1642
f 3841//1643 1413//1643 2127//1643
f 1473//1644 669//1645 2137//1646
f 3834//1647 1359//1647 1358//1647
f 2138//1648 1870//1648 2137//1648
f 1872//1649 2137//1649 1870//1649
f 715//1650 3888//1650 3881//1650
f 1881//1651 1992//1651 1880//1651
f 3843//1652 739//1652 740//1652
f 1837//1653 3513//1653 3514//1653
f 253//1654 59//1654 85//1654
f 1808//1655 3840//1655 1807//1655
f 1647//1656 3818//1656 1609//1656
f 3865//1657 671//1657 668//1657
f 2112//1658 3883//1658 2111//1658
f 1405//1659 2044//1659 1438//1659
f 3829//1660 1364//1660 1366//1660
f 273//1661 391//1661 249//1661
f 576//1662 3520//1662 3555//1662
f 3875//1663 668//1664 2031//1665
f 1430//1666 2140//1666 2139//1666
f 2136//1667 3860//1667 28//1667
f 1430//1668 18//1668 19//1668
f 3893//1669 570//1669 695//1669
f 1442//1670 2046//1671 2141//1672
f 1431//1673 2141//1673 2140//1673
f 3869//1674 3850//1674 2136//1674
f 3808//1675 1817//1675 766//1675
f 3866//1676 695//1676 671//1676
f 2142//1677 798//1678 2138//1679
f 571//1680 2142//1681 694//1682
f 3819//1683 1618//1413 1611//1412
f 2143//1684 2025//1685 2142//1677
f 694//345 2138//1686 670//346
f 681//1687 2144//1687 572//1687
f 2144//1688 2022//1688 2143//1688
f 328//1689 457//1689 290//1689
f 1572//1690 2011//1690 2144//1690
f 630//1691 3903//1691 624//1691
f 2085//1692 2087//1692 2088//1692
f 2090//1693 2092//1693 2089//1693
f 572//1694 2143//1694 571//1694
f 1875//1695 2153//1696 2149//1697
f 1873//1698 2149//1698 2154//1698
f 2103//1699 2097//1699 2102//1699
f 2157//1700 2155//1700 2156//1700
f 2128//1701 1414//1701 2120//1701
f 3874//1702 589//1702 582//1702
f 3872//1703 628//1703 629//1703
f 2149//1704 2158//1704 2159//1704
f 2159//1705 3905//1705 3890//1705
f 698//1706 3902//1706 705//1706
f 3823//1707 3827//1708 1817//1709
f 2158//1710 3874//1710 3905//1710
f 1438//1711 2046//1711 1439//1711
f 2035//1712 2160//1712 2161//1712
f 2161//1713 3889//1713 3886//1713
f 3871//1714 605//1714 589//1714
f 3873//1715 18//1716 3875//1717
f 370//1718 61//1718 451//1718
f 649//1719 413//1719 648//1719
f 2153//1720 2156//1720 2158//1720
f 1428//1721 1449//1721 1450//1721
f 1490//1722 73//1722 1488//1722
f 3890//1723 710//1723 633//1723
f 2155//1724 3891//1725 3871//1726
f 1456//1727 1880//1727 1992//1727
f 2125//1728 2087//1728 2124//1728
f 2160//1729 3890//1730 3889//1731
f 300//1732 505//1732 323//1732
f 1064//1733 1046//1733 1065//1733
f 2043//1734 1891//1734 2155//1734
f 2129//1735 2004//1735 2003//1735
f 2131//1736 2133//1736 2134//1736
f 3848//1737 1450//1737 1449//1737
f 1998//1379 804//1738 805//1377
f 3879//1739 3864//1740 3914//1741
f 474//1742 490//1742 770//1742
f 1164//1743 1182//1743 1177//1743
f 707//1744 3909//1744 3870//1744
f 708//1745 2162//1745 707//1745
f 2162//1746 3886//1746 3909//1746
f 548//1747 1905//1747 458//1747
f 1145//1748 1114//1748 1171//1748
f 705//1749 1650//1749 704//1749
f 2043//1750 1977//1750 1995//1750
f 737//1751 554//1751 559//1751
f 1034//1752 1191//1752 1023//1752
f 458//1753 1907//1753 275//1753
f 195//1754 232//1754 233//1754
f 2040//1755 1969//1755 1970//1755
f 2145//1756 2147//1756 2148//1756
f 2054//1757 2049//1757 1645//1757
f 3832//1758 1639//1758 3818//1758
f 9//1759 11//1759 10//1759
f 252//1760 506//1760 258//1760
f 472//1761 479//1761 471//1761
f 1865//1762 3791//1762 3503//1762
f 900//1763 910//1763 907//1763
f 1941//1764 2151//1765 1942//1766
f 1921//1767 1927//1767 1919//1767
f 2163//1768 1898//1768 2116//1768
f 271//1769 153//1769 178//1769
f 1904//1770 12//1770 9//1770
f 282//1771 264//1771 460//1771
f 1872//1772 2154//1773 2035//1774
f 1326//1775 1897//1775 2163//1775
f 628//1776 693//1776 627//1776
f 1724//1777 1719//1777 1723//1777
f 1549//1778 436//1778 172//1778
f 1582//1779 1730//1779 1729//1779
f 1921//1780 1929//1780 1928//1780
f 3563//1781 10//1781 11//1781
f 2152//1782 1950//1782 1949//1782
f 475//1783 774//1783 771//1783
f 769//1784 2171//1784 473//1784
f 2171//1785 476//1785 473//1785
f 476//1786 772//1786 475//1786
f 1791//1787 464//1787 1760//1787
f 2166//1788 2168//1788 2169//1788
f 595//1789 372//1789 98//1789
f 483//1790 1641//1790 482//1790
f 762//1791 2173//1791 470//1791
f 771//1792 484//1792 492//1792
f 486//1793 1809//1793 483//1793
f 297//1794 1517//1794 296//1794
f 763//1795 2174//1795 762//1795
f 776//1796 759//1796 489//1796
f 184//1797 2176//1797 2000//1797
f 412//1798 303//1798 414//1798
f 2005//1799 185//1799 224//1799
f 3811//1800 1682//1800 3846//1800
f 2164//1801 756//1801 764//1801
f 1472//1802 2161//1803 2162//1804
f 950//1805 964//1805 965//1805
f 2177//1806 2179//1806 2180//1806
f 227//1807 1510//1807 333//1807
f 764//1808 467//1808 2164//1808
f 2182//1809 2184//1809 2181//1809
f 2186//1810 2018//1810 2185//1810
f 1985//1811 2181//1811 1986//1811
f 214//1812 729//1812 1531//1812
f 1545//1813 1546//1813 1569//1813
f 865//1814 842//1814 866//1814
f 849//1815 1357//1815 1362//1815
f 452//1816 1558//1816 454//1816
f 559//1817 3188//1817 737//1817
f 16//1818 737//1818 3188//1818
f 560//1819 498//1819 374//1819
f 3193//1820 3195//1820 3194//1820
f 3200//1821 3198//1821 3199//1821
f 3211//1822 3213//1822 3212//1822
f 3215//1823 3217//1823 3216//1823
f 2187//1824 2002//1824 2001//1824
f 2169//1825 2189//1825 2190//1825
f 2192//1826 2085//1826 2191//1826
f 2193//1827 2195//1827 2196//1827
f 2198//1828 2200//1828 2197//1828
f 1998//1829 1979//1829 1975//1829
f 3664//1830 3668//1830 3671//1830
f 2116//1831 1903//1832 1902//1833
f 1859//1834 2009//1834 1150//1834
f 3904//1835 2126//1835 3906//1835
f 1135//1836 1087//1836 1130//1836
f 2201//1837 2015//1837 2014//1837
f 1149//1838 110//1838 1858//1838
f 3221//1839 3218//1839 3215//1839
f 2203//1840 2205//1840 2206//1840
f 579//1841 1895//1841 1019//1841
f 1755//1842 2208//1842 1756//1842
f 3891//1843 1893//1843 605//1843
f 1211//1292 2150//1844 1727//1290
f 868//1845 2210//1845 2209//1845
f 944//1846 930//1846 940//1846
f 2130//1847 2202//1847 2201//1847
f 233//1848 1898//1848 195//1848
f 665//1849 750//1849 666//1849
f 1167//1850 999//1850 618//1850
f 2211//1851 2213//1851 2214//1851
f 2215//1852 2217//1853 2218//1854
f 3867//1855 590//1856 3868//1857
f 2220//1858 220//1858 2219//1858
f 823//1859 948//1860 1094//1861
f 3225//1862 3227//1862 3226//1862
f 266//1863 455//1863 265//1863
f 3882//1864 2107//1864 3883//1864
f 2221//1865 3519//1866 3517//1867
f 2223//1868 2225//1868 2226//1868
f 2207//1869 2124//1869 2208//1869
f 673//1870 3869//1870 3864//1870
f 817//1871 996//1871 815//1871
f 2227//1872 2146//1873 2145//1874
f 1947//1875 646//1875 749//1875
f 3900//1876 17//1876 3873//1876
f 2229//1877 1638//1877 1381//1877
f 1679//1878 1618//1878 1680//1878
f 1637//1879 2232//1879 2230//1879
f 2233//1880 1617//1880 1616//1880
f 2231//1881 2236//1881 2237//1881
f 1381//1882 2238//1882 1382//1882
f 3586//1883 2242//1884 3587//1885
f 1630//1886 2233//1886 1631//1886
f 1681//1887 472//1887 469//1887
f 1408//1888 2243//1888 2244//1888
f 3236//1889 3238//1889 3237//1889
f 3232//1890 3240//1890 3235//1890
f 1637//1891 2238//1891 1638//1891
f 3237//1892 3233//1892 3234//1892
f 1409//1893 1634//1893 2245//1893
f 1380//1894 2247//1894 2246//1894
f 1628//1895 2245//1895 1621//1895
f 2249//1896 1622//1896 1633//1896
f 1632//1897 1408//1897 2244//1897
f 2248//1898 1631//1898 2250//1898
f 2235//1899 1637//1899 1636//1899
f 3245//1900 3199//1900 3198//1900
f 631//1901 2071//1901 725//1901
f 515//1902 52//1902 49//1902
f 782//1903 2251//1904 1251//1905
f 2253//1906 2255//1906 2252//1906
f 397//1907 459//1907 784//1907
f 1456//1908 2040//1908 1455//1908
f 2040//1909 2036//1909 1455//1909
f 1401//1910 2111//1910 1398//1910
f 2041//1911 1970//1911 2026//1911
f 1535//1912 414//1912 1965//1912
f 1586//1913 2080//1913 2079//1913
f 2256//1914 1132//1914 1886//1914
f 1700//1915 3918//1915 3919//1915
f 3815//1916 1686//1916 3817//1916
f 1263//1917 1886//1917 1096//1917
f 598//1918 844//1919 599//1920
f 2257//1921 2259//1921 2260//1921
f 2258//1922 2262//1923 2259//1924
f 2259//1925 2263//1925 2216//1925
f 2260//1926 2216//1926 2215//1926
f 1967//1927 1970//1927 1969//1927
f 2212//1928 1963//1928 2213//1928
f 922//1929 2218//1854 2217//1853
f 1312//1930 1101//1930 2264//1930
f 1307//1931 1286//1931 789//1931
f 1548//1932 1546//1932 1972//1932
f 2266//1933 2268//1933 2265//1933
f 2265//1934 2270//1934 2269//1934
f 2272//1935 2269//1935 2271//1935
f 2273//1936 2265//1937 2272//1938
f 2275//1939 2277//1939 2274//1939
f 2278//1940 2277//1940 2279//1940
f 2284//1941 3617//1941 3639//1941
f 2287//1942 2286//1942 2281//1942
f 2288//1943 2283//1943 2287//1943
f 2290//1944 3639//1944 3620//1944
f 2291//1945 2293//1945 2294//1945
f 2295//1946 2294//1946 2279//1946
f 2296//1947 2291//1947 2295//1947
f 2297//1948 2292//1948 2291//1948
f 2294//1949 2299//1949 2300//1949
f 2279//1950 2300//1950 2278//1950
f 2298//1951 2302//1951 2292//1951
f 2292//1952 2303//1952 2293//1952
f 2293//1953 2304//1953 2299//1953
f 2304//1954 2306//1954 2299//1954
f 2306//1955 2300//1955 2299//1955
f 2308//1956 2310//1956 2307//1956
f 2302//1957 2310//1957 2303//1957
f 2301//1958 2307//1958 2302//1958
f 2312//1959 2307//1959 2311//1959
f 2313//1960 2315//1960 2316//1960
f 2318//1961 2320//1961 2317//1961
f 3748//1962 2322//1963 2323//1964
f 2324//1965 2273//1966 2326//1967
f 2313//1968 2326//1968 2327//1968
f 2328//1969 2313//1969 2316//1969
f 2329//1970 2324//1970 2328//1970
f 2331//1971 2333//1971 2330//1971
f 2330//1972 2267//1972 2266//1972
f 2325//1973 2266//1973 2273//1973
f 2329//1974 2330//1974 2325//1974
f 2333//1975 2335//1975 2267//1975
f 2336//1976 2333//1976 2332//1976
f 2338//1977 2332//1977 2337//1977
f 2331//1978 2337//1978 2332//1978
f 2329//1979 2339//1979 2331//1979
f 2328//1980 2340//1981 2329//1982
f 2316//1983 2341//1983 2328//1983
f 2342//1984 2315//1985 2343//1986
f 2344//1987 2346//1987 2347//1987
f 2341//1988 2347//1989 2340//1990
f 2342//1991 2344//1991 2341//1991
f 2348//1992 2345//1992 2344//1992
f 2350//1993 2352//1993 2353//1993
f 2339//1994 2353//1994 2337//1994
f 2340//1995 2350//1995 2339//1995
f 2347//1996 2351//1996 2350//1996
f 2337//1997 2354//1997 2338//1997
f 2353//1998 2355//1998 2354//1998
f 2356//1999 2276//2000 2357//2001
f 2356//2002 2358//2002 2359//2002
f 2356//2003 2296//2003 2295//2003
f 2279//2004 2356//2004 2295//2004
f 2360//2005 2270//2005 2268//2005
f 2267//2006 2360//2006 2268//2006
f 2362//2007 2364//2008 2365//2009
f 2362//2010 2361//2010 2358//2010
f 2366//2011 2358//2011 2357//2011
f 2366//2012 2363//2013 2362//2014
f 2357//2015 2368//2015 2366//2015
f 2366//2016 2369//2017 2367//2018
f 2276//2019 2370//2019 2368//2019
f 2368//2020 2282//2021 2369//2017
f 2372//2022 2374//2022 2371//2022
f 2375//2023 2377//2023 2007//2023
f 2378//2024 2380//2025 2381//2026
f 2382//2027 2381//2027 2383//2027
f 2384//2028 2378//2029 2382//2030
f 2385//2031 2379//2031 2378//2031
f 2388//2032 2390//2032 2387//2032
f 2387//2033 2392//2033 2391//2033
f 2393//2034 2387//2035 2391//2036
f 2394//2037 2388//2037 2387//2037
f 2186//2038 2402//2038 2400//2038
f 2403//2039 2327//2040 2326//2041
f 2272//2042 2326//2042 2273//2042
f 2271//2043 2403//2043 2272//2043
f 2405//2044 2404//2045 2403//2046
f 2404//2047 2408//2047 2327//2047
f 2409//2048 2411//2048 2412//2048
f 2409//2049 2271//2049 2269//2049
f 2413//2050 2269//2050 2270//2050
f 2413//2051 2410//2051 2409//2051
f 2417//2052 2416//2052 2418//2052
f 2417//2053 2406//2053 2405//2053
f 2412//2054 2405//2054 2271//2054
f 2411//2055 2417//2055 2412//2055
f 2406//2056 2407//2056 2404//2056
f 3569//2057 632//2057 713//2057
f 2420//2058 2397//2058 2421//2058
f 2420//2059 2423//2059 2422//2059
f 2424//2060 2422//2060 2419//2060
f 2424//2061 2398//2061 2420//2061
f 2425//2062 2392//2062 2426//2062
f 2421//2063 2426//2063 2423//2063
f 2397//2064 2425//2064 2421//2064
f 2396//2065 2391//2065 2425//2065
f 2427//2066 2315//2066 2314//2066
f 2427//2067 2408//2067 2428//2067
f 2430//2068 2428//2068 2429//2068
f 2343//2069 2427//2069 2430//2069
f 2432//2070 2430//2070 2431//2070
f 2431//2071 2429//2071 2433//2071
f 2435//2072 2433//2072 2434//2072
f 2436//2073 2431//2074 2435//2075
f 2428//2076 2407//2076 2437//2076
f 2422//2077 2407//2077 2419//2077
f 2438//2078 2422//2078 2423//2078
f 2429//2079 2437//2079 2438//2079
f 2440//2080 2433//2080 2439//2080
f 2441//2081 2433//2081 2429//2081
f 2442//2082 2439//2082 2441//2082
f 2443//2083 2440//2083 2439//2083
f 2445//2084 2444//2085 2443//2086
f 2447//2087 2443//2087 2442//2087
f 2383//2088 2445//2088 2447//2088
f 2381//2089 2446//2089 2445//2089
f 2448//2090 2423//2090 2426//2090
f 2449//2091 2426//2091 2392//2091
f 2441//2092 2449//2092 2442//2092
f 2441//2093 2438//2093 2448//2093
f 2449//2094 2390//2094 2450//2094
f 2450//2095 2389//2095 2451//2095
f 2447//2096 2451//2096 2383//2096
f 2442//2097 2450//2097 2447//2097
f 2451//2098 2453//2098 2452//2098
f 2452//2099 2455//2099 2454//2099
f 2382//2100 2454//2100 2384//2100
f 2383//2101 2452//2101 2382//2101
f 2456//2102 2373//2102 2372//2102
f 2459//2103 2461//2103 2458//2103
f 2463//2104 2465//2104 2462//2104
f 2462//2105 2285//2105 2284//2105
f 2466//2106 2284//2106 2290//2106
f 2467//2107 2462//2107 2466//2107
f 2461//2108 3703//2108 3701//2108
f 2468//2109 2470//2109 2471//2109
f 2472//2110 2471//2110 2473//2110
f 2474//2111 3701//2111 3688//2111
f 2475//2112 2477//2112 2478//2112
f 2458//2113 2453//2113 2479//2113
f 2479//2114 2389//2115 2388//2116
f 2395//2117 2479//2118 2388//2119
f 2480//2120 2458//2121 2479//2122
f 2481//2123 2483//2123 2478//2123
f 2484//2124 2485//2124 221//2124
f 2471//2125 2464//2126 2463//2127
f 2473//2128 2463//2128 2467//2128
f 2487//2129 2466//2129 2486//2129
f 2486//2130 2290//2130 2488//2130
f 2490//2131 2488//2131 2489//2131
f 2491//2132 2486//2133 2490//2134
f 2492//2135 2467//2135 2487//2135
f 2493//2136 2487//2136 2491//2136
f 2494//2137 2492//2137 2493//2137
f 2495//2138 2473//2138 2492//2138
f 3690//2139 2474//2139 3688//2139
f 3691//2140 2496//2140 3690//2140
f 2498//2141 2493//2141 2499//2141
f 2500//2142 2499//2142 2501//2142
f 3700//2143 2498//2143 2500//2143
f 3687//2144 2494//2144 2498//2144
f 2306//2145 2278//2145 2300//2145
f 2305//2146 2504//2146 2306//2146
f 2504//2147 2507//2147 2506//2147
f 2506//2148 2288//2148 2508//2148
f 2274//2149 2508//2149 2275//2149
f 2278//2150 2506//2150 2274//2150
f 3633//2151 2489//2151 2488//2151
f 3620//2152 2488//2152 2290//2152
f 2507//2153 2289//2153 2288//2153
f 2505//2154 2509//2154 2507//2154
f 2508//2155 2287//2155 2511//2155
f 2511//2156 2281//2156 2280//2156
f 2370//2157 2280//2158 2282//2159
f 2275//2160 2511//2161 2370//2162
f 2512//2163 2489//2163 2513//2163
f 2514//2164 2513//2165 2515//2166
f 2517//2167 2514//2167 2516//2167
f 2517//2168 2490//2169 2512//2170
f 2499//2171 2491//2171 2517//2171
f 2499//2172 2516//2173 2501//2174
f 2510//2175 2519//2175 2518//2175
f 2518//2176 2521//2177 2520//2178
f 3616//2179 2520//2179 3621//2179
f 3632//2180 2518//2180 3616//2180
f 2522//2181 2303//2181 2310//2181
f 2523//2182 2310//2183 2309//2184
f 2305//2185 2522//2185 2524//2185
f 2524//2186 2523//2186 2525//2186
f 2519//2187 2525//2188 2521//2189
f 2505//2190 2524//2191 2519//2192
f 2308//2193 2527//2193 2526//2193
f 2526//2194 2529//2194 2528//2194
f 2531//2195 2528//2195 2530//2195
f 2309//2196 2526//2196 2531//2196
f 1214//2197 2151//2198 1211//2199
f 2419//2200 2418//2200 2424//2200
f 2533//2201 2349//2202 2317//2203
f 2534//2204 2317//2205 2320//2206
f 2535//2207 2533//2207 2534//2207
f 2536//2208 2345//2208 2533//2208
f 2537//2209 2346//2209 2536//2209
f 2538//2210 2536//2210 2535//2210
f 2539//2211 2537//2211 2538//2211
f 2540//2212 2351//2212 2537//2212
f 2312//2213 2541//2214 2527//2215
f 2527//2216 2542//2216 2529//2216
f 2543//2217 2434//2218 2544//2219
f 2545//2220 2544//2220 2546//2220
f 2319//2221 2543//2221 2545//2221
f 2318//2222 2435//2222 2543//2222
f 2514//2223 2548//2224 2547//2224
f 2547//2225 2550//2225 2549//2225
f 2552//2226 2549//2226 2551//2226
f 2552//2227 2514//2227 2547//2227
f 2520//2228 2554//2228 2553//2228
f 2553//2229 2556//2229 2555//2229
f 3590//2230 2555//2230 3593//2230
f 3621//2231 2553//2232 3590//2233
f 2523//2234 2531//2234 2557//2234
f 2557//2235 2530//2235 2558//2235
f 2525//2236 2557//2236 2559//2236
f 2559//2237 2558//2237 2560//2237
f 2554//2238 2560//2238 2556//2238
f 2521//2239 2559//2239 2554//2239
f 2561//2240 2007//2240 2006//2240
f 2376//2241 2225//2241 2377//2241
f 2564//2242 2566//2242 2563//2242
f 2563//2243 338//2243 2567//2243
f 2569//2244 2567//2244 2568//2244
f 2570//2245 2563//2245 2569//2245
f 2572//2246 2574//2246 2571//2246
f 2571//2247 2576//2248 2575//2249
f 2544//2250 2575//2250 2546//2250
f 2544//2251 2572//2252 2571//2247
f 2578//2253 2569//2254 2577//2255
f 2579//2256 2569//2256 2568//2256
f 2574//2257 2579//2258 2576//2259
f 2573//2260 2577//2261 2574//2262
f 2581//2263 2583//2264 2580//2265
f 2584//2266 2583//2266 2585//2266
f 3697//2267 2580//2268 2584//2269
f 3676//2270 2580//2270 3675//2270
f 2582//2271 2552//2271 2583//2271
f 2583//2272 2551//2272 2585//2272
f 2500//2273 2589//2273 2588//2273
f 2590//2274 2589//2274 2591//2274
f 3693//2275 2588//2275 2590//2275
f 3695//2276 2500//2276 2588//2276
f 2501//2277 2591//2277 2589//2277
f 2592//2278 2594//2279 2595//2280
f 2386//2281 2503//2281 2502//2281
f 2596//2282 2386//2282 2374//2282
f 2596//2283 2373//2283 2597//2283
f 2599//2284 2597//2284 2598//2284
f 2599//2285 2379//2285 2596//2285
f 2600//2286 2380//2287 2599//2288
f 2600//2289 2598//2289 2601//2289
f 2603//2290 2601//2290 2602//2290
f 2603//2291 2446//2291 2600//2291
f 2604//2292 2602//2293 2605//2294
f 2440//2295 2605//2295 2434//2295
f 2444//2085 2604//2296 2440//2297
f 2606//2298 2581//2298 2607//2298
f 2606//2299 2590//2299 2591//2299
f 2591//2300 2582//2300 2606//2300
f 3676//2301 2456//2301 3689//2301
f 3689//2302 2372//2302 3693//2302
f 2478//2303 2608//2303 2481//2303
f 2609//2304 2611//2305 2199//2306
f 2564//2307 2613//2307 2612//2307
f 2612//2308 2598//2308 2597//2308
f 2457//2309 2597//2310 2373//2311
f 2565//2312 2612//2312 2457//2312
f 2614//2313 2570//2313 2578//2313
f 2615//2314 2578//2314 2573//2314
f 2602//2315 2614//2315 2615//2315
f 2601//2316 2613//2316 2614//2316
f 2572//2317 2605//2317 2616//2317
f 2616//2318 2602//2318 2615//2318
f 2573//2319 2616//2319 2615//2319
f 1459//2320 1045//2320 1021//2320
f 1265//2321 1079//2321 1082//2321
f 1612//2322 1609//2322 1611//2322
f 2067//2323 2069//2323 2068//2323
f 1135//2324 1136//2324 1148//2324
f 1938//2325 2618//2325 2617//2325
f 95//2326 458//2326 128//2326
f 2058//2327 1608//2327 1612//2327
f 1454//2328 1445//2328 1367//2328
f 655//2329 1048//2329 2619//2329
f 722//2330 2621//2330 723//2330
f 1131//2331 1033//2331 1134//2331
f 562//2332 366//2332 1497//2332
f 1723//2333 1725//2333 1591//2333
f 1786//2334 1122//2334 1787//2334
f 267//2335 323//2335 266//2335
f 1325//2336 1654//2336 2038//2336
f 1468//2337 1435//2338 1479//2339
f 658//2340 529//2341 528//2342
f 8//2343 247//2343 7//2343
f 382//2344 1559//2344 3//2344
f 788//2345 1307//2345 789//2345
f 940//2346 929//2346 928//2346
f 911//2347 2623//2348 912//2349
f 2621//2350 655//2350 654//2350
f 2624//2351 2625//2351 2626//2351
f 998//2352 27//2352 26//2352
f 635//2353 2626//2353 2625//2353
f 2627//2354 644//2354 1840//2354
f 2628//2355 1840//2355 2629//2355
f 1200//2356 2627//2356 2628//2356
f 1199//2357 641//2357 2627//2357
f 1520//2358 49//2358 477//2358
f 1452//2359 1349//2359 1451//2359
f 2630//2360 1859//2360 1858//2360
f 644//2361 1335//2361 1823//2361
f 1197//2362 717//2362 2632//2362
f 2632//2363 719//2364 1166//762
f 2628//2365 1166//2365 1200//2365
f 2629//2366 2632//2366 2628//2366
f 1762//2367 1050//2367 821//2367
f 1823//2368 873//2368 1839//2368
f 2634//2369 794//2369 652//2369
f 1028//2370 1027//2370 1161//2370
f 1042//2371 2635//2371 1043//2371
f 93//2372 1901//2372 1924//2372
f 2036//2373 1458//2374 1455//2375
f 1527//2376 1525//2376 1526//2376
f 877//2377 1274//2377 1277//2377
f 134//2378 797//2378 1544//2378
f 1328//2379 931//2379 1329//2379
f 607//2380 1091//2380 1161//2380
f 1043//2381 2637//2381 2636//2381
f 2636//2382 2639//2382 2638//2382
f 1275//2383 2638//2383 1276//2383
f 1275//2384 1043//2384 2636//2384
f 1272//2385 2626//2386 2640//2385
f 2640//2387 638//2387 637//2387
f 1110//2388 2640//2388 637//2388
f 536//2389 2640//2389 2641//2389
f 1472//2390 1474//2390 1473//2390
f 2042//2391 1951//2391 649//2391
f 1058//2392 1105//2392 1059//2392
f 2642//2393 2643//2393 2644//2393
f 1192//2394 2644//2394 1193//2394
f 912//2395 2642//2395 1192//2395
f 3898//2396 3526//2396 3786//2396
f 1049//2397 2620//2397 2621//2397
f 616//2398 1885//2398 613//2398
f 1331//2399 666//2399 750//2399
f 990//2400 1198//2400 525//2400
f 1911//2401 321//2401 322//2401
f 1298//2402 1205//2402 2645//2402
f 76//2403 1504//2403 75//2403
f 1502//2404 421//2405 422//2406
f 610//2407 658//2407 691//2407
f 1146//2408 659//2408 938//2408
f 2646//2409 914//2409 936//2409
f 1280//2410 1238//2410 1279//2410
f 975//2411 2647//2411 2648//2411
f 2647//2412 975//2412 974//2412
f 1453//2413 1452//2413 1451//2413
f 1514//2414 158//2414 151//2414
f 835//2415 1843//2415 1842//2415
f 1271//2416 1173//2416 1289//2416
f 2649//2417 813//2417 2650//2417
f 1893//2418 1826//2418 1894//2418
f 1050//2419 1937//2419 1051//2419
f 2651//2420 814//2420 813//2420
f 1006//2421 1281//2421 977//2421
f 2653//2422 2654//2422 2655//2422
f 1001//2423 1003//2424 1002//2425
f 585//2426 679//2426 558//2426
f 2624//2427 621//2427 620//2427
f 555//2428 2028//2428 556//2428
f 1207//2429 1197//2429 2629//2429
f 1626//2430 478//2430 472//2430
f 426//2431 419//2432 1567//2431
f 1030//2433 1773//2433 1031//2433
f 3898//2434 634//2434 3880//2434
f 534//2435 138//2436 262//2437
f 1125//2438 1042//2439 1041//2440
f 333//2441 88//2441 227//2441
f 569//2442 561//2442 730//2442
f 1489//2443 871//2443 870//2443
f 1857//2444 620//2444 891//2444
f 1673//2445 3770//2445 3763//2445
f 622//2446 864//2446 1308//2446
f 2647//2447 974//2447 2657//2447
f 619//446 891//2448 620//444
f 261//2449 545//2449 262//2449
f 393//2450 1556//2450 404//2450
f 2658//2451 2647//2451 2657//2451
f 1075//2452 2657//2452 917//2452
f 1081//2453 2658//2453 1075//2453
f 1080//2454 2659//2454 2658//2454
f 2644//2455 1141//2455 2660//2455
f 2660//2456 1140//2456 1336//2456
f 642//2457 1336//2457 643//2457
f 1193//2458 2660//2459 642//2460
f 679//2461 555//2461 558//2461
f 1503//2462 1500//2462 1502//2462
f 1318//2463 1101//2463 1100//2463
f 2661//2464 1139//2464 1142//2464
f 2661//2465 2663//2465 2662//2465
f 2662//2466 2659//2466 2661//2466
f 2662//2467 2622//2467 2664//2467
f 2664//2468 911//2468 2646//2468
f 2648//2469 2646//2469 1146//2469
f 2648//2470 2662//2470 2664//2471
f 2083//2472 2093//2472 2081//2472
f 1442//2473 1437//2473 1439//2473
f 519//2474 330//2474 51//2474
f 1885//2475 1209//2475 613//2475
f 799//2476 805//2476 804//2476
f 1946//2477 1952//2477 1953//2477
f 1302//2478 1253//2478 1252//2478
f 566//2479 224//2479 533//2479
f 1389//2480 928//2480 1388//2480
f 683//2481 681//2481 680//2481
f 836//2482 1842//2482 2665//2482
f 2665//2483 1845//2483 1303//2483
f 2666//2484 1303//2485 1302//2486
f 24//2487 2665//2487 2666//2487
f 831//2488 2650//2489 832//2490
f 1845//2491 1304//2491 1303//2491
f 2010//2492 2012//2492 2011//2492
f 1051//2493 2667//2493 2668//2493
f 1522//2494 1511//2494 1523//2494
f 531//2495 441//2495 522//2495
f 782//1903 1251//1905 1250//2496
f 1250//2497 2625//2497 2669//2497
f 2669//2498 1857//2499 1856//2500
f 783//2501 1856//2501 1037//2501
f 782//2502 2669//2502 783//2502
f 720//2503 2671//2504 721//2505
f 1055//2506 1930//2506 1056//2506
f 1333//2507 1251//2507 2251//2507
f 619//2508 1308//2508 1307//2508
f 652//2509 2619//2509 2634//2509
f 521//2510 1539//2510 1540//2510
f 1838//2511 537//2511 2672//2511
f 2672//2512 536//2512 2641//2512
f 1113//2513 2641//2513 1110//2513
f 1113//2514 1838//2514 2672//2514
f 1016//2515 1351//2515 1045//2515
f 3897//2516 570//2516 3894//2516
f 226//2517 104//2517 101//2517
f 3564//2518 3827//2518 1818//2518
f 1036//2519 1884//2519 1883//2519
f 2674//2520 1304//2520 2673//2520
f 2673//2521 1844//2521 2675//2521
f 1334//2522 2675//2522 1039//2522
f 1333//2523 2673//2523 1334//2523
f 2676//2524 1039//2524 2675//2524
f 1843//2525 2675//2525 1844//2525
f 942//2526 2676//2526 1843//2526
f 1074//2527 702//2527 2676//2527
f 811//2528 859//2528 858//2528
f 752//2529 1055//2529 753//2529
f 1200//2530 656//2530 1026//2530
f 1120//2531 874//2531 2677//2531
f 2677//2532 877//2532 1052//2532
f 1241//2533 1052//2533 1005//2533
f 1119//2534 2677//2534 1241//2534
f 1560//2535 151//2535 1515//2535
f 1208//2536 611//2536 523//2536
f 215//2537 736//2537 214//2537
f 1460//2538 1462//2538 1461//2538
f 1208//2539 1839//2539 873//2539
f 854//2540 1282//2540 1297//2540
f 72//2541 182//2541 179//2541
f 544//2542 1565//2542 512//2542
f 217//2543 456//2543 457//2543
f 2047//2544 930//2545 945//2546
f 1204//2547 1937//2547 2633//2547
f 913//2548 686//2548 685//2548
f 840//2549 1113//2549 1112//2549
f 1531//2550 730//2550 561//2550
f 2678//2551 1283//2551 801//2551
f 601//2552 1914//2552 602//2552
f 1537//2553 459//2553 460//2553
f 1819//2554 3509//2555 3527//2556
f 991//2557 862//2557 538//2557
f 2679//2558 1073//2558 1830//2558
f 2680//2559 983//2559 2256//2559
f 779//2560 2256//2560 1263//2560
f 778//2561 2680//2561 779//2561
f 2678//2562 1830//2563 2680//2564
f 180//2565 245//2565 40//2565
f 1886//2566 1131//2566 1134//2566
f 1138//2567 1274//2567 1255//2567
f 1841//2568 1140//2569 1139//2570
f 75//2571 314//2571 74//2571
f 193//2572 420//2572 192//2572
f 2681//2573 1099//2573 1098//2573
f 170//2574 1565//2574 169//2574
f 349//2575 417//2575 432//2575
f 1121//2576 2684//2576 2683//2576
f 547//2577 409//2577 302//2577
f 123//2578 121//2578 120//2578
f 2643//2579 1142//2580 1141//2581
f 1542//2582 513//2582 1543//2582
f 899//2583 907//2583 919//2583
f 1210//2584 676//2584 867//2584
f 791//2585 982//2585 892//2585
f 24//2586 837//2586 836//2586
f 893//2587 932//2587 931//2587
f 1860//2588 863//2588 862//2588
f 535//2589 862//2589 861//2589
f 832//2590 813//2590 812//2590
f 2650//2591 813//2591 832//2591
f 1569//2592 1547//2592 1568//2592
f 181//2593 542//2593 180//2593
f 660//2594 937//2594 688//2594
f 2013//2595 568//2595 2012//2595
f 887//2596 2631//2596 2630//2596
f 1524//2597 361//2597 78//2597
f 520//2598 162//2598 1529//2598
f 2653//2599 854//2599 2685//2599
f 1238//2600 2655//2600 2686//2600
f 718//2601 527//2601 530//2601
f 1492//2602 518//2602 1491//2602
f 792//2603 615//2603 793//2603
f 599//2604 1835//2604 596//2604
f 290//2605 456//2605 175//2605
f 312//2606 1552//2606 425//2606
f 1248//2607 1179//2607 1249//2607
f 153//2608 177//2608 178//2608
f 1240//2609 1222//2609 1221//2609
f 1257//2610 1235//2610 1071//2610
f 1291//2611 1083//2611 1222//2611
f 1052//2612 1277//2612 1053//2612
f 743//2613 2618//2613 1204//2613
f 444//2614 430//2614 443//2614
f 23//2615 1172//2615 1187//2615
f 2687//2616 1180//2616 1179//2616
f 102//2617 409//2617 134//2617
f 1283//2618 610//2618 801//2618
f 373//2619 650//2619 651//2619
f 1180//2620 1084//2620 1291//2620
f 855//2621 2655//2621 1237//2621
f 1173//2622 1917//2622 1174//2622
f 2689//2623 853//2623 2688//2623
f 2688//2624 1108//2624 1279//2624
f 2686//2625 1279//2625 1238//2625
f 2687//2626 2688//2626 2686//2626
f 2691//2627 1252//2628 2690//2629
f 2690//2630 850//2630 2689//2630
f 1248//2631 2689//2631 2687//2631
f 1248//2632 2691//2632 2690//2632
f 2692//2633 24//2633 2666//2633
f 2691//2634 2666//2634 1302//2634
f 1247//2635 2692//2635 2691//2635
f 1258//2636 617//2636 2692//2636
f 394//2637 1555//2637 393//2637
f 2693//2638 1259//2638 1223//2638
f 1072//2639 1262//841 1261//840
f 1257//2640 1168//2640 1258//2640
f 398//2641 1555//2641 1554//2641
f 871//2642 1314//2642 872//2642
f 1178//2643 1249//2643 1179//2643
f 1224//2644 1173//2644 1172//2644
f 1010//2645 2618//2645 742//2645
f 1175//2646 1292//2646 1269//2646
f 2654//2647 2686//2647 2655//2647
f 2694//2648 1216//2648 1264//2648
f 71//2649 1487//2650 70//2651
f 701//2652 1111//2652 1038//2652
f 1072//2653 2649//2653 2650//2653
f 1085//2654 22//2654 21//2654
f 895//2655 1264//2656 896//2657
f 1601//2658 1605//2658 1604//2658
f 1259//2659 1271//2659 1289//2659
f 21//2660 1220//2660 1083//2660
f 988//2661 538//2661 537//2661
f 598//2662 1336//2662 1140//2662
f 820//2663 1762//2663 821//2663
f 1050//2664 818//2664 821//2664
f 1298//2665 1761//2665 2652//2665
f 1168//2666 618//2667 617//2668
f 858//2669 1256//2669 833//2669
f 39//2670 516//2670 1536//2670
f 2652//2671 819//2672 814//2673
f 313//2674 315//2674 314//2674
f 2026//2675 1971//2675 2027//2675
f 2656//2676 596//2676 1835//2676
f 814//2677 818//2677 811//2677
f 2696//2678 813//2678 2649//2678
f 1260//2679 2649//2679 1261//2679
f 2693//2680 2696//2680 1260//2680
f 2697//2681 2651//2682 2696//2683
f 381//2684 390//2684 380//2684
f 3818//2685 1611//2685 1609//2685
f 1475//2686 1428//2686 1227//2686
f 1292//2687 1917//2687 1235//2687
f 1551//2688 354//2688 1518//2688
f 1526//2689 1523//2689 1511//2689
f 1593//2690 1595//2690 1573//2690
f 1232//2691 1246//2691 1249//2691
f 2695//2692 1223//2692 22//2692
f 2698//2693 1296//2693 2697//2693
f 2698//2694 2693//2694 2695//2694
f 2685//2695 2695//2695 1085//2695
f 2685//2696 1297//2696 2698//2696
f 562//2697 271//2697 272//2697
f 2652//2698 1296//2698 1298//2698
f 1365//2699 1364//2699 1363//2699
f 1958//2700 1953//2701 1957//2702
f 585//2703 2210//2703 997//2703
f 1561//2704 1515//2704 435//2704
f 975//2705 1146//2705 976//2705
f 347//2706 68//2706 346//2706
f 1038//2707 636//2707 1068//2707
f 2700//2708 780//2708 2699//2708
f 2699//2709 1036//2709 1883//2709
f 2701//2710 1883//2710 1829//2710
f 851//2711 2699//2711 2701//2711
f 2674//2712 2251//2712 2702//2712
f 2702//2713 781//2713 2700//2713
f 1253//2714 2700//2714 851//2714
f 1301//2715 2702//2716 1253//2717
f 1519//2718 388//2718 1550//2718
f 1273//2719 1280//2719 2703//2719
f 2703//2720 1107//2720 852//2720
f 2701//2721 852//2721 851//2721
f 1829//2722 2703//2722 2701//2722
f 91//2723 326//1044 90//1046
f 1784//2724 2656//2724 1785//2724
f 2683//2725 2705//2725 2704//2725
f 604//2726 3499//2727 3533//2728
f 1669//2729 3548//2729 1662//2729
f 2062//2730 2060//2730 2059//2730
f 621//2731 861//2732 622//2733
f 2023//2734 732//2734 2024//2734
f 686//2735 1263//2736 687//2737
f 857//2738 2668//2738 1328//2738
f 883//2739 882//2739 879//2739
f 637//2740 1111//2740 1110//2740
f 2668//2741 893//2741 1328//2741
f 2667//2742 894//2742 2668//2742
f 1039//2743 1068//2743 1334//2743
f 313//2744 1504//2744 1505//2744
f 1911//2745 305//2745 453//2745
f 1936//2746 1964//2746 2212//2746
f 2707//2747 2401//2747 2183//2747
f 2708//2748 2183//2748 2182//2748
f 738//2749 2116//2750 554//2751
f 2349//2752 2432//2752 2436//2752
f 2711//2753 2020//2753 2019//2753
f 2400//2754 2019//2754 2186//2754
f 2714//2755 2716//2755 2713//2755
f 2717//2756 2719//2756 2720//2756
f 2721//2757 2723//2758 2724//2759
f 2726//2760 2728//2760 2725//2760
f 2725//2761 2730//2761 2729//2761
f 2731//2762 2729//2762 2709//2762
f 2732//2763 2725//2763 2731//2763
f 2734//2764 2736//2764 2733//2764
f 2738//2765 2740//2765 2737//2765
f 2737//2766 2741//2766 2742//2766
f 2744//2767 2746//2767 2743//2767
f 2745//2768 2748//2768 2747//2768
f 2749//2769 2747//2769 2751//2769
f 2753//2770 2751//2770 2752//2770
f 2250//2771 2246//2771 2248//2771
f 2754//2772 1614//2772 2755//2772
f 3598//2773 2755//2773 3609//2773
f 3608//2774 2747//2774 3609//2774
f 1617//2775 2755//2775 1614//2775
f 2242//2776 1620//2776 2757//2776
f 2191//2777 2760//2777 2759//2777
f 2761//2778 2760//2778 2762//2778
f 3648//2779 2761//2779 3649//2779
f 3623//2780 2759//2780 3648//2780
f 3209//2781 3223//2781 3224//2781
f 1395//2782 2236//2782 2235//2782
f 1395//2783 1636//2783 1615//2783
f 1616//2784 2229//2784 2233//2784
f 1617//2785 2763//2785 2756//2785
f 2756//2786 3628//2786 3608//2786
f 2765//2787 2234//2787 1630//2787
f 2766//2788 3628//2788 3622//2788
f 3202//2789 3246//2789 3247//2789
f 1516//2790 435//2790 1515//2790
f 2768//2791 3552//2791 3553//2791
f 1495//2792 578//2793 1424//2794
f 2135//2795 28//2795 17//2795
f 3526//2796 2773//2797 2774//2798
f 1690//2799 3926//2799 3925//2799
f 2778//2800 2780//2800 2777//2800
f 2777//2801 2781//2801 2782//2801
f 2784//2802 2777//2802 2783//2802
f 3555//2803 575//2804 576//2805
f 1494//2806 9//2806 540//2806
f 3529//2807 2015//2807 3566//2807
f 451//2808 505//2808 450//2808
f 2786//2809 2788//2809 2785//2809
f 2779//2810 2785//2810 2780//2810
f 2789//2811 2741//2811 2740//2811
f 2790//2812 2752//2812 2789//2812
f 2792//2813 2794//2813 2791//2813
f 2793//2814 2796//2814 2794//2814
f 2796//2815 2750//2815 2749//2815
f 2794//2816 2749//2816 2753//2816
f 2798//2817 1396//2817 2754//2817
f 3591//2818 2754//2818 3598//2818
f 2798//2819 2800//2819 1393//2819
f 3591//2820 2799//2820 2798//2820
f 2797//2821 2795//2821 2801//2821
f 2791//2822 2753//2823 2790//2824
f 216//2825 232//1294 54//2826
f 3804//2827 2807//2827 3803//2827
f 3805//2828 2804//2829 3803//2830
f 2769//2831 3557//2831 3552//2831
f 183//2832 184//2832 97//2832
f 2811//2833 2775//2833 2776//2833
f 2804//2834 2776//2834 2805//2834
f 2809//2835 2811//2835 2804//2835
f 2812//2836 2813//2837 2814//2836
f 3805//2838 2816//2839 3795//2840
f 3796//2841 2815//2842 3795//2843
f 3798//2844 2820//2844 2821//2844
f 3793//2845 2819//2845 3798//2845
f 2824//2846 2735//2846 2819//2846
f 2823//2847 2824//2847 2819//2847
f 2825//2848 2826//2848 2724//2848
f 3793//2849 2827//2849 3792//2849
f 3796//2850 2826//2851 3792//2851
f 2713//2852 2829//2852 2828//2852
f 2828//2853 2831//2853 2830//2853
f 2822//2854 2828//2854 2830//2854
f 2821//2855 2713//2855 2828//2855
f 2832//2856 2822//2856 2830//2856
f 2833//2857 2830//2857 2831//2857
f 2834//2858 2832//2858 2833//2858
f 2835//2859 2827//2859 2832//2859
f 2837//2860 2839//2860 2836//2860
f 2836//2861 2841//2861 2840//2861
f 2842//2862 2840//2862 2727//2862
f 2843//2863 2836//2863 2842//2863
f 2840//2864 2845//2864 2844//2864
f 2718//2865 2845//2865 2719//2865
f 2730//2866 2844//2866 2718//2866
f 2727//2867 2844//2867 2728//2867
f 2846//2868 2719//2868 2845//2868
f 2846//2869 2841//2869 2847//2869
f 2829//2870 2847//2870 2831//2870
f 2829//2871 2716//2871 2846//2871
f 2847//2872 2839//2872 2848//2872
f 2848//2873 2838//2873 2849//2873
f 2833//2874 2849//2874 2834//2874
f 2831//2875 2848//2875 2833//2875
f 2850//2876 2851//2876 2852//2876
f 2853//2877 2852//2877 2854//2877
f 2783//2878 2782//2878 2855//2878
f 2785//2879 2853//2880 2856//2881
f 2780//2882 2856//2882 2781//2882
f 2857//2883 2855//2883 2782//2883
f 2859//2884 2782//2885 2781//2886
f 2861//2887 2842//2887 2860//2887
f 2860//2888 2727//2888 2726//2888
f 2862//2889 2726//2889 2732//2889
f 2863//2890 2860//2890 2862//2890
f 2861//2891 2858//2891 2857//2891
f 2843//2892 2857//2892 2859//2892
f 2856//2893 2854//2893 2864//2893
f 2781//2894 2864//2895 2859//2896
f 2837//2897 2859//2897 2864//2897
f 2838//2898 2864//2898 2854//2898
f 2852//2899 2834//2899 2849//2899
f 2854//2900 2849//2900 2838//2900
f 2865//2901 2818//2902 2835//2903
f 2851//2904 2835//2904 2834//2904
f 2813//2905 2815//2905 2865//2905
f 2814//2906 2865//2906 2851//2906
f 2866//2907 2814//2907 2850//2907
f 2788//2908 2850//2908 2853//2908
f 2866//2909 2787//2909 2867//2909
f 2812//2910 2867//2910 2775//2910
f 1892//2911 1890//2911 1891//2911
f 2720//2912 2846//2912 2870//2912
f 298//2913 256//2913 257//2913
f 2872//2914 2713//2914 2820//2914
f 3794//2915 2735//2915 2734//2915
f 2729//2916 2874//2916 2873//2916
f 2846//2917 2715//2917 2870//2917
f 2876//2918 2878//2919 2875//2920
f 2733//2921 2878//2922 2734//2923
f 3806//2924 2879//2924 2880//2924
f 3806//2925 2872//2925 3794//2925
f 2882//2926 2884//2926 2881//2926
f 2881//2927 2715//2927 2714//2927
f 2880//2928 2714//2928 2872//2928
f 2879//2929 2881//2929 2880//2929
f 2885//2930 2887//2931 2888//2932
f 2888//2933 2890//2933 2885//2933
f 2885//2934 2892//2934 2891//2934
f 2893//2935 2885//2935 2891//2935
f 1942//2936 2532//2936 2894//2936
f 2895//2937 2720//2937 2870//2937
f 2884//2938 2870//2938 2715//2938
f 2883//2939 2895//2939 2884//2939
f 2896//2940 2892//2940 2895//2940
f 2889//2941 2717//2941 2890//2941
f 2890//2942 2720//2942 2892//2942
f 2897//2943 2891//2943 2896//2943
f 2898//2944 2896//2945 2883//2946
f 2899//2947 2883//2947 2882//2947
f 2900//2948 2882//2948 2879//2948
f 3797//2949 2879//2949 3807//2949
f 2876//2950 2901//2951 2877//2952
f 2901//2953 2904//2953 2903//2953
f 1785//2954 1835//2954 1834//2954
f 2905//2955 2899//2955 2900//2955
f 2907//2956 2897//2956 2898//2956
f 3797//2957 2903//2957 3799//2957
f 632//2958 577//2958 633//2958
f 3532//2959 2867//2959 2787//2959
f 434//2960 550//2960 350//2960
f 2768//2961 3640//2961 3643//2961
f 2910//2962 1623//2963 2249//2964
f 2241//2965 2758//2965 2242//2965
f 3640//2966 2913//2966 3652//2966
f 1623//2967 2757//2968 1620//2969
f 3587//2970 2757//2970 3652//2970
f 2229//2971 1380//2971 2250//2971
f 2765//2972 1629//2972 2914//2972
f 2915//2973 1629//2973 2912//2973
f 3642//2974 2914//2974 2915//2974
f 3641//2975 2765//2976 2914//2977
f 2919//2978 3642//2978 3613//2978
f 2918//2979 2912//2979 2241//2979
f 3614//2980 2241//2980 3586//2980
f 3618//2981 3613//2981 3670//2981
f 3541//2982 2180//2982 3496//2982
f 3521//2983 2188//2983 3506//2983
f 3705//2984 714//2984 3851//2984
f 2925//2985 2917//2985 2924//2985
f 2924//2986 2916//2986 2919//2986
f 3610//2987 2919//2987 3618//2987
f 3611//2988 2924//2988 3610//2988
f 2926//2989 2766//2990 2925//2991
f 3658//2992 2925//2992 3611//2992
f 1715//2993 1705//2993 1710//2993
f 785//2994 498//2994 796//2994
f 1387//2995 565//2995 1791//2995
f 374//2996 1899//2997 560//2998
f 3573//2999 2206//2999 3556//2999
f 2929//3000 2886//3000 2893//3000
f 2932//3001 2934//3001 2931//3001
f 1905//3002 1908//3002 1907//3002
f 2930//3003 2936//3003 2937//3003
f 2938//3004 2930//3004 2929//3004
f 1493//3005 517//3005 518//3005
f 1603//3006 1586//3006 1602//3006
f 2939//3007 2929//3007 2908//3007
f 2940//3008 2908//3008 2907//3008
f 3665//3009 1600//3010 3661//3011
f 2886//3012 2937//3012 2887//3012
f 2906//3013 2898//3013 2899//3013
f 2908//3014 2893//3014 2897//3014
f 2942//3015 2933//3015 2941//3015
f 2941//3016 2937//3017 2936//3018
f 3501//3019 2936//3019 3513//3019
f 3498//3020 2941//3020 3501//3020
f 2943//3021 2710//3021 2873//3021
f 2943//3022 2874//3022 2889//3022
f 2945//3023 2889//3023 2888//3023
f 2946//3024 2943//3024 2945//3024
f 2932//3025 2888//3025 2887//3025
f 2931//3026 2945//3026 2932//3026
f 727//3027 1929//3027 728//3027
f 2903//3028 2947//3028 2948//3028
f 545//3029 42//3029 262//3029
f 1480//3030 533//3030 251//3030
f 2907//3031 2949//3031 2940//3031
f 2906//3032 2950//3032 2949//3032
f 1558//3033 215//3033 202//3033
f 3799//3034 2948//3034 3801//3034
f 2054//1534 1644//3035 2118//3036
f 3705//3037 2203//3037 3573//3037
f 1828//3038 1849//3038 1827//3038
f 2953//3039 2955//3039 2952//3039
f 2952//3040 2957//3041 2956//3042
f 2956//3043 2258//3043 2952//3043
f 2953//3044 2258//3044 2257//3044
f 2454//3045 2474//3045 2496//3045
f 3747//3046 2959//3046 3766//3046
f 3747//3047 2131//3047 3737//3047
f 2961//3048 2963//3048 2958//3048
f 2958//3049 2964//3049 2959//3049
f 222//3050 2485//3050 2965//3050
f 2477//3051 2966//3051 2608//3051
f 2631//3052 2006//3052 1859//3052
f 2384//3053 2496//3053 2497//3053
f 2967//3054 2959//3054 2964//3054
f 2968//3055 2970//3056 2969//3057
f 3759//3058 2971//3058 3784//3058
f 3784//3059 2960//3059 3766//3059
f 2972//3060 2033//3060 2032//3060
f 2007//3061 2973//3061 2008//3061
f 3560//3062 2134//3062 2133//3062
f 1836//3063 1832//3063 1831//3063
f 3506//3064 2090//3065 3551//3066
f 955//3067 959//3067 956//3067
f 672//3068 674//3068 673//3068
f 633//3069 713//3069 632//3069
f 2024//3070 733//3070 803//3070
f 2025//1685 803//3071 798//1678
f 425//3072 1550//3072 388//3072
f 2975//3073 888//3073 887//3073
f 1319//3074 1157//3074 2694//3074
f 1212//3075 2977//3075 1213//3075
f 889//3076 2228//3076 2227//3076
f 1978//3077 1975//3077 1979//3077
f 1138//3078 1329//3078 915//3078
f 751//3079 2979//3079 2978//3079
f 1619//3080 1625//3080 1624//3080
f 2252//3081 1728//3081 1727//3081
f 1157//3082 845//3082 1216//3082
f 2706//3083 1938//3083 2617//3083
f 2980//3084 2254//3085 2981//3086
f 2982//3087 887//3087 2630//3087
f 802//3088 711//3088 2679//3088
f 678//3089 2029//3089 2028//3089
f 527//3090 690//3090 528//3090
f 1839//3091 2629//3091 1840//3091
f 2983//3092 602//3093 1914//3094
f 2983//3095 1913//3095 1331//3095
f 2985//3096 1331//3096 1054//3096
f 2986//3097 2983//3097 2985//3097
f 2987//3098 2635//3098 2634//3098
f 2985//3099 2639//3099 2986//3099
f 2990//3100 1318//3100 2989//3100
f 2991//3101 2993//3101 2994//3101
f 2995//3102 2994//3102 2996//3102
f 1106//3103 2991//3103 2995//3103
f 1058//3104 2992//3104 2991//3104
f 1415//3105 1365//3105 1367//3105
f 1317//3106 2217//3107 2997//3108
f 1932//3109 2255//3109 2980//3109
f 926//3110 2999//3110 664//3110
f 3001//3111 2992//3112 3000//3113
f 3000//3114 1057//3114 2978//3114
f 2999//3115 2978//3115 2979//3115
f 2998//3116 3000//3116 2999//3116
f 3002//3117 2209//3117 3003//3117
f 3002//3118 2996//3118 2994//3118
f 2993//3119 3002//3119 2994//3119
f 3001//3120 2998//3120 3002//3120
f 1103//3121 2995//3121 3004//3121
f 3004//3122 2996//3122 3003//3122
f 2209//3123 3004//3123 3003//3123
f 588//3124 3004//3125 2210//3126
f 295//3127 433//3127 381//3127
f 2638//3128 2988//3128 3005//3128
f 3005//3129 1056//3130 1930//3131
f 1305//3132 1930//1513 1306//1512
f 1276//3133 3005//3133 1305//3133
f 1987//3134 1993//3134 1989//3134
f 2633//3135 1761//3135 2645//3135
f 1423//3136 1417//3136 1419//3136
f 3561//3137 739//3137 703//3137
f 2671//3138 2704//3138 2705//3138
f 1473//3139 2035//3140 1472//1802
f 922//3141 2694//3142 895//3143
f 1401//3144 1378//3144 1384//3144
f 556//3145 1884//3146 1037//3147
f 842//3148 3825//3148 3836//3148
f 1854//3149 2617//3149 1010//3149
f 933//3150 1081//3150 1075//3150
f 1440//3151 1436//3152 1437//3153
f 529//3154 719//3154 530//3154
f 1031//3155 1027//3155 1028//3155
f 777//3156 912//3156 1871//3156
f 2645//3157 1204//3157 2633//3157
f 441//3158 1538//3158 1537//3158
f 790//3159 587//3159 586//3159
f 2065//3160 1610//3160 1607//3160
f 1860//3161 990//3161 902//3161
f 60//3162 87//3162 59//3162
f 1424//3163 1948//3163 1947//3163
f 332//3164 1507//3164 331//3164
f 261//3165 138//3165 135//3165
f 187//3166 449//3166 507//3166
f 1719//3167 1726//3167 1725//3167
f 1931//3168 1059//3168 3006//3168
f 3006//3169 1105//3169 1104//3169
f 1287//3170 1104//3170 587//3170
f 1286//3171 3006//3171 1287//3171
f 3007//3172 3009//3173 3010//3174
f 3009//3175 653//3175 795//3175
f 618//3176 26//3176 25//3176
f 2029//3177 1210//3177 1209//3177
f 957//3178 600//3179 2228//3180
f 1049//3181 2228//3181 600//3181
f 2631//3182 3011//3182 2561//3182
f 890//3183 2227//3183 3011//3183
f 3011//3184 2145//3184 3012//3184
f 2561//3185 3012//3185 2375//3185
f 1026//3186 609//3186 608//3186
f 2706//3187 1961//3187 1964//3187
f 3013//3188 2485//3188 3014//3188
f 2148//3189 1267//3189 3015//3189
f 3015//3190 1266//3190 1311//3190
f 2997//3191 1101//3191 1317//3191
f 642//3192 1773//3192 1193//3192
f 186//3193 461//3193 511//3193
f 1041//3194 1320//3194 901//3194
f 1121//715 3017//3195 1122//713
f 2984//3196 2987//3196 3018//3196
f 3018//3197 2634//3197 2619//3197
f 1048//3198 3018//3198 2619//3198
f 603//3199 2984//3199 3018//3199
f 2679//3200 801//3200 802//3200
f 2062//3201 2074//3201 2061//3201
f 2061//3202 2076//3203 2064//3204
f 414//3205 1545//3205 1965//3205
f 3016//3206 2683//3206 3019//3206
f 3019//3207 2704//3207 2670//3207
f 3020//3208 2670//3208 720//3208
f 3007//3209 3019//3209 3020//3209
f 1871//3210 1091//3210 777//3210
f 3021//3211 1122//3211 3017//3211
f 3022//3212 3017//3212 3010//3212
f 1314//3213 3022//3213 1315//3213
f 1784//3214 3021//3215 1314//3216
f 1316//3217 1763//3217 611//3217
f 3023//3218 3010//3218 3009//3218
f 3023//3219 795//3219 1092//3219
f 1763//3220 1092//3221 1125//3222
f 1315//3223 3023//3223 1763//3223
f 3016//3224 3010//3225 3017//3226
f 752//3227 2978//3227 1057//3227
f 2986//3228 2637//3228 2987//3228
f 3024//3229 653//3229 3008//3229
f 3020//3230 3008//3230 3007//3230
f 720//3231 3024//3231 3020//3231
f 723//3232 654//3232 3024//3232
f 2681//3233 1268//3233 3025//3233
f 2671//2504 1268//3234 721//2505
f 2705//3235 3025//3235 2671//3235
f 1313//3236 3027//3237 1311//3238
f 3026//3239 3029//3239 3027//3239
f 3027//3240 3030//3240 3031//3240
f 1311//3241 3031//3241 3015//3241
f 2012//3242 731//3242 2023//3242
f 917//3243 974//3243 977//3243
f 743//3244 856//3244 744//3244
f 1888//3245 2030//3245 1425//3245
f 2682//3246 2684//3247 3032//3248
f 3032//3249 1124//3249 2989//3249
f 1100//3250 2989//3250 1318//3250
f 1099//696 3032//3251 1100//3252
f 1123//3253 2989//3253 1124//3253
f 3033//3254 1159//3254 1158//3254
f 2990//3255 1158//3255 1319//3255
f 1123//3256 3033//3256 2990//3256
f 1786//3257 1834//3257 3033//3257
f 1054//3258 2988//3258 2985//3258
f 2979//3259 664//3259 2999//3259
f 2623//3260 2663//3260 2643//3260
f 1095//3261 688//3261 687//3261
f 3034//3262 2261//3262 2956//3262
f 3036//3263 2956//3263 2957//3263
f 3037//3264 3034//3265 3036//3266
f 3038//3267 3035//3268 3034//3265
f 3040//3269 3026//3269 1313//3269
f 2263//3270 3041//3271 3040//3272
f 3042//3273 3043//3274 3041//3275
f 3041//3276 3028//3276 3026//3276
f 3044//3277 3043//3277 3039//3277
f 3046//3278 3045//3278 3044//3278
f 3047//3279 3049//3279 3045//3279
f 3043//3280 3049//3280 3028//3280
f 3038//3281 3051//3281 3050//3281
f 3050//3282 3053//3282 3052//3282
f 3052//3283 3044//3284 3050//3285
f 3039//3286 3050//3285 3044//3284
f 3054//3287 3039//3287 3042//3287
f 3042//3288 2262//3288 3054//3288
f 2261//3289 3054//3289 2262//3289
f 2216//3290 2997//3290 2217//3290
f 2212//3291 2667//3291 1936//3291
f 3056//3292 2209//3292 3055//3292
f 934//3293 1961//3293 1854//3293
f 2013//3294 3757//3294 567//3294
f 3058//3295 3060//3295 3061//3295
f 3059//3296 3063//3296 3060//3296
f 3060//3297 2213//3298 1963//3299
f 3061//3300 1963//3300 1962//3300
f 3063//3301 2214//3301 2213//3301
f 3062//3302 3064//3302 3063//3302
f 3065//3303 2260//3304 3064//3305
f 3064//3306 2215//3306 2214//3306
f 3066//3307 3031//3307 3030//3307
f 2608//3308 3067//3308 3066//3308
f 2966//3309 3068//3309 3067//3309
f 3031//3310 3068//3310 3015//3310
f 2455//3311 2461//3311 2474//3311
f 2476//3312 2226//3312 2477//3312
f 3551//3313 2089//3314 3525//3313
f 3526//3315 3769//3316 3786//3317
f 433//3318 355//3318 381//3318
f 2115//3319 1419//3319 2123//3319
f 3509//3320 2922//3320 3527//3320
f 3769//3321 2131//3321 2134//3321
f 3069//3322 2167//3323 2166//3324
f 2971//3325 2928//3325 2960//3325
f 2961//3326 2773//3327 2962//3328
f 3070//3329 2478//3329 2483//3329
f 2610//3330 3071//3330 2954//3330
f 2502//3331 2374//3331 2386//3331
f 3072//3332 2595//3332 3073//3332
f 2964//3333 3052//3333 2967//3333
f 3048//3334 3074//3334 3049//3334
f 2593//3335 3075//3335 3074//3335
f 3075//3336 3029//3336 3074//3336
f 3074//3337 3028//3337 3049//3337
f 3072//3338 3075//3338 2592//3338
f 3076//3339 2482//3340 2481//3341
f 2481//3342 3066//3342 3076//3342
f 3076//3343 3030//3343 3075//3343
f 2967//3344 3053//3344 2970//3344
f 2482//3345 3073//3345 2483//3345
f 479//3346 493//3346 494//3346
f 706//891 3873//3347 709//889
f 3561//3348 2221//1865 3517//1867
f 2013//3349 3754//3350 3755//3351
f 3533//3352 2016//3352 3529//3352
f 3562//3353 2222//3354 2974//3355
f 1171//3356 1155//3356 1176//3356
f 2586//3357 2565//3358 2587//3359
f 2982//3360 113//3360 2484//3360
f 2562//3361 3077//3361 3068//3361
f 2376//3362 3012//3363 3077//3364
f 3012//3365 2148//3366 3077//3367
f 3077//3368 3015//3368 3068//3368
f 2963//3369 3046//3369 2964//3369
f 3051//3370 2970//3371 3053//3372
f 1683//3373 491//3373 775//3373
f 3850//3374 1447//3374 3860//3374
f 1986//3375 3734//3375 3768//3375
f 3079//3376 2546//3376 2575//3376
f 3081//3377 2575//3377 2576//3377
f 1983//3378 3768//3378 3765//3378
f 3082//3379 2319//3379 2545//3379
f 3080//3380 2545//3380 2546//3380
f 3734//3381 3082//3381 3080//3381
f 3732//3382 2323//3382 3082//3382
f 1309//3383 1888//3384 748//3385
f 3073//3386 2772//3386 2771//3386
f 2760//3387 3084//3387 2762//3387
f 2760//3388 2088//3388 3083//3388
f 3085//3389 3086//3389 3087//3389
f 3089//3390 3090//3390 3088//3390
f 3089//3391 3084//3391 3085//3391
f 3092//3392 3090//3392 3091//3392
f 3093//3393 2744//3393 2743//3393
f 2751//3394 2748//3394 3093//3394
f 3093//3395 2752//3395 2751//3395
f 2742//3396 3093//3396 3094//3396
f 3094//3397 2743//3397 3095//3397
f 3096//3398 3098//3398 3087//3398
f 3099//3399 3087//3399 3086//3399
f 3097//3400 3095//3400 3098//3400
f 3100//3401 2746//3401 3101//3401
f 3101//3402 3102//3402 3100//3402
f 2764//3403 2927//3403 3101//3403
f 2745//3404 3101//3404 2746//3404
f 3102//3405 3091//3405 3100//3405
f 3100//3406 3095//3406 2743//3406
f 2869//3407 3592//3407 3634//3407
f 3102//3408 3104//3409 3092//3408
f 3658//3410 2869//3410 3634//3410
f 2927//3411 3103//3411 3102//3411
f 3098//3412 3091//3412 3090//3412
f 3087//3413 3090//3413 3085//3413
f 2088//3414 3105//3414 3083//3414
f 3083//3415 3086//3415 3084//3415
f 2483//3416 2771//3416 3070//3416
f 2401//3417 2185//3417 2321//3417
f 3099//3418 3105//3418 3106//3418
f 2125//3419 3106//3419 3105//3419
f 3108//3420 2742//3420 3107//3420
f 3107//3421 3094//3422 3097//3423
f 3110//3424 3107//3424 3109//3424
f 3109//3425 3097//3425 3096//3425
f 3111//3426 3096//3426 3099//3426
f 3112//3427 3109//3428 3111//3429
f 3113//3430 2737//3430 3108//3430
f 3115//3431 2722//3431 3114//3431
f 3117//3432 3114//3432 3116//3432
f 3119//3433 3116//3433 3118//3433
f 3118//3434 3120//3434 3121//3434
f 3116//3435 3113//3435 3120//3435
f 3122//3436 3111//3437 3123//3438
f 3122//3439 1755//3439 1754//3439
f 3124//3440 3126//3441 3127//3442
f 3125//3443 3121//3443 3126//3443
f 3128//3444 3118//3445 3125//3446
f 3129//3447 3125//3447 3124//3447
f 2020//3448 3128//3444 3129//3449
f 3853//3450 1346//3450 1352//3450
f 1065//3451 1047//3451 1066//3451
f 1814//3452 3830//3453 1649//3454
f 2021//3455 3129//3455 3130//3455
f 3111//3456 3106//3456 3123//3456
f 3123//3457 2207//3457 1755//3457
f 2377//3458 2224//3459 2973//3460
f 3014//3461 113//3461 112//3461
f 1756//3462 3782//3463 3767//3464
f 3131//3465 2530//3466 2528//3467
f 3133//3468 2528//3468 2529//3468
f 1753//3469 3767//3469 3775//3469
f 3134//3470 3127//3471 3135//3472
f 2327//3473 2314//3473 2313//3473
f 2436//3474 2317//2203 2349//2202
f 2018//3475 3711//3475 3712//3475
f 2534//3476 3137//3476 2535//3476
f 2320//3477 3136//3477 2534//3477
f 2185//3478 3712//3478 3771//3478
f 3138//3479 2542//3479 2539//3479
f 3134//3480 3744//3481 3745//3482
f 3785//3483 3134//3480 3745//3482
f 3140//3484 2539//3484 2538//3484
f 2535//3485 3140//3485 2538//3485
f 3711//3486 3130//3486 3785//3486
f 2558//3487 3132//3487 3141//3487
f 3782//3488 3141//3488 3132//3488
f 2560//3489 3141//3490 3142//3491
f 3760//3492 3142//3491 3141//3490
f 958//3493 2976//3493 2981//3493
f 1933//3494 2980//3494 3143//3494
f 2399//3495 2418//3495 2416//3495
f 2348//3496 2343//3497 2432//3498
f 2322//3499 2319//3499 2323//3499
f 2718//3500 2874//3500 2730//3500
f 2709//3501 2873//3501 2710//3501
f 2894//3502 1361//3502 1942//3502
f 346//3503 176//3503 347//3503
f 1876//3504 1882//3504 1881//3504
f 2802//3505 3607//3506 3592//3507
f 3104//3508 3088//3508 3092//3508
f 2974//3509 3649//3510 3603//3511
f 3089//3512 2761//3513 2762//3514
f 3088//3515 3145//3515 3089//3515
f 2803//3516 3603//3517 3607//3518
f 3870//3519 692//3519 628//3519
f 2123//3520 1418//3521 2126//3522
f 1365//3523 1368//3523 1367//3523
f 1581//3524 1782//3524 1783//3524
f 3569//3525 2129//3525 3520//3525
f 3555//3526 2002//3526 3521//3527
f 3146//3528 2551//3528 3147//3528
f 3751//3529 3147//3529 3750//3529
f 3742//3530 3146//3530 3751//3530
f 3149//3531 2585//3532 3146//3533
f 3196//3534 3197//3534 3195//3534
f 3604//3535 2191//3536 3623//3537
f 3142//3538 2556//3538 2560//3538
f 3777//3539 3150//3539 3142//3539
f 3646//3540 2550//3540 3593//3540
f 3150//3541 2555//3541 2556//3541
f 3778//3542 3151//3542 3150//3542
f 3788//3543 3152//3543 3646//3543
f 3153//3544 2551//3544 2549//3544
f 3152//3545 2549//3545 2550//3545
f 3781//3546 3153//3546 3152//3546
f 3776//3547 3147//3547 3153//3547
f 3148//3548 2206//3548 2205//3548
f 2183//3549 2321//3550 2184//3551
f 2132//3552 2928//3552 2133//3552
f 3684//3553 2204//3553 2203//3553
f 3719//3554 2197//3555 3721//3556
f 2594//3557 2773//3557 2951//3557
f 2595//3558 2951//3558 2772//3558
f 1870//3559 799//3559 1869//3559
f 3713//3560 2178//3560 3706//3560
f 3706//3561 3736//3561 3790//3561
f 336//3562 3774//3563 3722//3564
f 339//3565 3154//3565 336//3565
f 3789//3566 3149//3566 3742//3566
f 3683//3567 2584//3567 3149//3567
f 2963//3568 3048//3568 3047//3568
f 3722//3569 337//3570 336//3571
f 339//3572 2566//3572 2586//3572
f 3156//3573 2168//3573 2167//3573
f 2610//3574 2167//3575 2611//3576
f 2954//3577 3156//3577 2610//3577
f 3157//3578 2953//3579 2257//3580
f 3707//3581 2169//3581 3709//3581
f 2567//3582 3159//3582 2568//3582
f 337//3583 2567//3583 338//3584
f 3730//3585 2166//3585 3707//3585
f 3764//3586 1983//3586 3765//3586
f 2579//3587 3081//3587 2576//3587
f 2568//3588 3160//3588 2579//3588
f 3709//3589 2190//3590 3764//3591
f 3065//3592 3162//3592 3161//3592
f 3161//3593 1984//3593 2189//3593
f 3157//3594 2189//3594 2168//3594
f 2257//3595 3161//3596 3157//3597
f 734//3598 1922//3599 806//3600
f 3059//3601 2708//3602 3163//3603
f 3163//3604 2182//3604 1985//3604
f 3162//3605 1985//3606 1984//3607
f 3062//3608 3163//3608 3162//3608
f 3203//3609 3205//3609 3204//3609
f 2122//3610 1448//3611 1447//3612
f 3817//3613 1685//3613 3812//3613
f 139//3614 444//3614 69//3614
f 1570//3615 566//3615 533//3615
f 2957//3616 3165//3616 3036//3616
f 2955//3617 3164//3617 2957//3617
f 1912//3618 341//3618 1973//3618
f 3130//3619 3124//3619 3134//3619
f 1548//3620 319//3620 1547//3620
f 1949//3621 1327//3622 1887//3623
f 2969//3624 3078//3625 3167//3626
f 3167//3627 3169//3627 3168//3627
f 3724//3628 2017//3628 3720//3628
f 3720//3629 2033//3629 3759//3629
f 3168//3630 3165//3630 3170//3630
f 3170//3631 3164//3631 3171//3631
f 3779//3632 3171//3632 3756//3632
f 3724//3633 3170//3633 3779//3633
f 3171//3634 3166//3635 3172//3636
f 3172//3637 3071//3637 3173//3637
f 3752//3638 3173//3638 3749//3638
f 3756//3639 3172//3639 3752//3639
f 3169//3640 3036//3640 3165//3640
f 2593//3641 2962//3641 2594//3641
f 3173//3642 2609//2304 3174//3643
f 3174//3644 2199//3645 2198//3646
f 3783//3647 2198//3647 3719//3647
f 3749//3648 3174//3648 3783//3648
f 2190//3649 1984//3649 1983//3649
f 2196//3650 2767//3650 3148//3650
f 2119//3651 1414//3651 1448//3651
f 1464//3652 1466//3652 1465//3652
f 2199//3653 3069//3654 2200//3655
f 2457//3656 2587//3656 2565//3656
f 2226//3657 2562//3657 2966//3657
f 481//3658 1627//3658 1639//3658
f 333//3659 235//3659 236//3659
f 3078//3660 3037//3660 3169//3660
f 3040//3661 2997//3662 2263//3663
f 2219//3664 1933//3664 2220//3664
f 2385//3665 2497//3666 2503//3667
f 221//3668 3175//3668 2484//3668
f 2220//3669 3143//3670 3175//3671
f 3175//3672 2976//3672 2975//3672
f 2484//3673 2975//3673 2982//3673
f 2954//3674 3166//3675 2955//3676
f 2630//3677 110//3677 2982//3677
f 1547//3678 1952//3678 1955//3678
f 2091//3679 2188//3679 2187//3679
f 3733//3680 2178//3680 2177//3680
f 1918//3681 1927//3681 1926//3681
f 3563//3682 111//3682 3511//3682
f 955//3683 960//3683 954//3683
f 2037//3684 112//3684 3563//3684
f 3143//3685 2981//3685 2976//3685
f 2218//3686 2214//3686 2215//3686
f 672//3687 3787//3687 3541//3687
f 2152//3688 3014//3688 2037//3688
f 1147//3689 1143//3689 1145//3689
f 2248//3690 1409//3690 2245//3690
f 1615//3691 1635//3691 1616//3691
f 1410//3692 2246//3692 2247//3692
f 3241//3693 3242//3694 3240//3695
f 3177//3696 1383//3696 1382//3696
f 2238//3697 3176//3697 1382//3697
f 3176//3698 2230//3698 3178//3698
f 1410//3699 3179//3699 1407//3699
f 3179//3700 2243//3700 1407//3700
f 1633//3701 2800//3701 2249//3701
f 1621//3702 2758//3702 2912//3702
f 1622//3703 2245//3703 1634//3703
f 2236//3704 3181//3704 3182//3704
f 2237//3705 3182//3705 3183//3705
f 2250//3706 2233//3706 2229//3706
f 2912//3707 1628//3707 1621//3707
f 135//3708 1564//3708 1563//3708
f 1567//3709 512//3709 1565//3709
f 1085//3710 2653//3710 2685//3710
f 3184//3711 868//3711 3056//3711
f 869//3712 3057//3712 934//3712
f 1266//3713 1098//3713 1312//3713
f 1267//3714 722//3714 721//3714
f 937//3715 2646//3715 936//3715
f 2146//3716 722//3716 2147//3716
f 2211//3717 921//3717 2667//3717
f 1957//3718 507//3718 449//3718
f 1313//3719 2264//3719 3040//3719
f 1496//3720 1493//3720 1492//3720
f 2681//3721 2705//3721 2682//3721
f 2887//3722 2933//3722 2932//3722
f 1687//3723 1659//3723 1694//3723
f 145//3724 1498//3724 81//3724
f 1317//3725 1319//3725 2694//3725
f 37//3726 418//3726 71//3726
f 1935//3727 3185//3727 2977//3727
f 104//3728 301//3728 103//3728
f 2101//3729 2083//1523 2084//1522
f 543//3730 360//3730 207//3730
f 1934//3731 3186//3731 3185//3731
f 234//3732 212//3732 237//3732
f 3845//3733 1822//3733 1824//3733
f 1976//3734 1874//3734 1974//3734
f 223//3735 2219//3735 220//3735
f 3655//3736 3605//3736 3612//3736
f 468//3737 773//3737 2165//3737
f 1935//3738 1728//3738 1932//3738
f 3240//3739 3226//3739 3235//3739
f 3261//3740 3250//3740 3260//3740
f 3215//3741 3244//3741 3264//3741
f 3265//3742 3215//3742 3264//3742
f 3267//3743 3198//3743 3196//3743
f 3205//3744 3269//3744 3255//3744
f 3214//3745 3265//3745 3270//3745
f 3271//3746 3214//3746 3192//3746
f 3251//3747 3239//3747 3236//3747
f 3222//3748 3266//3748 3272//3748
f 3232//3749 3234//3749 3233//3749
f 3216//3750 3243//3750 3244//3750
f 3196//3751 3268//3751 3267//3751
f 3244//3752 3254//3752 3255//3752
f 3238//3753 3247//3753 3246//3753
f 3264//3754 3255//3754 3269//3754
f 3253//3755 3216//3755 3217//3755
f 3211//3756 3221//3756 3265//3756
f 3257//3757 3218//3757 3256//3757
f 3258//3758 3272//3758 3259//3758
f 3274//3759 3280//3759 3273//3759
f 3228//3760 3262//3760 3263//3760
f 3275//3761 3281//3761 3280//3761
f 3226//3762 3273//3762 3280//3762
f 3236//3763 3260//3763 3251//3763
f 3281//3764 3236//3764 3237//3764
f 3287//3765 3192//3765 3189//3765
f 3235//3766 3280//3766 3234//3766
f 3234//3767 3281//3768 3237//3769
f 3288//3770 3259//3770 3272//3770
f 3260//3771 3276//3772 3251//3772
f 3289//3773 3278//3773 3284//3773
f 3210//3774 3224//3774 3283//3774
f 3199//3775 3201//3775 3200//3775
f 3228//3776 3230//3776 3229//3776
f 3290//3777 3285//3777 3286//3777
f 3282//3778 3271//3778 3287//3778
f 3260//3779 3262//3779 3261//3779
f 3243//3780 3268//3780 3254//3780
f 3267//3781 3241//3781 3232//3781
f 3194//3782 3208//3782 3193//3782
f 3191//3783 3269//3783 3206//3783
f 3270//3784 3192//3784 3214//3784
f 3275//3785 3230//3786 3231//3787
f 3264//3788 3270//3788 3265//3788
f 3252//3789 3276//3789 3291//3789
f 3248//3790 3291//3790 3223//3790
f 3213//3791 3279//3791 3277//3791
f 3272//3792 3289//3792 3288//3792
f 3277//3793 3212//3793 3213//3793
f 3228//3794 3281//3795 3231//3796
f 3220//3797 3253//3797 3219//3797
f 3219//3798 3217//3798 3257//3798
f 3256//3799 3222//3799 3258//3799
f 3247//3800 3252//3800 3248//3800
f 3245//3801 3232//3801 3233//3801
f 3266//3802 3212//3802 3289//3802
f 3208//3803 3255//3803 3254//3803
f 3288//3804 3284//3804 3285//3804
f 3204//3805 3208//3805 3207//3805
f 560//3806 3187//3806 559//3806
f 3209//3807 3201//3807 3202//3807
f 3189//3808 3191//3808 3190//3808
f 448//3809 807//3809 447//3809
f 647//3810 122//3810 270//3810
f 1833//3811 1780//3811 1832//3811
f 510//3812 508//3812 507//3812
f 3210//3813 1887//3813 3201//3813
f 1887//3814 3200//3814 3201//3814
f 15//3815 3197//3815 3200//3815
f 16//3816 3195//3816 3197//3816
f 3195//3817 3187//3817 3194//3817
f 3194//3818 1899//3818 3207//3818
f 3207//3819 375//3820 3204//3821
f 387//3822 126//3822 127//3822
f 3189//3823 1760//3824 3287//3825
f 3577//3826 757//3826 758//3826
f 763//3827 2172//3827 2175//3827
f 3583//3828 3580//3828 3581//3828
f 3581//3829 3579//3829 3578//3829
f 3594//3830 3596//3830 3595//3830
f 3400//3831 3602//3831 3401//3831
f 3626//3832 3625//3832 3627//3832
f 3631//3833 3599//3833 3601//3833
f 3636//3834 3595//3834 3596//3834
f 3647//3835 3588//3835 3645//3835
f 3650//3836 3584//3837 3647//3838
f 3653//3839 3580//3839 3651//3839
f 3653//3840 3654//3840 3579//3840
f 1801//3841 3656//3841 3655//3841
f 3651//3842 3582//3842 3650//3842
f 3644//3843 3595//3843 3637//3843
f 1767//480 3659//3844 3660//481
f 1597//3845 3661//3845 1600//3845
f 1708//3846 3665//3846 3664//3846
f 3671//3847 3667//3847 3666//3847
f 3666//3848 3673//3848 3672//3848
f 1588//3849 3664//3849 1587//3849
f 2080//3850 3666//3850 2082//3850
f 2082//3851 3672//3851 2084//3851
f 3674//3852 3635//3852 3631//3852
f 3677//3853 3636//3854 3635//3855
f 3682//3856 3645//3857 3681//3858
f 3692//3859 3650//3859 3686//3859
f 3681//3858 3644//3860 3680//3861
f 786//3862 3692//3862 785//3862
f 3694//3863 3651//3863 3692//3863
f 785//3864 3686//3864 497//3864
f 497//3865 3682//3865 650//3865
f 650//3866 3681//3866 564//3866
f 3696//3867 3681//3867 3680//3867
f 3405//3868 3605//3868 3402//3868
f 3702//3869 3678//3870 3677//3871
f 3699//3872 3679//3872 3678//3872
f 3645//3857 3638//3873 3644//3860
f 1799//3874 3659//3874 1768//3874
f 3708//3875 3458//3876 3460//3877
f 3462//3878 3708//3878 3460//3878
f 3714//3879 564//3880 3696//3881
f 3615//3882 3602//3882 3600//3882
f 3710//3883 3696//3883 3698//3883
f 3635//3884 3596//3884 3599//3884
f 3629//3885 3627//3885 3630//3885
f 3597//3886 3599//3886 3596//3886
f 3630//3887 3715//3887 3629//3887
f 3627//3888 3597//3888 3594//3888
f 3717//3889 3723//3889 3718//3889
f 3715//3890 3660//3890 3629//3890
f 3716//3891 3725//3892 3715//3893
f 3668//3894 3661//3894 3725//3894
f 3668//3895 3717//3895 3667//3895
f 3667//3896 3718//3896 3673//3896
f 3727//3897 3673//3897 3718//3897
f 3728//3898 3672//3898 3673//3898
f 3726//3899 3718//3899 3723//3899
f 1576//3900 2084//3900 3672//3900
f 3727//3901 3731//3901 3729//3901
f 3203//3902 1387//3903 3190//3904
f 3190//3905 1791//3905 3189//3905
f 3283//3906 1949//3906 3210//3906
f 317//3907 259//3907 391//3907
f 2000//3908 3653//3908 3694//3908
f 3601//3909 3600//3909 3602//3909
f 3589//3910 3584//3910 3585//3910
f 3577//3911 756//3911 2170//3911
f 3585//3912 3582//3912 3583//3912
f 3678//3913 3637//3913 3636//3913
f 3204//3914 376//3914 3203//3914
f 1801//3915 3657//3915 1799//3915
f 3729//3916 3728//3916 3727//3916
f 1575//3917 3738//3917 1088//3917
f 3735//3918 1576//3919 3728//3920
f 1776//3921 1796//3922 1775//3923
f 1293//3924 1290//3924 1284//3924
f 1326//3925 1327//3925 12//3925
f 1294//3926 1234//3926 1290//3926
f 878//3927 1330//3927 1337//3927
f 497//3928 374//3928 498//3928
f 122//3929 413//3929 121//3929
f 3699//3930 3704//3930 3708//3930
f 3606//3931 3401//3931 3602//3931
f 3708//3932 3698//3932 3699//3932
f 3464//3933 3710//3933 3462//3933
f 3704//3934 3443//3934 3458//3934
f 439//3935 399//3935 438//3935
f 1512//3936 1526//3936 1511//3936
f 1668//3937 1738//3937 1671//3937
f 839//3938 1362//3938 838//3938
f 1362//3939 826//3939 1012//3939
f 3843//3940 1896//3941 3815//3942
f 2053//3943 2118//3943 2117//3943
f 3888//3944 2120//3944 2119//3944
f 696//3945 3816//3946 3831//3947
f 1826//3948 639//1000 640//999
f 3740//3949 3729//3949 3731//3949
f 956//3950 886//3950 960//3950
f 1980//3951 1922//3952 807//3953
f 33//3954 105//3955 164//3956
f 1343//3957 3856//3957 3857//3957
f 3907//3958 2128//3958 3902//3958
f 1766//3959 1582//3959 1594//3959
f 14//3960 2163//3960 738//3960
f 595//3961 99//3961 594//3961
f 3233//3962 3246//3962 3245//3962
f 1346//3963 1044//3963 1352//3963
f 748//3964 1425//3964 747//3964
f 3193//3965 3254//3966 3268//3967
f 3190//3968 3206//3968 3203//3968
f 3612//3969 3606//3969 3615//3969
f 3624//3970 3615//3970 3625//3970
f 3631//3971 3443//3971 3674//3971
f 3679//3972 3644//3972 3637//3972
f 3686//3973 3647//3973 3682//3973
f 3702//3974 3674//3975 3704//3976
f 3625//3977 3600//3977 3597//3977
f 3601//3978 3415//3978 3631//3978
f 3739//3979 3735//3980 3729//3981
f 3630//3982 3594//3982 3741//3982
f 3741//3983 3716//3983 3630//3983
f 1284//3984 1288//3984 1285//3984
f 3698//3985 3680//3985 3679//3985
f 1778//3986 1780//3987 1779//3988
f 1792//3989 1584//3989 1789//3989
f 695//3990 571//3990 694//3990
f 3638//3991 3594//3991 3595//3991
f 3741//3992 3588//3992 3589//3992
f 3247//3993 3209//3993 3202//3993
f 3292//3994 3294//3994 3295//3994
f 3296//3995 3298//3995 3299//3995
f 3299//3996 3300//3996 3301//3996
f 3302//3997 3304//3997 3305//3997
f 3306//3998 3308//3998 3309//3998
f 3307//3999 3311//3999 3308//3999
f 3303//4000 3301//4000 3300//4000
f 3312//4001 3304//4001 3313//4001
f 3314//4002 3316//4002 3317//4002
f 3318//4003 3320//4003 3321//4003
f 3324//4004 3321//4004 3325//4004
f 3326//4005 3328//4005 3323//4005
f 3329//4006 3331//4006 3332//4006
f 3333//4007 3335//4007 3336//4007
f 3337//4008 3339//4008 3340//4008
f 3333//4009 3341//4009 3342//4009
f 3342//4010 3343//4010 3344//4010
f 3319//4011 3344//4011 3343//4011
f 3338//4012 3334//4012 3339//4012
f 3346//4013 3302//4013 3347//4013
f 3305//4014 3347//4014 3302//4014
f 3312//4015 3223//4015 3349//4015
f 3350//4016 3340//4016 3351//4016
f 3312//4017 3348//4018 3305//4019
f 3352//4020 3341//4020 3326//4020
f 3311//4021 3354//4021 3308//4021
f 3341//4022 3327//4022 3326//4022
f 3359//4023 3361//4024 3362//4025
f 3360//4026 3250//4026 3249//4026
f 3318//4027 3345//4027 3319//4027
f 3364//4028 3318//4028 3324//4028
f 3314//4029 3324//4029 3365//4029
f 3366//4030 3301//4030 3346//4030
f 3299//4031 3367//4031 3296//4031
f 3308//4032 3368//4032 3309//4032
f 3369//4033 3295//4033 3294//4033
f 3317//4034 3364//4034 3314//4034
f 3370//4035 3317//4035 3316//4035
f 3325//4036 3365//4036 3324//4036
f 3352//4037 3319//4037 3343//4037
f 3296//4038 3353//4038 3311//4038
f 3297//4039 3311//4039 3310//4039
f 3363//4040 3354//4040 3345//4040
f 3345//4041 3353//4041 3344//4041
f 3344//4042 3367//4042 3342//4042
f 3366//4043 3342//4043 3367//4043
f 3347//4044 3334//4044 3346//4044
f 3339//4045 3348//4045 3340//4045
f 3348//4046 3351//4046 3340//4046
f 3363//4047 3369//4048 3368//4049
f 3294//4050 3368//4049 3369//4048
f 3293//4051 3309//4052 3294//4053
f 3331//4054 3374//4054 3332//4054
f 3346//4055 3333//4055 3366//4055
f 3323//4056 3352//4056 3326//4056
f 3356//4057 3321//4057 3320//4057
f 3355//4058 3325//4058 3321//4058
f 3357//4059 3371//4059 3325//4059
f 3322//4060 3320//4061 3352//4062
f 3361//4063 3329//4063 3362//4063
f 3373//4064 3375//4065 3374//4066
f 3374//4067 3376//4067 3332//4067
f 3329//4068 3376//4069 3362//4070
f 3327//4071 3372//4071 3328//4071
f 3336//4072 3375//4072 3327//4072
f 3335//4073 3376//4073 3375//4073
f 3376//4074 3337//4074 3362//4074
f 3337//4075 3359//4023 3362//4025
f 3359//4076 3276//4076 3250//4076
f 3377//4077 3295//4077 3370//4077
f 3277//4078 3315//4078 3278//4078
f 3371//4079 3379//4079 3365//4079
f 3378//4080 3358//4080 3380//4080
f 3365//4081 3315//4081 3314//4081
f 3316//4082 3279//4082 3370//4082
f 3282//4083 3370//4084 3279//4085
f 3313//4086 3224//4086 3312//4086
f 3378//4087 3284//4087 3379//4087
f 3380//4088 3285//4088 3378//4088
f 3379//4089 3278//4089 3315//4089
f 3276//4090 3351//4090 3291//4090
f 3291//4091 3349//4091 3223//4091
f 3313//4092 2965//4092 3013//4092
f 2965//4093 3303//4093 222//4093
f 222//4094 3300//4094 223//4094
f 223//4095 3298//4096 3186//4097
f 3298//4098 3185//4098 3186//4098
f 3297//4099 2977//4099 3185//4099
f 3310//4100 1213//4100 2977//4100
f 3307//4101 1214//4101 1213//4101
f 2532//4102 3306//4102 3293//4102
f 2894//4103 3293//4103 3292//4103
f 2871//4104 3292//4104 3377//4104
f 3253//4105 3240//4105 3242//4105
f 3283//4106 3013//4107 2152//4108
f 1997//4109 1889//4109 1892//4109
f 1237//4110 744//4110 855//4110
f 1535//4111 120//4112 121//4113
f 1531//4114 201//4114 214//4114
f 1119//4115 1032//4115 984//4115
f 946//4116 824//4116 947//4116
f 163//4117 5//4117 162//4117
f 3589//4118 3723//4118 3741//4118
f 1155//4119 1162//4119 1164//4119
f 427//4120 327//4120 424//4120
f 553//4121 796//4121 498//4121
f 3381//4122 2231//4122 2237//4122
f 3381//4123 2230//4123 2232//4123
f 2237//4124 3180//4124 3381//4124
f 3383//4125 3385//4125 3382//4125
f 3384//4126 3387//4126 3385//4126
f 3386//4127 3389//4127 3387//4127
f 3388//4128 3391//4129 3389//4130
f 3392//4131 3394//4131 3395//4131
f 3395//4132 3396//4132 3397//4132
f 3398//4133 3397//4133 3396//4133
f 3400//4134 3399//4134 3398//4134
f 3403//4135 3405//4135 3402//4135
f 3406//4136 3404//4136 3403//4136
f 3408//4137 3407//4137 3406//4137
f 3410//4138 3409//4139 3408//4139
f 3412//4140 3411//4140 3410//4140
f 3415//4141 3398//4141 3414//4141
f 3414//4142 3396//4142 3416//4142
f 3416//4143 3394//4143 3417//4143
f 3417//4144 3393//4145 3418//4146
f 3393//4147 3420//4148 3418//4149
f 3419//4150 3421//4150 3420//4150
f 3390//4151 3422//4151 3421//4151
f 3388//4152 3423//4152 3422//4152
f 3386//4153 3424//4153 3423//4153
f 3384//4154 3425//4154 3424//4154
f 3425//4155 3426//4155 3184//4155
f 2904//4156 3428//4156 2947//4156
f 3429//4157 2904//4157 2902//4157
f 3430//4158 2902//4159 2876//4160
f 2875//4161 3430//4158 2876//4160
f 3432//4162 2733//4162 2736//4162
f 2825//4163 3435//4163 2824//4163
f 3437//4164 3439//4164 3436//4164
f 3441//4165 3436//4165 3440//4165
f 2724//4166 3434//4166 2825//4166
f 3436//4167 3115//4168 3117//4169
f 3440//4170 3117//4170 3119//4170
f 3443//4171 3414//4171 3442//4171
f 3442//4172 3416//4172 3444//4172
f 3444//4173 3417//4173 3445//4173
f 3445//4174 3418//4174 3446//4174
f 3446//4175 3420//4175 3447//4175
f 3420//4176 3448//4176 3447//4176
f 3421//4177 3449//4177 3448//4177
f 3422//4178 3450//4178 3449//4178
f 3423//4179 3451//4179 3450//4179
f 3424//4180 3452//4180 3451//4180
f 3425//4181 3056//4181 3452//4181
f 3451//4182 2253//4182 2252//4182
f 3450//4183 2252//4183 1727//4183
f 3449//4184 1727//4184 2150//4184
f 3448//4185 2150//4185 1941//4185
f 3453//4186 3448//4186 1941//4186
f 3454//4187 3447//4187 3453//4187
f 3455//4188 3446//4188 3454//4188
f 3456//4189 3445//4189 3455//4189
f 3442//4190 3456//4191 3457//4192
f 3443//4193 3457//4193 3458//4193
f 3459//4194 3458//4194 3457//4194
f 3457//4195 3455//4195 3459//4195
f 3459//4196 3454//4196 3461//4196
f 3462//4197 3459//4197 3461//4197
f 3461//4198 3453//4198 3463//4198
f 3464//4199 3461//4199 3463//4199
f 3463//4200 1941//4200 1360//4200
f 3404//4201 3401//4201 3405//4201
f 3407//4202 3399//4202 3404//4202
f 3409//4203 3397//4203 3407//4203
f 3411//4204 3395//4204 3409//4204
f 3465//4205 3413//4205 3412//4205
f 3467//4206 3469//4207 3466//4208
f 3465//4209 3431//4209 3433//4209
f 3470//4210 3466//4211 3465//4212
f 3438//4213 3432//4213 3435//4213
f 3467//4214 3438//4214 3437//4214
f 3468//4215 3437//4215 3441//4215
f 3471//4216 3468//4216 3472//4216
f 3472//4217 3441//4217 3473//4217
f 3473//4218 3440//4219 2712//4220
f 2712//4221 3119//4221 3128//4221
f 3475//4222 3472//4222 3474//4222
f 3474//4223 3473//4223 3476//4223
f 3476//4224 2712//4224 2711//4224
f 3477//4225 2711//4225 2400//4225
f 3478//4226 3476//4226 3477//4226
f 3479//4227 3474//4227 3478//4227
f 3392//4228 3413//4228 3480//4228
f 3466//4229 3480//4229 3413//4229
f 3419//4230 3392//4230 3480//4230
f 3390//4231 3480//4231 3391//4231
f 3469//4232 3391//4232 3480//4232
f 3389//4233 3471//4233 3475//4233
f 3387//4234 3475//4234 3479//4234
f 3385//4235 3479//4236 3481//4237
f 3482//4238 2400//4238 2402//4238
f 3483//4239 3477//4239 3482//4239
f 3481//4240 3478//4240 3483//4240
f 3484//4241 2402//4241 2707//4241
f 3058//4242 2707//4242 2708//4242
f 3061//4243 3484//4243 3058//4243
f 3485//4244 3482//4244 3484//4244
f 3382//4245 3481//4245 3486//4245
f 3486//4246 3483//4246 3485//4246
f 3426//4247 3382//4247 3487//4247
f 3487//4248 3486//4248 1962//4248
f 3486//4249 3061//4249 1962//4249
f 1961//4250 3487//4250 1962//4250
f 3057//4251 3426//4251 3487//4251
f 3428//4252 3402//4252 3488//4252
f 3427//4253 3403//4253 3428//4253
f 3429//4254 3406//4254 3427//4254
f 3430//4255 3408//4256 3429//4257
f 3431//4258 3410//4259 3430//4255
f 3470//4260 3433//4260 3432//4260
f 3434//4261 3438//4261 3435//4261
f 2723//4262 3439//4262 3434//4262
f 2875//4263 3433//4263 3431//4263
f 2736//4264 3435//4264 3432//4264
f 2947//4265 3488//4265 3500//4265
f 3464//4266 1360//4266 3497//4266
f 1900//4267 1924//4267 1901//4267
f 1736//4268 1718//4268 1750//4268
f 1955//4269 1943//4269 1956//4269
f 1671//4270 1735//4270 1751//4270
f 1696//4271 1698//4271 1692//4271
f 1800//4272 1864//4272 1801//4272
f 2063//4273 2056//4273 2060//4273
f 1737//4274 1717//4274 1736//4274
f 1751//4275 1697//4275 1695//4275
f 943//4276 3899//4276 684//4276
f 3656//4277 3402//4277 3605//4277
f 1577//4278 1764//4278 1703//4278
f 3917//4279 1599//4279 3923//4279
f 1945//4280 82//4280 1944//4280
f 68//4281 7//4281 248//4281
f 147//4282 1543//4282 148//4282
f 1109//4283 1133//4283 1102//4283
f 1503//4284 1907//4284 1908//4284
f 1499//4285 1909//4285 1498//4285
f 452//4286 735//4286 215//4286
f 1824//4287 3835//4287 3845//4287
f 1825//4288 2068//4288 1824//4288
f 1463//4289 1022//4290 1194//4291
f 841//4292 1009//4292 1011//4292
f 1568//4293 1955//4293 1534//4293
f 1926//4294 1927//4294 1923//4294
f 1910//4295 1502//4295 1939//4295
f 1939//4296 422//4296 442//4296
f 309//4297 1940//4298 308//4299
f 1804//4300 1866//4300 1803//4300
f 269//4301 1954//4301 56//4301
f 2065//4302 2060//4302 2056//4302
f 3812//4303 1758//4303 3835//4303
f 280//4304 552//4304 1940//4304
f 1875//4305 1869//4305 1874//4305
f 1739//4306 1734//4307 1737//4308
f 1778//4309 1790//4309 1788//4309
f 310//4310 1915//4310 279//4310
f 1909//4311 1906//4311 1954//4311
f 1789//4312 1778//4312 1788//4312
f 978//4313 980//944 979//943
f 1584//4314 1731//4314 1583//4314
f 425//4315 311//4315 312//4315
f 148//4316 115//4316 116//4316
f 2044//4317 3894//4317 2046//4317
f 277//4318 1939//4318 551//4318
f 1943//4319 1945//4319 1944//4319
f 1461//4320 1463//4320 1464//4320
f 2253//4321 3056//4321 3055//4321
f 2981//4322 3489//4322 958//4322
f 2209//4323 3489//4323 3055//4323
f 2254//4324 3055//4324 3489//4324
f 2998//4325 958//4325 3489//4325
f 2826//4326 2721//2757 2724//2759
f 3490//4327 2721//4328 2817//4329
f 2816//4330 3490//4330 2817//4330
f 2334//4331 2296//4331 2335//4331
f 2298//4332 2334//4332 2336//4332
f 2301//4333 2336//4333 2338//4333
f 2311//4334 2338//4334 2354//4334
f 2312//4335 2354//4335 2355//4335
f 2359//4336 2361//4336 2360//4336
f 2335//4337 2359//4337 2360//4337
f 2414//4338 2365//4338 2364//4338
f 2413//4339 2361//4339 2365//4339
f 2355//4340 2540//4340 2541//4340
f 2541//4341 2539//4342 2542//4343
f 2722//4344 2739//4344 2738//4344
f 3114//4345 2738//4345 3113//4345
f 3110//4346 3121//4346 3120//4346
f 3108//4347 3120//4347 3113//4347
f 3122//4348 3127//3442 3126//3441
f 3112//4349 3126//4349 3121//4349
f 3127//4350 1753//4350 3135//4350
f 3139//4351 2529//4351 2542//4351
f 3744//4352 3133//4353 3139//4354
f 3490//4327 2740//4355 2739//4356
f 3491//4357 2789//4358 3490//4359
f 228//4360 91//4360 88//4360
f 245//4361 243//4361 242//4361
f 248//4362 247//4362 191//4362
f 2//4363 296//4363 295//4363
f 145//4364 300//4364 267//4364
f 327//4365 210//4365 328//4365
f 329//4366 331//4366 330//4366
f 250//4367 228//4367 236//4367
f 239//4368 240//4368 230//4368
f 373//4369 375//4369 374//4369
f 178//4370 176//4370 175//4371
f 1218//4372 1228//4372 1321//4372
f 3862//4373 1295//384 3854//4374
f 808//4375 824//4375 823//4375
f 3858//4376 1013//4376 1014//4376
f 3813//4377 1411//4378 1413//4379
f 2154//4380 2159//4380 2160//4380
f 3845//4381 1758//4381 1757//4381
f 306//4382 1922//4382 452//4382
f 2157//4383 1976//4384 1977//4385
f 708//4386 2031//4386 1474//4386
f 1450//4387 1227//4387 1428//4387
f 1672//4388 1605//4388 1624//4388
f 1813//4389 1821//4389 1816//4389
f 1717//4390 1715//4390 1718//4390
f 176//4391 402//4391 347//4391
f 1710//4392 3916//4392 3915//4392
f 1712//4393 1577//4393 1711//4393
f 1705//4394 1711//4394 1704//4394
f 971//4395 979//4395 970//4395
f 822//303 1094//4396 1102//301
f 2909//4397 2793//4397 2792//4397
f 2810//4398 2795//4398 2793//4398
f 2799//4399 2249//4399 2800//4399
f 3662//4400 2910//4400 2799//4400
f 2769//4401 2801//4401 2795//4401
f 3177//4402 3178//4402 3179//4402
f 3178//4403 3180//4403 3179//4403
f 3181//4404 1393//4404 2800//4404
f 3181//4405 1632//4405 3182//4405
f 3182//4406 2244//4406 3183//4406
f 3183//4407 2243//4407 3180//4407
f 3492//4408 2790//4408 3491//4408
f 2808//4409 3491//4357 2816//4410
f 2239//4411 3572//4411 2240//4411
f 1149//4412 3571//4412 3570//4412
f 1150//4413 3567//4413 3571//4413
f 2202//4414 3566//4414 2015//4414
f 2921//4415 3565//4415 2923//4415
f 3568//4416 2133//4417 2928//4418
f 1777//4419 1759//4419 1792//4419
f 1201//4420 1183//4420 1184//4420
f 3561//4421 2195//4421 2194//4421
f 3553//4422 2770//4422 2768//4422
f 3927//4423 1687//4424 1692//4425
f 1516//4426 154//4426 503//4426
f 3549//4427 2974//3355 2803//4428
f 3550//4429 2779//4429 2778//4429
f 2771//4430 3575//4430 3546//4430
f 3070//4431 3546//4431 3558//4431
f 3547//4432 2775//4432 2867//4432
f 1376//4433 1370//4434 1372//4434
f 2767//4435 3556//4435 2206//4435
f 2195//4436 3543//4436 2767//4436
f 2775//4437 3542//4437 2776//4437
f 3377//4438 3545//4438 2871//4438
f 3804//4439 3539//4439 2806//4439
f 2776//4440 3538//4440 2805//4440
f 2240//4441 3535//4441 2920//4441
f 2920//4442 3669//4442 3619//4442
f 3548//4443 2786//4443 2779//4443
f 1805//4444 1851//4444 1804//4444
f 3534//4445 2787//4445 2786//4445
f 2951//4446 3540//4446 3531//4446
f 2772//4447 3531//4448 3575//4449
f 2973//4450 3530//4450 3536//4450
f 2224//4451 3537//4452 3530//4453
f 1957//4454 320//4454 510//4454
f 306//4455 304//4455 303//4455
f 2770//4456 3528//4456 2913//4456
f 2913//4457 3574//4457 2239//4457
f 2923//4458 3527//4458 2922//4458
f 308//4459 431//4459 47//4459
f 207//4460 132//4460 543//4460
f 1879//4461 1881//4461 1880//4461
f 3733//4462 3525//4462 2089//4462
f 2475//4463 3558//4463 3524//4463
f 2476//4464 3524//4465 3523//4466
f 2223//4467 3523//4466 3537//4468
f 3522//4469 2803//4470 2802//4471
f 2037//4472 11//4472 1950//4472
f 1959//4473 450//4473 505//4473
f 2003//4474 3520//4474 2129//4474
f 9//4475 334//4475 540//4475
f 2009//4476 3518//4476 3567//4476
f 2008//4477 3536//4477 3518//4477
f 3877//4478 673//4478 3879//4478
f 3515//4479 2778//4479 2784//4479
f 2935//4480 3513//4480 2936//4480
f 111//4481 3570//4481 3511//4481
f 3510//4482 2935//4482 2938//4482
f 683//4483 3885//4483 943//4483
f 3508//4484 2810//4484 2909//4484
f 736//4485 732//4485 729//4485
f 1795//4486 1803//4487 1796//4488
f 3505//4489 2938//4489 2939//4489
f 3507//4490 2939//4490 2940//4490
f 2950//4491 3504//4491 2949//4491
f 2940//4492 3504//4492 3507//4492
f 3801//4493 3512//4493 2950//4493
f 2868//4494 3502//4494 2869//4494
f 2869//4495 3522//4495 2802//4495
f 1024//4496 1023//4496 1020//4496
f 3500//4497 2948//4497 2947//4497
f 551//4498 442//4498 443//4498
f 2972//4499 3568//4416 2928//4418
f 2032//4500 3499//4501 2972//4502
f 216//4503 1924//4503 1923//4503
f 203//4504 201//4504 200//4504
f 1828//4505 1847//4505 1837//4505
f 1958//4506 449//4506 450//4506
f 272//918 178//4507 175//916
f 2871//4508 3495//4508 1361//4508
f 3619//4509 3564//4509 2921//4509
f 2801//4510 3643//4510 3662//4510
f 2005//4511 3654//4511 2176//4511
f 960//4512 899//4512 962//4512
f 3657//4513 3612//4513 3624//4513
f 3780//4514 3646//4514 3151//4514
f 3151//4515 3593//4515 2555//4515
f 2193//4516 3623//4516 2194//4516
f 3607//4517 3145//4517 3144//4517
f 3603//4518 2761//4518 3145//4518
f 3592//4519 3144//4520 3104//4521
f 2926//4522 3634//4523 3103//4524
f 3634//4523 3104//4525 3103//4524
f 3755//4526 3746//4526 3753//4526
f 566//4527 3758//4527 2005//4527
f 3488//4528 1864//4528 3500//4528
f 1602//4529 2079//4529 2078//4529
f 2868//4530 3611//4530 2922//4530
f 2922//4531 3610//4531 2923//4531
f 2923//4532 3618//4532 2921//4532
f 3670//4533 2918//4533 3614//4533
f 3619//4534 3614//4534 2920//4534
f 2921//4535 3670//4535 3619//4535
f 2920//4536 3586//4536 2240//4536
f 3613//4537 2915//4537 2918//4537
f 2917//4538 3622//4539 3641//4540
f 2916//4541 3641//4541 3642//4541
f 2239//4542 3652//4542 2913//4542
f 2911//4543 3652//4543 2757//4543
f 3643//4544 2911//4545 2910//4546
f 2797//4547 3662//4547 3591//4547
f 2797//4548 3598//4548 2750//4548
f 3622//4549 2763//4549 2765//4549
f 3608//4550 2764//4550 2745//4550
f 2194//4551 3648//4551 2221//4551
f 2221//4552 3649//4552 2222//4552
f 2756//4553 3609//4554 2755//4555
f 2750//4556 3609//4556 2747//4556
f 3669//4557 1817//4557 3827//4557
f 3763//4558 1691//4558 1699//4558
f 2515//4559 3590//4559 2548//4559
f 2548//4560 3593//4560 2550//4560
f 2513//4561 3632//4561 3616//4561
f 2513//2165 3621//4562 2515//2166
f 2509//4563 3620//4563 2289//4563
f 2510//4564 3633//4564 2509//4564
f 2289//4565 3639//4565 2283//4565
f 2283//4566 3617//4566 2286//4566
f 2240//4567 3587//4567 2239//4567
f 3659//4568 3624//4569 3626//4570
f 716//4571 3887//4571 3888//4571
f 727//4572 3761//4572 1923//4572
f 2165//4573 2170//4573 2164//4573
f 3660//4574 3626//4574 3629//4574
f 3743//4575 3578//4576 3757//4577
f 2175//4578 769//4578 770//4578
f 2100//4579 2095//4579 2099//4579
f 3758//4580 3757//4577 3578//4576
f 640//4581 3568//4582 1826//4583
f 1653//4584 3553//4584 1651//4584
f 1895//4585 3530//4585 746//4585
f 746//4586 3537//4586 741//4586
f 1653//4587 3528//4587 3576//4587
f 3762//4588 1604//4588 1672//4588
f 2093//4589 2073//4589 2078//4589
f 959//4590 995//4590 884//4590
f 962//4591 919//4591 986//4591
f 1400//4592 1398//4592 1399//4592
f 1000//4593 1127//4593 1004//4593
f 956//4594 884//4594 885//4594
f 1662//4595 3550//4595 1661//4595
f 2034//4596 3546//4596 1654//4596
f 3926//4597 3539//4597 3802//4597
f 3535//4598 766//4598 1817//4598
f 3572//4599 765//4599 766//4599
f 334//4600 3571//4600 335//4600
f 1868//4601 3540//4601 1656//4601
f 1684//4602 1652//4602 1678//4602
f 1682//4603 775//4603 1807//4603
f 1585//4604 3762//1133 1700//1135
f 3763//4605 1672//4605 1673//4605
f 2173//4606 490//4606 491//4606
f 1658//4607 3547//4607 1752//4607
f 3556//4608 1650//4609 724//4610
f 1571//1080 2010//4611 1572//1078
f 1587//4612 3671//4612 2080//4612
f 2099//4613 2077//4614 2094//4615
f 787//4616 1999//4616 786//4616
f 2000//4617 786//4617 1999//4617
f 3155//4618 3697//4618 3683//4618
f 3713//4619 3683//4619 3789//4619
f 2180//4620 3685//4620 3684//4620
f 3496//4621 3684//4621 3705//4621
f 1684//4622 3840//4622 1651//4622
f 1760//4623 3495//4623 3545//4623
f 2607//4624 3693//4624 2590//4624
f 2581//4625 3689//4625 2607//4625
f 2371//4626 3700//4626 3695//4626
f 2371//4627 3693//4627 2372//4627
f 2587//3359 3675//4628 2586//3357
f 2586//4629 3697//4629 339//4629
f 2497//4630 3687//4630 2503//4630
f 2502//4631 3687//4632 3700//4633
f 2494//4634 3690//4634 2495//4634
f 3690//4635 2472//4635 2495//4635
f 3688//4636 2468//4636 2472//4636
f 3701//4637 2469//4637 2468//4637
f 726//4638 3892//4638 630//4638
f 581//4639 3518//4639 580//4639
f 10//4640 3570//4640 334//4640
f 1837//4641 3510//4641 1849//4641
f 741//4642 3523//4642 1300//4642
f 1299//4643 3558//4643 2034//4643
f 1851//4644 3504//4644 1866//4644
f 3527//4645 1820//4646 1819//4647
f 580//4648 3536//4649 1895//4650
f 1758//4651 3522//4651 3502//4651
f 1693//4652 3508//4652 1806//4652
f 3504//4653 1867//4653 1866//4653
f 1894//4654 3568//4655 3499//4655
f 2126//3522 3813//4656 3841//4657
f 3906//4658 3841//4658 3912//4658
f 2113//4659 3867//4659 2110//4659
f 2179//4660 3789//4660 3685//4660
f 624//4661 3904//4661 623//4661
f 2192//4662 3788//4662 3780//4662
f 2177//4663 3787//4663 3733//4663
f 1364//4664 3833//4664 1338//4664
f 3858//4665 1470//4665 1453//4665
f 3135//3472 3775//4666 3744//4667
f 2069//4668 3835//4668 2068//4668
f 1351//4669 3853//4669 1352//4669
f 2108//4670 3901//4670 499//4670
f 2089//4671 3736//4671 3733//4671
f 3828//4672 1358//4672 866//4672
f 2001//4673 3783//4673 2187//4673
f 2187//4674 3719//4675 2091//4676
f 2130//4677 3752//4677 2004//4677
f 2004//4678 3749//4678 2001//4678
f 2014//4679 3779//4679 2201//4679
f 2201//4680 3756//4680 2130//4680
f 3167//3626 3759//4681 2969//3624
f 3168//4682 3720//4682 3167//4682
f 3159//4683 3764//4683 3160//4683
f 3160//4684 3765//4684 3081//4684
f 3730//4685 3158//4685 337//4685
f 3158//4686 3709//4686 3159//4686
f 2200//4687 3730//4687 3722//4687
f 3685//4688 3742//4688 2204//4688
f 3722//3564 2197//4689 2200//4690
f 3790//4691 2092//4691 3721//4691
f 3774//4692 3721//3556 2197//3555
f 3154//4693 3790//4693 3774//4693
f 3155//4694 3706//4694 3154//4694
f 2091//4695 3721//4695 2092//4695
f 2196//4696 3750//4696 3776//4696
f 2193//4697 3776//4697 3781//4697
f 3604//4698 3781//4698 3788//4698
f 2086//4699 3780//4699 3778//4699
f 2087//4700 3778//4700 3777//4700
f 2204//4701 3751//4702 2205//4703
f 2205//4704 3750//4704 3148//4704
f 3909//4705 574//4705 692//4705
f 2124//4706 3777//4706 3760//4706
f 2208//4707 3760//4707 3782//4707
f 3711//4708 3140//4708 3137//4708
f 3785//4709 3138//4709 3140//4709
f 3745//4710 3139//4711 3138//4712
f 3771//4713 3136//4714 2322//4715
f 3712//4716 3137//4716 3136//4716
f 3775//4717 3131//4717 3133//4717
f 3767//4718 3132//4718 3131//4718
f 1813//4719 3838//4719 1814//4719
f 1293//4720 3856//4720 1344//4720
f 2184//4721 3748//4721 3732//4721
f 2181//4722 3732//4722 3734//4722
f 3765//4723 3079//4723 3081//4723
f 3768//4724 3080//4724 3079//4724
f 709//4725 3875//4726 2031//4727
f 2774//4728 3737//4728 3769//4728
f 3786//4729 2134//4729 3559//4729
f 3809//4730 766//4730 765//4730
f 2968//4731 3766//4731 2959//4731
f 2969//3057 3784//4732 2968//3055
f 2958//4733 3737//4733 2961//4733
f 2132//4734 3766//4734 2960//4734
f 2321//4735 3771//4736 3748//4737
f 3860//4738 1449//4738 28//4738
f 3905//4739 582//4739 710//4739
f 3886//4740 577//4740 574//4740
f 3847//4741 1818//4741 3827//4741
f 705//4742 3887//4742 2121//4742
f 3816//4743 3907//4743 698//4743
f 2111//4744 3911//4744 2113//4744
f 3810//4745 1366//4745 1411//4745
f 1812//4746 3822//4746 1815//4746
f 675//4747 3852//4747 674//4747
f 3496//4748 3851//4749 675//4750
f 2110//4751 3868//4751 2109//4751
f 2104//4752 3901//4752 2106//4752
f 2109//1568 3899//4753 944//1569
f 3842//4754 703//4755 739//4756
f 1680//4757 3846//4757 1684//4757
f 1639//4758 3819//4758 3818//4758
f 623//4759 3906//4759 697//4759
f 2139//4760 3866//4761 3865//4762
f 1808//4763 3844//4763 3837//4763
f 3820//4764 1819//4764 1820//4764
f 3872//4765 3900//4765 706//4765
f 1646//4766 3830//4766 1648//4766
f 3889//4767 633//4767 577//4767
f 2139//4768 3875//4768 18//4768
f 2156//4769 3871//4769 3874//4769
f 674//4770 3913//4770 3869//4770
f 2117//4771 3812//4771 2069//4771
f 1815//4772 3847//4772 3823//4772
f 3855//4773 1444//4773 1470//4773
f 697//4774 3912//4774 3816//4774
f 866//4775 3836//4775 3828//4775
f 3864//4776 2136//4777 2135//4778
f 3585//4779 3726//4779 3589//4779
f 3583//4780 3731//4780 3585//4780
f 3753//4781 3738//4782 3739//4783
f 3740//4784 3581//4785 3743//4786
f 1088//4787 3746//4787 1093//4787
f 3739//4788 3743//4788 3753//4788
f 2791//4789 3493//4790 2792//4791
f 3492//4792 2807//4792 3493//4792
f 2792//4793 3494//4793 2909//4793
f 3493//4794 2806//4794 3494//4794
f 3508//4795 3494//4795 3516//4795
f 3516//4796 2806//4796 3539//4796
f 2948//4797 3791//4797 3801//4797
f 2105//4798 3896//4798 2104//4798
f 3538//4799 3804//4799 2805//4799
f 680//4800 3876//4800 683//4800
f 1891//4801 3910//4801 3891//4801
f 2905//4802 3801//4802 2950//4802
f 2900//4803 3799//4803 2905//4803
f 2901//2951 3807//4804 2877//2952
f 2734//4805 3806//4805 3794//4805
f 2877//4806 3806//4807 2878//4808
f 2820//4809 3794//4809 2872//4809
f 2818//4810 3792//4810 2827//4810
f 2823//4811 3792//2851 2826//2851
f 2822//4812 3798//4812 2821//4812
f 2819//4813 3800//4813 3798//4813
f 2817//4814 3795//4814 2816//4814
f 2809//4815 3795//4815 2815//4815
f 2808//4816 3803//4816 2807//4816
f 2805//4817 3803//4817 2804//4817
f 1702//4818 3923//4818 1599//4818
f 3922//4819 1797//4819 1802//4819
f 3915//4820 1706//4820 1709//4820
f 3918//4821 1692//4822 1698//4823
f 1657//1427 3880//4824 1879//1425
f 1890//4825 3895//4825 3910//4825
f 3772//4826 1674//4826 1675//4826
f 1689//4827 3772//4827 3773//4827
f 3926//4828 3538//4828 1688//4828
f 3516//4829 1689//4829 3773//4829
f 3917//4830 1703//4830 1764//4830
f 1598//4831 3928//4831 1770//4831
f 3880//4832 1876//4832 1879//4832
f 1691//4833 3925//4833 3927//4833
f 3925//4834 1688//4834 1687//4834
f 1117//4835 1118//4835 3930//4835
f 1066//4836 1322//4836 3930//4836
f 1243//4837 847//4837 3930//4837
f 3825//4838 848//4838 3930//4838
f 1128//4839 1117//4840 3930//4841
f 1129//4842 1130//4842 3930//4842
f 841//4843 1011//4843 3930//4843
f 1230//4844 3863//4844 3930//4844
f 1242//4845 1243//4845 3930//4845
f 1322//4846 1229//4846 3930//4846
f 1064//4847 1065//4848 3930//4849
f 1003//4850 1128//4839 3930//4841
f 1229//4851 1230//4851 3930//4851
f 3863//4852 1285//4852 3930//4852
f 1285//4853 1288//4853 3930//4853
f 848//4854 839//4854 3930//4854
f 847//4855 3825//4855 3930//4855
f 1118//4856 1129//4856 3930//4856
f 1065//4848 1066//4857 3930//4849
f 1087//4858 1086//4858 3930//4858
f 1008//4859 1002//4859 3930//4859
f 1011//4860 1008//4860 3930//4860
f 1002//4861 1003//4861 3930//4861
f 1076//4862 1069//4862 3930//4862
f 838//4863 841//4863 3930//4863
f 839//4864 838//4864 3930//4864
f 1288//4865 1242//4865 3930//4865
f 1130//4866 1087//4866 3930//4866
f 1086//4867 1076//4867 3930//4867
f 1069//4868 1064//4868 3930//4868
f 2410//4869 2414//4869 3931//4869
f 2411//4870 2410//4871 3931//4872
f 3617//4873 2285//4873 3931//4873
f 2394//4874 2393//4874 3931//4874
f 2393//4875 2396//4875 3931//4875
f 2281//4876 2286//4876 3931//4876
f 2282//4877 2280//4877 3931//4877
f 2398//4878 2399//4878 3931//4878
f 2465//4879 2464//4879 3931//4879
f 2396//4880 2397//4880 3931//4880
f 2470//4881 2469//4881 3931//4881
f 2399//4882 2416//4882 3931//4882
f 2480//4883 2395//4883 3931//4883
f 2459//4884 2480//4884 3931//4884
f 2369//4885 2282//4885 3931//4885
f 2460//4886 2459//4886 3931//4886
f 2415//4887 2411//4870 3931//4872
f 2416//4888 2415//4888 3931//4888
f 2364//4889 2363//4889 3931//4889
f 2286//4890 3617//4890 3931//4890
f 2464//4891 2470//4891 3931//4891
f 2469//4892 3703//4892 3931//4892
f 2285//4893 2465//4893 3931//4893
f 2414//4894 2364//4894 3931//4894
f 2395//4895 2394//4895 3931//4895
f 2363//4896 2367//4896 3931//4896
f 2397//4897 2398//4897 3931//4897
f 2280//4898 2281//4898 3931//4898
f 3703//4899 2460//4899 3931//4899
f 2367//4900 2369//4900 3931//4900
f 3934//4901 3937//4902 3938//4903
f 3934//4904 3939//4905 3935//4906
f 3932//4907 3937//4908 3933//4909
f 3938//4910 3943//4911 3939//4912
f 3937//4913 3940//4913 3941//4914
f 3937//4915 3942//4916 3938//4917
f 3942//4918 3947//4919 3943//4920
f 3941//4921 3944//4921 3945//4921
f 3942//4922 3945//4923 3946//4924
f 3947//4925 3950//4926 3951//4927
f 3944//4928 3949//4929 3945//4930
f 3945//4931 3950//4932 3946//4933
f 3950//4934 3955//4934 3951//4935
f 3949//4936 3952//4936 3953//4937
f 3950//4938 3953//4939 3954//4940
f 3955//4941 3958//4942 3959//4943
f 3953//4944 3956//4944 3957//4945
f 3953//4946 3958//4947 3954//4948
f 3959//4949 3962//4950 3963//4951
f 3957//4952 3960//4953 3961//4954
f 3958//4955 3961//4956 3962//4957
f 3962//4958 3967//4959 3963//4960
f 3960//4961 3965//4962 3961//4963
f 3961//4964 3966//4965 3962//4966
f 3966//4967 3971//4968 3967//4969
f 3965//4970 3968//4971 3969//4972
f 3966//4973 3969//4974 3970//4975
f 3970//4976 3975//4977 3971//4978
f 3968//4979 3973//4980 3969//4981
f 3969//4982 3974//4983 3970//4984
f 3974//4985 3979//4986 3975//4987
f 3973//4988 3976//4989 3977//4990
f 3974//4991 3977//4992 3978//4993
f 3979//4994 3982//4995 3983//4996
f 3976//4997 3981//4997 3977//4997
f 3977//4998 3982//4999 3978//5000
f 3982//5001 3987//5001 3983//5002
f 3981//5003 3984//5004 3985//5004
f 3982//5005 3985//5006 3986//5007
f 3987//5008 3990//5008 3991//5009
f 3984//5010 3989//5011 3985//5012
f 3985//5013 3990//5014 3986//5015
f 3991//5016 3994//5017 3995//5018
f 3989//5019 3992//5020 3993//5021
f 3990//5022 3993//5023 3994//5024
f 3995//5025 3998//5026 3999//5027
f 3992//5028 3997//5029 3993//5030
f 3993//5031 3998//5032 3994//5033
f 3998//5034 4003//5035 3999//5036
f 3997//5037 4000//5038 4001//5039
f 3998//5040 4001//5041 4002//5042
f 4002//5043 4007//5044 4003//5045
f 4000//5046 4005//5047 4001//5048
f 4001//5049 4006//5050 4002//5051
f 4006//5052 4011//5053 4007//5054
f 4005//5055 4008//5056 4009//5057
f 4006//5058 4009//5058 4010//5058
f 4011//5059 4014//5060 4015//5061
f 4008//5062 4013//5063 4009//5064
f 4009//5065 4014//5065 4010//5065
f 4014//5066 4019//5067 4015//5068
f 4013//5069 4016//5070 4017//5071
f 4014//5072 4017//5073 4018//5074
f 4019//5075 4022//5076 4023//5077
f 4016//5078 4021//5079 4017//5080
f 4017//5081 4022//5082 4018//5083
f 4023//5084 4026//5085 4027//5086
f 4021//5087 4024//5088 4025//5089
f 4022//5090 4025//5091 4026//5092
f 4027//5093 4030//5094 4031//5095
f 4024//5096 4029//5097 4025//5098
f 4025//5099 4030//5100 4026//5101
f 4031//5102 4034//5103 4035//5104
f 4029//5105 4032//5106 4033//5107
f 4030//5108 4033//5109 4034//5110
f 4034//5111 4039//5112 4035//5113
f 4032//5114 4037//5115 4033//5116
f 4033//5117 4038//5118 4034//5119
f 4038//5120 4043//5121 4039//5122
f 4037//5123 4040//5124 4041//5125
f 4038//5126 4041//5127 4042//5126
f 4043//5128 4046//5129 4047//5130
f 4040//5131 4045//5132 4041//5133
f 4041//5134 4046//5135 4042//5136
f 4046//5137 4051//5138 4047//5139
f 4045//5140 4048//5141 4049//5142
f 4046//5143 4049//5144 4050//5145
f 4051//5146 4055//5147 4056//5148
f 4048//5149 4054//5150 4049//5151
f 4049//5152 4055//5152 4050//5153
f 4056//5154 4059//5155 4060//5156
f 4053//5157 4058//5158 4054//5159
f 4055//5160 4058//5161 4059//5162
f 3932//5163 4052//5163 3936//5163
f 3936//5164 4052//5164 3940//5164
f 3940//5165 4052//5165 3944//5165
f 3944//5166 4052//5166 3948//5166
f 3948//5167 4052//5167 3952//5167
f 3952//5168 4052//5168 3956//5168
f 3956//5169 4052//5170 3960//5170
f 3960//5170 4052//5170 3964//5171
f 3964//5172 4052//5173 3968//5173
f 3968//5173 4052//5173 3972//5174
f 3972//5175 4052//5176 3976//5177
f 3976//5177 4052//5176 3980//5178
f 3980//5179 4052//5180 3984//5181
f 3984//5181 4052//5180 3988//5182
f 3988//5183 4052//5184 3992//5184
f 3992//5184 4052//5184 3996//5185
f 3996//5186 4052//5187 4000//5187
f 4000//5187 4052//5187 4004//5188
f 4004//5189 4052//5190 4008//5191
f 4008//5191 4052//5190 4012//5192
f 4012//5193 4052//5193 4016//5193
f 4016//5194 4052//5194 4020//5194
f 4020//5195 4052//5195 4024//5195
f 4024//5196 4052//5197 4028//5198
f 4028//5198 4052//5197 4032//5199
f 4032//5200 4052//5201 4036//5201
f 4036//5201 4052//5201 4040//5202
f 4040//5203 4052//5203 4044//5203
f 4044//5204 4052//5204 4048//5204
f 4048//5205 4052//5205 4053//5205
f 4053//5206 4052//5206 4057//5206
f 4060//5207 3934//5208 3935//5209
f 4058//5210 3932//5211 3933//5212
f 4058//5213 3934//5214 4059//5215
f 4057//5216 4052//5216 3932//5216
f 4069//5217 4081//5217 4082//5218
f 4066//5219 4080//5219 4067//5220
f 4065//5221 4077//5222 4078//5223
f 4063//5224 4075//5225 4076//5224
f 4071//5226 4085//5227 4072//5228
f 4069//5229 4083//5230 4070//5231
f 4067//5232 4081//5233 4068//5234
f 4066//5235 4078//5236 4079//5237
f 4063//5238 4077//5239 4064//5240
f 4061//5241 4075//5242 4062//5243
f 4072//5244 4086//5245 4073//5246
f 4071//5247 4083//5248 4084//5249
f 4076//5250 4090//5251 4077//5252
f 4074//5253 4088//5254 4075//5255
f 4086//5256 4098//5257 4099//5258
f 4083//5259 4097//5259 4084//5260
f 4082//5261 4094//5262 4095//5263
f 4079//5264 4093//5264 4080//5264
f 4078//5265 4090//5266 4091//5267
f 4076//5268 4088//5269 4089//5270
f 4085//5271 4097//5272 4098//5273
f 4082//5274 4096//5275 4083//5276
f 4080//5277 4094//5277 4081//5278
f 4079//5279 4091//5279 4092//5280
f 4089//5281 4103//5282 4090//5283
f 4088//5284 4100//5285 4101//5286
f 4098//5287 4112//5288 4099//5289
f 4096//5290 4110//5290 4097//5290
f 4095//5291 4107//5291 4108//5292
f 4092//5293 4106//5293 4093//5294
f 4090//5295 4104//5295 4091//5296
f 4089//5297 4101//5298 4102//5299
f 4097//5300 4111//5301 4098//5302
f 4095//5303 4109//5304 4096//5305
f 4094//5306 4106//5307 4107//5308
f 4092//5309 4104//5309 4105//5310
f 4103//5311 4115//5312 4116//5313
f 4100//5314 4114//5315 4101//5316
f 4112//5317 4124//5318 4125//5319
f 4110//5320 4122//5321 4123//5322
f 4107//5323 4121//5323 4108//5324
f 4105//5325 4119//5325 4106//5326
f 4103//5327 4117//5327 4104//5328
f 4101//5329 4115//5330 4102//5331
f 4110//5332 4124//5332 4111//5333
f 4109//5334 4121//5335 4122//5336
f 4107//5337 4119//5337 4120//5338
f 4105//5339 4117//5339 4118//5340
f 4115//5341 4129//5342 4116//5343
f 4114//5344 4126//5345 4127//5346
f 4124//5347 4138//5348 4125//5349
f 4123//5350 4135//5351 4136//5352
f 4120//5353 4134//5353 4121//5353
f 4119//5354 4131//5354 4132//5354
f 4117//5355 4129//5355 4130//5356
f 4114//5357 4128//5358 4115//5359
f 4124//5360 4136//5361 4137//5362
f 4122//5363 4134//5363 4135//5363
f 4119//5364 4133//5365 4120//5366
f 4117//5367 4131//5367 4118//5368
f 4129//5369 4141//5370 4142//5371
f 4126//5372 4140//5373 4127//5374
f 4138//5375 4150//5376 4151//5377
f 4136//5378 4148//5379 4149//5380
f 4133//5381 4147//5382 4134//5383
f 4131//5384 4145//5385 4132//5386
f 4130//5387 4142//5387 4143//5388
f 4127//5389 4141//5390 4128//5391
f 4137//5392 4149//5393 4150//5394
f 4135//5395 4147//5396 4148//5397
f 4132//5398 4146//5398 4133//5399
f 4131//5400 4143//5401 4144//5402
f 4142//5403 4154//5404 4155//5405
f 4140//5406 4152//5407 4153//5408
f 4150//5409 4164//5410 4151//5411
f 4149//5412 4161//5412 4162//5413
f 4146//5414 4160//5414 4147//5415
f 4144//5416 4158//5416 4145//5417
f 4142//5418 4156//5418 4143//5419
f 4140//5420 4154//5421 4141//5422
f 4149//5423 4163//5424 4150//5425
f 4148//5426 4160//5427 4161//5428
f 4146//5429 4158//5430 4159//5431
f 4144//5432 4156//5432 4157//5433
f 4155//5434 4167//5435 4168//5436
f 4153//5437 4165//5438 4166//5439
f 4163//5440 4177//5441 4164//5442
f 4161//5443 4175//5444 4162//5444
f 4159//5445 4173//5446 4160//5447
f 4158//5448 4170//5449 4171//5450
f 4155//5451 4169//5452 4156//5453
f 4153//5454 4167//5455 4154//5456
f 4163//5457 4175//5458 4176//5459
f 4161//5460 4173//5461 4174//5462
f 4159//5463 4171//5464 4172//5465
f 4156//5466 4170//5467 4157//5468
f 4167//5469 4181//5470 4168//5471
f 4165//5472 4179//5473 4166//5474
f 4176//5475 4190//5476 4177//5477
f 4175//5478 4187//5478 4188//5479
f 4173//5480 4185//5480 4186//5481
f 4170//5482 4184//5483 4171//5484
f 4169//5485 4181//5486 4182//5487
f 4167//5488 4179//5489 4180//5490
f 4175//5491 4189//5492 4176//5493
f 4173//5494 4187//5495 4174//5496
f 4171//5497 4185//5498 4172//5499
f 4170//5500 4182//5501 4183//5502
f 4180//5503 4194//5503 4181//5504
f 4178//5505 4192//5506 4179//5507
f 4190//5508 4202//5509 4203//5510
f 4187//5511 4201//5512 4188//5513
f 4186//5514 4198//5515 4199//5516
f 4183//5517 4197//5517 4184//5518
f 4182//5519 4194//5519 4195//5519
f 4180//5520 4192//5521 4193//5522
f 4189//5523 4201//5524 4202//5525
f 4186//5526 4200//5527 4187//5528
f 4184//5529 4198//5529 4185//5529
f 4183//5530 4195//5530 4196//5531
f 4193//5532 4207//5533 4194//5534
f 4192//5535 4204//5536 4205//5537
f 4202//5538 4216//5539 4203//5540
f 4200//5541 4214//5542 4201//5543
f 4199//5544 4211//5544 4212//5545
f 4196//5546 4210//5546 4197//5547
f 4194//5548 4208//5548 4195//5549
f 4193//5550 4205//5551 4206//5552
f 4201//5553 4215//5554 4202//5555
f 4199//5556 4213//5557 4200//5558
f 4198//5559 4210//5560 4211//5561
f 4196//5562 4208//5562 4209//5563
f 4207//5564 4219//5564 4220//5565
f 4204//5566 4218//5567 4205//5568
f 4216//5569 4228//5570 4229//5571
f 4213//5572 4227//5573 4214//5574
f 4211//5575 4225//5576 4212//5577
f 4209//5578 4223//5578 4210//5579
f 4207//5580 4221//5580 4208//5580
f 4205//5581 4219//5581 4206//5582
f 4214//5583 4228//5584 4215//5585
f 4213//5586 4225//5587 4226//5588
f 4211//5589 4223//5590 4224//5589
f 4209//5591 4221//5591 4222//5592
f 4219//5593 4233//5593 4220//5594
f 4218//5595 4230//5596 4231//5597
f 4228//5598 4242//5599 4229//5600
f 4226//5601 4240//5602 4227//5603
f 4225//5604 4237//5604 4238//5605
f 4223//5606 4235//5606 4236//5607
f 4221//5608 4233//5608 4234//5609
f 4218//5610 4232//5611 4219//5612
f 4228//5613 4240//5614 4241//5615
f 4226//5616 4238//5617 4239//5618
f 4223//5619 4237//5620 4224//5621
f 4221//5622 4235//5622 4222//5623
f 4233//5624 4245//5625 4246//5626
f 4230//5627 4244//5628 4231//5629
f 4242//5630 4254//5631 4255//5632
f 4240//5633 4252//5634 4253//5635
f 4237//5636 4251//5637 4238//5638
f 4235//5639 4249//5640 4236//5641
f 4234//5642 4246//5642 4247//5643
f 4231//5644 4245//5645 4232//5646
f 4241//5647 4253//5648 4254//5649
f 4239//5650 4251//5651 4252//5652
f 4236//5653 4250//5654 4237//5655
f 4235//5656 4247//5656 4248//5657
f 4246//5658 4258//5659 4259//5660
f 4244//5661 4256//5662 4257//5663
f 4254//5664 4268//5665 4255//5666
f 4253//5667 4265//5668 4266//5669
f 4250//5670 4264//5671 4251//5672
f 4248//5673 4262//5673 4249//5674
f 4246//5675 4260//5675 4247//5676
f 4244//5677 4258//5678 4245//5679
f 4253//5680 4267//5681 4254//5682
f 4252//5683 4264//5683 4265//5684
f 4250//5685 4262//5686 4263//5687
f 4248//5688 4260//5689 4261//5690
f 4259//5691 4271//5692 4272//5693
f 4257//5694 4269//5695 4270//5696
f 4267//5697 4281//5698 4268//5699
f 4265//5700 4279//5701 4266//5702
f 4263//5703 4277//5704 4264//5705
f 4262//5706 4274//5706 4275//5707
f 4259//5708 4273//5708 4260//5709
f 4257//5710 4271//5710 4258//5711
f 4266//5712 4280//5713 4267//5714
f 4265//5715 4277//5716 4278//5716
f 4263//5717 4275//5717 4276//5718
f 4260//5719 4274//5720 4261//5721
f 4271//5722 4285//5723 4272//5724
f 4269//5725 4283//5726 4270//5727
f 4281//5728 4293//5729 4294//5730
f 4279//5731 4291//5732 4292//5733
f 4277//5734 4289//5734 4290//5735
f 4274//5736 4288//5737 4275//5738
f 4273//5739 4285//5740 4286//5741
f 4271//5742 4283//5743 4284//5744
f 4280//5745 4292//5746 4293//5747
f 4277//5748 4291//5749 4278//5750
f 4275//5751 4289//5752 4276//5753
f 4274//5754 4286//5754 4287//5755
f 4284//5756 4298//5756 4285//5757
f 4282//5758 4296//5759 4283//5760
f 4294//5761 4306//5762 4307//5763
f 4291//5764 4305//5765 4292//5766
f 4290//5767 4302//5768 4303//5769
f 4287//5770 4301//5771 4288//5772
f 4286//5773 4298//5773 4299//5774
f 4284//5775 4296//5776 4297//5777
f 4293//5778 4305//5779 4306//5780
f 4290//5781 4304//5782 4291//5783
f 4288//5784 4302//5785 4289//5786
f 4287//5787 4299//5787 4300//5788
f 4297//5789 4311//5790 4298//5791
f 4296//5792 4308//5793 4309//5794
f 4306//5795 4320//5796 4307//5797
f 4304//5798 4318//5799 4305//5800
f 4303//5801 4315//5802 4316//5803
f 4300//5804 4314//5804 4301//5805
f 4298//5806 4312//5807 4299//5808
f 4297//5809 4309//5810 4310//5811
f 4305//5812 4319//5813 4306//5814
f 4304//5815 4316//5816 4317//5815
f 4302//5817 4314//5817 4315//5818
f 4300//5819 4312//5819 4313//5820
f 4310//5821 4324//5822 4311//5823
f 4308//5824 4322//5825 4309//5826
f 4320//5827 4332//5828 4333//5829
f 4318//5830 4330//5830 4331//5831
f 4316//5832 4328//5832 4329//5833
f 4313//5834 4327//5835 4314//5836
f 4311//5837 4325//5838 4312//5839
f 4310//5840 4322//5841 4323//5842
f 4318//5843 4332//5844 4319//5845
f 4316//5846 4330//5846 4317//5847
f 4315//5848 4327//5849 4328//5850
f 4312//5851 4326//5852 4313//5853
f 4323//5854 4337//5855 4324//5856
f 4322//5857 4334//5857 4335//5858
f 4332//5859 4346//5860 4333//5861
f 4330//5862 4344//5863 4331//5864
f 4329//5865 4341//5865 4342//5866
f 4327//5867 4339//5867 4340//5868
f 4325//5869 4337//5870 4338//5870
f 4322//5871 4336//5872 4323//5873
f 4332//5874 4344//5875 4345//5876
f 4330//5877 4342//5878 4343//5879
f 4327//5880 4341//5881 4328//5882
f 4325//5883 4339//5884 4326//5885
f 4337//5886 4350//5887 4351//5888
f 4334//5889 4349//5890 4335//5891
f 4346//5892 4359//5893 4360//5894
f 4344//5895 4357//5895 4358//5896
f 4341//5897 4356//5898 4342//5899
f 4340//5900 4353//5900 4354//5901
f 4338//5902 4351//5903 4352//5904
f 4335//5905 4350//5906 4336//5907
f 4345//5908 4358//5909 4359//5910
f 4343//5911 4356//5912 4357//5913
f 4340//5914 4355//5915 4341//5916
f 4338//5917 4353//5918 4339//5919
f 4351//5920 4363//5921 4364//5922
f 4349//5923 4361//5924 4362//5925
f 4359//5926 4373//5927 4360//5928
f 4358//5929 4370//5930 4371//5931
f 4355//5932 4369//5932 4356//5932
f 4354//5933 4366//5933 4367//5934
f 4351//5935 4365//5936 4352//5937
f 4349//5938 4363//5939 4350//5940
f 4358//5941 4372//5942 4359//5943
f 4357//5944 4369//5944 4370//5945
f 4355//5946 4367//5947 4368//5948
f 4352//5949 4366//5950 4353//5950
f 4364//5951 4376//5952 4377//5953
f 4362//5954 4374//5955 4375//5956
f 4373//5957 4385//5958 4386//5959
f 4370//5960 4384//5961 4371//5962
f 4368//5963 4382//5964 4369//5965
f 4367//5966 4379//5966 4380//5967
f 4364//5968 4378//5969 4365//5970
f 4362//5971 4376//5972 4363//5973
f 4372//5974 4384//5975 4385//5976
f 4370//5977 4382//5977 4383//5978
f 4368//5979 4380//5979 4381//5980
f 4365//5981 4379//5981 4366//5982
f 4376//5983 4390//5984 4377//5985
f 4374//5986 4388//5987 4375//5988
f 4385//5989 4399//5990 4386//5991
f 4384//5992 4396//5993 4397//5994
f 4382//5995 4394//5995 4395//5995
f 4379//5996 4393//5997 4380//5998
f 4378//5999 4390//6000 4391//6001
f 4376//6002 4388//6003 4389//6004
f 4384//6005 4398//6006 4385//6007
f 4382//6008 4396//6009 4383//6010
f 4380//6011 4394//6011 4381//6012
f 4379//6013 4391//6013 4392//6014
f 4389//6015 4403//6016 4390//6017
f 4387//6018 4401//6019 4388//6020
f 4399//6021 4411//6022 4412//6023
f 4396//6024 4410//6025 4397//6026
f 4395//6027 4407//6028 4408//6029
f 4393//6030 4405//6031 4406//6032
f 4391//6033 4403//6033 4404//6034
f 4389//6035 4401//6035 4402//6036
f 4398//6037 4410//6038 4411//6039
f 4395//6040 4409//6041 4396//6042
f 4393//6043 4407//6044 4394//6045
f 4391//6046 4405//6046 4392//6047
f 4402//6048 4416//6049 4403//6050
f 4401//6051 4413//6052 4414//6053
f 4411//6054 4425//6055 4412//6056
f 4409//6057 4423//6058 4410//6059
f 4408//6060 4420//6061 4421//6062
f 4406//6063 4418//6064 4419//6065
f 4403//6066 4417//6067 4404//6068
f 4402//6069 4414//6070 4415//6071
f 4410//6072 4424//6073 4411//6074
f 4408//6075 4422//6076 4409//6077
f 4407//6078 4419//6079 4420//6078
f 4404//6080 4418//6081 4405//6082
f 4416//6083 4428//6084 4429//6085
f 4413//6086 4427//6087 4414//6088
f 4425//6089 4437//6090 4438//6091
f 4423//6092 4435//6093 4436//6092
f 4421//6094 4433//6095 4434//6096
f 4418//6097 4432//6097 4419//6098
f 4416//6099 4430//6099 4417//6100
f 4415//6101 4427//6102 4428//6103
f 4423//6104 4437//6105 4424//6106
f 4421//6107 4435//6108 4422//6109
f 4420//6110 4432//6111 4433//6112
f 4418//6113 4430//6113 4431//6114
f 4428//6115 4442//6116 4429//6117
f 4426//6118 4440//6119 4427//6120
f 4437//6121 4451//6122 4438//6123
f 4435//6124 4449//6125 4436//6126
f 4434//6127 4446//6128 4447//6129
f 4432//6130 4444//6130 4445//6131
f 4430//6132 4442//6132 4443//6133
f 4427//6134 4441//6135 4428//6136
f 4437//6137 4449//6138 4450//6139
f 4435//6140 4447//6141 4448//6142
f 4432//6143 4446//6144 4433//6145
f 4430//6146 4444//6146 4431//6147
f 4442//6148 4454//6149 4455//6150
f 4439//6151 4453//6152 4440//6153
f 4451//6154 4463//6155 4464//6156
f 4449//6157 4461//6158 4462//6159
f 4446//6160 4460//6161 4447//6162
f 4444//6163 4458//6163 4445//6164
f 4443//6165 4455//6165 4456//6166
f 4440//6167 4454//6168 4441//6169
f 4450//6170 4462//6171 4463//6172
f 4447//6173 4461//6174 4448//6175
f 4445//6176 4459//6176 4446//6177
f 4444//6178 4456//6178 4457//6179
f 4455//6180 4467//6180 4468//6181
f 4453//6182 4465//6183 4466//6184
f 4463//6185 4477//6186 4464//6187
f 4462//6188 4474//6189 4475//6190
f 4459//6191 4473//6192 4460//6193
f 4457//6194 4471//6195 4458//6196
f 4455//6197 4469//6198 4456//6197
f 4453//6199 4467//6200 4454//6201
f 4462//6202 4476//6203 4463//6204
f 4461//6205 4473//6206 4474//6207
f 4459//6208 4471//6209 4472//6210
f 4457//6211 4469//6212 4470//6212
f 4347//6213 4073//6213 4086//6213
f 4347//6214 4086//6214 4099//6214
f 4347//6215 4099//6215 4112//6215
f 4347//6216 4112//6216 4125//6216
f 4347//6217 4125//6217 4138//6217
f 4347//6218 4138//6218 4151//6218
f 4347//6219 4151//6219 4164//6219
f 4347//6220 4164//6220 4177//6220
f 4347//6221 4177//6221 4190//6221
f 4347//6222 4190//6223 4203//6222
f 4347//6222 4203//6222 4216//6224
f 4347//6225 4216//6226 4229//6227
f 4347//6225 4229//6227 4242//6228
f 4347//6229 4242//6230 4255//6231
f 4347//6229 4255//6231 4268//6232
f 4347//6233 4268//6233 4281//6233
f 4347//6234 4281//6234 4294//6234
f 4347//6235 4294//6235 4307//6235
f 4347//6236 4307//6236 4320//6236
f 4347//6237 4320//6237 4333//6237
f 4347//6238 4333//6238 4346//6238
f 4347//6239 4346//6239 4360//6239
f 4347//6240 4360//6240 4373//6240
f 4347//6241 4373//6241 4386//6241
f 4347//6242 4386//6242 4399//6242
f 4347//6243 4399//6243 4412//6243
f 4347//6244 4412//6244 4425//6244
f 4347//6245 4425//6245 4438//6245
f 4347//6246 4438//6246 4451//6246
f 4347//6247 4451//6247 4464//6247
f 4347//6248 4464//6248 4477//6248
f 4468//6249 4063//6250 4064//6251
f 4466//6252 4061//6253 4062//6254
f 4477//6255 4072//6256 4073//6257
f 4474//6258 4071//6259 4475//6258
f 4472//6260 4069//6261 4473//6262
f 4471//6263 4066//6264 4067//6265
f 4468//6266 4065//6267 4469//6268
f 4466//6269 4063//6270 4467//6271
f 4347//6272 4477//6272 4073//6272
f 4476//6273 4071//6274 4072//6275
f 4474//6276 4069//6277 4070//6278
f 4472//6279 4067//6279 4068//6280
f 4469//6281 4066//6282 4470//6283
f 3935//6284 4465//6285 4060//6286
f 4465//6287 4056//6288 4060//6289
f 4452//6290 4051//6291 4056//6292
f 4439//6293 4047//6294 4051//6295
f 4047//6296 4413//6297 4043//6298
f 4043//6299 4400//6300 4039//6301
f 4039//6302 4387//6303 4035//6304
f 4387//6305 4031//6306 4035//6307
f 4031//6308 4361//6309 4027//6310
f 4361//6311 4023//6312 4027//6313
f 4348//6314 4019//6315 4023//6316
f 4334//6317 4015//6318 4019//6319
f 4015//6320 4308//6321 4011//6322
f 4011//6323 4295//6324 4007//6325
f 4007//6326 4282//6327 4003//6328
f 4282//6329 3999//6330 4003//6331
f 3999//6332 4256//6333 3995//6334
f 4256//6335 3991//6336 3995//6337
f 4243//6338 3987//6339 3991//6338
f 4230//6340 3983//6341 3987//6342
f 3983//6343 4204//6344 3979//6345
f 3979//6346 4191//6347 3975//6348
f 3975//6349 4178//6349 3971//6350
f 4178//6351 3967//6352 3971//6353
f 3967//6354 4152//6355 3963//6356
f 4152//6357 3959//6358 3963//6359
f 4139//6360 3955//6361 3959//6362
f 4126//6363 3951//6364 3955//6365
f 3951//6366 4100//6367 3947//6368
f 3947//6369 4087//6370 3943//6371
f 3943//6372 4074//6373 3939//6374
f 4074//6375 3935//6376 3939//6377
f 4480//6378 4483//6379 4484//6380
f 4480//6381 4485//6382 4481//6383
f 4479//6384 4482//6385 4483//6386
f 4484//6387 4489//6388 4485//6389
f 4482//6390 4487//6391 4483//6392
f 4483//6393 4488//6394 4484//6395
f 4488//6396 4493//6397 4489//6398
f 4487//6399 4490//6400 4491//6401
f 4488//6402 4491//6403 4492//6404
f 4493//6405 4496//6405 4497//6406
f 4490//6407 4495//6408 4491//6409
f 4491//6410 4496//6411 4492//6412
f 4496//6413 4501//6414 4497//6415
f 4495//6416 4498//6417 4499//6418
f 4496//6419 4499//6420 4500//6421
f 4501//6422 4504//6423 4505//6424
f 4498//6425 4503//6426 4499//6427
f 4499//6428 4504//6429 4500//6430
f 4505//6431 4508//6432 4509//6433
f 4503//6434 4506//6435 4507//6436
f 4504//6437 4507//6438 4508//6439
f 4509//6440 4512//6441 4513//6442
f 4506//6443 4511//6444 4507//6445
f 4507//6446 4512//6447 4508//6448
f 4513//6449 4516//6450 4517//6451
f 4511//6452 4514//6453 4515//6454
f 4512//6455 4515//6456 4516//6457
f 4516//6458 4521//6459 4517//6460
f 4514//6461 4519//6462 4515//6463
f 4515//6464 4520//6465 4516//6466
f 4520//6467 4525//6468 4521//6469
f 4518//6470 4523//6471 4519//6472
f 4520//6473 4523//6474 4524//6475
f 4525//6476 4528//6477 4529//6478
f 4522//6479 4527//6480 4523//6481
f 4523//6482 4528//6483 4524//6484
f 4528//6485 4533//6486 4529//6487
f 4527//6488 4530//6489 4531//6490
f 4528//6491 4531//6492 4532//6493
f 4533//6494 4536//6495 4537//6496
f 4530//6497 4535//6498 4531//6499
f 4531//6500 4536//6501 4532//6502
f 4537//6503 4540//6504 4541//6505
f 4534//6506 4539//6507 4535//6508
f 4536//6509 4539//6510 4540//6511
f 4541//6512 4544//6513 4545//6514
f 4539//6515 4542//6516 4543//6517
f 4539//6518 4544//6519 4540//6520
f 4544//6521 4549//6522 4545//6523
f 4542//6524 4547//6525 4543//6526
f 4544//6527 4547//6528 4548//6529
f 4548//6530 4553//6531 4549//6532
f 4547//6533 4550//6534 4551//6535
f 4547//6536 4552//6537 4548//6538
f 4552//6539 4557//6540 4553//6541
f 4551//6542 4554//6543 4555//6544
f 4552//6545 4555//6546 4556//6547
f 4557//6548 4560//6549 4561//6550
f 4554//6551 4559//6552 4555//6553
f 4555//6554 4560//6555 4556//6556
f 4560//6557 4565//6558 4561//6559
f 4559//6560 4562//6561 4563//6562
f 4560//6563 4563//6563 4564//6564
f 4565//6565 4568//6566 4569//6567
f 4562//6568 4567//6569 4563//6570
f 4563//6571 4568//6572 4564//6573
f 4569//6574 4572//6575 4573//6576
f 4567//6577 4570//6578 4571//6579
f 4568//6580 4571//6581 4572//6582
f 4572//6583 4577//6584 4573//6585
f 4570//6586 4575//6587 4571//6588
f 4571//6589 4576//6590 4572//6591
f 4576//6592 4581//6593 4577//6594
f 4575//6595 4578//6596 4579//6597
f 4576//6598 4579//6599 4580//6600
f 4580//6601 4585//6602 4581//6603
f 4578//6604 4583//6605 4579//6606
f 4579//6607 4584//6608 4580//6609
f 4584//6610 4589//6611 4585//6612
f 4583//6613 4586//6613 4587//6614
f 4584//6615 4587//6616 4588//6617
f 4589//6618 4592//6619 4593//6620
f 4586//6621 4591//6622 4587//6623
f 4587//6624 4592//6625 4588//6626
f 4592//6627 4597//6628 4593//6629
f 4591//6630 4594//6631 4595//6632
f 4592//6633 4595//6634 4596//6635
f 4597//6636 4601//6637 4602//6638
f 4594//6639 4600//6640 4595//6641
f 4595//6642 4601//6643 4596//6644
f 4602//6645 4605//6646 4606//6647
f 4600//6648 4603//6649 4604//6650
f 4601//6651 4604//6652 4605//6653
f 4478//6654 4598//6655 4482//6656
f 4482//6656 4598//6655 4486//6657
f 4486//6658 4598//6658 4490//6658
f 4490//6659 4598//6659 4494//6659
f 4494//6660 4598//6660 4498//6660
f 4498//6661 4598//6661 4502//6661
f 4502//6662 4598//6663 4506//6664
f 4506//6664 4598//6663 4510//6665
f 4510//6666 4598//6667 4514//6668
f 4514//6668 4598//6667 4518//6669
f 4518//6670 4598//6670 4522//6670
f 4522//6671 4598//6671 4526//6671
f 4526//6672 4598//6673 4530//6673
f 4530//6673 4598//6673 4534//6674
f 4534//6675 4598//6675 4538//6675
f 4538//6676 4598//6677 4542//6678
f 4542//6678 4598//6677 4546//6679
f 4546//6680 4598//6681 4550//6682
f 4550//6682 4598//6681 4554//6683
f 4554//6684 4598//6684 4558//6684
f 4558//6685 4598//6685 4562//6685
f 4562//6686 4598//6687 4566//6687
f 4566//6687 4598//6687 4570//6688
f 4570//6689 4598//6690 4574//6691
f 4574//6691 4598//6690 4578//6692
f 4578//6693 4598//6693 4582//6693
f 4582//6694 4598//6694 4586//6694
f 4586//6695 4598//6695 4590//6695
f 4590//6696 4598//6697 4594//6698
f 4594//6698 4598//6697 4599//6699
f 4599//6700 4598//6701 4603//6702
f 4606//6703 4480//6704 4481//6705
f 4603//6706 4479//6707 4604//6708
f 4604//6709 4480//6710 4605//6711
f 4603//6702 4598//6701 4478//6712
f 4615//6713 4627//6714 4628//6715
f 4612//6716 4626//6717 4613//6718
f 4611//6719 4623//6720 4624//6721
f 4609//6722 4621//6723 4622//6724
f 4618//6725 4630//6726 4631//6727
f 4615//6728 4629//6729 4616//6730
f 4613//6731 4627//6732 4614//6733
f 4612//6734 4624//6735 4625//6736
f 4609//6737 4623//6738 4610//6739
f 4607//6740 4621//6741 4608//6742
f 4619//6743 4631//6744 4632//6743
f 4617//6745 4629//6746 4630//6747
f 4622//6748 4636//6749 4623//6750
f 4620//6751 4634//6752 4621//6753
f 4632//6754 4644//6755 4645//6756
f 4629//6757 4643//6758 4630//6759
f 4628//6760 4640//6761 4641//6762
f 4626//6763 4638//6763 4639//6764
f 4624//6765 4636//6765 4637//6766
f 4622//6767 4634//6768 4635//6769
f 4631//6770 4643//6771 4644//6772
f 4628//6773 4642//6774 4629//6775
f 4626//6776 4640//6777 4627//6778
f 4624//6779 4638//6780 4625//6780
f 4635//6781 4649//6782 4636//6783
f 4634//6784 4646//6785 4647//6786
f 4644//6787 4658//6788 4645//6789
f 4642//6790 4656//6791 4643//6792
f 4641//6793 4653//6794 4654//6795
f 4639//6796 4651//6796 4652//6797
f 4636//6798 4650//6799 4637//6800
f 4635//6801 4647//6802 4648//6803
f 4643//6804 4657//6805 4644//6806
f 4642//6807 4654//6807 4655//6808
f 4640//6809 4652//6810 4653//6811
f 4637//6812 4651//6813 4638//6814
f 4648//6815 4662//6816 4649//6817
f 4646//6818 4660//6819 4647//6820
f 4658//6821 4670//6822 4671//6823
f 4656//6824 4668//6825 4669//6826
f 4653//6827 4667//6828 4654//6829
f 4651//6830 4665//6830 4652//6831
f 4649//6832 4663//6832 4650//6833
f 4648//6834 4660//6835 4661//6836
f 4656//6837 4670//6838 4657//6839
f 4654//6840 4668//6841 4655//6842
f 4653//6843 4665//6843 4666//6844
f 4651//6845 4663//6845 4664//6846
f 4661//6847 4675//6848 4662//6849
f 4660//6850 4672//6851 4673//6852
f 4670//6853 4684//6854 4671//6855
f 4668//6856 4682//6857 4669//6858
f 4667//6859 4679//6860 4680//6861
f 4665//6862 4677//6862 4678//6863
f 4663//6864 4675//6864 4676//6865
f 4661//6866 4673//6866 4674//6867
f 4670//6868 4682//6868 4683//6869
f 4667//6870 4681//6871 4668//6872
f 4665//6873 4679//6873 4666//6874
f 4663//6875 4677//6875 4664//6876
f 4675//6877 4687//6878 4688//6879
f 4672//6880 4686//6880 4673//6880
f 4684//6881 4696//6882 4697//6883
f 4682//6884 4694//6885 4695//6886
f 4679//6887 4693//6888 4680//6889
f 4678//6890 4690//6891 4691//6892
f 4676//6893 4688//6893 4689//6894
f 4673//6895 4687//6895 4674//6896
f 4683//6897 4695//6898 4696//6899
f 4681//6900 4693//6901 4694//6902
f 4678//6903 4692//6903 4679//6904
f 4676//6905 4690//6905 4677//6906
f 4688//6907 4700//6907 4701//6908
f 4686//6909 4698//6910 4699//6911
f 4696//6912 4710//6913 4697//6914
f 4695//6915 4707//6916 4708//6917
f 4692//6918 4706//6919 4693//6920
f 4691//6921 4703//6922 4704//6923
f 4688//6924 4702//6925 4689//6926
f 4686//6927 4700//6928 4687//6929
f 4695//6930 4709//6931 4696//6932
f 4694//6933 4706//6934 4707//6935
f 4692//6936 4704//6936 4705//6937
f 4689//6938 4703//6939 4690//6940
f 4701//6941 4713//6942 4714//6941
f 4699//6943 4711//6944 4712//6945
f 4710//6946 4722//6947 4723//6948
f 4707//6949 4721//6950 4708//6951
f 4705//6952 4719//6953 4706//6954
f 4704//6955 4716//6956 4717//6957
f 4701//6958 4715//6959 4702//6960
f 4699//6961 4713//6962 4700//6963
f 4709//6964 4721//6965 4722//6966
f 4707//6967 4719//6968 4720//6969
f 4705//6970 4717//6971 4718//6972
f 4702//6973 4716//6974 4703//6975
f 4713//6976 4727//6976 4714//6977
f 4711//6978 4725//6979 4712//6978
f 4723//6980 4735//6981 4736//6982
f 4721//6983 4733//6983 4734//6984
f 4719//6985 4731//6985 4732//6985
f 4716//6986 4730//6987 4717//6988
f 4715//6989 4727//6990 4728//6991
f 4713//6992 4725//6993 4726//6994
f 4721//6995 4735//6996 4722//6997
f 4719//6998 4733//6999 4720//7000
f 4717//7001 4731//7001 4718//7002
f 4716//7003 4728//7004 4729//7005
f 4726//7006 4740//7007 4727//7008
f 4724//7009 4738//7010 4725//7011
f 4736//7012 4748//7012 4749//7012
f 4733//7013 4747//7014 4734//7015
f 4732//7016 4744//7017 4745//7018
f 4730//7019 4742//7020 4743//7021
f 4728//7022 4740//7022 4741//7023
f 4726//7024 4738//7025 4739//7026
f 4735//7027 4747//7028 4748//7029
f 4732//7030 4746//7031 4733//7032
f 4730//7033 4744//7034 4731//7035
f 4728//7036 4742//7036 4729//7037
f 4739//7038 4753//7039 4740//7040
f 4738//7041 4750//7042 4751//7043
f 4748//7044 4762//7045 4749//7046
f 4746//7047 4760//7048 4747//7049
f 4745//7050 4757//7051 4758//7052
f 4743//7053 4755//7054 4756//7055
f 4740//7056 4754//7056 4741//7056
f 4739//7057 4751//7058 4752//7059
f 4747//7060 4761//7061 4748//7062
f 4745//7063 4759//7064 4746//7065
f 4744//7066 4756//7067 4757//7068
f 4741//7069 4755//7069 4742//7070
f 4753//7071 4765//7071 4766//7072
f 4750//7073 4764//7074 4751//7075
f 4762//7076 4774//7077 4775//7078
f 4759//7079 4773//7080 4760//7081
f 4758//7082 4770//7083 4771//7084
f 4755//7085 4769//7085 4756//7086
f 4753//7087 4767//7087 4754//7088
f 4752//7089 4764//7090 4765//7091
f 4760//7092 4774//7093 4761//7094
f 4758//7095 4772//7096 4759//7096
f 4757//7097 4769//7098 4770//7099
f 4755//7100 4767//7100 4768//7100
f 4765//7101 4779//7101 4766//7101
f 4764//7102 4776//7103 4777//7104
f 4774//7105 4788//7106 4775//7107
f 4772//7108 4786//7109 4773//7110
f 4771//7111 4783//7112 4784//7113
f 4769//7114 4781//7114 4782//7115
f 4767//7116 4779//7116 4780//7117
f 4765//7118 4777//7119 4778//7120
f 4774//7121 4786//7122 4787//7123
f 4771//7124 4785//7125 4772//7126
f 4769//7127 4783//7127 4770//7128
f 4767//7129 4781//7129 4768//7130
f 4779//7131 4791//7131 4792//7131
f 4776//7132 4790//7133 4777//7134
f 4788//7135 4800//7136 4801//7137
f 4786//5633 4798//7138 4799//7139
f 4783//7140 4797//7141 4784//7142
f 4782//7143 4794//7144 4795//7145
f 4780//7146 4792//7146 4793//7147
f 4777//7148 4791//7149 4778//7150
f 4787//7151 4799//7152 4800//7153
f 4785//7154 4797//7155 4798//7156
f 4782//7157 4796//7157 4783//7158
f 4780//7159 4794//7159 4781//7160
f 4792//7161 4804//7162 4805//7163
f 4790//7164 4802//7165 4803//7166
f 4800//7167 4814//7168 4801//7169
f 4799//7170 4811//7171 4812//7172
f 4796//7173 4810//7174 4797//7175
f 4795//7176 4807//7177 4808//7177
f 4792//7178 4806//7179 4793//7180
f 4790//7181 4804//7182 4791//7183
f 4799//7184 4813//7185 4800//7186
f 4798//7187 4810//7188 4811//7189
f 4796//7190 4808//7191 4809//7192
f 4793//7193 4807//7193 4794//7194
f 4805//7195 4817//7196 4818//7197
f 4803//7198 4815//7199 4816//7198
f 4814//7200 4826//7201 4827//7202
f 4811//7203 4825//7204 4812//7204
f 4809//7205 4823//7205 4810//7205
f 4808//7206 4820//7206 4821//7207
f 4805//7208 4819//7209 4806//7210
f 4803//7211 4817//7212 4804//7212
f 4813//7213 4825//7214 4826//7215
f 4811//7216 4823//7217 4824//7218
f 4809//7219 4821//7219 4822//7220
f 4806//7221 4820//7222 4807//7223
f 4817//7224 4831//7225 4818//7226
f 4815//7227 4829//7228 4816//7229
f 4826//7230 4840//7231 4827//7232
f 4825//7233 4837//7234 4838//7235
f 4823//7236 4835//7236 4836//7236
f 4820//7237 4834//7237 4821//7238
f 4819//7239 4831//7239 4832//7240
f 4817//7241 4829//7242 4830//7243
f 4825//7244 4839//7245 4826//7246
f 4823//7247 4837//7247 4824//7247
f 4821//7248 4835//7249 4822//7250
f 4820//7251 4832//7252 4833//7253
f 4830//7254 4844//7255 4831//7256
f 4828//7257 4842//7257 4829//7257
f 4840//7258 4852//7259 4853//7260
f 4837//7261 4851//7261 4838//7261
f 4836//7262 4848//7263 4849//7264
f 4834//7265 4846//7265 4847//7266
f 4832//7267 4844//7268 4845//7269
f 4830//7270 4842//7271 4843//7272
f 4839//7273 4851//7274 4852//7275
f 4836//7276 4850//7276 4837//7277
f 4834//7278 4848//7279 4835//7280
f 4832//7281 4846//7281 4833//7282
f 4843//7283 4857//7284 4844//7285
f 4842//7286 4854//7287 4855//7288
f 4852//7289 4866//7290 4853//7291
f 4850//7292 4864//7293 4851//7294
f 4849//7295 4861//7296 4862//7297
f 4847//7298 4859//7299 4860//7300
f 4844//7301 4858//7302 4845//7303
f 4843//7304 4855//7305 4856//7306
f 4851//7307 4865//7308 4852//7309
f 4849//7310 4863//7311 4850//7311
f 4848//7312 4860//7312 4861//7313
f 4845//7314 4859//7315 4846//7316
f 4857//7317 4869//7318 4870//7319
f 4855//7320 4867//7321 4868//7322
f 4866//7323 4878//7324 4879//7325
f 4864//7326 4876//7327 4877//7327
f 4862//7328 4874//7329 4875//7330
f 4859//7331 4873//7331 4860//7332
f 4857//7333 4871//7334 4858//7335
f 4856//7336 4868//7337 4869//7338
f 4864//7339 4878//7340 4865//7341
f 4862//7342 4876//7343 4863//7344
f 4861//7345 4873//7346 4874//7347
f 4859//7348 4871//7348 4872//7349
f 4869//7350 4883//7350 4870//7351
f 4868//7352 4880//7353 4881//7354
f 4878//7355 4892//7356 4879//7357
f 4877//7358 4889//7358 4890//7359
f 4874//7360 4888//7361 4875//7362
f 4873//7363 4885//7363 4886//7363
f 4871//7364 4883//7364 4884//7365
f 4868//7366 4882//7366 4869//7367
f 4878//7368 4890//7369 4891//7370
f 4876//7371 4888//7371 4889//7371
f 4873//7372 4887//7372 4874//7373
f 4871//7374 4885//7374 4872//7375
f 4883//7376 4896//7377 4897//7378
f 4880//7379 4895//7380 4881//7381
f 4892//7382 4905//7382 4906//7383
f 4890//7384 4903//7385 4904//7386
f 4887//7387 4902//7388 4888//7389
f 4885//7390 4900//7390 4886//7391
f 4884//7392 4897//7392 4898//7393
f 4881//7394 4896//7394 4882//7394
f 4891//7395 4904//7396 4905//7397
f 4889//7398 4902//7398 4903//7399
f 4886//7400 4901//7400 4887//7401
f 4885//7402 4898//7402 4899//7403
f 4897//7404 4909//7405 4910//7406
f 4895//7407 4907//7408 4908//7409
f 4905//7410 4919//7411 4906//7412
f 4904//7413 4916//7414 4917//7415
f 4901//7416 4915//7416 4902//7417
f 4899//7418 4913//7419 4900//7420
f 4897//7421 4911//7422 4898//7423
f 4895//7424 4909//7425 4896//7426
f 4904//7427 4918//7428 4905//7429
f 4903//7430 4915//7431 4916//7432
f 4901//7433 4913//7434 4914//7435
f 4899//7436 4911//7436 4912//7437
f 4910//7438 4922//7439 4923//7440
f 4908//7441 4920//7442 4921//7443
f 4919//7444 4931//7445 4932//7446
f 4916//7447 4930//7448 4917//7449
f 4914//7450 4928//7451 4915//7452
f 4913//7453 4925//7454 4926//7455
f 4910//7456 4924//7457 4911//7458
f 4908//7459 4922//7460 4909//7461
f 4918//7462 4930//7463 4931//7464
f 4916//7465 4928//7466 4929//7467
f 4914//7468 4926//7468 4927//7469
f 4911//7470 4925//7470 4912//7471
f 4922//7472 4936//7473 4923//7474
f 4920//7475 4934//7476 4921//7477
f 4931//7478 4945//7479 4932//7479
f 4930//7480 4942//7481 4943//7482
f 4928//7483 4940//7483 4941//7483
f 4925//7484 4939//7485 4926//7486
f 4924//7487 4936//7488 4937//7489
f 4922//7490 4934//7490 4935//7490
f 4930//7491 4944//7492 4931//7493
f 4928//7494 4942//7495 4929//7494
f 4926//7496 4940//7497 4927//7498
f 4925//7499 4937//7500 4938//7501
f 4935//7502 4949//7503 4936//7504
f 4933//7505 4947//7506 4934//7507
f 4945//7508 4957//7509 4958//7510
f 4942//7511 4956//7512 4943//7513
f 4941//7514 4953//7515 4954//7516
f 4938//7517 4952//7518 4939//7519
f 4937//7520 4949//7521 4950//7522
f 4935//7523 4947//7524 4948//7525
f 4944//7526 4956//7527 4957//7528
f 4941//7529 4955//7530 4942//7531
f 4939//7532 4953//7533 4940//7534
f 4938//7535 4950//7535 4951//7536
f 4948//7537 4962//7538 4949//7539
f 4947//7540 4959//7541 4960//7542
f 4957//7543 4971//7544 4958//7545
f 4955//7546 4969//7547 4956//7548
f 4954//7549 4966//7550 4967//7551
f 4951//7552 4965//7552 4952//7553
f 4949//7554 4963//7555 4950//7556
f 4948//7557 4960//7558 4961//7557
f 4956//7559 4970//7560 4957//7561
f 4954//7562 4968//7563 4955//7564
f 4953//7565 4965//7565 4966//7566
f 4951//7567 4963//7567 4964//7568
f 4962//7569 4974//7569 4975//7570
f 4959//7571 4973//7572 4960//7573
f 4971//7574 4983//7575 4984//7576
f 4968//7577 4982//7578 4969//7577
f 4966//7579 4980//7580 4967//7581
f 4964//7582 4978//7582 4965//7583
f 4962//7584 4976//7585 4963//7586
f 4960//7587 4974//7588 4961//7589
f 4969//7590 4983//7591 4970//7592
f 4967//7593 4981//7594 4968//7595
f 4966//7596 4978//7596 4979//7597
f 4964//7598 4976//7599 4977//7600
f 4975//7601 4987//7602 4988//7603
f 4973//7604 4985//7605 4986//7606
f 4983//7607 4997//7608 4984//7609
f 4981//7610 4995//7611 4982//7612
f 4979//7613 4993//7614 4980//7615
f 4978//7616 4990//7616 4991//7617
f 4976//7618 4988//7619 4989//7620
f 4973//7621 4987//7622 4974//7623
f 4983//7624 4995//7625 4996//7626
f 4981//7627 4993//7628 4994//7629
f 4978//7630 4992//7631 4979//7632
f 4976//7633 4990//7634 4977//7635
f 4988//7636 5000//7637 5001//7638
f 4985//7639 4999//7640 4986//7641
f 4997//7642 5009//7643 5010//7644
f 4995//7645 5007//7646 5008//7647
f 4992//7648 5006//7648 4993//7649
f 4991//7650 5003//7650 5004//7651
f 4989//7652 5001//7653 5002//7654
f 4986//7655 5000//7656 4987//7657
f 4996//7658 5008//7659 5009//7660
f 4994//7661 5006//7662 5007//7663
f 4991//7664 5005//7665 4992//7666
f 4989//7667 5003//7667 4990//7668
f 5001//7669 5013//7669 5014//7670
f 4999//7671 5011//7672 5012//7673
f 5009//7674 5023//7675 5010//7676
f 5008//7677 5020//7677 5021//7677
f 5005//7678 5019//7679 5006//7680
f 5004//7681 5016//7682 5017//7683
f 5001//7684 5015//7684 5002//7685
f 4999//7686 5013//7687 5000//7688
f 5008//7689 5022//7690 5009//7691
f 5007//7692 5019//7693 5020//7694
f 5005//7695 5017//7696 5018//7697
f 5002//7698 5016//7699 5003//7700
f 4893//7701 4619//7701 4632//7701
f 4893//7702 4632//7702 4645//7702
f 4893//7703 4645//7703 4658//7703
f 4893//7704 4658//7704 4671//7704
f 4893//7705 4671//7705 4684//7705
f 4893//7706 4684//7706 4697//7706
f 4893//7707 4697//7707 4710//7707
f 4893//7708 4710//7708 4723//7708
f 4893//7709 4723//7709 4736//7709
f 4893//7710 4736//7711 4749//7712
f 4893//7710 4749//7712 4762//7713
f 4893//7714 4762//7715 4775//7714
f 4893//7714 4775//7714 4788//7716
f 4893//7717 4788//7718 4801//7719
f 4893//7717 4801//7719 4814//7720
f 4893//7721 4814//7721 4827//7721
f 4893//7722 4827//7722 4840//7722
f 4893//7723 4840//7723 4853//7723
f 4893//7724 4853//7724 4866//7724
f 4893//7725 4866//7725 4879//7725
f 4893//7726 4879//7726 4892//7726
f 4893//7727 4892//7727 4906//7727
f 4893//7728 4906//7728 4919//7728
f 4893//7729 4919//7729 4932//7729
f 4893//7730 4932//7730 4945//7730
f 4893//7731 4945//7731 4958//7731
f 4893//7732 4958//7733 4971//7732
f 4893//7732 4971//7732 4984//7734
f 4893//7735 4984//7735 4997//7735
f 4893//7736 4997//7736 5010//7736
f 4893//7737 5010//7737 5023//7737
f 5014//7738 4609//7738 4610//7739
f 5012//7740 4607//7741 4608//7742
f 5022//7743 4619//7744 5023//7745
f 5020//7746 4617//7747 5021//7748
f 5018//7749 4615//7750 5019//7751
f 5017//7752 4612//7753 4613//7754
f 5014//7755 4611//7756 5015//7757
f 5012//7758 4609//7759 5013//7760
f 4893//7761 5023//7761 4619//7761
f 5021//7762 4618//7763 5022//7764
f 5020//7765 4615//7766 4616//7767
f 5018//7768 4613//7769 4614//7770
f 5015//7771 4612//7771 5016//7772
f 4481//7773 5011//7774 4606//7775
f 5011//7776 4602//7777 4606//7778
f 4998//7779 4597//7780 4602//7781
f 4985//7782 4593//7783 4597//7784
f 4593//7785 4959//7786 4589//7787
f 4589//7788 4946//7789 4585//7790
f 4585//7791 4933//7792 4581//7793
f 4933//7794 4577//7795 4581//7796
f 4577//7797 4907//7797 4573//7798
f 4907//7799 4569//7800 4573//7801
f 4894//7802 4565//7803 4569//7804
f 4880//7805 4561//7806 4565//7807
f 4561//7808 4854//7809 4557//7810
f 4557//7811 4841//7812 4553//7813
f 4553//7814 4828//7815 4549//7816
f 4828//7817 4545//7818 4549//7819
f 4545//7820 4802//7821 4541//7822
f 4802//7823 4537//7824 4541//7825
f 4789//7826 4533//7827 4537//7828
f 4776//7829 4529//7829 4533//7830
f 4529//7831 4750//7832 4525//7833
f 4525//7834 4737//7835 4521//7836
f 4521//7837 4724//7838 4517//7839
f 4724//7840 4513//7841 4517//7842
f 4513//7843 4698//7844 4509//7845
f 4698//7846 4505//7847 4509//7848
f 4685//7849 4501//7850 4505//7851
f 4672//7852 4497//7853 4501//7854
f 4497//7855 4646//7855 4493//7856
f 4493//7857 4633//7858 4489//7859
f 4489//7860 4620//7861 4485//7862
f 4620//7863 4481//7864 4485//7865
f 4//7866 3//7866 2//7866
f 8//7867 7//7867 6//7867
f 13//7868 16//7868 15//7868
f 17//7869 28//7869 19//7869
f 32//7870 31//7870 30//7870
f 36//7871 35//7871 34//7871
f 37//7872 40//7872 39//7872
f 21//7873 22//7873 23//7873
f 25//7874 26//7874 27//7874
f 41//7875 44//7875 43//7875
f 48//7876 47//7876 46//7876
f 52//7877 51//7877 50//7877
f 53//13 56//7878 55//14
f 60//7879 59//7879 58//7879
f 29//7880 30//7880 62//7880
f 66//7881 65//7881 64//7881
f 67//7882 5//7882 6//7882
f 72//7883 71//7883 70//7883
f 76//7884 75//7884 74//7884
f 77//7885 80//7885 79//7885
f 81//7886 84//7886 83//7886
f 59//7887 87//7887 86//7887
f 88//7888 91//7888 90//7888
f 96//7889 95//192 94//191
f 100//7890 99//7890 98//7890
f 101//7891 104//7891 103//7891
f 106//7892 105//7892 34//7892
f 108//7893 116//7893 115//7893
f 117//7894 119//7894 36//7894
f 124//7895 127//7895 126//7895
f 131//37 130//7896 129//38
f 132//7897 102//7897 134//7897
f 142//7898 141//7898 140//7898
f 148//7899 106//7899 60//7899
f 144//7900 143//7900 127//7900
f 149//7901 152//7901 151//7901
f 156//7902 155//7902 154//7902
f 159//7903 150//7903 158//7903
f 116//7904 108//7904 164//7904
f 171//7905 170//7905 169//7905
f 174//7906 126//7906 173//7906
f 179//7907 182//7907 181//7907
f 186//7908 189//7908 188//7908
f 194//7909 197//7909 196//7909
f 199//7910 142//7910 139//7910
f 206//7911 209//7911 208//7911
f 213//7912 212//7912 211//7912
f 202//7913 215//7913 214//7913
f 96//7914 93//7914 216//7914
f 92//7915 238//7915 43//7915
f 97//7916 184//7916 246//7916
f 250//7917 249//7917 229//7917
f 252//7918 254//7918 58//7918
f 258//7919 257//7919 256//7919
f 260//7920 91//7920 229//7920
f 110//7921 111//7921 112//7921
f 114//7922 264//7923 263//7924
f 265//68 268//7925 267//69
f 56//7926 53//7926 270//7926
f 274//7927 273//7927 249//7927
f 185//7928 183//7928 63//7928
f 280//7929 279//7929 278//7929
f 285//7930 284//7930 283//7930
f 288//7931 219//7931 211//7931
f 141//7932 142//7932 92//7932
f 289//7933 290//7933 175//7933
f 148//7934 116//7934 105//7934
f 312//7935 311//7935 170//7935
f 238//7936 262//7936 42//7936
f 318//7937 163//7937 160//7937
f 310//7938 309//4297 308//4299
f 241//7939 239//7939 325//7939
f 160//85 230//7940 240//86
f 47//7941 48//7941 307//7941
f 108//7942 109//7942 315//7942
f 345//7943 85//7943 86//7943
f 348//91 351//7944 350//92
f 356//7945 359//7945 358//7945
f 355//7946 354//7946 353//7946
f 363//7947 31//7947 32//7947
f 364//7948 252//7948 253//7948
f 366//7949 125//7949 368//7949
f 183//7950 372//7950 371//7950
f 163//7951 162//7951 161//7951
f 209//7952 226//7952 101//7952
f 378//7953 377//7953 165//7953
f 379//7954 295//7954 381//7954
f 383//7955 382//7955 3//7955
f 284//7956 285//7956 386//7956
f 387//7957 127//7957 389//7957
f 391//7958 259//7958 229//7958
f 73//7959 281//7959 397//7959
f 405//7960 408//7960 407//7960
f 203//7961 218//7961 411//7961
f 414//7962 121//7962 413//7962
f 1//7963 356//7963 357//7963
f 277//7964 276//7964 131//7964
f 254//602 344//601 57//7965
f 358//7966 384//7966 415//7966
f 417//7967 416//7967 386//7967
f 401//120 400//7968 192//121
f 419//7969 389//7969 127//7969
f 421//7970 181//7970 182//7970
f 103//7971 301//7971 302//7971
f 428//7972 367//7972 368//7972
f 380//7973 390//7973 359//7973
f 62//7974 204//7974 266//7974
f 140//7975 141//7975 431//7975
f 357//7976 358//7976 351//7976
f 356//7977 1//7977 379//7977
f 415//7978 392//7978 403//7978
f 437//7979 428//7979 436//7979
f 438//7980 441//7981 440//7982
f 188//7983 451//7983 450//7983
f 265//139 455//7984 181//140
f 224//7985 185//7985 64//7985
f 237//7986 212//7986 213//7986
f 275//7987 131//7987 128//7987
f 281//7988 282//7988 460//7988
f 50//7989 462//7989 79//7989
f 73//7990 74//7990 282//7990
f 468//7991 467//7991 466//7991
f 390//7992 355//7992 352//7992
f 482//7993 485//7993 484//7993
f 489//7994 488//7994 487//7994
f 493//7995 496//7995 495//7995
f 472//7996 471//7996 470//7996
f 502//7997 501//7997 500//7997
f 220//7998 221//7998 222//7998
f 512//7999 419//123 143//125
f 518//8000 517//8000 511//8000
f 513//8001 239//8001 230//8001
f 205//8002 30//8002 31//8002
f 189//8003 370//8003 451//8003
f 163//8004 318//8004 532//8004
f 533//8005 224//8005 225//8005
f 446//8006 448//8006 447//8006
f 335//8007 541//8007 540//8007
f 544//8008 512//8008 546//8008
f 329//8009 519//8009 291//8009
f 199//8010 534//8010 262//8010
f 385//8011 386//8011 416//8011
f 532//8012 190//8012 191//8012
f 363//8013 117//8013 118//8013
f 578//8014 581//8014 580//8014
f 573//8015 572//8015 571//8015
f 561//8016 563//8016 562//8016
f 241//8017 260//8017 259//8017
f 590//8018 593//1551 592//1553
f 545//8019 546//8019 595//8019
f 503//8020 154//8020 155//8020
f 606//1464 625//1463 624//8021
f 478//8022 481//8022 480//8022
f 646//8023 649//8023 648//8023
f 590//8024 591//8024 689//8024
f 564//8025 565//8025 651//8025
f 728//8026 246//8026 184//8026
f 714//8027 724//8027 716//8027
f 692//8028 574//194 575//196
f 541//8029 335//8029 581//8029
f 346//8030 68//8030 248//8030
f 161//8031 231//8031 230//8031
f 128//39 129//38 94//8032
f 698//8033 705//8033 704//8033
f 574//8034 577//8034 576//8034
f 290//8035 289//8035 401//8035
f 630//8036 631//8036 725//8036
f 733//8037 736//8037 735//8037
f 755//8038 466//8038 496//8038
f 759//8039 480//8039 481//8039
f 757//8040 763//8040 762//8040
f 764//8041 496//8041 466//8041
f 768//204 767//8042 3808//205
f 759//8043 760//8043 488//8043
f 492//8044 474//8044 475//8044
f 474//8045 770//8045 769//8045
f 773//8046 468//8046 465//8046
f 771//8047 774//8047 486//8047
f 484//8048 485//8048 775//8048
f 774//8049 776//8049 489//8049
f 495//8050 496//8050 764//8050
f 495//8051 757//8051 761//8051
f 137//8052 397//8052 784//8052
f 325//8053 239//8054 797//8055
f 165//8056 519//8056 51//8056
f 369//8057 32//8057 29//8057
f 730//8058 731//8058 568//8058
f 90//8059 302//8059 301//8059
f 243//8060 118//8060 516//8060
f 800//8061 734//8061 806//8061
f 817//8062 815//8062 808//8062
f 816//8063 808//8063 823//8063
f 306//8064 303//8064 447//8064
f 815//8065 810//8065 809//8065
f 829//8066 830//8066 828//8066
f 726//8067 725//8067 501//8067
f 274//8068 427//8068 424//8068
f 879//8069 882//8069 881//8069
f 884//8070 883//8070 879//8070
f 219//8071 218//8071 217//8071
f 906//8072 905//8072 904//8072
f 455//8073 204//8073 205//8073
f 898//8074 882//8074 830//8074
f 903//8075 900//8075 880//8075
f 377//8076 291//8076 519//8076
f 923//8077 949//8077 948//8077
f 946//8078 947//8078 951//8078
f 3519//8079 740//8079 739//8079
f 900//8080 899//8080 886//8080
f 225//8081 64//8081 65//8081
f 182//8082 445//8082 442//8082
f 809//8083 952//8083 947//8083
f 954//8084 960//8084 962//8084
f 927//970 950//969 965//8085
f 885//257 879//8086 880//258
f 925//260 927//254 966//256
f 343//8087 342//8087 341//8087
f 965//8088 964//8088 971//8088
f 968//265 971//264 970//8089
f 972//267 968//8090 969//267
f 963//8091 961//8091 981//8091
f 336//8092 337//8092 338//8092
f 992//271 993//8093 827//272
f 810//8094 815//8094 996//8094
f 1007//275 1001//8095 1002//276
f 1012//278 826//8096 827//279
f 1011//281 1009//8097 1007//282
f 294//8098 293//8098 292//8098
f 907//8099 908//8100 920//8101
f 1017//8102 579//8102 1019//8102
f 1020//8103 1023//8103 1022//8103
f 1035//8104 1024//8104 1020//8104
f 1061//8105 1060//8105 1047//8105
f 1063//8106 1061//8106 1046//8106
f 1044//8107 1020//8107 1021//8107
f 1102//8108 1094//8108 1097//8108
f 1116//8109 1126//8109 1118//8109
f 1016//8110 1015//8110 1014//8110
f 881//8111 897//8111 904//8111
f 816//306 1116//305 1127//8112
f 1094//1861 948//1860 949//8113
f 514//8114 342//8114 167//8114
f 146//8115 145//8116 81//8117
f 1133//8118 1135//8118 1130//8118
f 1102//8119 1133//1372 1126//1374
f 822//8120 1126//8120 1116//8120
f 1145//8121 1143//8121 1148//8121
f 1076//8122 1144//8122 1151//8122
f 1148//309 1143//8123 1086//310
f 1109//8124 1097//8124 1114//8124
f 1154//8125 1153//8125 1156//8125
f 1153//8126 925//8126 967//8126
f 3464//8127 3497//8127 463//8127
f 1144//8128 1147//8128 1152//8128
f 1156//8129 967//8129 1163//8129
f 1164//318 1162//8130 1169//319
f 1145//8131 1171//8131 1176//8131
f 1114//8132 1115//8132 1154//8132
f 1183//331 1155//333 1164//8133
f 1184//8134 1183//8134 1177//8134
f 1069//8135 1151//8135 1062//8135
f 1023//8136 1191//8136 1194//8136
f 1162//8137 1163//8137 1170//8137
f 1195//8138 1184//8138 1185//8138
f 1183//8139 1196//8139 1176//8139
f 1201//8140 1063//8140 1152//8140
f 1061//8141 1063//8141 1201//8141
f 3825//8142 847//8142 843//8142
f 1203//8143 1202//8143 1195//8143
f 1202//8144 1201//8144 1184//8144
f 1218//8145 1060//8145 1203//8145
f 1060//8146 1061//335 1202//337
f 1225//8147 1218//8147 1217//8147
f 671//8148 695//8148 694//8148
f 1219//8149 1217//8149 1024//8149
f 1217//8150 1203//8150 1034//8150
f 1226//8151 1014//8151 1015//8151
f 1243//8152 1242//8152 1234//8152
f 1231//8153 1230//8153 1229//8153
f 847//8154 1243//8154 1233//8154
f 843//8155 1233//8155 1244//8155
f 1233//8156 1234//8156 1245//8156
f 1923//8157 3761//8157 233//8157
f 2100//1560 2108//8158 499//8159
f 3914//8160 3864//8160 2135//8160
f 61//8161 62//8161 323//8161
f 210//8162 211//8162 217//8162
f 1299//360 1310//1424 1309//361
f 3863//8163 1230//8163 1231//8163
f 1066//8164 1047//8164 1321//8164
f 1322//364 1321//8165 1228//365
f 1060//8166 1218//8166 1321//8166
f 1325//368 1324//8167 1323//369
f 1244//8168 1245//8168 1332//8168
f 1290//8169 1234//8169 1242//8169
f 1337//8170 1330//8170 1339//8170
f 1330//374 1332//8171 1340//375
f 1341//8172 1332//8172 1245//8172
f 1342//8173 1340//8173 1332//8173
f 1343//8174 1342//8174 1341//8174
f 1344//8175 1341//8175 1294//8175
f 3857//8176 3856//8176 1345//8176
f 1347//8177 1348//404 1342//406
f 3856//383 3854//4374 1295//384
f 1349//8178 1350//8178 1348//8178
f 3861//8179 1349//8179 1347//8179
f 3853//8180 1347//8180 1343//8180
f 906//8181 898//238 829//240
f 905//8182 906//8182 1353//8182
f 865//8183 1356//8183 1355//8183
f 1355//8184 1353//8184 829//8184
f 1357//8185 1355//8185 825//8185
f 1356//8186 1354//8186 1353//8186
f 3834//8187 1337//8187 1338//8187
f 866//8188 1358//8188 1356//8188
f 1358//8189 1359//8189 1354//8189
f 3828//398 878//8190 1337//399
f 838//8191 1362//8191 1012//8191
f 1363//8192 1364//8192 1338//8192
f 1368//8193 1363//8193 1339//8193
f 1348//8194 1368//8194 1340//8194
f 1371//8195 1369//8195 3824//8195
f 524//8196 525//8196 526//8196
f 528//8197 529//8197 530//8197
f 1372//4434 1370//4434 1369//8198
f 535//413 536//8199 537//414
f 1367//416 1368//8200 1348//417
f 1370//419 1354//8201 1359//420
f 1369//8202 1359//8202 3833//8202
f 1373//8203 910//8203 903//8203
f 555//8204 556//8204 557//8204
f 1374//8205 909//8205 910//8205
f 1373//8206 904//8206 905//8206
f 1374//8207 1373//8207 1375//8207
f 1375//8208 905//8208 1354//8208
f 1378//8209 920//8101 908//8100
f 376//8210 373//8210 651//8210
f 1388//8211 928//8211 973//8211
f 586//8212 587//8212 588//8212
f 1390//8213 1389//8213 1388//8213
f 1391//8214 1388//8214 969//8214
f 597//8215 598//1918 599//1920
f 600//8216 601//8216 602//8216
f 1392//8217 1391//8217 970//8217
f 608//8218 609//8218 610//8218
f 612//8219 524//8219 523//8219
f 614//8220 615//8220 616//8220
f 617//2668 618//2667 25//8221
f 620//8222 621//8222 622//8222
f 1397//8223 1390//433 1391//435
f 1398//8224 1397//8224 1392//8224
f 1400//8225 987//8225 920//8225
f 1402//8226 1403//8226 1165//8226
f 636//8227 637//8227 638//8227
f 930//8228 1404//8229 1402//8230
f 641//8231 642//8231 643//8231
f 929//8232 1402//8232 1169//8232
f 1404//8233 1405//8233 1403//8233
f 1411//8234 1366//8234 1365//8234
f 1412//8235 1406//8235 1415//8235
f 652//8236 653//8236 654//8236
f 609//8237 656//8237 657//8237
f 659//8238 660//8238 661//8238
f 558//8239 663//8239 586//8239
f 665//8240 666//8240 667//8240
f 1413//8241 1411//8241 1406//8241
f 1418//8242 1416//8242 3810//8242
f 1417//8243 1372//8243 1371//8243
f 1416//8244 1371//8244 3829//8244
f 1419//8245 1417//8245 1416//8245
f 1386//8246 909//8246 1374//8246
f 677//8247 678//8247 679//8247
f 1385//8248 1386//8248 1420//8248
f 1420//8249 1374//8249 1376//8249
f 685//8250 686//8250 687//8250
f 1421//8251 1420//8251 1422//8251
f 528//8252 690//8252 691//8252
f 1422//8253 1376//8253 1372//8253
f 1018//8254 1019//8254 747//8254
f 699//8255 700//8255 701//8255
f 1424//8256 578//8256 579//8256
f 3663//8257 1597//8257 1767//8257
f 700//8258 699//8258 711//8258
f 1093//8259 3746//8259 3754//8259
f 717//8260 718//8260 530//8260
f 721//8261 722//8261 723//8261
f 704//8262 1650//8262 3543//8262
f 19//8263 1429//8263 1426//8263
f 1429//8264 1428//8265 1427//8266
f 1658//8267 1659//8267 3542//8267
f 1439//8268 1437//8268 1434//8268
f 1437//8269 1436//8269 1435//8269
f 1426//8270 1427//8270 1433//8270
f 1442//8271 1431//8271 1432//8271
f 742//8272 743//8272 744//8272
f 1432//8273 1433//8273 1441//8273
f 751//8274 752//8274 753//8274
f 1438//8275 1434//8275 1403//8275
f 1446//8276 1445//8276 1444//8276
f 1447//3612 1448//3611 1446//8277
f 3860//8278 1447//8278 1443//8278
f 1415//8279 1367//8279 1445//8279
f 1414//8280 1415//8280 1446//8280
f 2173//8281 1683//8281 469//8281
f 777//8282 778//8282 779//8282
f 780//8283 781//8283 782//8283
f 1676//8284 1693//8284 1806//8284
f 3859//8285 1451//8285 1349//8285
f 789//8286 790//8286 791//8286
f 745//8287 792//8287 793//8287
f 652//8288 794//8289 795//8290
f 1455//8291 1458//8291 1457//8291
f 1454//8292 1367//8292 1350//8292
f 610//8293 691//8293 802//8293
f 3831//3947 3816//3946 698//8294
f 1352//8295 1044//8295 1045//8295
f 1015//8296 1016//8296 1459//8296
f 811//8297 812//8297 813//8297
f 2118//1488 3815//1487 3817//8298
f 819//8299 820//8299 821//8299
f 1466//8300 1463//8300 1194//8300
f 1467//8301 1468//8301 1465//8301
f 1182//8302 1165//8302 1468//8302
f 832//8303 812//8303 833//8303
f 835//8304 836//8304 837//8304
f 1467//8305 1466//8305 1190//8305
f 1469//8306 1470//8306 1444//8306
f 840//8307 700//8307 712//8307
f 1453//8308 1470//8308 1469//8308
f 599//8309 844//8309 845//8309
f 1226//8310 1450//8310 3849//8310
f 851//8311 852//8311 853//8311
f 855//8312 744//8312 856//8312
f 858//8313 859//8313 860//8313
f 861//8314 862//8314 863//8314
f 1014//8315 1226//8315 3855//8315
f 867//8316 676//8316 868//8316
f 870//8317 871//8317 872//8317
f 874//8318 875//8318 876//8318
f 1310//8319 1323//8319 1471//8319
f 1476//545 1433//8320 1427//546
f 1461//8321 1476//8321 1475//8321
f 887//8322 888//8322 889//8322
f 788//8323 791//8323 892//8323
f 894//8324 895//2655 896//2657
f 1460//8325 1475//8325 1227//8325
f 901//553 902//8326 524//554
f 1465//8327 1478//791 1477//793
f 1865//8328 3503//8328 3500//8328
f 911//2347 912//2349 913//8329
f 916//8330 917//8330 918//8330
f 1850//8331 3505//8331 3507//8331
f 921//8332 922//3141 895//3143
f 1479//8333 1435//8333 1436//8333
f 926//8334 664//8334 667//8334
f 1481//8335 562//8335 563//8335
f 269//8336 1483//8336 84//8336
f 931//8337 932//8337 933//8337
f 934//8338 935//8338 614//8338
f 936//8339 685//8339 688//8339
f 938//8340 659//8340 662//8340
f 1484//8341 270//8341 122//8341
f 941//8342 942//8342 835//8342
f 320//8343 321//8343 509//8343
f 1849//8344 3510//8344 3505//8344
f 84//8345 1483//8345 1484//8345
f 1487//8346 1490//8346 1488//8346
f 1757//8347 1758//8347 3502//8347
f 365//581 1492//8348 1491//582
f 461//8349 79//8349 80//8349
f 117//585 363//8350 362//586
f 1494//8351 540//8351 541//8351
f 926//591 601//8352 957//592
f 1477//8353 1441//8353 1433//8353
f 1709//8354 1588//8354 1585//8354
f 119//8355 117//8355 1496//8355
f 271//8356 1497//8356 504//8356
f 511//8357 517//8357 189//8357
f 345//8358 1496//8358 1492//8358
f 57//8359 344//8359 299//8359
f 1501//8360 1499//8360 268//8360
f 267//8361 268//8361 1499//8361
f 974//8362 975//8362 976//8362
f 1678//8363 1652//8363 1693//8363
f 3846//8364 1682//8364 1807//8364
f 557//8365 982//8365 663//8365
f 983//8366 941//8366 984//8366
f 1443//8367 1444//8367 3849//8367
f 421//8368 1500//8368 268//8368
f 989//613 990//8369 991//614
f 1490//8370 1487//8370 418//8370
f 279//8371 280//8371 309//8371
f 997//618 868//8372 676//619
f 998//8373 26//8373 999//8373
f 1504//8374 418//8374 38//8374
f 1506//8375 1508//8375 1507//8375
f 360//8376 361//8376 1508//8376
f 1506//8377 1486//8377 207//8377
f 939//8378 1005//8378 1006//8378
f 270//8379 1484//8379 1483//8379
f 66//8380 63//8380 546//8380
f 1010//8381 742//8381 793//8381
f 367//8382 428//8382 437//8382
f 244//8383 31//8383 363//8383
f 1670//8384 3532//8384 3534//8384
f 209//8385 206//8385 1510//8385
f 388//8386 389//8386 426//8386
f 427//8387 274//8387 250//8387
f 161//8388 520//8388 521//8388
f 100//8389 246//8389 45//8389
f 1025//8390 1026//8390 608//8390
f 1029//8391 1030//8392 1031//8393
f 939//8394 662//8394 1033//8394
f 41//8395 42//8395 594//8395
f 1036//8396 780//8396 783//8396
f 702//8397 701//8397 1038//8397
f 1040//8398 1041//8398 1042//8398
f 362//8399 32//8399 369//8399
f 187//648 1520//8400 477//649
f 70//2651 1487//2650 539//8401
f 1049//8402 600//8402 603//8402
f 613//8403 867//8403 869//8403
f 860//8404 1050//8404 1051//8404
f 1005//8405 1052//8405 1053//8405
f 753//8406 1055//8406 1056//8406
f 1057//8407 1058//8407 1059//8407
f 293//8408 288//8408 1522//8408
f 288//660 212//8409 1521//661
f 292//8410 1522//8410 1523//8410
f 331//8411 1507//8411 1508//8411
f 306//8412 452//8412 453//8412
f 100//8413 44//8413 41//8413
f 462//8414 1524//8414 78//8414
f 330//8415 331//8415 1524//8415
f 635//8416 1067//8416 1068//8416
f 1485//8417 1527//8417 1526//8417
f 206//8418 1485//8418 1528//8418
f 1070//8419 1071//8419 1072//8419
f 942//8420 941//8420 1073//8420
f 916//8421 933//8421 1075//8421
f 440//8422 1529//8422 1530//8422
f 157//8423 158//8423 1514//8423
f 1529//8424 162//8424 5//8424
f 371//8425 595//8425 546//8425
f 790//8426 586//8426 663//8426
f 1077//8427 858//8427 857//8427
f 1403//8428 1434//8428 1435//8428
f 1080//8429 1081//8429 1082//8429
f 531//8430 520//8430 1529//8430
f 21//8431 1083//8431 1084//8431
f 272//8432 1532//8432 1531//8432
f 690//8433 712//8433 802//8433
f 335//8434 3571//8434 3567//8434
f 1090//8435 1030//8392 1029//8391
f 1092//8436 795//8290 794//8289
f 1533//8437 396//8437 137//8437
f 661//8438 660//8438 1095//8438
f 69//8439 444//8439 445//8439
f 1099//696 1100//3252 1101//697
f 38//8440 39//8440 1536//8440
f 1104//8441 1105//8441 1106//8441
f 852//8442 1107//8442 1108//8442
f 1377//8443 908//8443 909//8443
f 291//8444 377//8444 411//8444
f 316//8445 1536//8445 516//8445
f 539//705 1488//8446 1533//706
f 1505//8447 1536//8447 316//8447
f 1110//8448 1111//8448 1112//8448
f 1539//8449 1537//8449 460//8449
f 522//8450 441//8450 1537//8450
f 834//8451 837//8451 1120//8451
f 1122//8452 1123//8453 1124//8454
f 612//8455 1125//8455 1041//8455
f 935//8456 793//8456 615//8456
f 276//8457 278//8457 130//8457
f 1686//8458 3549//8458 3522//8458
f 193//8459 190//8459 1541//8459
f 231//8460 521//8460 1540//8460
f 556//8461 1037//8461 982//8461
f 365//8462 253//8462 85//8462
f 190//8463 532//8463 318//8463
f 1810//8464 765//8464 3574//8464
f 3924//726 1867//8465 3512//727
f 1132//8466 983//8466 985//8466
f 208//8467 101//8467 102//8467
f 1134//8468 1033//8468 662//8468
f 1491//8469 518//8469 80//8469
f 429//8470 133//8470 1542//8470
f 1137//8471 1138//8471 915//8471
f 172//8472 436//8472 428//8472
f 1139//8473 1140//8473 1141//8473
f 549//8474 96//57 54//59
f 1517//8475 1519//8475 1518//8475
f 834//8476 1119//8476 984//8476
f 1543//8477 513//8477 286//8477
f 1544//8478 797//8055 239//8054
f 133//745 134//8479 1544//746
f 506//8480 361//8480 257//8480
f 420//8481 327//8481 328//8481
f 1158//8482 1159//8482 1160//8482
f 587//8483 1104//8483 1103//8483
f 607//8484 1161//8484 1027//8484
f 304//8485 1546//8486 1545//8487
f 364//8488 1491//8488 77//8488
f 69//8489 70//8489 198//8489
f 700//8490 840//8490 1112//8490
f 3877//8491 626//8491 3525//8491
f 1166//762 719//2364 657//763
f 1167//8492 1168//8492 858//8492
f 1300//8493 3523//8493 3524//8493
f 1172//769 1173//8494 1174//770
f 218//8495 203//8495 200//8495
f 1179//8496 1180//8496 1181//8496
f 372//8497 183//8497 97//8497
f 89//8498 104//8498 227//8498
f 1186//8499 1187//8499 1188//8499
f 172//8500 173//8500 1517//8500
f 1482//8501 84//8501 81//8501
f 1090//8502 1192//8502 1193//8502
f 394//8503 395//8503 353//8503
f 526//8504 525//8504 1198//8504
f 1199//8505 1200//8505 1026//8505
f 606//8506 623//8506 697//8506
f 1204//8507 1205//8507 1206//8507
f 1207//786 1208//8508 523//787
f 1209//8509 1210//8509 867//8509
f 914//8510 913//8510 685//8510
f 1478//564 1436//563 1441//8511
f 1029//8512 1028//8512 1161//8512
f 1211//8513 1212//8513 1213//8513
f 3858//8514 1453//8514 1451//8514
f 844//8515 1215//8515 1216//8515
f 423//8516 193//8516 273//8516
f 1220//8517 1221//8517 1222//8517
f 22//8518 1223//8518 1224//8518
f 882//8519 898//8519 897//8519
f 1519//8520 1517//8520 173//8520
f 1189//8521 1188//8521 1232//8521
f 349//8522 350//8522 550//8522
f 1071//8523 1235//8523 1236//8523
f 1237//8524 1238//8524 1239//8524
f 1221//8525 1186//8525 1189//8525
f 1510//8526 1528//8526 1512//8526
f 939//8527 1032//8527 1241//8527
f 1556//8528 1530//8528 5//8528
f 1553//8529 1554//8529 394//8529
f 404//8530 1556//8530 67//8530
f 1247//8531 1248//8531 1249//8531
f 142//8532 199//8532 238//8532
f 1251//8533 1067//8533 635//8533
f 850//8534 1252//8534 1253//8534
f 1254//8535 1167//8535 1077//8535
f 57//8536 132//8536 133//8536
f 443//8537 430//8537 552//8537
f 1187//8538 1172//8538 1175//8538
f 1256//8539 1070//8539 831//8539
f 432//8540 405//8540 382//8540
f 741//8541 748//8541 747//8541
f 434//8542 350//8542 351//8542
f 349//8543 432//8543 383//8543
f 251//8544 124//8544 1481//8544
f 395//8545 384//8546 352//8547
f 1518//8548 1519//8548 1550//8548
f 1558//829 410//8549 378//830
f 109//8550 263//8550 314//8550
f 285//8551 1514//8551 1513//8551
f 395//8552 394//8552 393//8552
f 202//8553 203//8553 410//8553
f 417//8554 408//8554 405//8554
f 1246//8555 1257//8555 1258//8555
f 3//8556 1559//8556 297//8556
f 1259//8557 1260//8557 1261//8557
f 403//8558 404//8558 347//8558
f 955//8559 954//8559 953//8559
f 462//8560 50//8560 51//8560
f 1096//8561 1095//8561 687//8561
f 429//846 147//8562 60//16
f 896//8563 1264//8563 1265//8563
f 1267//8564 721//8564 1268//8564
f 423//8565 424//8565 327//8565
f 37//8566 179//8566 180//8566
f 20//8567 23//8567 1187//8567
f 1256//8568 1168//8568 1071//8568
f 1188//8569 1175//8569 1269//8569
f 1236//8570 1270//8570 1271//8570
f 1272//8571 536//8571 535//8571
f 565//8572 564//8572 463//8572
f 1273//858 792//8573 745//859
f 876//861 1254//8574 1255//862
f 316//8575 33//8575 164//8575
f 437//8576 1516//8576 503//8576
f 194//8577 1494//588 1495//590
f 1275//8578 1276//8578 864//8578
f 624//8579 625//8579 631//8579
f 1277//8580 1274//8580 1137//8580
f 569//8581 568//8581 567//8581
f 1481//8582 124//8582 125//8582
f 324//8583 325//8583 547//8583
f 1279//8584 1108//8584 1107//8584
f 1525//8585 332//8585 329//8585
f 1281//8586 1278//8586 1137//8586
f 171//8587 168//8587 1553//8587
f 1488//8588 73//8588 396//8588
f 1557//1052 1561//1054 1562//8589
f 1282//8590 856//8590 1206//8590
f 1053//8591 1277//8591 1278//8591
f 778//8592 777//8592 607//8592
f 713//8593 583//8593 3566//8593
f 251//8594 225//8594 144//8594
f 4//8595 357//8595 348//8595
f 709//4725 708//8596 707//8597
f 728//8598 48//8598 45//8598
f 261//8599 135//8599 1563//8599
f 789//8600 1286//8600 1287//8600
f 74//8601 314//8601 263//8601
f 403//8602 284//8602 385//8602
f 1178//8603 1181//8603 1240//8603
f 1223//8604 1259//8604 1289//8604
f 1220//8605 20//8605 1186//8605
f 296//8606 1518//8606 354//8606
f 784//8607 459//8607 1538//8607
f 1181//8608 1180//8608 1291//8608
f 1269//8609 1292//8609 1257//8609
f 1566//8610 1538//8610 438//8610
f 136//8611 784//8611 1566//8611
f 1563//8612 1564//8612 169//8612
f 107//8613 114//8613 109//8613
f 1297//8614 1282//8614 1298//8614
f 1464//8615 1477//8615 1476//8615
f 1520//8616 187//8616 507//8616
f 1301//8617 1302//8617 1303//8617
f 1306//8618 1307//8618 1308//8618
f 175//8619 456//8619 1532//8619
f 1532//8620 456//8620 200//8620
f 1311//8621 1266//8621 1312//8621
f 872//8622 1314//8622 1315//8622
f 3836//8623 843//8623 878//8623
f 1305//8624 1308//8624 864//8624
f 1040//8625 1275//8625 863//8625
f 1564//8626 1566//8626 399//8626
f 592//8627 1576//8627 1575//8627
f 591//8628 1575//8628 1088//8628
f 1581//8629 1584//8629 1583//8629
f 1196//8630 1152//8630 1147//8630
f 710//8631 582//8631 583//8631
f 285//8632 407//8632 408//8632
f 953//8633 954//8633 961//8633
f 1594//8634 1592//8634 1589//8634
f 1585//935 1588//8635 1587//936
f 1592//8636 1591//8636 1590//8636
f 3885//8637 945//8637 944//8637
f 1600//8638 1599//8638 1598//8638
f 1604//8639 1603//8639 1602//8639
f 1399//8640 1392//8640 979//8640
f 1589//8641 1590//8641 1596//8641
f 1610//8642 1609//8642 1608//8642
f 298//8643 257//8643 361//8643
f 551//8644 552//8644 276//8644
f 1627//8645 1626//8645 3814//8645
f 859//8646 811//8646 818//8646
f 1078//8647 857//8647 1328//8647
f 1555//8648 439//8648 1530//8648
f 572//8649 573//8649 680//8649
f 772//8650 465//8650 776//8650
f 977//8651 1281//8651 918//8651
f 404//8652 403//8652 392//8652
f 1054//8653 1331//8653 750//8653
f 1644//8654 1645//8654 1643//8654
f 932//8655 1265//8655 1082//8655
f 1067//8656 1333//8656 1334//8656
f 1540//8657 1539//8657 264//8657
f 597//8658 1335//8658 643//8658
f 471//8659 761//8659 762//8659
f 1642//964 696//8660 3831//965
f 1644//8661 1642//8661 3842//8661
f 923//8662 946//8662 950//8662
f 96//971 549//8663 548//972
f 520//8664 531//8664 522//8664
f 445//8665 444//8665 443//8665
f 849//8666 839//8666 848//8666
f 480//8667 759//8667 755//8667
f 1646//8668 760//8668 481//8668
f 311//8669 426//2431 1567//2431
f 464//8670 463//8670 3497//8670
f 3497//8671 1360//8671 1361//8671
f 234//8672 237//8672 236//8672
f 190//8673 193//8673 192//8673
f 153//8674 154//8674 152//8674
f 231//8675 287//8675 286//8675
f 1552//8676 1553//8676 1551//8676
f 760//989 1646//8677 1648//990
f 3832//8678 1647//8678 1649//8678
f 828//8679 827//8679 826//8679
f 52//8680 167//8680 166//8680
f 1663//8681 1662//8681 1661//8681
f 287//8682 107//8682 115//8682
f 668//8683 671//8683 670//8683
f 634//8684 645//8684 640//8684
f 553//8685 560//8685 559//8685
f 118//8686 36//8686 33//8686
f 492//8687 484//8687 491//8687
f 3552//8688 1652//8688 1651//8688
f 582//1005 589//8689 584//1006
f 384//8546 395//8545 392//8690
f 1381//8691 1382//8691 1383//8691
f 1562//8692 1561//8692 435//8692
f 952//8693 953//8693 951//8693
f 3529//8694 3566//8694 583//8694
f 1660//8695 1661//8695 1667//8695
f 1394//8696 1395//8696 1396//8696
f 1660//8697 1665//8697 1664//8697
f 1671//8698 1670//8698 1669//8698
f 1624//8699 1625//8699 1673//8699
f 1407//8700 1408//8700 1409//8700
f 1677//8701 1676//8701 1675//8701
f 1613//8702 1679//8702 1677//8702
f 1679//8703 1678//8703 1676//8703
f 1626//8704 1681//8704 3811//8704
f 534//8705 199//8705 198//8705
f 803//8706 733//8706 734//8706
f 400//8707 248//8707 191//8707
f 65//8708 66//8708 143//8708
f 3526//8709 1657//8709 1656//8709
f 402//8710 159//8710 157//8710
f 629//8711 628//8711 627//8711
f 461//8712 477//8712 49//8712
f 758//8713 757//8713 495//8713
f 796//8714 787//8714 786//8714
f 406//8715 407//8715 1513//8715
f 342//8716 343//8716 166//8716
f 1694//8717 1659//8717 1658//8717
f 1692//1037 1687//8718 1694//1038
f 3557//8719 1693//8719 1652//8719
f 3921//1041 1704//8720 1703//1042
f 326//8721 547//8721 302//8721
f 3916//8722 3921//8722 1702//8722
f 3919//8723 3918//4821 1698//4823
f 1699//8724 1691//8724 3927//8724
f 1557//8725 406//8725 1560//8725
f 1127//1055 1116//8726 1117//1056
f 400//8727 401//8727 289//8727
f 1706//8728 1702//8728 1707//8728
f 1707//8729 1702//8729 1599//8729
f 1709//8730 1706//8730 1708//8730
f 1714//1062 1712//8731 1711//1063
f 3919//8732 3915//8732 1709//8732
f 1704//8733 1711//8733 1577//8733
f 1716//1067 1714//8734 1713//1068
f 1559//882 1562//881 1549//1070
f 1722//8735 1721//8735 1720//8735
f 1335//8736 597//8736 596//8736
f 410//8737 411//8737 377//8737
f 973//8738 1170//8738 1163//8738
f 168//8739 169//8739 399//8739
f 1571//8740 682//8740 1089//8740
f 1572//8741 681//8741 682//8741
f 749//8742 646//8742 647//8742
f 1730//8743 1724//8743 1723//8743
f 1594//8744 1582//8744 1729//8744
f 1729//8745 1723//8745 1591//8745
f 1384//8746 1378//8746 1377//8746
f 1732//8747 1731//8747 1712//8747
f 1724//8748 1730//8748 1731//8748
f 1722//8749 1724//8749 1732//8749
f 1721//8750 1722//8750 1733//8750
f 1734//8751 1733//8751 1716//8751
f 1735//8752 1737//8752 1736//8752
f 1733//8753 1732//8753 1714//8753
f 1663//8754 1664//8754 1741//8754
f 1742//8755 1665//8755 1740//8755
f 1738//8756 1739//8756 1737//8756
f 1665//8757 1660//8757 1666//8757
f 1665//8758 1742//8758 1744//8758
f 1725//8759 1726//8759 1746//8759
f 1591//8760 1725//8760 1745//8760
f 1590//8761 1745//8761 1747//8761
f 1745//8762 1746//8762 1748//8762
f 1659//8763 1688//8763 3538//8763
f 3287//8764 1760//8764 3545//8764
f 1185//8765 1177//8765 1182//8765
f 1664//8766 1744//8766 1749//8766
f 1741//8767 1749//8767 1739//8767
f 1746//8768 1742//8768 1743//8768
f 1726//8769 1744//8769 1742//8769
f 1115//8770 924//8770 1153//8770
f 1654//8771 3546//8771 3575//8771
f 1896//8772 3562//8772 3549//8772
f 1720//8773 1749//8773 1744//8773
f 1721//8774 1739//8774 1749//8774
f 1750//8775 1718//8775 1701//8775
f 1697//8776 1736//8776 1750//8776
f 1151//8777 1152//8777 1063//8777
f 1751//1121 1752//8778 1670//1122
f 1695//8779 1658//8779 1752//8779
f 961//8780 962//8780 986//8780
f 1770//8781 1769//8781 1768//8781
f 1766//8782 1594//8782 1593//8782
f 1731//8783 1759//8783 1579//8783
f 1579//8784 1777//8784 1774//8784
f 3928//8785 1772//8785 1771//8785
f 1764//8786 1772//8786 3928//8786
f 1777//8787 1776//8787 1775//8787
f 3762//8788 3763//8788 1699//8788
f 1004//1136 1127//1055 1128//1057
f 1774//8789 1775//8789 1771//8789
f 987//8790 1400//8790 1399//8790
f 1578//8791 1774//8791 1772//8791
f 1783//8792 1782//8792 1781//8792
f 1597//8793 1598//8793 1770//8793
f 639//8794 1878//8794 3895//8794
f 3928//1144 3929//8795 1769//1144
f 1793//8796 1792//8796 1789//8796
f 3929//8797 3920//8797 1798//8797
f 3508//8798 3516//8798 3773//8798
f 1802//8799 1867//8799 3924//8799
f 1788//8800 1790//8800 1794//8800
f 1793//8801 1794//8801 1795//8801
f 3773//8802 3772//8802 1675//8802
f 1584//8803 1581//8803 1783//8803
f 1771//8804 1797//8804 3920//8804
f 1801//8805 1799//8805 1798//8805
f 1768//8806 1769//8806 1798//8806
f 1775//8807 1796//8807 1797//8807
f 508//8808 514//8808 515//8808
f 1796//8809 1803//8809 1802//8809
f 1800//8810 1798//8810 3920//8810
f 1794//8811 1805//8811 1804//8811
f 3532//8812 1670//8812 1752//8812
f 485//8813 1808//8813 1807//8813
f 3809//8814 3844//8814 1640//8814
f 3837//8815 3844//8816 1810//8817
f 485//8818 482//8818 1640//8818
f 1690//8819 1691//8819 3770//8819
f 487//8820 488//8820 1648//8820
f 3839//8821 1813//8821 1816//8821
f 3838//8822 1811//8822 1648//8822
f 3839//8823 1812//8823 1811//8823
f 1812//8824 1809//8824 487//8824
f 1641//8825 1809//8825 767//8825
f 465//8826 466//8826 755//8826
f 767//8827 1815//8827 3823//8827
f 3822//8828 1816//8828 3826//8828
f 1809//1181 1812//8829 1815//1182
f 3837//8830 1653//8830 1651//8830
f 675//8831 672//8831 3541//8831
f 1814//8832 1649//8832 1822//8832
f 1821//8833 1822//8833 3821//8833
f 1824//8834 1822//8834 1649//8834
f 1827//8835 1849//8835 1850//8835
f 1668//8836 1669//8836 1662//8836
f 1779//8837 1780//8837 1848//8837
f 1790//1192 1827//8838 1805//1193
f 1833//8839 1836//8839 1853//8839
f 3521//8840 3506//8840 693//8840
f 1614//8841 1615//8841 1616//8841
f 1852//8842 1853//8842 3498//8842
f 1620//8843 1621//8843 1622//8843
f 1855//8844 1765//8844 1574//8844
f 1847//1201 1852//8845 3501//1202
f 1766//8846 1765//8846 1855//8846
f 1629//8847 1630//8847 1631//8847
f 1633//8848 1622//8848 1634//8848
f 1635//8849 1636//8849 1637//8849
f 1848//8850 1833//8850 1852//8850
f 1855//8851 1861//8851 1863//8851
f 1803//8852 1866//8852 1867//8852
f 1862//8853 1863//8853 1831//8853
f 1782//1212 1855//8854 1862//1213
f 3922//1151 3924//1150 1865//8855
f 1873//8856 1872//8856 1870//8856
f 1874//8857 1869//8857 799//8857
f 2045//8858 3878//8858 3897//8858
f 1219//8859 1345//8859 1295//8859
f 1615//8860 1614//8860 1396//8860
f 3884//8861 3895//8861 1877//8861
f 645//8862 3898//8862 3786//8862
f 1345//8863 1219//8863 1035//8863
f 634//998 639//1000 3884//8864
f 15//8865 1887//8865 1327//8865
f 3910//8866 3895//8866 1878//8866
f 1894//8867 604//8867 605//8867
f 3506//8868 3551//8868 627//8868
f 3560//8869 640//8869 645//8869
f 340//8870 341//8870 454//8870
f 1897//8871 194//8871 195//8871
f 1889//8872 1882//8872 1877//8872
f 1901//8873 94//8873 129//8873
f 196//8874 749//8874 754//8874
f 1705//8875 1704//8875 3921//8875
f 340//8876 378//8876 166//8876
f 1570//1237 1480//8877 563//1238
f 1904//8878 1494//8878 194//8878
f 1781//8879 1862//8879 1832//8879
f 1905//8880 549//8880 55//8880
f 1000//8881 994//8882 995//8883
f 986//8884 919//8884 920//8884
f 1191//8885 1185//8885 1190//8885
f 2094//4615 2077//4614 2075//8886
f 1920//8887 1921//8887 1919//8887
f 453//8888 454//8888 1912//8888
f 1915//8889 1919//8889 1918//8889
f 3882//8890 2112//8890 2106//8890
f 1655//8891 3575//8891 3531//8891
f 1916//8892 1918//8892 1926//8892
f 704//8893 3554//8893 3561//8893
f 278//8894 1916//8894 1925//8894
f 3565//8895 3564//8895 1818//8895
f 1097//1260 949//8896 1115//1261
f 1927//8897 1928//8897 727//8897
f 3578//8898 3579//8898 3654//8898
f 1920//8899 310//8899 307//8899
f 1929//8900 307//8900 48//8900
f 503//8901 504//8901 1497//8901
f 1902//8902 1903//8902 787//8902
f 1816//1269 1821//8903 3820//1270
f 1925//8904 1926//8904 1923//8904
f 1535//8905 1569//8905 1568//8905
f 254//8906 252//8906 258//8906
f 1509//8907 1497//8907 366//8907
f 119//8908 86//8908 35//8908
f 219//8909 288//8909 293//8909
f 141//8910 46//8910 47//8910
f 542//8911 205//8911 244//8911
f 1940//8912 552//8912 430//8912
f 1779//8913 1828//8913 1827//8913
f 1701//8914 1710//8914 3915//8914
f 1661//8915 3550//8915 3515//8915
f 270//8916 53//8916 754//8916
f 197//8917 1947//8917 749//8917
f 1727//8918 1728//8918 1212//8918
f 53//1293 54//2826 232//1294
f 1465//8919 1468//2337 1479//2339
f 1284//8920 3862//8920 3854//8920
f 1951//8921 446//8921 412//8921
f 168//8922 398//8922 1554//8922
f 1486//8923 1485//8923 206//8923
f 506//8924 77//8924 78//8924
f 994//8925 1001//8925 1007//8925
f 951//8926 953//8926 963//8926
f 1013//8927 3859//8927 3861//8927
f 3826//8928 3820//8928 1820//8928
f 1498//8929 1909//8929 1954//8929
f 299//8930 298//8930 543//8930
f 1754//8931 1755//8931 1756//8931
f 1681//8932 469//8932 1683//8932
f 1696//8933 1694//8933 1695//8933
f 13//8934 14//8934 738//8934
f 473//8935 476//8935 475//8935
f 482//8936 1641//8936 768//8936
f 204//8937 62//8937 30//8937
f 1761//8938 1762//8938 820//8938
f 611//8939 1763//8939 1125//8939
f 1501//8940 1503//8940 1908//8940
f 1074//8941 1073//8941 711//8941
f 1960//8942 1944//8942 82//8942
f 120//8943 1956//8943 1960//8943
f 35//8944 86//8944 87//8944
f 1773//8945 1199//8945 1025//8945
f 1965//8946 1545//8946 1569//8946
f 494//8947 761//8947 471//8947
f 1966//1356 1967//1355 1969//8948
f 446//8949 1951//8949 1971//8949
f 174//8950 368//8950 125//8950
f 1580//8951 1579//8951 1578//8951
f 1785//8952 1786//8952 1787//8952
f 1972//8953 1546//8486 304//8485
f 1254//8954 876//8954 875//8954
f 1973//8955 341//8955 342//8955
f 321//8956 1912//8956 1973//8956
f 1910//8957 277//8957 275//8957
f 509//8958 1973//8958 514//8958
f 1486//8959 1507//8959 1527//8959
f 1974//8960 1874//8960 804//8960
f 1977//8961 1976//8961 1974//8961
f 1980//8962 448//8962 1966//8962
f 379//8963 1//8963 2//8963
f 1718//8964 1715//8964 1710//8964
f 884//8965 995//8965 992//8965
f 1680//8966 1684//8966 1678//8966
f 902//8967 990//8967 525//8967
f 344//1349 255//8968 256//1350
f 135//8969 138//693 137//692
f 448//8970 446//8970 1967//8970
f 589//8971 605//8971 604//8971
f 910//8972 909//8972 908//8972
f 1981//8973 1966//8973 1968//8973
f 1982//8974 1981//8974 1987//8974
f 1988//8975 1979//8975 1987//8975
f 1990//8976 1988//8976 1989//8976
f 1991//8977 1989//8977 1993//8977
f 322//8978 321//8978 320//8978
f 992//8979 828//8979 830//8979
f 1144//1368 1076//8980 1086//1369
f 1995//8981 1977//8981 1978//8981
f 1133//8982 1129//8982 1118//8982
f 1997//8983 1995//8984 1994//8985
f 870//8986 1823//8986 1335//8986
f 805//8987 806//8987 1982//8987
f 727//8988 184//8988 2000//8988
f 1996//8989 1994//8989 1988//8989
f 1994//8990 1978//8990 1979//8990
f 1829//8991 616//8991 792//8991
f 1830//8992 1073//8992 941//8992
f 798//8993 803//8993 800//8993
f 729//8994 732//8994 731//8994
f 2011//8995 2012//8995 2023//8995
f 1834//8996 1835//8996 846//8996
f 402//8997 283//8997 284//8997
f 2022//1390 2023//8998 2024//1391
f 1838//8999 718//8999 989//8999
f 810//9000 955//9000 952//9000
f 1823//9001 1839//9001 1840//9001
f 1430//9002 1426//9002 1432//9002
f 1215//9003 844//9003 1841//9003
f 1316//9004 1208//9004 873//9004
f 2112//9005 1401//9005 1384//9005
f 1842//9006 1843//9006 1844//9006
f 1159//9007 846//9007 845//9007
f 837//9008 27//9008 1846//9008
f 1971//9009 1951//9009 2030//9009
f 517//9010 369//9010 370//9010
f 1471//9011 2026//9011 2027//9011
f 3551//3313 3525//3313 626//9012
f 2174//9013 2175//9013 770//9013
f 935//9014 934//9014 1854//9014
f 1613//9015 1619//9015 1611//9015
f 1231//9016 1228//9016 1225//9016
f 1856//2500 1857//2499 891//9017
f 1300//9018 1309//9018 748//9018
f 1150//9019 1149//9019 1858//9019
f 1643//9020 606//9020 696//9020
f 1215//9021 1265//9021 1264//9021
f 1320//9022 1860//9022 902//9022
f 1956//9023 1943//9023 1944//9023
f 2031//1665 668//1664 669//9024
f 2034//9025 1325//9025 1310//9025
f 1879//9026 1880//9026 1656//9026
f 40//9027 245//9027 242//9027
f 1992//9028 1993//9028 2039//9028
f 888//1430 958//9029 957//1431
f 1882//9030 1889//9030 1996//9030
f 1078//9031 1138//9031 1255//9031
f 1871//9032 912//9032 1192//9032
f 294//9033 411//9033 218//9033
f 1323//1437 2041//9034 2026//1437
f 123//9035 1960//9035 83//9035
f 1324//9036 2036//9036 2041//9036
f 384//9037 358//9037 359//9037
f 1324//9038 1325//9038 2038//9038
f 1883//9039 1884//9039 1885//9039
f 287//9040 1540//9040 114//9040
f 1096//9041 1886//9041 1134//9041
f 915//9042 1329//9042 931//9042
f 806//9043 1980//9043 1981//9043
f 3533//9044 3529//9044 584//9044
f 1425//9045 2030//9045 2042//9045
f 1018//9046 2042//9046 1948//9046
f 3562//9047 1896//9047 740//9047
f 1948//1452 2042//9048 649//1453
f 1881//9049 1882//9049 1990//9049
f 1900//9050 129//9050 130//9050
f 992//9051 995//8883 994//8882
f 923//9052 927//9052 925//9052
f 3878//9053 2045//9053 2047//9053
f 1643//9054 2048//9054 625//9054
f 2050//9055 2052//9055 2051//9055
f 2045//9056 1405//9056 1404//9056
f 3876//9057 2047//9057 945//9057
f 1139//9058 1080//9058 1079//9058
f 1037//9059 1856//9059 892//9059
f 2055//9060 2053//9060 2057//9060
f 1198//9061 989//9061 718//9061
f 1619//9062 2058//9062 1612//9062
f 2058//9063 1605//9063 1606//9063
f 2059//9064 2060//9064 1607//9064
f 2058//9065 1619//9065 1624//9065
f 71//9066 72//9066 179//9066
f 405//9067 406//9067 1557//9067
f 322//9068 1548//9068 1972//9068
f 2061//9069 2052//9069 2063//9069
f 2066//9070 2065//9070 2067//9070
f 2052//9071 2061//9071 2064//9071
f 1609//9072 1610//9072 2066//9072
f 1515//9073 151//9073 152//9073
f 1009//9074 827//9074 993//9074
f 1644//9075 3843//9075 3815//9075
f 279//9076 1915//9076 1916//9076
f 1285//9077 3863//9077 3862//9077
f 1647//9078 2066//9078 1825//9078
f 2056//9079 2057//9079 2067//9079
f 319//1366 320//1365 1953//9080
f 667//9081 666//9081 1913//9081
f 2070//9082 631//9082 625//9082
f 2052//9083 2050//9083 2055//9083
f 2038//9084 1654//9084 1655//9084
f 1606//9085 1601//9085 2073//9085
f 1235//9086 1917//9086 1270//9086
f 2072//9087 2073//9087 2075//9087
f 2059//9088 1606//9088 2072//9088
f 2074//1502 2075//1501 2077//9089
f 1601//1505 1602//9090 2078//1506
f 2049//1543 2048//1542 1643//9091
f 1000//9092 1004//9092 1001//9092
f 1089//9093 943//9093 684//9093
f 1931//9094 1286//9094 1306//9094
f 1462//9095 1459//9095 1021//9095
f 1932//9096 1933//9096 1934//9096
f 875//9097 874//9097 1846//9097
f 1936//9098 1051//9098 1937//9098
f 44//9099 45//9099 46//9099
f 1534//9100 1955//9100 1956//9100
f 1541//9101 318//9101 317//9101
f 2081//9102 2082//9102 2084//9102
f 146//9103 1945//9103 1959//9103
f 1360//9104 1941//9104 1942//9104
f 985//9105 984//9105 1032//9105
f 1995//8984 1997//8983 1892//9106
f 2079//1528 2080//9107 2082//1529
f 2095//9108 2096//9109 2076//9110
f 2081//9111 2093//9111 2078//9111
f 2055//9112 2050//9112 2054//9112
f 501//9113 2096//9109 2095//9108
f 2097//9114 2100//9114 2099//9114
f 2098//9115 2099//9115 2094//9115
f 2140//9116 2141//9116 3893//9116
f 2141//9117 2046//9117 3894//9117
f 2051//9118 2070//9118 2048//9118
f 592//9119 2102//1548 2101//1550
f 2071//9120 2064//3204 2076//3203
f 2102//9121 2097//9121 2098//9121
f 593//9122 2103//9122 2102//9122
f 1019//9123 1895//9123 746//9123
f 1950//9124 11//9124 12//9124
f 725//9125 2071//9125 2096//9125
f 1385//9126 2105//9126 2104//9126
f 1379//9127 2104//9127 2106//9127
f 2107//1559 2108//8158 2100//1560
f 3908//9128 726//9128 502//9128
f 3896//1564 502//1563 499//1565
f 940//9129 1389//9129 2109//9129
f 928//9130 929//9130 1170//9130
f 3868//9131 590//9131 684//9131
f 1962//9132 1963//9132 1964//9132
f 3878//9133 680//9133 573//9133
f 2039//1574 1993//9134 1968//1575
f 1389//9135 1390//9135 2110//9135
f 1398//9136 2111//9136 2113//9136
f 3757//9137 3755//9137 3753//9137
f 3911//1580 3883//9138 2107//1581
f 949//9139 923//9139 924//9139
f 260//9140 241//9140 324//9140
f 1390//9141 1397//9141 2113//9141
f 2070//9142 2051//9142 2064//9142
f 3867//9143 3911//9143 2103//9143
f 2105//9144 1385//9144 1421//9144
f 2114//1590 1421//1589 1423//9145
f 3892//9146 2114//9146 2115//9146
f 3908//9147 2105//9147 2114//9147
f 554//9148 2116//1831 1902//1833
f 972//9149 1163//9149 967//9149
f 1765//9150 1593//9150 1573//9150
f 1984//3607 1985//3606 1986//9151
f 2053//9152 2117//9152 2069//9152
f 3573//9153 3556//4608 724//4610
f 1625//9154 1677//9154 1674//9154
f 3881//9155 3888//9155 2119//9155
f 3903//9156 2115//9156 2123//9156
f 56//9157 1954//9157 1906//9157
f 626//9158 3877//9158 3879//9158
f 2001//9159 2002//9159 2003//9159
f 3912//9160 3841//9160 2127//9160
f 2006//1607 2007//9161 2008//1608
f 2127//9162 1413//9162 1412//9162
f 2014//9163 2015//9163 2016//9163
f 2018//9164 2019//9164 2020//9164
f 1495//9165 1424//9165 1947//9165
f 1379//9166 1377//9166 1386//9166
f 3814//9167 3811//9167 1680//9167
f 2029//9168 1885//9168 1884//9168
f 3902//9169 2128//9169 2120//9169
f 629//9170 3879//9170 3914//9170
f 682//9171 683//9171 943//9171
f 724//9172 1650//9172 2121//9172
f 1757//9173 1819//9173 3821//9173
f 765//9174 1810//8817 3844//8816
f 3851//9175 714//9175 715//9175
f 706//9176 707//9176 3870//9176
f 981//9177 986//9177 987//9177
f 1457//9178 1868//9178 1656//9178
f 2017//9179 2016//9179 2032//9179
f 1458//9180 1655//9180 1868//9180
f 1776//9181 1777//9181 1792//9181
f 1959//9182 1945//9182 1946//9182
f 3663//9183 3715//9183 3725//9183
f 3913//9184 3881//9184 2122//9184
f 1093//9185 1089//9185 689//9185
f 966//9186 965//9186 968//9186
f 3852//9187 715//9187 3881//9187
f 2172//9188 3577//9188 2170//9188
f 670//9189 2138//9189 2137//9189
f 3761//9190 787//9190 1903//9190
f 1429//9191 19//9191 28//9191
f 964//9192 963//9192 978//9192
f 3841//9193 3813//4377 1413//4379
f 1473//1644 1474//9194 669//1645
f 3834//9195 3833//9195 1359//9195
f 2138//9196 798//9196 1870//9196
f 1872//9197 1473//9197 2137//9197
f 715//9198 716//9198 3888//9198
f 1881//1455 1991//1457 1992//9199
f 3843//9200 3842//9200 739//9200
f 1837//9201 1847//9201 3513//9201
f 253//9202 58//9202 59//9202
f 1808//9203 3837//9203 3840//9203
f 1647//9204 3832//9204 3818//9204
f 3865//4762 3866//4761 671//9205
f 2112//9206 3882//9206 3883//9206
f 1405//9207 2045//9207 2044//9207
f 3829//409 3824//408 1364//9208
f 273//9209 1541//9209 391//9209
f 576//9210 632//9210 3520//9210
f 3875//9211 3865//9211 668//9211
f 1430//9212 1431//9212 2140//9212
f 2136//9213 3850//9213 3860//9213
f 1430//9214 2139//9214 18//9214
f 3893//9215 3894//9215 570//9215
f 1442//9216 1439//9216 2046//9216
f 1431//9217 1442//1670 2141//1672
f 3869//9218 3913//9218 3850//9218
f 3808//9219 3823//9219 1817//9219
f 3866//9220 3893//9220 695//9220
f 2142//1677 2025//1685 798//1678
f 571//9221 2143//9221 2142//9221
f 3819//9222 3814//9222 1618//9222
f 2143//9223 2022//9223 2025//9223
f 694//1682 2142//1681 2138//9224
f 681//9225 1572//9225 2144//9225
f 2144//9226 2011//9226 2022//9226
f 328//9227 210//9227 457//9227
f 1572//9228 2010//9228 2011//9228
f 630//9229 3892//9229 3903//9229
f 2085//9230 2086//9230 2087//9230
f 2090//9231 2091//9231 2092//9231
f 572//9232 2144//9232 2143//9232
f 1875//9233 1976//9233 2153//9233
f 1873//9234 1875//9234 2149//9234
f 2103//9235 2107//9235 2097//9235
f 2157//9236 2043//9236 2155//9236
f 2128//9237 1412//9237 1414//9237
f 3874//9238 3871//9238 589//9238
f 3872//9239 3870//9239 628//9239
f 2149//1697 2153//1696 2158//9240
f 2159//9241 2158//9241 3905//9241
f 698//9242 3907//9242 3902//9242
f 3823//1707 3847//9243 3827//1708
f 2158//9244 2156//9244 3874//9244
f 1438//9245 2044//9245 2046//9245
f 2035//9246 2154//9246 2160//9246
f 2161//9247 2160//1729 3889//1731
f 3871//1726 3891//1725 605//9248
f 3873//9249 17//9249 18//9249
f 370//9250 29//9250 61//9250
f 649//9251 1951//9251 413//9251
f 2153//9252 2157//9252 2156//9252
f 1428//9253 1429//9253 1449//9253
f 1490//9254 76//9254 73//9254
f 3890//9255 3905//9255 710//9255
f 2155//9256 1891//9256 3891//9256
f 1456//9257 1457//9257 1880//9257
f 2125//9258 2088//9258 2087//9258
f 2160//9259 2159//9259 3890//9259
f 300//9260 1959//9260 505//9260
f 1064//9261 1062//9261 1046//9261
f 2043//9262 1892//9262 1891//9262
f 2129//9263 2130//9263 2004//9263
f 2131//9264 2132//9264 2133//9264
f 3848//9265 3849//9265 1450//9265
f 1998//9266 1975//9266 804//9266
f 3879//1739 673//9267 3864//1740
f 474//9268 492//9268 490//9268
f 1164//9269 1165//9269 1182//9269
f 707//9270 2162//9270 3909//9270
f 708//9271 1472//9271 2162//9271
f 2162//9272 2161//9272 3886//9272
f 548//9273 549//9273 1905//9273
f 1145//9274 1136//9274 1114//9274
f 705//9275 2121//9275 1650//9275
f 2043//9276 2157//4383 1977//4385
f 737//9277 738//9277 554//9277
f 1034//9278 1195//328 1191//330
f 458//9279 1905//9279 1907//9279
f 195//9280 196//9280 232//9280
f 2040//9281 2039//9281 1969//9281
f 2145//1874 2146//1873 2147//9282
f 2054//9283 2050//9283 2049//9283
f 3832//9284 1646//9284 1639//9284
f 9//9285 12//9285 11//9285
f 252//9286 364//9286 506//9286
f 472//9287 478//9287 479//9287
f 1865//9288 3924//9288 3791//9288
f 900//9289 903//9289 910//9289
f 1941//1764 2150//9290 2151//1765
f 1921//9291 1928//9291 1927//9291
f 2163//9292 1897//9292 1898//9292
f 271//9293 156//9293 153//9293
f 1904//9294 1326//9294 12//9294
f 282//9295 263//7924 264//7923
f 1872//1772 1873//9296 2154//1773
f 1326//9297 1904//9297 1897//9297
f 628//9298 692//9298 693//9298
f 1724//9299 1722//9299 1719//9299
f 1549//9300 1562//9300 436//9300
f 1582//9301 1583//9301 1730//9301
f 1921//9302 1920//9302 1929//9302
f 3563//9303 3511//9303 10//9303
f 2152//9304 2037//9304 1950//9304
f 475//9305 772//9305 774//9305
f 769//9306 2172//9306 2171//9306
f 2171//9307 2165//9307 476//9307
f 476//9308 773//9308 772//9308
f 1791//9309 565//9309 464//9309
f 2166//9310 2167//9310 2168//9310
f 595//9311 371//9311 372//9311
f 483//9312 1809//9312 1641//9312
f 762//9313 2174//9313 2173//9313
f 771//9314 483//9314 484//9314
f 486//9315 487//9315 1809//9315
f 297//9316 1549//9316 1517//9316
f 763//9317 2175//9317 2174//9317
f 776//9318 755//9318 759//9318
f 184//9319 185//9319 2176//9319
f 412//9320 447//9320 303//9320
f 2005//9321 2176//9321 185//9321
f 3811//9322 1681//9322 1682//9322
f 2164//9323 2170//9323 756//9323
f 1472//1802 2035//3140 2161//1803
f 950//9324 951//9324 964//9324
f 2177//9325 2178//9325 2179//9325
f 227//9326 226//9326 1510//9326
f 2182//9327 2183//3549 2184//3551
f 2186//9328 2019//9328 2018//9328
f 1985//9329 2182//9329 2181//9329
f 214//9330 736//9330 729//9330
f 865//9331 849//9331 842//9331
f 849//9332 865//9332 1357//9332
f 559//9333 3187//9333 3188//9333
f 16//9334 13//9334 737//9334
f 560//9335 553//9335 498//9335
f 3193//9336 3196//9336 3195//9336
f 3200//9337 3197//9337 3198//9337
f 3211//9338 3214//9338 3213//9338
f 3215//9339 3218//9339 3217//9339
f 2187//9340 2188//9340 2002//9340
f 2169//9341 2168//9341 2189//9341
f 2192//9342 2086//9342 2085//9342
f 2193//9343 2194//9343 2195//9343
f 2198//9344 2199//9344 2200//9344
f 1998//1379 1982//1378 1979//9345
f 3664//9346 3665//9346 3668//9346
f 2116//9347 1898//9347 1903//9347
f 1859//9348 2006//9348 2009//9348
f 3904//9349 2123//9349 2126//9349
f 1135//9350 1148//9350 1087//9350
f 2201//9351 2202//9351 2015//9351
f 1149//9352 111//9352 110//9352
f 3221//9353 3222//9353 3218//9353
f 2203//9354 2204//9354 2205//9354
f 579//9355 580//9355 1895//9355
f 1755//9356 2207//9356 2208//9356
f 3891//9357 3910//9357 1893//9357
f 1211//9358 2151//9358 2150//9358
f 868//9359 997//9359 2210//9359
f 944//9360 945//2546 930//2545
f 2130//9361 2129//9361 2202//9361
f 233//9362 1903//9362 1898//9362
f 665//9363 751//9363 750//9363
f 1167//9364 1254//9364 999//9364
f 2211//9365 2212//9365 2213//9365
f 2215//9366 2216//9366 2217//9366
f 3867//9367 593//9367 590//9367
f 2220//9368 221//9368 220//9368
f 823//9369 824//9369 948//9369
f 3225//9370 3220//9370 3227//9370
f 266//9371 204//9371 455//9371
f 3882//9372 2108//9372 2107//9372
f 2221//9373 2222//9373 3519//9373
f 2223//9374 2224//9374 2225//9374
f 2207//9375 2125//9375 2124//9375
f 673//9376 674//9376 3869//9376
f 817//9377 1000//9377 996//9377
f 2227//9378 2228//9378 2146//9378
f 1947//9379 1948//9379 646//9379
f 3900//9380 2135//9380 17//9380
f 2229//9381 1635//9381 1638//9381
f 1679//9382 1613//9382 1618//9382
f 1637//9383 2231//9383 2232//9383
f 2233//9384 2234//9384 1617//9384
f 2231//9385 2235//9385 2236//9385
f 1381//9386 1638//9386 2238//9386
f 3586//1883 2241//9387 2242//1884
f 1630//9388 2234//9388 2233//9388
f 1681//9389 1626//9389 472//9389
f 1408//9390 1407//9390 2243//9390
f 3236//9391 3239//9391 3238//9391
f 3232//9392 3241//9392 3240//9392
f 1637//9393 2230//9393 2238//9393
f 3237//9394 3238//9394 3233//9394
f 1409//9395 1408//9395 1634//9395
f 1380//9396 1383//9396 2247//9396
f 1628//9397 2248//9397 2245//9397
f 2249//9398 1623//9398 1622//9398
f 1632//9399 1634//9399 1408//9399
f 2248//9400 1628//9400 1631//9400
f 2235//9401 2231//9401 1637//9401
f 3245//9402 3246//9402 3199//9402
f 631//9403 2070//9403 2071//9403
f 515//9404 167//9404 52//9404
f 782//9405 781//9405 2251//9405
f 2253//9406 2254//9406 2255//9406
f 397//9407 281//9407 459//9407
f 1456//9408 2039//9408 2040//9408
f 2040//9409 2041//9409 2036//9409
f 1401//9410 2112//9410 2111//9410
f 2041//9411 2040//9411 1970//9411
f 1535//9412 121//9412 414//9412
f 1586//9413 1587//9413 2080//9413
f 2256//9414 983//9414 1132//9414
f 1700//9415 1699//1049 3918//1051
f 3815//9416 1896//9416 1686//9416
f 1263//9417 2256//9417 1886//9417
f 598//9418 1841//9418 844//9418
f 2257//9419 2258//9419 2259//9419
f 2258//9420 2261//9421 2262//9422
f 2259//1924 2262//1923 2263//9423
f 2260//9424 2259//9424 2216//9424
f 1967//9425 1971//9425 1970//9425
f 2212//9426 1964//9426 1963//9426
f 922//9427 921//9427 2218//9427
f 1312//9428 1098//9428 1101//9428
f 1307//9429 1306//9429 1286//9429
f 1548//9430 1569//9430 1546//9430
f 2266//9431 2267//9431 2268//9431
f 2265//9432 2268//9432 2270//9432
f 2272//9433 2265//9433 2269//9433
f 2273//1936 2266//9434 2265//1937
f 2275//9435 2276//9435 2277//9435
f 2278//9436 2274//9436 2277//9436
f 2284//9437 2285//9437 3617//9437
f 2287//9438 2283//9438 2286//9438
f 2288//9439 2289//9439 2283//9439
f 2290//9440 2284//9440 3639//9440
f 2291//9441 2292//9441 2293//9441
f 2295//9442 2291//9442 2294//9442
f 2296//9443 2297//9443 2291//9443
f 2297//9444 2298//9444 2292//9444
f 2294//9445 2293//9445 2299//9445
f 2279//9446 2294//9446 2300//9446
f 2298//9447 2301//9447 2302//9447
f 2292//9448 2302//9448 2303//9448
f 2293//9449 2303//9449 2304//9449
f 2304//9450 2305//9450 2306//9450
f 2308//9451 2309//9451 2310//9451
f 2302//9452 2307//9452 2310//9452
f 2301//9453 2311//9453 2307//9453
f 2312//9454 2308//9455 2307//9456
f 2313//9457 2314//9457 2315//9457
f 2318//9458 2319//9458 2320//9458
f 3748//4737 3771//4736 2322//9459
f 2324//9460 2325//9460 2273//9460
f 2313//9461 2324//1965 2326//1967
f 2328//9462 2324//9462 2313//9462
f 2329//9463 2325//9463 2324//9463
f 2331//9464 2332//9464 2333//9464
f 2330//9465 2333//9465 2267//9465
f 2325//9466 2330//9466 2266//9466
f 2329//9467 2331//9467 2330//9467
f 2333//9468 2334//9469 2335//9469
f 2336//9470 2334//9470 2333//9470
f 2338//9471 2336//9471 2332//9471
f 2331//9472 2339//9472 2337//9472
f 2329//1982 2340//1981 2339//9473
f 2328//9474 2341//9474 2340//9474
f 2316//9475 2342//9475 2341//9475
f 2342//1984 2316//9476 2315//1985
f 2344//9477 2345//9477 2346//9477
f 2341//1988 2344//9478 2347//1989
f 2342//9479 2348//9479 2344//9479
f 2348//9480 2349//9480 2345//9480
f 2350//9481 2351//9482 2352//9483
f 2339//9484 2350//9484 2353//9484
f 2340//9485 2347//9485 2350//9485
f 2347//9486 2346//9486 2351//9486
f 2337//9487 2353//9487 2354//9487
f 2353//9488 2352//9488 2355//9488
f 2356//1999 2277//9489 2276//2000
f 2356//9490 2357//9490 2358//9490
f 2356//9491 2359//9491 2296//9491
f 2279//9492 2277//9492 2356//9492
f 2360//9493 2361//9493 2270//9493
f 2267//9494 2335//9494 2360//9494
f 2362//2007 2363//9495 2364//2008
f 2362//9496 2365//9496 2361//9496
f 2366//9497 2362//9497 2358//9497
f 2366//2012 2367//9498 2363//2013
f 2357//9499 2276//9499 2368//9499
f 2366//2016 2368//2020 2369//2017
f 2276//9500 2275//2160 2370//2162
f 2368//9501 2370//2157 2282//2159
f 2372//9502 2373//9502 2374//9502
f 2375//9503 2376//9503 2377//9503
f 2378//2024 2379//9504 2380//2025
f 2382//2030 2378//2029 2381//9505
f 2384//9506 2385//9506 2378//9506
f 2385//9507 2386//9507 2379//9507
f 2388//9508 2389//9508 2390//9508
f 2387//9509 2390//9509 2392//9509
f 2393//2034 2394//9510 2387//2035
f 2394//9511 2395//9511 2388//9511
f 2186//9512 2401//9512 2402//9512
f 2403//9513 2404//9513 2327//9513
f 2272//9514 2403//2039 2326//2041
f 2271//9515 2405//2044 2403//2046
f 2405//9516 2406//9516 2404//9516
f 2404//9517 2407//9517 2408//9517
f 2409//9518 2410//9518 2411//9518
f 2409//9519 2412//9519 2271//9519
f 2413//9520 2409//9520 2269//9520
f 2413//9521 2414//9521 2410//9521
f 2417//9522 2415//9523 2416//9524
f 2417//9525 2418//9525 2406//9525
f 2412//9526 2417//9526 2405//9526
f 2411//9527 2415//9523 2417//9522
f 2406//9528 2419//9528 2407//9528
f 3569//9529 3520//9529 632//9529
f 2420//9530 2398//9530 2397//9530
f 2420//9531 2421//9531 2423//9531
f 2424//9532 2420//9532 2422//9532
f 2424//9533 2399//9533 2398//9533
f 2425//9534 2391//9534 2392//9534
f 2421//9535 2425//9535 2426//9535
f 2397//9536 2396//9536 2425//9536
f 2396//9537 2393//9537 2391//9537
f 2427//9538 2314//9538 2408//9538
f 2430//9539 2427//9539 2428//9539
f 2343//9540 2315//9540 2427//9540
f 2432//3498 2343//3497 2430//9541
f 2431//9542 2430//9542 2429//9542
f 2435//2075 2431//2074 2433//9543
f 2436//9544 2432//9544 2431//9544
f 2428//9545 2408//9545 2407//9545
f 2422//9546 2437//9546 2407//9546
f 2438//9547 2437//9547 2422//9547
f 2429//9548 2428//9548 2437//9548
f 2440//9549 2434//9549 2433//9549
f 2441//9550 2439//9550 2433//9550
f 2442//9551 2443//9551 2439//9551
f 2443//2086 2444//2085 2440//2297
f 2445//9552 2446//9552 2444//9552
f 2447//9553 2445//9553 2443//9553
f 2383//9554 2381//9554 2445//9554
f 2381//9555 2380//9555 2446//9555
f 2448//9556 2438//9556 2423//9556
f 2449//9557 2448//9557 2426//9557
f 2441//9558 2448//9558 2449//9558
f 2441//9559 2429//9559 2438//9559
f 2449//9560 2392//9560 2390//9560
f 2450//9561 2390//9561 2389//9561
f 2447//9562 2450//9562 2451//9562
f 2442//9563 2449//9563 2450//9563
f 2451//9564 2389//9564 2453//9564
f 2452//9565 2453//9565 2455//9565
f 2382//9566 2452//9566 2454//9566
f 2383//9567 2451//9567 2452//9567
f 2456//9568 2457//2309 2373//2311
f 2459//9569 2460//9569 2461//9569
f 2463//2127 2464//2126 2465//9570
f 2462//9571 2465//9571 2285//9571
f 2466//9572 2462//9572 2284//9572
f 2467//9573 2463//9573 2462//9573
f 2461//9574 2460//9574 3703//9574
f 2468//9575 2469//9575 2470//9575
f 2472//9576 2468//9576 2471//9576
f 2474//9577 2461//9577 3701//9577
f 2475//9578 2476//9578 2477//9578
f 2458//9579 2455//9579 2453//9579
f 2479//2114 2453//9580 2389//2115
f 2395//2117 2480//9581 2479//2118
f 2480//2120 2459//9582 2458//2121
f 2481//9583 2482//9583 2483//9583
f 2484//9584 113//9584 2485//9584
f 2471//9585 2470//9585 2464//9585
f 2473//9586 2471//9586 2463//9586
f 2487//9587 2467//9587 2466//9587
f 2486//9588 2466//9588 2290//9588
f 2490//2134 2486//2133 2488//9589
f 2491//2132 2487//9590 2486//2133
f 2492//9591 2473//9591 2467//9591
f 2493//9592 2492//9592 2487//9592
f 2494//9593 2495//9593 2492//9593
f 2495//9594 2472//9594 2473//9594
f 3690//9595 2496//9595 2474//9595
f 3691//9596 2497//9596 2496//9596
f 2498//9597 2494//9597 2493//9597
f 2500//9598 2498//9598 2499//9598
f 3700//9599 3687//9599 2498//9599
f 3687//9600 3691//9600 2494//9600
f 2306//9601 2504//9601 2278//9601
f 2305//9602 2505//9602 2504//9602
f 2504//9603 2505//9603 2507//9603
f 2506//9604 2507//9604 2288//9604
f 2274//9605 2506//9605 2508//9605
f 2278//9606 2504//9606 2506//9606
f 3633//9607 3632//9607 2489//9607
f 3620//9608 3633//9608 2488//9608
f 2507//9609 2509//9609 2289//9609
f 2505//9610 2510//9610 2509//9610
f 2508//9611 2288//9611 2287//9611
f 2511//9612 2287//9612 2281//9612
f 2370//9613 2511//9613 2280//9613
f 2275//9614 2508//9614 2511//9614
f 2512//9615 2490//9615 2489//9615
f 2514//9616 2512//9616 2513//9616
f 2517//2168 2512//2170 2514//9617
f 2517//9618 2491//9618 2490//9618
f 2499//9619 2493//9619 2491//9619
f 2499//2172 2517//9620 2516//2173
f 2510//9621 2505//2190 2519//2192
f 2518//9622 2519//9622 2521//9622
f 3616//9623 2518//9623 2520//9623
f 3632//9624 2510//9624 2518//9624
f 2522//9625 2304//9625 2303//9625
f 2523//2182 2522//9626 2310//2183
f 2305//9627 2304//9627 2522//9627
f 2524//9628 2522//9628 2523//9628
f 2519//2187 2524//9629 2525//2188
f 2505//9630 2305//9630 2524//9630
f 2308//9455 2312//9454 2527//9631
f 2526//9632 2527//9632 2529//9632
f 2531//9633 2526//9633 2528//9633
f 2309//9634 2308//9634 2526//9634
f 1214//2197 2532//9635 2151//2198
f 2419//9636 2406//9636 2418//9636
f 2533//2201 2345//9637 2349//2202
f 2534//2204 2533//9638 2317//2205
f 2535//9639 2536//9639 2533//9639
f 2536//9640 2346//9640 2345//9640
f 2537//9641 2351//9641 2346//9641
f 2538//9642 2537//9642 2536//9642
f 2539//9643 2540//9643 2537//9643
f 2540//9644 2352//9483 2351//9482
f 2312//2213 2355//9645 2541//2214
f 2527//9646 2541//4341 2542//4343
f 2543//2217 2435//9647 2434//2218
f 2545//9648 2543//9648 2544//9648
f 2319//9649 2318//9649 2543//9649
f 2318//9650 2436//9651 2435//9652
f 2514//9653 2515//9653 2548//9653
f 2547//9654 2548//9654 2550//9654
f 2552//9655 2547//9655 2549//9655
f 2552//9656 2516//9656 2514//9656
f 2520//2178 2521//2177 2554//9657
f 2553//9658 2554//9658 2556//9658
f 3590//9659 2553//9659 2555//9659
f 3621//9660 2520//9660 2553//9660
f 2523//9661 2309//9661 2531//9661
f 2557//9662 2531//9662 2530//9662
f 2525//9663 2523//9663 2557//9663
f 2559//9664 2557//9664 2558//9664
f 2554//9665 2559//9665 2560//9665
f 2521//9666 2525//9666 2559//9666
f 2561//9667 2375//9667 2007//9667
f 2376//9668 2562//9668 2225//9668
f 2564//9669 2565//9669 2566//9669
f 2563//9670 2566//9670 338//9670
f 2569//9671 2563//9671 2567//9671
f 2570//9672 2564//9672 2563//9672
f 2572//9673 2573//2260 2574//2262
f 2571//9674 2574//2257 2576//2259
f 2544//2251 2571//2247 2575//2249
f 2544//9675 2434//9675 2572//9675
f 2578//9676 2570//9676 2569//9676
f 2579//9677 2577//9677 2569//9677
f 2574//9678 2577//9678 2579//9678
f 2573//9679 2578//2253 2577//2255
f 2581//2263 2582//9680 2583//2264
f 2584//9681 2580//9681 2583//9681
f 3697//2267 3675//9682 2580//2268
f 3676//9683 2581//9683 2580//9683
f 2582//9684 2516//9684 2552//9684
f 2583//9685 2552//9685 2551//9685
f 2500//9686 2501//9686 2589//9686
f 2590//9687 2588//9687 2589//9687
f 3693//9688 3695//9688 2588//9688
f 3695//9689 3700//9689 2500//9689
f 2501//9690 2516//9690 2591//9690
f 2592//2278 2593//9691 2594//2279
f 2386//9692 2385//3665 2503//3667
f 2596//9693 2379//9693 2386//9693
f 2596//9694 2374//9694 2373//9694
f 2599//9695 2596//9695 2597//9695
f 2599//9696 2380//9696 2379//9696
f 2600//2286 2446//9697 2380//2287
f 2600//9698 2599//9698 2598//9698
f 2603//9699 2600//9699 2601//9699
f 2603//9700 2444//9700 2446//9700
f 2604//9701 2603//9701 2602//9701
f 2440//9702 2604//9703 2605//9702
f 2444//9704 2603//9704 2604//9704
f 2606//9705 2582//9705 2581//9705
f 2606//9706 2607//9706 2590//9706
f 2591//9707 2516//9707 2582//9707
f 3676//9708 2587//9708 2456//9708
f 3689//9709 2456//9709 2372//9709
f 2478//9710 2477//9710 2608//9710
f 2609//9711 2610//9712 2611//9713
f 2564//9714 2570//9714 2613//9714
f 2612//9715 2613//9716 2598//9717
f 2457//9718 2612//9718 2597//9718
f 2565//9719 2564//9719 2612//9719
f 2614//9720 2613//9720 2570//9720
f 2615//9721 2614//9721 2578//9721
f 2602//9722 2601//9722 2614//9722
f 2601//9723 2598//9717 2613//9716
f 2572//9724 2434//9724 2605//9724
f 2616//9725 2605//2294 2602//2293
f 2573//9726 2572//9726 2616//9726
f 1459//9727 1016//9727 1045//9727
f 1265//9728 1215//9728 1079//9728
f 1612//9729 1608//9729 1609//9729
f 2067//9730 2057//9730 2069//9730
f 1135//9731 1109//9731 1136//9731
f 1938//9732 1937//9732 2618//9732
f 95//9733 548//9733 458//9733
f 2058//9734 1607//9734 1608//9734
f 1454//533 1469//532 1445//9735
f 655//9736 2620//9736 1048//9736
f 722//9737 1049//9737 2621//9737
f 1131//9738 985//9738 1033//9738
f 562//9739 1481//9739 366//9739
f 1723//9740 1719//9740 1725//9740
f 1786//9741 1123//8453 1122//8452
f 267//9742 300//9742 323//9742
f 1325//9743 2034//9743 1654//9743
f 1468//9744 1165//9744 1435//9744
f 658//2340 657//9745 529//2341
f 8//9746 532//9746 247//9746
f 382//9747 1557//9747 1559//9747
f 788//9748 619//9748 1307//9748
f 940//9749 930//9749 929//9749
f 911//9750 2622//9750 2623//9750
f 2621//9751 2620//9751 655//9751
f 2624//9752 1857//9752 2625//9752
f 998//9753 1846//9753 27//9753
f 635//9754 638//9754 2626//9754
f 2627//9755 641//9755 644//9755
f 2628//9756 2627//9756 1840//9756
f 1200//9757 1199//9757 2627//9757
f 1199//9758 1773//9758 641//9758
f 1520//9759 515//9759 49//9759
f 1452//9760 1350//9760 1349//9760
f 2630//9761 2631//9761 1859//9761
f 644//9762 643//9762 1335//9762
f 1197//9763 1198//9763 717//9763
f 2632//9764 717//9764 719//9764
f 2628//9765 2632//9765 1166//9765
f 2629//9766 1197//9766 2632//9766
f 1762//9767 2633//9767 1050//9767
f 1823//9768 870//9768 873//9768
f 2634//9769 2635//9769 794//9769
f 1042//9770 794//9770 2635//9770
f 93//9771 94//9771 1901//9771
f 2036//2373 2038//9772 1458//2374
f 1527//9773 332//9773 1525//9773
f 877//9774 876//9774 1274//9774
f 134//9775 409//9775 797//9775
f 1328//9776 893//9776 931//9776
f 607//9777 777//9777 1091//9777
f 1043//9778 2635//9778 2637//9778
f 2636//9779 2637//9779 2639//9779
f 1275//9780 2636//9780 2638//9780
f 1275//9781 1040//9781 1043//9781
f 1272//9782 2624//9782 2626//9782
f 2640//2385 2626//2386 638//9783
f 1110//9784 2641//9784 2640//9784
f 536//9785 1272//9785 2640//9785
f 1472//9786 708//9786 1474//9786
f 2042//9787 2030//9787 1951//9787
f 1058//9788 1106//9788 1105//9788
f 2642//9789 2623//9789 2643//9789
f 1192//9790 2642//9790 2644//9790
f 912//9791 2623//9791 2642//9791
f 3898//9792 1657//9792 3526//9792
f 1049//9793 1048//9793 2620//9793
f 616//9794 1829//9794 1885//9794
f 1331//9795 1913//9795 666//9795
f 990//9796 989//9796 1198//9796
f 1911//9797 1912//9797 321//9797
f 1298//9798 1282//9798 1205//9798
f 76//9799 1490//9799 1504//9799
f 1502//2404 1500//9800 421//2405
f 610//9801 609//9801 658//9801
f 1146//9802 937//9802 659//9802
f 2646//9803 911//9803 914//9803
f 1280//9804 1239//9804 1238//9804
f 1453//9805 1454//9805 1452//9805
f 835//9806 942//9806 1843//9806
f 1271//9807 1270//9807 1173//9807
f 1893//9808 1878//9808 1826//9808
f 1050//9809 2633//9809 1937//9809
f 2651//9810 2652//9810 814//9810
f 1006//9811 1053//9811 1281//9811
f 2653//9812 1084//9812 2654//9812
f 1001//2423 1004//9813 1003//2424
f 585//9814 997//9814 679//9814
f 2624//9815 1272//9815 621//9815
f 555//9816 678//9816 2028//9816
f 1207//9817 526//9817 1197//9817
f 1626//9818 1627//9818 478//9818
f 426//9819 389//9819 419//9819
f 1030//9820 1193//9820 1773//9820
f 3898//9821 645//9821 634//9821
f 534//9822 1533//9822 138//9822
f 1125//2438 1092//9823 1042//2439
f 333//9824 228//9824 88//9824
f 569//9825 1570//9825 561//9825
f 1489//9826 2656//9826 871//9826
f 1857//9827 2624//9827 620//9827
f 1673//9828 1674//9828 3770//9828
f 622//9829 861//9829 864//9829
f 619//9830 788//9830 891//9830
f 261//9831 544//9831 545//9831
f 393//9832 1555//9832 1556//9832
f 2658//9833 2659//9833 2647//9833
f 1075//9834 2658//9834 2657//9834
f 1081//9835 1080//9835 2658//9835
f 1080//9836 1139//9836 2659//9836
f 2644//9837 2643//2579 1141//2581
f 2660//9838 1141//9838 1140//9838
f 642//9839 2660//9839 1336//9839
f 1193//2458 2644//9840 2660//2459
f 679//9841 678//9841 555//9841
f 1503//9842 1501//9842 1500//9842
f 1318//9843 1317//9843 1101//9843
f 2661//9844 2659//9844 1139//9844
f 2661//9845 1142//9845 2663//9845
f 2662//9846 2647//9846 2659//9846
f 2662//9847 2663//9847 2622//9847
f 2664//9848 2622//9848 911//9848
f 2648//9849 2664//9849 2646//9849
f 2648//2470 2647//9850 2662//2470
f 2083//9851 2094//1246 2093//1248
f 1442//493 1440//495 1437//9852
f 519//9853 329//9853 330//9853
f 1885//9854 2029//9854 1209//9854
f 799//9855 800//9855 805//9855
f 1946//9856 1943//9856 1952//9856
f 1302//9857 1301//9857 1253//9857
f 566//9858 2005//9858 224//9858
f 1389//9859 940//9859 928//9859
f 683//9860 682//9860 681//9860
f 836//9861 835//9861 1842//9861
f 2665//9862 1842//9862 1845//9862
f 2666//2484 2665//9863 1303//2485
f 24//9864 836//9864 2665//9864
f 831//2488 1072//9865 2650//2489
f 1845//9866 1844//9866 1304//9866
f 2010//9867 2013//9867 2012//9867
f 1051//9868 1936//9868 2667//9868
f 1522//9869 1521//9869 1511//9869
f 531//9870 440//7982 441//7981
f 1250//9871 635//9871 2625//9871
f 2669//9872 2625//9872 1857//9872
f 783//9873 2669//9873 1856//9873
f 782//9874 1250//9874 2669//9874
f 720//9875 2670//9875 2671//9875
f 1055//9876 1931//9876 1930//9876
f 1333//9877 1067//9877 1251//9877
f 619//9878 622//9878 1308//9878
f 652//9879 655//9879 2619//9879
f 521//9880 522//9880 1539//9880
f 1838//9881 988//9881 537//9881
f 2672//9882 537//9882 536//9882
f 1113//9883 2672//9883 2641//9883
f 1113//9884 527//9884 1838//9884
f 1016//9885 1013//9885 1351//9885
f 3897//9886 573//9886 570//9886
f 226//9887 227//9887 104//9887
f 3564//9888 3669//9888 3827//9888
f 1036//9889 1037//3147 1884//3146
f 2674//9890 1301//912 1304//914
f 2673//9891 1304//9891 1844//9891
f 1334//9892 2673//9892 2675//9892
f 1333//9893 2674//9893 2673//9893
f 2676//9894 702//9894 1039//9894
f 1843//9895 2676//9895 2675//9895
f 942//9896 1074//9896 2676//9896
f 1074//9897 699//9897 702//9897
f 752//9898 1057//9898 1055//9898
f 1200//9899 1166//9899 656//9899
f 1120//9900 1846//9900 874//9900
f 2677//9901 874//9901 877//9901
f 1241//9902 2677//9902 1052//9902
f 1119//9903 1120//9903 2677//9903
f 1560//9904 1513//752 151//754
f 1208//9905 1316//9905 611//9905
f 215//9906 735//9906 736//9906
f 1460//9907 1459//9907 1462//9907
f 1208//9908 1207//9908 1839//9908
f 854//9909 856//9909 1282//9909
f 72//9910 445//9910 182//9910
f 544//9911 1563//9911 1565//9911
f 217//9912 200//9912 456//9912
f 2047//9913 1404//8229 930//8228
f 1204//9914 2618//9914 1937//9914
f 913//9915 777//9915 686//9915
f 840//9916 527//9916 1113//9916
f 1531//9917 729//9917 730//9917
f 2678//9918 778//9918 1283//9918
f 601//9919 667//9919 1914//9919
f 1537//9920 1538//9920 459//9920
f 1819//2554 1757//9921 3509//2555
f 991//9922 1860//9922 862//9922
f 2679//9923 711//9923 1073//9923
f 2680//9924 1830//9924 983//9924
f 779//9925 2680//9925 2256//9925
f 778//9926 2678//9926 2680//9926
f 2678//2562 2679//9927 1830//2563
f 180//9928 542//9928 245//9928
f 1886//9929 1132//9929 1131//9929
f 1138//9930 1137//9930 1274//9930
f 1841//2568 598//9931 1140//2569
f 75//9932 313//9932 314//9932
f 193//9933 423//9933 420//9933
f 2681//9934 2682//9934 1099//9934
f 170//9935 1567//9935 1565//9935
f 349//9936 416//9936 417//9936
f 1121//9937 1124//9937 2684//9937
f 547//9938 797//9938 409//9938
f 123//9939 122//9939 121//9939
f 2643//9940 2663//9940 1142//9940
f 1542//9941 1544//9941 513//9941
f 899//9942 900//9942 907//9942
f 1210//9943 677//9943 676//9943
f 791//9944 663//9944 982//9944
f 24//9945 27//9945 837//9945
f 893//9946 896//9946 932//9946
f 1860//9947 1320//9947 863//9947
f 535//9948 538//9948 862//9948
f 1569//9949 1548//9949 1547//9949
f 181//9950 455//9950 542//9950
f 660//9951 659//9951 937//9951
f 2013//9952 567//9952 568//9952
f 887//9953 890//9953 2631//9953
f 1524//9954 1508//9954 361//9954
f 520//9955 161//9955 162//9955
f 2653//9956 855//9956 854//9956
f 1238//9957 1237//9957 2655//9957
f 718//9958 1838//9958 527//9958
f 1492//9959 1493//9959 518//9959
f 792//9960 616//9960 615//9960
f 599//9961 846//9961 1835//9961
f 290//9962 457//9962 456//9962
f 312//9963 171//9963 1552//9963
f 1248//9964 2687//9964 1179//9964
f 153//9965 149//9965 177//9965
f 1240//9966 1181//9966 1222//9966
f 1257//9967 1292//9967 1235//9967
f 1291//9968 1084//9968 1083//9968
f 1052//9969 877//9969 1277//9969
f 743//9970 742//9970 2618//9970
f 444//9971 140//9971 430//9971
f 23//9972 1224//9972 1172//9972
f 2687//9973 2654//9973 1180//9973
f 102//9974 103//9974 409//9974
f 1283//9975 607//9975 610//9975
f 373//9976 497//9976 650//9976
f 1180//9977 2654//9977 1084//9977
f 855//9978 2653//9978 2655//9978
f 1173//9979 1270//9979 1917//9979
f 2689//9980 850//9980 853//9980
f 2688//9981 853//9981 1108//9981
f 2686//9982 2688//9982 1279//9982
f 2687//9983 2689//9983 2688//9983
f 2691//9984 1302//9984 1252//9984
f 2690//2629 1252//2628 850//9985
f 1248//9986 2690//9986 2689//9986
f 1248//9987 1247//9987 2691//9987
f 2692//9988 617//9988 24//9988
f 2691//9989 2692//9989 2666//9989
f 1247//9990 1258//9990 2692//9990
f 1258//9991 1168//9991 617//9991
f 394//9992 1554//9992 1555//9992
f 2693//9993 1260//9993 1259//9993
f 1072//9994 1236//9994 1262//9994
f 1257//9995 1071//9995 1168//9995
f 398//9996 439//9996 1555//9996
f 871//9997 1784//9997 1314//9997
f 1178//9998 1232//9998 1249//9998
f 1224//9999 1289//9999 1173//9999
f 1010//10000 2617//10000 2618//10000
f 1175//10001 1174//10001 1292//10001
f 2654//10002 2687//10002 2686//10002
f 2694//10003 1157//10003 1216//10003
f 71//10004 418//10004 1487//10004
f 701//10005 1112//10005 1111//10005
f 1072//10006 1261//10006 2649//10006
f 1085//10007 2695//10007 22//10007
f 895//10008 2694//10008 1264//10008
f 1601//10009 1606//10009 1605//10009
f 1259//10010 1262//10010 1271//10010
f 21//10011 20//10011 1220//10011
f 988//10012 991//10012 538//10012
f 598//10013 597//10013 1336//10013
f 1050//10014 860//10014 818//10014
f 1298//10015 2645//10015 1761//10015
f 1168//10016 1167//10016 618//10016
f 858//10017 1168//10017 1256//10017
f 39//10018 242//10018 516//10018
f 2652//2671 1761//10019 819//2672
f 313//10020 316//10020 315//10020
f 2026//10021 1970//10021 1971//10021
f 2656//10022 1489//10022 596//10022
f 814//10023 819//10023 818//10023
f 2696//10024 2651//10024 813//10024
f 1260//10025 2696//10025 2649//10025
f 2693//10026 2697//10026 2696//10026
f 2697//2681 1296//10027 2651//2682
f 381//10028 355//10028 390//10028
f 3818//10029 3819//10029 1611//10029
f 1475//10030 1427//8266 1428//8265
f 1292//10031 1174//10031 1917//10031
f 1551//10032 353//10032 354//10032
f 1526//10033 1525//10033 1523//10033
f 1593//10034 1589//10034 1595//10034
f 1232//10035 1269//10035 1246//10035
f 2695//10036 2693//10036 1223//10036
f 2698//10037 1297//10037 1296//10037
f 2698//10038 2697//10038 2693//10038
f 2685//10039 2698//10039 2695//10039
f 2685//10040 854//10040 1297//10040
f 562//10041 1497//10041 271//10041
f 2652//10042 2651//10042 1296//10042
f 1365//10043 1366//10043 1364//10043
f 1958//2700 1946//10044 1953//2701
f 585//10045 588//10045 2210//10045
f 1561//10046 1560//10046 1515//10046
f 975//10047 2648//10047 1146//10047
f 347//10048 67//10048 68//10048
f 1038//10049 1111//10049 636//10049
f 2700//10050 781//10050 780//10050
f 2699//10051 780//10051 1036//10051
f 2701//10052 2699//10052 1883//10052
f 851//10053 2700//10053 2699//10053
f 2674//10054 1333//10054 2251//10054
f 2702//10055 2251//10055 781//10055
f 1253//10056 2702//10056 2700//10056
f 1301//2715 2674//10057 2702//2716
f 1519//10058 387//10058 388//10058
f 1273//10059 1239//10059 1280//10059
f 2703//10060 1280//10060 1107//10060
f 2701//10061 2703//10061 852//10061
f 1829//10062 1273//10062 2703//10062
f 91//10063 260//10063 326//10063
f 1784//10064 871//10064 2656//10064
f 2683//10065 2684//10065 2705//10065
f 604//2726 1894//10066 3499//2727
f 1669//10067 3534//10067 3548//10067
f 2062//10068 2063//10068 2060//10068
f 621//2731 535//10069 861//2732
f 2023//10070 731//10070 732//10070
f 686//2735 779//10071 1263//2736
f 857//10072 1051//10072 2668//10072
f 883//10073 830//10073 882//10073
f 637//10074 636//10074 1111//10074
f 2668//10075 894//10075 893//10075
f 2667//10076 921//10076 894//10076
f 1039//10077 1038//10077 1068//10077
f 313//10078 75//10078 1504//10078
f 1911//10079 1972//10079 305//10079
f 1936//10080 2706//10080 1964//10080
f 2707//10081 2402//10081 2401//10081
f 2708//10082 2707//10082 2183//10082
f 738//2749 2163//10083 2116//2750
f 2349//10084 2348//10084 2432//10084
f 2711//10085 2712//10085 2020//10085
f 2400//10086 2711//10086 2019//10086
f 2714//10087 2715//10087 2716//10087
f 2717//10088 2718//10088 2719//10088
f 2721//10089 2722//10089 2723//10089
f 2726//10090 2727//10090 2728//10090
f 2725//10091 2728//10091 2730//10091
f 2731//10092 2725//10092 2729//10092
f 2732//10093 2726//10093 2725//10093
f 2734//10094 2735//10094 2736//10094
f 2738//10095 2739//10095 2740//10095
f 2737//10096 2740//10096 2741//10096
f 2744//10097 2745//10097 2746//10097
f 2745//10098 2744//10098 2748//10098
f 2749//10099 2750//10099 2747//10099
f 2753//10100 2749//10100 2751//10100
f 2250//10101 1380//10101 2246//10101
f 2754//10102 1396//10102 1614//10102
f 3598//10103 2754//10103 2755//10103
f 3608//10104 2745//10104 2747//10104
f 1617//10105 2756//4553 2755//4555
f 2242//10106 2758//10106 1620//10106
f 2191//10107 2085//10107 2760//10107
f 2761//10108 2759//10108 2760//10108
f 3648//10109 2759//10109 2761//10109
f 3623//3537 2191//3536 2759//10110
f 3209//10111 3248//10111 3223//10111
f 1395//10112 1394//10112 2236//10112
f 1395//10113 2235//10113 1636//10113
f 1616//10114 1635//10114 2229//10114
f 1617//10115 2234//10115 2763//10115
f 2756//10116 2763//10116 3628//10116
f 2765//10117 2763//10117 2234//10117
f 2766//10118 2764//10118 3628//10118
f 3202//10119 3199//10119 3246//10119
f 1516//10120 437//10120 435//10120
f 2768//10121 2769//10121 3552//10121
f 1495//2792 541//10122 578//2793
f 2135//4778 2136//4777 28//10123
f 3526//10124 3540//10124 2773//10124
f 1690//10125 1689//10125 3926//10125
f 2778//10126 2779//10126 2780//10126
f 2777//10127 2780//10127 2781//10127
f 2784//10128 2778//10128 2777//10128
f 3555//2803 3521//10129 575//2804
f 1494//10130 1904//10130 9//10130
f 3529//10131 2016//10131 2015//10131
f 451//10132 61//10132 505//10132
f 2786//10133 2787//10133 2788//10133
f 2779//10134 2786//10134 2785//10134
f 2789//10135 2752//10135 2741//10135
f 2790//10136 2753//10136 2752//10136
f 2792//10137 2793//10137 2794//10137
f 2793//10138 2795//10138 2796//10138
f 2796//10139 2797//10139 2750//10139
f 2794//10140 2796//10140 2749//10140
f 2798//10141 1393//10141 1396//10141
f 3591//10142 2798//10142 2754//10142
f 2798//10143 2799//10143 2800//10143
f 3591//10144 3662//10144 2799//10144
f 2797//10145 2796//10145 2795//10145
f 2791//10146 2794//10146 2753//10146
f 216//10147 233//10147 232//10147
f 3804//10148 2806//10148 2807//10148
f 3805//2828 2809//10149 2804//2829
f 2769//10150 2810//10150 3557//10150
f 183//10151 185//10151 184//10151
f 2811//10152 2812//10152 2775//10152
f 2804//10153 2811//10153 2776//10153
f 2809//10154 2813//10154 2811//10154
f 2812//10155 2811//10155 2813//10155
f 3805//2838 2808//10156 2816//2839
f 3796//10157 2818//10157 2815//10157
f 3798//10158 3800//10158 2820//10158
f 3793//10159 2823//10159 2819//10159
f 2824//10160 2736//10160 2735//10160
f 2823//10161 2825//10161 2824//10161
f 2825//10162 2823//10162 2826//10162
f 3793//10163 2822//10163 2827//10163
f 3796//2841 2817//10164 2826//10165
f 2713//10166 2716//10166 2829//10166
f 2828//10167 2829//10167 2831//10167
f 2822//10168 2821//10168 2828//10168
f 2821//10169 2820//10169 2713//10169
f 2832//10170 2827//10170 2822//10170
f 2833//10171 2832//10171 2830//10171
f 2834//10172 2835//10172 2832//10172
f 2835//2903 2818//2902 2827//10173
f 2837//10174 2838//10174 2839//10174
f 2836//10175 2839//10175 2841//10175
f 2842//10176 2836//10176 2840//10176
f 2843//10177 2837//10177 2836//10177
f 2840//10178 2841//10178 2845//10178
f 2718//10179 2844//10179 2845//10179
f 2730//10180 2728//10180 2844//10180
f 2727//10181 2840//10181 2844//10181
f 2846//10182 2845//10182 2841//10182
f 2829//10183 2846//10183 2847//10183
f 2847//10184 2841//10184 2839//10184
f 2848//10185 2839//10185 2838//10185
f 2833//10186 2848//10186 2849//10186
f 2831//10187 2847//10187 2848//10187
f 2850//10188 2814//10188 2851//10188
f 2853//10189 2850//10189 2852//10189
f 2783//10190 2777//10190 2782//10190
f 2785//10191 2788//10191 2853//10191
f 2780//10192 2785//10192 2856//10192
f 2857//10193 2858//10193 2855//10193
f 2859//2884 2857//10194 2782//2885
f 2861//10195 2843//10195 2842//10195
f 2860//10196 2842//10196 2727//10196
f 2862//10197 2860//10197 2726//10197
f 2863//10198 2861//10198 2860//10198
f 2861//10199 2863//10199 2858//10199
f 2843//10200 2861//10200 2857//10200
f 2856//2881 2853//2880 2854//10201
f 2781//2894 2856//10202 2864//2895
f 2837//10203 2843//10203 2859//10203
f 2838//10204 2837//10204 2864//10204
f 2852//10205 2851//10205 2834//10205
f 2854//10206 2852//10206 2849//10206
f 2865//10207 2815//10207 2818//10207
f 2851//10208 2865//10208 2835//10208
f 2813//10209 2809//10209 2815//10209
f 2814//10210 2813//10210 2865//10210
f 2866//10211 2812//10211 2814//10211
f 2788//10212 2866//10213 2850//10214
f 2866//10213 2788//10212 2787//10215
f 2812//10216 2866//10216 2867//10216
f 1892//10217 1889//10217 1890//10217
f 2720//10218 2719//10218 2846//10218
f 298//10219 299//10219 256//10219
f 2872//10220 2714//10220 2713//10220
f 3794//10221 3800//10221 2735//10221
f 2729//10222 2730//10222 2874//10222
f 2846//10223 2716//10223 2715//10223
f 2876//2918 2877//10224 2878//2919
f 2733//2921 2875//10225 2878//2922
f 3806//10226 3807//10226 2879//10226
f 3806//10227 2880//10227 2872//10227
f 2882//10228 2883//10228 2884//10228
f 2881//10229 2884//10229 2715//10229
f 2880//10230 2881//10230 2714//10230
f 2879//10231 2882//10231 2881//10231
f 2885//2930 2886//10232 2887//2931
f 2888//10233 2889//10233 2890//10233
f 2885//10234 2890//10234 2892//10234
f 2893//10235 2886//10235 2885//10235
f 1942//10236 2151//10236 2532//10236
f 2895//10237 2892//10237 2720//10237
f 2884//10238 2895//10238 2870//10238
f 2883//2946 2896//2945 2895//10239
f 2896//10240 2891//10240 2892//10240
f 2889//10241 2874//10241 2717//10241
f 2890//10242 2717//10242 2720//10242
f 2897//10243 2893//10243 2891//10243
f 2898//10244 2897//10244 2896//10244
f 2899//10245 2898//10245 2883//10245
f 2900//10246 2899//10246 2882//10246
f 3797//10247 2900//10247 2879//10247
f 2876//10248 2902//10248 2901//10248
f 2901//10249 2902//10249 2904//10249
f 1785//10250 2656//10250 1835//10250
f 2905//10251 2906//10251 2899//10251
f 2907//10252 2908//10252 2897//10252
f 3797//10253 2901//10253 2903//10253
f 632//10254 576//10254 577//10254
f 3532//10255 3547//10255 2867//10255
f 434//10256 385//10256 550//10256
f 2768//10257 2770//10257 3640//10257
f 2910//10258 2911//10258 1623//10258
f 2241//10259 2912//10259 2758//10259
f 3640//10260 2770//10260 2913//10260
f 1623//2967 2911//10261 2757//2968
f 3587//10262 2242//10262 2757//10262
f 2229//10263 1381//10263 1380//10263
f 2765//10264 1630//10264 1629//10264
f 2915//10265 2914//10265 1629//10265
f 3642//10266 3641//2975 2914//2977
f 3641//10267 3622//10267 2765//10267
f 2919//10268 2916//10268 3642//10268
f 2918//10269 2915//10269 2912//10269
f 3614//10270 2918//10270 2241//10270
f 3618//10271 2919//10271 3613//10271
f 3541//10272 2177//10272 2180//10272
f 3521//10273 2002//10273 2188//10273
f 3705//10274 3573//10274 714//10274
f 2925//10275 2766//10275 2917//10275
f 2924//10276 2917//10276 2916//10276
f 3610//10277 2924//10277 2919//10277
f 3611//10278 2925//10278 2924//10278
f 2926//2989 2927//10279 2766//2990
f 3658//10280 2926//10280 2925//10280
f 1715//10281 1713//10281 1705//10281
f 785//10282 497//10282 498//10282
f 1387//10283 651//10283 565//10283
f 374//2996 375//3820 1899//2997
f 3573//10284 2203//10284 2206//10284
f 2929//10285 2930//10285 2886//10285
f 2932//10286 2933//10286 2934//10286
f 1905//10287 1906//10287 1908//10287
f 2930//10288 2935//10288 2936//10288
f 2938//10289 2935//10289 2930//10289
f 1493//10290 369//10290 517//10290
f 1603//10291 1585//10291 1586//10291
f 2939//10292 2938//10292 2929//10292
f 2940//10293 2939//10293 2908//10293
f 3665//3009 1707//10294 1600//3010
f 2886//10295 2930//10295 2937//10295
f 2906//10296 2907//10296 2898//10296
f 2908//10297 2929//10297 2893//10297
f 2942//10298 2934//10298 2933//10298
f 2941//3016 2933//10299 2937//3017
f 3501//10300 2941//10300 2936//10300
f 3498//10301 2942//10301 2941//10301
f 2943//10302 2944//10302 2710//10302
f 2943//10303 2873//10303 2874//10303
f 2945//10304 2943//10304 2889//10304
f 2946//10305 2944//10305 2943//10305
f 2932//10306 2945//10306 2888//10306
f 2931//10307 2946//10307 2945//10307
f 727//10308 1928//10308 1929//10308
f 2903//10309 2904//10309 2947//10309
f 545//10310 594//10310 42//10310
f 1480//10311 1570//10311 533//10311
f 2907//10312 2906//10312 2949//10312
f 2906//10313 2905//10313 2950//10313
f 1558//10314 452//10314 215//10314
f 3799//10315 2903//10315 2948//10315
f 2054//10316 1645//10316 1644//10316
f 3705//10317 3684//10317 2203//10317
f 1828//10318 1837//10318 1849//10318
f 2953//10319 2954//10319 2955//10319
f 2952//3040 2955//10320 2957//3041
f 2956//10321 2261//9421 2258//9420
f 2953//10322 2952//10322 2258//10322
f 2454//10323 2455//10323 2474//10323
f 3747//10324 2958//10324 2959//10324
f 3747//10325 2132//10325 2131//10325
f 2961//3326 2962//3328 2963//10326
f 2958//10327 2963//10327 2964//10327
f 222//10328 221//10328 2485//10328
f 2477//10329 2226//10329 2966//10329
f 2631//10330 2561//10330 2006//10330
f 2384//10331 2454//10331 2496//10331
f 2967//10332 2968//10333 2959//10334
f 2968//10333 2967//10332 2970//10335
f 3759//10336 2033//10336 2971//10336
f 3784//10337 2971//10337 2960//10337
f 2972//10338 2971//10338 2033//10338
f 2007//10339 2377//10339 2973//10339
f 3560//10340 3559//10340 2134//10340
f 1836//10341 1833//10341 1832//10341
f 3506//3064 2188//10342 2090//3065
f 955//10343 810//10343 959//10343
f 672//10344 675//10344 674//10344
f 633//10345 710//10345 713//10345
f 2024//10346 732//10346 733//10346
f 2025//10347 2024//10347 803//10347
f 425//10348 1552//10348 1550//10348
f 2975//10349 2976//10349 888//10349
f 1319//10350 1158//10350 1157//10350
f 1212//10351 1935//10351 2977//10351
f 889//10352 957//3178 2228//3180
f 1978//10353 1974//10353 1975//10353
f 1138//10354 1078//10354 1329//10354
f 751//10355 665//10355 2979//10355
f 1619//10356 1613//10356 1625//10356
f 2252//10357 2255//10358 1728//10359
f 1157//10360 1160//10360 845//10360
f 2706//10361 1936//10361 1938//10361
f 2980//10362 2255//10362 2254//10362
f 2982//10363 2975//10363 887//10363
f 802//10364 712//10364 711//10364
f 678//10365 677//10365 2029//10365
f 527//10366 840//10366 690//10366
f 1839//10367 1207//10367 2629//10367
f 2983//3092 2984//10368 602//3093
f 2983//10369 1914//10369 1913//10369
f 2985//10370 2983//10370 1331//10370
f 2986//10371 2984//10368 2983//3092
f 2987//10372 2637//10372 2635//10372
f 2985//10373 2988//10373 2639//10373
f 2990//10374 1319//10374 1318//10374
f 2991//10375 2992//10375 2993//10375
f 2995//10376 2991//10376 2994//10376
f 1106//10377 1058//10377 2991//10377
f 1058//10378 1057//10378 2992//10378
f 1415//10379 1406//10379 1365//10379
f 1317//3106 922//10380 2217//3107
f 1932//10381 1728//10359 2255//10358
f 926//10382 2998//10382 2999//10382
f 3001//10383 2993//10383 2992//10383
f 3000//10384 2992//10384 1057//10384
f 2999//10385 3000//10385 2978//10385
f 2998//10386 3001//3111 3000//3113
f 3002//10387 2998//10387 2209//10387
f 3002//10388 3003//10388 2996//10388
f 2993//10389 3001//10389 3002//10389
f 1103//10390 1106//10390 2995//10390
f 3004//10391 2995//10391 2996//10391
f 2209//10392 2210//10392 3004//10392
f 588//3124 1103//10393 3004//3125
f 295//10394 296//10394 433//10394
f 2638//10395 2639//10395 2988//10395
f 3005//3129 2988//10396 1056//3130
f 1305//10397 3005//10397 1930//10397
f 1276//10398 2638//10398 3005//10398
f 1987//10399 1968//10399 1993//10399
f 2633//10400 1762//10400 1761//10400
f 1423//10401 1422//10401 1417//10401
f 3561//10402 3517//10402 739//10402
f 2671//10403 2670//10403 2704//10403
f 1473//10404 1872//10404 2035//10404
f 922//10405 1317//10405 2694//10405
f 1401//10406 1400//10406 1378//10406
f 556//10407 2028//10407 1884//10407
f 842//10408 848//10408 3825//10408
f 1854//10409 2706//10409 2617//10409
f 933//10410 1082//10410 1081//10410
f 1440//3151 1441//10411 1436//3152
f 529//10412 657//10412 719//10412
f 1031//10413 1025//10413 1027//10413
f 777//10414 913//10414 912//10414
f 2645//10415 1205//10415 1204//10415
f 441//10416 438//10416 1538//10416
f 790//10417 1287//10417 587//10417
f 2065//10418 2066//10418 1610//10418
f 1860//10419 991//10419 990//10419
f 60//10420 106//10420 87//10420
f 1424//10421 1017//10421 1948//10421
f 332//10422 1527//10422 1507//10422
f 261//10423 262//2437 138//2436
f 187//10424 188//10424 449//10424
f 1719//10425 1720//10425 1726//10425
f 1931//10426 1055//10426 1059//10426
f 3006//10427 1059//10427 1105//10427
f 1287//10428 3006//10428 1104//10428
f 1286//10429 1931//10429 3006//10429
f 3007//10430 3008//10430 3009//10430
f 3009//10431 3008//10431 653//10431
f 618//10432 999//10432 26//10432
f 2029//10433 677//10433 1210//10433
f 957//10434 601//10434 600//10434
f 1049//10435 2146//10436 2228//10437
f 2631//10438 890//10438 3011//10438
f 890//10439 889//10439 2227//10439
f 3011//10440 2227//10440 2145//10440
f 2561//10441 3011//10441 3012//10441
f 1026//10442 656//10442 609//10442
f 2706//10443 1854//10443 1961//10443
f 3013//10444 2965//10444 2485//10444
f 2148//10445 2147//10445 1267//10445
f 3015//10446 1267//10446 1266//10446
f 2997//10447 2264//10447 1101//10447
f 642//10448 641//10448 1773//10448
f 186//10449 477//10449 461//10449
f 1041//10450 1040//10450 1320//10450
f 1121//10451 3016//3224 3017//3226
f 2984//10452 2986//10452 2987//10452
f 3018//10453 2987//10453 2634//10453
f 1048//10454 603//10454 3018//10454
f 603//10455 602//10455 2984//10455
f 2679//10456 2678//10456 801//10456
f 2062//10457 2072//10457 2074//10457
f 2061//10458 2074//10458 2076//10458
f 414//10459 303//10459 1545//10459
f 3016//10460 1121//10460 2683//10460
f 3019//10461 2683//10461 2704//10461
f 3020//10462 3019//10462 2670//10462
f 3007//10463 3016//10463 3019//10463
f 1871//10464 1090//10464 1091//10464
f 3021//10465 1787//10465 1122//10465
f 3022//10466 3021//10466 3017//10466
f 1314//10467 3021//10467 3022//10467
f 1784//3214 1787//10468 3021//3215
f 1316//10469 1315//10469 1763//10469
f 3023//10470 3022//10470 3010//10470
f 3023//10471 3009//10471 795//10471
f 1763//3220 3023//10472 1092//3221
f 1315//10473 3022//10473 3023//10473
f 3016//10474 3007//3172 3010//3174
f 752//10475 751//10475 2978//10475
f 2986//10476 2639//10476 2637//10476
f 3024//10477 654//10477 653//10477
f 3020//10478 3024//10478 3008//10478
f 720//10479 723//10479 3024//10479
f 723//10480 2621//10480 654//10480
f 2681//10481 1098//10481 1268//10481
f 2671//10482 3025//10482 1268//10482
f 2705//10483 2681//10483 3025//10483
f 1313//3236 3026//10484 3027//3237
f 3026//10485 3028//10485 3029//10485
f 3027//10486 3029//10486 3030//10486
f 1311//10487 3027//10487 3031//10487
f 2012//10488 568//10488 731//10488
f 917//10489 2657//10489 974//10489
f 743//10490 1206//10490 856//10490
f 1888//10491 2027//10491 2030//10491
f 2682//3246 2705//10492 2684//3247
f 3032//10493 2684//10493 1124//10493
f 1100//10494 3032//10494 2989//10494
f 1099//10495 2682//10495 3032//10495
f 1123//10496 2990//10496 2989//10496
f 3033//10497 1834//10497 1159//10497
f 2990//10498 3033//10498 1158//10498
f 1123//10499 1786//10499 3033//10499
f 1786//10500 1785//10500 1834//10500
f 1054//10501 1056//10501 2988//10501
f 2979//10502 665//10502 664//10502
f 2623//10503 2622//10503 2663//10503
f 1095//10504 660//10504 688//10504
f 3034//10505 3035//10505 2261//10505
f 3036//10506 3034//10506 2956//10506
f 3037//3264 3038//3267 3034//3265
f 3038//10507 3039//10507 3035//10507
f 3040//10508 3041//10508 3026//10508
f 2263//3270 3042//10509 3041//3271
f 3042//3273 3039//10510 3043//3274
f 3041//10511 3043//10511 3028//10511
f 3044//10512 3045//10512 3043//10512
f 3046//10513 3047//10514 3045//10515
f 3047//10516 3048//10516 3049//10516
f 3043//10517 3045//10517 3049//10517
f 3038//10518 3037//10518 3051//10518
f 3050//10519 3051//10519 3053//10519
f 3052//10520 3046//10521 3044//10522
f 3039//10523 3038//10523 3050//10523
f 3054//10524 3035//10524 3039//10524
f 3042//10525 2263//10525 2262//10525
f 2261//10526 3035//10526 3054//10526
f 2216//10527 2263//10527 2997//10527
f 2212//10528 2211//10528 2667//10528
f 3056//10529 868//10529 2209//10529
f 934//10530 3057//10530 1961//10530
f 2013//10531 3755//10531 3757//10531
f 3058//10532 3059//3601 3060//10533
f 3059//10534 3062//10534 3063//10534
f 3060//3297 3063//10535 2213//3298
f 3061//10536 3060//10536 1963//10536
f 3063//10537 3064//10537 2214//10537
f 3062//10538 3065//10538 3064//10538
f 3065//10539 2257//10539 2260//10539
f 3064//3305 2260//3304 2215//10540
f 3066//10541 3067//10541 3031//10541
f 2608//10542 2966//10542 3067//10542
f 2966//10543 2562//10543 3068//10543
f 3031//10544 3067//10544 3068//10544
f 2455//10545 2458//10545 2461//10545
f 2476//10546 2223//10546 2226//10546
f 3551//10547 2090//10547 2089//10547
f 3526//10548 2774//10548 3769//10548
f 433//10549 354//10549 355//10549
f 2115//10550 1423//10550 1419//10550
f 3509//10551 2868//10551 2922//10551
f 3769//10552 3737//10552 2131//10552
f 3069//10553 2611//10553 2167//10553
f 2971//10554 2972//10554 2928//10554
f 2961//10555 2774//2798 2773//2797
f 3070//10556 2475//10556 2478//10556
f 2610//9712 2609//9711 3071//10557
f 2502//10558 2371//10558 2374//10558
f 3072//10559 2592//10559 2595//10559
f 2964//10560 3046//10521 3052//10520
f 3048//10561 2593//10561 3074//10561
f 2593//10562 2592//10562 3075//10562
f 3075//10563 3030//10563 3029//10563
f 3074//10564 3029//10564 3028//10564
f 3072//10565 3076//10565 3075//10565
f 3076//3339 3072//10566 2482//3340
f 2481//10567 2608//10567 3066//10567
f 3076//10568 3066//10568 3030//10568
f 2967//10569 3052//10569 3053//10569
f 2482//10570 3072//10570 3073//10570
f 479//10571 480//10571 493//10571
f 706//891 3900//10572 3873//3347
f 3561//10573 2194//10573 2221//10573
f 2013//10574 2010//10574 3754//10574
f 3533//10575 2032//10575 2016//10575
f 3562//10576 3519//10576 2222//10576
f 1171//10577 1154//10577 1155//10577
f 2586//10578 2566//10578 2565//10578
f 2982//10579 110//10579 113//10579
f 2562//10580 2376//10580 3077//10580
f 2376//3362 2375//10581 3012//3363
f 3012//10582 2145//10582 2148//10582
f 3077//3367 2148//3366 3015//10583
f 2963//10584 3047//10514 3046//10513
f 3051//3370 3078//10585 2970//3371
f 1683//10586 2173//10586 491//10586
f 3850//10587 2122//10587 1447//10587
f 1986//10588 2181//10588 3734//10588
f 3079//10589 3080//10589 2546//10589
f 3081//10590 3079//10590 2575//10590
f 1983//10591 1986//10591 3768//10591
f 3082//10592 2323//10592 2319//10592
f 3080//10593 3082//10593 2545//10593
f 3734//10594 3732//10594 3082//10594
f 3732//10595 3748//1962 2323//1964
f 1309//10596 1471//10596 1888//10596
f 3073//10597 2595//10597 2772//10597
f 2760//10598 3083//10598 3084//10598
f 2760//10599 2085//10599 2088//10599
f 3085//10600 3084//10600 3086//10600
f 3089//10601 3085//10601 3090//10601
f 3089//10602 2762//10602 3084//10602
f 3092//10603 3088//10603 3090//10603
f 3093//10604 2748//10604 2744//10604
f 2751//10605 2747//10605 2748//10605
f 3093//10606 2741//10606 2752//10606
f 2742//10607 2741//10607 3093//10607
f 3094//10608 3093//10608 2743//10608
f 3096//10609 3097//10609 3098//10609
f 3099//10610 3096//10610 3087//10610
f 3097//10611 3094//10611 3095//10611
f 3100//10612 2743//10612 2746//10612
f 3101//10613 2927//10613 3102//10613
f 2764//10614 2766//10614 2927//10614
f 2745//10615 2764//10615 3101//10615
f 3102//3408 3092//3408 3091//10616
f 3100//10617 3091//10617 3095//10617
f 2869//10618 2802//3505 3592//3507
f 3102//10619 3103//10619 3104//10619
f 3658//10620 2868//10620 2869//10620
f 2927//10621 2926//10621 3103//10621
f 3098//10622 3095//10622 3091//10622
f 3087//10623 3098//10623 3090//10623
f 2088//10624 2125//10624 3105//10624
f 3083//10625 3105//10625 3086//10625
f 2483//10626 3073//10626 2771//10626
f 2401//10627 2186//10627 2185//10627
f 3099//10628 3086//10628 3105//10628
f 2125//10629 2207//10629 3106//10629
f 3108//10630 2737//10630 2742//10630
f 3107//10631 2742//10631 3094//10631
f 3110//10632 3108//10632 3107//10632
f 3109//10633 3107//3421 3097//3423
f 3111//10634 3109//10634 3096//10634
f 3112//3427 3110//10635 3109//3428
f 3113//10636 2738//10636 2737//10636
f 3115//10637 2723//10637 2722//10637
f 3117//3432 3115//10638 3114//3432
f 3119//10639 3117//10639 3116//10639
f 3118//10640 3116//10640 3120//10640
f 3116//10641 3114//10641 3113//10641
f 3122//10642 3112//10642 3111//10642
f 3122//3436 3123//3438 1755//10643
f 3124//10644 3125//10644 3126//10644
f 3125//10645 3118//10645 3121//10645
f 3128//10646 3119//10646 3118//10646
f 3129//3449 3128//3444 3125//3446
f 2020//10647 2712//10647 3128//10647
f 3853//10648 3857//10648 1346//10648
f 1065//10649 1046//10649 1047//10649
f 1814//3452 3838//10650 3830//3453
f 2021//10651 2020//10651 3129//10651
f 3111//10652 3099//10652 3106//10652
f 3123//10653 3106//10653 2207//10653
f 2377//3458 2225//10654 2224//3459
f 3014//10655 2485//10655 113//10655
f 1756//10656 2208//10656 3782//10656
f 3131//3465 3132//10657 2530//3466
f 3133//10658 3131//10658 2528//10658
f 1753//10659 1756//3462 3767//3464
f 3134//3470 3124//10660 3127//3471
f 2327//10661 2408//10661 2314//10661
f 2436//9651 2318//9650 2317//10662
f 2018//10663 2021//10663 3711//10663
f 2534//10664 3136//10664 3137//10664
f 2320//10665 2322//4715 3136//4714
f 2185//10666 2018//10666 3712//10666
f 3138//10667 3139//10667 2542//10667
f 3134//3470 3135//3472 3744//4667
f 3785//10668 3130//10668 3134//10668
f 3140//10669 3138//10669 2539//10669
f 2535//10670 3137//10670 3140//10670
f 3711//10671 2021//10671 3130//10671
f 2558//10672 2530//10672 3132//10672
f 3782//10673 3760//10673 3141//10673
f 2560//10674 2558//10674 3141//10674
f 3760//10675 3777//10675 3142//10675
f 958//10676 888//10676 2976//10676
f 1933//10677 1932//10677 2980//10677
f 2399//10678 2424//10678 2418//10678
f 2348//10679 2342//10679 2343//10679
f 2322//10680 2320//10680 2319//10680
f 2718//10681 2717//10681 2874//10681
f 2709//10682 2729//10682 2873//10682
f 2894//10683 2871//10683 1361//10683
f 346//10684 289//10684 176//10684
f 1876//10685 1877//10685 1882//10685
f 2802//10686 2803//3516 3607//3518
f 3104//10687 3144//10687 3088//10687
f 2974//3509 2222//10688 3649//3510
f 3089//3512 3145//10689 2761//3513
f 3088//10690 3144//10690 3145//10690
f 2803//10691 2974//10691 3603//10691
f 3870//10692 3909//10692 692//10692
f 2123//10693 1419//10693 1418//10693
f 1365//10694 1363//10694 1368//10694
f 1581//10695 1766//10695 1782//10695
f 3569//10696 2202//10696 2129//10696
f 3555//3526 2003//10697 2002//3526
f 3146//10698 2585//10698 2551//10698
f 3751//10699 3146//10699 3147//10699
f 3742//10700 3149//10700 3146//10700
f 3149//3531 2584//10701 2585//3532
f 3196//10702 3198//10702 3197//10702
f 3604//10703 2192//10703 2191//10703
f 3142//10704 3150//10704 2556//10704
f 3777//10705 3778//10705 3150//10705
f 3646//10706 3152//10706 2550//10706
f 3150//10707 3151//10707 2555//10707
f 3778//10708 3780//10708 3151//10708
f 3788//10709 3781//10709 3152//10709
f 3153//10710 3147//10710 2551//10710
f 3152//10711 3153//10711 2549//10711
f 3781//10712 3776//10712 3153//10712
f 3776//10713 3750//10713 3147//10713
f 3148//10714 2767//10714 2206//10714
f 2183//10715 2401//10715 2321//10715
f 2132//10716 2960//10716 2928//10716
f 3684//10717 3685//10717 2204//10717
f 3719//3554 2198//10718 2197//3555
f 2594//10719 2962//10719 2773//10719
f 2595//10720 2594//10720 2951//10720
f 1870//10721 798//10721 799//10721
f 3713//10722 2179//10722 2178//10722
f 3706//10723 2178//10723 3736//10723
f 336//10724 3154//10724 3774//10724
f 339//10725 3155//10725 3154//10725
f 3789//10726 3683//10726 3149//10726
f 3683//10727 3697//10727 2584//10727
f 2963//10728 2962//10729 3048//10730
f 3722//3569 3730//10731 337//3570
f 339//10732 338//10732 2566//10732
f 3156//10733 3157//10733 2168//10733
f 2610//3574 3156//10734 2167//3575
f 2954//10735 2953//10735 3156//10735
f 3157//3578 3156//10736 2953//3579
f 3707//10737 2166//10737 2169//10737
f 2567//10738 3158//10738 3159//10738
f 337//3583 3158//10739 2567//3583
f 3730//10740 3069//3322 2166//3324
f 3764//10741 2190//10741 1983//10741
f 2579//10742 3160//10742 3081//10742
f 2568//10743 3159//10743 3160//10743
f 3709//10744 2169//10744 2190//10744
f 3065//10745 3062//10745 3162//10745
f 3161//10746 3162//10746 1984//10746
f 3157//3597 3161//3596 2189//10747
f 2257//10748 3065//10748 3161//10748
f 734//10749 735//10749 1922//10749
f 3059//3601 3058//10532 2708//3602
f 3163//10750 2708//10750 2182//10750
f 3162//10751 3163//10751 1985//10751
f 3062//10752 3059//10752 3163//10752
f 3203//10753 3206//10753 3205//10753
f 2122//10754 2119//10754 1448//10754
f 3817//10755 1686//10755 1685//10755
f 139//10756 140//10756 444//10756
f 1570//10757 569//10757 566//10757
f 2957//10758 3164//10758 3165//10758
f 2955//10759 3166//10759 3164//10759
f 1912//10760 454//10760 341//10760
f 3130//10761 3129//10761 3124//10761
f 1548//10762 322//10762 319//10762
f 1949//10763 1950//10763 1327//10763
f 2969//10764 2970//10764 3078//10764
f 3167//10765 3078//10765 3169//10765
f 3724//10766 2014//10766 2017//10766
f 3720//10767 2017//10767 2033//10767
f 3168//10768 3169//10768 3165//10768
f 3170//10769 3165//10769 3164//10769
f 3779//10770 3170//10770 3171//10770
f 3724//10771 3168//10771 3170//10771
f 3171//10772 3164//10772 3166//10772
f 3172//3636 3166//3635 3071//10773
f 3752//10774 3172//10774 3173//10774
f 3756//10775 3171//10775 3172//10775
f 3169//10776 3037//10776 3036//10776
f 2593//10777 3048//10730 2962//10729
f 3173//10778 3071//10557 2609//9711
f 3174//3643 2609//2304 2199//2306
f 3783//10779 3174//3644 2198//3646
f 3749//10780 3173//10780 3174//10780
f 2190//10781 2189//10781 1984//10781
f 2196//10782 2195//10782 2767//10782
f 2119//10783 2120//10783 1414//10783
f 1464//10784 1463//10784 1466//10784
f 2199//10785 2611//10785 3069//10785
f 2457//10786 2456//10786 2587//10786
f 2226//10787 2225//10787 2562//10787
f 481//10788 478//10788 1627//10788
f 333//10789 1512//10789 235//10789
f 3078//10790 3051//10790 3037//10790
f 3040//3661 2264//10791 2997//3662
f 2219//10792 1934//10792 1933//10792
f 2385//10793 2384//10793 2497//10793
f 221//10794 2220//10794 3175//10794
f 2220//3669 1933//10795 3143//3670
f 3175//10796 3143//10796 2976//10796
f 2484//10797 3175//10797 2975//10797
f 2954//3674 3071//10798 3166//3675
f 2630//10799 1858//10799 110//10799
f 1547//10800 319//10800 1952//10800
f 2091//10801 2090//10801 2188//10801
f 3733//10802 3736//10802 2178//10802
f 1918//10803 1919//10803 1927//10803
f 3563//10804 112//10804 111//10804
f 955//10805 956//10805 960//10805
f 2037//10806 3014//10806 112//10806
f 3143//10807 2980//10807 2981//10807
f 2218//10808 2211//10808 2214//10808
f 672//10809 3877//10809 3787//10809
f 2152//4108 3013//4107 3014//10810
f 1147//10811 1144//10811 1143//10811
f 2248//10812 2246//10812 1409//10812
f 1615//10813 1636//10813 1635//10813
f 1410//10814 1409//10814 2246//10814
f 3241//3693 3243//10815 3242//3694
f 1382//10816 3176//10816 3177//10816
f 3177//10817 1410//10817 2247//10817
f 2247//10818 1383//10818 3177//10818
f 3176//10819 2238//10819 2230//10819
f 1410//10820 3177//10820 3179//10820
f 3179//10821 3180//10821 2243//10821
f 1633//10822 3181//10822 2800//10822
f 1621//10823 1620//10823 2758//10823
f 1622//10824 1621//10824 2245//10824
f 2236//10825 1394//10825 3181//10825
f 2237//10826 2236//10826 3182//10826
f 2250//10827 1631//10827 2233//10827
f 2912//10828 1629//10828 1628//10828
f 135//10829 136//10829 1564//10829
f 1567//10830 419//10830 512//10830
f 1085//10831 1084//10831 2653//10831
f 3184//10832 869//10832 868//10832
f 869//10833 3184//10833 3057//10833
f 1266//10834 1268//10834 1098//10834
f 1267//10835 2147//10835 722//10835
f 937//10836 1146//10836 2646//10836
f 2146//10436 1049//10435 722//10837
f 2211//10838 2218//10838 921//10838
f 1957//10839 510//10839 507//10839
f 1313//10840 1312//10840 2264//10840
f 1496//10841 362//10841 1493//10841
f 2887//10842 2937//10842 2933//10842
f 1687//10843 1688//10843 1659//10843
f 145//10844 1499//10844 1498//10844
f 37//10845 38//10845 418//10845
f 1935//10846 1934//10846 3185//10846
f 104//10847 89//10847 301//10847
f 2101//10848 2098//10848 2083//10848
f 543//10849 298//10849 360//10849
f 1934//10850 2219//10850 3186//10850
f 234//10851 1521//10851 212//10851
f 3845//10852 3821//10852 1822//10852
f 1976//10853 1875//10853 1874//10853
f 223//10854 3186//10854 2219//10854
f 3655//10855 3656//10855 3605//10855
f 2165//10856 2164//10856 467//10856
f 467//10857 468//10857 2165//10857
f 773//10858 476//10858 2165//10858
f 1935//10859 1212//10859 1728//10859
f 3240//10860 3225//10860 3226//10860
f 3261//10861 3249//10861 3250//10861
f 3215//10862 3216//10862 3244//10862
f 3265//10863 3221//10863 3215//10863
f 3267//10864 3245//10864 3198//10864
f 3205//10865 3206//10865 3269//10865
f 3214//10866 3211//10866 3265//10866
f 3271//10867 3213//10867 3214//10867
f 3251//10868 3252//10868 3239//10868
f 3222//10869 3221//10869 3266//10869
f 3232//10870 3235//10870 3234//10870
f 3216//10871 3242//10871 3243//10871
f 3196//10872 3193//10872 3268//10872
f 3244//10873 3243//10873 3254//10873
f 3238//10874 3239//10874 3247//10874
f 3264//10875 3244//10875 3255//10875
f 3253//10876 3242//10876 3216//10876
f 3211//10877 3266//10877 3221//10877
f 3257//10878 3217//10878 3218//10878
f 3258//10879 3222//10879 3272//10879
f 3274//10880 3275//10880 3280//10880
f 3228//10881 3229//10881 3262//10881
f 3275//3785 3231//3787 3281//10882
f 3226//10883 3227//10883 3273//10883
f 3236//10884 3263//10884 3260//10884
f 3281//10885 3263//10885 3236//10885
f 3287//10886 3271//10886 3192//10886
f 3235//10887 3226//10887 3280//10887
f 3234//3767 3280//10888 3281//3768
f 3288//10889 3290//10889 3259//10889
f 3260//10890 3250//10890 3276//10890
f 3289//10891 3212//10891 3278//10891
f 3210//10892 3209//10892 3224//10892
f 3199//10893 3202//10893 3201//10893
f 3228//3794 3231//3796 3230//10894
f 3290//10895 3288//10895 3285//10895
f 3282//10896 3279//10896 3271//10896
f 3260//10897 3263//10897 3262//10897
f 3243//10898 3241//10898 3268//10898
f 3267//10899 3268//10899 3241//10899
f 3194//10900 3207//10900 3208//10900
f 3191//10901 3270//10901 3269//10901
f 3270//10902 3191//10902 3192//10902
f 3275//10903 3274//10903 3230//10903
f 3264//10904 3269//10904 3270//10904
f 3252//10905 3251//3772 3276//3772
f 3248//10906 3252//10906 3291//10906
f 3213//10907 3271//10907 3279//10907
f 3272//10908 3266//10908 3289//10908
f 3277//10909 3278//10909 3212//10909
f 3228//10910 3263//10910 3281//10910
f 3220//10911 3225//10911 3253//10911
f 3219//10912 3253//10912 3217//10912
f 3256//10913 3218//10913 3222//10913
f 3247//10914 3239//10914 3252//10914
f 3245//10915 3267//10915 3232//10915
f 3266//10916 3211//10916 3212//10916
f 3208//10917 3205//10917 3255//10917
f 3288//10918 3289//10918 3284//10918
f 3204//10919 3205//10919 3208//10919
f 560//10920 1899//10920 3187//10920
f 3209//10921 3210//10921 3201//10921
f 3189//10922 3192//10922 3191//10922
f 448//10923 1980//3951 807//3953
f 647//10924 648//10924 122//10924
f 1833//10925 1848//10925 1780//10925
f 510//10926 509//10926 508//10926
f 3210//10927 1949//3621 1887//3623
f 1887//10928 15//10928 3200//10928
f 15//10929 16//10929 3197//10929
f 16//10930 3188//10930 3195//10930
f 3195//10931 3188//10931 3187//10931
f 3194//10932 3187//10932 1899//10932
f 3207//3819 1899//2997 375//3820
f 387//10933 173//10933 126//10933
f 3189//3823 1791//10934 1760//3824
f 3577//10935 763//10935 757//10935
f 763//10936 3577//10936 2172//10936
f 3583//10937 3582//10937 3580//10937
f 3581//10938 3580//10939 3579//10940
f 3594//10941 3597//10941 3596//10941
f 3400//10942 3601//10942 3602//10942
f 3626//10943 3624//10943 3625//10943
f 3631//10944 3635//10944 3599//10944
f 3636//10945 3637//10945 3595//10945
f 3647//10946 3584//10946 3588//10946
f 3650//10947 3582//10947 3584//10947
f 3653//10948 3579//10940 3580//10939
f 3653//10949 2176//10949 3654//10949
f 1801//10950 1864//10950 3656//10950
f 3651//10951 3580//10951 3582//10951
f 3644//10952 3638//10952 3595//10952
f 1767//10953 1768//10953 3659//10953
f 1597//10954 3663//10954 3661//10954
f 1708//10955 1707//10955 3665//10955
f 3671//10956 3668//10956 3667//10956
f 3666//10957 3667//10957 3673//10957
f 1588//10958 1708//10958 3664//10958
f 2080//10959 3671//10959 3666//10959
f 2082//10960 3666//10960 3672//10960
f 3674//10961 3677//10961 3635//10961
f 3677//10962 3678//10962 3636//10962
f 3682//10963 3647//10963 3645//10963
f 3692//10964 3651//10964 3650//10964
f 3681//3858 3645//3857 3644//3860
f 786//10965 3694//10965 3692//10965
f 3694//10966 3653//10966 3651//10966
f 785//10967 3692//10967 3686//10967
f 497//10968 3686//10968 3682//10968
f 650//10969 3682//10969 3681//10969
f 3696//3881 564//3880 3681//10970
f 3405//10971 3606//10971 3605//10971
f 3702//3869 3699//10972 3678//3870
f 3699//10973 3698//10973 3679//10973
f 3645//10974 3588//10974 3638//10974
f 1799//10975 3657//10975 3659//10975
f 3708//10976 3704//10976 3458//10976
f 3462//10977 3710//10977 3708//10977
f 3714//10978 463//10978 564//10978
f 3615//10979 3606//10979 3602//10979
f 3710//10980 3714//10981 3696//10982
f 3635//3855 3636//3854 3596//10983
f 3629//10984 3626//10984 3627//10984
f 3597//10985 3600//10985 3599//10985
f 3630//10986 3716//3891 3715//3893
f 3627//10987 3625//10987 3597//10987
f 3717//10988 3716//10988 3723//10988
f 3715//10989 3663//10989 3660//10989
f 3716//10990 3717//10990 3725//10990
f 3668//10991 3665//10991 3661//10991
f 3668//10992 3725//10992 3717//10992
f 3667//10993 3717//10993 3718//10993
f 3727//10994 3728//10994 3673//10994
f 3728//3920 1576//3919 3672//10995
f 3726//10996 3727//10996 3718//10996
f 1576//1546 2101//1545 2084//10997
f 3727//10998 3726//10998 3731//10998
f 3203//3902 376//10999 1387//3903
f 3190//11000 1387//11000 1791//11000
f 3283//11001 2152//11001 1949//11001
f 317//11002 240//11002 259//11002
f 2000//11003 2176//11003 3653//11003
f 3601//11004 3599//11004 3600//11004
f 3589//11005 3588//11005 3584//11005
f 3577//11006 758//11006 756//11006
f 3585//11007 3584//11007 3582//11007
f 3678//11008 3679//11008 3637//11008
f 3204//11009 375//11009 376//11009
f 1801//11010 3655//11010 3657//11010
f 3729//11011 3735//11011 3728//11011
f 1575//11012 3735//3980 3738//11013
f 3735//11014 1575//11014 1576//11014
f 1776//3921 1795//11015 1796//3922
f 1293//11016 1294//11016 1290//11016
f 1326//11017 14//11017 1327//11017
f 1294//11018 1245//11018 1234//11018
f 878//11019 1244//11019 1330//11019
f 497//11020 373//11020 374//11020
f 122//11021 648//11021 413//11021
f 3699//11022 3702//11022 3704//11022
f 3606//11023 3405//11023 3401//11023
f 3708//11024 3710//11024 3698//11024
f 3464//11025 3714//10981 3710//10980
f 3704//3976 3674//3975 3443//11026
f 439//11027 398//11027 399//11027
f 1512//11028 1528//11028 1526//11028
f 1668//11029 1741//11029 1738//11029
f 839//11030 849//11030 1362//11030
f 1362//11031 1357//11031 826//11031
f 3843//3940 740//11032 1896//3941
f 2053//1535 2054//1534 2118//3036
f 3888//11033 3887//11033 2120//11033
f 696//11034 697//11034 3816//11034
f 1826//8794 1878//8794 639//8794
f 3740//11035 3739//11035 3729//11035
f 956//11036 885//11036 886//11036
f 1980//11037 806//3600 1922//3599
f 33//3954 34//11038 105//3955
f 1343//11039 1344//11039 3856//11039
f 3907//11040 2127//11040 2128//11040
f 1766//11041 1581//11041 1582//11041
f 14//11042 1326//11042 2163//11042
f 595//11043 98//11043 99//11043
f 3233//11044 3238//11044 3246//11044
f 1346//11045 1035//11045 1044//11045
f 748//3385 1888//3384 1425//11046
f 3193//3965 3208//11047 3254//3966
f 3190//11048 3191//11048 3206//11048
f 3612//11049 3605//11049 3606//11049
f 3624//11050 3612//11050 3615//11050
f 3631//11051 3415//11051 3443//11051
f 3679//11052 3680//11052 3644//11052
f 3686//11053 3650//3836 3647//3838
f 3702//11054 3677//11054 3674//11054
f 3625//11055 3615//11055 3600//11055
f 3601//11056 3400//11056 3415//11056
f 3739//3979 3738//11013 3735//3980
f 3630//11057 3627//11057 3594//11057
f 3741//11058 3723//11058 3716//11058
f 1284//11059 1290//11059 1288//11059
f 3698//11060 3696//11060 3680//11060
f 1778//3986 1781//11061 1780//3987
f 1792//11062 1759//11062 1584//11062
f 695//11063 570//11063 571//11063
f 3638//11064 3741//11064 3594//11064
f 3741//11065 3638//11065 3588//11065
f 3247//11066 3248//11066 3209//11066
f 3292//11067 3293//11067 3294//11067
f 3296//11068 3297//11068 3298//11068
f 3299//11069 3298//11069 3300//11069
f 3302//11070 3303//11070 3304//11070
f 3306//11071 3307//11071 3308//11071
f 3307//11072 3310//11072 3311//11072
f 3303//11073 3302//11073 3301//11073
f 3312//11074 3305//11074 3304//11074
f 3314//11075 3315//11075 3316//11075
f 3318//11076 3319//11076 3320//11076
f 3324//11077 3318//11077 3321//11077
f 3326//11078 3327//11078 3328//11078
f 3329//11079 3330//11079 3331//11079
f 3333//11080 3334//11080 3335//11080
f 3337//11081 3338//11081 3339//11081
f 3333//11082 3336//11082 3341//11082
f 3342//11083 3341//11083 3343//11083
f 3319//11084 3345//11084 3344//11084
f 3338//11085 3335//11085 3334//11085
f 3346//11086 3301//11086 3302//11086
f 3305//11087 3348//11087 3347//11087
f 3312//11088 3224//11088 3223//11088
f 3350//11089 3337//11089 3340//11089
f 3312//4017 3349//11090 3348//4018
f 3352//11091 3343//11091 3341//11091
f 3311//11092 3353//11092 3354//11092
f 3341//11093 3336//11093 3327//11093
f 3359//11094 3360//11094 3361//11094
f 3360//11095 3359//11095 3250//11095
f 3318//11096 3363//11096 3345//11096
f 3364//11097 3363//11097 3318//11097
f 3314//11098 3364//11098 3324//11098
f 3366//11099 3299//11099 3301//11099
f 3299//11100 3366//11100 3367//11100
f 3308//11101 3354//11101 3368//11101
f 3369//11102 3317//11102 3295//11102
f 3317//11103 3369//11103 3364//11103
f 3370//11104 3295//11104 3317//11104
f 3325//11105 3371//11105 3365//11105
f 3352//4062 3320//4061 3319//11106
f 3296//11107 3367//11107 3353//11107
f 3297//11108 3296//11108 3311//11108
f 3363//11109 3368//11109 3354//11109
f 3345//11110 3354//11110 3353//11110
f 3344//11111 3353//11111 3367//11111
f 3366//11112 3333//11112 3342//11112
f 3347//11113 3339//11113 3334//11113
f 3339//11114 3347//11114 3348//11114
f 3348//11115 3349//11116 3351//11117
f 3363//11118 3364//11118 3369//11118
f 3294//11119 3309//11119 3368//11119
f 3293//4051 3306//11120 3309//4052
f 3331//11121 3373//11121 3374//11121
f 3346//11122 3334//11122 3333//11122
f 3323//11123 3322//11123 3352//11123
f 3356//11124 3355//11124 3321//11124
f 3355//11125 3357//11125 3325//11125
f 3357//11126 3358//11126 3371//11126
f 3322//11127 3356//11127 3320//11127
f 3361//11128 3330//11128 3329//11128
f 3373//11129 3372//11129 3375//11129
f 3374//4066 3375//4065 3376//11130
f 3329//4068 3332//11131 3376//4069
f 3327//11132 3375//11132 3372//11132
f 3336//11133 3335//11133 3375//11133
f 3335//11134 3338//11134 3376//11134
f 3376//11135 3338//11135 3337//11135
f 3337//11136 3350//11136 3359//11136
f 3359//11137 3350//11137 3276//11137
f 3377//11138 3292//11138 3295//11138
f 3277//11139 3316//11139 3315//11139
f 3371//11140 3378//11140 3379//11140
f 3378//11141 3371//11141 3358//11141
f 3365//11142 3379//11142 3315//11142
f 3316//11143 3277//11143 3279//11143
f 3282//4083 3377//11144 3370//4084
f 3313//11145 3283//11145 3224//11145
f 3378//11146 3285//11146 3284//11146
f 3380//11147 3286//11147 3285//11147
f 3379//11148 3284//11148 3278//11148
f 3276//11149 3350//11149 3351//11149
f 3291//11150 3351//11117 3349//11116
f 3313//11151 3304//11151 2965//11151
f 2965//11152 3304//11152 3303//11152
f 222//11153 3303//11153 3300//11153
f 223//4095 3300//11154 3298//4096
f 3298//11155 3297//11155 3185//11155
f 3297//11156 3310//11156 2977//11156
f 3310//11157 3307//11157 1213//11157
f 3307//11158 3306//11158 1214//11158
f 2532//11159 1214//11159 3306//11159
f 2894//11160 2532//11160 3293//11160
f 2871//11161 2894//11161 3292//11161
f 3253//11162 3225//11162 3240//11162
f 3283//11163 3313//11163 3013//11163
f 1997//11164 1996//11164 1889//11164
f 1237//11165 745//11165 744//11165
f 1535//4111 1534//11166 120//4112
f 1531//11167 1532//11167 201//11167
f 1119//11168 1241//11168 1032//11168
f 946//246 948//245 824//11169
f 163//11170 8//11170 5//11170
f 3589//11171 3726//11171 3723//11171
f 1155//11172 1156//11172 1162//11172
f 427//11173 213//11173 327//11173
f 553//11174 1902//11174 796//11174
f 3381//11175 2232//11175 2231//11175
f 3381//11176 3178//11176 2230//11176
f 2237//11177 3183//11177 3180//11177
f 3383//11178 3384//11179 3385//11180
f 3384//11181 3386//11181 3387//11181
f 3386//11182 3388//4128 3389//4130
f 3388//11183 3390//11183 3391//11183
f 3392//11184 3393//11184 3394//11184
f 3395//11185 3394//11185 3396//11185
f 3398//11186 3399//11186 3397//11186
f 3400//11187 3401//11187 3399//11187
f 3403//11188 3404//11188 3405//11188
f 3406//11189 3407//11189 3404//11189
f 3408//11190 3409//11190 3407//11190
f 3410//4138 3411//11191 3409//4139
f 3412//11192 3413//11192 3411//11192
f 3415//11193 3400//11193 3398//11193
f 3414//11194 3398//11194 3396//11194
f 3416//11195 3396//11195 3394//11195
f 3417//11196 3394//11196 3393//11196
f 3393//4147 3419//11197 3420//4148
f 3419//11198 3390//11198 3421//11198
f 3390//11199 3388//11199 3422//11199
f 3388//11200 3386//11200 3423//11200
f 3386//11201 3384//11201 3424//11201
f 3384//11179 3383//11178 3425//11202
f 3425//11202 3383//11178 3426//11203
f 2904//11204 3427//11204 3428//11204
f 3429//11205 3427//11205 2904//11205
f 3430//11206 3429//11206 2902//11206
f 2875//11207 3431//11207 3430//11207
f 3432//11208 3433//11208 2733//11208
f 2825//4163 3434//4163 3435//4163
f 3437//11209 3438//11210 3439//11211
f 3441//11212 3437//11212 3436//11212
f 2724//11213 2723//11213 3434//11213
f 3436//11214 3439//11214 3115//11214
f 3440//11215 3436//4167 3117//4169
f 3443//11216 3415//11216 3414//11216
f 3442//11217 3414//11217 3416//11217
f 3444//11218 3416//11218 3417//11218
f 3445//11219 3417//4144 3418//4146
f 3446//11220 3418//4149 3420//4148
f 3420//11221 3421//11221 3448//11221
f 3421//11222 3422//11222 3449//11222
f 3422//11223 3423//11223 3450//11223
f 3423//11224 3424//11224 3451//11224
f 3424//11225 3425//11225 3452//11225
f 3425//11226 3184//11226 3056//11226
f 3451//11227 3452//11227 2253//11227
f 3450//11228 3451//11228 2252//11228
f 3449//11229 3450//11229 1727//11229
f 3448//11230 3449//11230 2150//11230
f 3453//11231 3447//11231 3448//11231
f 3454//11232 3446//11232 3447//11232
f 3455//11233 3445//11233 3446//11233
f 3456//11234 3444//11234 3445//11234
f 3442//11235 3444//11235 3456//11235
f 3443//11236 3442//4190 3457//4192
f 3459//11237 3460//3877 3458//3876
f 3457//11238 3456//11238 3455//11238
f 3459//11239 3455//11239 3454//11239
f 3462//11240 3460//11240 3459//11240
f 3461//11241 3454//11241 3453//11241
f 3464//11242 3462//11242 3461//11242
f 3463//11243 3453//11243 1941//11243
f 3404//11244 3399//11244 3401//11244
f 3407//11245 3397//11245 3399//11245
f 3409//11246 3395//11246 3397//11246
f 3411//11247 3392//11247 3395//11247
f 3465//4212 3466//4211 3413//11248
f 3467//4206 3468//11249 3469//4207
f 3465//11250 3412//11250 3431//11250
f 3470//11251 3467//11251 3466//11251
f 3438//11252 3470//11252 3432//11252
f 3467//11253 3470//11253 3438//11253
f 3468//11254 3467//11254 3437//11254
f 3471//11255 3469//11255 3468//11255
f 3472//11256 3468//11256 3441//11256
f 3473//11257 3441//11257 3440//11257
f 2712//11258 3440//11258 3119//11258
f 3475//11259 3471//11259 3472//11259
f 3474//11260 3472//11260 3473//11260
f 3476//11261 3473//4218 2712//4220
f 3477//11262 3476//11262 2711//11262
f 3478//11263 3474//11263 3476//11263
f 3479//11264 3475//11264 3474//11264
f 3392//11265 3411//11265 3413//11265
f 3466//11266 3469//11266 3480//11266
f 3419//11197 3393//4147 3392//11267
f 3390//11268 3419//11268 3480//11268
f 3469//11269 3471//11269 3391//11269
f 3389//11270 3391//11270 3471//11270
f 3387//11271 3389//11271 3475//11271
f 3385//4235 3387//11272 3479//4236
f 3482//11273 3477//11273 2400//11273
f 3483//11274 3478//11274 3477//11274
f 3481//11275 3479//11275 3478//11275
f 3484//11276 3482//11276 2402//11276
f 3058//11277 3484//11277 2707//11277
f 3061//11278 3485//11278 3484//11278
f 3485//11279 3483//11279 3482//11279
f 3382//11280 3385//11280 3481//11280
f 3486//11281 3481//11281 3483//11281
f 3426//11282 3383//11282 3382//11282
f 3487//11283 3382//11283 3486//11283
f 3486//11284 3485//11284 3061//11284
f 1961//11285 3057//11285 3487//11285
f 3057//11286 3184//11286 3426//11286
f 3428//11287 3403//11287 3402//11287
f 3427//11288 3406//11288 3403//11288
f 3429//11289 3408//11289 3406//11289
f 3430//4255 3410//4259 3408//4256
f 3431//11290 3412//11290 3410//11290
f 3470//11291 3465//11291 3433//11291
f 3434//11292 3439//11211 3438//11210
f 2723//11293 3115//11293 3439//11293
f 2875//11294 2733//11294 3433//11294
f 2736//11295 2824//11295 3435//11295
f 2947//11296 3428//11296 3488//11296
f 3464//11297 3463//11297 1360//11297
f 1900//11298 1925//11298 1924//11298
f 1736//11299 1717//11299 1718//11299
f 1955//11300 1952//11300 1943//11300
f 1671//11301 1738//11301 1735//11301
f 1696//11302 1750//11302 1698//11302
f 1800//11303 1865//11303 1864//11303
f 2063//11304 2055//11304 2056//11304
f 1737//4308 1734//4307 1717//11305
f 1751//11306 1735//11306 1697//11306
f 943//11307 3885//11307 3899//11307
f 3656//11308 3488//11308 3402//11308
f 1577//11309 1578//11309 1764//11309
f 3917//11310 1598//11310 1599//11310
f 1945//11311 146//11311 82//11311
f 68//11312 6//11312 7//11312
f 147//11313 1542//11313 1543//11313
f 1109//11314 1135//11314 1133//11314
f 1503//11315 1910//11315 1907//11315
f 1499//11316 1501//1319 1909//1321
f 452//11317 1922//11317 735//11317
f 1824//11318 2068//11318 3835//11318
f 1825//11319 2067//11319 2068//11319
f 1463//4289 1462//11320 1022//4290
f 841//11321 1012//278 1009//280
f 1568//11322 1547//11322 1955//11322
f 1910//11323 1503//11323 1502//11323
f 1939//11324 1502//2404 422//2406
f 309//11325 280//11325 1940//11325
f 1804//11326 1851//11326 1866//11326
f 269//11327 1482//11327 1954//11327
f 2065//11328 1607//11328 2060//11328
f 3812//11329 1685//11329 1758//11329
f 280//11330 276//11330 552//11330
f 1875//11331 1873//11331 1869//11331
f 1739//11332 1721//11332 1734//11332
f 1778//11333 1779//1283 1790//1285
f 310//11334 1920//11334 1915//11334
f 1909//11335 1908//11335 1906//11335
f 1789//11336 1783//11336 1778//11336
f 978//11337 981//11337 980//11337
f 1584//11338 1759//11338 1731//11338
f 425//11339 426//11339 311//11339
f 148//11340 1543//11340 115//11340
f 2044//11341 3897//11341 3894//11341
f 277//11342 1910//11342 1939//11342
f 1943//11343 1946//11343 1945//11343
f 1461//11344 1462//11344 1463//11344
f 2253//11345 3452//11345 3056//11345
f 2981//3086 2254//3085 3489//11346
f 2209//11347 2998//11347 3489//11347
f 2254//11348 2253//11348 3055//11348
f 2998//11349 926//591 958//593
f 2826//11350 2817//11350 2721//11350
f 3490//4327 2739//4356 2721//4328
f 2816//4410 3491//4357 3490//4359
f 2334//11351 2297//11351 2296//11351
f 2298//11352 2297//11352 2334//11352
f 2301//11353 2298//11353 2336//11353
f 2311//11354 2301//11354 2338//11354
f 2312//11355 2311//11355 2354//11355
f 2359//11356 2358//11356 2361//11356
f 2335//11357 2296//11357 2359//11357
f 2414//11358 2413//11358 2365//11358
f 2413//11359 2270//11359 2361//11359
f 2355//11360 2352//11360 2540//11360
f 2541//11361 2540//11361 2539//11361
f 2722//11362 2721//11362 2739//11362
f 3114//11363 2722//11363 2738//11363
f 3110//10635 3112//3427 3121//11364
f 3108//11365 3110//11365 3120//11365
f 3122//11366 1754//11366 3127//11366
f 3112//11367 3122//11367 3126//11367
f 3127//11368 1754//1308 1753//1310
f 3139//11369 3133//11369 2529//11369
f 3744//4352 3775//11370 3133//4353
f 3490//4359 2789//4358 2740//11371
f 3491//11372 2790//11372 2789//11372
f 228//11373 229//11373 91//11373
f 245//11374 244//11374 243//11374
f 248//11375 7//11375 247//11375
f 2//11376 297//11376 296//11376
f 145//8116 146//8115 300//11377
f 327//11378 213//11378 210//11378
f 329//11379 332//11379 331//11379
f 239//11380 241//11380 240//11380
f 373//11381 376//11381 375//11381
f 178//4370 177//11382 176//4370
f 1218//11383 1225//11383 1228//11383
f 3862//11384 1231//11384 1295//11384
f 808//11385 809//11385 824//11385
f 3858//11386 3859//11386 1013//11386
f 3813//11387 3810//11387 1411//11387
f 2154//11388 2149//11388 2159//11388
f 3845//11389 3835//11389 1758//11389
f 306//11390 807//11390 1922//11390
f 2157//11391 2153//11391 1976//11391
f 708//8596 709//4725 2031//4727
f 1450//11392 1226//11392 1227//11392
f 1672//11393 1604//11393 1605//11393
f 1813//11394 1814//11394 1821//11394
f 1717//11395 1716//11395 1715//11395
f 176//11396 159//11396 402//11396
f 1710//11397 1705//11397 3916//11397
f 1712//11398 1580//11398 1577//11398
f 1705//11399 1713//11399 1711//11399
f 971//1642 978//1641 979//11400
f 822//11401 823//11401 1094//11401
f 2909//11402 2810//11402 2793//11402
f 2810//11403 2769//11403 2795//11403
f 2799//11404 2910//2962 2249//2964
f 3662//11405 3643//4544 2910//4546
f 2769//11406 2768//11406 2801//11406
f 3177//11407 3176//11407 3178//11407
f 3178//11408 3381//11408 3180//11408
f 3181//11409 1394//11409 1393//11409
f 3181//11410 1633//11410 1632//11410
f 3182//11411 1632//11411 2244//11411
f 3183//11412 2244//11412 2243//11412
f 3492//11413 2791//2822 2790//2824
f 2808//11414 3492//11414 3491//11414
f 2239//11415 3574//11415 3572//11415
f 1149//11416 1150//11416 3571//11416
f 1150//11417 2009//11417 3567//11417
f 2202//11418 3569//11418 3566//11418
f 2921//11419 3564//11419 3565//11419
f 3568//11420 3560//11420 2133//11420
f 1777//11421 1579//11421 1759//11421
f 1201//11422 1196//11422 1183//11422
f 3561//11423 3554//11423 2195//11423
f 3553//11424 3576//11424 2770//11424
f 3927//4423 3925//11425 1687//4424
f 1516//11426 152//11426 154//11426
f 3549//4427 3562//3353 2974//3355
f 3550//11427 3548//11427 2779//11427
f 2771//11428 2772//11428 3575//11428
f 3070//11429 2771//11429 3546//11429
f 3547//11430 3544//11430 2775//11430
f 1376//11431 1375//11431 1370//11431
f 2767//11432 3543//11432 3556//11432
f 2195//11433 3554//11433 3543//11433
f 2775//11434 3544//11434 3542//11434
f 3377//11435 3282//11435 3545//11435
f 3804//11436 3802//11436 3539//11436
f 2776//11437 3542//1105 3538//1105
f 2240//11438 3572//11438 3535//11438
f 2920//11439 3535//11439 3669//11439
f 3548//11440 3534//11440 2786//11440
f 1805//11441 1850//11441 1851//11441
f 3534//11442 3532//11442 2787//11442
f 2951//11443 2773//11443 3540//11443
f 2772//4447 2951//11444 3531//4448
f 2973//11445 2224//11445 3530//11445
f 2224//4451 2223//11446 3537//4452
f 1957//2702 1953//2701 320//11447
f 306//11448 305//11448 304//11448
f 2770//11449 3576//11449 3528//11449
f 2913//11450 3528//11450 3574//11450
f 2923//11451 3565//11451 3527//11451
f 308//11452 1940//1280 431//1282
f 207//11453 208//11453 132//11453
f 1879//11454 1876//11454 1881//11454
f 3733//11455 3787//11455 3525//11455
f 2475//11456 3070//11456 3558//11456
f 2476//11457 2475//11457 3524//11457
f 2223//4467 2476//4464 3523//4466
f 3522//4469 3549//11458 2803//4470
f 2037//11459 3563//11459 11//11459
f 1959//11460 1958//11460 450//11460
f 2003//11461 3555//11461 3520//11461
f 9//11462 10//11462 334//11462
f 2009//11463 2008//11463 3518//11463
f 2008//11464 2973//11464 3536//11464
f 3877//11465 672//11465 673//11465
f 3515//11466 3550//11466 2778//11466
f 2935//11467 3514//11467 3513//11467
f 111//11468 1149//11468 3570//11468
f 3510//11469 3514//11469 2935//11469
f 683//11470 3876//11470 3885//11470
f 3508//11471 3557//11471 2810//11471
f 736//11472 733//11472 732//11472
f 1795//4486 1804//11473 1803//4487
f 3505//11474 3510//11474 2938//11474
f 3507//11475 3505//11475 2939//11475
f 2950//11476 3512//11476 3504//11476
f 2940//11477 2949//11477 3504//11477
f 3801//11478 3791//11478 3512//11478
f 2868//11479 3509//11479 3502//11479
f 2869//11480 3502//11480 3522//11480
f 1024//11481 1034//11481 1023//11481
f 3500//11482 3503//11482 2948//11482
f 551//11483 1939//11483 442//11483
f 2972//11484 3499//4655 3568//4655
f 2032//4500 3533//11485 3499//4501
f 216//11486 93//11486 1924//11486
f 203//11487 202//11487 201//11487
f 1828//11488 1848//11488 1847//11488
f 1958//11489 1957//11489 449//11489
f 272//11490 271//11490 178//11490
f 2871//11491 3545//11491 3495//11491
f 3619//11492 3669//11492 3564//11492
f 2801//11493 2768//11493 3643//11493
f 2005//11494 3758//11494 3654//11494
f 960//11495 886//11495 899//11495
f 3657//11496 3655//11496 3612//11496
f 3780//11497 3788//11497 3646//11497
f 3151//11498 3646//11498 3593//11498
f 2193//11499 3604//11499 3623//11499
f 3607//11500 3603//11500 3145//11500
f 3603//11501 3649//11501 2761//11501
f 3592//4519 3607//11502 3144//4520
f 2926//11503 3658//11503 3634//11503
f 3634//4523 3592//11504 3104//4525
f 3755//3351 3754//3350 3746//11505
f 566//11506 567//11506 3758//11506
f 3488//11507 3656//11507 1864//11507
f 1602//11508 1586//11508 2079//11508
f 2868//11509 3658//11509 3611//11509
f 2922//11510 3611//11510 3610//11510
f 2923//11511 3610//11511 3618//11511
f 3670//11512 3613//11512 2918//11512
f 3619//11513 3670//11513 3614//11513
f 2921//11514 3618//11514 3670//11514
f 2920//11515 3614//11515 3586//11515
f 3613//11516 3642//11516 2915//11516
f 2917//4538 2766//11517 3622//4539
f 2916//11518 2917//11518 3641//11518
f 2239//11519 3587//11519 3652//11519
f 2911//11520 3640//11520 3652//11520
f 3643//11521 3640//11521 2911//11521
f 2797//11522 2801//11522 3662//11522
f 2797//11523 3591//11523 3598//11523
f 3622//11524 3628//11524 2763//11524
f 3608//11525 3628//11525 2764//11525
f 2194//11526 3623//11526 3648//11526
f 2221//11527 3648//11527 3649//11527
f 2756//11528 3608//11528 3609//11528
f 2750//11529 3598//11529 3609//11529
f 3669//11530 3535//11530 1817//11530
f 3763//11531 3770//11531 1691//11531
f 2515//11532 3621//2231 3590//2233
f 2548//11533 3590//11533 3593//11533
f 2513//11534 2489//11534 3632//11534
f 2513//11535 3616//11535 3621//11535
f 2509//11536 3633//11536 3620//11536
f 2510//11537 3632//11537 3633//11537
f 2289//11538 3620//11538 3639//11538
f 2283//11539 3639//11539 3617//11539
f 2240//11540 3586//11540 3587//11540
f 3659//11541 3657//11541 3624//11541
f 716//11542 2121//11542 3887//11542
f 727//11543 1999//11543 3761//11543
f 2165//11544 2171//11544 2170//11544
f 3660//11545 3659//4568 3626//4570
f 3743//11546 3581//11546 3578//11546
f 2175//11547 2172//11547 769//11547
f 2100//11548 500//11548 2095//11548
f 3758//11549 567//11549 3757//11549
f 640//11550 3560//11550 3568//11550
f 1653//11551 3576//11551 3553//11551
f 1895//4650 3536//4649 3530//11552
f 746//11553 3530//11553 3537//11553
f 1653//11554 1810//11554 3528//11554
f 3762//11555 1603//11555 1604//11555
f 2093//11556 2075//11556 2073//11556
f 959//11557 996//11557 995//11557
f 962//11558 899//11558 919//11558
f 1400//11559 1401//11559 1398//11559
f 1000//11560 817//11560 1127//11560
f 956//11561 959//11561 884//11561
f 1662//11562 3548//11562 3550//11562
f 2034//11563 3558//11563 3546//11563
f 3926//11564 1689//11564 3539//11564
f 3535//11565 3572//11565 766//11565
f 3572//11566 3574//11566 765//11566
f 334//11567 3570//11567 3571//11567
f 1868//11568 3531//11568 3540//11568
f 1684//11569 1651//11569 1652//11569
f 1682//11570 1683//11570 775//11570
f 1585//11571 1603//11571 3762//11571
f 3763//11572 3762//11572 1672//11572
f 2173//11573 2174//11573 490//11573
f 1658//11574 3544//11574 3547//11574
f 3556//11575 3543//11575 1650//11575
f 1571//11576 3754//11576 2010//11576
f 1587//11577 3664//11577 3671//11577
f 2099//11578 2095//11578 2077//11578
f 787//11579 3761//11579 1999//11579
f 2000//11580 3694//11580 786//11580
f 3155//11581 339//11581 3697//11581
f 3713//11582 3155//11582 3683//11582
f 2180//11583 2179//11583 3685//11583
f 3496//11584 2180//11584 3684//11584
f 1684//11585 3846//11585 3840//11585
f 1760//11586 464//980 3495//982
f 2607//11587 3689//11587 3693//11587
f 2581//11588 3676//11588 3689//11588
f 2371//11589 2502//11589 3700//11589
f 2371//11590 3695//11590 3693//11590
f 2587//11591 3676//11591 3675//11591
f 2586//11592 3675//11592 3697//11592
f 2497//11593 3691//11593 3687//11593
f 2502//4631 2503//11594 3687//4632
f 2494//11595 3691//11595 3690//11595
f 3690//11596 3688//11596 2472//11596
f 3688//11597 3701//11597 2468//11597
f 3701//11598 3703//11598 2469//11598
f 726//11599 3908//11599 3892//11599
f 581//11600 3567//11600 3518//11600
f 10//11601 3511//11601 3570//11601
f 1837//11602 3514//11602 3510//11602
f 741//11603 3537//11603 3523//11603
f 1299//768 3524//767 3558//11604
f 1851//11605 3507//11605 3504//11605
f 3527//4645 3565//11606 1820//4646
f 580//11607 3518//11607 3536//11607
f 1758//11608 1685//11608 3522//11608
f 1693//11609 3557//11609 3508//11609
f 3504//11610 3512//11610 1867//11610
f 1894//11611 1826//4583 3568//4582
f 2126//3522 1418//3521 3813//4656
f 3906//11612 2126//11612 3841//11612
f 2113//11613 3911//11613 3867//11613
f 2179//11614 3713//11614 3789//11614
f 624//11615 3903//11615 3904//11615
f 2192//11616 3604//11616 3788//11616
f 2177//11617 3541//11617 3787//11617
f 1364//11618 3824//11618 3833//11618
f 3858//11619 3855//11619 1470//11619
f 3135//11620 1753//11620 3775//11620
f 2069//11621 3812//11621 3835//11621
f 1351//11622 3861//11622 3853//11622
f 2108//11623 3882//11623 3901//11623
f 2089//11624 2092//11624 3736//11624
f 3828//11625 3834//11625 1358//11625
f 2001//11626 3749//11626 3783//11626
f 2187//4674 3783//11627 3719//4675
f 2130//11628 3756//11628 3752//11628
f 2004//11629 3752//11629 3749//11629
f 2014//11630 3724//11630 3779//11630
f 2201//11631 3779//11631 3756//11631
f 3167//11632 3720//11632 3759//11632
f 3168//11633 3724//11633 3720//11633
f 3159//11634 3709//3589 3764//3591
f 3160//11635 3764//11635 3765//11635
f 3730//4685 3707//4685 3158//4685
f 3158//11636 3707//11636 3709//11636
f 2200//3655 3069//3654 3730//11637
f 3685//11638 3789//11638 3742//11638
f 3722//3564 3774//3563 2197//4689
f 3790//11639 3736//11639 2092//11639
f 3774//11640 3790//11640 3721//11640
f 3154//11641 3706//11641 3790//11641
f 3155//11642 3713//11642 3706//11642
f 2091//11643 3719//11643 3721//11643
f 2196//11644 3148//11644 3750//11644
f 2193//11645 2196//11645 3776//11645
f 3604//11646 2193//11646 3781//11646
f 2086//11647 2192//11647 3780//11647
f 2087//11648 2086//11648 3778//11648
f 2204//11649 3742//11649 3751//11649
f 2205//4703 3751//4702 3750//11650
f 3909//11651 3886//11651 574//11651
f 2124//11652 2087//11652 3777//11652
f 2208//11653 2124//11653 3760//11653
f 3711//11654 3785//11654 3140//11654
f 3785//11655 3745//11655 3138//11655
f 3745//4710 3744//11656 3139//4711
f 3771//11657 3712//11657 3136//11657
f 3712//11658 3711//11658 3137//11658
f 3775//11659 3767//11659 3131//11659
f 3767//11660 3782//11660 3132//11660
f 1813//11661 3839//11661 3838//11661
f 1293//11662 3854//11662 3856//11662
f 2184//11663 2321//11663 3748//11663
f 2181//11664 2184//11664 3732//11664
f 3765//11665 3768//11665 3079//11665
f 3768//11666 3734//11666 3080//11666
f 709//11667 3873//1715 3875//1717
f 2774//11668 2961//11668 3737//11668
f 3786//3317 3769//3316 2134//11669
f 3809//11670 3808//11670 766//11670
f 2968//11671 3784//11671 3766//11671
f 2969//11672 3759//11672 3784//11672
f 2958//11673 3747//11673 3737//11673
f 2132//11674 3747//11674 3766//11674
f 2321//11675 2185//11675 3771//11675
f 3860//11676 3848//11676 1449//11676
f 3905//11677 3874//11677 582//11677
f 3886//11678 3889//11678 577//11678
f 3847//11679 3826//11679 1818//11679
f 705//11680 3902//11680 3887//11680
f 3816//11681 3912//11681 3907//11681
f 2111//11682 3883//11682 3911//11682
f 3810//11683 3829//11683 1366//11683
f 1812//11684 3839//11684 3822//11684
f 675//4750 3851//4749 3852//11685
f 3496//11686 3705//11686 3851//11686
f 2110//11687 3867//1855 3868//1857
f 2104//11688 3896//11688 3901//11688
f 2109//11689 3868//11689 3899//11689
f 3842//4754 3831//11690 703//4755
f 1680//11691 3811//11691 3846//11691
f 1639//11692 1627//11692 3819//11692
f 623//11693 3904//11693 3906//11693
f 2139//11694 2140//11694 3866//11694
f 1808//11695 1640//11695 3844//11695
f 3820//11696 3821//11696 1819//11696
f 3872//11697 3914//11697 3900//11697
f 1646//11698 3832//11698 3830//11698
f 3889//11699 3890//11699 633//11699
f 2139//11700 3865//11700 3875//11700
f 2156//11701 2155//11701 3871//11701
f 674//11702 3852//11702 3913//11702
f 2117//11703 3817//11703 3812//11703
f 1815//11704 3822//11704 3847//11704
f 3855//11705 3849//11705 1444//11705
f 697//11706 3906//11706 3912//11706
f 866//11707 842//11707 3836//11707
f 3864//11708 3869//11708 2136//11708
f 3585//11709 3731//11709 3726//11709
f 3583//11710 3740//11710 3731//11710
f 3753//4781 3746//11711 3738//4782
f 3740//4784 3583//11712 3581//4785
f 1088//11713 3738//11713 3746//11713
f 3739//11714 3740//11714 3743//11714
f 2791//4789 3492//11715 3493//4790
f 3492//11716 2808//11716 2807//11716
f 2792//11717 3493//11717 3494//11717
f 3493//11718 2807//11718 2806//11718
f 3508//11719 2909//11719 3494//11719
f 3516//11720 3494//11720 2806//11720
f 2948//11721 3503//11721 3791//11721
f 2105//11722 3908//11722 3896//11722
f 3538//11723 3802//11723 3804//11723
f 680//11724 3878//11724 3876//11724
f 1891//11725 1890//11725 3910//11725
f 2905//11726 3799//11726 3801//11726
f 2900//11727 3797//11727 3799//11727
f 2901//11728 3797//11728 3807//11728
f 2734//11729 2878//11729 3806//11729
f 2877//4806 3807//11730 3806//4807
f 2820//11731 3800//11731 3794//11731
f 2818//11732 3796//11732 3792//11732
f 2823//11733 3793//11733 3792//11733
f 2822//11734 3793//11734 3798//11734
f 2819//11735 2735//11735 3800//11735
f 2817//10164 3796//2841 3795//2843
f 2809//11736 3805//11736 3795//11736
f 2808//11737 3805//11737 3803//11737
f 2805//11738 3804//11738 3803//11738
f 1702//11739 3921//11739 3923//11739
f 3922//11740 3920//11740 1797//11740
f 3915//11741 3916//11741 1706//11741
f 3918//11742 3927//11742 1692//11742
f 1657//11743 3898//11743 3880//11743
f 1890//11744 1877//11744 3895//11744
f 3772//11745 3770//11745 1674//11745
f 1689//11746 1690//11746 3772//11746
f 3926//11747 3802//11747 3538//11747
f 3516//11748 3539//11748 1689//11748
f 3917//11749 3923//11749 1703//11749
f 1598//11750 3917//11750 3928//11750
f 3880//11751 3884//11751 1876//11751
f 1691//11752 1690//11752 3925//11752
f 3925//11753 3926//11753 1688//11753
f 3934//4901 3933//11754 3937//4902
f 3934//4904 3938//11755 3939//4905
f 3932//4907 3936//11756 3937//4908
f 3938//4910 3942//11757 3943//4911
f 3937//4913 3936//4913 3940//4913
f 3937//4915 3941//11758 3942//4916
f 3942//4918 3946//11759 3947//4919
f 3941//4921 3940//11760 3944//4921
f 3942//4922 3941//11761 3945//4923
f 3947//4925 3946//11762 3950//4926
f 3944//4928 3948//11763 3949//4929
f 3945//4931 3949//11764 3950//4932
f 3950//4934 3954//11765 3955//4934
f 3949//4936 3948//11766 3952//4936
f 3950//4938 3949//11767 3953//4939
f 3955//4941 3954//11768 3958//4942
f 3953//4944 3952//11769 3956//4944
f 3953//4946 3957//11770 3958//4947
f 3959//4949 3958//11771 3962//4950
f 3957//4952 3956//11772 3960//4953
f 3958//4955 3957//11773 3961//4956
f 3962//4958 3966//11774 3967//4959
f 3960//4961 3964//11775 3965//4962
f 3961//4964 3965//11776 3966//4965
f 3966//4967 3970//11777 3971//4968
f 3965//4970 3964//11778 3968//4971
f 3966//4973 3965//11779 3969//4974
f 3970//4976 3974//11780 3975//4977
f 3968//4979 3972//11781 3973//4980
f 3969//4982 3973//11782 3974//4983
f 3974//4985 3978//11783 3979//4986
f 3973//4988 3972//11784 3976//4989
f 3974//4991 3973//11785 3977//4992
f 3979//4994 3978//11786 3982//4995
f 3976//4997 3980//11787 3981//4997
f 3977//4998 3981//11788 3982//4999
f 3982//5001 3986//11789 3987//5001
f 3981//5003 3980//5003 3984//5004
f 3982//5005 3981//11790 3985//5006
f 3987//5008 3986//11791 3990//5008
f 3984//5010 3988//11792 3989//5011
f 3985//5013 3989//11793 3990//5014
f 3991//5016 3990//11794 3994//5017
f 3989//5019 3988//11795 3992//5020
f 3990//5022 3989//11796 3993//5023
f 3995//5025 3994//11797 3998//5026
f 3992//5028 3996//11798 3997//5029
f 3993//5031 3997//11799 3998//5032
f 3998//5034 4002//11800 4003//5035
f 3997//5037 3996//11801 4000//5038
f 3998//5040 3997//11802 4001//5041
f 4002//5043 4006//11803 4007//5044
f 4000//5046 4004//11804 4005//5047
f 4001//5049 4005//11805 4006//5050
f 4006//5052 4010//5053 4011//5053
f 4005//5055 4004//11806 4008//5056
f 4006//5058 4005//11807 4009//5058
f 4011//5059 4010//11808 4014//5060
f 4008//5062 4012//11809 4013//5063
f 4009//11810 4013//11810 4014//11810
f 4014//5066 4018//11811 4019//5067
f 4013//5069 4012//11812 4016//5070
f 4014//5072 4013//11813 4017//5073
f 4019//5075 4018//11814 4022//5076
f 4016//5078 4020//11815 4021//5079
f 4017//5081 4021//11816 4022//5082
f 4023//5084 4022//11817 4026//5085
f 4021//5087 4020//11818 4024//5088
f 4022//5090 4021//11819 4025//5091
f 4027//5093 4026//11820 4030//5094
f 4024//5096 4028//11821 4029//5097
f 4025//5099 4029//11822 4030//5100
f 4031//5102 4030//11823 4034//5103
f 4029//5105 4028//11824 4032//5106
f 4030//5108 4029//11825 4033//5109
f 4034//5111 4038//11826 4039//5112
f 4032//5114 4036//11827 4037//5115
f 4033//5117 4037//11828 4038//5118
f 4038//5120 4042//11829 4043//5121
f 4037//5123 4036//11830 4040//5124
f 4038//5126 4037//5127 4041//5127
f 4043//5128 4042//11831 4046//5129
f 4040//5131 4044//11832 4045//5132
f 4041//5134 4045//11833 4046//5135
f 4046//5137 4050//11834 4051//5138
f 4045//5140 4044//11835 4048//5141
f 4046//5143 4045//11836 4049//5144
f 4051//5146 4050//11837 4055//5147
f 4048//5149 4053//11838 4054//5150
f 4049//5152 4054//11839 4055//5152
f 4056//5154 4055//11840 4059//5155
f 4053//5157 4057//11841 4058//5158
f 4055//5160 4054//11842 4058//5161
f 4060//5207 4059//11843 3934//5208
f 4058//5210 4057//5210 3932//5211
f 4058//5213 3933//11844 3934//5214
f 4069//5217 4068//11845 4081//5217
f 4066//5219 4079//11846 4080//5219
f 4065//5221 4064//11847 4077//5222
f 4063//5224 4062//11848 4075//5225
f 4071//5226 4084//11849 4085//5227
f 4069//5229 4082//11850 4083//5230
f 4067//5232 4080//11851 4081//5233
f 4066//5235 4065//11852 4078//5236
f 4063//5238 4076//11853 4077//5239
f 4061//5241 4074//11854 4075//5242
f 4072//5244 4085//11855 4086//5245
f 4071//5247 4070//5247 4083//5248
f 4076//5250 4089//11856 4090//5251
f 4074//5253 4087//11857 4088//5254
f 4086//5256 4085//11858 4098//5257
f 4083//5259 4096//11859 4097//5259
f 4082//5261 4081//5263 4094//5262
f 4079//5264 4092//5264 4093//5264
f 4078//5265 4077//11860 4090//5266
f 4076//5268 4075//11861 4088//5269
f 4085//5271 4084//11862 4097//5272
f 4082//5274 4095//11863 4096//5275
f 4080//5277 4093//11864 4094//5277
f 4079//5279 4078//11865 4091//5279
f 4089//5281 4102//11866 4103//5282
f 4088//5284 4087//11867 4100//5285
f 4098//5287 4111//11868 4112//5288
f 4096//5290 4109//11869 4110//5290
f 4095//5291 4094//11870 4107//5291
f 4092//5293 4105//11871 4106//5293
f 4090//5295 4103//11872 4104//5295
f 4089//5297 4088//11873 4101//5298
f 4097//5300 4110//6805 4111//5301
f 4095//5303 4108//11874 4109//5304
f 4094//5306 4093//11875 4106//5307
f 4092//5309 4091//11876 4104//5309
f 4103//5311 4102//11877 4115//5312
f 4100//5314 4113//11878 4114//5315
f 4112//5317 4111//11879 4124//5318
f 4110//5320 4109//11880 4122//5321
f 4107//5323 4120//11881 4121//5323
f 4105//5325 4118//11882 4119//5325
f 4103//5327 4116//11883 4117//5327
f 4101//5329 4114//11884 4115//5330
f 4110//5332 4123//11885 4124//5332
f 4109//5334 4108//11886 4121//5335
f 4107//5337 4106//11887 4119//5337
f 4105//5339 4104//11888 4117//5339
f 4115//5341 4128//11889 4129//5342
f 4114//5344 4113//5346 4126//5345
f 4124//5347 4137//11890 4138//5348
f 4123//5350 4122//11891 4135//5351
f 4120//5353 4133//11892 4134//5353
f 4119//5354 4118//11893 4131//5354
f 4117//5355 4116//11894 4129//5355
f 4114//5357 4127//11895 4128//5358
f 4124//5360 4123//11896 4136//5361
f 4122//5363 4121//11897 4134//5363
f 4119//5364 4132//11898 4133//5365
f 4117//5367 4130//11899 4131//5367
f 4129//5369 4128//11900 4141//5370
f 4126//5372 4139//11901 4140//5373
f 4138//5375 4137//11902 4150//5376
f 4136//5378 4135//11903 4148//5379
f 4133//5381 4146//11904 4147//5382
f 4131//5384 4144//11905 4145//5385
f 4130//5387 4129//11906 4142//5387
f 4127//5389 4140//11907 4141//5390
f 4137//5392 4136//11908 4149//5393
f 4135//5395 4134//11909 4147//5396
f 4132//5398 4145//11910 4146//5398
f 4131//5400 4130//11911 4143//5401
f 4142//5403 4141//11912 4154//5404
f 4140//5406 4139//11913 4152//5407
f 4150//5409 4163//11914 4164//5410
f 4149//5412 4148//11915 4161//5412
f 4146//5414 4159//11916 4160//5414
f 4144//5416 4157//11917 4158//5416
f 4142//5418 4155//11918 4156//5418
f 4140//5420 4153//11919 4154//5421
f 4149//5423 4162//11920 4163//5424
f 4148//5426 4147//11921 4160//5427
f 4146//5429 4145//11922 4158//5430
f 4144//5432 4143//11923 4156//5432
f 4155//5434 4154//11924 4167//5435
f 4153//5437 4152//11925 4165//5438
f 4163//5440 4176//11926 4177//5441
f 4161//5443 4174//11927 4175//5444
f 4159//5445 4172//11928 4173//5446
f 4158//5448 4157//11929 4170//5449
f 4155//5451 4168//11930 4169//5452
f 4153//5454 4166//11931 4167//5455
f 4163//5457 4162//11932 4175//5458
f 4161//5460 4160//11933 4173//5461
f 4159//5463 4158//11934 4171//5464
f 4156//5466 4169//11935 4170//5467
f 4167//5469 4180//11936 4181//5470
f 4165//5472 4178//11937 4179//5473
f 4176//5475 4189//11938 4190//5476
f 4175//5478 4174//11939 4187//5478
f 4173//5480 4172//11940 4185//5480
f 4170//5482 4183//11941 4184//5483
f 4169//5485 4168//11942 4181//5486
f 4167//5488 4166//11943 4179//5489
f 4175//5491 4188//11944 4189//5492
f 4173//5494 4186//11945 4187//5495
f 4171//5497 4184//11946 4185//5498
f 4170//5500 4169//11947 4182//5501
f 4180//5503 4193//11948 4194//5503
f 4178//5505 4191//11949 4192//5506
f 4190//5508 4189//11950 4202//5509
f 4187//5511 4200//11951 4201//5512
f 4186//5514 4185//11952 4198//5515
f 4183//5517 4196//11953 4197//5517
f 4182//5519 4181//5519 4194//5519
f 4180//5520 4179//11954 4192//5521
f 4189//5523 4188//11955 4201//5524
f 4186//5526 4199//11956 4200//5527
f 4184//5529 4197//11957 4198//5529
f 4183//5530 4182//11958 4195//5530
f 4193//5532 4206//5532 4207//5533
f 4192//5535 4191//11959 4204//5536
f 4202//5538 4215//11960 4216//5539
f 4200//5541 4213//11961 4214//5542
f 4199//5544 4198//11962 4211//5544
f 4196//5546 4209//11963 4210//5546
f 4194//5548 4207//11964 4208//5548
f 4193//5550 4192//11965 4205//5551
f 4201//5553 4214//11966 4215//5554
f 4199//5556 4212//11967 4213//5557
f 4198//5559 4197//11968 4210//5560
f 4196//5562 4195//11969 4208//5562
f 4207//5564 4206//5564 4219//5564
f 4204//5566 4217//11970 4218//5567
f 4216//5569 4215//11971 4228//5570
f 4213//5572 4226//11972 4227//5573
f 4211//5575 4224//11973 4225//5576
f 4209//5578 4222//11974 4223//5578
f 4207//5580 4220//11975 4221//5580
f 4205//5581 4218//11976 4219//5581
f 4214//5583 4227//11977 4228//5584
f 4213//5586 4212//11978 4225//5587
f 4211//5589 4210//11979 4223//5590
f 4209//5591 4208//11980 4221//5591
f 4219//5593 4232//11981 4233//5593
f 4218//5595 4217//11982 4230//5596
f 4228//5598 4241//11983 4242//5599
f 4226//5601 4239//11984 4240//5602
f 4225//5604 4224//11985 4237//5604
f 4223//5606 4222//11986 4235//5606
f 4221//5608 4220//11987 4233//5608
f 4218//5610 4231//11988 4232//5611
f 4228//5613 4227//11989 4240//5614
f 4226//5616 4225//11990 4238//5617
f 4223//5619 4236//11991 4237//5620
f 4221//5622 4234//11992 4235//5622
f 4233//5624 4232//11993 4245//5625
f 4230//5627 4243//11994 4244//5628
f 4242//5630 4241//11995 4254//5631
f 4240//5633 4239//11996 4252//5634
f 4237//5636 4250//11997 4251//5637
f 4235//5639 4248//11998 4249//5640
f 4234//5642 4233//11999 4246//5642
f 4231//5644 4244//12000 4245//5645
f 4241//5647 4240//12001 4253//5648
f 4239//5650 4238//12002 4251//5651
f 4236//5653 4249//12003 4250//5654
f 4235//5656 4234//12004 4247//5656
f 4246//5658 4245//12005 4258//5659
f 4244//5661 4243//12006 4256//5662
f 4254//5664 4267//12007 4268//5665
f 4253//5667 4252//12008 4265//5668
f 4250//5670 4263//12009 4264//5671
f 4248//5673 4261//12010 4262//5673
f 4246//5675 4259//12011 4260//5675
f 4244//5677 4257//12012 4258//5678
f 4253//5680 4266//12013 4267//5681
f 4252//5683 4251//12014 4264//5683
f 4250//5685 4249//12015 4262//5686
f 4248//5688 4247//12016 4260//5689
f 4259//5691 4258//12017 4271//5692
f 4257//5694 4256//12018 4269//5695
f 4267//5697 4280//5698 4281//5698
f 4265//5700 4278//12019 4279//5701
f 4263//5703 4276//12020 4277//5704
f 4262//5706 4261//12021 4274//5706
f 4259//5708 4272//12022 4273//5708
f 4257//5710 4270//12023 4271//5710
f 4266//5712 4279//5712 4280//5713
f 4265//5715 4264//12024 4277//5716
f 4263//5717 4262//12025 4275//5717
f 4260//5719 4273//12026 4274//5720
f 4271//5722 4284//12027 4285//5723
f 4269//5725 4282//12028 4283//5726
f 4281//5728 4280//12029 4293//5729
f 4279//5731 4278//12030 4291//5732
f 4277//5734 4276//12031 4289//5734
f 4274//5736 4287//12032 4288//5737
f 4273//5739 4272//12033 4285//5740
f 4271//5742 4270//12034 4283//5743
f 4280//5745 4279//12035 4292//5746
f 4277//5748 4290//12036 4291//5749
f 4275//5751 4288//12037 4289//5752
f 4274//5754 4273//12038 4286//5754
f 4284//5756 4297//5756 4298//5756
f 4282//5758 4295//12039 4296//5759
f 4294//5761 4293//12040 4306//5762
f 4291//5764 4304//12041 4305//5765
f 4290//5767 4289//12042 4302//5768
f 4287//5770 4300//12043 4301//5771
f 4286//5773 4285//12044 4298//5773
f 4284//5775 4283//12045 4296//5776
f 4293//5778 4292//12046 4305//5779
f 4290//5781 4303//12047 4304//5782
f 4288//5784 4301//12048 4302//5785
f 4287//5787 4286//12049 4299//5787
f 4297//5789 4310//12050 4311//5790
f 4296//5792 4295//12051 4308//5793
f 4306//5795 4319//12052 4320//5796
f 4304//5798 4317//12053 4318//5799
f 4303//5801 4302//12054 4315//5802
f 4300//5804 4313//12055 4314//5804
f 4298//5806 4311//12056 4312//5807
f 4297//5809 4296//12057 4309//5810
f 4305//5812 4318//12058 4319//5813
f 4304//5815 4303//12059 4316//5816
f 4302//5817 4301//12060 4314//5817
f 4300//5819 4299//12061 4312//5819
f 4310//5821 4323//12062 4324//5822
f 4308//5824 4321//12063 4322//5825
f 4320//5827 4319//12064 4332//5828
f 4318//5830 4317//5830 4330//5830
f 4316//5832 4315//12065 4328//5832
f 4313//5834 4326//12066 4327//5835
f 4311//5837 4324//12067 4325//5838
f 4310//5840 4309//12068 4322//5841
f 4318//5843 4331//12069 4332//5844
f 4316//5846 4329//12070 4330//5846
f 4315//5848 4314//12071 4327//5849
f 4312//5851 4325//12072 4326//5852
f 4323//5854 4336//12073 4337//5855
f 4322//5857 4321//5857 4334//5857
f 4332//5859 4345//12074 4346//5860
f 4330//5862 4343//5862 4344//5863
f 4329//5865 4328//12075 4341//5865
f 4327//5867 4326//12076 4339//5867
f 4325//5869 4324//12077 4337//5870
f 4322//5871 4335//12078 4336//5872
f 4332//5874 4331//12079 4344//5875
f 4330//5877 4329//12080 4342//5878
f 4327//5880 4340//7373 4341//5881
f 4325//5883 4338//12081 4339//5884
f 4337//5886 4336//12082 4350//5887
f 4334//5889 4348//12083 4349//5890
f 4346//5892 4345//12084 4359//5893
f 4344//5895 4343//12085 4357//5895
f 4341//5897 4355//12086 4356//5898
f 4340//5900 4339//12087 4353//5900
f 4338//5902 4337//12088 4351//5903
f 4335//5905 4349//12089 4350//5906
f 4345//5908 4344//12090 4358//5909
f 4343//5911 4342//12091 4356//5912
f 4340//5914 4354//12092 4355//5915
f 4338//5917 4352//12093 4353//5918
f 4351//5920 4350//12094 4363//5921
f 4349//5923 4348//12095 4361//5924
f 4359//5926 4372//12096 4373//5927
f 4358//5929 4357//12097 4370//5930
f 4355//5932 4368//12098 4369//5932
f 4354//5933 4353//12099 4366//5933
f 4351//5935 4364//12100 4365//5936
f 4349//5938 4362//12101 4363//5939
f 4358//5941 4371//12102 4372//5942
f 4357//5944 4356//12103 4369//5944
f 4355//5946 4354//12104 4367//5947
f 4352//5949 4365//12105 4366//5950
f 4364//5951 4363//12106 4376//5952
f 4362//5954 4361//12107 4374//5955
f 4373//5957 4372//12108 4385//5958
f 4370//5960 4383//5960 4384//5961
f 4368//5963 4381//12109 4382//5964
f 4367//5966 4366//12110 4379//5966
f 4364//5968 4377//12111 4378//5969
f 4362//5971 4375//12112 4376//5972
f 4372//5974 4371//12113 4384//5975
f 4370//5977 4369//12114 4382//5977
f 4368//5979 4367//12115 4380//5979
f 4365//5981 4378//12116 4379//5981
f 4376//5983 4389//12117 4390//5984
f 4374//5986 4387//12118 4388//5987
f 4385//5989 4398//12119 4399//5990
f 4384//5992 4383//12120 4396//5993
f 4382//5995 4381//5995 4394//5995
f 4379//5996 4392//12121 4393//5997
f 4378//5999 4377//12122 4390//6000
f 4376//6002 4375//12123 4388//6003
f 4384//6005 4397//12124 4398//6006
f 4382//6008 4395//12125 4396//6009
f 4380//6011 4393//12126 4394//6011
f 4379//6013 4378//12127 4391//6013
f 4389//6015 4402//12128 4403//6016
f 4387//6018 4400//12129 4401//6019
f 4399//6021 4398//12130 4411//6022
f 4396//6024 4409//12131 4410//6025
f 4395//6027 4394//12132 4407//6028
f 4393//6030 4392//12133 4405//6031
f 4391//6033 4390//12134 4403//6033
f 4389//6035 4388//12135 4401//6035
f 4398//6037 4397//12136 4410//6038
f 4395//6040 4408//12137 4409//6041
f 4393//6043 4406//12138 4407//6044
f 4391//6046 4404//12139 4405//6046
f 4402//6048 4415//12140 4416//6049
f 4401//6051 4400//6052 4413//6052
f 4411//6054 4424//12141 4425//6055
f 4409//6057 4422//12142 4423//6058
f 4408//6060 4407//12143 4420//6061
f 4406//6063 4405//12144 4418//6064
f 4403//6066 4416//12145 4417//6067
f 4402//6069 4401//12146 4414//6070
f 4410//6072 4423//12147 4424//6073
f 4408//6075 4421//12148 4422//6076
f 4407//6078 4406//12149 4419//6079
f 4404//6080 4417//12150 4418//6081
f 4416//6083 4415//12151 4428//6084
f 4413//6086 4426//12152 4427//6087
f 4425//6089 4424//12153 4437//6090
f 4423//6092 4422//6093 4435//6093
f 4421//6094 4420//12154 4433//6095
f 4418//6097 4431//12155 4432//6097
f 4416//6099 4429//12156 4430//6099
f 4415//6101 4414//12157 4427//6102
f 4423//6104 4436//12158 4437//6105
f 4421//6107 4434//12159 4435//6108
f 4420//6110 4419//12160 4432//6111
f 4418//6113 4417//12161 4430//6113
f 4428//6115 4441//12162 4442//6116
f 4426//6118 4439//12163 4440//6119
f 4437//6121 4450//6121 4451//6122
f 4435//6124 4448//12164 4449//6125
f 4434//6127 4433//12165 4446//6128
f 4432//6130 4431//12166 4444//6130
f 4430//6132 4429//12167 4442//6132
f 4427//6134 4440//12168 4441//6135
f 4437//6137 4436//12169 4449//6138
f 4435//6140 4434//12170 4447//6141
f 4432//6143 4445//12171 4446//6144
f 4430//6146 4443//12172 4444//6146
f 4442//6148 4441//12173 4454//6149
f 4439//6151 4452//12174 4453//6152
f 4451//6154 4450//12175 4463//6155
f 4449//6157 4448//12176 4461//6158
f 4446//6160 4459//12177 4460//6161
f 4444//6163 4457//12178 4458//6163
f 4443//6165 4442//12179 4455//6165
f 4440//6167 4453//12180 4454//6168
f 4450//6170 4449//12181 4462//6171
f 4447//6173 4460//12182 4461//6174
f 4445//6176 4458//12183 4459//6176
f 4444//6178 4443//12184 4456//6178
f 4455//6180 4454//12185 4467//6180
f 4453//6182 4452//12186 4465//6183
f 4463//6185 4476//12187 4477//6186
f 4462//6188 4461//12188 4474//6189
f 4459//6191 4472//12189 4473//6192
f 4457//6194 4470//12190 4471//6195
f 4455//6197 4468//6198 4469//6198
f 4453//6199 4466//12191 4467//6200
f 4462//6202 4475//12192 4476//6203
f 4461//6205 4460//12193 4473//6206
f 4459//6208 4458//6208 4471//6209
f 4457//6211 4456//12194 4469//6212
f 4468//6249 4467//12195 4063//6250
f 4466//6252 4465//12196 4061//6253
f 4477//6255 4476//12197 4072//6256
f 4474//6258 4070//12198 4071//6259
f 4472//6260 4068//12199 4069//6261
f 4471//6263 4470//12200 4066//6264
f 4468//6266 4064//12201 4065//6267
f 4466//6269 4062//12202 4063//6270
f 4476//6273 4475//12203 4071//6274
f 4474//6276 4473//12204 4069//6277
f 4472//6279 4471//12205 4067//6279
f 4469//6281 4065//12206 4066//6282
f 3935//6284 4061//12207 4465//6285
f 4465//6287 4452//12208 4056//6288
f 4452//6290 4439//12209 4051//6291
f 4439//6293 4426//12210 4047//6294
f 4047//6296 4426//6296 4413//6297
f 4043//6299 4413//12211 4400//6300
f 4039//6302 4400//12212 4387//6303
f 4387//6305 4374//12213 4031//6306
f 4031//6308 4374//12214 4361//6309
f 4361//6311 4348//12215 4023//6312
f 4348//6314 4334//12216 4019//6315
f 4334//6317 4321//12217 4015//6318
f 4015//6320 4321//12218 4308//6321
f 4011//6323 4308//12219 4295//6324
f 4007//6326 4295//12220 4282//6327
f 4282//6329 4269//12221 3999//6330
f 3999//6332 4269//12222 4256//6333
f 4256//6335 4243//12223 3991//6336
f 4243//6338 4230//12224 3987//6339
f 4230//6340 4217//12225 3983//6341
f 3983//6343 4217//12226 4204//6344
f 3979//6346 4204//12227 4191//6347
f 3975//6349 4191//12228 4178//6349
f 4178//6351 4165//12229 3967//6352
f 3967//6354 4165//12230 4152//6355
f 4152//6357 4139//12231 3959//6358
f 4139//6360 4126//12232 3955//6361
f 4126//6363 4113//12233 3951//6364
f 3951//6366 4113//12234 4100//6367
f 3947//6369 4100//12235 4087//6370
f 3943//6372 4087//12236 4074//6373
f 4074//6375 4061//12237 3935//6376
f 4480//6378 4479//12238 4483//6379
f 4480//6381 4484//12239 4485//6382
f 4479//6384 4478//12240 4482//6385
f 4484//6387 4488//12241 4489//6388
f 4482//6390 4486//6390 4487//6391
f 4483//6393 4487//12242 4488//6394
f 4488//6396 4492//12243 4493//6397
f 4487//6399 4486//12244 4490//6400
f 4488//6402 4487//12245 4491//6403
f 4493//6405 4492//12246 4496//6405
f 4490//6407 4494//12247 4495//6408
f 4491//6410 4495//12248 4496//6411
f 4496//6413 4500//12249 4501//6414
f 4495//6416 4494//12250 4498//6417
f 4496//6419 4495//12251 4499//6420
f 4501//6422 4500//12252 4504//6423
f 4498//6425 4502//12253 4503//6426
f 4499//6428 4503//12254 4504//6429
f 4505//6431 4504//12255 4508//6432
f 4503//6434 4502//12256 4506//6435
f 4504//6437 4503//12257 4507//6438
f 4509//6440 4508//12258 4512//6441
f 4506//6443 4510//12259 4511//6444
f 4507//6446 4511//12260 4512//6447
f 4513//6449 4512//12261 4516//6450
f 4511//6452 4510//12262 4514//6453
f 4512//6455 4511//12263 4515//6456
f 4516//6458 4520//12264 4521//6459
f 4514//6461 4518//12265 4519//6462
f 4515//6464 4519//12266 4520//6465
f 4520//6467 4524//12267 4525//6468
f 4518//6470 4522//12268 4523//6471
f 4520//6473 4519//12269 4523//6474
f 4525//6476 4524//12270 4528//6477
f 4522//6479 4526//12271 4527//6480
f 4523//6482 4527//12272 4528//6483
f 4528//6485 4532//12273 4533//6486
f 4527//6488 4526//12274 4530//6489
f 4528//6491 4527//12275 4531//6492
f 4533//6494 4532//12276 4536//6495
f 4530//6497 4534//12277 4535//6498
f 4531//6500 4535//12278 4536//6501
f 4537//6503 4536//12279 4540//6504
f 4534//6506 4538//12280 4539//6507
f 4536//6509 4535//12281 4539//6510
f 4541//6512 4540//12282 4544//6513
f 4539//6515 4538//12283 4542//6516
f 4539//6518 4543//12284 4544//6519
f 4544//6521 4548//12285 4549//6522
f 4542//6524 4546//12286 4547//6525
f 4544//6527 4543//12287 4547//6528
f 4548//6530 4552//12288 4553//6531
f 4547//6533 4546//12289 4550//6534
f 4547//6536 4551//12290 4552//6537
f 4552//6539 4556//12291 4557//6540
f 4551//6542 4550//12292 4554//6543
f 4552//6545 4551//12293 4555//6546
f 4557//6548 4556//12294 4560//6549
f 4554//6551 4558//12295 4559//6552
f 4555//6554 4559//12296 4560//6555
f 4560//6557 4564//12297 4565//6558
f 4559//6560 4558//12298 4562//6561
f 4560//6563 4559//12299 4563//6563
f 4565//6565 4564//12300 4568//6566
f 4562//6568 4566//12301 4567//6569
f 4563//6571 4567//12302 4568//6572
f 4569//6574 4568//12303 4572//6575
f 4567//6577 4566//12304 4570//6578
f 4568//6580 4567//12305 4571//6581
f 4572//6583 4576//12306 4577//6584
f 4570//6586 4574//12307 4575//6587
f 4571//6589 4575//12308 4576//6590
f 4576//6592 4580//12309 4581//6593
f 4575//6595 4574//12310 4578//6596
f 4576//6598 4575//12311 4579//6599
f 4580//6601 4584//12312 4585//6602
f 4578//6604 4582//12313 4583//6605
f 4579//6607 4583//12314 4584//6608
f 4584//6610 4588//12315 4589//6611
f 4583//6613 4582//12316 4586//6613
f 4584//6615 4583//12317 4587//6616
f 4589//6618 4588//12318 4592//6619
f 4586//6621 4590//12319 4591//6622
f 4587//6624 4591//12320 4592//6625
f 4592//6627 4596//12321 4597//6628
f 4591//6630 4590//12322 4594//6631
f 4592//6633 4591//12323 4595//6634
f 4597//6636 4596//12324 4601//6637
f 4594//6639 4599//12325 4600//6640
f 4595//6642 4600//12326 4601//6643
f 4602//6645 4601//12327 4605//6646
f 4600//6648 4599//12328 4603//6649
f 4601//6651 4600//12329 4604//6652
f 4606//6703 4605//12330 4480//6704
f 4603//6706 4478//12331 4479//6707
f 4604//6709 4479//12332 4480//6710
f 4615//6713 4614//12333 4627//6714
f 4612//6716 4625//12334 4626//6717
f 4611//6719 4610//12335 4623//6720
f 4609//6722 4608//12336 4621//6723
f 4618//6725 4617//12337 4630//6726
f 4615//6728 4628//12338 4629//6729
f 4613//6731 4626//12339 4627//6732
f 4612//6734 4611//12340 4624//6735
f 4609//6737 4622//12341 4623//6738
f 4607//6740 4620//12342 4621//6741
f 4619//6743 4618//6743 4631//6744
f 4617//6745 4616//12343 4629//6746
f 4622//6748 4635//12344 4636//6749
f 4620//6751 4633//12345 4634//6752
f 4632//6754 4631//12346 4644//6755
f 4629//6757 4642//12347 4643//6758
f 4628//6760 4627//12348 4640//6761
f 4626//6763 4625//12349 4638//6763
f 4624//6765 4623//12350 4636//6765
f 4622//6767 4621//12351 4634//6768
f 4631//6770 4630//12352 4643//6771
f 4628//6773 4641//12353 4642//6774
f 4626//6776 4639//12354 4640//6777
f 4624//6779 4637//12355 4638//6780
f 4635//6781 4648//12356 4649//6782
f 4634//6784 4633//12357 4646//6785
f 4644//6787 4657//12358 4658//6788
f 4642//6790 4655//12359 4656//6791
f 4641//6793 4640//12360 4653//6794
f 4639//6796 4638//12361 4651//6796
f 4636//6798 4649//12362 4650//6799
f 4635//6801 4634//12363 4647//6802
f 4643//6804 4656//12364 4657//6805
f 4642//6807 4641//12365 4654//6807
f 4640//6809 4639//12366 4652//6810
f 4637//6812 4650//12367 4651//6813
f 4648//6815 4661//12368 4662//6816
f 4646//6818 4659//12369 4660//6819
f 4658//6821 4657//12370 4670//6822
f 4656//6824 4655//12371 4668//6825
f 4653//6827 4666//12372 4667//6828
f 4651//6830 4664//12373 4665//6830
f 4649//6832 4662//12374 4663//6832
f 4648//6834 4647//12375 4660//6835
f 4656//6837 4669//12376 4670//6838
f 4654//6840 4667//12377 4668//6841
f 4653//6843 4652//12378 4665//6843
f 4651//6845 4650//12379 4663//6845
f 4661//6847 4674//12380 4675//6848
f 4660//6850 4659//12381 4672//6851
f 4670//6853 4683//12382 4684//6854
f 4668//6856 4681//12383 4682//6857
f 4667//6859 4666//12384 4679//6860
f 4665//6862 4664//12385 4677//6862
f 4663//6864 4662//12386 4675//6864
f 4661//6866 4660//12387 4673//6866
f 4670//6868 4669//12388 4682//6868
f 4667//6870 4680//12389 4681//6871
f 4665//6873 4678//12390 4679//6873
f 4663//6875 4676//12391 4677//6875
f 4675//6877 4674//12392 4687//6878
f 4672//6880 4685//6880 4686//6880
f 4684//6881 4683//6882 4696//6882
f 4682//6884 4681//12393 4694//6885
f 4679//6887 4692//12394 4693//6888
f 4678//6890 4677//12395 4690//6891
f 4676//6893 4675//12396 4688//6893
f 4673//6895 4686//12397 4687//6895
f 4683//6897 4682//12398 4695//6898
f 4681//6900 4680//12399 4693//6901
f 4678//6903 4691//12400 4692//6903
f 4676//6905 4689//12401 4690//6905
f 4688//6907 4687//12402 4700//6907
f 4686//6909 4685//12403 4698//6910
f 4696//6912 4709//12404 4710//6913
f 4695//6915 4694//12405 4707//6916
f 4692//6918 4705//12406 4706//6919
f 4691//6921 4690//12407 4703//6922
f 4688//6924 4701//12408 4702//6925
f 4686//6927 4699//12409 4700//6928
f 4695//6930 4708//12410 4709//6931
f 4694//6933 4693//12411 4706//6934
f 4692//6936 4691//6936 4704//6936
f 4689//6938 4702//12412 4703//6939
f 4701//6941 4700//6942 4713//6942
f 4699//6943 4698//12413 4711//6944
f 4710//6946 4709//12414 4722//6947
f 4707//6949 4720//6949 4721//6950
f 4705//6952 4718//12415 4719//6953
f 4704//6955 4703//12416 4716//6956
f 4701//6958 4714//12417 4715//6959
f 4699//6961 4712//6962 4713//6962
f 4709//6964 4708//12418 4721//6965
f 4707//6967 4706//12419 4719//6968
f 4705//6970 4704//12420 4717//6971
f 4702//6973 4715//12421 4716//6974
f 4713//6976 4726//12422 4727//6976
f 4711//6978 4724//12423 4725//6979
f 4723//6980 4722//12424 4735//6981
f 4721//6983 4720//12425 4733//6983
f 4719//6985 4718//6985 4731//6985
f 4716//6986 4729//12426 4730//6987
f 4715//6989 4714//12427 4727//6990
f 4713//6992 4712//12428 4725//6993
f 4721//6995 4734//12429 4735//6996
f 4719//6998 4732//12430 4733//6999
f 4717//7001 4730//12431 4731//7001
f 4716//7003 4715//12432 4728//7004
f 4726//7006 4739//12433 4740//7007
f 4724//7009 4737//12434 4738//7010
f 4736//7012 4735//11950 4748//7012
f 4733//7013 4746//12435 4747//7014
f 4732//7016 4731//12436 4744//7017
f 4730//7019 4729//7020 4742//7020
f 4728//7022 4727//12437 4740//7022
f 4726//7024 4725//12438 4738//7025
f 4735//7027 4734//12439 4747//7028
f 4732//7030 4745//12440 4746//7031
f 4730//7033 4743//12441 4744//7034
f 4728//7036 4741//12442 4742//7036
f 4739//7038 4752//12443 4753//7039
f 4738//7041 4737//12444 4750//7042
f 4748//7044 4761//12445 4762//7045
f 4746//7047 4759//12446 4760//7048
f 4745//7050 4744//12447 4757//7051
f 4743//7053 4742//12448 4755//7054
f 4740//7056 4753//12449 4754//7056
f 4739//7057 4738//12450 4751//7058
f 4747//7060 4760//12451 4761//7061
f 4745//7063 4758//12452 4759//7064
f 4744//7066 4743//12453 4756//7067
f 4741//7069 4754//12454 4755//7069
f 4753//7071 4752//12455 4765//7071
f 4750//7073 4763//12456 4764//7074
f 4762//7076 4761//12457 4774//7077
f 4759//7079 4772//12458 4773//7080
f 4758//7082 4757//12459 4770//7083
f 4755//7085 4768//12460 4769//7085
f 4753//7087 4766//7087 4767//7087
f 4752//7089 4751//12461 4764//7090
f 4760//7092 4773//12462 4774//7093
f 4758//7095 4771//12463 4772//7096
f 4757//7097 4756//12464 4769//7098
f 4755//7100 4754//12465 4767//7100
f 4765//7101 4778//12466 4779//7101
f 4764//7102 4763//12467 4776//7103
f 4774//7105 4787//12468 4788//7106
f 4772//7108 4785//12469 4786//7109
f 4771//7111 4770//12470 4783//7112
f 4769//7114 4768//12471 4781//7114
f 4767//7116 4766//12472 4779//7116
f 4765//7118 4764//12473 4777//7119
f 4774//7121 4773//12474 4786//7122
f 4771//7124 4784//12475 4785//7125
f 4769//7127 4782//12476 4783//7127
f 4767//7129 4780//12477 4781//7129
f 4779//7131 4778//12478 4791//7131
f 4776//7132 4789//12479 4790//7133
f 4788//7135 4787//12480 4800//7136
f 4786//5633 4785//12481 4798//7138
f 4783//7140 4796//12482 4797//7141
f 4782//7143 4781//12483 4794//7144
f 4780//7146 4779//12484 4792//7146
f 4777//7148 4790//12485 4791//7149
f 4787//7151 4786//12486 4799//7152
f 4785//7154 4784//12487 4797//7155
f 4782//7157 4795//12488 4796//7157
f 4780//7159 4793//12489 4794//7159
f 4792//7161 4791//12490 4804//7162
f 4790//7164 4789//12491 4802//7165
f 4800//7167 4813//12492 4814//7168
f 4799//7170 4798//12493 4811//7171
f 4796//7173 4809//12494 4810//7174
f 4795//7176 4794//12495 4807//7177
f 4792//7178 4805//12496 4806//7179
f 4790//7181 4803//12497 4804//7182
f 4799//7184 4812//12498 4813//7185
f 4798//7187 4797//12499 4810//7188
f 4796//7190 4795//12500 4808//7191
f 4793//7193 4806//12501 4807//7193
f 4805//7195 4804//12502 4817//7196
f 4803//7198 4802//12503 4815//7199
f 4814//7200 4813//12504 4826//7201
f 4811//7203 4824//12505 4825//7204
f 4809//7205 4822//12506 4823//7205
f 4808//7206 4807//12507 4820//7206
f 4805//7208 4818//12508 4819//7209
f 4803//7211 4816//12509 4817//7212
f 4813//7213 4812//12510 4825//7214
f 4811//7216 4810//12511 4823//7217
f 4809//7219 4808//12512 4821//7219
f 4806//7221 4819//12513 4820//7222
f 4817//7224 4830//12514 4831//7225
f 4815//7227 4828//12515 4829//7228
f 4826//7230 4839//12516 4840//7231
f 4825//7233 4824//12517 4837//7234
f 4823//7236 4822//12518 4835//7236
f 4820//7237 4833//12519 4834//7237
f 4819//7239 4818//12520 4831//7239
f 4817//7241 4816//12521 4829//7242
f 4825//7244 4838//12522 4839//7245
f 4823//7247 4836//12523 4837//7247
f 4821//7248 4834//12524 4835//7249
f 4820//7251 4819//12525 4832//7252
f 4830//7254 4843//12526 4844//7255
f 4828//7257 4841//7257 4842//7257
f 4840//7258 4839//12527 4852//7259
f 4837//7261 4850//12528 4851//7261
f 4836//7262 4835//12529 4848//7263
f 4834//7265 4833//7266 4846//7265
f 4832//7267 4831//12530 4844//7268
f 4830//7270 4829//12531 4842//7271
f 4839//7273 4838//12532 4851//7274
f 4836//7276 4849//12533 4850//7276
f 4834//7278 4847//12534 4848//7279
f 4832//7281 4845//12535 4846//7281
f 4843//7283 4856//12536 4857//7284
f 4842//7286 4841//12537 4854//7287
f 4852//7289 4865//12538 4866//7290
f 4850//7292 4863//12539 4864//7293
f 4849//7295 4848//12540 4861//7296
f 4847//7298 4846//12541 4859//7299
f 4844//7301 4857//12542 4858//7302
f 4843//7304 4842//12543 4855//7305
f 4851//7307 4864//12544 4865//7308
f 4849//7310 4862//12545 4863//7311
f 4848//7312 4847//12546 4860//7312
f 4845//7314 4858//12547 4859//7315
f 4857//7317 4856//12548 4869//7318
f 4855//7320 4854//12549 4867//7321
f 4866//7323 4865//12550 4878//7324
f 4864//7326 4863//12551 4876//7327
f 4862//7328 4861//12552 4874//7329
f 4859//7331 4872//12553 4873//7331
f 4857//7333 4870//12554 4871//7334
f 4856//7336 4855//12555 4868//7337
f 4864//7339 4877//12556 4878//7340
f 4862//7342 4875//12557 4876//7343
f 4861//7345 4860//12558 4873//7346
f 4859//7348 4858//7348 4871//7348
f 4869//7350 4882//12559 4883//7350
f 4868//7352 4867//12560 4880//7353
f 4878//7355 4891//12561 4892//7356
f 4877//7358 4876//12562 4889//7358
f 4874//7360 4887//12563 4888//7361
f 4873//7363 4872//12564 4885//7363
f 4871//7364 4870//12565 4883//7364
f 4868//7366 4881//12566 4882//7366
f 4878//7368 4877//12567 4890//7369
f 4876//7371 4875//7371 4888//7371
f 4873//7372 4886//12568 4887//7372
f 4871//7374 4884//12569 4885//7374
f 4883//7376 4882//12570 4896//7377
f 4880//7379 4894//12571 4895//7380
f 4892//7382 4891//12572 4905//7382
f 4890//7384 4889//12573 4903//7385
f 4887//7387 4901//12574 4902//7388
f 4885//7390 4899//12575 4900//7390
f 4884//7392 4883//12576 4897//7392
f 4881//7394 4895//12577 4896//7394
f 4891//7395 4890//12578 4904//7396
f 4889//7398 4888//12579 4902//7398
f 4886//7400 4900//12580 4901//7400
f 4885//7402 4884//12581 4898//7402
f 4897//7404 4896//12582 4909//7405
f 4895//7407 4894//12583 4907//7408
f 4905//7410 4918//12584 4919//7411
f 4904//7413 4903//12585 4916//7414
f 4901//7416 4914//12586 4915//7416
f 4899//7418 4912//12587 4913//7419
f 4897//7421 4910//12588 4911//7422
f 4895//7424 4908//12589 4909//7425
f 4904//7427 4917//12590 4918//7428
f 4903//7430 4902//12591 4915//7431
f 4901//7433 4900//12592 4913//7434
f 4899//7436 4898//7436 4911//7436
f 4910//7438 4909//7439 4922//7439
f 4908//7441 4907//12593 4920//7442
f 4919//7444 4918//12594 4931//7445
f 4916//7447 4929//12595 4930//7448
f 4914//7450 4927//12596 4928//7451
f 4913//7453 4912//12597 4925//7454
f 4910//7456 4923//12598 4924//7457
f 4908//7459 4921//12599 4922//7460
f 4918//7462 4917//12600 4930//7463
f 4916//7465 4915//12601 4928//7466
f 4914//7468 4913//12602 4926//7468
f 4911//7470 4924//12603 4925//7470
f 4922//7472 4935//12604 4936//7473
f 4920//7475 4933//12605 4934//7476
f 4931//7478 4944//12606 4945//7479
f 4930//7480 4929//12607 4942//7481
f 4928//7483 4927//7483 4940//7483
f 4925//7484 4938//12608 4939//7485
f 4924//7487 4923//12609 4936//7488
f 4922//7490 4921//7490 4934//7490
f 4930//7491 4943//12610 4944//7492
f 4928//7494 4941//12611 4942//7495
f 4926//7496 4939//12612 4940//7497
f 4925//7499 4924//12613 4937//7500
f 4935//7502 4948//12614 4949//7503
f 4933//7505 4946//12615 4947//7506
f 4945//7508 4944//12616 4957//7509
f 4942//7511 4955//12617 4956//7512
f 4941//7514 4940//12618 4953//7515
f 4938//7517 4951//12619 4952//7518
f 4937//7520 4936//12620 4949//7521
f 4935//7523 4934//12621 4947//7524
f 4944//7526 4943//12622 4956//7527
f 4941//7529 4954//12623 4955//7530
f 4939//7532 4952//12624 4953//7533
f 4938//7535 4937//12625 4950//7535
f 4948//7537 4961//12626 4962//7538
f 4947//7540 4946//12627 4959//7541
f 4957//7543 4970//7543 4971//7544
f 4955//7546 4968//12628 4969//7547
f 4954//7549 4953//12629 4966//7550
f 4951//7552 4964//12630 4965//7552
f 4949//7554 4962//12631 4963//7555
f 4948//7557 4947//12632 4960//7558
f 4956//7559 4969//12633 4970//7560
f 4954//7562 4967//12634 4968//7563
f 4953//7565 4952//12635 4965//7565
f 4951//7567 4950//12636 4963//7567
f 4962//7569 4961//12637 4974//7569
f 4959//7571 4972//12638 4973//7572
f 4971//7574 4970//12639 4983//7575
f 4968//7577 4981//12640 4982//7578
f 4966//7579 4979//12641 4980//7580
f 4964//7582 4977//12642 4978//7582
f 4962//7584 4975//12643 4976//7585
f 4960//7587 4973//12644 4974//7588
f 4969//7590 4982//12645 4983//7591
f 4967//7593 4980//12646 4981//7594
f 4966//7596 4965//12647 4978//7596
f 4964//7598 4963//12648 4976//7599
f 4975//7601 4974//12649 4987//7602
f 4973//7604 4972//12650 4985//7605
f 4983//7607 4996//12651 4997//7608
f 4981//7610 4994//12652 4995//7611
f 4979//7613 4992//12653 4993//7614
f 4978//7616 4977//12654 4990//7616
f 4976//7618 4975//12655 4988//7619
f 4973//7621 4986//12656 4987//7622
f 4983//7624 4982//12657 4995//7625
f 4981//7627 4980//7628 4993//7628
f 4978//7630 4991//12658 4992//7631
f 4976//7633 4989//7634 4990//7634
f 4988//7636 4987//12659 5000//7637
f 4985//7639 4998//12660 4999//7640
f 4997//7642 4996//12661 5009//7643
f 4995//7645 4994//12662 5007//7646
f 4992//7648 5005//12663 5006//7648
f 4991//7650 4990//12664 5003//7650
f 4989//7652 4988//12665 5001//7653
f 4986//7655 4999//12666 5000//7656
f 4996//7658 4995//12667 5008//7659
f 4994//7661 4993//12668 5006//7662
f 4991//7664 5004//12669 5005//7665
f 4989//7667 5002//12670 5003//7667
f 5001//7669 5000//12671 5013//7669
f 4999//7671 4998//12672 5011//7672
f 5009//7674 5022//7675 5023//7675
f 5008//7677 5007//7677 5020//7677
f 5005//7678 5018//12673 5019//7679
f 5004//7681 5003//12674 5016//7682
f 5001//7684 5014//12675 5015//7684
f 4999//7686 5012//12676 5013//7687
f 5008//7689 5021//12677 5022//7690
f 5007//7692 5006//7693 5019//7693
f 5005//7695 5004//12678 5017//7696
f 5002//7698 5015//12679 5016//7699
f 5014//7738 5013//12680 4609//7738
f 5012//7740 5011//12681 4607//7741
f 5022//7743 4618//12682 4619//7744
f 5020//7746 4616//12683 4617//7747
f 5018//7749 4614//12684 4615//7750
f 5017//7752 5016//12685 4612//7753
f 5014//7755 4610//12686 4611//7756
f 5012//7758 4608//12687 4609//7759
f 5021//7762 4617//12688 4618//7763
f 5020//7765 5019//12689 4615//7766
f 5018//7768 5017//12690 4613//7769
f 5015//7771 4611//12691 4612//7771
f 4481//7773 4607//12692 5011//7774
f 5011//7776 4998//12693 4602//7777
f 4998//7779 4985//12694 4597//7780
f 4985//7782 4972//12695 4593//7783
f 4593//7785 4972//12696 4959//7786
f 4589//7788 4959//12697 4946//7789
f 4585//7791 4946//12698 4933//7792
f 4933//7794 4920//12699 4577//7795
f 4577//7797 4920//12700 4907//7797
f 4907//7799 4894//12701 4569//7800
f 4894//7802 4880//12702 4565//7803
f 4880//7805 4867//12703 4561//7806
f 4561//7808 4867//12704 4854//7809
f 4557//7811 4854//12705 4841//7812
f 4553//7814 4841//12706 4828//7815
f 4828//7817 4815//12707 4545//7818
f 4545//7820 4815//12708 4802//7821
f 4802//7823 4789//12709 4537//7824
f 4789//7826 4776//12710 4533//7827
f 4776//7829 4763//7830 4529//7829
f 4529//7831 4763//12711 4750//7832
f 4525//7834 4750//12712 4737//7835
f 4521//7837 4737//12713 4724//7838
f 4724//7840 4711//12714 4513//7841
f 4513//7843 4711//12715 4698//7844
f 4698//7846 4685//12716 4505//7847
f 4685//7849 4672//12717 4501//7850
f 4672//7852 4659//12718 4497//7853
f 4497//7855 4659//12719 4646//7855
f 4493//7857 4646//12720 4633//7858
f 4489//7860 4633//7860 4620//7861
f 4620//7863 4607//12721 4481//7864
